lookback,skip,vol_lookback,risk_lookback,rebalance_every,cagr,ann_vol,max_drawdown,sharpe,total_pnl,trade_count,turnover,hit_rate,payoff_ratio,wf_total_windows,wf_mean_oos_sharpe,wf_pct_profitable_windows,wf_oos_return_mean,wf_oos_return_std,classification
189.0,0.0,40.0,10.0,3.0,-0.017003292035912443,0.01530484654836771,0.13175320492941645,-1.1128357280680239,-0.23131630487667842,2315,0.15049643922820413,0.33563714902807773,1.1166835330354081,5,-1.083223789827865,20.0,-0.011351535258522904,0.018520972747937705,FRAGILE
189.0,0.0,40.0,10.0,5.0,-0.017003292035912443,0.01530484654836771,0.13175320492941645,-1.1128357280680239,nan,1330,0.15049643922820413,0.37669172932330824,1.1095421348808343,5,-1.083223789827865,20.0,-0.011351535258522904,0.018520972747937705,FRAGILE
189.0,0.0,40.0,10.0,10.0,-0.017003292035912443,0.01530484654836771,0.13175320492941645,-1.1128357280680239,-0.0342012059301057,649,0.15049643922820413,0.4437596302003082,1.0584016137799452,5,-1.083223789827865,20.0,-0.011351535258522904,0.018520972747937705,FRAGILE
189.0,0.0,40.0,15.0,3.0,-0.010969545452304996,0.015143262029923608,0.09365697755499958,-0.7207976138193797,-0.189007826785276,2249,0.14381295914255138,0.34104046242774566,1.1879679956485778,5,-0.3708716432870134,20.0,-0.0015843299145225087,0.017473260893150797,FRAGILE
189.0,0.0,40.0,15.0,5.0,-0.010969545452304996,0.015143262029923608,0.09365697755499958,-0.7207976138193797,-0.08399529386172212,1304,0.14381295914255138,0.38266871165644173,1.200974722333168,5,-0.3708716432870134,20.0,-0.0015843299145225087,0.017473260893150797,FRAGILE
189.0,0.0,40.0,15.0,10.0,-0.010969545452304996,0.015143262029923608,0.09365697755499958,-0.7207976138193797,-0.014742021599133855,656,0.14381295914255138,0.43902439024390244,1.1859943413026335,5,-0.3708716432870134,20.0,-0.0015843299145225087,0.017473260893150797,FRAGILE
189.0,0.0,40.0,20.0,3.0,-0.009346576834794895,0.01540240276637428,0.08116877254925259,-0.6019619283827785,-0.1948983199849259,2252,0.14134872426772546,0.3521314387211368,1.1251683049349233,5,-0.3054199831393912,40.0,-2.4545356858451937e-05,0.013614718983478678,FRAGILE
189.0,0.0,40.0,20.0,5.0,-0.009346576834794895,0.01540240276637428,0.08116877254925259,-0.6019619283827785,-0.09828203851490519,1368,0.14134872426772546,0.3823099415204678,1.1674347460519348,5,-0.3054199831393912,40.0,-2.4545356858451937e-05,0.013614718983478678,FRAGILE
189.0,0.0,40.0,20.0,10.0,-0.009346576834794895,0.01540240276637428,0.08116877254925259,-0.6019619283827785,-0.02840627394553078,678,0.14134872426772546,0.4365781710914454,1.1265009333415956,5,-0.3054199831393912,40.0,-2.4545356858451937e-05,0.013614718983478678,FRAGILE
189.0,0.0,40.0,25.0,3.0,-0.010466783578791494,0.015499659286499545,0.08530231790978338,-0.6710805986447541,-0.23322305976658342,2267,0.14135208064487564,0.34009704455227174,1.0727404723637484,5,-0.44930226856057853,20.0,-0.002348246756252448,0.013253460151262492,FRAGILE
189.0,0.0,40.0,25.0,5.0,-0.010466783578791494,0.015499659286499545,0.08530231790978338,-0.6710805986447541,-0.14738935684166304,1361,0.14135208064487564,0.36223365172667155,1.090654317779077,5,-0.44930226856057853,20.0,-0.002348246756252448,0.013253460151262492,FRAGILE
189.0,0.0,40.0,25.0,10.0,-0.010466783578791494,0.015499659286499545,0.08530231790978338,-0.6710805986447541,-0.05036145850943113,657,0.14135208064487564,0.4048706240487062,1.146567853913331,5,-0.44930226856057853,20.0,-0.002348246756252448,0.013253460151262492,FRAGILE
189.0,0.0,40.0,30.0,3.0,-0.01092542517955497,0.016488998687722765,0.09851161361410588,-0.6579687387032345,-0.24679990615897227,2386,0.15154166915158504,0.3344509639564124,1.077447174629245,5,-0.278731896605989,20.0,0.0004581979522539692,0.020620908532242695,FRAGILE
189.0,0.0,40.0,30.0,5.0,-0.01092542517955497,0.016488998687722765,0.09851161361410588,-0.6579687387032345,-0.1579992029076128,1444,0.15154166915158504,0.3573407202216066,1.091126359202617,5,-0.278731896605989,20.0,0.0004581979522539692,0.020620908532242695,FRAGILE
189.0,0.0,40.0,30.0,10.0,-0.01092542517955497,0.016488998687722765,0.09851161361410588,-0.6579687387032345,-0.0604625093668424,713,0.15154166915158504,0.4165497896213184,1.0569223897232072,5,-0.278731896605989,20.0,0.0004581979522539692,0.020620908532242695,FRAGILE
189.0,0.0,50.0,10.0,3.0,-0.016885896400320788,0.015631260249097,0.1308986153407541,-1.0816348217828418,-0.231312319618355,2308,0.1534208720650256,0.3349220103986135,1.1306645226037324,5,-1.0431065103116797,20.0,-0.011093915449446202,0.018644689006992107,FRAGILE
189.0,0.0,50.0,10.0,5.0,-0.016885896400320788,0.015631260249097,0.1308986153407541,-1.0816348217828418,nan,1326,0.1534208720650256,0.3755656108597285,1.1217693564022828,5,-1.0431065103116797,20.0,-0.011093915449446202,0.018644689006992107,FRAGILE
189.0,0.0,50.0,10.0,10.0,-0.016885896400320788,0.015631260249097,0.1308986153407541,-1.0816348217828418,-0.03542074120715082,647,0.1534208720650256,0.4420401854714065,1.0617311127242097,5,-1.0431065103116797,20.0,-0.011093915449446202,0.018644689006992107,FRAGILE
189.0,0.0,50.0,15.0,3.0,-0.010750921339022557,0.015438201254411013,0.09217373301593323,-0.6924189145218027,-0.19108160777074765,2242,0.1466542773446238,0.34032114183764495,1.1952549482732342,5,-0.33088886975837284,20.0,-0.0012312823217461855,0.01749804691335295,FRAGILE
189.0,0.0,50.0,15.0,5.0,-0.010750921339022557,0.015438201254411013,0.09217373301593323,-0.6924189145218027,-0.08304287815027417,1300,0.1466542773446238,0.38153846153846155,1.2141765858772877,5,-0.33088886975837284,20.0,-0.0012312823217461855,0.01749804691335295,FRAGILE
189.0,0.0,50.0,15.0,10.0,-0.010750921339022557,0.015438201254411013,0.09217373301593323,-0.6924189145218027,-0.015533697118953197,654,0.1466542773446238,0.43730886850152906,1.1907819027983488,5,-0.33088886975837284,20.0,-0.0012312823217461855,0.01749804691335295,FRAGILE
189.0,0.0,50.0,20.0,3.0,-0.00915011254793785,0.01555428581309857,0.0798042836733227,-0.5831850520339155,-0.1960469487329071,2245,0.1440871683862659,0.35144766146993317,1.133274867525739,5,-0.28411830403248634,40.0,4.7960245038836113e-05,0.013629357788748452,FRAGILE
189.0,0.0,50.0,20.0,5.0,-0.00915011254793785,0.01555428581309857,0.0798042836733227,-0.5831850520339155,-0.0968486286155692,1364,0.1440871683862659,0.3812316715542522,1.1824759337469744,5,-0.28411830403248634,40.0,4.7960245038836113e-05,0.013629357788748452,FRAGILE
189.0,0.0,50.0,20.0,10.0,-0.00915011254793785,0.01555428581309857,0.0798042836733227,-0.5831850520339155,-0.02812233793119067,676,0.1440871683862659,0.4349112426035503,1.137147145794918,5,-0.28411830403248634,40.0,4.7960245038836113e-05,0.013629357788748452,FRAGILE
189.0,0.0,50.0,25.0,3.0,-0.010160149183198186,0.01571317633541815,0.0829310264148112,-0.6420324149510627,-0.2332498021348117,2260,0.14410405179561142,0.33938053097345133,1.0845373834136407,5,-0.4328074417930646,20.0,-0.0017277644245102363,0.013250451932612919,FRAGILE
189.0,0.0,50.0,25.0,5.0,-0.010160149183198186,0.01571317633541815,0.0829310264148112,-0.6420324149510627,-0.1452757303226854,1357,0.14410405179561142,0.3610906411201179,1.1091274907418907,5,-0.4328074417930646,20.0,-0.0017277644245102363,0.013250451932612919,FRAGILE
189.0,0.0,50.0,25.0,10.0,-0.010160149183198186,0.01571317633541815,0.0829310264148112,-0.6420324149510627,-0.05028013861284625,655,0.14410405179561142,0.4030534351145038,1.1586300295567533,5,-0.4328074417930646,20.0,-0.0017277644245102363,0.013250451932612919,FRAGILE
189.0,0.0,50.0,30.0,3.0,-0.010941152330368964,0.016682788264069187,0.0972029674642042,-0.651085713380748,-0.24863780004165253,2381,0.15435350338378148,0.3338933221335573,1.0879865461051432,5,-0.247560661056322,20.0,0.0007482509250477554,0.020704064440830536,FRAGILE
189.0,0.0,50.0,30.0,5.0,-0.010941152330368964,0.016682788264069187,0.0972029674642042,-0.651085713380748,-0.15797533710902964,1441,0.15435350338378148,0.3560027758501041,1.1132240231200718,5,-0.247560661056322,20.0,0.0007482509250477554,0.020704064440830536,FRAGILE
189.0,0.0,50.0,30.0,10.0,-0.010941152330368964,0.016682788264069187,0.0972029674642042,-0.651085713380748,-0.05954427396610679,711,0.15435350338378148,0.4149085794655415,1.0714897519923163,5,-0.247560661056322,20.0,0.0007482509250477554,0.020704064440830536,FRAGILE
189.0,0.0,60.0,10.0,3.0,-0.01726148205246114,0.01609059230033145,0.13363011983600648,-1.0740496990770332,-0.23361065525065985,2301,0.15558066506116924,0.33463711429813126,1.1207309175451123,5,-1.0713805941452066,20.0,-0.011528951745050264,0.01920997710298088,FRAGILE
189.0,0.0,60.0,10.0,5.0,-0.01726148205246114,0.01609059230033145,0.13363011983600648,-1.0740496990770332,nan,1322,0.15558066506116924,0.3751891074130106,1.1134503668807152,5,-1.0713805941452066,20.0,-0.011528951745050264,0.01920997710298088,FRAGILE
189.0,0.0,60.0,10.0,10.0,-0.01726148205246114,0.01609059230033145,0.13363011983600648,-1.0740496990770332,-0.034484768316843446,645,0.15558066506116924,0.4418604651162791,1.0664619509401538,5,-1.0713805941452066,20.0,-0.011528951745050264,0.01920997710298088,FRAGILE
189.0,0.0,60.0,15.0,3.0,-0.010951802205764971,0.015984477826186925,0.09354193413497014,-0.6809217180218604,-0.1941072541988834,2236,0.14911088108973278,0.33989266547406083,1.1843959484766475,5,-0.34482129153885754,20.0,-0.0013455164120288686,0.01793734770221816,FRAGILE
189.0,0.0,60.0,15.0,5.0,-0.010951802205764971,0.015984477826186925,0.09354193413497014,-0.6809217180218604,-0.08334663410534618,1296,0.14911088108973278,0.38117283950617287,1.2109483943268708,5,-0.34482129153885754,20.0,-0.0013455164120288686,0.01793734770221816,FRAGILE
189.0,0.0,60.0,15.0,10.0,-0.010951802205764971,0.015984477826186925,0.09354193413497014,-0.6809217180218604,-0.014938222985925072,652,0.14911088108973278,0.4371165644171779,1.1949055864192197,5,-0.34482129153885754,20.0,-0.0013455164120288686,0.01793734770221816,FRAGILE
189.0,0.0,60.0,20.0,3.0,-0.00935524583723335,0.01598492263815809,0.08125311559295001,-0.5800008866197247,-0.19861889877768055,2239,0.14645218203802346,0.35104957570343903,1.1230858511471256,5,-0.2879886631574764,40.0,-5.38618331931362e-05,0.013826899902642489,FRAGILE
189.0,0.0,60.0,20.0,5.0,-0.00935524583723335,0.01598492263815809,0.08125311559295001,-0.5800008866197247,-0.09665247986983896,1360,0.14645218203802346,0.38088235294117645,1.180204772704965,5,-0.2879886631574764,40.0,-5.38618331931362e-05,0.013826899902642489,FRAGILE
189.0,0.0,60.0,20.0,10.0,-0.00935524583723335,0.01598492263815809,0.08125311559295001,-0.5800008866197247,-0.026739223761200578,674,0.14645218203802346,0.43471810089020774,1.1447398980093224,5,-0.2879886631574764,40.0,-5.38618331931362e-05,0.013826899902642489,FRAGILE
189.0,0.0,60.0,25.0,3.0,-0.010269345185157097,0.016114552218591593,0.0841443248305559,-0.6324900527199707,-0.23437941767627832,2254,0.14660005365055748,0.33895297249334516,1.0783315579291193,5,-0.35671612717266904,20.0,-0.001666230874579,0.013800772585871323,FRAGILE
189.0,0.0,60.0,25.0,5.0,-0.010269345185157097,0.016114552218591593,0.0841443248305559,-0.6324900527199707,-0.14481155378869254,1353,0.14660005365055748,0.360679970436068,1.1060748261739966,5,-0.35671612717266904,20.0,-0.001666230874579,0.013800772585871323,FRAGILE
189.0,0.0,60.0,25.0,10.0,-0.010269345185157097,0.016114552218591593,0.0841443248305559,-0.6324900527199707,-0.049136496515089764,653,0.14660005365055748,0.40275650842266464,1.1652761730644543,5,-0.35671612717266904,20.0,-0.001666230874579,0.013800772585871323,FRAGILE
189.0,0.0,60.0,30.0,3.0,-0.011042112397242287,0.017074818191332636,0.09746572607401172,-0.6417274417305848,-0.25013537912512335,2375,0.15705400760336585,0.3334736842105263,1.0808478418322363,5,-0.25256839693006833,20.0,0.0007453903856639021,0.021080480995783725,FRAGILE
189.0,0.0,60.0,30.0,5.0,-0.011042112397242287,0.017074818191332636,0.09746572607401172,-0.6417274417305848,-0.15927237483561604,1437,0.15705400760336585,0.3556019485038274,1.10459379261007,5,-0.25256839693006833,20.0,0.0007453903856639021,0.021080480995783725,FRAGILE
189.0,0.0,60.0,30.0,10.0,-0.011042112397242287,0.017074818191332636,0.09746572607401172,-0.6417274417305848,-0.05877447043138984,709,0.15705400760336585,0.4146685472496474,1.075355411972649,5,-0.25256839693006833,20.0,0.0007453903856639021,0.021080480995783725,FRAGILE
189.0,0.0,70.0,10.0,3.0,-0.01713652487564221,0.016241799997957048,0.13272218801845237,-1.0560723533830383,-0.22985752843251925,2297,0.15752229349692823,0.33391380060949066,1.1453007825065302,5,-1.0485833241519813,20.0,-0.011132004693456187,0.020315026679252397,FRAGILE
189.0,0.0,70.0,10.0,5.0,-0.01713652487564221,0.016241799997957048,0.13272218801845237,-1.0560723533830383,nan,1320,0.15752229349692823,0.375,1.1416710571708477,5,-1.0485833241519813,20.0,-0.011132004693456187,0.020315026679252397,FRAGILE
189.0,0.0,70.0,10.0,10.0,-0.01713652487564221,0.016241799997957048,0.13272218801845237,-1.0560723533830383,-0.03122328362133092,644,0.15752229349692823,0.44254658385093165,1.0851340003269976,5,-1.0485833241519813,20.0,-0.011132004693456187,0.020315026679252397,FRAGILE
189.0,0.0,70.0,15.0,3.0,-0.010577944910906134,0.016182895718448755,0.09214932103978124,-0.6490237601932881,-0.19113034700290205,2233,0.15130055740007792,0.33945364979847736,1.2042294101957447,5,-0.31863550447537314,20.0,-0.0007657389876726039,0.01890476380386087,FRAGILE
189.0,0.0,70.0,15.0,5.0,-0.010577944910906134,0.016182895718448755,0.09214932103978124,-0.6490237601932881,-0.07833899253456418,1293,0.15130055740007792,0.3805104408352668,1.243490713691662,5,-0.31863550447537314,20.0,-0.0007657389876726039,0.01890476380386087,FRAGILE
189.0,0.0,70.0,15.0,10.0,-0.010577944910906134,0.016182895718448755,0.09214932103978124,-0.6490237601932881,-0.011511965267951113,651,0.15130055740007792,0.4377880184331797,1.2142887351896463,5,-0.31863550447537314,20.0,-0.0007657389876726039,0.01890476380386087,FRAGILE
189.0,0.0,70.0,20.0,3.0,-0.008965825768626812,0.016274717655468916,0.07976672131341644,-0.5452377118200176,-0.19483129501841934,2235,0.148602793278722,0.3503355704697987,1.1443185930457143,5,-0.23930211666339676,40.0,0.0007773057684675067,0.01477394516891551,FRAGILE
189.0,0.0,70.0,20.0,5.0,-0.008965825768626812,0.016274717655468916,0.07976672131341644,-0.5452377118200176,-0.09413332538363842,1358,0.148602793278722,0.3799705449189985,1.203936027600274,5,-0.23930211666339676,40.0,0.0007773057684675067,0.01477394516891551,FRAGILE
189.0,0.0,70.0,20.0,10.0,-0.008965825768626812,0.016274717655468916,0.07976672131341644,-0.5452377118200176,-0.02248187762398484,673,0.148602793278722,0.43536404160475484,1.1687173930798451,5,-0.23930211666339676,40.0,0.0007773057684675067,0.01477394516891551,FRAGILE
189.0,0.0,70.0,25.0,3.0,-0.009964736032424537,0.016376056790184248,0.08226239429025861,-0.6033404045257273,-0.2328647681154049,2251,0.14877578223070514,0.3380719680142159,1.0991675340466878,5,-0.3161820611100794,20.0,-0.00105371139794026,0.014580891491008332,FRAGILE
189.0,0.0,70.0,25.0,5.0,-0.009964736032424537,0.016376056790184248,0.08226239429025861,-0.6033404045257273,-0.142605692098536,1351,0.14877578223070514,0.3597335307179867,1.1301485266490638,5,-0.3161820611100794,20.0,-0.00105371139794026,0.014580891491008332,FRAGILE
189.0,0.0,70.0,25.0,10.0,-0.009964736032424537,0.016376056790184248,0.08226239429025861,-0.6033404045257273,-0.04577031504285441,652,0.14877578223070514,0.40337423312883436,1.1893960490611868,5,-0.3161820611100794,20.0,-0.00105371139794026,0.014580891491008332,FRAGILE
189.0,0.0,70.0,30.0,3.0,-0.010662412324876525,0.01729677098024078,0.096755550241716,-0.6110804938563011,-0.24788890807306616,2372,0.15926260573033052,0.3326306913996627,1.1027181306499745,5,-0.2176749517456285,20.0,0.001401203411192453,0.022199060203492663,FRAGILE
189.0,0.0,70.0,30.0,5.0,-0.010662412324876525,0.01729677098024078,0.096755550241716,-0.6110804938563011,-0.1567001603191738,1435,0.15926260573033052,0.35470383275261325,1.1296125529210033,5,-0.2176749517456285,20.0,0.001401203411192453,0.022199060203492663,FRAGILE
189.0,0.0,70.0,30.0,10.0,-0.010662412324876525,0.01729677098024078,0.096755550241716,-0.6110804938563011,-0.05560893609870929,708,0.15926260573033052,0.4152542372881356,1.0962878557821119,5,-0.2176749517456285,20.0,0.001401203411192453,0.022199060203492663,FRAGILE
189.0,0.0,80.0,10.0,3.0,-0.016542824780383936,0.016431819272717217,0.12998600212347977,-1.006924383465461,-0.2320430908243065,2302,0.15930077260273806,0.33492615117289315,1.1489430239146072,5,-0.9853841712133816,20.0,-0.010047084886918101,0.021710497573906026,FRAGILE
189.0,0.0,80.0,10.0,5.0,-0.016542824780383936,0.016431819272717217,0.12998600212347977,-1.006924383465461,nan,1321,0.15930077260273806,0.37395912187736563,1.1851680516826577,5,-0.9853841712133816,20.0,-0.010047084886918101,0.021710497573906026,FRAGILE
189.0,0.0,80.0,10.0,10.0,-0.016542824780383936,0.016431819272717217,0.12998600212347977,-1.006924383465461,-0.03260854619105567,645,0.15930077260273806,0.4418604651162791,1.087940312851818,5,-0.9853841712133816,20.0,-0.010047084886918101,0.021710497573906026,FRAGILE
189.0,0.0,80.0,15.0,3.0,-0.00979490470427602,0.016425290588386817,0.08922713585138464,-0.5910451573217027,-0.19071536476204265,2237,0.15317763218868446,0.34018775145283864,1.2174433492623504,5,-0.2538073494897053,20.0,0.0004139207139241208,0.020342570775957896,FRAGILE
189.0,0.0,80.0,15.0,5.0,-0.00979490470427602,0.016425290588386817,0.08922713585138464,-0.5910451573217027,-0.07291548050175294,1294,0.15317763218868446,0.3794435857805255,1.2887109268168018,5,-0.2538073494897053,20.0,0.0004139207139241208,0.020342570775957896,FRAGILE
189.0,0.0,80.0,15.0,10.0,-0.00979490470427602,0.016425290588386817,0.08922713585138464,-0.5910451573217027,-0.012073804805070155,652,0.15317763218868446,0.4371165644171779,1.2174952978757019,5,-0.2538073494897053,20.0,0.0004139207139241208,0.020342570775957896,FRAGILE
189.0,0.0,80.0,20.0,3.0,-0.008516863992998114,0.016682484383082202,0.07895437441489839,-0.5043596358556022,-0.19404325507661857,2237,0.15053394254213875,0.35091640590075995,1.1561051081886586,5,-0.1803111544365813,40.0,0.0018080168881932756,0.016350555055178,FRAGILE
189.0,0.0,80.0,20.0,5.0,-0.008516863992998114,0.016682484383082202,0.07895437441489839,-0.5043596358556022,-0.09044867586152339,1358,0.15053394254213875,0.3799705449189985,1.2321204713121334,5,-0.1803111544365813,40.0,0.0018080168881932756,0.016350555055178,FRAGILE
189.0,0.0,80.0,20.0,10.0,-0.008516863992998114,0.016682484383082202,0.07895437441489839,-0.5043596358556022,-0.023074305959174538,673,0.15053394254213875,0.43536404160475484,1.1687479164653936,5,-0.1803111544365813,40.0,0.0018080168881932756,0.016350555055178,FRAGILE
189.0,0.0,80.0,25.0,3.0,-0.009386207415516434,0.016750208400527898,0.08068879820241348,-0.5546192103445392,-0.23250424680109835,2253,0.15080874452565793,0.3386595650244119,1.1148252009336026,5,-0.2600735591479878,20.0,6.498660814995283e-05,0.01588551063194348,FRAGILE
189.0,0.0,80.0,25.0,5.0,-0.009386207415516434,0.016750208400527898,0.08068879820241348,-0.5546192103445392,-0.13920116327652607,1352,0.15080874452565793,0.3594674556213018,1.1642477324588871,5,-0.2600735591479878,20.0,6.498660814995283e-05,0.01588551063194348,FRAGILE
189.0,0.0,80.0,25.0,10.0,-0.009386207415516434,0.016750208400527898,0.08068879820241348,-0.5546192103445392,-0.047708926965133916,653,0.15080874452565793,0.40275650842266464,1.187904525340992,5,-0.2600735591479878,20.0,6.498660814995283e-05,0.01588551063194348,FRAGILE
189.0,0.0,80.0,30.0,3.0,-0.009982421160730559,0.017629471326216627,0.09485510509706718,-0.5602472876084943,-0.24747490772423936,2375,0.16123298135514605,0.3334736842105263,1.116768469012096,5,-0.15598717307912055,40.0,0.002629514520688625,0.023650116236885385,FRAGILE
189.0,0.0,80.0,30.0,5.0,-0.009982421160730559,0.017629471326216627,0.09485510509706718,-0.5602472876084943,-0.15291477985711793,1437,0.16123298135514605,0.35490605427974947,1.1613134426324179,5,-0.15598717307912055,40.0,0.002629514520688625,0.023650116236885385,FRAGILE
189.0,0.0,80.0,30.0,10.0,-0.009982421160730559,0.017629471326216627,0.09485510509706718,-0.5602472876084943,-0.05700753509315686,709,0.16123298135514605,0.4146685472496474,1.0981288447493898,5,-0.15598717307912055,40.0,0.002629514520688625,0.023650116236885385,FRAGILE
189.0,21.0,40.0,10.0,3.0,-0.014296359909151124,0.01592312598101428,0.12211838512599982,-0.8963280075148331,-0.24522411395944171,2315,0.15180793238118648,0.3382289416846652,1.0813358623039184,5,-1.1925222110023697,20.0,-0.012557486080114377,0.018155096944733048,FRAGILE
189.0,21.0,40.0,10.0,5.0,-0.014296359909151124,0.01592312598101428,0.12211838512599982,-0.8963280075148331,nan,1330,0.15180793238118648,0.375187969924812,1.1758867192754674,5,-1.1925222110023697,20.0,-0.012557486080114377,0.018155096944733048,FRAGILE
189.0,21.0,40.0,10.0,10.0,-0.014296359909151124,0.01592312598101428,0.12211838512599982,-0.8963280075148331,-0.035760485082479504,649,0.15180793238118648,0.4345146379044684,1.0969276775146377,5,-1.1925222110023697,20.0,-0.012557486080114377,0.018155096944733048,FRAGILE
189.0,21.0,40.0,15.0,3.0,-0.007173496812611813,0.01583225528287869,0.08201919518824696,-0.44680376879812633,-0.19318533885416952,2249,0.14509774250138271,0.3405958203646065,1.1906592912983396,5,-0.39812618673734285,20.0,-0.0017570593542981737,0.017472244858074373,FRAGILE
189.0,21.0,40.0,15.0,5.0,-0.007173496812611813,0.01583225528287869,0.08201919518824696,-0.44680376879812633,-0.08140141995360929,1304,0.14509774250138271,0.38496932515337423,1.207387474885053,5,-0.39812618673734285,20.0,-0.0017570593542981737,0.017472244858074373,FRAGILE
189.0,21.0,40.0,15.0,10.0,-0.007173496812611813,0.01583225528287869,0.08201919518824696,-0.44680376879812633,-0.018860031706999836,656,0.14509774250138271,0.4405487804878049,1.1581766686285409,5,-0.39812618673734285,20.0,-0.0017570593542981737,0.017472244858074373,FRAGILE
189.0,21.0,40.0,20.0,3.0,-0.00607688060077205,0.016068687170187387,0.07050022065685113,-0.3712927648771061,-0.18982257278706605,2252,0.1427526790007883,0.35657193605683835,1.131014969802055,5,-0.34239070170967156,20.0,-0.001019244845804379,0.012180043739214776,FRAGILE
189.0,21.0,40.0,20.0,5.0,-0.00607688060077205,0.016068687170187387,0.07050022065685113,-0.3712927648771061,-0.08726127685036118,1367,0.1427526790007883,0.38551572787125093,1.2005214657640273,5,-0.34239070170967156,20.0,-0.001019244845804379,0.012180043739214776,FRAGILE
189.0,21.0,40.0,20.0,10.0,-0.00607688060077205,0.016068687170187387,0.07050022065685113,-0.3712927648771061,-0.03512400341670652,678,0.1427526790007883,0.4336283185840708,1.1074767319304224,5,-0.34239070170967156,20.0,-0.001019244845804379,0.012180043739214776,FRAGILE
189.0,21.0,40.0,25.0,3.0,-0.007910234019756657,0.0163343431811066,0.06606983228776475,-0.478016768738679,-0.2413486484909285,2265,0.14290292964758422,0.34172185430463575,1.0562355798031595,5,-0.40793699428422114,20.0,-0.001585428091573826,0.012410525310186967,FRAGILE
189.0,21.0,40.0,25.0,5.0,-0.007910234019756657,0.0163343431811066,0.06606983228776475,-0.478016768738679,-0.14460544875049003,1360,0.14290292964758422,0.36911764705882355,1.0791842124590927,5,-0.40793699428422114,20.0,-0.001585428091573826,0.012410525310186967,FRAGILE
189.0,21.0,40.0,25.0,10.0,-0.007910234019756657,0.0163343431811066,0.06606983228776475,-0.478016768738679,-0.05261736699784899,657,0.14290292964758422,0.4033485540334855,1.1497822166041973,5,-0.40793699428422114,20.0,-0.001585428091573826,0.012410525310186967,FRAGILE
189.0,21.0,40.0,30.0,3.0,-0.007687041014160068,0.01729369017360145,0.07872666180042476,-0.437557449535147,-0.26185483815671073,2385,0.15334166054511017,0.3350104821802935,1.0545139245637638,5,-0.14759219568342488,20.0,0.0014200824062965633,0.018249749085348696,FRAGILE
189.0,21.0,40.0,30.0,5.0,-0.007687041014160068,0.01729369017360145,0.07872666180042476,-0.437557449535147,-0.16206973674901318,1443,0.15334166054511017,0.3596673596673597,1.0745594449387805,5,-0.14759219568342488,20.0,0.0014200824062965633,0.018249749085348696,FRAGILE
189.0,21.0,40.0,30.0,10.0,-0.007687041014160068,0.01729369017360145,0.07872666180042476,-0.437557449535147,-0.06934239330482325,713,0.15334166054511017,0.4067321178120617,1.0676451742767703,5,-0.14759219568342488,20.0,0.0014200824062965633,0.018249749085348696,FRAGILE
189.0,21.0,50.0,10.0,3.0,-0.01433015976393981,0.016216461501262488,0.12215665283204014,-0.8819379199988399,-0.24477081406214427,2307,0.15449375805781992,0.3376679670567837,1.0938156465650672,5,-1.1714331520376877,20.0,-0.01253107296606002,0.018299972175285208,FRAGILE
189.0,21.0,50.0,10.0,5.0,-0.01433015976393981,0.016216461501262488,0.12215665283204014,-0.8819379199988399,nan,1326,0.15449375805781992,0.3740573152337858,1.1881094517229647,5,-1.1714331520376877,20.0,-0.01253107296606002,0.018299972175285208,FRAGILE
189.0,21.0,50.0,10.0,10.0,-0.01433015976393981,0.016216461501262488,0.12215665283204014,-0.8819379199988399,-0.03708025752409506,647,0.15449375805781992,0.4327666151468315,1.100187619602448,5,-1.1714331520376877,20.0,-0.01253107296606002,0.018299972175285208,FRAGILE
189.0,21.0,50.0,15.0,3.0,-0.0069917287365748315,0.016095630694447045,0.08159784411977922,-0.4278581160769734,-0.19466124192241924,2241,0.147781015432976,0.34002677376171353,1.1975797178325849,5,-0.3638508744666412,20.0,-0.0014496083114859727,0.01760487677696265,FRAGILE
189.0,21.0,50.0,15.0,5.0,-0.0069917287365748315,0.016095630694447045,0.08159784411977922,-0.4278581160769734,-0.08051906925578842,1300,0.147781015432976,0.38384615384615384,1.2198205781425973,5,-0.3638508744666412,20.0,-0.0014496083114859727,0.01760487677696265,FRAGILE
189.0,21.0,50.0,15.0,10.0,-0.0069917287365748315,0.016095630694447045,0.08159784411977922,-0.4278581160769734,-0.01970654377225631,654,0.147781015432976,0.43883792048929665,1.1629193909192974,5,-0.3638508744666412,20.0,-0.0014496083114859727,0.01760487677696265,FRAGILE
189.0,21.0,50.0,20.0,3.0,-0.005911199848371851,0.016235999410427027,0.0694571041481703,-0.3570348010439871,-0.1900572350997185,2244,0.14542734249493802,0.3560606060606061,1.1389623985416988,5,-0.32134166107654966,20.0,-0.0009767890587888406,0.012230750196161726,FRAGILE
189.0,21.0,50.0,20.0,5.0,-0.005911199848371851,0.016235999410427027,0.0694571041481703,-0.3570348010439871,-0.08633468666667135,1363,0.14542734249493802,0.384446074834923,1.2130920301929233,5,-0.32134166107654966,20.0,-0.0009767890587888406,0.012230750196161726,FRAGILE
189.0,21.0,50.0,20.0,10.0,-0.005911199848371851,0.016235999410427027,0.0694571041481703,-0.3570348010439871,-0.03448021131045034,676,0.14542734249493802,0.4319526627218935,1.1201792656834317,5,-0.32134166107654966,20.0,-0.0009767890587888406,0.012230750196161726,FRAGILE
189.0,21.0,50.0,25.0,3.0,-0.007737222813689493,0.016551014940232617,0.06469104310499163,-0.46100814847770966,-0.24069258426586604,2257,0.145535881392963,0.34116083296411165,1.0677634754235477,5,-0.37352012886942026,20.0,-0.0011282592929655166,0.012651698452248209,FRAGILE
189.0,21.0,50.0,25.0,5.0,-0.007737222813689493,0.016551014940232617,0.06469104310499163,-0.46100814847770966,-0.1434456678036708,1356,0.145535881392963,0.36799410029498525,1.0936006584510123,5,-0.37352012886942026,20.0,-0.0011282592929655166,0.012651698452248209,FRAGILE
189.0,21.0,50.0,25.0,10.0,-0.007737222813689493,0.016551014940232617,0.06469104310499163,-0.46100814847770966,-0.052496444139965626,655,0.145535881392963,0.4015267175572519,1.1618924889683837,5,-0.37352012886942026,20.0,-0.0011282592929655166,0.012651698452248209,FRAGILE
189.0,21.0,50.0,30.0,3.0,-0.007835586485418045,0.017481874554731842,0.07825591577861046,-0.44122306118413157,-0.2627143252032569,2379,0.15600300956814556,0.33459436738125264,1.0652891806880436,5,-0.135350583910237,20.0,0.0015607190254889104,0.018438674698571206,FRAGILE
189.0,21.0,50.0,30.0,5.0,-0.007835586485418045,0.017481874554731842,0.07825591577861046,-0.44122306118413157,-0.1629451679661378,1440,0.15600300956814556,0.35833333333333334,1.0930126228543708,5,-0.135350583910237,20.0,0.0015607190254889104,0.018438674698571206,FRAGILE
189.0,21.0,50.0,30.0,10.0,-0.007835586485418045,0.017481874554731842,0.07825591577861046,-0.44122306118413157,-0.06885054366368729,711,0.15600300956814556,0.4050632911392405,1.080652007221706,5,-0.135350583910237,20.0,0.0015607190254889104,0.018438674698571206,FRAGILE
189.0,21.0,60.0,10.0,3.0,-0.014551267625277364,0.016645266500200897,0.12421084219537482,-0.8722710706902369,-0.2456494978606246,2298,0.1565984578267249,0.3372497824194952,1.0842754755562944,5,-1.2019644514460417,20.0,-0.012948008508707387,0.01901494074071634,FRAGILE
189.0,21.0,60.0,10.0,5.0,-0.014551267625277364,0.016645266500200897,0.12421084219537482,-0.8722710706902369,nan,1321,0.1565984578267249,0.3732021196063588,1.178821011386906,5,-1.2019644514460417,20.0,-0.012948008508707387,0.01901494074071634,FRAGILE
189.0,21.0,60.0,10.0,10.0,-0.014551267625277364,0.016645266500200897,0.12421084219537482,-0.8722710706902369,-0.0360773438123855,645,0.1565984578267249,0.4325581395348837,1.105487204439566,5,-1.2019644514460417,20.0,-0.012948008508707387,0.01901494074071634,FRAGILE
189.0,21.0,60.0,15.0,3.0,-0.007134943729559362,0.016591491553716902,0.08334535253309505,-0.4232744721850127,-0.19636121477789809,2233,0.1501606621574994,0.33945364979847736,1.1876039773526927,5,-0.3910271752718826,20.0,-0.0015926125690278515,0.01813288368336853,FRAGILE
189.0,21.0,60.0,15.0,5.0,-0.007134943729559362,0.016591491553716902,0.08334535253309505,-0.4232744721850127,-0.08065687651295518,1295,0.1501606621574994,0.383011583011583,1.2153647712684155,5,-0.3910271752718826,20.0,-0.0015926125690278515,0.01813288368336853,FRAGILE
189.0,21.0,60.0,15.0,10.0,-0.007134943729559362,0.016591491553716902,0.08334535253309505,-0.4232744721850127,-0.019446696488041815,652,0.1501606621574994,0.4386503067484663,1.1648735484780444,5,-0.3910271752718826,20.0,-0.0015926125690278515,0.01813288368336853,FRAGILE
189.0,21.0,60.0,20.0,3.0,-0.006044001300538282,0.016628687729862524,0.07138006112043216,-0.3562490963225433,-0.19149432423976775,2236,0.14775220687110133,0.3555456171735242,1.1295515870382844,5,-0.3414745844377987,20.0,-0.0010911465801046517,0.012700866994094156,FRAGILE
189.0,21.0,60.0,20.0,5.0,-0.006044001300538282,0.016628687729862524,0.07138006112043216,-0.3562490963225433,-0.08541936011245597,1358,0.14775220687110133,0.38438880706921946,1.2125037315564673,5,-0.3414745844377987,20.0,-0.0010911465801046517,0.012700866994094156,FRAGILE
189.0,21.0,60.0,20.0,10.0,-0.006044001300538282,0.016628687729862524,0.07138006112043216,-0.3562490963225433,-0.033114039631807694,674,0.14775220687110133,0.4317507418397626,1.1274106735722036,5,-0.3414745844377987,20.0,-0.0010911465801046517,0.012700866994094156,FRAGILE
189.0,21.0,60.0,25.0,3.0,-0.007721951810826022,0.016905871534840404,0.066020459540024,-0.45006989467304054,-0.2398675650652514,2249,0.14796176805568648,0.34104046242774566,1.0639065742813874,5,-0.3829894070376242,20.0,-0.0010852282643186496,0.013447300602908982,FRAGILE
189.0,21.0,60.0,25.0,5.0,-0.007721951810826022,0.016905871534840404,0.066020459540024,-0.45006989467304054,-0.1417361781420797,1351,0.14796176805568648,0.36787564766839376,1.093387399654399,5,-0.3829894070376242,20.0,-0.0010852282643186496,0.013447300602908982,FRAGILE
189.0,21.0,60.0,25.0,10.0,-0.007721951810826022,0.016905871534840404,0.066020459540024,-0.45006989467304054,-0.051421338382786744,653,0.14796176805568648,0.4012251148545176,1.1681068394093828,5,-0.3829894070376242,20.0,-0.0010852282643186496,0.013447300602908982,FRAGILE
189.0,21.0,60.0,30.0,3.0,-0.007775440728339356,0.017828307596014573,0.07856754747867434,-0.4289060074079558,-0.2622571740013112,2371,0.15861536038263963,0.33403627161535215,1.0552181698611591,5,-0.14487433256385673,20.0,0.0016054382608341245,0.019003672366592207,FRAGILE
189.0,21.0,60.0,30.0,5.0,-0.007775440728339356,0.017828307596014573,0.07856754747867434,-0.4289060074079558,-0.16307453244739006,1435,0.15861536038263963,0.3581881533101045,1.0869214823271367,5,-0.14487433256385673,20.0,0.0016054382608341245,0.019003672366592207,FRAGILE
189.0,21.0,60.0,30.0,10.0,-0.007775440728339356,0.017828307596014573,0.07856754747867434,-0.4289060074079558,-0.0683404219879605,709,0.15861536038263963,0.40479548660084624,1.0831661185206582,5,-0.14487433256385673,20.0,0.0016054382608341245,0.019003672366592207,FRAGILE
189.0,21.0,70.0,10.0,3.0,-0.014384219948365473,0.016782138324311836,0.1249820737709817,-0.8549213080527621,-0.24252380145313104,2294,0.1585695381639068,0.3365300784655623,1.1065085519761932,5,-1.17762659845072,20.0,-0.012589394123998354,0.020161487117220597,FRAGILE
189.0,21.0,70.0,10.0,5.0,-0.014384219948365473,0.016782138324311836,0.1249820737709817,-0.8549213080527621,nan,1319,0.1585695381639068,0.3730098559514784,1.2080024240982106,5,-1.17762659845072,20.0,-0.012589394123998354,0.020161487117220597,FRAGILE
189.0,21.0,70.0,10.0,10.0,-0.014384219948365473,0.016782138324311836,0.1249820737709817,-0.8549213080527621,-0.03281571078163836,644,0.1585695381639068,0.4332298136645963,1.1244254238625453,5,-1.17762659845072,20.0,-0.012589394123998354,0.020161487117220597,FRAGILE
189.0,21.0,70.0,15.0,3.0,-0.006729225450027965,0.01675848830537615,0.08323296851745665,-0.3945128264842769,-0.19404742447553344,2230,0.15240932518737216,0.33901345291479823,1.205270771914783,5,-0.3710836475976798,20.0,-0.0011058094833581,0.019154620323385538,FRAGILE
189.0,21.0,70.0,15.0,5.0,-0.006729225450027965,0.01675848830537615,0.08323296851745665,-0.3945128264842769,-0.07544534600373196,1292,0.15240932518737216,0.38235294117647056,1.2487394021496443,5,-0.3710836475976798,20.0,-0.0011058094833581,0.019154620323385538,FRAGILE
189.0,21.0,70.0,15.0,10.0,-0.006729225450027965,0.01675848830537615,0.08323296851745665,-0.3945128264842769,-0.015837200050915164,651,0.15240932518737216,0.4393241167434716,1.1847604758796104,5,-0.3710836475976798,20.0,-0.0011058094833581,0.019154620323385538,FRAGILE
189.0,21.0,70.0,20.0,3.0,-0.005549473026798424,0.016869154570215813,0.07044629262481827,-0.32144641174331684,-0.18822113688274686,2232,0.14994910094016317,0.3548387096774194,1.1486454441331502,5,-0.2934967249564141,20.0,-0.0002618823976205942,0.013783947525502832,FRAGILE
189.0,21.0,70.0,20.0,5.0,-0.005549473026798424,0.016869154570215813,0.07044629262481827,-0.32144641174331684,-0.08162277774299617,1356,0.14994910094016317,0.3834808259587021,1.2402647941327185,5,-0.2934967249564141,20.0,-0.0002618823976205942,0.013783947525502832,FRAGILE
189.0,21.0,70.0,20.0,10.0,-0.005549473026798424,0.016869154570215813,0.07044629262481827,-0.32144641174331684,-0.028453148498705526,673,0.14994910094016317,0.4323922734026746,1.1538129095431044,5,-0.2934967249564141,20.0,-0.0002618823976205942,0.013783947525502832,FRAGILE
189.0,21.0,70.0,25.0,3.0,-0.0073863808287414345,0.01712327989137391,0.06544886973466113,-0.424393644238082,-0.2382323798515244,2246,0.15012173658155603,0.340160284951024,1.0839847910584979,5,-0.3563989774188422,20.0,-0.0004939677611696558,0.01425752846382967,FRAGILE
189.0,21.0,70.0,25.0,5.0,-0.0073863808287414345,0.01712327989137391,0.06544886973466113,-0.424393644238082,-0.13914114560951,1349,0.15012173658155603,0.3669384729429207,1.117553641029339,5,-0.3563989774188422,20.0,-0.0004939677611696558,0.01425752846382967,FRAGILE
189.0,21.0,70.0,25.0,10.0,-0.0073863808287414345,0.01712327989137391,0.06544886973466113,-0.424393644238082,-0.04817553621254773,652,0.15012173658155603,0.401840490797546,1.1913862169870344,5,-0.3563989774188422,20.0,-0.0004939677611696558,0.01425752846382967,FRAGILE
189.0,21.0,70.0,30.0,3.0,-0.007365587134237739,0.018015000817481967,0.07820975836812238,-0.4013521100905216,-0.2600942473434508,2368,0.1608179919379791,0.33319256756756754,1.0765002518559728,5,-0.11206086499397434,20.0,0.002288217008155691,0.020161124602630965,FRAGILE
189.0,21.0,70.0,30.0,5.0,-0.007365587134237739,0.018015000817481967,0.07820975836812238,-0.4013521100905216,-0.15995768979625322,1433,0.1608179919379791,0.3572923935799023,1.1132866959385364,5,-0.11206086499397434,20.0,0.002288217008155691,0.020161124602630965,FRAGILE
189.0,21.0,70.0,30.0,10.0,-0.007365587134237739,0.018015000817481967,0.07820975836812238,-0.4013521100905216,-0.06555374544644524,708,0.1608179919379791,0.4053672316384181,1.1029617032413825,5,-0.11206086499397434,20.0,0.002288217008155691,0.020161124602630965,FRAGILE
189.0,21.0,80.0,10.0,3.0,-0.013723225992302246,0.016964962738189784,0.12371932448780776,-0.8060119361389988,-0.24403918518756645,2299,0.16029316080302705,0.3375380600260983,1.1117099678849882,5,-1.1144317602818858,20.0,-0.011547741503207542,0.021609246897088853,FRAGILE
189.0,21.0,80.0,10.0,5.0,-0.013723225992302246,0.016964962738189784,0.12371932448780776,-0.8060119361389988,nan,1320,0.16029316080302705,0.37196969696969695,1.2514927977962207,5,-1.1144317602818858,20.0,-0.011547741503207542,0.021609246897088853,FRAGILE
189.0,21.0,80.0,10.0,10.0,-0.013723225992302246,0.016964962738189784,0.12371932448780776,-0.8060119361389988,-0.034114472409406314,645,0.16029316080302705,0.4325581395348837,1.1275876598848127,5,-1.1144317602818858,20.0,-0.011547741503207542,0.021609246897088853,FRAGILE
189.0,21.0,80.0,15.0,3.0,-0.005751444297698138,0.016981812275826808,0.08145064899689136,-0.33116604096875096,-0.19207380108302338,2234,0.1542261051824644,0.3397493285586392,1.2222818629035046,5,-0.30653437596139294,20.0,0.00011583789699527447,0.020658780366430596,FRAGILE
189.0,21.0,80.0,15.0,5.0,-0.005751444297698138,0.016981812275826808,0.08145064899689136,-0.33116604096875096,-0.06990688837755997,1293,0.1542261051824644,0.38128383604021654,1.293283269871436,5,-0.30653437596139294,20.0,0.00011583789699527447,0.020658780366430596,FRAGILE
189.0,21.0,80.0,15.0,10.0,-0.005751444297698138,0.016981812275826808,0.08145064899689136,-0.33116604096875096,-0.016215820150178018,652,0.1542261051824644,0.4386503067484663,1.189706569885329,5,-0.30653437596139294,20.0,0.00011583789699527447,0.020658780366430596,FRAGILE
189.0,21.0,80.0,20.0,3.0,-0.00488547925172278,0.017232256655862182,0.06954807824579412,-0.2755811313026542,-0.18607027649335955,2234,0.15182111079521926,0.35541629364368843,1.162870121491198,5,-0.231797495360229,20.0,0.0008913901890563736,0.015351196644265519,FRAGILE
189.0,21.0,80.0,20.0,5.0,-0.00488547925172278,0.017232256655862182,0.06954807824579412,-0.2755811313026542,-0.07792544538144097,1356,0.15182111079521926,0.3834808259587021,1.2662537081980902,5,-0.231797495360229,20.0,0.0008913901890563736,0.015351196644265519,FRAGILE
189.0,21.0,80.0,20.0,10.0,-0.00488547925172278,0.017232256655862182,0.06954807824579412,-0.2755811313026542,-0.028851361466452306,673,0.15182111079521926,0.4323922734026746,1.1554108379674515,5,-0.231797495360229,20.0,0.0008913901890563736,0.015351196644265519,FRAGILE
189.0,21.0,80.0,25.0,3.0,-0.0067374935607337205,0.017465636304022217,0.06415314209364464,-0.37832084851457387,-0.23718055272998612,2248,0.1520763983416177,0.3407473309608541,1.1001417656673398,5,-0.3053351782725323,20.0,0.0006570238717751753,0.015585194410753097,FRAGILE
189.0,21.0,80.0,25.0,5.0,-0.0067374935607337205,0.017465636304022217,0.06415314209364464,-0.37832084851457387,-0.13594273346351868,1350,0.1520763983416177,0.36666666666666664,1.1483947248536153,5,-0.3053351782725323,20.0,0.0006570238717751753,0.015585194410753097,FRAGILE
189.0,21.0,80.0,25.0,10.0,-0.0067374935607337205,0.017465636304022217,0.06415314209364464,-0.37832084851457387,-0.05024036973497303,653,0.1520763983416177,0.4012251148545176,1.1891323571459338,5,-0.3053351782725323,20.0,0.0006570238717751753,0.015585194410753097,FRAGILE
189.0,21.0,80.0,30.0,3.0,-0.006610433391709636,0.018326372689994208,0.07666409393818496,-0.3527302002093854,-0.2595395186231293,2371,0.16272525275950975,0.33403627161535215,1.0905195586654866,5,-0.053405555850407536,20.0,0.0035394421831261625,0.021632233124944125,FRAGILE
189.0,21.0,80.0,30.0,5.0,-0.006610433391709636,0.018326372689994208,0.07666409393818496,-0.3527302002093854,-0.1563845756987526,1435,0.16272525275950975,0.3574912891986063,1.14302181360873,5,-0.053405555850407536,20.0,0.0035394421831261625,0.021632233124944125,FRAGILE
189.0,21.0,80.0,30.0,10.0,-0.006610433391709636,0.018326372689994208,0.07666409393818496,-0.3527302002093854,-0.06712465940994988,709,0.16272525275950975,0.40479548660084624,1.1043375657877879,5,-0.053405555850407536,20.0,0.0035394421831261625,0.021632233124944125,FRAGILE
189.0,42.0,40.0,10.0,3.0,-0.014901991159537942,0.016203953211453362,0.12386101999758359,-0.9184418443479749,-0.25377711430275146,2315,0.15232377347937126,0.3403887688984881,1.0529609826879232,5,-1.2050140145946473,20.0,-0.013531812821472288,0.019313175896004762,FRAGILE
189.0,42.0,40.0,10.0,5.0,-0.014901991159537942,0.016203953211453362,0.12386101999758359,-0.9184418443479749,-0.0946243142031699,1330,0.15232377347937126,0.37969924812030076,1.1963690785396577,5,-1.2050140145946473,20.0,-0.013531812821472288,0.019313175896004762,FRAGILE
189.0,42.0,40.0,10.0,10.0,-0.014901991159537942,0.016203953211453362,0.12386101999758359,-0.9184418443479749,-0.04371055644138,649,0.15232377347937126,0.4283513097072419,1.085897342188623,5,-1.2050140145946473,20.0,-0.013531812821472288,0.019313175896004762,FRAGILE
189.0,42.0,40.0,15.0,3.0,-0.007820353687613135,0.016060939749785622,0.08348743999049935,-0.4807919423229708,-0.20822584441847436,2249,0.14596816573239987,0.339261894175189,1.1616153823573205,5,-0.46356608104343505,20.0,-0.003054038046636243,0.017921410972123634,FRAGILE
189.0,42.0,40.0,15.0,5.0,-0.007820353687613135,0.016060939749785622,0.08348743999049935,-0.4807919423229708,-0.0819253980865937,1303,0.14596816573239987,0.37835763622409824,1.2444427161302583,5,-0.46356608104343505,20.0,-0.003054038046636243,0.017921410972123634,FRAGILE
189.0,42.0,40.0,15.0,10.0,-0.007820353687613135,0.016060939749785622,0.08348743999049935,-0.4807919423229708,-0.017270094822651558,656,0.14596816573239987,0.4375,1.1829082001881994,5,-0.46356608104343505,20.0,-0.003054038046636243,0.017921410972123634,FRAGILE
189.0,42.0,40.0,20.0,3.0,-0.007049251610228957,0.016014308988720107,0.07295048852989572,-0.43372601930218885,-0.2112732958420652,2252,0.14344655190125383,0.35079928952042627,1.1027150148838343,5,-0.43556949344152,20.0,-0.0012933032435719749,0.01337298587096733,FRAGILE
189.0,42.0,40.0,20.0,5.0,-0.007049251610228957,0.016014308988720107,0.07295048852989572,-0.43372601930218885,-0.08404982667334994,1367,0.14344655190125383,0.3833211411850768,1.226421504506817,5,-0.43556949344152,20.0,-0.0012933032435719749,0.01337298587096733,FRAGILE
189.0,42.0,40.0,20.0,10.0,-0.007049251610228957,0.016014308988720107,0.07295048852989572,-0.43372601930218885,-0.03192330265831249,678,0.14344655190125383,0.4336283185840708,1.1247970655186483,5,-0.43556949344152,20.0,-0.0012933032435719749,0.01337298587096733,FRAGILE
189.0,42.0,40.0,25.0,3.0,-0.009101412225003824,0.0163212536788774,0.07537723695145593,-0.5520197846518458,-0.2578500455795669,2265,0.1434619196033508,0.33951434878587194,1.0226711349076771,5,-0.4565601819714704,20.0,-0.0018760605203145264,0.013204360979466095,FRAGILE
189.0,42.0,40.0,25.0,5.0,-0.009101412225003824,0.0163212536788774,0.07537723695145593,-0.5520197846518458,-0.13979239083370448,1360,0.1434619196033508,0.37058823529411766,1.0889823402703402,5,-0.4565601819714704,20.0,-0.0018760605203145264,0.013204360979466095,FRAGILE
189.0,42.0,40.0,25.0,10.0,-0.009101412225003824,0.0163212536788774,0.07537723695145593,-0.5520197846518458,-0.05268600922819803,657,0.1434619196033508,0.4048706240487062,1.1386609922735094,5,-0.4565601819714704,20.0,-0.0018760605203145264,0.013204360979466095,FRAGILE
189.0,42.0,40.0,30.0,3.0,-0.00873184565555496,0.01726852757009302,0.08185027936421296,-0.4992225309449888,-0.27583365751737365,2385,0.15402984329119804,0.3333333333333333,1.0272319618719785,5,-0.24682381512023954,20.0,0.00034179952130777293,0.01942898865529972,FRAGILE
189.0,42.0,40.0,30.0,5.0,-0.00873184565555496,0.01726852757009302,0.08185027936421296,-0.4992225309449888,-0.1640991987274674,1442,0.15402984329119804,0.3564493758668516,1.085245028448701,5,-0.24682381512023954,20.0,0.00034179952130777293,0.01942898865529972,FRAGILE
189.0,42.0,40.0,30.0,10.0,-0.00873184565555496,0.01726852757009302,0.08185027936421296,-0.4992225309449888,-0.06456685077161713,713,0.15402984329119804,0.41374474053295934,1.059215296644405,5,-0.24682381512023954,20.0,0.00034179952130777293,0.01942898865529972,FRAGILE
189.0,42.0,50.0,10.0,3.0,-0.01492466050636354,0.016480714068503103,0.12424039090181704,-0.9041400332713742,-0.25434897291739295,2307,0.15510094440119573,0.33983528391850887,1.0631675543757804,5,-1.1706039009552083,20.0,-0.013312725440636863,0.01975859041108124,FRAGILE
189.0,42.0,50.0,10.0,5.0,-0.01492466050636354,0.016480714068503103,0.12424039090181704,-0.9041400332713742,-0.09305774018040372,1326,0.15510094440119573,0.37858220211161386,1.2114624084040981,5,-1.1706039009552083,20.0,-0.013312725440636863,0.01975859041108124,FRAGILE
189.0,42.0,50.0,10.0,10.0,-0.01492466050636354,0.016480714068503103,0.12424039090181704,-0.9041400332713742,-0.04163248873229354,645,0.15510094440119573,0.42790697674418604,1.0997059729936685,5,-1.1706039009552083,20.0,-0.013312725440636863,0.01975859041108124,FRAGILE
189.0,42.0,50.0,15.0,3.0,-0.007665155827962011,0.016292714400596462,0.08346197422307267,-0.464122627574527,-0.20988536870792132,2241,0.14868351292250517,0.3386880856760375,1.1681559932889565,5,-0.4214632543091129,20.0,-0.0026009850904339382,0.018220408466069756,FRAGILE
189.0,42.0,50.0,15.0,5.0,-0.007665155827962011,0.016292714400596462,0.08346197422307267,-0.464122627574527,-0.08022524413126463,1298,0.14868351292250517,0.37750385208012327,1.2584703361353111,5,-0.4214632543091129,20.0,-0.0026009850904339382,0.018220408466069756,FRAGILE
189.0,42.0,50.0,15.0,10.0,-0.007665155827962011,0.016292714400596462,0.08346197422307267,-0.464122627574527,-0.015895197755956474,652,0.14868351292250517,0.4371165644171779,1.193173254749046,5,-0.4214632543091129,20.0,-0.0026009850904339382,0.018220408466069756,FRAGILE
189.0,42.0,50.0,20.0,3.0,-0.006882656432198764,0.01617496552137428,0.0726001865800191,-0.41888722738900913,-0.2118276608947822,2244,0.1461373067849173,0.3502673796791444,1.1106270425385345,5,-0.4115038373687815,20.0,-0.001097917549545202,0.013883493183300212,FRAGILE
189.0,42.0,50.0,20.0,5.0,-0.006882656432198764,0.01617496552137428,0.0726001865800191,-0.41888722738900913,-0.08254243651479072,1362,0.1461373067849173,0.38252569750367105,1.2394265116490009,5,-0.4115038373687815,20.0,-0.001097917549545202,0.013883493183300212,FRAGILE
189.0,42.0,50.0,20.0,10.0,-0.006882656432198764,0.01617496552137428,0.0726001865800191,-0.41888722738900913,-0.029862122015392314,675,0.1461373067849173,0.4325925925925926,1.1411363138030328,5,-0.4115038373687815,20.0,-0.001097917549545202,0.013883493183300212,FRAGILE
189.0,42.0,50.0,25.0,3.0,-0.009003037439000772,0.016545402025328376,0.07458166835731095,-0.5383186337291064,-0.2577598901706683,2257,0.14613269851559524,0.3389455028799291,1.0334237369364156,5,-0.42000521455819984,20.0,-0.0014103476249376801,0.01348243243600474,FRAGILE
189.0,42.0,50.0,25.0,5.0,-0.009003037439000772,0.016545402025328376,0.07458166835731095,-0.5383186337291064,-0.13927375296460856,1356,0.14613269851559524,0.3694690265486726,1.1009670412364971,5,-0.42000521455819984,20.0,-0.0014103476249376801,0.01348243243600474,FRAGILE
189.0,42.0,50.0,25.0,10.0,-0.009003037439000772,0.016545402025328376,0.07458166835731095,-0.5383186337291064,-0.05088077503048729,654,0.14613269851559524,0.4036697247706422,1.1557118141962754,5,-0.42000521455819984,20.0,-0.0014103476249376801,0.01348243243600474,FRAGILE
189.0,42.0,50.0,30.0,3.0,-0.008893757787781786,0.017447981615989348,0.08175852554097807,-0.5032710449394353,-0.2770243058077062,2379,0.15668254289953842,0.3329129886506936,1.0376044370948514,5,-0.22593496463502993,20.0,0.0006101853827897407,0.0198661119256836,FRAGILE
189.0,42.0,50.0,30.0,5.0,-0.008893757787781786,0.017447981615989348,0.08175852554097807,-0.5032710449394353,-0.16467948241397545,1438,0.15668254289953842,0.3553546592489569,1.1028198856217883,5,-0.22593496463502993,20.0,0.0006101853827897407,0.0198661119256836,FRAGILE
189.0,42.0,50.0,30.0,10.0,-0.008893757787781786,0.017447981615989348,0.08175852554097807,-0.5032710449394353,-0.06185193228549647,709,0.15668254289953842,0.4132581100141044,1.0753225819186318,5,-0.22593496463502993,20.0,0.0006101853827897407,0.0198661119256836,FRAGILE
189.0,42.0,60.0,10.0,3.0,-0.01502476875284553,0.016890619266808432,0.12573222168825804,-0.8878089619657665,-0.2541359925028501,2298,0.1571520773539544,0.3394255874673629,1.0559757371615028,5,-1.1890524392295454,20.0,-0.01353770670430976,0.020483209296570725,FRAGILE
189.0,42.0,60.0,10.0,5.0,-0.01502476875284553,0.016890619266808432,0.12573222168825804,-0.8878089619657665,-0.09224627351326152,1320,0.1571520773539544,0.37803030303030305,1.2073045979294437,5,-1.1890524392295454,20.0,-0.01353770670430976,0.020483209296570725,FRAGILE
189.0,42.0,60.0,10.0,10.0,-0.01502476875284553,0.016890619266808432,0.12573222168825804,-0.8878089619657665,-0.03934249533768701,643,0.1571520773539544,0.4276827371695179,1.1113244139831124,5,-1.1890524392295454,20.0,-0.01353770670430976,0.020483209296570725,FRAGILE
189.0,42.0,60.0,15.0,3.0,-0.007637942672970688,0.01677311499390425,0.0842922473497234,-0.4487203380408271,-0.2102274932553895,2233,0.151010963091441,0.3381101656963726,1.1614142788684934,5,-0.4302748643902303,20.0,-0.00249979056289229,0.01878277699395696,FRAGILE
189.0,42.0,60.0,15.0,5.0,-0.007637942672970688,0.01677311499390425,0.0842922473497234,-0.4487203380408271,-0.07860542298325329,1292,0.151010963091441,0.37693498452012386,1.259403399460491,5,-0.4302748643902303,20.0,-0.00249979056289229,0.01878277699395696,FRAGILE
189.0,42.0,60.0,15.0,10.0,-0.007637942672970688,0.01677311499390425,0.0842922473497234,-0.4487203380408271,-0.01409519803306392,650,0.151010963091441,0.4369230769230769,1.2040072873102527,5,-0.4302748643902303,20.0,-0.00249979056289229,0.01878277699395696,FRAGILE
189.0,42.0,60.0,20.0,3.0,-0.006868402679394037,0.01656910642607425,0.07414174896168269,-0.407666907593849,-0.2125014041189568,2236,0.14841091183203756,0.34973166368515207,1.1021320898230365,5,-0.41716165650748716,20.0,-0.0009953692858810203,0.014518233292866528,FRAGILE
189.0,42.0,60.0,20.0,5.0,-0.006868402679394037,0.01656910642607425,0.07414174896168269,-0.407666907593849,-0.07978959906316783,1356,0.14841091183203756,0.3827433628318584,1.2441903120857836,5,-0.41716165650748716,20.0,-0.0009953692858810203,0.014518233292866528,FRAGILE
189.0,42.0,60.0,20.0,10.0,-0.006868402679394037,0.01656910642607425,0.07414174896168269,-0.407666907593849,-0.02712158976218298,673,0.14841091183203756,0.4323922734026746,1.1558646491185431,5,-0.41716165650748716,20.0,-0.0009953692858810203,0.014518233292866528,FRAGILE
189.0,42.0,60.0,25.0,3.0,-0.008916753684605205,0.016906115104198198,0.0743138989743688,-0.5213262346094176,-0.2563717785118701,2249,0.14852173318054185,0.3388172521120498,1.0299345489512532,5,-0.42343030935679404,20.0,-0.0012716537380044412,0.01426804599434455,FRAGILE
189.0,42.0,60.0,25.0,5.0,-0.008916753684605205,0.016906115104198198,0.0743138989743688,-0.5213262346094176,-0.13554861534214843,1350,0.14852173318054185,0.36962962962962964,1.1058458964192337,5,-0.42343030935679404,20.0,-0.0012716537380044412,0.01426804599434455,FRAGILE
189.0,42.0,60.0,25.0,10.0,-0.008916753684605205,0.016906115104198198,0.0743138989743688,-0.5213262346094176,-0.04786409823295888,652,0.14852173318054185,0.40337423312883436,1.1727281910982008,5,-0.42343030935679404,20.0,-0.0012716537380044412,0.01426804599434455,FRAGILE
189.0,42.0,60.0,30.0,3.0,-0.008741956383701566,0.01779408669501384,0.08171057537764992,-0.48453256236244285,-0.27626581709601217,2371,0.15927950790567297,0.33234921973850695,1.0272828499250282,5,-0.22590078348691764,20.0,0.0007877503494840177,0.020532108474463392,FRAGILE
189.0,42.0,60.0,30.0,5.0,-0.008741956383701566,0.01779408669501384,0.08171057537764992,-0.48453256236244285,-0.16228130995431167,1432,0.15927950790567297,0.35544692737430167,1.1028207050266565,5,-0.22590078348691764,20.0,0.0007877503494840177,0.020532108474463392,FRAGILE
189.0,42.0,60.0,30.0,10.0,-0.008741956383701566,0.01779408669501384,0.08171057537764992,-0.48453256236244285,-0.059754233871097996,707,0.15927950790567297,0.413012729844413,1.0852334012400684,5,-0.22590078348691764,20.0,0.0007877503494840177,0.020532108474463392,FRAGILE
189.0,42.0,70.0,10.0,3.0,-0.01471090372025674,0.01699816427967459,0.12556183200749005,-0.8633425688330304,-0.2493812168555762,2294,0.15902273459621927,0.3387096774193548,1.0812726541831656,5,-1.1645078124823796,20.0,-0.013147439428215679,0.02153614292133884,FRAGILE
189.0,42.0,70.0,10.0,5.0,-0.01471090372025674,0.01699816427967459,0.12556183200749005,-0.8633425688330304,-0.08666262367076737,1318,0.15902273459621927,0.37784522003034904,1.238719234228642,5,-1.1645078124823796,20.0,-0.013147439428215679,0.02153614292133884,FRAGILE
189.0,42.0,70.0,10.0,10.0,-0.01471090372025674,0.01699816427967459,0.12556183200749005,-0.8633425688330304,-0.035000252017701405,642,0.15902273459621927,0.42834890965732086,1.1360732739993151,5,-1.1645078124823796,20.0,-0.013147439428215679,0.02153614292133884,FRAGILE
189.0,42.0,70.0,15.0,3.0,-0.007060554932424856,0.016926858511916804,0.08348615227871214,-0.4101298522179468,-0.20669266177996307,2230,0.1531971348380634,0.3376681614349776,1.182224590868733,5,-0.4041684982574364,20.0,-0.0019098337958801891,0.01964515533474522,FRAGILE
189.0,42.0,70.0,15.0,5.0,-0.007060554932424856,0.016926858511916804,0.08348615227871214,-0.4101298522179468,-0.07205696875063294,1289,0.1531971348380634,0.3762606671838635,1.2990805325030936,5,-0.4041684982574364,20.0,-0.0019098337958801891,0.01964515533474522,FRAGILE
189.0,42.0,70.0,15.0,10.0,-0.007060554932424856,0.016926858511916804,0.08348615227871214,-0.4101298522179468,-0.008838093815489965,649,0.1531971348380634,0.43759630200308164,1.232993062638457,5,-0.4041684982574364,20.0,-0.0019098337958801891,0.01964515533474522,FRAGILE
189.0,42.0,70.0,20.0,3.0,-0.006238248868211227,0.016797296740622684,0.07236505951568761,-0.36414057626242347,-0.2080930962654021,2232,0.15053305134654654,0.34901433691756273,1.1243391898574004,5,-0.3622416504128547,20.0,-0.00011425946454275415,0.015509036398544028,FRAGILE
189.0,42.0,70.0,20.0,5.0,-0.006238248868211227,0.016797296740622684,0.07236505951568761,-0.36414057626242347,-0.07422689926961543,1354,0.15053305134654654,0.38183161004431315,1.2788424272074241,5,-0.3622416504128547,20.0,-0.00011425946454275415,0.015509036398544028,FRAGILE
189.0,42.0,70.0,20.0,10.0,-0.006238248868211227,0.016797296740622684,0.07236505951568761,-0.36414057626242347,-0.02068487249076064,672,0.15053305134654654,0.4330357142857143,1.191529716862303,5,-0.3622416504128547,20.0,-0.00011425946454275415,0.015509036398544028,FRAGILE
189.0,42.0,70.0,25.0,3.0,-0.008447005604600988,0.01711162540607552,0.07057863195848113,-0.48716945089357605,-0.2541869727425605,2246,0.1506109382943425,0.3379341050756901,1.0513580816668808,5,-0.39421068026101463,20.0,-0.0006490202306135507,0.015056331612342877,FRAGILE
189.0,42.0,70.0,25.0,5.0,-0.008447005604600988,0.01711162540607552,0.07057863195848113,-0.48716945089357605,-0.13170246352761394,1348,0.1506109382943425,0.36869436201780414,1.1339358445274965,5,-0.39421068026101463,20.0,-0.0006490202306135507,0.015056331612342877,FRAGILE
189.0,42.0,70.0,25.0,10.0,-0.008447005604600988,0.01711162540607552,0.07057863195848113,-0.48716945089357605,-0.04324740476048072,651,0.1506109382943425,0.4039938556067588,1.203706923011771,5,-0.39421068026101463,20.0,-0.0006490202306135507,0.015056331612342877,FRAGILE
189.0,42.0,70.0,30.0,3.0,-0.008186289748733366,0.017969404208141405,0.08042362433351247,-0.4484451402940456,-0.27316538754880515,2368,0.16137325413810144,0.3315033783783784,1.050521424250444,5,-0.18814828399234984,20.0,0.0015324275113578478,0.02152960559982005,FRAGILE
189.0,42.0,70.0,30.0,5.0,-0.008186289748733366,0.017969404208141405,0.08042362433351247,-0.4484451402940456,-0.1578406120883872,1430,0.16137325413810144,0.35454545454545455,1.1334462595579016,5,-0.18814828399234984,20.0,0.0015324275113578478,0.02152960559982005,FRAGILE
189.0,42.0,70.0,30.0,10.0,-0.008186289748733366,0.017969404208141405,0.08042362433351247,-0.4484451402940456,-0.05568789190109944,706,0.16137325413810144,0.41359773371104813,1.1100380592563115,5,-0.18814828399234984,20.0,0.0015324275113578478,0.02152960559982005,FRAGILE
189.0,42.0,80.0,10.0,3.0,-0.014010995168293516,0.017173645371473645,0.12410798246759269,-0.813001039571925,-0.25066885029802854,2299,0.16079215258208604,0.3397129186602871,1.0871816553830196,5,-1.1066463765973338,20.0,-0.012003072205022725,0.023094787019704445,FRAGILE
189.0,42.0,80.0,10.0,5.0,-0.014010995168293516,0.017173645371473645,0.12410798246759269,-0.813001039571925,-0.08079238454875749,1319,0.16079215258208604,0.37680060652009095,1.2836817032513732,5,-1.1066463765973338,20.0,-0.012003072205022725,0.023094787019704445,FRAGILE
189.0,42.0,80.0,10.0,10.0,-0.014010995168293516,0.017173645371473645,0.12410798246759269,-0.813001039571925,-0.03578181954125094,643,0.16079215258208604,0.4276827371695179,1.1420354650197038,5,-1.1066463765973338,20.0,-0.012003072205022725,0.023094787019704445,FRAGILE
189.0,42.0,80.0,15.0,3.0,-0.0060866549693184835,0.01714724346457266,0.08207548874818649,-0.3474704587438627,-0.2050976371237001,2234,0.1550446739145401,0.3384064458370636,1.1984220897203999,5,-0.3420946853013154,20.0,-0.0006585316045134348,0.021189052290824014,FRAGILE
189.0,42.0,80.0,15.0,5.0,-0.0060866549693184835,0.01714724346457266,0.08207548874818649,-0.3474704587438627,-0.06576376931210845,1290,0.1550446739145401,0.3751937984496124,1.347380294419999,5,-0.3420946853013154,20.0,-0.0006585316045134348,0.021189052290824014,FRAGILE
189.0,42.0,80.0,15.0,10.0,-0.0060866549693184835,0.01714724346457266,0.08207548874818649,-0.3474704587438627,-0.009011813506070221,650,0.1550446739145401,0.4369230769230769,1.2374924296056322,5,-0.3420946853013154,20.0,-0.0006585316045134348,0.021189052290824014,FRAGILE
189.0,42.0,80.0,20.0,3.0,-0.005610916986975578,0.01715762787411378,0.0716985312734566,-0.31935717943392583,-0.20641731239547834,2234,0.15245003028163312,0.3495971351835273,1.1382842858349023,5,-0.30989486211253514,20.0,0.001032546362202158,0.017164315726750087,FRAGILE
189.0,42.0,80.0,20.0,5.0,-0.005610916986975578,0.01715762787411378,0.0716985312734566,-0.31935717943392583,-0.07010541297988629,1354,0.15245003028163312,0.38183161004431315,1.3061889290360786,5,-0.30989486211253514,20.0,0.001032546362202158,0.017164315726750087,FRAGILE
189.0,42.0,80.0,20.0,10.0,-0.005610916986975578,0.01715762787411378,0.0716985312734566,-0.31935717943392583,-0.02102161012827852,672,0.15245003028163312,0.4330357142857143,1.1923772019932173,5,-0.30989486211253514,20.0,0.001032546362202158,0.017164315726750087,FRAGILE
189.0,42.0,80.0,25.0,3.0,-0.007827502258813568,0.017471709953147455,0.06740258496111184,-0.44102584618012697,-0.2537966736411277,2248,0.15262027672277545,0.33852313167259784,1.066967328773586,5,-0.3388468176755883,20.0,0.0005196832469900991,0.01635089719949847,FRAGILE
189.0,42.0,80.0,25.0,5.0,-0.007827502258813568,0.017471709953147455,0.06740258496111184,-0.44102584618012697,-0.1282908875543781,1349,0.15262027672277545,0.3684210526315789,1.1653552987368936,5,-0.3388468176755883,20.0,0.0005196832469900991,0.01635089719949847,FRAGILE
189.0,42.0,80.0,25.0,10.0,-0.007827502258813568,0.017471709953147455,0.06740258496111184,-0.44102584618012697,-0.04505330688238353,652,0.15262027672277545,0.40337423312883436,1.2021110932230572,5,-0.3388468176755883,20.0,0.0005196832469900991,0.01635089719949847,FRAGILE
189.0,42.0,80.0,30.0,3.0,-0.007450762165049252,0.018297505619652234,0.07911900139032069,-0.39956545188056347,-0.27303509962606676,2371,0.16331750093439984,0.33234921973850695,1.0642246326795455,5,-0.12782598721409535,20.0,0.0028204459242016757,0.023028662680160603,FRAGILE
189.0,42.0,80.0,30.0,5.0,-0.007450762165049252,0.018297505619652234,0.07911900139032069,-0.39956545188056347,-0.15428333898701058,1432,0.16331750093439984,0.3547486033519553,1.1637339663246207,5,-0.12782598721409535,20.0,0.0028204459242016757,0.023028662680160603,FRAGILE
189.0,42.0,80.0,30.0,10.0,-0.007450762165049252,0.018297505619652234,0.07911900139032069,-0.39956545188056347,-0.057771950609270456,707,0.16331750093439984,0.413012729844413,1.1081097800242403,5,-0.12782598721409535,20.0,0.0028204459242016757,0.023028662680160603,FRAGILE
189.0,63.0,40.0,10.0,3.0,-0.014088259228301925,0.016620037810770375,0.12212666685874285,-0.8453591906092733,-0.24995641717498443,2312,0.1532996659283489,0.3490484429065744,1.018260928289885,5,-1.1476486431386617,20.0,-0.01219131517884815,0.020543831801258947,FRAGILE
189.0,63.0,40.0,10.0,5.0,-0.014088259228301925,0.016620037810770375,0.12212666685874285,-0.8453591906092733,nan,1329,0.1532996659283489,0.3799849510910459,1.188762849550757,5,-1.1476486431386617,20.0,-0.01219131517884815,0.020543831801258947,FRAGILE
189.0,63.0,40.0,10.0,10.0,-0.014088259228301925,0.016620037810770375,0.12212666685874285,-0.8453591906092733,-0.029611412671460703,649,0.1532996659283489,0.4514637904468413,1.056294223817592,5,-1.1476486431386617,20.0,-0.01219131517884815,0.020543831801258947,FRAGILE
189.0,63.0,40.0,15.0,3.0,-0.007324449718519199,0.01645922893677519,0.08820875307342657,-0.4384055833600177,-0.20016872885552203,2248,0.14693597868566166,0.35231316725978645,1.1186394747833792,5,-0.4071561658801942,20.0,-0.0018209792737247988,0.018716240115393114,FRAGILE
189.0,63.0,40.0,15.0,5.0,-0.007324449718519199,0.01645922893677519,0.08820875307342657,-0.4384055833600177,-0.08312188783737888,1303,0.14693597868566166,0.3806600153491942,1.2316108476026668,5,-0.4071561658801942,20.0,-0.0018209792737247988,0.018716240115393114,FRAGILE
189.0,63.0,40.0,15.0,10.0,-0.007324449718519199,0.01645922893677519,0.08820875307342657,-0.4384055833600177,-0.00021741242333043326,656,0.14693597868566166,0.45884146341463417,1.1781756825055492,5,-0.4071561658801942,20.0,-0.0018209792737247988,0.018716240115393114,FRAGILE
189.0,63.0,40.0,20.0,3.0,-0.005335870673211618,0.01637541726880849,0.06004352607780372,-0.3185238700692774,-0.19871695758789834,2251,0.14453217419051553,0.3616170590848512,1.0913138102300572,5,-0.2581618581609108,40.0,0.0006850966221094267,0.012072518461736027,FRAGILE
189.0,63.0,40.0,20.0,5.0,-0.005335870673211618,0.01637541726880849,0.06004352607780372,-0.3185238700692774,-0.08150742367652208,1367,0.14453217419051553,0.38258961228968547,1.2444707542775202,5,-0.2581618581609108,40.0,0.0006850966221094267,0.012072518461736027,FRAGILE
189.0,63.0,40.0,20.0,10.0,-0.005335870673211618,0.01637541726880849,0.06004352607780372,-0.3185238700692774,-0.01759541669712934,678,0.14453217419051553,0.4498525073746313,1.1266304126206605,5,-0.2581618581609108,40.0,0.0006850966221094267,0.012072518461736027,FRAGILE
189.0,63.0,40.0,25.0,3.0,-0.007365079678990916,0.016620401459514933,0.06134902768828032,-0.4364538841538714,-0.23760368191529593,2262,0.1445839729589619,0.34969053934571176,1.0319110574978105,5,-0.3897294389440351,20.0,9.479638620228936e-05,0.011117495161043656,FRAGILE
189.0,63.0,40.0,25.0,5.0,-0.007365079678990916,0.016620401459514933,0.06134902768828032,-0.4364538841538714,-0.13997518788621735,1358,0.1445839729589619,0.36745213549337263,1.106268951425667,5,-0.3897294389440351,20.0,9.479638620228936e-05,0.011117495161043656,FRAGILE
189.0,63.0,40.0,25.0,10.0,-0.007365079678990916,0.016620401459514933,0.06134902768828032,-0.4364538841538714,-0.042059097803530336,656,0.1445839729589619,0.42073170731707316,1.1268449981618223,5,-0.3897294389440351,20.0,9.479638620228936e-05,0.011117495161043656,FRAGILE
189.0,63.0,40.0,30.0,3.0,-0.006731072548099681,0.017437407905827002,0.07501363078739198,-0.37858944219861557,-0.2617942132482419,2381,0.15519774333229283,0.3427131457370853,1.0199345505620256,5,-0.175894394305881,20.0,0.0015544263348840515,0.018739003605579004,FRAGILE
189.0,63.0,40.0,30.0,5.0,-0.006731072548099681,0.017437407905827002,0.07501363078739198,-0.37858944219861557,-0.16141442633323763,1439,0.15519774333229283,0.35302293259207784,1.1148760133642803,5,-0.175894394305881,20.0,0.0015544263348840515,0.018739003605579004,FRAGILE
189.0,63.0,40.0,30.0,10.0,-0.006731072548099681,0.017437407905827002,0.07501363078739198,-0.37858944219861557,-0.050977620998816815,711,0.15519774333229283,0.4177215189873418,1.1130426999050134,5,-0.175894394305881,20.0,0.0015544263348840515,0.018739003605579004,FRAGILE
189.0,63.0,50.0,10.0,3.0,-0.014152549045147844,0.016911424041331787,0.12427663085896445,-0.8343602107033167,-0.2497755652149178,2303,0.15610403618558066,0.34867564046895355,1.0286120858023315,5,-1.1238607389677588,20.0,-0.012082383704977228,0.020772005998939233,FRAGILE
189.0,63.0,50.0,10.0,5.0,-0.014152549045147844,0.016911424041331787,0.12427663085896445,-0.8343602107033167,nan,1325,0.15610403618558066,0.37886792452830187,1.2015837897850175,5,-1.1238607389677588,20.0,-0.012082383704977228,0.020772005998939233,FRAGILE
189.0,63.0,50.0,10.0,10.0,-0.014152549045147844,0.016911424041331787,0.12427663085896445,-0.8343602107033167,-0.02746964188135373,645,0.15610403618558066,0.4511627906976744,1.0696326733936379,5,-1.1238607389677588,20.0,-0.012082383704977228,0.020772005998939233,FRAGILE
189.0,63.0,50.0,15.0,3.0,-0.007193436054448887,0.016712294564143405,0.08975319346005073,-0.42361945585578786,-0.20094183546430225,2238,0.14964757695169156,0.3521000893655049,1.1250243693102957,5,-0.3782461718235548,20.0,-0.0015007940858176249,0.01883150074980786,FRAGILE
189.0,63.0,50.0,15.0,5.0,-0.007193436054448887,0.016712294564143405,0.08975319346005073,-0.42361945585578786,-0.08148726731975303,1298,0.14964757695169156,0.3798151001540832,1.2452094537688645,5,-0.3782461718235548,20.0,-0.0015007940858176249,0.01883150074980786,FRAGILE
189.0,63.0,50.0,15.0,10.0,-0.007193436054448887,0.016712294564143405,0.08975319346005073,-0.42361945585578786,0.0011126346953426508,652,0.14964757695169156,0.45858895705521474,1.1868435029528426,5,-0.3782461718235548,20.0,-0.0015007940858176249,0.01883150074980786,FRAGILE
189.0,63.0,50.0,20.0,3.0,-0.005276519158093573,0.016557886751554594,0.06069453812232917,-0.31122910993811614,-0.19830585799698752,2241,0.147186168769712,0.3614457831325301,1.0988268029552783,5,-0.2394124986465027,40.0,0.0007472300665376519,0.012411544793292765,FRAGILE
189.0,63.0,50.0,20.0,5.0,-0.005276519158093573,0.016557886751554594,0.06069453812232917,-0.31122910993811614,-0.08019367882073547,1362,0.147186168769712,0.38179148311306904,1.256403592243809,5,-0.2394124986465027,40.0,0.0007472300665376519,0.012411544793292765,FRAGILE
189.0,63.0,50.0,20.0,10.0,-0.005276519158093573,0.016557886751554594,0.06069453812232917,-0.31122910993811614,-0.016232052444869194,675,0.147186168769712,0.4488888888888889,1.1389013303810132,5,-0.2394124986465027,40.0,0.0007472300665376519,0.012411544793292765,FRAGILE
189.0,63.0,50.0,25.0,3.0,-0.0074175540941078255,0.016878893040861823,0.06173038385937302,-0.4326448990516013,-0.23869059376750934,2254,0.14727572608554657,0.34915705412599823,1.0390722247439237,5,-0.36279501531345976,20.0,0.00043016029349558506,0.011459488949841971,FRAGILE
189.0,63.0,50.0,25.0,5.0,-0.0074175540941078255,0.016878893040861823,0.06173038385937302,-0.4326448990516013,-0.13946849926271862,1354,0.14727572608554657,0.3663220088626292,1.1177688355999618,5,-0.36279501531345976,20.0,0.00043016029349558506,0.011459488949841971,FRAGILE
189.0,63.0,50.0,25.0,10.0,-0.0074175540941078255,0.016878893040861823,0.06173038385937302,-0.4326448990516013,-0.0405407411226455,653,0.14727572608554657,0.41960183767228176,1.1418918481611937,5,-0.36279501531345976,20.0,0.00043016029349558506,0.011459488949841971,FRAGILE
189.0,63.0,50.0,30.0,3.0,-0.006943484867241723,0.017638317491469352,0.07560616722522828,-0.3862022381072019,-0.2625524364257571,2373,0.15782513060444991,0.34260429835651074,1.0288644241456109,5,-0.16238092603729026,20.0,0.001665096953174805,0.01908374504713453,FRAGILE
189.0,63.0,50.0,30.0,5.0,-0.006943484867241723,0.017638317491469352,0.07560616722522828,-0.3862022381072019,-0.16196268951280188,1435,0.15782513060444991,0.3519163763066202,1.1321150062464145,5,-0.16238092603729026,20.0,0.001665096953174805,0.01908374504713453,FRAGILE
189.0,63.0,50.0,30.0,10.0,-0.006943484867241723,0.017638317491469352,0.07560616722522828,-0.3862022381072019,-0.049116390566323644,707,0.15782513060444991,0.41725601131541723,1.1257362414114593,5,-0.16238092603729026,20.0,0.001665096953174805,0.01908374504713453,FRAGILE
189.0,63.0,60.0,10.0,3.0,-0.01423772047630767,0.01726783785421156,0.1245959222512919,-0.8217884693736247,-0.24863193646282172,2294,0.1580742789794323,0.34829991281604183,1.0236818640302665,5,-1.1350955426825213,20.0,-0.01213242561934047,0.02120659796945008,FRAGILE
189.0,63.0,60.0,10.0,5.0,-0.01423772047630767,0.01726783785421156,0.1245959222512919,-0.8217884693736247,nan,1319,0.1580742789794323,0.378316906747536,1.196704582991297,5,-1.1350955426825213,20.0,-0.01213242561934047,0.02120659796945008,FRAGILE
189.0,63.0,60.0,10.0,10.0,-0.01423772047630767,0.01726783785421156,0.1245959222512919,-0.8217884693736247,-0.025610594625563272,643,0.1580742789794323,0.4510108864696734,1.078663332996506,5,-1.1350955426825213,20.0,-0.01213242561934047,0.02120659796945008,FRAGILE
189.0,63.0,60.0,15.0,3.0,-0.007211263908966203,0.017135737600032584,0.09030070859924832,-0.41378045314210954,-0.20092909881814744,2230,0.15189058894486382,0.3515695067264574,1.119563653885482,5,-0.3841101919084803,20.0,-0.0013745724644052214,0.019032892868005375,FRAGILE
189.0,63.0,60.0,15.0,5.0,-0.007211263908966203,0.017135737600032584,0.09030070859924832,-0.41378045314210954,-0.07996282363863,1292,0.15189058894486382,0.37925696594427244,1.245633648782141,5,-0.3841101919084803,20.0,-0.0013745724644052214,0.019032892868005375,FRAGILE
189.0,63.0,60.0,15.0,10.0,-0.007211263908966203,0.017135737600032584,0.09030070859924832,-0.41378045314210954,0.002846376755160816,650,0.15189058894486382,0.4584615384615385,1.1973664226383065,5,-0.3841101919084803,20.0,-0.0013745724644052214,0.019032892868005375,FRAGILE
189.0,63.0,60.0,20.0,3.0,-0.00524584826560659,0.016927853526599312,0.061473469018519356,-0.30223957533172197,-0.19829919794598164,2233,0.14945837149641197,0.36094939543215404,1.0932292751961847,5,-0.22537314792474433,40.0,0.0009115966111321149,0.012658798388852557,FRAGILE
189.0,63.0,60.0,20.0,5.0,-0.00524584826560659,0.016927853526599312,0.061473469018519356,-0.30223957533172197,-0.0777277081943709,1356,0.14945837149641197,0.38200589970501475,1.2604393809252716,5,-0.22537314792474433,40.0,0.0009115966111321149,0.012658798388852557,FRAGILE
189.0,63.0,60.0,20.0,10.0,-0.00524584826560659,0.016927853526599312,0.061473469018519356,-0.30223957533172197,-0.013564575109923933,673,0.14945837149641197,0.4487369985141159,1.1531896835667288,5,-0.22537314792474433,40.0,0.0009115966111321149,0.012658798388852557,FRAGILE
189.0,63.0,60.0,25.0,3.0,-0.007295428214869837,0.017222756718327018,0.0611674192565248,-0.4165230918090738,-0.23651459042419418,2246,0.1497005508811637,0.3490650044523598,1.038572894437435,5,-0.35773718062157966,20.0,0.0007184353006394195,0.011991644259452544,FRAGILE
189.0,63.0,60.0,25.0,5.0,-0.007295428214869837,0.017222756718327018,0.0611674192565248,-0.4165230918090738,-0.1362027622291173,1348,0.1497005508811637,0.3664688427299703,1.121681131217404,5,-0.35773718062157966,20.0,0.0007184353006394195,0.011991644259452544,FRAGILE
189.0,63.0,60.0,25.0,10.0,-0.007295428214869837,0.017222756718327018,0.0611674192565248,-0.4165230918090738,-0.037550024652023076,651,0.1497005508811637,0.41935483870967744,1.1578548153759518,5,-0.35773718062157966,20.0,0.0007184353006394195,0.011991644259452544,FRAGILE
189.0,63.0,60.0,30.0,3.0,-0.006851133312579805,0.017973684120900134,0.07558752680426639,-0.3734901616179893,-0.2612945994858879,2365,0.16041329997844553,0.3420718816067653,1.0209770534860318,5,-0.15576169287312847,20.0,0.0018977089782515667,0.019518111022906823,FRAGILE
189.0,63.0,60.0,30.0,5.0,-0.006851133312579805,0.017973684120900134,0.07558752680426639,-0.3734901616179893,-0.1595707486946899,1429,0.16041329997844553,0.35199440167949614,1.132690061846236,5,-0.15576169287312847,20.0,0.0018977089782515667,0.019518111022906823,FRAGILE
189.0,63.0,60.0,30.0,10.0,-0.006851133312579805,0.017973684120900134,0.07558752680426639,-0.3734901616179893,-0.04647338384972584,705,0.16041329997844553,0.41702127659574467,1.1385009812728137,5,-0.15576169287312847,20.0,0.0018977089782515667,0.019518111022906823,FRAGILE
189.0,63.0,70.0,10.0,3.0,-0.013957067351435315,0.017364164925971527,0.12485714679488435,-0.8007407280572733,-0.24508732172274325,2290,0.16003896821515787,0.3475982532751092,1.0459648171147762,5,-1.1175074613247509,20.0,-0.01188814802367726,0.02243141774391352,FRAGILE
189.0,63.0,70.0,10.0,5.0,-0.013957067351435315,0.017364164925971527,0.12485714679488435,-0.8007407280572733,nan,1317,0.16003896821515787,0.37813211845102507,1.2232569796313133,5,-1.1175074613247509,20.0,-0.01188814802367726,0.02243141774391352,FRAGILE
189.0,63.0,70.0,10.0,10.0,-0.013957067351435315,0.017364164925971527,0.12485714679488435,-0.8007407280572733,-0.023150140813361093,642,0.16003896821515787,0.4517133956386293,1.0913039563229034,5,-1.1175074613247509,20.0,-0.01188814802367726,0.02243141774391352,FRAGILE
189.0,63.0,70.0,15.0,3.0,-0.006721395726453916,0.01727671690660644,0.08976807586590152,-0.3817117364065244,-0.19791444450607795,2227,0.15408876141835146,0.3511450381679389,1.137943183196971,5,-0.36713784422339724,20.0,-0.0009577268907891235,0.019976961373202658,FRAGILE
189.0,63.0,70.0,15.0,5.0,-0.006721395726453916,0.01727671690660644,0.08976807586590152,-0.3817117364065244,-0.07450774697899647,1289,0.15408876141835146,0.3785880527540729,1.279915585736768,5,-0.36713784422339724,20.0,-0.0009577268907891235,0.019976961373202658,FRAGILE
189.0,63.0,70.0,15.0,10.0,-0.006721395726453916,0.01727671690660644,0.08976807586590152,-0.3817117364065244,0.006296444048733967,649,0.15408876141835146,0.4591679506933744,1.2127879781309647,5,-0.36713784422339724,20.0,-0.0009577268907891235,0.019976961373202658,FRAGILE
189.0,63.0,70.0,20.0,3.0,-0.004800120481180281,0.01714869002952273,0.060599478757811354,-0.27200549974868793,-0.1948443558768551,2229,0.1515384345523453,0.36025123373710183,1.1118914833540532,5,-0.20445805658024946,40.0,0.001479732649468124,0.013803739019527243,FRAGILE
189.0,63.0,70.0,20.0,5.0,-0.004800120481180281,0.01714869002952273,0.060599478757811354,-0.27200549974868793,-0.07272942640707927,1354,0.1515384345523453,0.3810930576070901,1.2927444268630581,5,-0.20445805658024946,40.0,0.001479732649468124,0.013803739019527243,FRAGILE
189.0,63.0,70.0,20.0,10.0,-0.004800120481180281,0.01714869002952273,0.060599478757811354,-0.27200549974868793,-0.0090613920175474,672,0.1515384345523453,0.4494047619047619,1.1759023048197084,5,-0.20445805658024946,40.0,0.001479732649468124,0.013803739019527243,FRAGILE
189.0,63.0,70.0,25.0,3.0,-0.0068309317820832716,0.01741010543569576,0.05737924911712711,-0.3849860031369467,-0.23382001269813027,2243,0.1517346863134575,0.3481943825234062,1.0601799060559913,5,-0.34601451131625344,20.0,0.0012386597261500709,0.012874357893364777,FRAGILE
189.0,63.0,70.0,25.0,5.0,-0.0068309317820832716,0.01741010543569576,0.05737924911712711,-0.3849860031369467,-0.13318973355697317,1346,0.1517346863134575,0.3655274888558692,1.1470957621234785,5,-0.34601451131625344,20.0,0.0012386597261500709,0.012874357893364777,FRAGILE
189.0,63.0,70.0,25.0,10.0,-0.0068309317820832716,0.01741010543569576,0.05737924911712711,-0.3849860031369467,-0.03494293030338527,650,0.1517346863134575,0.42,1.1747822646707273,5,-0.34601451131625344,20.0,0.0012386597261500709,0.012874357893364777,FRAGILE
189.0,63.0,70.0,30.0,3.0,-0.006333764394602093,0.01813774480462614,0.07465048200880908,-0.3412358224631221,-0.2577838192369441,2362,0.1624709594252394,0.34123624047417445,1.0443216112885456,5,-0.12593607687911146,20.0,0.0025183998413084606,0.020615474893645725,FRAGILE
189.0,63.0,70.0,30.0,5.0,-0.006333764394602093,0.01813774480462614,0.07465048200880908,-0.3412358224631221,-0.15568766859977923,1427,0.1624709594252394,0.3510861948142957,1.1618212833479293,5,-0.12593607687911146,20.0,0.0025183998413084606,0.020615474893645725,FRAGILE
189.0,63.0,70.0,30.0,10.0,-0.006333764394602093,0.01813774480462614,0.07465048200880908,-0.3412358224631221,-0.04397237594119264,704,0.1624709594252394,0.41761363636363635,1.1541574205765432,5,-0.12593607687911146,20.0,0.0025183998413084606,0.020615474893645725,FRAGILE
189.0,63.0,80.0,10.0,3.0,-0.013319710349872116,0.01750183624867985,0.12481452047870278,-0.7573876043394825,-0.24580284609479708,2295,0.1616772502432793,0.3485838779956427,1.0520647447842728,5,-1.0671614326266206,20.0,-0.010923230644847215,0.02416199045390449,FRAGILE
189.0,63.0,80.0,10.0,5.0,-0.013319710349872116,0.01750183624867985,0.12481452047870278,-0.7573876043394825,nan,1318,0.1616772502432793,0.37708649468892264,1.270115672861106,5,-1.0671614326266206,20.0,-0.010923230644847215,0.02416199045390449,FRAGILE
189.0,63.0,80.0,10.0,10.0,-0.013319710349872116,0.01750183624867985,0.12481452047870278,-0.7573876043394825,-0.02291310886994811,643,0.1616772502432793,0.4510108864696734,1.0997014115492858,5,-1.0671614326266206,20.0,-0.010923230644847215,0.02416199045390449,FRAGILE
189.0,63.0,80.0,15.0,3.0,-0.00585579296553318,0.017471621148143615,0.08899979535035818,-0.3274053309917245,-0.19585470989788417,2231,0.15580773578579743,0.3518601523980278,1.1534674020751687,5,-0.31514765806156103,20.0,0.00014536302080574436,0.021695377013934508,FRAGILE
189.0,63.0,80.0,15.0,5.0,-0.00585579296553318,0.017471621148143615,0.08899979535035818,-0.3274053309917245,-0.06734667891686166,1290,0.15580773578579743,0.37751937984496126,1.3306962848336052,5,-0.31514765806156103,20.0,0.00014536302080574436,0.021695377013934508,FRAGILE
189.0,63.0,80.0,15.0,10.0,-0.00585579296553318,0.017471621148143615,0.08899979535035818,-0.3274053309917245,0.006825543603654397,650,0.15580773578579743,0.4584615384615385,1.2177270045448567,5,-0.31514765806156103,20.0,0.00014536302080574436,0.021695377013934508,FRAGILE
189.0,63.0,80.0,20.0,3.0,-0.004178839830942138,0.017492900360841796,0.05988317831431855,-0.23063706075946488,-0.19312406549803018,2231,0.1533031764865979,0.36082474226804123,1.123638878405898,5,-0.12879337130380972,40.0,0.002644442055238105,0.015482994317954666,FRAGILE
189.0,63.0,80.0,20.0,5.0,-0.004178839830942138,0.017492900360841796,0.05988317831431855,-0.23063706075946488,-0.06790474496238684,1354,0.1533031764865979,0.3810930576070901,1.3222286086596593,5,-0.12879337130380972,40.0,0.002644442055238105,0.015482994317954666,FRAGILE
189.0,63.0,80.0,20.0,10.0,-0.004178839830942138,0.017492900360841796,0.05988317831431855,-0.23063706075946488,-0.008753081898236304,672,0.1533031764865979,0.4494047619047619,1.1785566830002412,5,-0.12879337130380972,40.0,0.002644442055238105,0.015482994317954666,FRAGILE
189.0,63.0,80.0,25.0,3.0,-0.006179868331804839,0.017719274258500176,0.05516766982150323,-0.34097969497831354,-0.23266143234179978,2245,0.15356030366517762,0.3487750556792873,1.0745228763331856,5,-0.2938105895542553,20.0,0.002423722354711244,0.014260714840847791,FRAGILE
189.0,63.0,80.0,25.0,5.0,-0.006179868331804839,0.017719274258500176,0.05516766982150323,-0.34097969497831354,-0.12957451496841652,1347,0.15356030366517762,0.36525612472160357,1.1786882660290667,5,-0.2938105895542553,20.0,0.002423722354711244,0.014260714840847791,FRAGILE
189.0,63.0,80.0,25.0,10.0,-0.006179868331804839,0.017719274258500176,0.05516766982150323,-0.34097969497831354,-0.036674024649961195,651,0.15356030366517762,0.41935483870967744,1.1724926999583958,5,-0.2938105895542553,20.0,0.002423722354711244,0.014260714840847791,FRAGILE
189.0,63.0,80.0,30.0,3.0,-0.005613500728929632,0.018411999124736567,0.07351544979126712,-0.29652779596129253,-0.256937581736083,2365,0.16418897752327735,0.3420718816067653,1.0569479547357854,5,-0.06597833489598577,20.0,0.003773287854428475,0.02211347583491795,FRAGILE
189.0,63.0,80.0,30.0,5.0,-0.005613500728929632,0.018411999124736567,0.07351544979126712,-0.29652779596129253,-0.15198850060564031,1429,0.16418897752327735,0.35129461161651504,1.1916100281179351,5,-0.06597833489598577,20.0,0.003773287854428475,0.02211347583491795,FRAGILE
189.0,63.0,80.0,30.0,10.0,-0.005613500728929632,0.018411999124736567,0.07351544979126712,-0.29652779596129253,-0.04598356706908174,705,0.16418897752327735,0.41702127659574467,1.15091974369036,5,-0.06597833489598577,20.0,0.003773287854428475,0.02211347583491795,FRAGILE
220.0,0.0,40.0,10.0,3.0,-0.012633656583256991,0.014720473875774602,0.09944162790205091,-0.8563213160795544,-0.21941015272324532,2302,0.14802734591507427,0.3353605560382276,1.1400333470066564,5,-0.7875272689815598,20.0,-0.005897930857580303,0.01765322560578663,FRAGILE
220.0,0.0,40.0,10.0,5.0,-0.012633656583256991,0.014720473875774602,0.09944162790205091,-0.8563213160795544,-0.09311335995904585,1324,0.14802734591507427,0.3821752265861027,1.1738411435481662,5,-0.7875272689815598,20.0,-0.005897930857580303,0.01765322560578663,FRAGILE
220.0,0.0,40.0,10.0,10.0,-0.012633656583256991,0.014720473875774602,0.09944162790205091,-0.8563213160795544,-0.024523944508606406,649,0.14802734591507427,0.4591679506933744,1.0429281320311612,5,-0.7875272689815598,20.0,-0.005897930857580303,0.01765322560578663,FRAGILE
220.0,0.0,40.0,15.0,3.0,-0.0072269852589765815,0.014464642237329416,0.06796652687176219,-0.4942056332768309,-0.19218103993327698,2237,0.14235619614473208,0.34018775145283864,1.1767767765842452,5,-0.08849253091419858,20.0,0.002973253934307962,0.018043284401654893,FRAGILE
220.0,0.0,40.0,15.0,5.0,-0.0072269852589765815,0.014464642237329416,0.06796652687176219,-0.4942056332768309,-0.07208897695216564,1303,0.14235619614473208,0.3821949347659248,1.2510597750138006,5,-0.08849253091419858,20.0,0.002973253934307962,0.018043284401654893,FRAGILE
220.0,0.0,40.0,15.0,10.0,-0.0072269852589765815,0.014464642237329416,0.06796652687176219,-0.4942056332768309,-0.006139395284424715,656,0.14235619614473208,0.4481707317073171,1.1937542939082255,5,-0.08849253091419858,20.0,0.002973253934307962,0.018043284401654893,FRAGILE
220.0,0.0,40.0,20.0,3.0,-0.005945360405979594,0.014983347617873722,0.05804224449189288,-0.39048173198558084,-0.2036441584238006,2246,0.14081881292464504,0.3468388245770258,1.1225820789344796,5,-0.3223541651579536,40.0,0.002870484445602739,0.015029100639398331,FRAGILE
220.0,0.0,40.0,20.0,5.0,-0.005945360405979594,0.014983347617873722,0.05804224449189288,-0.39048173198558084,-0.08349890257290205,1368,0.14081881292464504,0.3881578947368421,1.1951725294423523,5,-0.3223541651579536,40.0,0.002870484445602739,0.015029100639398331,FRAGILE
220.0,0.0,40.0,20.0,10.0,-0.005945360405979594,0.014983347617873722,0.05804224449189288,-0.39048173198558084,-0.02674410508817939,678,0.14081881292464504,0.4410029498525074,1.1150995614305492,5,-0.3223541651579536,40.0,0.002870484445602739,0.015029100639398331,FRAGILE
220.0,0.0,40.0,25.0,3.0,-0.008313482740031963,0.015025241323070683,0.06646192934161455,-0.5480868635961696,-0.23812303344649619,2260,0.1406587864019423,0.3411504424778761,1.046976959259859,5,-0.37884090242467733,20.0,0.001081736658934096,0.013996757935850474,FRAGILE
220.0,0.0,40.0,25.0,5.0,-0.008313482740031963,0.015025241323070683,0.06646192934161455,-0.5480868635961696,-0.13345404072806655,1361,0.1406587864019423,0.38060249816311537,1.0515692689651615,5,-0.37884090242467733,20.0,0.001081736658934096,0.013996757935850474,FRAGILE
220.0,0.0,40.0,25.0,10.0,-0.008313482740031963,0.015025241323070683,0.06646192934161455,-0.5480868635961696,-0.04269833464605694,657,0.1406587864019423,0.4185692541856925,1.121466299535943,5,-0.37884090242467733,20.0,0.001081736658934096,0.013996757935850474,FRAGILE
220.0,0.0,40.0,30.0,3.0,-0.007885064979557987,0.015517887969822595,0.07066744893646415,-0.5023699824637747,-0.24545326321650576,2367,0.15035630801259772,0.3350232361639206,1.06161636897447,5,-0.06402961940199489,40.0,0.004388031138325555,0.021504506551445438,FRAGILE
220.0,0.0,40.0,30.0,5.0,-0.007885064979557987,0.015517887969822595,0.07066744893646415,-0.5023699824637747,-0.15432565363283302,1430,0.15035630801259772,0.36643356643356645,1.0519555352983112,5,-0.06402961940199489,40.0,0.004388031138325555,0.021504506551445438,FRAGILE
220.0,0.0,40.0,30.0,10.0,-0.007885064979557987,0.015517887969822595,0.07066744893646415,-0.5023699824637747,-0.06128893677022853,706,0.15035630801259772,0.415014164305949,1.057802037039541,5,-0.06402961940199489,40.0,0.004388031138325555,0.021504506551445438,FRAGILE
220.0,0.0,50.0,10.0,3.0,-0.012530146271048315,0.015024436021623271,0.0989116769152697,-0.831718766622474,-0.21775447505184845,2293,0.15086033228800955,0.3349324029655473,1.155488123931171,5,-0.7527112956342799,20.0,-0.005742369609341979,0.017815010477017855,FRAGILE
220.0,0.0,50.0,10.0,5.0,-0.012530146271048315,0.015024436021623271,0.0989116769152697,-0.831718766622474,-0.09206661430886746,1320,0.15086033228800955,0.38106060606060604,1.1868729138890899,5,-0.7527112956342799,20.0,-0.005742369609341979,0.017815010477017855,FRAGILE
220.0,0.0,50.0,10.0,10.0,-0.012530146271048315,0.015024436021623271,0.0989116769152697,-0.831718766622474,-0.02348833016813801,646,0.15086033228800955,0.4582043343653251,1.0533549994989873,5,-0.7527112956342799,20.0,-0.005742369609341979,0.017815010477017855,FRAGILE
220.0,0.0,50.0,15.0,3.0,-0.00695308864344002,0.01476267334312891,0.0667722782748037,-0.4652479320292852,-0.1910905937101926,2227,0.14506459154873416,0.33991917377638076,1.1891354101217313,5,-0.04790404515968212,20.0,0.0033931994170389944,0.01820798181486681,FRAGILE
220.0,0.0,50.0,15.0,5.0,-0.00695308864344002,0.01476267334312891,0.0667722782748037,-0.4652479320292852,-0.06986328642887236,1298,0.14506459154873416,0.3813559322033898,1.267563181973749,5,-0.04790404515968212,20.0,0.0033931994170389944,0.01820798181486681,FRAGILE
220.0,0.0,50.0,15.0,10.0,-0.00695308864344002,0.01476267334312891,0.0667722782748037,-0.4652479320292852,-0.005184016564622129,653,0.14506459154873416,0.44716692189892804,1.2047039175434868,5,-0.04790404515968212,20.0,0.0033931994170389944,0.01820798181486681,FRAGILE
220.0,0.0,50.0,20.0,3.0,-0.005705427313714373,0.015146563021525672,0.057923684598798375,-0.3701787487486844,-0.2019330717891205,2236,0.1434516603295278,0.3466010733452594,1.1345872374800174,5,-0.2948494684637065,40.0,0.0030910110840866255,0.01526346567140116,FRAGILE
220.0,0.0,50.0,20.0,5.0,-0.005705427313714373,0.015146563021525672,0.057923684598798375,-0.3701787487486844,-0.0814034531745741,1363,0.1434516603295278,0.3873807776962582,1.2100086271775998,5,-0.2948494684637065,40.0,0.0030910110840866255,0.01526346567140116,FRAGILE
220.0,0.0,50.0,20.0,10.0,-0.005705427313714373,0.015146563021525672,0.057923684598798375,-0.3701787487486844,-0.025493975736285278,676,0.1434516603295278,0.4393491124260355,1.1304423313287657,5,-0.2948494684637065,40.0,0.0030910110840866255,0.01526346567140116,FRAGILE
220.0,0.0,50.0,25.0,3.0,-0.007933481662289465,0.015276129939298706,0.06351091316050272,-0.5137578718474354,-0.23592356907695033,2252,0.14331942588937405,0.34058614564831263,1.062761761556303,5,-0.3229353715918252,20.0,0.001804775241373746,0.01418918082822298,FRAGILE
220.0,0.0,50.0,25.0,5.0,-0.007933481662289465,0.015276129939298706,0.06351091316050272,-0.5137578718474354,-0.13130204359087927,1357,0.14331942588937405,0.3795136330140015,1.06823212289721,5,-0.3229353715918252,20.0,0.001804775241373746,0.01418918082822298,FRAGILE
220.0,0.0,50.0,25.0,10.0,-0.007933481662289465,0.015276129939298706,0.06351091316050272,-0.5137578718474354,-0.041211463702836404,655,0.14331942588937405,0.416793893129771,1.139961822538689,5,-0.3229353715918252,20.0,0.001804775241373746,0.01418918082822298,FRAGILE
220.0,0.0,50.0,30.0,3.0,-0.0077582154288233784,0.0157359610556001,0.06897027851264648,-0.48706657415505217,-0.24350544132067253,2357,0.1530011693020299,0.3347475604582096,1.074747862187746,5,-0.026956523924334497,40.0,0.004717883061506422,0.02172392573843916,FRAGILE
220.0,0.0,50.0,30.0,5.0,-0.0077582154288233784,0.0157359610556001,0.06897027851264648,-0.48706657415505217,-0.152377185708671,1425,0.1530011693020299,0.3656140350877193,1.0676691393233957,5,-0.026956523924334497,40.0,0.004717883061506422,0.02172392573843916,FRAGILE
220.0,0.0,50.0,30.0,10.0,-0.0077582154288233784,0.0157359610556001,0.06897027851264648,-0.48706657415505217,-0.05842622481747662,703,0.1530011693020299,0.4139402560455192,1.0787756056426376,5,-0.026956523924334497,40.0,0.004717883061506422,0.02172392573843916,FRAGILE
220.0,0.0,60.0,10.0,3.0,-0.012611217811954623,0.015471102007236726,0.09960744008367761,-0.8125719131653778,-0.21769729457790427,2285,0.1529843241940713,0.3347921225382932,1.1496199610754476,5,-0.7530842557274214,20.0,-0.005808504044809348,0.018342258141663927,FRAGILE
220.0,0.0,60.0,10.0,5.0,-0.012611217811954623,0.015471102007236726,0.09960744008367761,-0.8125719131653778,-0.09134210221830447,1315,0.1529843241940713,0.38098859315589356,1.1847169156024828,5,-0.7530842557274214,20.0,-0.005808504044809348,0.018342258141663927,FRAGILE
220.0,0.0,60.0,10.0,10.0,-0.012611217811954623,0.015471102007236726,0.09960744008367761,-0.8125719131653778,-0.021351670837955087,644,0.1529843241940713,0.4580745341614907,1.0641467091845183,5,-0.7530842557274214,20.0,-0.005808504044809348,0.018342258141663927,FRAGILE
220.0,0.0,60.0,15.0,3.0,-0.006803551127410712,0.015253872847964325,0.06715783234030315,-0.43991159159511184,-0.19204202699817227,2220,0.1474635634237814,0.3396396396396396,1.1824843719679932,5,-0.03376555823105894,20.0,0.0036173537162975445,0.018591626877277948,FRAGILE
220.0,0.0,60.0,15.0,5.0,-0.006803551127410712,0.015253872847964325,0.06715783234030315,-0.43991159159511184,-0.0685631962932605,1293,0.1474635634237814,0.38128383604021654,1.2696794779555254,5,-0.03376555823105894,20.0,0.0036173537162975445,0.018591626877277948,FRAGILE
220.0,0.0,60.0,15.0,10.0,-0.006803551127410712,0.015253872847964325,0.06715783234030315,-0.43991159159511184,-0.0033037810224095386,651,0.1474635634237814,0.4470046082949309,1.2167183802953159,5,-0.03376555823105894,20.0,0.0036173537162975445,0.018591626877277948,FRAGILE
220.0,0.0,60.0,20.0,3.0,-0.005461683727084776,0.015538835231141654,0.058377796057386466,-0.34467261048981446,-0.20276260008766836,2229,0.14571663234852164,0.3463436518618214,1.1268364011629988,5,-0.271112587608357,40.0,0.0033388878619560413,0.015572736537899732,FRAGILE
220.0,0.0,60.0,20.0,5.0,-0.005461683727084776,0.015538835231141654,0.058377796057386466,-0.34467261048981446,-0.0796456794175308,1358,0.14571663234852164,0.3873343151693667,1.212473206045904,5,-0.271112587608357,40.0,0.0033388878619560413,0.015572736537899732,FRAGILE
220.0,0.0,60.0,20.0,10.0,-0.005461683727084776,0.015538835231141654,0.058377796057386466,-0.34467261048981446,-0.022784554770097002,674,0.14571663234852164,0.4391691394658754,1.14494746400708,5,-0.271112587608357,40.0,0.0033388878619560413,0.015572736537899732,FRAGILE
220.0,0.0,60.0,25.0,3.0,-0.007643608657088352,0.015656254343907588,0.061254306883217646,-0.4822491972992564,-0.23543757772421442,2245,0.14564820911072887,0.3403118040089087,1.058306705537158,5,-0.29359108231603903,20.0,0.002128978152439909,0.0147193589400515,FRAGILE
220.0,0.0,60.0,25.0,5.0,-0.007643608657088352,0.015656254343907588,0.061254306883217646,-0.4822491972992564,-0.12983219317629946,1352,0.14564820911072887,0.37943786982248523,1.0667603110892763,5,-0.29359108231603903,20.0,0.002128978152439909,0.0147193589400515,FRAGILE
220.0,0.0,60.0,25.0,10.0,-0.007643608657088352,0.015656254343907588,0.061254306883217646,-0.4822491972992564,-0.03890179546495234,653,0.14564820911072887,0.4165390505359878,1.1528517517642312,5,-0.29359108231603903,20.0,0.002128978152439909,0.0147193589400515,FRAGILE
220.0,0.0,60.0,30.0,3.0,-0.007451810651271207,0.016110172392639482,0.06857928401664137,-0.4562186007859098,-0.24288774504080726,2350,0.15547872597618262,0.334468085106383,1.07061533247094,5,-0.008610820759589678,40.0,0.005030301988585362,0.022054432076592714,FRAGILE
220.0,0.0,60.0,30.0,5.0,-0.007451810651271207,0.016110172392639482,0.06857928401664137,-0.4562186007859098,-0.15158735843994736,1420,0.15547872597618262,0.3654929577464789,1.064152897559506,5,-0.008610820759589678,40.0,0.005030301988585362,0.022054432076592714,FRAGILE
220.0,0.0,60.0,30.0,10.0,-0.007451810651271207,0.016110172392639482,0.06857928401664137,-0.4562186007859098,-0.05656683242019368,701,0.15547872597618262,0.4136947218259629,1.0874542455436509,5,-0.008610820759589678,40.0,0.005030301988585362,0.022054432076592714,FRAGILE
220.0,0.0,70.0,10.0,3.0,-0.012249370645191271,0.015615510756938808,0.0971134778841709,-0.7814510936403937,-0.21389385167340205,2280,0.1549353307397448,0.3337719298245614,1.1749388549197683,5,-0.7326407906182538,20.0,-0.005422464682020145,0.019556693537223245,FRAGILE
220.0,0.0,70.0,10.0,5.0,-0.012249370645191271,0.015615510756938808,0.0971134778841709,-0.7814510936403937,-0.08596002103477521,1312,0.1549353307397448,0.3803353658536585,1.2176468638394284,5,-0.7326407906182538,20.0,-0.005422464682020145,0.019556693537223245,FRAGILE
220.0,0.0,70.0,10.0,10.0,-0.012249370645191271,0.015615510756938808,0.0971134778841709,-0.7814510936403937,-0.018084718880449206,643,0.1549353307397448,0.45878693623639194,1.0809809764097669,5,-0.7326407906182538,20.0,-0.005422464682020145,0.019556693537223245,FRAGILE
220.0,0.0,70.0,15.0,3.0,-0.006227274391975235,0.0154511490979681,0.0667258425360936,-0.3965591144856072,-0.1885656270709153,2215,0.1496877542793699,0.33860045146726864,1.2043405819049557,5,-0.0117795892772861,40.0,0.004182860581653847,0.01964223014135485,FRAGILE
220.0,0.0,70.0,15.0,5.0,-0.006227274391975235,0.0154511490979681,0.0667258425360936,-0.3965591144856072,-0.06336668960444743,1290,0.1496877542793699,0.3806201550387597,1.3036490133537326,5,-0.0117795892772861,40.0,0.004182860581653847,0.01964223014135485,FRAGILE
220.0,0.0,70.0,15.0,10.0,-0.006227274391975235,0.0154511490979681,0.0667258425360936,-0.3965591144856072,0.00018339000635683874,650,0.1496877542793699,0.44769230769230767,1.2347841305894112,5,-0.0117795892772861,40.0,0.004182860581653847,0.01964223014135485,FRAGILE
220.0,0.0,70.0,20.0,3.0,-0.00495352427519935,0.015842548041959104,0.05777419487083146,-0.30552145227474203,-0.19973007747099247,2224,0.14789428240128555,0.34532374100719426,1.1466789406997469,5,-0.2312368417382314,40.0,0.0040771842391468475,0.01670731076684281,FRAGILE
220.0,0.0,70.0,20.0,5.0,-0.00495352427519935,0.015842548041959104,0.05777419487083146,-0.30552145227474203,-0.07666333413603736,1356,0.14789428240128555,0.3864306784660767,1.2366077017494506,5,-0.2312368417382314,40.0,0.0040771842391468475,0.01670731076684281,FRAGILE
220.0,0.0,70.0,20.0,10.0,-0.00495352427519935,0.015842548041959104,0.05777419487083146,-0.30552145227474203,-0.018181041724059273,673,0.14789428240128555,0.4398216939078752,1.1703035724818822,5,-0.2312368417382314,40.0,0.0040771842391468475,0.01670731076684281,FRAGILE
220.0,0.0,70.0,25.0,3.0,-0.007158233328023789,0.01593556706829645,0.058533454141197816,-0.4428349617782914,-0.23432256950525865,2242,0.1477987016715046,0.3394290811775201,1.0780754187382624,5,-0.26475140806875297,20.0,0.002820850003675801,0.015702704287010583,FRAGILE
220.0,0.0,70.0,25.0,5.0,-0.007158233328023789,0.01593556706829645,0.058533454141197816,-0.4428349617782914,-0.12695699035857352,1350,0.1477987016715046,0.37851851851851853,1.09050406120194,5,-0.26475140806875297,20.0,0.002820850003675801,0.015702704287010583,FRAGILE
220.0,0.0,70.0,25.0,10.0,-0.007158233328023789,0.01593556706829645,0.058533454141197816,-0.4428349617782914,-0.035252493429722684,652,0.1477987016715046,0.4171779141104294,1.176907633937632,5,-0.26475140806875297,20.0,0.002820850003675801,0.015702704287010583,FRAGILE
220.0,0.0,70.0,30.0,3.0,-0.006939371949625683,0.01637669669819953,0.06832172034246564,-0.41701299501034217,-0.24137011600286482,2347,0.1576504796253828,0.3336173838943332,1.0911991912934191,5,0.02321984622111801,40.0,0.005665896601574483,0.023282007168898666,FRAGILE
220.0,0.0,70.0,30.0,5.0,-0.006939371949625683,0.01637669669819953,0.06832172034246564,-0.41701299501034217,-0.14804961180117324,1418,0.1576504796253828,0.36459802538787023,1.091745460054357,5,0.02321984622111801,40.0,0.005665896601574483,0.023282007168898666,FRAGILE
220.0,0.0,70.0,30.0,10.0,-0.006939371949625683,0.01637669669819953,0.06832172034246564,-0.41701299501034217,-0.0531699937545095,700,0.1576504796253828,0.4142857142857143,1.1095423434566054,5,0.02321984622111801,40.0,0.005665896601574483,0.023282007168898666,FRAGILE
220.0,0.0,80.0,10.0,3.0,-0.011520168962859345,0.015836811260899378,0.09292562945365146,-0.7237161951900197,-0.21608430359320574,2285,0.15678565619054777,0.3347921225382932,1.17796638805736,5,-0.6738816528217572,20.0,-0.004276563952107293,0.021231915979395694,FRAGILE
220.0,0.0,80.0,10.0,5.0,-0.011520168962859345,0.015836811260899378,0.09292562945365146,-0.7237161951900197,-0.08116582202884592,1313,0.15678565619054777,0.37928408225437926,1.259680873853736,5,-0.6738816528217572,20.0,-0.004276563952107293,0.021231915979395694,FRAGILE
220.0,0.0,80.0,10.0,10.0,-0.011520168962859345,0.015836811260899378,0.09292562945365146,-0.7237161951900197,-0.018990201919601216,644,0.15678565619054777,0.4580745341614907,1.0834046164976454,5,-0.6738816528217572,20.0,-0.004276563952107293,0.021231915979395694,FRAGILE
220.0,0.0,80.0,15.0,3.0,-0.00533900549878763,0.015730305122486955,0.06467453428665448,-0.3324505593794294,-0.18849248989186113,2219,0.15162000761943517,0.33934204596665163,1.2166571378121223,5,0.04803026579436729,40.0,0.005460706985589181,0.021295045484256717,FRAGILE
220.0,0.0,80.0,15.0,5.0,-0.00533900549878763,0.015730305122486955,0.06467453428665448,-0.3324505593794294,-0.05775688601309366,1291,0.15162000761943517,0.37955073586367155,1.3494000115237579,5,0.04803026579436729,40.0,0.005460706985589181,0.021295045484256717,FRAGILE
220.0,0.0,80.0,15.0,10.0,-0.00533900549878763,0.015730305122486955,0.06467453428665448,-0.3324505593794294,8.530511527237864e-05,651,0.15162000761943517,0.4470046082949309,1.23760697484466,5,0.04803026579436729,40.0,0.005460706985589181,0.021295045484256717,FRAGILE
220.0,0.0,80.0,20.0,3.0,-0.004384053756769202,0.016269325714942662,0.0580947063162216,-0.26191989973370194,-0.1988191424786348,2226,0.14987660362706517,0.34591194968553457,1.1592356872491376,5,-0.1520819155987358,40.0,0.005220571830562459,0.01853549878987209,FRAGILE
220.0,0.0,80.0,20.0,5.0,-0.004384053756769202,0.016269325714942662,0.0580947063162216,-0.26191989973370194,-0.07233761598219628,1356,0.14987660362706517,0.3864306784660767,1.2654967496675944,5,-0.1520819155987358,40.0,0.005220571830562459,0.01853549878987209,FRAGILE
220.0,0.0,80.0,20.0,10.0,-0.004384053756769202,0.016269325714942662,0.0580947063162216,-0.26191989973370194,-0.01825778703069259,673,0.14987660362706517,0.4398216939078752,1.1723896549018438,5,-0.1520819155987358,40.0,0.005220571830562459,0.01853549878987209,FRAGILE
220.0,0.0,80.0,25.0,3.0,-0.006508955647507753,0.016350775436899074,0.05920141495562414,-0.39119864872902155,-0.2336010370608972,2243,0.14987915508100122,0.3397235844850646,1.0924127300677915,5,-0.21259506712432907,20.0,0.004036760788421257,0.017198557962438524,FRAGILE
220.0,0.0,80.0,25.0,5.0,-0.006508955647507753,0.016350775436899074,0.05920141495562414,-0.39119864872902155,-0.12355548093607394,1351,0.14987915508100122,0.37823834196891193,1.121700695578176,5,-0.21259506712432907,20.0,0.004036760788421257,0.017198557962438524,FRAGILE
220.0,0.0,80.0,25.0,10.0,-0.006508955647507753,0.016350775436899074,0.05920141495562414,-0.39119864872902155,-0.03666617085313293,653,0.14987915508100122,0.4165390505359878,1.176746130507743,5,-0.21259506712432907,20.0,0.004036760788421257,0.017198557962438524,FRAGILE
220.0,0.0,80.0,30.0,3.0,-0.006226539874190973,0.016789252166860343,0.06649109417138654,-0.3636208602817321,-0.24127403983955642,2350,0.1596664079420337,0.334468085106383,1.1050572690292289,5,0.08853770368675654,40.0,0.006999357266824169,0.02498677185546649,FRAGILE
220.0,0.0,80.0,30.0,5.0,-0.006226539874190973,0.016789252166860343,0.06649109417138654,-0.3636208602817321,-0.1439915980733317,1420,0.1596664079420337,0.3647887323943662,1.124521016210648,5,0.08853770368675654,40.0,0.006999357266824169,0.02498677185546649,FRAGILE
220.0,0.0,80.0,30.0,10.0,-0.006226539874190973,0.016789252166860343,0.06649109417138654,-0.3636208602817321,-0.05411005055349546,701,0.1596664079420337,0.4136947218259629,1.113206134408378,5,0.08853770368675654,40.0,0.006999357266824169,0.02498677185546649,FRAGILE
220.0,21.0,40.0,10.0,3.0,-0.01310501749906856,0.015360984997809633,0.10610806001328577,-0.8510731586465657,-0.2422257662047352,2302,0.14849853061066137,0.3305821025195482,1.102527220666398,5,-1.0706248483821106,20.0,-0.009002017303483201,0.018956154577395537,FRAGILE
220.0,21.0,40.0,10.0,5.0,-0.01310501749906856,0.015360984997809633,0.10610806001328577,-0.8510731586465657,nan,1324,0.14849853061066137,0.37990936555891236,1.2000275939348082,5,-1.0706248483821106,20.0,-0.009002017303483201,0.018956154577395537,FRAGILE
220.0,21.0,40.0,10.0,10.0,-0.01310501749906856,0.015360984997809633,0.10610806001328577,-0.8510731586465657,-0.023176436083265826,649,0.14849853061066137,0.4514637904468413,1.085559566291552,5,-1.0706248483821106,20.0,-0.009002017303483201,0.018956154577395537,FRAGILE
220.0,21.0,40.0,15.0,3.0,-0.007798560218927331,0.01507357316236138,0.08172252724212414,-0.5118506745682508,-0.21170242636554895,2237,0.14244466539886783,0.33482342422887795,1.1482965560714078,5,-0.3934916831958364,20.0,8.090216231098069e-05,0.018985456979149936,FRAGILE
220.0,21.0,40.0,15.0,5.0,-0.007798560218927331,0.01507357316236138,0.08172252724212414,-0.5118506745682508,-0.08073296258960674,1303,0.14244466539886783,0.3829623944742901,1.2139737601134972,5,-0.3934916831958364,20.0,8.090216231098069e-05,0.018985456979149936,FRAGILE
220.0,21.0,40.0,15.0,10.0,-0.007798560218927331,0.01507357316236138,0.08172252724212414,-0.5118506745682508,-0.008970647551977271,656,0.14244466539886783,0.4496951219512195,1.1700335658691665,5,-0.3934916831958364,20.0,8.090216231098069e-05,0.018985456979149936,FRAGILE
220.0,21.0,40.0,20.0,3.0,-0.006035087077480905,0.015372587069103927,0.06383622269962841,-0.38608392209262166,-0.21684047940681908,2246,0.1410279598695178,0.3414959928762244,1.1146213187281235,5,-0.3966485770173581,20.0,0.001319098139539987,0.014079973353866017,FRAGILE
220.0,21.0,40.0,20.0,5.0,-0.006035087077480905,0.015372587069103927,0.06383622269962841,-0.38608392209262166,-0.09081206918669046,1367,0.1410279598695178,0.3840526700804682,1.1870879767170477,5,-0.3966485770173581,20.0,0.001319098139539987,0.014079973353866017,FRAGILE
220.0,21.0,40.0,20.0,10.0,-0.006035087077480905,0.015372587069103927,0.06383622269962841,-0.38608392209262166,-0.028441107766116046,678,0.1410279598695178,0.44542772861356933,1.0868493341137067,5,-0.3966485770173581,20.0,0.001319098139539987,0.014079973353866017,FRAGILE
220.0,21.0,40.0,25.0,3.0,-0.008307726716807129,0.015584811201368953,0.06922338403364203,-0.5274878695249613,-0.25629857349843255,2258,0.14097481472892046,0.33215234720992026,1.0335827315236745,5,-0.34787805892001156,20.0,0.00046078886121831976,0.014050831349242919,FRAGILE
220.0,21.0,40.0,25.0,5.0,-0.008307726716807129,0.015584811201368953,0.06922338403364203,-0.5274878695249613,-0.13976945761680287,1359,0.14097481472892046,0.3804267844002943,1.0298739671188708,5,-0.34787805892001156,20.0,0.00046078886121831976,0.014050831349242919,FRAGILE
220.0,21.0,40.0,25.0,10.0,-0.008307726716807129,0.015584811201368953,0.06922338403364203,-0.5274878695249613,-0.04510600784587049,656,0.14097481472892046,0.4268292682926829,1.0718765156529428,5,-0.34787805892001156,20.0,0.00046078886121831976,0.014050831349242919,FRAGILE
220.0,21.0,40.0,30.0,3.0,-0.007355142309645957,0.016308041812127555,0.06414593710255279,-0.4445157839295288,-0.25768100000146593,2366,0.15043062316469685,0.3326289095519865,1.0399473588169519,5,-0.02731908717682427,40.0,0.00434776963006307,0.019838547644249506,FRAGILE
220.0,21.0,40.0,30.0,5.0,-0.007355142309645957,0.016308041812127555,0.06414593710255279,-0.4445157839295288,-0.1566434727853687,1428,0.15043062316469685,0.3711484593837535,1.0183006774337116,5,-0.02731908717682427,40.0,0.00434776963006307,0.019838547644249506,FRAGILE
220.0,21.0,40.0,30.0,10.0,-0.007355142309645957,0.016308041812127555,0.06414593710255279,-0.4445157839295288,-0.0656727716202183,705,0.15043062316469685,0.41702127659574467,1.0291140392660816,5,-0.02731908717682427,40.0,0.00434776963006307,0.019838547644249506,FRAGILE
220.0,21.0,50.0,10.0,3.0,-0.013013309156649222,0.01563020709463217,0.10616873847484698,-0.8302018988442514,-0.2405233775451949,2293,0.15130356720441518,0.33013519406890535,1.117853088265457,5,-1.0408628114620972,20.0,-0.00893896834335015,0.019130002780137143,FRAGILE
220.0,21.0,50.0,10.0,5.0,-0.013013309156649222,0.01563020709463217,0.10616873847484698,-0.8302018988442514,nan,1320,0.15130356720441518,0.3787878787878788,1.2148541002890825,5,-1.0408628114620972,20.0,-0.00893896834335015,0.019130002780137143,FRAGILE
220.0,21.0,50.0,10.0,10.0,-0.013013309156649222,0.01563020709463217,0.10616873847484698,-0.8302018988442514,-0.021415561562735035,645,0.15130356720441518,0.4511627906976744,1.0969229324254692,5,-1.0408628114620972,20.0,-0.00893896834335015,0.019130002780137143,FRAGILE
220.0,21.0,50.0,15.0,3.0,-0.007475890771563076,0.015347309654335516,0.0802970195468643,-0.4812640098805575,-0.21045486974517982,2227,0.1451665582316879,0.33453075886843286,1.1613401192206154,5,-0.3433470309620034,20.0,0.0005225510402814936,0.019132666926470077,FRAGILE
220.0,21.0,50.0,15.0,5.0,-0.007475890771563076,0.015347309654335516,0.0802970195468643,-0.4812640098805575,-0.07786318713159937,1298,0.1451665582316879,0.38212634822804314,1.2325298969849703,5,-0.3433470309620034,20.0,0.0005225510402814936,0.019132666926470077,FRAGILE
220.0,21.0,50.0,15.0,10.0,-0.007475890771563076,0.015347309654335516,0.0802970195468643,-0.4812640098805575,-0.006593869190684457,652,0.1451665582316879,0.4493865030674847,1.1857988301722902,5,-0.3433470309620034,20.0,0.0005225510402814936,0.019132666926470077,FRAGILE
220.0,21.0,50.0,20.0,3.0,-0.005725528859740092,0.015531666522152843,0.06279690280228978,-0.3619234066269934,-0.21437520442957791,2236,0.1436700099093588,0.3412343470483005,1.1287333662245014,5,-0.3618575032056083,20.0,0.0016084172588103796,0.014283330708650979,FRAGILE
220.0,21.0,50.0,20.0,5.0,-0.005725528859740092,0.015531666522152843,0.06279690280228978,-0.3619234066269934,-0.0880429060436837,1362,0.1436700099093588,0.3832599118942731,1.2045343499442764,5,-0.3618575032056083,20.0,0.0016084172588103796,0.014283330708650979,FRAGILE
220.0,21.0,50.0,20.0,10.0,-0.005725528859740092,0.015531666522152843,0.06279690280228978,-0.3619234066269934,-0.025652963951991476,675,0.1436700099093588,0.4444444444444444,1.106587810059685,5,-0.3618575032056083,20.0,0.0016084172588103796,0.014283330708650979,FRAGILE
220.0,21.0,50.0,25.0,3.0,-0.00800009718857031,0.015839680701317933,0.06757271324363756,-0.49916669565330307,-0.2544657466370387,2250,0.1436581561138053,0.33155555555555555,1.049365046079749,5,-0.2993449969285594,20.0,0.0011263284020746945,0.014243627220499539,FRAGILE
220.0,21.0,50.0,25.0,5.0,-0.00800009718857031,0.015839680701317933,0.06757271324363756,-0.49916669565330307,-0.1370404596385645,1355,0.1436581561138053,0.3793357933579336,1.0482488423135898,5,-0.2993449969285594,20.0,0.0011263284020746945,0.014243627220499539,FRAGILE
220.0,21.0,50.0,25.0,10.0,-0.00800009718857031,0.015839680701317933,0.06757271324363756,-0.49916669565330307,-0.041760275392639164,653,0.1436581561138053,0.42572741194486985,1.0963402504091861,5,-0.2993449969285594,20.0,0.0011263284020746945,0.014243627220499539,FRAGILE
220.0,21.0,50.0,30.0,3.0,-0.007347103784711151,0.01652977785743943,0.06274794076304924,-0.4378422487226438,-0.25554775919313055,2356,0.15303637548109697,0.33234295415959253,1.0531605667488908,5,-0.00139326308187811,40.0,0.004618305461295868,0.020092560521641475,FRAGILE
220.0,21.0,50.0,30.0,5.0,-0.007347103784711151,0.01652977785743943,0.06274794076304924,-0.4378422487226438,-0.1542481865831703,1423,0.15303637548109697,0.3703443429374561,1.0348523382026327,5,-0.00139326308187811,40.0,0.004618305461295868,0.020092560521641475,FRAGILE
220.0,21.0,50.0,30.0,10.0,-0.007347103784711151,0.01652977785743943,0.06274794076304924,-0.4378422487226438,-0.06143523222058453,701,0.15303637548109697,0.4165477888730385,1.0533538318799764,5,-0.00139326308187811,40.0,0.004618305461295868,0.020092560521641475,FRAGILE
220.0,21.0,60.0,10.0,3.0,-0.013165102764986836,0.016108004538528696,0.10808658985942243,-0.8146526597574602,-0.24061147988377282,2284,0.15343655324282537,0.3296847635726795,1.1094988388989715,5,-1.0539017940086184,20.0,-0.009173390349197508,0.019750449972293416,FRAGILE
220.0,21.0,60.0,10.0,5.0,-0.013165102764986836,0.016108004538528696,0.10808658985942243,-0.8146526597574602,nan,1314,0.15343655324282537,0.378234398782344,1.2111204913846636,5,-1.0539017940086184,20.0,-0.009173390349197508,0.019750449972293416,FRAGILE
220.0,21.0,60.0,10.0,10.0,-0.013165102764986836,0.016108004538528696,0.10808658985942243,-0.8146526597574602,-0.01893481588294621,643,0.15343655324282537,0.4510108864696734,1.1100021963560431,5,-1.0539017940086184,20.0,-0.009173390349197508,0.019750449972293416,FRAGILE
220.0,21.0,60.0,15.0,3.0,-0.007401785589727039,0.01585381751337928,0.08134271096587797,-0.46068003247989325,-0.21174725624007412,2219,0.14756991490883742,0.3339342045966652,1.1517919218781494,5,-0.3459113072138479,20.0,0.0006105531089810156,0.019576051262657854,FRAGILE
220.0,21.0,60.0,15.0,5.0,-0.007401785589727039,0.01585381751337928,0.08134271096587797,-0.46068003247989325,-0.07659291692814339,1292,0.14756991490883742,0.3815789473684211,1.2316239314578163,5,-0.3459113072138479,20.0,0.0006105531089810156,0.019576051262657854,FRAGILE
220.0,21.0,60.0,15.0,10.0,-0.007401785589727039,0.01585381751337928,0.08134271096587797,-0.46068003247989325,-0.00481570657265698,650,0.14756991490883742,0.4492307692307692,1.196866647512441,5,-0.3459113072138479,20.0,0.0006105531089810156,0.019576051262657854,FRAGILE
220.0,21.0,60.0,20.0,3.0,-0.005572874069618816,0.015919354880657956,0.06360631158070806,-0.3430829599936235,-0.21502320404199357,2228,0.14595637046510124,0.34066427289048473,1.1197674917952212,5,-0.35610200260746766,20.0,0.001788010473823043,0.0146801899556735,FRAGILE
220.0,21.0,60.0,20.0,5.0,-0.005572874069618816,0.015919354880657956,0.06360631158070806,-0.3430829599936235,-0.0852690636471716,1356,0.14595637046510124,0.3834808259587021,1.208734947753351,5,-0.35610200260746766,20.0,0.001788010473823043,0.0146801899556735,FRAGILE
220.0,21.0,60.0,20.0,10.0,-0.005572874069618816,0.015919354880657956,0.06360631158070806,-0.3430829599936235,-0.022806847693720253,673,0.14595637046510124,0.4442793462109955,1.121494623265838,5,-0.35610200260746766,20.0,0.001788010473823043,0.0146801899556735,FRAGILE
220.0,21.0,60.0,25.0,3.0,-0.007727296416292995,0.016213967258643776,0.06617280750550192,-0.47031624829665614,-0.25315931098939887,2242,0.1460683337281576,0.33140053523639607,1.0459067113675204,5,-0.29577217338535006,20.0,0.001388937875717855,0.014896954872959263,FRAGILE
220.0,21.0,60.0,25.0,5.0,-0.007727296416292995,0.016213967258643776,0.06617280750550192,-0.47031624829665614,-0.13398181563723216,1349,0.1460683337281576,0.3795404002965159,1.0503319178828494,5,-0.29577217338535006,20.0,0.001388937875717855,0.014896954872959263,FRAGILE
220.0,21.0,60.0,25.0,10.0,-0.007727296416292995,0.016213967258643776,0.06617280750550192,-0.47031624829665614,-0.039048853240332214,651,0.1460683337281576,0.4254992319508449,1.1109506261259454,5,-0.29577217338535006,20.0,0.001388937875717855,0.014896954872959263,FRAGILE
220.0,21.0,60.0,30.0,3.0,-0.007060734086804743,0.01692392045146397,0.06238434459688258,-0.4102123719567274,-0.25445719547265483,2348,0.15555101372636257,0.3317717206132879,1.0430330205675005,5,0.006507903626005359,40.0,0.004859298752187246,0.02048967367773196,FRAGILE
220.0,21.0,60.0,30.0,5.0,-0.007060734086804743,0.01692392045146397,0.06238434459688258,-0.4102123719567274,-0.15221625559583446,1417,0.15555101372636257,0.3705010585744531,1.0336427276660114,5,0.006507903626005359,40.0,0.004859298752187246,0.02048967367773196,FRAGILE
220.0,21.0,60.0,30.0,10.0,-0.007060734086804743,0.01692392045146397,0.06238434459688258,-0.4102123719567274,-0.05919571305750808,699,0.15555101372636257,0.41630901287553645,1.0638767263227606,5,0.006507903626005359,40.0,0.004859298752187246,0.02048967367773196,FRAGILE
220.0,21.0,70.0,10.0,3.0,-0.012932822008084432,0.016238000921632512,0.10874854249529342,-0.7935083342457954,-0.23784254979575806,2279,0.15534381525608237,0.3286529179464677,1.132073726615648,5,-1.0290893947497934,20.0,-0.008796857276789494,0.020883765897873975,FRAGILE
220.0,21.0,70.0,10.0,5.0,-0.012932822008084432,0.016238000921632512,0.10874854249529342,-0.7935083342457954,nan,1311,0.15534381525608237,0.37757437070938216,1.2439596317475488,5,-1.0290893947497934,20.0,-0.008796857276789494,0.020883765897873975,FRAGILE
220.0,21.0,70.0,10.0,10.0,-0.012932822008084432,0.016238000921632512,0.10874854249529342,-0.7935083342457954,-0.015234729799698057,642,0.15534381525608237,0.4517133956386293,1.129091572864781,5,-1.0290893947497934,20.0,-0.008796857276789494,0.020883765897873975,FRAGILE
220.0,21.0,70.0,15.0,3.0,-0.007054851714001997,0.016032064613238698,0.08183436663339949,-0.4335843753685493,-0.20968411850136284,2214,0.14980746018552907,0.33288166214995485,1.1698131104016796,5,-0.329052911892518,20.0,0.0010479511450671498,0.0206611372567248,FRAGILE
220.0,21.0,70.0,15.0,5.0,-0.007054851714001997,0.016032064613238698,0.08183436663339949,-0.4335843753685493,-0.07148918289204692,1289,0.14980746018552907,0.3809154383242824,1.2648205219286581,5,-0.329052911892518,20.0,0.0010479511450671498,0.0206611372567248,FRAGILE
220.0,21.0,70.0,15.0,10.0,-0.007054851714001997,0.016032064613238698,0.08183436663339949,-0.4335843753685493,-0.0009830739157570371,649,0.14980746018552907,0.44992295839753466,1.2167706776065974,5,-0.329052911892518,20.0,0.0010479511450671498,0.0206611372567248,FRAGILE
220.0,21.0,70.0,20.0,3.0,-0.005241916055585993,0.016203218746508957,0.0632667025965864,-0.31625501556020236,-0.21306821563987854,2223,0.1481317158917353,0.3396311291048133,1.1368992948105634,5,-0.310427421957146,40.0,0.0024777593190450364,0.015832004965977253,FRAGILE
220.0,21.0,70.0,20.0,5.0,-0.005241916055585993,0.016203218746508957,0.0632667025965864,-0.31625501556020236,-0.08185617403807215,1354,0.1481317158917353,0.3825701624815362,1.2349391194261832,5,-0.310427421957146,40.0,0.0024777593190450364,0.015832004965977253,FRAGILE
220.0,21.0,70.0,20.0,10.0,-0.005241916055585993,0.016203218746508957,0.0632667025965864,-0.31625501556020236,-0.017834113966384162,672,0.1481317158917353,0.44494047619047616,1.148203517769344,5,-0.310427421957146,40.0,0.0024777593190450364,0.015832004965977253,FRAGILE
220.0,21.0,70.0,25.0,3.0,-0.007340043132275986,0.016452480814275975,0.06238989569260267,-0.4395455813156302,-0.2522595220159635,2239,0.14817691461677895,0.33050468959356855,1.0657090846194177,5,-0.26734346192145797,20.0,0.002028245292662678,0.01583248899942443,FRAGILE
220.0,21.0,70.0,25.0,5.0,-0.007340043132275986,0.016452480814275975,0.06238989569260267,-0.4395455813156302,-0.13130878849355487,1347,0.14817691461677895,0.37861915367483295,1.0728921568247143,5,-0.26734346192145797,20.0,0.002028245292662678,0.01583248899942443,FRAGILE
220.0,21.0,70.0,25.0,10.0,-0.007340043132275986,0.016452480814275975,0.06238989569260267,-0.4395455813156302,-0.03537021886161945,650,0.14817691461677895,0.42615384615384616,1.134186285539313,5,-0.26734346192145797,20.0,0.002028245292662678,0.01583248899942443,FRAGILE
220.0,21.0,70.0,30.0,3.0,-0.006624825515731181,0.017144081887332793,0.06265352070538088,-0.3791251662541635,-0.253672694443707,2345,0.15771976739863644,0.33091684434968016,1.0624047952583782,5,0.037819536593941896,40.0,0.0055026042715189405,0.02164533070963576,FRAGILE
220.0,21.0,70.0,30.0,5.0,-0.006624825515731181,0.017144081887332793,0.06265352070538088,-0.3791251662541635,-0.14887176902441476,1415,0.15771976739863644,0.3696113074204947,1.0599004031084653,5,0.037819536593941896,40.0,0.0055026042715189405,0.02164533070963576,FRAGILE
220.0,21.0,70.0,30.0,10.0,-0.006624825515731181,0.017144081887332793,0.06265352070538088,-0.3791251662541635,-0.055784401183456386,698,0.15771976739863644,0.4169054441260745,1.0855987400904363,5,0.037819536593941896,40.0,0.0055026042715189405,0.02164533070963576,FRAGILE
220.0,21.0,80.0,10.0,3.0,-0.012298877215007553,0.016427758141543458,0.10764252521623208,-0.7450740392754868,-0.24013142584578595,2284,0.15716650002325105,0.3296847635726795,1.135265272172928,5,-0.9754075520783768,20.0,-0.007792833330718341,0.022428362139324344,FRAGILE
220.0,21.0,80.0,10.0,5.0,-0.012298877215007553,0.016427758141543458,0.10764252521623208,-0.7450740392754868,nan,1312,0.15716650002325105,0.37652439024390244,1.2832118435350623,5,-0.9754075520783768,20.0,-0.007792833330718341,0.022428362139324344,FRAGILE
220.0,21.0,80.0,10.0,10.0,-0.012298877215007553,0.016427758141543458,0.10764252521623208,-0.7450740392754868,-0.016751911066026273,643,0.15716650002325105,0.4510108864696734,1.127628807006793,5,-0.9754075520783768,20.0,-0.007792833330718341,0.022428362139324344,FRAGILE
220.0,21.0,80.0,15.0,3.0,-0.006188881258155532,0.01628410610866861,0.08020703318091083,-0.37309290806987855,-0.20892543104318845,2218,0.15169548119229706,0.33363390441839497,1.1846374745823702,5,-0.27416646145001977,20.0,0.0022334449944883873,0.02226775847356137,FRAGILE
220.0,21.0,80.0,15.0,5.0,-0.006188881258155532,0.01628410610866861,0.08020703318091083,-0.37309290806987855,-0.06698173669445216,1290,0.15169548119229706,0.3798449612403101,1.3061116581305896,5,-0.27416646145001977,20.0,0.0022334449944883873,0.02226775847356137,FRAGILE
220.0,21.0,80.0,15.0,10.0,-0.006188881258155532,0.01628410610866861,0.08020703318091083,-0.37309290806987855,-0.0015437959461221343,650,0.15169548119229706,0.4492307692307692,1.217242398397805,5,-0.27416646145001977,20.0,0.0022334449944883873,0.02226775847356137,FRAGILE
220.0,21.0,80.0,20.0,3.0,-0.004673842435958586,0.016601524181523043,0.061971020900150275,-0.27388626831977825,-0.21190531912299426,2225,0.15008858456089513,0.3402247191011236,1.1500565329276073,5,-0.2598332202361121,40.0,0.0036238916715497504,0.017522746677764232,FRAGILE
220.0,21.0,80.0,20.0,5.0,-0.004673842435958586,0.016601524181523043,0.061971020900150275,-0.27388626831977825,-0.07892080302541746,1354,0.15008858456089513,0.3825701624815362,1.2589364987735154,5,-0.2598332202361121,40.0,0.0036238916715497504,0.017522746677764232,FRAGILE
220.0,21.0,80.0,20.0,10.0,-0.004673842435958586,0.016601524181523043,0.061971020900150275,-0.27388626831977825,-0.018519496810150103,672,0.15008858456089513,0.44494047619047616,1.146931992508815,5,-0.2598332202361121,40.0,0.0036238916715497504,0.017522746677764232,FRAGILE
220.0,21.0,80.0,25.0,3.0,-0.006759768274355316,0.016844639951645392,0.06251468974093477,-0.3942330569887466,-0.2522526243164449,2241,0.15019889893382132,0.33110218652387324,1.080749110439121,5,-0.21824830607728513,20.0,0.00317001683687399,0.017234728743510418,FRAGILE
220.0,21.0,80.0,25.0,5.0,-0.006759768274355316,0.016844639951645392,0.06251468974093477,-0.3942330569887466,-0.12915105491211615,1348,0.15019889893382132,0.37833827893175076,1.0997461286288166,5,-0.21824830607728513,20.0,0.00317001683687399,0.017234728743510418,FRAGILE
220.0,21.0,80.0,25.0,10.0,-0.006759768274355316,0.016844639951645392,0.06251468974093477,-0.3942330569887466,-0.03771294161830368,651,0.15019889893382132,0.4254992319508449,1.128934652152146,5,-0.21824830607728513,20.0,0.00317001683687399,0.017234728743510418,FRAGILE
220.0,21.0,80.0,30.0,3.0,-0.005906926555439007,0.01751696171148445,0.062382745526089134,-0.3294459143026803,-0.254248175731984,2348,0.15970078864949766,0.3317717206132879,1.0746325634601013,5,0.09769492374687945,40.0,0.0067773645557565486,0.02324940139645612,FRAGILE
220.0,21.0,80.0,30.0,5.0,-0.005906926555439007,0.01751696171148445,0.062382745526089134,-0.3294459143026803,-0.1459754602818069,1417,0.15970078864949766,0.3697953422724065,1.0882240410370254,5,0.09769492374687945,40.0,0.0067773645557565486,0.02324940139645612,FRAGILE
220.0,21.0,80.0,30.0,10.0,-0.005906926555439007,0.01751696171148445,0.062382745526089134,-0.3294459143026803,-0.05759110163288834,699,0.15970078864949766,0.41630901287553645,1.0850603407040107,5,0.09769492374687945,40.0,0.0067773645557565486,0.02324940139645612,FRAGILE
220.0,42.0,40.0,10.0,3.0,-0.011766582297011441,0.01587308619110806,0.10310094597985353,-0.7377328177868386,-0.23496027856292526,2302,0.14927391089628222,0.342745438748914,1.0775790320304492,5,-0.9349840850403031,20.0,-0.008871112181882967,0.01929409330836145,FRAGILE
220.0,42.0,40.0,10.0,5.0,-0.011766582297011441,0.01587308619110806,0.10310094597985353,-0.7377328177868386,nan,1324,0.14927391089628222,0.3972809667673716,1.152631247310289,5,-0.9349840850403031,20.0,-0.008871112181882967,0.01929409330836145,FRAGILE
220.0,42.0,40.0,10.0,10.0,-0.011766582297011441,0.01587308619110806,0.10310094597985353,-0.7377328177868386,-0.01977608754116984,649,0.14927391089628222,0.46687211093990755,1.036558546566259,5,-0.9349840850403031,20.0,-0.008871112181882967,0.01929409330836145,FRAGILE
220.0,42.0,40.0,15.0,3.0,-0.006020258581300841,0.01558647347742171,0.07632469381937679,-0.37961899773000146,-0.20401425976433268,2237,0.14325049271917348,0.34421099687080914,1.1350629339909732,5,-0.22442473394290544,20.0,0.0007439002823021124,0.01860535038244943,FRAGILE
220.0,42.0,40.0,15.0,5.0,-0.006020258581300841,0.01558647347742171,0.07632469381937679,-0.37961899773000146,-0.07809670742278736,1303,0.14325049271917348,0.3952417498081351,1.1660625881925213,5,-0.22442473394290544,20.0,0.0007439002823021124,0.01860535038244943,FRAGILE
220.0,42.0,40.0,15.0,10.0,-0.006020258581300841,0.01558647347742171,0.07632469381937679,-0.37961899773000146,0.003941940836962416,656,0.14325049271917348,0.4679878048780488,1.1597399484550333,5,-0.22442473394290544,20.0,0.0007439002823021124,0.01860535038244943,FRAGILE
220.0,42.0,40.0,20.0,3.0,-0.005065955899302033,0.015582239568600347,0.060206546433148045,-0.31814061337829813,-0.21192039447379976,2246,0.141526610931171,0.354853072128228,1.0725927771603745,5,-0.29875354839336266,40.0,0.0021783367784385943,0.014448713104365334,FRAGILE
220.0,42.0,40.0,20.0,5.0,-0.005065955899302033,0.015582239568600347,0.060206546433148045,-0.31814061337829813,-0.07373839371382004,1367,0.141526610931171,0.4001463057790783,1.174482164233111,5,-0.29875354839336266,40.0,0.0021783367784385943,0.014448713104365334,FRAGILE
220.0,42.0,40.0,20.0,10.0,-0.005065955899302033,0.015582239568600347,0.060206546433148045,-0.31814061337829813,-0.01730157815860951,678,0.141526610931171,0.46017699115044247,1.0787283305042197,5,-0.29875354839336266,40.0,0.0021783367784385943,0.014448713104365334,FRAGILE
220.0,42.0,40.0,25.0,3.0,-0.006102270747556315,0.015767817451087882,0.0607635180349787,-0.3803030523540833,-0.25217008499749016,2257,0.14166020281224284,0.34647762516614977,0.9917128001808154,5,-0.35023656212242715,20.0,0.0004234569588664083,0.014771171811197295,FRAGILE
220.0,42.0,40.0,25.0,5.0,-0.006102270747556315,0.015767817451087882,0.0607635180349787,-0.3803030523540833,-0.12480962337713644,1359,0.14166020281224284,0.3936718175128771,1.0246290368763404,5,-0.35023656212242715,20.0,0.0004234569588664083,0.014771171811197295,FRAGILE
220.0,42.0,40.0,25.0,10.0,-0.006102270747556315,0.015767817451087882,0.0607635180349787,-0.3803030523540833,-0.033997599566614405,656,0.14166020281224284,0.4420731707317073,1.0622942212822286,5,-0.35023656212242715,20.0,0.0004234569588664083,0.014771171811197295,FRAGILE
220.0,42.0,40.0,30.0,3.0,-0.004089502699080372,0.016405182165064144,0.061791532273730576,-0.24158512387760037,-0.2524815327130729,2365,0.1511188430130821,0.346723044397463,1.0017373994586385,5,-0.040157391915915316,20.0,0.004155171930214663,0.02008728931334027,FRAGILE
220.0,42.0,40.0,30.0,5.0,-0.004089502699080372,0.016405182165064144,0.061791532273730576,-0.24158512387760037,-0.14875314873936396,1428,0.1511188430130821,0.38095238095238093,1.0053786494407182,5,-0.040157391915915316,20.0,0.004155171930214663,0.02008728931334027,FRAGILE
220.0,42.0,40.0,30.0,10.0,-0.004089502699080372,0.016405182165064144,0.061791532273730576,-0.24158512387760037,-0.052272280762004075,705,0.1511188430130821,0.43546099290780144,1.0135761782885473,5,-0.040157391915915316,20.0,0.004155171930214663,0.02008728931334027,FRAGILE
220.0,42.0,50.0,10.0,3.0,-0.011814715131831965,0.01612501005610808,0.10335362662299763,-0.728977310200606,-0.2336958645861618,2293,0.1520648625676962,0.3423462712603576,1.0912818597926393,5,-0.9051853801018677,20.0,-0.008723641404589233,0.019557964176829333,FRAGILE
220.0,42.0,50.0,10.0,5.0,-0.011814715131831965,0.01612501005610808,0.10335362662299763,-0.728977310200606,nan,1320,0.1520648625676962,0.39621212121212124,1.1661296301820174,5,-0.9051853801018677,20.0,-0.008723641404589233,0.019557964176829333,FRAGILE
220.0,42.0,50.0,10.0,10.0,-0.011814715131831965,0.01612501005610808,0.10335362662299763,-0.728977310200606,-0.01655480004689542,645,0.1520648625676962,0.4666666666666667,1.0543739030686807,5,-0.9051853801018677,20.0,-0.008723641404589233,0.019557964176829333,FRAGILE
220.0,42.0,50.0,15.0,3.0,-0.005884037240914242,0.015840456734857688,0.07552027988691135,-0.3646291437253495,-0.20300809360667188,2227,0.14594588515284307,0.3439604849573417,1.1469811408290205,5,-0.1769794275741008,20.0,0.0012156449390801737,0.01880175032195328,FRAGILE
220.0,42.0,50.0,15.0,5.0,-0.005884037240914242,0.015840456734857688,0.07552027988691135,-0.3646291437253495,-0.07581339959749007,1298,0.14594588515284307,0.39445300462249616,1.1808608656818569,5,-0.1769794275741008,20.0,0.0012156449390801737,0.01880175032195328,FRAGILE
220.0,42.0,50.0,15.0,10.0,-0.005884037240914242,0.015840456734857688,0.07552027988691135,-0.3646291437253495,0.00661331913549315,652,0.14594588515284307,0.4677914110429448,1.1762024625589487,5,-0.1769794275741008,20.0,0.0012156449390801737,0.01880175032195328,FRAGILE
220.0,42.0,50.0,20.0,3.0,-0.005011783915812251,0.0157344954655629,0.06026479198649437,-0.3114505956781678,-0.2103421077201606,2236,0.14412287636515572,0.3546511627906977,1.0837857726884528,5,-0.26136224512550654,40.0,0.0024767794968469036,0.01479299074657129,FRAGILE
220.0,42.0,50.0,20.0,5.0,-0.005011783915812251,0.0157344954655629,0.06026479198649437,-0.3114505956781678,-0.06991541685494092,1362,0.14412287636515572,0.39941262848751835,1.1944855751367929,5,-0.26136224512550654,40.0,0.0024767794968469036,0.01479299074657129,FRAGILE
220.0,42.0,50.0,20.0,10.0,-0.005011783915812251,0.0157344954655629,0.06026479198649437,-0.3114505956781678,-0.01439078553133485,675,0.14412287636515572,0.45925925925925926,1.0984572059351132,5,-0.26136224512550654,40.0,0.0024767794968469036,0.01479299074657129,FRAGILE
220.0,42.0,50.0,25.0,3.0,-0.005693012090985272,0.01596525731566164,0.06003976580734205,-0.34961852429480345,-0.25090833659936473,2249,0.1442670306756498,0.34593152512227654,1.0052481716056867,5,-0.3046742013078485,20.0,0.0010455944012050856,0.015094201479037023,FRAGILE
220.0,42.0,50.0,25.0,5.0,-0.005693012090985272,0.01596525731566164,0.06003976580734205,-0.34961852429480345,-0.12110280950283743,1355,0.1442670306756498,0.392619926199262,1.0445466828012009,5,-0.3046742013078485,20.0,0.0010455944012050856,0.015094201479037023,FRAGILE
220.0,42.0,50.0,25.0,10.0,-0.005693012090985272,0.01596525731566164,0.06003976580734205,-0.34961852429480345,-0.030507245876870353,653,0.1442670306756498,0.44104134762633995,1.086771660494849,5,-0.3046742013078485,20.0,0.0010455944012050856,0.015094201479037023,FRAGILE
220.0,42.0,50.0,30.0,3.0,-0.003905996220858521,0.01656342543171035,0.06115303153581597,-0.22799678363118522,-0.25054512416885694,2355,0.15361056048387667,0.3464968152866242,1.0138091896202834,5,-0.01493523748138092,20.0,0.0044230432466968225,0.020415307367822672,FRAGILE
220.0,42.0,50.0,30.0,5.0,-0.003905996220858521,0.01656342543171035,0.06115303153581597,-0.22799678363118522,-0.14534174107617687,1423,0.15361056048387667,0.38018271257905834,1.0235458846552077,5,-0.01493523748138092,20.0,0.0044230432466968225,0.020415307367822672,FRAGILE
220.0,42.0,50.0,30.0,10.0,-0.003905996220858521,0.01656342543171035,0.06115303153581597,-0.22799678363118522,-0.04785047257801038,701,0.15361056048387667,0.43509272467902993,1.037523036240605,5,-0.01493523748138092,20.0,0.0044230432466968225,0.020415307367822672,FRAGILE
220.0,42.0,60.0,10.0,3.0,-0.011911776957291176,0.0165524901182389,0.10437564014079281,-0.7156620328154677,-0.23249078326144906,2284,0.15410211116135963,0.3419439579684764,1.0864723437194834,5,-0.9142036128723887,20.0,-0.008843747293012983,0.020127824898722727,FRAGILE
220.0,42.0,60.0,10.0,5.0,-0.011911776957291176,0.0165524901182389,0.10437564014079281,-0.7156620328154677,nan,1314,0.15410211116135963,0.395738203957382,1.1648991594102918,5,-0.9142036128723887,20.0,-0.008843747293012983,0.020127824898722727,FRAGILE
220.0,42.0,60.0,10.0,10.0,-0.011911776957291176,0.0165524901182389,0.10437564014079281,-0.7156620328154677,-0.013818514990742655,643,0.15410211116135963,0.4665629860031104,1.068416680371346,5,-0.9142036128723887,20.0,-0.008843747293012983,0.020127824898722727,FRAGILE
220.0,42.0,60.0,15.0,3.0,-0.0057484580561806276,0.016294146971526462,0.0757106076053804,-0.34565923295519146,-0.20270850116718442,2219,0.1482272064870439,0.3433979269941415,1.1418648703402858,5,-0.17008760403174125,20.0,0.0014504023884427176,0.0191795836961184,FRAGILE
220.0,42.0,60.0,15.0,5.0,-0.0057484580561806276,0.016294146971526462,0.0757106076053804,-0.34565923295519146,-0.07408971677452032,1292,0.1482272064870439,0.3939628482972136,1.1816302004223371,5,-0.17008760403174125,20.0,0.0014504023884427176,0.0191795836961184,FRAGILE
220.0,42.0,60.0,15.0,10.0,-0.0057484580561806276,0.016294146971526462,0.0757106076053804,-0.34565923295519146,0.008939960550812993,650,0.1482272064870439,0.4676923076923077,1.1908892947016907,5,-0.17008760403174125,20.0,0.0014504023884427176,0.0191795836961184,FRAGILE
220.0,42.0,60.0,20.0,3.0,-0.004834140860295544,0.01609349017358317,0.06086748690751409,-0.2930555368806507,-0.209988285562746,2228,0.14629990513655386,0.35412926391382404,1.0775688432475756,5,-0.2518996745257182,40.0,0.0027334666936320805,0.015151036298365655,FRAGILE
220.0,42.0,60.0,20.0,5.0,-0.004834140860295544,0.01609349017358317,0.06086748690751409,-0.2930555368806507,-0.06756694497917236,1356,0.14629990513655386,0.3997050147492625,1.1977823788825113,5,-0.2518996745257182,40.0,0.0027334666936320805,0.015151036298365655,FRAGILE
220.0,42.0,60.0,20.0,10.0,-0.004834140860295544,0.01609349017358317,0.06086748690751409,-0.2930555368806507,-0.011003381847991654,673,0.14629990513655386,0.4591381872213967,1.1166719580235405,5,-0.2518996745257182,40.0,0.0027334666936320805,0.015151036298365655,FRAGILE
220.0,42.0,60.0,25.0,3.0,-0.005432711733205142,0.016328894243558056,0.06035466200922135,-0.3254431962839083,-0.2483194501910321,2241,0.14657724146280257,0.34582775546630967,1.0044514723094364,5,-0.2937726105215998,20.0,0.001395454295491394,0.015704198688758487,FRAGILE
220.0,42.0,60.0,25.0,5.0,-0.005432711733205142,0.016328894243558056,0.06035466200922135,-0.3254431962839083,-0.1179301339076418,1349,0.14657724146280257,0.39288361749444034,1.0476069826722763,5,-0.2937726105215998,20.0,0.001395454295491394,0.015704198688758487,FRAGILE
220.0,42.0,60.0,25.0,10.0,-0.005432711733205142,0.016328894243558056,0.06035466200922135,-0.3254431962839083,-0.027092952733130317,651,0.14657724146280257,0.44086021505376344,1.1056505389227198,5,-0.2937726105215998,20.0,0.001395454295491394,0.015704198688758487,FRAGILE
220.0,42.0,60.0,30.0,3.0,-0.003644582066123503,0.016952007982040274,0.06032963172215078,-0.20690705249652333,-0.24868447798317028,2347,0.15604316995860187,0.345973583297827,1.0060368963639323,5,-0.0016482229564073613,20.0,0.004772503728819677,0.020802788746526333,FRAGILE
220.0,42.0,60.0,30.0,5.0,-0.003644582066123503,0.016952007982040274,0.06032963172215078,-0.20690705249652333,-0.14285971542091547,1417,0.15604316995860187,0.3803810868031052,1.0239871994188239,5,-0.0016482229564073613,20.0,0.004772503728819677,0.020802788746526333,FRAGILE
220.0,42.0,60.0,30.0,10.0,-0.003644582066123503,0.016952007982040274,0.06032963172215078,-0.20690705249652333,-0.045039572615660016,699,0.15604316995860187,0.43490701001430615,1.050906910237441,5,-0.0016482229564073613,20.0,0.004772503728819677,0.020802788746526333,FRAGILE
220.0,42.0,70.0,10.0,3.0,-0.011546193997251097,0.016668181219401036,0.10412837509941875,-0.6883872739240794,-0.22861474029179946,2279,0.15600730038465063,0.3409390083369899,1.110107292144384,5,-0.8807267897797436,20.0,-0.00835621593007505,0.021259556765451933,FRAGILE
220.0,42.0,70.0,10.0,5.0,-0.011546193997251097,0.016668181219401036,0.10412837509941875,-0.6883872739240794,nan,1311,0.15600730038465063,0.39511823035850496,1.198836796444173,5,-0.8807267897797436,20.0,-0.00835621593007505,0.021259556765451933,FRAGILE
220.0,42.0,70.0,10.0,10.0,-0.011546193997251097,0.016668181219401036,0.10412837509941875,-0.6883872739240794,-0.009971880232133846,642,0.15600730038465063,0.4672897196261682,1.0869862329563211,5,-0.8807267897797436,20.0,-0.00835621593007505,0.021259556765451933,FRAGILE
220.0,42.0,70.0,15.0,3.0,-0.00521644908976171,0.016463228633970768,0.07497215139964553,-0.30944899243514856,-0.19963739133720096,2214,0.1504694818934177,0.34236675700090335,1.1616741663831192,5,-0.13783173384407577,20.0,0.002120710830763084,0.02016604962747673,FRAGILE
220.0,42.0,70.0,15.0,5.0,-0.00521644908976171,0.016463228633970768,0.07497215139964553,-0.30944899243514856,-0.06752307405235367,1289,0.1504694818934177,0.39332816136539955,1.21886997040622,5,-0.13783173384407577,20.0,0.002120710830763084,0.02016604962747673,FRAGILE
220.0,42.0,70.0,15.0,10.0,-0.00521644908976171,0.016463228633970768,0.07497215139964553,-0.30944899243514856,0.013560651220076355,649,0.1504694818934177,0.46841294298921415,1.2132139470656251,5,-0.13783173384407577,20.0,0.002120710830763084,0.02016604962747673,FRAGILE
220.0,42.0,70.0,20.0,3.0,-0.00437799241705239,0.016371493479425844,0.05974186626999223,-0.25981265227970657,-0.20695393338788892,2223,0.14848537424596261,0.3531264057579847,1.096287302142213,5,-0.201335847660376,40.0,0.0035181003522055665,0.016316830889438208,FRAGILE
220.0,42.0,70.0,20.0,5.0,-0.00437799241705239,0.016371493479425844,0.05974186626999223,-0.25981265227970657,-0.06244858508511516,1354,0.14848537424596261,0.3988183161004431,1.2288175554630296,5,-0.201335847660376,40.0,0.0035181003522055665,0.016316830889438208,FRAGILE
220.0,42.0,70.0,20.0,10.0,-0.00437799241705239,0.016371493479425844,0.05974186626999223,-0.25981265227970657,-0.004929317641650733,672,0.14848537424596261,0.45982142857142855,1.1477684263874188,5,-0.201335847660376,40.0,0.0035181003522055665,0.016316830889438208,FRAGILE
220.0,42.0,70.0,25.0,3.0,-0.004995007242874605,0.016573119294472863,0.05899714413840851,-0.2938563929165747,-0.2464223483913051,2238,0.1486765291458959,0.3449508489722967,1.0247178830630703,5,-0.25811151593532655,20.0,0.00210484155508468,0.01659521561134045,FRAGILE
220.0,42.0,70.0,25.0,5.0,-0.004995007242874605,0.016573119294472863,0.05899714413840851,-0.2938563929165747,-0.11393329900147507,1347,0.1486765291458959,0.39198218262806234,1.0735472132736281,5,-0.25811151593532655,20.0,0.00210484155508468,0.01659521561134045,FRAGILE
220.0,42.0,70.0,25.0,10.0,-0.004995007242874605,0.016573119294472863,0.05899714413840851,-0.2938563929165747,-0.022525055243715324,650,0.1486765291458959,0.44153846153846155,1.1322494025367598,5,-0.25811151593532655,20.0,0.00210484155508468,0.01659521561134045,FRAGILE
220.0,42.0,70.0,30.0,3.0,-0.0031246366964235994,0.01718463027254467,0.059328063650792795,-0.17351635842337412,-0.24641792828655473,2344,0.15820098563932264,0.34513651877133106,1.0270654590377934,5,0.04083649390829998,40.0,0.00558695479639113,0.02187674135094207,FRAGILE
220.0,42.0,70.0,30.0,5.0,-0.0031246366964235994,0.01718463027254467,0.059328063650792795,-0.17351635842337412,-0.13822149007146603,1415,0.15820098563932264,0.3795053003533569,1.0535461763254075,5,0.04083649390829998,40.0,0.00558695479639113,0.02187674135094207,FRAGILE
220.0,42.0,70.0,30.0,10.0,-0.0031246366964235994,0.01718463027254467,0.059328063650792795,-0.17351635842337412,-0.04087807587951211,698,0.15820098563932264,0.4355300859598854,1.0744797010053315,5,0.04083649390829998,40.0,0.00558695479639113,0.02187674135094207,FRAGILE
220.0,42.0,80.0,10.0,3.0,-0.010686533227847739,0.016858702240640056,0.1018354903709967,-0.6288563523182679,-0.22921493338921023,2284,0.15792147141839347,0.3419439579684764,1.1178509635397083,5,-0.8154331984708024,20.0,-0.007111011206191442,0.022747527834513392,FRAGILE
220.0,42.0,80.0,10.0,5.0,-0.010686533227847739,0.016858702240640056,0.1018354903709967,-0.6288563523182679,nan,1312,0.15792147141839347,0.3940548780487805,1.2404777769625137,5,-0.8154331984708024,20.0,-0.007111011206191442,0.022747527834513392,FRAGILE
220.0,42.0,80.0,10.0,10.0,-0.010686533227847739,0.016858702240640056,0.1018354903709967,-0.6288563523182679,-0.010614634705430693,643,0.15792147141839347,0.4665629860031104,1.0889375162639536,5,-0.8154331984708024,20.0,-0.007111011206191442,0.022747527834513392,FRAGILE
220.0,42.0,80.0,15.0,3.0,-0.0041866266748336045,0.016718399329170637,0.07289643700812909,-0.2425861307593957,-0.19769462712444497,2218,0.1524422842169578,0.3431018935978359,1.1792260099098983,5,-0.07220440184846014,20.0,0.003460926054588609,0.02169809365443501,FRAGILE
220.0,42.0,80.0,15.0,5.0,-0.0041866266748336045,0.016718399329170637,0.07289643700812909,-0.2425861307593957,-0.0616556665174009,1290,0.1524422842169578,0.3922480620155039,1.2632781349216953,5,-0.07220440184846014,20.0,0.003460926054588609,0.02169809365443501,FRAGILE
220.0,42.0,80.0,15.0,10.0,-0.0041866266748336045,0.016718399329170637,0.07289643700812909,-0.2425861307593957,0.013407478923584022,650,0.1524422842169578,0.4676923076923077,1.2123985819000833,5,-0.07220440184846014,20.0,0.003460926054588609,0.02169809365443501,FRAGILE
220.0,42.0,80.0,20.0,3.0,-0.003633317014488213,0.016781985178111,0.05950103645875193,-0.2085011466232318,-0.2044594367025483,2225,0.1505384203451089,0.3537078651685393,1.1127388131216378,5,-0.13938972741395544,40.0,0.004831651567131811,0.017985528050690522,FRAGILE
220.0,42.0,80.0,20.0,5.0,-0.003633317014488213,0.016781985178111,0.05950103645875193,-0.2085011466232318,-0.05849324865970026,1354,0.1505384203451089,0.3988183161004431,1.2538574542663756,5,-0.13938972741395544,40.0,0.004831651567131811,0.017985528050690522,FRAGILE
220.0,42.0,80.0,20.0,10.0,-0.003633317014488213,0.016781985178111,0.05950103645875193,-0.2085011466232318,-0.005240026099970317,672,0.1505384203451089,0.45982142857142855,1.1467742675378754,5,-0.13938972741395544,40.0,0.004831651567131811,0.017985528050690522,FRAGILE
220.0,42.0,80.0,25.0,3.0,-0.004241451033356269,0.01698133490114307,0.056609188557856904,-0.24180867104631615,-0.24500347149304133,2240,0.15081277667579954,0.3455357142857143,1.042955793189124,5,-0.19225858680050217,20.0,0.003462609282541873,0.01787539289280261,FRAGILE
220.0,42.0,80.0,25.0,5.0,-0.004241451033356269,0.01698133490114307,0.056609188557856904,-0.24180867104631615,-0.1104335425521418,1348,0.15081277667579954,0.3916913946587537,1.102756111558879,5,-0.19225858680050217,20.0,0.003462609282541873,0.01787539289280261,FRAGILE
220.0,42.0,80.0,25.0,10.0,-0.004241451033356269,0.01698133490114307,0.056609188557856904,-0.24180867104631615,-0.024152646520879055,651,0.15081277667579954,0.44086021505376344,1.1293883803393419,5,-0.19225858680050217,20.0,0.003462609282541873,0.01787539289280261,FRAGILE
220.0,42.0,80.0,30.0,3.0,-0.0022484434029028666,0.0175751620678413,0.05794279266433422,-0.11928705725421739,-0.24526208501744057,2347,0.1602320826042718,0.345973583297827,1.0431996421433827,5,0.11395351067139374,40.0,0.007084387813285709,0.023363813455670936,FRAGILE
220.0,42.0,80.0,30.0,5.0,-0.0022484434029028666,0.0175751620678413,0.05794279266433422,-0.11928705725421739,-0.1345238237325907,1417,0.1602320826042718,0.3796753705010586,1.0831331651065619,5,0.11395351067139374,40.0,0.007084387813285709,0.023363813455670936,FRAGILE
220.0,42.0,80.0,30.0,10.0,-0.0022484434029028666,0.0175751620678413,0.05794279266433422,-0.11928705725421739,-0.042602292818187344,699,0.1602320826042718,0.43490701001430615,1.0730175600269993,5,0.11395351067139374,40.0,0.007084387813285709,0.023363813455670936,FRAGILE
220.0,63.0,40.0,10.0,3.0,-0.009371708337849394,0.01599678803414755,0.0951565444931528,-0.580601629564602,-0.2275067391213745,2296,0.15019946921610466,0.34189895470383275,1.1004173697244939,5,-0.9998960365804928,20.0,-0.009218341115054263,0.020933208688410237,FRAGILE
220.0,63.0,40.0,10.0,5.0,-0.009371708337849394,0.01599678803414755,0.0951565444931528,-0.580601629564602,nan,1322,0.15019946921610466,0.38502269288956126,1.2334920843762511,5,-0.9998960365804928,20.0,-0.009218341115054263,0.020933208688410237,FRAGILE
220.0,63.0,40.0,10.0,10.0,-0.009371708337849394,0.01599678803414755,0.0951565444931528,-0.580601629564602,-0.01144279499264024,649,0.15019946921610466,0.4761171032357473,1.041977856215673,5,-0.9998960365804928,20.0,-0.009218341115054263,0.020933208688410237,FRAGILE
220.0,63.0,40.0,15.0,3.0,-0.004583648577026311,0.015605170958228595,0.0760964128932694,-0.28659635297189867,-0.19575232404345727,2232,0.1439285931569109,0.34274193548387094,1.163663928574897,5,-0.42247110541536087,20.0,-0.0013212516315849188,0.020861693427139057,FRAGILE
220.0,63.0,40.0,15.0,5.0,-0.004583648577026311,0.015605170958228595,0.0760964128932694,-0.28659635297189867,-0.07359306926326373,1301,0.1439285931569109,0.3858570330514988,1.2342575777210305,5,-0.42247110541536087,20.0,-0.0013212516315849188,0.020861693427139057,FRAGILE
220.0,63.0,40.0,15.0,10.0,-0.004583648577026311,0.015605170958228595,0.0760964128932694,-0.28659635297189867,0.012564517829336586,656,0.1439285931569109,0.4817073170731707,1.144598313801308,5,-0.42247110541536087,20.0,-0.0013212516315849188,0.020861693427139057,FRAGILE
220.0,63.0,40.0,20.0,3.0,-0.003116788488587763,0.01582788613700565,0.048992182786447125,-0.18930702893654777,-0.19980308553298176,2241,0.14243182147534741,0.3476126729138777,1.1417122877958408,5,-0.27221473830690734,40.0,0.0013085119375916055,0.013783444465152509,FRAGILE
220.0,63.0,40.0,20.0,5.0,-0.003116788488587763,0.01582788613700565,0.048992182786447125,-0.18930702893654777,-0.05665107115699901,1365,0.14243182147534741,0.389010989010989,1.3039748899941936,5,-0.27221473830690734,40.0,0.0013085119375916055,0.013783444465152509,FRAGILE
220.0,63.0,40.0,20.0,10.0,-0.003116788488587763,0.01582788613700565,0.048992182786447125,-0.18930702893654777,-0.006881578386608457,678,0.14243182147534741,0.46755162241887904,1.1023358999689672,5,-0.27221473830690734,40.0,0.0013085119375916055,0.013783444465152509,FRAGILE
220.0,63.0,40.0,25.0,3.0,-0.0031824994910391036,0.016050809278380165,0.045903519804200155,-0.19056436100149599,-0.2302636398699877,2252,0.14285724048522647,0.34369449378330375,1.0678987210508957,5,-0.2439700175316692,20.0,0.000978880482123734,0.014380957410734137,FRAGILE
220.0,63.0,40.0,25.0,5.0,-0.0031824994910391036,0.016050809278380165,0.045903519804200155,-0.19056436100149599,-0.1128299331391308,1356,0.14285724048522647,0.3827433628318584,1.1170152804770281,5,-0.2439700175316692,20.0,0.000978880482123734,0.014380957410734137,FRAGILE
220.0,63.0,40.0,25.0,10.0,-0.0031824994910391036,0.016050809278380165,0.045903519804200155,-0.19056436100149599,-0.024479884635326705,656,0.14285724048522647,0.4496951219512195,1.0844675448168684,5,-0.2439700175316692,20.0,0.000978880482123734,0.014380957410734137,FRAGILE
220.0,63.0,40.0,30.0,3.0,-0.0003437960598029477,0.016542017373318417,0.045627175540290166,-0.012514741746898594,-0.23258787794739372,2359,0.15251413411149056,0.34378974141585417,1.0714285775445267,5,-0.009406126624700773,20.0,0.004332915675794391,0.019098207863200548,FRAGILE
220.0,63.0,40.0,30.0,5.0,-0.0003437960598029477,0.016542017373318417,0.045627175540290166,-0.012514741746898594,-0.12253722439795531,1425,0.15251413411149056,0.3740350877192982,1.129474446502804,5,-0.009406126624700773,20.0,0.004332915675794391,0.019098207863200548,FRAGILE
220.0,63.0,40.0,30.0,10.0,-0.0003437960598029477,0.016542017373318417,0.045627175540290166,-0.012514741746898594,-0.03490152038753251,705,0.15251413411149056,0.4425531914893617,1.0744911341781451,5,-0.009406126624700773,20.0,0.004332915675794391,0.019098207863200548,FRAGILE
220.0,63.0,50.0,10.0,3.0,-0.009201411124463155,0.016253071383684564,0.09554377100814226,-0.5606165913033924,-0.22623966209152868,2287,0.15301802401003842,0.3414954088325317,1.113348913415702,5,-0.9788231625174614,20.0,-0.00908646206927577,0.02119664349024883,FRAGILE
220.0,63.0,50.0,10.0,5.0,-0.009201411124463155,0.016253071383684564,0.09554377100814226,-0.5606165913033924,nan,1318,0.15301802401003842,0.38391502276176026,1.2508840588200254,5,-0.9788231625174614,20.0,-0.00908646206927577,0.02119664349024883,FRAGILE
220.0,63.0,50.0,10.0,10.0,-0.009201411124463155,0.016253071383684564,0.09554377100814226,-0.5606165913033924,-0.007370217332628294,645,0.15301802401003842,0.475968992248062,1.063295059887419,5,-0.9788231625174614,20.0,-0.00908646206927577,0.02119664349024883,FRAGILE
220.0,63.0,50.0,15.0,3.0,-0.004231585959492468,0.015865419336652753,0.0761275510148528,-0.2593486584692456,-0.19488491239219746,2222,0.14664517264723972,0.3424842484248425,1.1748811698284418,5,-0.39025637803966884,20.0,-0.0009345382783345402,0.021029039021529528,FRAGILE
220.0,63.0,50.0,15.0,5.0,-0.004231585959492468,0.015865419336652753,0.0761275510148528,-0.2593486584692456,-0.0702786778375072,1296,0.14664517264723972,0.38503086419753085,1.2547149783364069,5,-0.39025637803966884,20.0,-0.0009345382783345402,0.021029039021529528,FRAGILE
220.0,63.0,50.0,15.0,10.0,-0.004231585959492468,0.015865419336652753,0.0761275510148528,-0.2593486584692456,0.01594200814625349,652,0.14664517264723972,0.4815950920245399,1.1634894932577475,5,-0.39025637803966884,20.0,-0.0009345382783345402,0.021029039021529528,FRAGILE
220.0,63.0,50.0,20.0,3.0,-0.0029589017425194486,0.016016026249669524,0.04952966871523834,-0.17700867720923383,-0.1980943229621557,2231,0.14504376556000567,0.3473778574630211,1.1531874092099978,5,-0.24847719093684062,40.0,0.0014475595797798669,0.014125386380144758,FRAGILE
220.0,63.0,50.0,20.0,5.0,-0.0029589017425194486,0.016016026249669524,0.04952966871523834,-0.17700867720923383,-0.05129525132571957,1360,0.14504376556000567,0.38823529411764707,1.3331115201018187,5,-0.24847719093684062,40.0,0.0014475595797798669,0.014125386380144758,FRAGILE
220.0,63.0,50.0,20.0,10.0,-0.0029589017425194486,0.016016026249669524,0.04952966871523834,-0.17700867720923383,-0.0035051138206711424,675,0.14504376556000567,0.4666666666666667,1.1241865044758763,5,-0.24847719093684062,40.0,0.0014475595797798669,0.014125386380144758,FRAGILE
220.0,63.0,50.0,25.0,3.0,-0.002571496861488054,0.016336381327998226,0.045956517501259175,-0.14944267039233491,-0.2293466188275014,2244,0.14551672668870538,0.3431372549019608,1.0799139931954858,5,-0.2178918608496084,20.0,0.00143740365572127,0.01476413038025462,FRAGILE
220.0,63.0,50.0,25.0,5.0,-0.002571496861488054,0.016336381327998226,0.045956517501259175,-0.14944267039233491,-0.10782952516055806,1352,0.14551672668870538,0.3816568047337278,1.1443318406378966,5,-0.2178918608496084,20.0,0.00143740365572127,0.01476413038025462,FRAGILE
220.0,63.0,50.0,25.0,10.0,-0.002571496861488054,0.016336381327998226,0.045956517501259175,-0.14944267039233491,-0.02055299895652276,653,0.14551672668870538,0.44869831546707506,1.1109576927457163,5,-0.2178918608496084,20.0,0.00143740365572127,0.01476413038025462,FRAGILE
220.0,63.0,50.0,30.0,3.0,0.00011095532972360544,0.016794730727159857,0.04491883364116522,0.015003244431102434,-0.23103481979563154,2349,0.15507143071462284,0.34355044699872284,1.0822627564984697,5,0.0037221206109969984,20.0,0.0044710023486317805,0.019495922511714107,NON_FRAGILE
220.0,63.0,50.0,30.0,5.0,0.00011095532972360544,0.016794730727159857,0.04491883364116522,0.015003244431102434,-0.11740079022223551,1420,0.15507143071462284,0.3732394366197183,1.1563487805092862,5,0.0037221206109969984,20.0,0.0044710023486317805,0.019495922511714107,NON_FRAGILE
220.0,63.0,50.0,30.0,10.0,0.00011095532972360544,0.016794730727159857,0.04491883364116522,0.015003244431102434,-0.030612702205465664,701,0.15507143071462284,0.442225392296719,1.0980207995534272,5,0.0037221206109969984,20.0,0.0044710023486317805,0.019495922511714107,NON_FRAGILE
220.0,63.0,60.0,10.0,3.0,-0.009274581789139424,0.016607408756455243,0.09574823771701779,-0.5527508748772213,-0.22551932762498883,2278,0.15513559534482024,0.3410886742756804,1.1076531739062199,5,-0.9777443589913581,20.0,-0.008995388496829616,0.02159842668234024,FRAGILE
220.0,63.0,60.0,10.0,5.0,-0.009274581789139424,0.016607408756455243,0.09574823771701779,-0.5527508748772213,nan,1312,0.15513559534482024,0.3833841463414634,1.2482959938824896,5,-0.9777443589913581,20.0,-0.008995388496829616,0.02159842668234024,FRAGILE
220.0,63.0,60.0,10.0,10.0,-0.009274581789139424,0.016607408756455243,0.09574823771701779,-0.5527508748772213,-0.004652939877926924,643,0.15513559534482024,0.4758942457231726,1.077174289487935,5,-0.9777443589913581,20.0,-0.008995388496829616,0.02159842668234024,FRAGILE
220.0,63.0,60.0,15.0,3.0,-0.004216359403756642,0.01626082074953329,0.07657049687472206,-0.2517110153454798,-0.19549433244419603,2214,0.1490145332698226,0.34191508581752483,1.167593318330658,5,-0.3824224207872129,20.0,-0.0006653276192313484,0.021256602338067934,FRAGILE
220.0,63.0,60.0,15.0,5.0,-0.004216359403756642,0.01626082074953329,0.07657049687472206,-0.2517110153454798,-0.06904567560578927,1290,0.1490145332698226,0.38449612403100775,1.2546488594302154,5,-0.3824224207872129,20.0,-0.0006653276192313484,0.021256602338067934,FRAGILE
220.0,63.0,60.0,15.0,10.0,-0.004216359403756642,0.01626082074953329,0.07657049687472206,-0.2517110153454798,0.01846561181623283,650,0.1490145332698226,0.4815384615384615,1.178935094106066,5,-0.3824224207872129,20.0,-0.0006653276192313484,0.021256602338067934,FRAGILE
220.0,63.0,60.0,20.0,3.0,-0.0028931668939585764,0.01636180117875844,0.05035654786987909,-0.16889648227971596,-0.1987414475476006,2223,0.1473910972327125,0.3468286099865047,1.1450781031499135,5,-0.2242294484127379,40.0,0.0017344936870269168,0.014413348370004766,FRAGILE
220.0,63.0,60.0,20.0,5.0,-0.0028931668939585764,0.01636180117875844,0.05035654786987909,-0.16889648227971596,-0.04987646156116062,1354,0.1473910972327125,0.38847858197932056,1.3344354488344838,5,-0.2242294484127379,40.0,0.0017344936870269168,0.014413348370004766,FRAGILE
220.0,63.0,60.0,20.0,10.0,-0.0028931668939585764,0.01636180117875844,0.05035654786987909,-0.16889648227971596,-0.0001936567958308329,673,0.1473910972327125,0.46656760772659733,1.142264070265589,5,-0.2242294484127379,40.0,0.0017344936870269168,0.014413348370004766,FRAGILE
220.0,63.0,60.0,25.0,3.0,-0.0024897279828267616,0.016672183935936384,0.04650870400034246,-0.1411831728278759,-0.2282951584319552,2236,0.14797102487047248,0.3430232558139535,1.0763753958699736,5,-0.19406909077380702,20.0,0.0018172615944389125,0.015262715839754144,FRAGILE
220.0,63.0,60.0,25.0,5.0,-0.0024897279828267616,0.016672183935936384,0.04650870400034246,-0.1411831728278759,-0.1069181166099668,1346,0.14797102487047248,0.3818722139673105,1.1405611370688795,5,-0.19406909077380702,20.0,0.0018172615944389125,0.015262715839754144,FRAGILE
220.0,63.0,60.0,25.0,10.0,-0.0024897279828267616,0.016672183935936384,0.04650870400034246,-0.1411831728278759,-0.016962355293329262,651,0.14797102487047248,0.4485407066052227,1.1307891811823565,5,-0.19406909077380702,20.0,0.0018172615944389125,0.015262715839754144,FRAGILE
220.0,63.0,60.0,30.0,3.0,0.0001991319847101103,0.017124797697623404,0.044827508062017296,0.020189427471214907,-0.23038257676392662,2341,0.157616437829356,0.3430158052114481,1.0726693682322868,5,0.014318822962139858,20.0,0.00481814940781009,0.01987379771153601,NON_FRAGILE
220.0,63.0,60.0,30.0,5.0,0.0001991319847101103,0.017124797697623404,0.044827508062017296,0.020189427471214907,-0.11555073462949443,1414,0.157616437829356,0.3734087694483734,1.156393498840403,5,0.014318822962139858,20.0,0.00481814940781009,0.01987379771153601,NON_FRAGILE
220.0,63.0,60.0,30.0,10.0,0.0001991319847101103,0.017124797697623404,0.044827508062017296,0.020189427471214907,-0.02674762184583165,699,0.157616437829356,0.44206008583690987,1.11733863690335,5,0.014318822962139858,20.0,0.00481814940781009,0.01987379771153601,NON_FRAGILE
220.0,63.0,70.0,10.0,3.0,-0.009191235175807222,0.016769381551533125,0.09732266434698889,-0.5422344378913186,-0.22405879990482172,2273,0.1571723161334331,0.34007919049714036,1.1259188644635574,5,-0.9651251725470708,20.0,-0.008825651678266832,0.022986361747697002,FRAGILE
220.0,63.0,70.0,10.0,5.0,-0.009191235175807222,0.016769381551533125,0.09732266434698889,-0.5422344378913186,nan,1309,0.1571723161334331,0.3827349121466769,1.2747064521452511,5,-0.9651251725470708,20.0,-0.008825651678266832,0.022986361747697002,FRAGILE
220.0,63.0,70.0,10.0,10.0,-0.009191235175807222,0.016769381551533125,0.09732266434698889,-0.5422344378913186,-0.0024788273906367186,642,0.1571723161334331,0.4766355140186916,1.0854892294955132,5,-0.9651251725470708,20.0,-0.008825651678266832,0.022986361747697002,FRAGILE
220.0,63.0,70.0,15.0,3.0,-0.003960118992542894,0.016472103127721488,0.07754723398212449,-0.2326531684082739,-0.19414862254461565,2209,0.1513447855395849,0.3408782254413762,1.183122188244157,5,-0.371568695627283,20.0,-0.00033593880466316063,0.022429721311738378,FRAGILE
220.0,63.0,70.0,15.0,5.0,-0.003960118992542894,0.016472103127721488,0.07754723398212449,-0.2326531684082739,-0.06481594110937594,1287,0.1513447855395849,0.3838383838383838,1.2836096371237924,5,-0.371568695627283,20.0,-0.00033593880466316063,0.022429721311738378,FRAGILE
220.0,63.0,70.0,15.0,10.0,-0.003960118992542894,0.016472103127721488,0.07754723398212449,-0.2326531684082739,0.0213441349856688,649,0.1513447855395849,0.48228043143297383,1.188664448920734,5,-0.371568695627283,20.0,-0.00033593880466316063,0.022429721311738378,FRAGILE
220.0,63.0,70.0,20.0,3.0,-0.0026967048633961266,0.016665438502408505,0.05093704757628981,-0.1536967045295503,-0.19752900121158634,2218,0.14965547114619684,0.3458070333633904,1.1599974909077886,5,-0.21133076383044816,40.0,0.002171261027445115,0.015785692988738515,FRAGILE
220.0,63.0,70.0,20.0,5.0,-0.0026967048633961266,0.016665438502408505,0.05093704757628981,-0.1536967045295503,-0.04610422065019271,1352,0.14965547114619684,0.3875739644970414,1.3612364035269937,5,-0.21133076383044816,40.0,0.002171261027445115,0.015785692988738515,FRAGILE
220.0,63.0,70.0,20.0,10.0,-0.0026967048633961266,0.016665438502408505,0.05093704757628981,-0.1536967045295503,0.004020141764820609,672,0.14965547114619684,0.46726190476190477,1.1613966254868688,5,-0.21133076383044816,40.0,0.002171261027445115,0.015785692988738515,FRAGILE
220.0,63.0,70.0,25.0,3.0,-0.0021504495383897204,0.01692015712605953,0.0456446329788921,-0.11876947992826384,-0.22680967923088227,2233,0.15016731245278114,0.34214061800268697,1.0964157856166745,5,-0.1806695756121727,20.0,0.002465283183160505,0.016137942331354672,FRAGILE
220.0,63.0,70.0,25.0,5.0,-0.0021504495383897204,0.01692015712605953,0.0456446329788921,-0.11876947992826384,-0.10386375210081839,1344,0.15016731245278114,0.38095238095238093,1.1645983508438358,5,-0.1806695756121727,20.0,0.002465283183160505,0.016137942331354672,FRAGILE
220.0,63.0,70.0,25.0,10.0,-0.0021504495383897204,0.01692015712605953,0.0456446329788921,-0.11876947992826384,-0.014285741363248932,650,0.15016731245278114,0.4492307692307692,1.144964188735899,5,-0.1806695756121727,20.0,0.002465283183160505,0.016137942331354672,FRAGILE
220.0,63.0,70.0,30.0,3.0,0.0005346960659660116,0.017374381181798598,0.044935616160173386,0.03945414140221936,-0.2290924739544222,2338,0.1598601053708553,0.3421727972626176,1.0921675115112472,5,0.04531517167706991,20.0,0.005481359673678643,0.02102535925660011,NON_FRAGILE
220.0,63.0,70.0,30.0,5.0,0.0005346960659660116,0.017374381181798598,0.044935616160173386,0.03945414140221936,-0.11174884281059297,1412,0.1598601053708553,0.37252124645892354,1.1842643629958347,5,0.04531517167706991,20.0,0.005481359673678643,0.02102535925660011,NON_FRAGILE
220.0,63.0,70.0,30.0,10.0,0.0005346960659660116,0.017374381181798598,0.044935616160173386,0.03945414140221936,-0.02392155863013032,698,0.1598601053708553,0.44269340974212035,1.1321711606418807,5,0.04531517167706991,20.0,0.005481359673678643,0.02102535925660011,NON_FRAGILE
220.0,63.0,80.0,10.0,3.0,-0.008363700296732501,0.016969542075505134,0.09618942742211634,-0.48644445889875165,-0.223486700159903,2278,0.1589348887992938,0.3410886742756804,1.136027465215445,5,-0.9076765935472538,20.0,-0.007768704813253202,0.024765524608844295,FRAGILE
220.0,63.0,80.0,10.0,5.0,-0.008363700296732501,0.016969542075505134,0.09618942742211634,-0.48644445889875165,nan,1310,0.1589348887992938,0.3816793893129771,1.3193420854220976,5,-0.9076765935472538,20.0,-0.007768704813253202,0.024765524608844295,FRAGILE
220.0,63.0,80.0,10.0,10.0,-0.008363700296732501,0.016969542075505134,0.09618942742211634,-0.48644445889875165,-0.0024081523612151635,643,0.1589348887992938,0.4758942457231726,1.0895214042086405,5,-0.9076765935472538,20.0,-0.007768704813253202,0.024765524608844295,FRAGILE
220.0,63.0,80.0,15.0,3.0,-0.002945119658466111,0.01674108748036141,0.07605257822609857,-0.16781093537112265,-0.19103571472493963,2213,0.15320587257404025,0.34161771351107095,1.2039009022124845,5,-0.31451291597798303,20.0,0.0008337400093469504,0.024148331775142577,FRAGILE
220.0,63.0,80.0,15.0,5.0,-0.002945119658466111,0.01674108748036141,0.07605257822609857,-0.16781093537112265,-0.05821261781491533,1288,0.15320587257404025,0.3827639751552795,1.3321380598288612,5,-0.31451291597798303,20.0,0.0008337400093469504,0.024148331775142577,FRAGILE
220.0,63.0,80.0,15.0,10.0,-0.002945119658466111,0.01674108748036141,0.07605257822609857,-0.16781093537112265,0.021711357430380517,650,0.15320587257404025,0.4815384615384615,1.1892551258596726,5,-0.31451291597798303,20.0,0.0008337400093469504,0.024148331775142577,FRAGILE
220.0,63.0,80.0,20.0,3.0,-0.0018843801151197104,0.017068339507847655,0.04916348163968709,-0.10196939867390092,-0.1942959386900796,2220,0.15158023405186669,0.3463963963963964,1.1783401926630357,5,-0.12504420365431054,40.0,0.0034532557756937086,0.017531339805964812,FRAGILE
220.0,63.0,80.0,20.0,5.0,-0.0018843801151197104,0.017068339507847655,0.04916348163968709,-0.10196939867390092,-0.04176065430215556,1352,0.15158023405186669,0.3875739644970414,1.387282426487154,5,-0.12504420365431054,40.0,0.0034532557756937086,0.017531339805964812,FRAGILE
220.0,63.0,80.0,20.0,10.0,-0.0018843801151197104,0.017068339507847655,0.04916348163968709,-0.10196939867390092,0.00415096784032484,672,0.15158023405186669,0.46726190476190477,1.1615849481538731,5,-0.12504420365431054,40.0,0.0034532557756937086,0.017531339805964812,FRAGILE
220.0,63.0,80.0,25.0,3.0,-0.0012686773264822815,0.017287481892906294,0.04328372334636865,-0.0647892033742942,-0.2239161031464506,2235,0.1521410426571847,0.34272930648769573,1.117045343858763,5,-0.11579387593720081,20.0,0.0038015671076748747,0.017393203673419,FRAGILE
220.0,63.0,80.0,25.0,5.0,-0.0012686773264822815,0.017287481892906294,0.04328372334636865,-0.0647892033742942,-0.10011431558033822,1345,0.1521410426571847,0.38066914498141263,1.1946214181143344,5,-0.11579387593720081,20.0,0.0038015671076748747,0.017393203673419,FRAGILE
220.0,63.0,80.0,25.0,10.0,-0.0012686773264822815,0.017287481892906294,0.04328372334636865,-0.0647892033742942,-0.015593845038010288,651,0.1521410426571847,0.4485407066052227,1.142791171473257,5,-0.11579387593720081,20.0,0.0038015671076748747,0.017393203673419,FRAGILE
220.0,63.0,80.0,30.0,3.0,0.0014575258840017202,0.017739830626014436,0.044439840045103485,0.09097156468327393,-0.22720952892404786,2341,0.161765893341305,0.3430158052114481,1.1087890219544694,5,0.11051511986150411,40.0,0.006871695866778338,0.022619097044486357,NON_FRAGILE
220.0,63.0,80.0,30.0,5.0,0.0014575258840017202,0.017739830626014436,0.044439840045103485,0.09097156468327393,-0.10842545865701537,1414,0.161765893341305,0.3727015558698727,1.2108767667056912,5,0.11051511986150411,40.0,0.006871695866778338,0.022619097044486357,NON_FRAGILE
220.0,63.0,80.0,30.0,10.0,0.0014575258840017202,0.017739830626014436,0.044439840045103485,0.09097156468327393,-0.025827897027206243,699,0.161765893341305,0.44206008583690987,1.1279613081426942,5,0.11051511986150411,40.0,0.006871695866778338,0.022619097044486357,NON_FRAGILE
252.0,0.0,40.0,10.0,3.0,-0.0076237203781064355,0.01465697584422048,0.08495954271909556,-0.5148018519381724,-0.2065346456304313,2227,0.1443080058029611,0.33363268971710824,1.187378515593396,5,-0.8525962406461183,40.0,-0.005117492189864814,0.020014817007638092,FRAGILE
252.0,0.0,40.0,10.0,5.0,-0.0076237203781064355,0.01465697584422048,0.08495954271909556,-0.5148018519381724,nan,1274,0.1443080058029611,0.38618524332810045,1.2477901016433253,5,-0.8525962406461183,40.0,-0.005117492189864814,0.020014817007638092,FRAGILE
252.0,0.0,40.0,10.0,10.0,-0.0076237203781064355,0.01465697584422048,0.08495954271909556,-0.5148018519381724,0.0038654824339469725,621,0.1443080058029611,0.46215780998389694,1.1878007363925278,5,-0.8525962406461183,40.0,-0.005117492189864814,0.020014817007638092,FRAGILE
252.0,0.0,40.0,15.0,3.0,-0.0037544276507588403,0.014318956605376028,0.07540184432361774,-0.25553508496364485,-0.16371257294877972,2163,0.13783226046250197,0.3416551086453999,1.2516662237010794,5,-0.28359050187082957,40.0,0.002120079629227667,0.02002163954873013,FRAGILE
252.0,0.0,40.0,15.0,5.0,-0.0037544276507588403,0.014318956605376028,0.07540184432361774,-0.25553508496364485,-0.061289618530459014,1254,0.13783226046250197,0.3875598086124402,1.2649974295584956,5,-0.28359050187082957,40.0,0.002120079629227667,0.02002163954873013,FRAGILE
252.0,0.0,40.0,15.0,10.0,-0.0037544276507588403,0.014318956605376028,0.07540184432361774,-0.25553508496364485,0.01729987570362424,628,0.13783226046250197,0.4394904458598726,1.4004356453280045,5,-0.28359050187082957,40.0,0.002120079629227667,0.02002163954873013,FRAGILE
252.0,0.0,40.0,20.0,3.0,-0.0033234978931273584,0.01469010064600554,0.061045250921887506,-0.2192696121862944,-0.18200101253932705,2172,0.13605681548271106,0.34576427255985265,1.1876751213161045,5,-0.45435111592415434,40.0,0.002595240302420687,0.018241418063983553,FRAGILE
252.0,0.0,40.0,20.0,5.0,-0.0033234978931273584,0.01469010064600554,0.061045250921887506,-0.2192696121862944,-0.07874189926288908,1318,0.13605681548271106,0.38239757207890746,1.2325459381539325,5,-0.45435111592415434,40.0,0.002595240302420687,0.018241418063983553,FRAGILE
252.0,0.0,40.0,20.0,10.0,-0.0033234978931273584,0.01469010064600554,0.061045250921887506,-0.2192696121862944,-0.0037169561651640044,650,0.13605681548271106,0.4369230769230769,1.2644123810068753,5,-0.45435111592415434,40.0,0.002595240302420687,0.018241418063983553,FRAGILE
252.0,0.0,40.0,25.0,3.0,-0.006350259390805468,0.014745041145158927,0.05926095925730612,-0.4246632348067643,-0.21667164716405038,2183,0.1363367135323774,0.34310581768208886,1.0911595746080514,5,-0.1477856227046485,40.0,0.0009450640629062423,0.015436914329482736,FRAGILE
252.0,0.0,40.0,25.0,5.0,-0.006350259390805468,0.014745041145158927,0.05926095925730612,-0.4246632348067643,-0.121082387146586,1310,0.1363367135323774,0.383206106870229,1.0688727914473142,5,-0.1477856227046485,40.0,0.0009450640629062423,0.015436914329482736,FRAGILE
252.0,0.0,40.0,25.0,10.0,-0.006350259390805468,0.014745041145158927,0.05926095925730612,-0.4246632348067643,-0.0028552478267767386,628,0.1363367135323774,0.43630573248407645,1.272489542185715,5,-0.1477856227046485,40.0,0.0009450640629062423,0.015436914329482736,FRAGILE
252.0,0.0,40.0,30.0,3.0,-0.0036838036326493073,0.0155086536137548,0.053677301396819255,-0.23021324749902636,-0.21533997792744378,2290,0.14626815720003178,0.3441048034934498,1.1001941219821116,5,-0.1774002785864523,40.0,0.0048008578362455975,0.022790282260703457,FRAGILE
252.0,0.0,40.0,30.0,5.0,-0.0036838036326493073,0.0155086536137548,0.053677301396819255,-0.23021324749902636,-0.1309564975801067,1377,0.14626815720003178,0.3754538852578068,1.0743151567963243,5,-0.1774002785864523,40.0,0.0048008578362455975,0.022790282260703457,FRAGILE
252.0,0.0,40.0,30.0,10.0,-0.0036838036326493073,0.0155086536137548,0.053677301396819255,-0.23021324749902636,-0.029816449570255987,676,0.14626815720003178,0.42011834319526625,1.1917486440745764,5,-0.1774002785864523,40.0,0.0048008578362455975,0.022790282260703457,FRAGILE
252.0,0.0,50.0,10.0,3.0,-0.007662652197048758,0.014881737885846496,0.08595444148406728,-0.5094393935869858,-0.20543723304166217,2221,0.14659214946562027,0.33363349842413326,1.2013741231702564,5,-0.8220341356376831,40.0,-0.0050783248476540255,0.02029554454762201,FRAGILE
252.0,0.0,50.0,10.0,5.0,-0.007662652197048758,0.014881737885846496,0.08595444148406728,-0.5094393935869858,nan,1272,0.14659214946562027,0.38522012578616355,1.2595197197856136,5,-0.8220341356376831,40.0,-0.0050783248476540255,0.02029554454762201,FRAGILE
252.0,0.0,50.0,10.0,10.0,-0.007662652197048758,0.014881737885846496,0.08595444148406728,-0.5094393935869858,0.004873717015401044,618,0.14659214946562027,0.4627831715210356,1.1905273300993162,5,-0.8220341356376831,40.0,-0.0050783248476540255,0.02029554454762201,FRAGILE
252.0,0.0,50.0,15.0,3.0,-0.003655278965443265,0.014538471839463775,0.07574574938165168,-0.24461358575890516,-0.16346846505639748,2156,0.13997568841881827,0.34183673469387754,1.2605251600123597,5,-0.24188707791569525,40.0,0.0024024262902190064,0.020255202089827916,FRAGILE
252.0,0.0,50.0,15.0,5.0,-0.003655278965443265,0.014538471839463775,0.07574574938165168,-0.24461358575890516,-0.06044174096986445,1251,0.13997568841881827,0.38689048760991207,1.2776350411882287,5,-0.24188707791569525,40.0,0.0024024262902190064,0.020255202089827916,FRAGILE
252.0,0.0,50.0,15.0,10.0,-0.003655278965443265,0.014538471839463775,0.07574574938165168,-0.24461358575890516,0.01875968395790124,625,0.13997568841881827,0.44,1.4055914161484262,5,-0.24188707791569525,40.0,0.0024024262902190064,0.020255202089827916,FRAGILE
252.0,0.0,50.0,20.0,3.0,-0.003303556562863741,0.014739086381067029,0.06142689646785404,-0.21713480147651107,-0.18197804973663353,2165,0.13812729857387732,0.34595842956120093,1.1947137093044453,5,-0.4304914686154599,40.0,0.002666586921127134,0.018551297354663498,FRAGILE
252.0,0.0,50.0,20.0,5.0,-0.003303556562863741,0.014739086381067029,0.06142689646785404,-0.21713480147651107,-0.0779971582337878,1315,0.13812729857387732,0.3817490494296578,1.245525096896165,5,-0.4304914686154599,40.0,0.002666586921127134,0.018551297354663498,FRAGILE
252.0,0.0,50.0,20.0,10.0,-0.003303556562863741,0.014739086381067029,0.06142689646785404,-0.21713480147651107,-0.0019223519764906332,648,0.13812729857387732,0.4367283950617284,1.2773407516090618,5,-0.4304914686154599,40.0,0.002666586921127134,0.018551297354663498,FRAGILE
252.0,0.0,50.0,25.0,3.0,-0.006258767576276636,0.014899949684041963,0.05971436490113313,-0.4139145924021025,-0.2169358185267834,2178,0.13841856813510825,0.34297520661157027,1.1007625735706081,5,-0.1007163619678088,60.0,0.001496060166571489,0.015792027869623124,FRAGILE
252.0,0.0,50.0,25.0,5.0,-0.006258767576276636,0.014899949684041963,0.05971436490113313,-0.4139145924021025,-0.12045650608437107,1308,0.13841856813510825,0.382262996941896,1.0843938360617544,5,-0.1007163619678088,60.0,0.001496060166571489,0.015792027869623124,FRAGILE
252.0,0.0,50.0,25.0,10.0,-0.006258767576276636,0.014899949684041963,0.05971436490113313,-0.4139145924021025,-0.0010998212827779878,626,0.13841856813510825,0.43610223642172524,1.285630478794775,5,-0.1007163619678088,60.0,0.001496060166571489,0.015792027869623124,FRAGILE
252.0,0.0,50.0,30.0,3.0,-0.0038863566990796627,0.015642169918193623,0.0530120863065453,-0.24111289915199938,-0.21521133783977928,2283,0.14829683193091334,0.3442838370565046,1.1078331118459201,5,-0.15529252793043205,40.0,0.004947331663629528,0.023126257123662373,FRAGILE
252.0,0.0,50.0,30.0,5.0,-0.0038863566990796627,0.015642169918193623,0.0530120863065453,-0.24111289915199938,-0.13082423105084554,1374,0.14829683193091334,0.3748180494905386,1.0876751550852375,5,-0.15529252793043205,40.0,0.004947331663629528,0.023126257123662373,FRAGILE
252.0,0.0,50.0,30.0,10.0,-0.0038863566990796627,0.015642169918193623,0.0530120863065453,-0.24111289915199938,-0.026214692657947573,673,0.14829683193091334,0.42050520059435365,1.213515523089195,5,-0.15529252793043205,40.0,0.004947331663629528,0.023126257123662373,FRAGILE
252.0,0.0,60.0,10.0,3.0,-0.007839338716715383,0.015253914109224932,0.08708519488887712,-0.5083146712831984,-0.2067247147367296,2215,0.14844264863819406,0.3331828442437923,1.194734351316888,5,-0.8187177695946393,40.0,-0.005095991312864201,0.020829860113367675,FRAGILE
252.0,0.0,60.0,10.0,5.0,-0.007839338716715383,0.015253914109224932,0.08708519488887712,-0.5083146712831984,nan,1268,0.14844264863819406,0.38485804416403785,1.2573779507620244,5,-0.8187177695946393,40.0,-0.005095991312864201,0.020829860113367675,FRAGILE
252.0,0.0,60.0,10.0,10.0,-0.007839338716715383,0.015253914109224932,0.08708519488887712,-0.5083146712831984,0.006890084372706929,617,0.14844264863819406,0.46353322528363045,1.1995426260707553,5,-0.8187177695946393,40.0,-0.005095991312864201,0.020829860113367675,FRAGILE
252.0,0.0,60.0,15.0,3.0,-0.0037009847248953287,0.014935818125682348,0.07682186565264504,-0.24078485129174917,-0.16597880129806086,2151,0.14208401655366493,0.3412366341236634,1.2517839990493638,5,-0.23210414108263744,40.0,0.002527167423501364,0.0207622403143676,FRAGILE
252.0,0.0,60.0,15.0,5.0,-0.0037009847248953287,0.014935818125682348,0.07682186565264504,-0.24078485129174917,-0.059175486355879346,1247,0.14208401655366493,0.3865276663993585,1.278571921443256,5,-0.23210414108263744,40.0,0.002527167423501364,0.0207622403143676,FRAGILE
252.0,0.0,60.0,15.0,10.0,-0.0037009847248953287,0.014935818125682348,0.07682186565264504,-0.24078485129174917,0.020578411380566743,624,0.14208401655366493,0.4407051282051282,1.4155630586969268,5,-0.23210414108263744,40.0,0.002527167423501364,0.0207622403143676,FRAGILE
252.0,0.0,60.0,20.0,3.0,-0.003356701138813478,0.015001387987496494,0.062498116883363486,-0.21663233925689088,-0.18416469488685994,2160,0.14016187510835965,0.3453703703703704,1.186091340566276,5,-0.4043662393918851,40.0,0.0028485318450385488,0.018891909080952195,FRAGILE
252.0,0.0,60.0,20.0,5.0,-0.003356701138813478,0.015001387987496494,0.062498116883363486,-0.21663233925689088,-0.07570402929731737,1311,0.14016187510835965,0.38215102974828374,1.248639524540765,5,-0.4043662393918851,40.0,0.0028485318450385488,0.018891909080952195,FRAGILE
252.0,0.0,60.0,20.0,10.0,-0.003356701138813478,0.015001387987496494,0.062498116883363486,-0.21663233925689088,0.0005423617860297718,647,0.14016187510835965,0.437403400309119,1.2897461432654511,5,-0.4043662393918851,40.0,0.0028485318450385488,0.018891909080952195,FRAGILE
252.0,0.0,60.0,25.0,3.0,-0.006228487269062666,0.015158728659071396,0.0591043607599544,-0.40458184679067866,-0.21741949161974497,2173,0.14051565100613406,0.3428439944776806,1.097194286507562,5,-0.0857380603955731,40.0,0.0017191255118339966,0.016375483658479052,FRAGILE
252.0,0.0,60.0,25.0,5.0,-0.006228487269062666,0.015158728659071396,0.0591043607599544,-0.40458184679067866,-0.11912485773580216,1304,0.14051565100613406,0.38266871165644173,1.081330429079192,5,-0.0857380603955731,40.0,0.0017191255118339966,0.016375483658479052,FRAGILE
252.0,0.0,60.0,25.0,10.0,-0.006228487269062666,0.015158728659071396,0.0591043607599544,-0.40458184679067866,0.000868130586484408,625,0.14051565100613406,0.4368,1.2952593919311777,5,-0.0857380603955731,40.0,0.0017191255118339966,0.016375483658479052,FRAGILE
252.0,0.0,60.0,30.0,3.0,-0.003742343087881017,0.015919400486089776,0.054330774823024286,-0.227558406319292,-0.21580328890543146,2278,0.15049147651343872,0.3437225636523266,1.0991556249214438,5,-0.14414865295437707,40.0,0.005200788555326486,0.023564632932676705,FRAGILE
252.0,0.0,60.0,30.0,5.0,-0.003742343087881017,0.015919400486089776,0.054330774823024286,-0.227558406319292,-0.12976622263555868,1370,0.15049147651343872,0.37518248175182484,1.083955785901059,5,-0.14414865295437707,40.0,0.005200788555326486,0.023564632932676705,FRAGILE
252.0,0.0,60.0,30.0,10.0,-0.003742343087881017,0.015919400486089776,0.054330774823024286,-0.227558406319292,-0.024677529663278675,672,0.15049147651343872,0.4211309523809524,1.2191373093381062,5,-0.14414865295437707,40.0,0.005200788555326486,0.023564632932676705,FRAGILE
252.0,0.0,70.0,10.0,3.0,-0.007700822148174025,0.01531220735818556,0.08693015282754157,-0.49720471342026124,-0.2040993853999467,2210,0.15041503918608684,0.33212669683257917,1.216765440584406,5,-0.8175642306675395,40.0,-0.0048820771507214426,0.02190042359540339,FRAGILE
252.0,0.0,70.0,10.0,5.0,-0.007700822148174025,0.01531220735818556,0.08693015282754157,-0.49720471342026124,nan,1265,0.15041503918608684,0.3841897233201581,1.2874359083223186,5,-0.8175642306675395,40.0,-0.0048820771507214426,0.02190042359540339,FRAGILE
252.0,0.0,70.0,10.0,10.0,-0.007700822148174025,0.01531220735818556,0.08693015282754157,-0.49720471342026124,0.010208759366596837,616,0.15041503918608684,0.46266233766233766,1.2231389663420358,5,-0.8175642306675395,40.0,-0.0048820771507214426,0.02190042359540339,FRAGILE
252.0,0.0,70.0,15.0,3.0,-0.0033902761793462854,0.015029954654824075,0.07634793956757036,-0.21843729698548384,-0.16367955704165055,2146,0.14431875065297892,0.3401677539608574,1.2701593432909533,5,-0.22485524325961798,40.0,0.002885286050764169,0.02182779139412373,FRAGILE
252.0,0.0,70.0,15.0,5.0,-0.0033902761793462854,0.015029954654824075,0.07634793956757036,-0.21843729698548384,-0.05467413356074692,1244,0.14431875065297892,0.3858520900321543,1.3095402402348362,5,-0.22485524325961798,40.0,0.002885286050764169,0.02182779139412373,FRAGILE
252.0,0.0,70.0,15.0,10.0,-0.0033902761793462854,0.015029954654824075,0.07634793956757036,-0.21843729698548384,0.024217377907211554,623,0.14431875065297892,0.43980738362760835,1.4436254170908251,5,-0.22485524325961798,40.0,0.002885286050764169,0.02182779139412373,FRAGILE
252.0,0.0,70.0,20.0,3.0,-0.003116489072567119,0.01522507598261961,0.06163983051520272,-0.19739895527622975,-0.18235131080086736,2155,0.14238491691199787,0.3443155452436195,1.2027714473069793,5,-0.3686483070738471,40.0,0.003319926444088872,0.019848085818575206,FRAGILE
252.0,0.0,70.0,20.0,5.0,-0.003116489072567119,0.01522507598261961,0.06163983051520272,-0.19739895527622975,-0.07277637654626645,1309,0.14238491691199787,0.3812070282658518,1.2740225395680917,5,-0.3686483070738471,40.0,0.003319926444088872,0.019848085818575206,FRAGILE
252.0,0.0,70.0,20.0,10.0,-0.003116489072567119,0.01522507598261961,0.06163983051520272,-0.19739895527622975,0.005107650784354847,646,0.14238491691199787,0.43653250773993807,1.3235937483602007,5,-0.3686483070738471,40.0,0.003319926444088872,0.019848085818575206,FRAGILE
252.0,0.0,70.0,25.0,3.0,-0.005853805107070453,0.015342196718335857,0.057888724231179745,-0.3749917533724573,-0.21562930272387187,2170,0.14266017642157658,0.3419354838709677,1.1179724938103877,5,-0.051397797754578,60.0,0.0022947055772084557,0.017364889498795603,FRAGILE
252.0,0.0,70.0,25.0,5.0,-0.005853805107070453,0.015342196718335857,0.057888724231179745,-0.3749917533724573,-0.11670796122929905,1302,0.14266017642157658,0.3817204301075269,1.1035979676810046,5,-0.051397797754578,60.0,0.0022947055772084557,0.017364889498795603,FRAGILE
252.0,0.0,70.0,25.0,10.0,-0.005853805107070453,0.015342196718335857,0.057888724231179745,-0.3749917533724573,0.004037297401252481,624,0.14266017642157658,0.4358974358974359,1.3210826616159204,5,-0.051397797754578,60.0,0.0022947055772084557,0.017364889498795603,FRAGILE
252.0,0.0,70.0,30.0,3.0,-0.0033668340028262245,0.01608088300045626,0.053724653381585497,-0.20167830651842414,-0.21416894726948782,2275,0.15263651176422496,0.34285714285714286,1.119073623056528,5,-0.1180596382733489,40.0,0.005725809473242016,0.02465660031760332,FRAGILE
252.0,0.0,70.0,30.0,5.0,-0.0033668340028262245,0.01608088300045626,0.053724653381585497,-0.20167830651842414,-0.12660763154822696,1368,0.15263651176422496,0.3742690058479532,1.1098924859042285,5,-0.1180596382733489,40.0,0.005725809473242016,0.02465660031760332,FRAGILE
252.0,0.0,70.0,30.0,10.0,-0.0033668340028262245,0.01608088300045626,0.053724653381585497,-0.20167830651842414,-0.021280461500082462,671,0.15263651176422496,0.4202682563338301,1.2468858193070287,5,-0.1180596382733489,40.0,0.005725809473242016,0.02465660031760332,FRAGILE
252.0,0.0,80.0,10.0,3.0,-0.007108764478281682,0.015476124315121905,0.08624745610167661,-0.4532359712846468,-0.20299836446034644,2209,0.15216078564086938,0.3322770484382073,1.225852396090131,5,-0.7849668555170652,40.0,-0.004019176837261806,0.023392963787510723,FRAGILE
252.0,0.0,80.0,10.0,5.0,-0.007108764478281682,0.015476124315121905,0.08624745610167661,-0.4532359712846468,nan,1263,0.15216078564086938,0.3824228028503563,1.3327991694702637,5,-0.7849668555170652,40.0,-0.004019176837261806,0.023392963787510723,FRAGILE
252.0,0.0,80.0,10.0,10.0,-0.007108764478281682,0.015476124315121905,0.08624745610167661,-0.4532359712846468,0.009228618259425959,616,0.15216078564086938,0.46266233766233766,1.2153768353293526,5,-0.7849668555170652,40.0,-0.004019176837261806,0.023392963787510723,FRAGILE
252.0,0.0,80.0,15.0,3.0,-0.002606311404285022,0.015260801267716752,0.07566669641232637,-0.16338019031231032,-0.1599879042370508,2144,0.1461876734375059,0.3400186567164179,1.291139900136328,5,-0.1811537362839872,40.0,0.00393897973014119,0.02338070791401014,FRAGILE
252.0,0.0,80.0,15.0,5.0,-0.002606311404285022,0.015260801267716752,0.07566669641232637,-0.16338019031231032,-0.048125638850597945,1242,0.1461876734375059,0.38405797101449274,1.3588798955357786,5,-0.1811537362839872,40.0,0.00393897973014119,0.02338070791401014,FRAGILE
252.0,0.0,80.0,15.0,10.0,-0.002606311404285022,0.015260801267716752,0.07566669641232637,-0.16338019031231032,0.024187720141207812,623,0.1461876734375059,0.43980738362760835,1.4373808114196607,5,-0.1811537362839872,40.0,0.00393897973014119,0.02338070791401014,FRAGILE
252.0,0.0,80.0,20.0,3.0,-0.0025728133747038306,0.01561202456530051,0.062085297542840534,-0.15720131905352647,-0.1778838794063673,2151,0.14431451361478706,0.34402603440260343,1.223194346716427,5,-0.30576560007525816,40.0,0.004402215465782011,0.021373611626126023,FRAGILE
252.0,0.0,80.0,20.0,5.0,-0.0025728133747038306,0.01561202456530051,0.062085297542840534,-0.15720131905352647,-0.06771762526350224,1306,0.14431451361478706,0.38055130168453294,1.3060446841153408,5,-0.30576560007525816,40.0,0.004402215465782011,0.021373611626126023,FRAGILE
252.0,0.0,80.0,20.0,10.0,-0.0025728133747038306,0.01561202456530051,0.062085297542840534,-0.15720131905352647,0.005059040470827869,645,0.14431451361478706,0.4372093023255814,1.3191991410807893,5,-0.30576560007525816,40.0,0.004402215465782011,0.021373611626126023,FRAGILE
252.0,0.0,80.0,25.0,3.0,-0.005266586651687111,0.015719604459496897,0.05799900576537098,-0.3280521485726801,-0.21160753345007413,2166,0.14466921617236297,0.34164358264081257,1.1394395235138022,5,0.004274341197419101,60.0,0.003377695496034172,0.01877247784042422,FRAGILE
252.0,0.0,80.0,25.0,5.0,-0.005266586651687111,0.015719604459496897,0.05799900576537098,-0.3280521485726801,-0.11298147956686744,1300,0.14466921617236297,0.38076923076923075,1.1322756651068768,5,0.004274341197419101,60.0,0.003377695496034172,0.01877247784042422,FRAGILE
252.0,0.0,80.0,25.0,10.0,-0.005266586651687111,0.015719604459496897,0.05799900576537098,-0.3280521485726801,0.0021286564527267264,624,0.14466921617236297,0.4358974358974359,1.30809637995988,5,0.004274341197419101,60.0,0.003377695496034172,0.01877247784042422,FRAGILE
252.0,0.0,80.0,30.0,3.0,-0.002706114398274506,0.016435910601566395,0.05565624042926609,-0.1566491692066178,-0.21054565576659634,2272,0.15454632208831304,0.34286971830985913,1.1376043570843024,5,-0.05337098793678465,40.0,0.006941875434206923,0.026210172215462704,FRAGILE
252.0,0.0,80.0,30.0,5.0,-0.002706114398274506,0.016435910601566395,0.05565624042926609,-0.1566491692066178,-0.12264423788310819,1367,0.15454632208831304,0.373811265544989,1.1371404022936462,5,-0.05337098793678465,40.0,0.006941875434206923,0.026210172215462704,FRAGILE
252.0,0.0,80.0,30.0,10.0,-0.002706114398274506,0.016435910601566395,0.05565624042926609,-0.1566491692066178,-0.022868936786073185,671,0.15454632208831304,0.4202682563338301,1.2388287549715484,5,-0.05337098793678465,40.0,0.006941875434206923,0.026210172215462704,FRAGILE
252.0,21.0,40.0,10.0,3.0,-0.008969568769832126,0.014805784169122527,0.09429959110645836,-0.6011368685107827,-0.21685517896748885,2223,0.1442408379746079,0.3355825461088619,1.135081049436355,5,-0.9649145034827951,20.0,-0.006495926789212314,0.01979509625273613,FRAGILE
252.0,21.0,40.0,10.0,5.0,-0.008969568769832126,0.014805784169122527,0.09429959110645836,-0.6011368685107827,nan,1274,0.1442408379746079,0.3791208791208791,1.2636030220887173,5,-0.9649145034827951,20.0,-0.006495926789212314,0.01979509625273613,FRAGILE
252.0,21.0,40.0,10.0,10.0,-0.008969568769832126,0.014805784169122527,0.09429959110645836,-0.6011368685107827,-0.016386859727358614,621,0.1442408379746079,0.43800322061191627,1.1794194587961457,5,-0.9649145034827951,20.0,-0.006495926789212314,0.01979509625273613,FRAGILE
252.0,21.0,40.0,15.0,3.0,-0.005044253339698601,0.014463571639059689,0.07859531728920532,-0.3424059778635941,-0.18198877977302325,2160,0.13755798442346465,0.33796296296296297,1.2042002087083727,5,-0.34511952231624987,40.0,0.0011609542761494395,0.018964457099456353,FRAGILE
252.0,21.0,40.0,15.0,5.0,-0.005044253339698601,0.014463571639059689,0.07859531728920532,-0.3424059778635941,-0.07153763714416418,1254,0.13755798442346465,0.38596491228070173,1.228501218923443,5,-0.34511952231624987,40.0,0.0011609542761494395,0.018964457099456353,FRAGILE
252.0,21.0,40.0,15.0,10.0,-0.005044253339698601,0.014463571639059689,0.07859531728920532,-0.3424059778635941,-0.004782489360605158,628,0.13755798442346465,0.4251592356687898,1.318454018218034,5,-0.34511952231624987,40.0,0.0011609542761494395,0.018964457099456353,FRAGILE
252.0,21.0,40.0,20.0,3.0,-0.004016660880715395,0.014974086283533293,0.06212812068517659,-0.26129072075637644,-0.19202939595143143,2169,0.1359584161193436,0.3457814661134163,1.1479397728313863,5,-0.3612620956227305,40.0,0.0016058190407854055,0.015609295452443656,FRAGILE
252.0,21.0,40.0,20.0,5.0,-0.004016660880715395,0.014974086283533293,0.06212812068517659,-0.26129072075637644,-0.07900714982724842,1318,0.1359584161193436,0.38239757207890746,1.2294670584402514,5,-0.3612620956227305,40.0,0.0016058190407854055,0.015609295452443656,FRAGILE
252.0,21.0,40.0,20.0,10.0,-0.004016660880715395,0.014974086283533293,0.06212812068517659,-0.26129072075637644,-0.02060109739201816,650,0.1359584161193436,0.4246153846153846,1.2206931177146785,5,-0.3612620956227305,40.0,0.0016058190407854055,0.015609295452443656,FRAGILE
252.0,21.0,40.0,25.0,3.0,-0.006352827776361258,0.015053101909195185,0.06072073365979047,-0.4158397205746617,-0.23026358706343386,2179,0.13635664668400566,0.34098210188159706,1.04756299949142,5,-0.4395219757450164,20.0,0.0009512057757276038,0.014427572729478512,FRAGILE
252.0,21.0,40.0,25.0,5.0,-0.006352827776361258,0.015053101909195185,0.06072073365979047,-0.4158397205746617,-0.12099221729202847,1310,0.13635664668400566,0.3801526717557252,1.0828907982271685,5,-0.4395219757450164,20.0,0.0009512057757276038,0.014427572729478512,FRAGILE
252.0,21.0,40.0,25.0,10.0,-0.006352827776361258,0.015053101909195185,0.06072073365979047,-0.4158397205746617,-0.017010523878080903,628,0.13635664668400566,0.42197452229299365,1.2530338435547643,5,-0.4395219757450164,20.0,0.0009512057757276038,0.014427572729478512,FRAGILE
252.0,21.0,40.0,30.0,3.0,-0.004474965684789889,0.015806743608698715,0.05286578156707955,-0.27583203799058414,-0.2285887806959251,2286,0.14592891982402104,0.34120734908136485,1.0629347430299818,5,-0.05425570052458416,40.0,0.004858096481125895,0.02087290703906168,FRAGILE
252.0,21.0,40.0,30.0,5.0,-0.004474965684789889,0.015806743608698715,0.05286578156707955,-0.27583203799058414,-0.1360719179251023,1377,0.14592891982402104,0.37254901960784315,1.0663237685276146,5,-0.05425570052458416,40.0,0.004858096481125895,0.02087290703906168,FRAGILE
252.0,21.0,40.0,30.0,10.0,-0.004474965684789889,0.015806743608698715,0.05286578156707955,-0.27583203799058414,-0.04264744913419753,676,0.14592891982402104,0.40828402366863903,1.1791847076240831,5,-0.05425570052458416,40.0,0.004858096481125895,0.02087290703906168,FRAGILE
252.0,21.0,50.0,10.0,3.0,-0.008907435310922418,0.014999882122397624,0.09563740417179445,-0.5889854522428871,-0.2148214013169927,2217,0.14646918020011246,0.33558863328822736,1.152271247307441,5,-0.9342153290962498,20.0,-0.006380555144761701,0.020107838889319635,FRAGILE
252.0,21.0,50.0,10.0,5.0,-0.008907435310922418,0.014999882122397624,0.09563740417179445,-0.5889854522428871,nan,1272,0.14646918020011246,0.3781446540880503,1.2740761873211128,5,-0.9342153290962498,20.0,-0.006380555144761701,0.020107838889319635,FRAGILE
252.0,21.0,50.0,10.0,10.0,-0.008907435310922418,0.014999882122397624,0.09563740417179445,-0.5889854522428871,-0.01573379442219711,618,0.14646918020011246,0.43851132686084143,1.182960501647076,5,-0.9342153290962498,20.0,-0.006380555144761701,0.020107838889319635,FRAGILE
252.0,21.0,50.0,15.0,3.0,-0.004846679927915654,0.014648428940173997,0.07905869575523561,-0.3243464955070345,-0.18123223026865268,2153,0.13969446804952654,0.33813283790060383,1.2159000541914102,5,-0.30307580133489787,40.0,0.0015381515898259535,0.01923196985386151,FRAGILE
252.0,21.0,50.0,15.0,5.0,-0.004846679927915654,0.014648428940173997,0.07905869575523561,-0.3243464955070345,-0.0706767570186378,1251,0.13969446804952654,0.3852917665867306,1.2417875366429518,5,-0.30307580133489787,40.0,0.0015381515898259535,0.01923196985386151,FRAGILE
252.0,21.0,50.0,15.0,10.0,-0.004846679927915654,0.014648428940173997,0.07905869575523561,-0.3243464955070345,-0.0034226720850933797,625,0.13969446804952654,0.4256,1.3260594477865761,5,-0.30307580133489787,40.0,0.0015381515898259535,0.01923196985386151,FRAGILE
252.0,21.0,50.0,20.0,3.0,-0.003931387558455124,0.015026112448725447,0.06309915237984698,-0.25463683838101686,-0.19099503142478153,2162,0.13800957711775969,0.3459759481961147,1.158244128157763,5,-0.3278344336946419,40.0,0.001805020670288715,0.015969492865770277,FRAGILE
252.0,21.0,50.0,20.0,5.0,-0.003931387558455124,0.015026112448725447,0.06309915237984698,-0.25463683838101686,-0.07774780856804525,1315,0.13800957711775969,0.3817490494296578,1.2444668165767574,5,-0.3278344336946419,40.0,0.001805020670288715,0.015969492865770277,FRAGILE
252.0,21.0,50.0,20.0,10.0,-0.003931387558455124,0.015026112448725447,0.06309915237984698,-0.25463683838101686,-0.01829061720534616,648,0.13800957711775969,0.4243827160493827,1.238487682755054,5,-0.3278344336946419,40.0,0.001805020670288715,0.015969492865770277,FRAGILE
252.0,21.0,50.0,25.0,3.0,-0.006240305234794574,0.015206680854856137,0.061247170394718276,-0.40404058627724043,-0.22975146611740105,2174,0.13841999820431075,0.3408463661453542,1.0598790387781059,5,-0.3929766867174126,20.0,0.0015668860465128942,0.01476174444395809,FRAGILE
252.0,21.0,50.0,25.0,5.0,-0.006240305234794574,0.015206680854856137,0.061247170394718276,-0.40404058627724043,-0.11960948627836811,1308,0.13841999820431075,0.37920489296636084,1.101036351689239,5,-0.3929766867174126,20.0,0.0015668860465128942,0.01476174444395809,FRAGILE
252.0,21.0,50.0,25.0,10.0,-0.006240305234794574,0.015206680854856137,0.061247170394718276,-0.40404058627724043,-0.014799413451384837,626,0.13841999820431075,0.4217252396166134,1.2707687460278663,5,-0.3929766867174126,20.0,0.0015668860465128942,0.01476174444395809,FRAGILE
252.0,21.0,50.0,30.0,3.0,-0.0046369815254158064,0.015937983413514892,0.05216973141905967,-0.28364117153898705,-0.22762617016339773,2279,0.1479280616353884,0.34137779727950857,1.0732735487023102,5,-0.030447867481311362,40.0,0.00510385689067463,0.02120789405698471,FRAGILE
252.0,21.0,50.0,30.0,5.0,-0.0046369815254158064,0.015937983413514892,0.05216973141905967,-0.28364117153898705,-0.13529749321214987,1374,0.1479280616353884,0.37190684133915575,1.0820083446863675,5,-0.030447867481311362,40.0,0.00510385689067463,0.02120789405698471,FRAGILE
252.0,21.0,50.0,30.0,10.0,-0.0046369815254158064,0.015937983413514892,0.05216973141905967,-0.28364117153898705,-0.03855775566783191,673,0.1479280616353884,0.4086181277860327,1.204658758620693,5,-0.030447867481311362,40.0,0.00510385689067463,0.02120789405698471,FRAGILE
252.0,21.0,60.0,10.0,3.0,-0.009077335039995638,0.01536942778304285,0.09672576789358056,-0.5856121215919436,-0.215647916173252,2211,0.14822959747601286,0.33514246947082765,1.1468152559700449,5,-0.9425396720490122,20.0,-0.006446964982826708,0.0206827879500835,FRAGILE
252.0,21.0,60.0,10.0,5.0,-0.009077335039995638,0.01536942778304285,0.09672576789358056,-0.5856121215919436,nan,1268,0.14822959747601286,0.3777602523659306,1.2711308287120453,5,-0.9425396720490122,20.0,-0.006446964982826708,0.0206827879500835,FRAGILE
252.0,21.0,60.0,10.0,10.0,-0.009077335039995638,0.01536942778304285,0.09672576789358056,-0.5856121215919436,-0.014087728245576917,617,0.14822959747601286,0.4392220421393841,1.189155078223248,5,-0.9425396720490122,20.0,-0.006446964982826708,0.0206827879500835,FRAGILE
252.0,21.0,60.0,15.0,3.0,-0.004869009732288543,0.015057758868669417,0.07964798143436591,-0.31661518896646373,-0.18347936481929467,2148,0.14176223735841822,0.33752327746741156,1.207942845007259,5,-0.30036604243451237,40.0,0.001706754627953111,0.01968133443531966,FRAGILE
252.0,21.0,60.0,15.0,5.0,-0.004869009732288543,0.015057758868669417,0.07964798143436591,-0.31661518896646373,-0.06964493462063608,1247,0.14176223735841822,0.38492381716118684,1.2406669588171373,5,-0.30036604243451237,40.0,0.001706754627953111,0.01968133443531966,FRAGILE
252.0,21.0,60.0,15.0,10.0,-0.004869009732288543,0.015057758868669417,0.07964798143436591,-0.31661518896646373,-0.0021130717218069764,624,0.14176223735841822,0.42628205128205127,1.3312807848784642,5,-0.30036604243451237,40.0,0.001706754627953111,0.01968133443531966,FRAGILE
252.0,21.0,60.0,20.0,3.0,-0.003874476261255033,0.015334297726342986,0.06367400357704311,-0.24548816522335995,-0.19276721069806613,2157,0.1400283838973176,0.34538711172925357,1.1510154816621812,5,-0.3060199534267663,40.0,0.0020837080132612095,0.016370938967751,FRAGILE
252.0,21.0,60.0,20.0,5.0,-0.003874476261255033,0.015334297726342986,0.06367400357704311,-0.24548816522335995,-0.07561086793358165,1311,0.1400283838973176,0.38215102974828374,1.2471442498084453,5,-0.3060199534267663,40.0,0.0020837080132612095,0.016370938967751,FRAGILE
252.0,21.0,60.0,20.0,10.0,-0.003874476261255033,0.015334297726342986,0.06367400357704311,-0.24548816522335995,-0.016097537529708928,647,0.1400283838973176,0.4250386398763524,1.2484516035524211,5,-0.3060199534267663,40.0,0.0020837080132612095,0.016370938967751,FRAGILE
252.0,21.0,60.0,25.0,3.0,-0.006056892878611553,0.015495467307303808,0.05968803745120055,-0.3843151192524354,-0.2291281068259095,2169,0.14055531300530835,0.34071000461041956,1.0598463604487807,5,-0.37388292687980734,20.0,0.0019187109443217,0.015360314351933546,FRAGILE
252.0,21.0,60.0,25.0,5.0,-0.006056892878611553,0.015495467307303808,0.05968803745120055,-0.3843151192524354,-0.11722699651309564,1304,0.14055531300530835,0.379601226993865,1.102379606014093,5,-0.37388292687980734,20.0,0.0019187109443217,0.015360314351933546,FRAGILE
252.0,21.0,60.0,25.0,10.0,-0.006056892878611553,0.015495467307303808,0.05968803745120055,-0.3843151192524354,-0.013052054385333679,625,0.14055531300530835,0.4224,1.2785611743778753,5,-0.37388292687980734,20.0,0.0019187109443217,0.015360314351933546,FRAGILE
252.0,21.0,60.0,30.0,3.0,-0.00441276589981876,0.01623302890903577,0.051946891181506305,-0.26431860758102504,-0.2275021310924956,2274,0.15013922254736076,0.34080914687774844,1.0665792036760176,5,-0.017023107025727468,40.0,0.005455372613203347,0.021620902382923378,FRAGILE
252.0,21.0,60.0,30.0,5.0,-0.00441276589981876,0.01623302890903577,0.051946891181506305,-0.26431860758102504,-0.13388618878233738,1370,0.15013922254736076,0.3722627737226277,1.0797310061091812,5,-0.017023107025727468,40.0,0.005455372613203347,0.021620902382923378,FRAGILE
252.0,21.0,60.0,30.0,10.0,-0.00441276589981876,0.01623302890903577,0.051946891181506305,-0.26431860758102504,-0.03743621473006005,672,0.15013922254736076,0.40922619047619047,1.2078665592681843,5,-0.017023107025727468,40.0,0.005455372613203347,0.021620902382923378,FRAGILE
252.0,21.0,70.0,10.0,3.0,-0.009092097262123677,0.015466076919825721,0.09867564590820133,-0.5828194626171361,-0.2137248893373308,2206,0.15016253833392906,0.33408884859474164,1.1669810789505535,5,-0.9417631917046758,20.0,-0.006335198102699469,0.02193343812469135,FRAGILE
252.0,21.0,70.0,10.0,5.0,-0.009092097262123677,0.015466076919825721,0.09867564590820133,-0.5828194626171361,nan,1265,0.15016253833392906,0.37707509881422924,1.302706853200494,5,-0.9417631917046758,20.0,-0.006335198102699469,0.02193343812469135,FRAGILE
252.0,21.0,70.0,10.0,10.0,-0.009092097262123677,0.015466076919825721,0.09867564590820133,-0.5828194626171361,-0.010447765939829394,616,0.15016253833392906,0.4383116883116883,1.2170958720830642,5,-0.9417631917046758,20.0,-0.006335198102699469,0.02193343812469135,FRAGILE
252.0,21.0,70.0,15.0,3.0,-0.004733897326133274,0.015194905882594189,0.08144467708138237,-0.3046865303420539,-0.1820351715498192,2143,0.14396264507643644,0.3364442370508633,1.2242682940400689,5,-0.30146972212871326,40.0,0.0018743960678157423,0.02101971963125105,FRAGILE
252.0,21.0,70.0,15.0,5.0,-0.004733897326133274,0.015194905882594189,0.08144467708138237,-0.3046865303420539,-0.06500503587550495,1244,0.14396264507643644,0.3842443729903537,1.2722222797297316,5,-0.30146972212871326,40.0,0.0018743960678157423,0.02101971963125105,FRAGILE
252.0,21.0,70.0,15.0,10.0,-0.004733897326133274,0.015194905882594189,0.08144467708138237,-0.3046865303420539,0.0018756456019609709,623,0.14396264507643644,0.42536115569823435,1.3637555991869539,5,-0.30146972212871326,40.0,0.0018743960678157423,0.02101971963125105,FRAGILE
252.0,21.0,70.0,20.0,3.0,-0.0037555085788610887,0.015580007904701673,0.06458018795538012,-0.23370758361318586,-0.19163559675930703,2152,0.14219672404558023,0.34433085501858735,1.1660864094549541,5,-0.29233509923916434,40.0,0.0024580965935419473,0.017629627796112903,FRAGILE
252.0,21.0,70.0,20.0,5.0,-0.0037555085788610887,0.015580007904701673,0.06458018795538012,-0.23370758361318586,-0.07277901375062264,1309,0.14219672404558023,0.3812070282658518,1.2721284549543703,5,-0.29233509923916434,40.0,0.0024580965935419473,0.017629627796112903,FRAGILE
252.0,21.0,70.0,20.0,10.0,-0.0037555085788610887,0.015580007904701673,0.06458018795538012,-0.23370758361318586,-0.011298679580060688,646,0.14219672404558023,0.4241486068111455,1.2851668781078542,5,-0.29233509923916434,40.0,0.0024580965935419473,0.017629627796112903,FRAGILE
252.0,21.0,70.0,25.0,3.0,-0.005795730295085844,0.015690976890343888,0.05698241559350825,-0.36258917193671464,-0.22807483116312646,2166,0.14268354724513801,0.3397968605724838,1.079677395762873,5,-0.3573738499855277,20.0,0.002439958545301746,0.016429740412362552,FRAGILE
252.0,21.0,70.0,25.0,5.0,-0.005795730295085844,0.015690976890343888,0.05698241559350825,-0.36258917193671464,-0.11510878894329309,1302,0.14268354724513801,0.37864823348694315,1.1238655227081131,5,-0.3573738499855277,20.0,0.002439958545301746,0.016429740412362552,FRAGILE
252.0,21.0,70.0,25.0,10.0,-0.005795730295085844,0.015690976890343888,0.05698241559350825,-0.36258917193671464,-0.009487403701947419,624,0.14268354724513801,0.421474358974359,1.3087777088167036,5,-0.3573738499855277,20.0,0.002439958545301746,0.016429740412362552,FRAGILE
252.0,21.0,70.0,30.0,3.0,-0.004130996092076122,0.01642052162014412,0.053241399360088426,-0.24388115891556175,-0.22636050319557058,2271,0.15231052217902794,0.33993835314839277,1.0864058021174559,5,0.0034438335843438583,40.0,0.005963112119724534,0.022847789284676602,FRAGILE
252.0,21.0,70.0,30.0,5.0,-0.004130996092076122,0.01642052162014412,0.053241399360088426,-0.24388115891556175,-0.13090246570054728,1368,0.15231052217902794,0.3713450292397661,1.1058000148673126,5,0.0034438335843438583,40.0,0.005963112119724534,0.022847789284676602,FRAGILE
252.0,21.0,70.0,30.0,10.0,-0.004130996092076122,0.01642052162014412,0.053241399360088426,-0.24388115891556175,-0.033935547778592874,671,0.15231052217902794,0.4083457526080477,1.2372442371929944,5,0.0034438335843438583,40.0,0.005963112119724534,0.022847789284676602,FRAGILE
252.0,21.0,80.0,10.0,3.0,-0.008662832620225491,0.015654227629282855,0.09891299465325509,-0.5479621231860418,-0.21398580763031277,2205,0.15191002698960557,0.33424036281179137,1.1719056549804123,5,-0.9078548794532182,20.0,-0.005609238729067512,0.02349923773500249,FRAGILE
252.0,21.0,80.0,10.0,5.0,-0.008662832620225491,0.015654227629282855,0.09891299465325509,-0.5479621231860418,nan,1263,0.15191002698960557,0.3752969121140142,1.345192353822346,5,-0.9078548794532182,20.0,-0.005609238729067512,0.02349923773500249,FRAGILE
252.0,21.0,80.0,10.0,10.0,-0.008662832620225491,0.015654227629282855,0.09891299465325509,-0.5479621231860418,-0.012376445971558169,616,0.15191002698960557,0.4383116883116883,1.2077039808271306,5,-0.9078548794532182,20.0,-0.005609238729067512,0.02349923773500249,FRAGILE
252.0,21.0,80.0,15.0,3.0,-0.004054330288752461,0.015450168765419232,0.08102905436006336,-0.2552229358964822,-0.17947072767878314,2141,0.14583017859379158,0.33629145259224663,1.2418357908037891,5,-0.25774064260677176,40.0,0.002860552308437092,0.022627114750125223,FRAGILE
252.0,21.0,80.0,15.0,5.0,-0.004054330288752461,0.015450168765419232,0.08102905436006336,-0.2552229358964822,-0.05944054662112494,1242,0.14583017859379158,0.3824476650563607,1.3171883426595472,5,-0.25774064260677176,40.0,0.002860552308437092,0.022627114750125223,FRAGILE
252.0,21.0,80.0,15.0,10.0,-0.004054330288752461,0.015450168765419232,0.08102905436006336,-0.2552229358964822,0.0010049610243415687,623,0.14583017859379158,0.42536115569823435,1.357567241626927,5,-0.25774064260677176,40.0,0.002860552308437092,0.022627114750125223,FRAGILE
252.0,21.0,80.0,20.0,3.0,-0.0033224601707074752,0.0159902164181226,0.06428657712759167,-0.2001294332539517,-0.1886663816596999,2148,0.14415935106435157,0.3440409683426443,1.1819416846908104,5,-0.2255020458474113,40.0,0.0034647001512776664,0.019211044441712437,FRAGILE
252.0,21.0,80.0,20.0,5.0,-0.0033224601707074752,0.0159902164181226,0.06428657712759167,-0.2001294332539517,-0.06887359201537568,1306,0.14415935106435157,0.38055130168453294,1.2994328691732429,5,-0.2255020458474113,40.0,0.0034647001512776664,0.019211044441712437,FRAGILE
252.0,21.0,80.0,20.0,10.0,-0.0033224601707074752,0.0159902164181226,0.06428657712759167,-0.2001294332539517,-0.012320644495346774,645,0.14415935106435157,0.4248062015503876,1.2764529245537137,5,-0.2255020458474113,40.0,0.0034647001512776664,0.019211044441712437,FRAGILE
252.0,21.0,80.0,25.0,3.0,-0.005338846862262381,0.016080208750975128,0.05750052068215605,-0.3248568646072531,-0.22556303076990167,2162,0.1447067816153986,0.33950046253469013,1.097025815872031,5,-0.3157526815647837,20.0,0.0034444606802054743,0.017879813584025423,FRAGILE
252.0,21.0,80.0,25.0,5.0,-0.005338846862262381,0.016080208750975128,0.05750052068215605,-0.3248568646072531,-0.11235634289928245,1300,0.1447067816153986,0.3776923076923077,1.1492593456976383,5,-0.3157526815647837,20.0,0.0034444606802054743,0.017879813584025423,FRAGILE
252.0,21.0,80.0,25.0,10.0,-0.005338846862262381,0.016080208750975128,0.05750052068215605,-0.3248568646072531,-0.012293652195684922,624,0.1447067816153986,0.421474358974359,1.2914307698159868,5,-0.3157526815647837,20.0,0.0034444606802054743,0.017879813584025423,FRAGILE
252.0,21.0,80.0,30.0,3.0,-0.003557228697405601,0.016787280703147923,0.05403417253182741,-0.2038803601770221,-0.22412022066550652,2268,0.15423566120709747,0.33994708994708994,1.1013179560535933,5,0.058724312408601695,40.0,0.007122227335818488,0.02439423026883832,FRAGILE
252.0,21.0,80.0,30.0,5.0,-0.003557228697405601,0.016787280703147923,0.05403417253182741,-0.2038803601770221,-0.12784723332647663,1367,0.15423566120709747,0.37088514996342353,1.13026946248099,5,0.058724312408601695,40.0,0.007122227335818488,0.02439423026883832,FRAGILE
252.0,21.0,80.0,30.0,10.0,-0.003557228697405601,0.016787280703147923,0.05403417253182741,-0.2038803601770221,-0.036546095947521,671,0.15423566120709747,0.4083457526080477,1.224388385621098,5,0.058724312408601695,40.0,0.007122227335818488,0.02439423026883832,FRAGILE
252.0,42.0,40.0,10.0,3.0,-0.008703969008939327,0.014950881790469125,0.09465516934974516,-0.5772351427658243,-0.21431857747625707,2219,0.14413268319719263,0.33573681838666064,1.136040276789814,5,-0.9943210976775202,20.0,-0.007980156178682396,0.02098513766489839,FRAGILE
252.0,42.0,40.0,10.0,5.0,-0.008703969008939327,0.014950881790469125,0.09465516934974516,-0.5772351427658243,nan,1272,0.14413268319719263,0.3867924528301887,1.2654220760517358,5,-0.9943210976775202,20.0,-0.007980156178682396,0.02098513766489839,FRAGILE
252.0,42.0,40.0,10.0,10.0,-0.008703969008939327,0.014950881790469125,0.09465516934974516,-0.5772351427658243,-0.01932526999271254,620,0.14413268319719263,0.4306451612903226,1.1993234164090194,5,-0.9943210976775202,20.0,-0.007980156178682396,0.02098513766489839,FRAGILE
252.0,42.0,40.0,15.0,3.0,-0.0048111029991251275,0.014691316037877076,0.08324907822825867,-0.32092325750629574,-0.1881157895859761,2156,0.13772376713843526,0.33302411873840443,1.2075888012070648,5,-0.4520663648180678,20.0,-0.0008480074577978947,0.020399924774814948,FRAGILE
252.0,42.0,40.0,15.0,5.0,-0.0048111029991251275,0.014691316037877076,0.08324907822825867,-0.32092325750629574,-0.06955299930220632,1252,0.13772376713843526,0.38738019169329074,1.2316075390173689,5,-0.4520663648180678,20.0,-0.0008480074577978947,0.020399924774814948,FRAGILE
252.0,42.0,40.0,15.0,10.0,-0.0048111029991251275,0.014691316037877076,0.08324907822825867,-0.32092325750629574,-0.0004634671252770936,627,0.13772376713843526,0.42424242424242425,1.3538975834277613,5,-0.4520663648180678,20.0,-0.0008480074577978947,0.020399924774814948,FRAGILE
252.0,42.0,40.0,20.0,3.0,-0.004618932943881937,0.015249942281786062,0.06924770255304757,-0.29595408871567436,-0.20236952444647696,2165,0.13609830335664405,0.33856812933025404,1.150914466111526,5,-0.4695631994146584,40.0,-1.0901289563758353e-05,0.01820386731356815,FRAGILE
252.0,42.0,40.0,20.0,5.0,-0.004618932943881937,0.015249942281786062,0.06924770255304757,-0.29595408871567436,-0.06759531853881756,1316,0.13609830335664405,0.38677811550151975,1.257812625073169,5,-0.4695631994146584,40.0,-1.0901289563758353e-05,0.01820386731356815,FRAGILE
252.0,42.0,40.0,20.0,10.0,-0.004618932943881937,0.015249942281786062,0.06924770255304757,-0.29595408871567436,-0.014831194461190031,649,0.13609830335664405,0.4268104776579353,1.2472877929332011,5,-0.4695631994146584,40.0,-1.0901289563758353e-05,0.01820386731356815,FRAGILE
252.0,42.0,40.0,25.0,3.0,-0.005222680184752915,0.015204178827655712,0.062102018857137065,-0.33679556670745625,-0.23779697017293983,2175,0.13642336685275497,0.3347126436781609,1.055327743264326,5,-0.45825288153986987,20.0,-5.38319853461422e-05,0.016787777966041407,FRAGILE
252.0,42.0,40.0,25.0,5.0,-0.005222680184752915,0.015204178827655712,0.062102018857137065,-0.33679556670745625,-0.1078942203827771,1308,0.13642336685275497,0.386085626911315,1.104279678024113,5,-0.45825288153986987,20.0,-5.38319853461422e-05,0.016787777966041407,FRAGILE
252.0,42.0,40.0,25.0,10.0,-0.005222680184752915,0.015204178827655712,0.062102018857137065,-0.33679556670745625,-0.013260591194814073,628,0.13642336685275497,0.4251592356687898,1.2628121274163462,5,-0.45825288153986987,20.0,-5.38319853461422e-05,0.016787777966041407,FRAGILE
252.0,42.0,40.0,30.0,3.0,-0.002047821852744436,0.015711887249945152,0.05157167278068908,-0.12261183227435762,-0.22778895922857115,2282,0.1460329260280329,0.3378615249780894,1.0771010775519179,5,-0.03037673904541508,40.0,0.005225829717164543,0.022056274645820682,FRAGILE
252.0,42.0,40.0,30.0,5.0,-0.002047821852744436,0.015711887249945152,0.05157167278068908,-0.12261183227435762,-0.12099344466151017,1375,0.1460329260280329,0.37745454545454543,1.1012240566350993,5,-0.03037673904541508,40.0,0.005225829717164543,0.022056274645820682,FRAGILE
252.0,42.0,40.0,30.0,10.0,-0.002047821852744436,0.015711887249945152,0.05157167278068908,-0.12261183227435762,-0.03517566283165514,675,0.1460329260280329,0.41185185185185186,1.206499305493658,5,-0.03037673904541508,40.0,0.005225829717164543,0.022056274645820682,FRAGILE
252.0,42.0,50.0,10.0,3.0,-0.008611624671399976,0.015172364335837915,0.09550030060096504,-0.5624491470428178,-0.21335066625818497,2213,0.14642647547706764,0.3357433348395843,1.1505489739740395,5,-0.9517655586381609,20.0,-0.007737542677445708,0.02129188536646362,FRAGILE
252.0,42.0,50.0,10.0,5.0,-0.008611624671399976,0.015172364335837915,0.09550030060096504,-0.5624491470428178,nan,1270,0.14642647547706764,0.3858267716535433,1.2792208234309193,5,-0.9517655586381609,20.0,-0.007737542677445708,0.02129188536646362,FRAGILE
252.0,42.0,50.0,10.0,10.0,-0.008611624671399976,0.015172364335837915,0.09550030060096504,-0.5624491470428178,-0.017537625417353698,617,0.14642647547706764,0.43111831442463533,1.2100484334510804,5,-0.9517655586381609,20.0,-0.007737542677445708,0.02129188536646362,FRAGILE
252.0,42.0,50.0,15.0,3.0,-0.004620583156764613,0.014917045421938334,0.08367802414482284,-0.30301020528024797,-0.18846893233701023,2149,0.1399073531738223,0.3331782224290368,1.2171763777785218,5,-0.39867857976692256,20.0,-0.00040055171786077535,0.020667239308981535,FRAGILE
252.0,42.0,50.0,15.0,5.0,-0.004620583156764613,0.014917045421938334,0.08367802414482284,-0.30301020528024797,-0.06852524488590407,1249,0.1399073531738223,0.3867093674939952,1.2455734044072106,5,-0.39867857976692256,20.0,-0.00040055171786077535,0.020667239308981535,FRAGILE
252.0,42.0,50.0,15.0,10.0,-0.004620583156764613,0.014917045421938334,0.08367802414482284,-0.30301020528024797,0.0011042074263369988,624,0.1399073531738223,0.42467948717948717,1.36228970037011,5,-0.39867857976692256,20.0,-0.00040055171786077535,0.020667239308981535,FRAGILE
252.0,42.0,50.0,20.0,3.0,-0.004584542756988386,0.015349118391805828,0.07001786975569779,-0.2916922458867319,-0.20272613295699654,2158,0.13820387999479905,0.3387395736793327,1.158989555337264,5,-0.42697107508501225,40.0,0.0002709428121847379,0.01865947951018643,FRAGILE
252.0,42.0,50.0,20.0,5.0,-0.004584542756988386,0.015349118391805828,0.07001786975569779,-0.2916922458867319,-0.064321975214192,1313,0.13820387999479905,0.38613861386138615,1.2807972749863041,5,-0.42697107508501225,40.0,0.0002709428121847379,0.01865947951018643,FRAGILE
252.0,42.0,50.0,20.0,10.0,-0.004584542756988386,0.015349118391805828,0.07001786975569779,-0.2916922458867319,-0.01242177036451237,647,0.13820387999479905,0.4265842349304482,1.2650490432795578,5,-0.42697107508501225,40.0,0.0002709428121847379,0.01865947951018643,FRAGILE
252.0,42.0,50.0,25.0,3.0,-0.004850985979741429,0.015306536007005314,0.06209185112330862,-0.3100358853340043,-0.23853626873897918,2170,0.13851504772696083,0.3345622119815668,1.0659158733473475,5,-0.410819203606933,20.0,0.0005936209364988176,0.017210173618119988,FRAGILE
252.0,42.0,50.0,25.0,5.0,-0.004850985979741429,0.015306536007005314,0.06209185112330862,-0.3100358853340043,-0.10476098943640033,1306,0.13851504772696083,0.38514548238897395,1.128393175631261,5,-0.410819203606933,20.0,0.0005936209364988176,0.017210173618119988,FRAGILE
252.0,42.0,50.0,25.0,10.0,-0.004850985979741429,0.015306536007005314,0.06209185112330862,-0.3100358853340043,-0.010927707576051281,626,0.13851504772696083,0.4249201277955272,1.2806971633116373,5,-0.410819203606933,20.0,0.0005936209364988176,0.017210173618119988,FRAGILE
252.0,42.0,50.0,30.0,3.0,-0.0019467307412147639,0.015801101795779805,0.05304284002437665,-0.1154202120314053,-0.22794383972270185,2275,0.14802749536798598,0.33802197802197803,1.0857288925578772,5,-0.008254521496619649,40.0,0.0054987573403043385,0.02251449727036973,FRAGILE
252.0,42.0,50.0,30.0,5.0,-0.0019467307412147639,0.015801101795779805,0.05304284002437665,-0.1154202120314053,-0.11874957446387084,1372,0.14802749536798598,0.37682215743440234,1.1216453814636114,5,-0.008254521496619649,40.0,0.0054987573403043385,0.02251449727036973,FRAGILE
252.0,42.0,50.0,30.0,10.0,-0.0019467307412147639,0.015801101795779805,0.05304284002437665,-0.1154202120314053,-0.031375471762837275,672,0.14802749536798598,0.41220238095238093,1.2299577517485987,5,-0.008254521496619649,40.0,0.0054987573403043385,0.02251449727036973,FRAGILE
252.0,42.0,60.0,10.0,3.0,-0.008655008587144408,0.015511553136147632,0.09578759858468788,-0.552635178671114,-0.2127316136030754,2207,0.1482212080728335,0.3352967829632986,1.1490966536508225,5,-0.9484207412409459,20.0,-0.007641005040877657,0.021884312841012117,FRAGILE
252.0,42.0,60.0,10.0,5.0,-0.008655008587144408,0.015511553136147632,0.09578759858468788,-0.552635178671114,nan,1266,0.1482212080728335,0.3854660347551343,1.2796279410605453,5,-0.9484207412409459,20.0,-0.007641005040877657,0.021884312841012117,FRAGILE
252.0,42.0,60.0,10.0,10.0,-0.008655008587144408,0.015511553136147632,0.09578759858468788,-0.552635178671114,-0.015149260943478118,616,0.1482212080728335,0.4318181818181818,1.2206940590986073,5,-0.9484207412409459,20.0,-0.007641005040877657,0.021884312841012117,FRAGILE
252.0,42.0,60.0,15.0,3.0,-0.0045290002996190015,0.015296309136976133,0.0836387422703645,-0.2891076113113992,-0.1892404263470589,2144,0.1419679554784641,0.33255597014925375,1.2135407970463647,5,-0.3874139455942966,20.0,-0.00010390035148395426,0.021113695207847807,FRAGILE
252.0,42.0,60.0,15.0,5.0,-0.0045290002996190015,0.015296309136976133,0.0836387422703645,-0.2891076113113992,-0.06704963220890865,1245,0.1419679554784641,0.3863453815261044,1.2466289388765126,5,-0.3874139455942966,20.0,-0.00010390035148395426,0.021113695207847807,FRAGILE
252.0,42.0,60.0,15.0,10.0,-0.0045290002996190015,0.015296309136976133,0.0836387422703645,-0.2891076113113992,0.003227900305531855,623,0.1419679554784641,0.42536115569823435,1.3731771340267622,5,-0.3874139455942966,20.0,-0.00010390035148395426,0.021113695207847807,FRAGILE
252.0,42.0,60.0,20.0,3.0,-0.004428446962678079,0.015645221330976344,0.07000490897379164,-0.275856196059031,-0.20304303119111253,2153,0.14019391139647516,0.33813283790060383,1.1554684129396713,5,-0.40421310212408024,40.0,0.0006410791608878697,0.01906378434752411,FRAGILE
252.0,42.0,60.0,20.0,5.0,-0.004428446962678079,0.015645221330976344,0.07000490897379164,-0.275856196059031,-0.06244002829818196,1309,0.14019391139647516,0.3865546218487395,1.2829826464472962,5,-0.40421310212408024,40.0,0.0006410791608878697,0.01906378434752411,FRAGILE
252.0,42.0,60.0,20.0,10.0,-0.004428446962678079,0.015645221330976344,0.07000490897379164,-0.275856196059031,-0.009458594519721721,646,0.14019391139647516,0.42724458204334365,1.2798777430254944,5,-0.40421310212408024,40.0,0.0006410791608878697,0.01906378434752411,FRAGILE
252.0,42.0,60.0,25.0,3.0,-0.00466671272331276,0.01560963349292072,0.061931198783852115,-0.29185440070225577,-0.23661242840492927,2165,0.14064130463928734,0.3344110854503464,1.0692760061388467,5,-0.40236084879514566,20.0,0.0009825936599306307,0.017831754376480005,FRAGILE
252.0,42.0,60.0,25.0,5.0,-0.00466671272331276,0.01560963349292072,0.061931198783852115,-0.29185440070225577,-0.10244023501035651,1302,0.14064130463928734,0.38556067588325654,1.1301256461623939,5,-0.40236084879514566,20.0,0.0009825936599306307,0.017831754376480005,FRAGILE
252.0,42.0,60.0,25.0,10.0,-0.00466671272331276,0.01560963349292072,0.061931198783852115,-0.29185440070225577,-0.00816727386056608,625,0.14064130463928734,0.4256,1.2950230320943528,5,-0.40236084879514566,20.0,0.0009825936599306307,0.017831754376480005,FRAGILE
252.0,42.0,60.0,30.0,3.0,-0.0016790500910583983,0.016094815351984038,0.0535693509456554,-0.09636138628180227,-0.22677789376985386,2270,0.15024289422889983,0.33744493392070485,1.0816797565671306,5,0.0030135684257527108,40.0,0.0058955084144655555,0.022977465417570078,FRAGILE
252.0,42.0,60.0,30.0,5.0,-0.0016790500910583983,0.016094815351984038,0.0535693509456554,-0.09636138628180227,-0.11728054417381717,1368,0.15024289422889983,0.37719298245614036,1.1201767206214643,5,0.0030135684257527108,40.0,0.0058955084144655555,0.022977465417570078,FRAGILE
252.0,42.0,60.0,30.0,10.0,-0.0016790500910583983,0.016094815351984038,0.0535693509456554,-0.09636138628180227,-0.029340800785838714,671,0.15024289422889983,0.4128166915052161,1.2385328414957342,5,0.0030135684257527108,40.0,0.0058955084144655555,0.022977465417570078,FRAGILE
252.0,42.0,70.0,10.0,3.0,-0.00858419004285016,0.015608100757906524,0.09719348327458643,-0.5445439205838442,-0.2102758294667055,2202,0.15010013341473155,0.33424159854677565,1.1710715146228232,5,-0.9458199233307123,20.0,-0.007521848377255913,0.023162472828173207,FRAGILE
252.0,42.0,70.0,10.0,5.0,-0.00858419004285016,0.015608100757906524,0.09719348327458643,-0.5445439205838442,nan,1263,0.15010013341473155,0.3847980997624703,1.3129275921389771,5,-0.9458199233307123,20.0,-0.007521848377255913,0.023162472828173207,FRAGILE
252.0,42.0,70.0,10.0,10.0,-0.00858419004285016,0.015608100757906524,0.09719348327458643,-0.5445439205838442,-0.012325535229003865,615,0.15010013341473155,0.43089430894308944,1.244226026187577,5,-0.9458199233307123,20.0,-0.007521848377255913,0.023162472828173207,FRAGILE
252.0,42.0,70.0,15.0,3.0,-0.004308943162319223,0.015441815575750487,0.08487296914053677,-0.2719251546077733,-0.18717679641008103,2139,0.1441092101252759,0.33146330060776064,1.232357959881566,5,-0.38514574233027143,20.0,0.00011112766941863139,0.02242288169057593,FRAGILE
252.0,42.0,70.0,15.0,5.0,-0.004308943162319223,0.015441815575750487,0.08487296914053677,-0.2719251546077733,-0.06135883997455678,1242,0.1441092101252759,0.3856682769726248,1.2824663029500116,5,-0.38514574233027143,20.0,0.00011112766941863139,0.02242288169057593,FRAGILE
252.0,42.0,70.0,15.0,10.0,-0.004308943162319223,0.015441815575750487,0.08487296914053677,-0.2719251546077733,0.006955625078261498,622,0.1441092101252759,0.42443729903536975,1.4034500229159952,5,-0.38514574233027143,20.0,0.00011112766941863139,0.02242288169057593,FRAGILE
252.0,42.0,70.0,20.0,3.0,-0.004256029585851695,0.015887998762248633,0.07058725547582434,-0.26050072824130127,-0.20127048994858854,2148,0.14230773266016136,0.3370577281191806,1.1730362955375824,5,-0.3910339025138612,40.0,0.0010169145419087534,0.020303442581524302,FRAGILE
252.0,42.0,70.0,20.0,5.0,-0.004256029585851695,0.015887998762248633,0.07058725547582434,-0.26050072824130127,-0.05842797821589125,1307,0.14230773266016136,0.3856159143075746,1.312079044655157,5,-0.3910339025138612,40.0,0.0010169145419087534,0.020303442581524302,FRAGILE
252.0,42.0,70.0,20.0,10.0,-0.004256029585851695,0.015887998762248633,0.07058725547582434,-0.26050072824130127,-0.004793343319825044,645,0.14230773266016136,0.4263565891472868,1.3150010025692827,5,-0.3910339025138612,40.0,0.0010169145419087534,0.020303442581524302,FRAGILE
252.0,42.0,70.0,25.0,3.0,-0.004388810924262798,0.015818604810137995,0.06148280342129242,-0.270143495494603,-0.23519292502238667,2162,0.14270069378113254,0.33348751156336726,1.0905769958834695,5,-0.3842055772213703,20.0,0.0014937174051255387,0.01892635210231314,FRAGILE
252.0,42.0,70.0,25.0,5.0,-0.004388810924262798,0.015818604810137995,0.06148280342129242,-0.270143495494603,-0.09932561416089788,1300,0.14270069378113254,0.38461538461538464,1.154588778833211,5,-0.3842055772213703,20.0,0.0014937174051255387,0.01892635210231314,FRAGILE
252.0,42.0,70.0,25.0,10.0,-0.004388810924262798,0.015818604810137995,0.06148280342129242,-0.270143495494603,-0.004748844745615883,624,0.14270069378113254,0.42467948717948717,1.3233468429049842,5,-0.3842055772213703,20.0,0.0014937174051255387,0.01892635210231314,FRAGILE
252.0,42.0,70.0,30.0,3.0,-0.0013310067755325505,0.016301804367225645,0.05200517612299749,-0.07355007323455758,-0.2247615255058448,2267,0.1523385447916009,0.3365681517423908,1.104188809789541,5,0.029487612548567087,40.0,0.006474702222011008,0.024110370685836387,FRAGILE
252.0,42.0,70.0,30.0,5.0,-0.0013310067755325505,0.016301804367225645,0.05200517612299749,-0.07355007323455758,-0.11339254372464497,1366,0.1523385447916009,0.3762811127379209,1.1487410552026827,5,0.029487612548567087,40.0,0.006474702222011008,0.024110370685836387,FRAGILE
252.0,42.0,70.0,30.0,10.0,-0.0013310067755325505,0.016301804367225645,0.05200517612299749,-0.07355007323455758,-0.026299008296991905,670,0.1523385447916009,0.41194029850746267,1.2644827767724278,5,0.029487612548567087,40.0,0.006474702222011008,0.024110370685836387,FRAGILE
252.0,42.0,80.0,10.0,3.0,-0.008083937563571952,0.015815833980647134,0.0968579413579751,-0.5052915124888152,-0.2096423683923265,2201,0.15183396404289073,0.3343934575193094,1.1778685084671987,5,-0.9012905103321879,20.0,-0.006670094078162925,0.024523389232312696,FRAGILE
252.0,42.0,80.0,10.0,5.0,-0.008083937563571952,0.015815833980647134,0.0968579413579751,-0.5052915124888152,nan,1261,0.15183396404289073,0.3830293417922284,1.3608430696674214,5,-0.9012905103321879,20.0,-0.006670094078162925,0.024523389232312696,FRAGILE
252.0,42.0,80.0,10.0,10.0,-0.008083937563571952,0.015815833980647134,0.0968579413579751,-0.5052915124888152,-0.012498687192612322,615,0.15183396404289073,0.43089430894308944,1.2453364363182298,5,-0.9012905103321879,20.0,-0.006670094078162925,0.024523389232312696,FRAGILE
252.0,42.0,80.0,15.0,3.0,-0.0036668693545677256,0.015722373441042083,0.084683235527799,-0.2257948752330476,-0.18442321453331478,2137,0.14593275001164005,0.33130556855404775,1.250201998577137,5,-0.336595978152889,20.0,0.0011060575169545839,0.02398461742892744,FRAGILE
252.0,42.0,80.0,15.0,5.0,-0.0036668693545677256,0.015722373441042083,0.084683235527799,-0.2257948752330476,-0.05443479666568056,1240,0.14593275001164005,0.38387096774193546,1.3332701186894615,5,-0.336595978152889,20.0,0.0011060575169545839,0.02398461742892744,FRAGILE
252.0,42.0,80.0,15.0,10.0,-0.0036668693545677256,0.015722373441042083,0.084683235527799,-0.2257948752330476,0.007641959048338782,622,0.14593275001164005,0.42443729903536975,1.406516854538941,5,-0.336595978152889,20.0,0.0011060575169545839,0.02398461742892744,FRAGILE
252.0,42.0,80.0,20.0,3.0,-0.003814498458672655,0.016317127251404613,0.07027469875648773,-0.22605791148849608,-0.19780153526320174,2144,0.1442135180478047,0.33675373134328357,1.1899783556645607,5,-0.3218634830239555,40.0,0.0020687424821006495,0.021798335626256264,FRAGILE
252.0,42.0,80.0,20.0,5.0,-0.003814498458672655,0.016317127251404613,0.07027469875648773,-0.22605791148849608,-0.05333477887351056,1304,0.1442135180478047,0.38496932515337423,1.3437026558935554,5,-0.3218634830239555,40.0,0.0020687424821006495,0.021798335626256264,FRAGILE
252.0,42.0,80.0,20.0,10.0,-0.003814498458672655,0.016317127251404613,0.07027469875648773,-0.22605791148849608,-0.004325747400981445,644,0.1442135180478047,0.42701863354037267,1.3147520902276841,5,-0.3218634830239555,40.0,0.0020687424821006495,0.021798335626256264,FRAGILE
252.0,42.0,80.0,25.0,3.0,-0.003935441572468279,0.016225133354724117,0.06078599415064534,-0.23491492231209213,-0.2322725450428189,2158,0.14467804457630762,0.33317886932344765,1.1084733387338488,5,-0.3361447605012967,20.0,0.002548133590405488,0.020367307749860154,FRAGILE
252.0,42.0,80.0,25.0,5.0,-0.003935441572468279,0.016225133354724117,0.06078599415064534,-0.23491492231209213,-0.09559755406660257,1298,0.14467804457630762,0.38366718027734975,1.1828610872672956,5,-0.3361447605012967,20.0,0.002548133590405488,0.020367307749860154,FRAGILE
252.0,42.0,80.0,25.0,10.0,-0.003935441572468279,0.016225133354724117,0.06078599415064534,-0.23491492231209213,-0.006256104026396604,624,0.14467804457630762,0.42467948717948717,1.3140047645930222,5,-0.3361447605012967,20.0,0.002548133590405488,0.020367307749860154,FRAGILE
252.0,42.0,80.0,30.0,3.0,-0.000774420072617743,0.01669702103657369,0.052992330201686144,-0.03804932227772628,-0.22197588445557667,2264,0.15422282945723317,0.3365724381625442,1.119856901451567,5,0.08631526754513104,40.0,0.007672071343736975,0.02556811933774272,FRAGILE
252.0,42.0,80.0,30.0,5.0,-0.000774420072617743,0.01669702103657369,0.052992330201686144,-0.03804932227772628,-0.10983421448169882,1365,0.15422282945723317,0.3758241758241758,1.1743573703357717,5,0.08631526754513104,40.0,0.007672071343736975,0.02556811933774272,FRAGILE
252.0,42.0,80.0,30.0,10.0,-0.000774420072617743,0.01669702103657369,0.052992330201686144,-0.03804932227772628,-0.027981027063503857,670,0.15422282945723317,0.41194029850746267,1.256241920578884,5,0.08631526754513104,40.0,0.007672071343736975,0.02556811933774272,FRAGILE
252.0,63.0,40.0,10.0,3.0,-0.008152557159806118,0.015463197239491714,0.09613754025551735,-0.5216445921470306,-0.21474939159322676,2219,0.14432086083336607,0.3397926994141505,1.1174228590696773,5,-1.0456221276553366,40.0,-0.008231260521231331,0.02223385740437964,FRAGILE
252.0,63.0,40.0,10.0,5.0,-0.008152557159806118,0.015463197239491714,0.09613754025551735,-0.5216445921470306,nan,1271,0.14432086083336607,0.38001573564122737,1.2318285807448912,5,-1.0456221276553366,40.0,-0.008231260521231331,0.02223385740437964,FRAGILE
252.0,63.0,40.0,10.0,10.0,-0.008152557159806118,0.015463197239491714,0.09613754025551735,-0.5216445921470306,-0.011898800706797445,619,0.14432086083336607,0.4458804523424879,1.1677975019876408,5,-1.0456221276553366,40.0,-0.008231260521231331,0.02223385740437964,FRAGILE
252.0,63.0,40.0,15.0,3.0,-0.004958607169930018,0.015148630937385733,0.08715820837441823,-0.3205682695770413,-0.1795805106380749,2156,0.137705062370905,0.3399814471243043,1.1976772267643747,5,-0.5528943429230634,40.0,-0.0021860327329210616,0.021930714799959183,FRAGILE
252.0,63.0,40.0,15.0,5.0,-0.004958607169930018,0.015148630937385733,0.08715820837441823,-0.3205682695770413,-0.07524503408255602,1251,0.137705062370905,0.3828936850519584,1.2272044477747845,5,-0.5528943429230634,40.0,-0.0021860327329210616,0.021930714799959183,FRAGILE
252.0,63.0,40.0,15.0,10.0,-0.004958607169930018,0.015148630937385733,0.08715820837441823,-0.3205682695770413,0.01404567869542835,626,0.137705062370905,0.4424920127795527,1.3573615539819097,5,-0.5528943429230634,40.0,-0.0021860327329210616,0.021930714799959183,FRAGILE
252.0,63.0,40.0,20.0,3.0,-0.003972552661758555,0.015353065572214147,0.06272794654495362,-0.2515807292128317,-0.18859605209015526,2165,0.1357569678894593,0.3422632794457275,1.1720023586256336,5,-0.4778029773994975,40.0,-0.00023448056951569374,0.01736228330743682,FRAGILE
252.0,63.0,40.0,20.0,5.0,-0.003972552661758555,0.015353065572214147,0.06272794654495362,-0.2515807292128317,-0.06242044321031536,1315,0.1357569678894593,0.3855513307984791,1.2847570064742588,5,-0.4778029773994975,40.0,-0.00023448056951569374,0.01736228330743682,FRAGILE
252.0,63.0,40.0,20.0,10.0,-0.003972552661758555,0.015353065572214147,0.06272794654495362,-0.2515807292128317,0.0010658921385874574,648,0.1357569678894593,0.44598765432098764,1.2491102800435683,5,-0.4778029773994975,40.0,-0.00023448056951569374,0.01736228330743682,FRAGILE
252.0,63.0,40.0,25.0,3.0,-0.0034541524450963923,0.015515747229860927,0.052452902763562737,-0.21524679506666242,-0.21479620536510244,2175,0.13635706286020272,0.3406896551724138,1.092348654722847,5,-0.10131910997960718,40.0,7.149517717672805e-05,0.015310998722175869,FRAGILE
252.0,63.0,40.0,25.0,5.0,-0.0034541524450963923,0.015515747229860927,0.052452902763562737,-0.21524679506666242,-0.10679683779632894,1307,0.13635706286020272,0.3894414690130069,1.0910045878999863,5,-0.10131910997960718,40.0,7.149517717672805e-05,0.015310998722175869,FRAGILE
252.0,63.0,40.0,25.0,10.0,-0.0034541524450963923,0.015515747229860927,0.052452902763562737,-0.21524679506666242,-0.0014550192077108829,627,0.13635706286020272,0.43859649122807015,1.2702628758921684,5,-0.10131910997960718,40.0,7.149517717672805e-05,0.015310998722175869,FRAGILE
252.0,63.0,40.0,30.0,3.0,0.0007798614613852006,0.01612247139411209,0.044534571955905156,0.05641358423559161,-0.20669256983897183,2282,0.1459375189820886,0.34355828220858897,1.1117037925421644,5,-0.0447394900768765,40.0,0.005128326173604902,0.021216324234711134,NON_FRAGILE
252.0,63.0,40.0,30.0,5.0,0.0007798614613852006,0.01612247139411209,0.044534571955905156,0.05641358423559161,-0.1034777756529054,1374,0.1459375189820886,0.3813682678311499,1.1468919026766549,5,-0.0447394900768765,40.0,0.005128326173604902,0.021216324234711134,NON_FRAGILE
252.0,63.0,40.0,30.0,10.0,0.0007798614613852006,0.01612247139411209,0.044534571955905156,0.05641358423559161,-0.014803011783655038,674,0.1459375189820886,0.43026706231454004,1.229474039305838,5,-0.0447394900768765,40.0,0.005128326173604902,0.021216324234711134,NON_FRAGILE
252.0,63.0,50.0,10.0,3.0,-0.008115900322638647,0.0156618337240649,0.0975833398268321,-0.5124714001464483,-0.21323952489630332,2212,0.14651924646015113,0.3395117540687161,1.1313949861961619,5,-1.0213574996716004,40.0,-0.008106034221197045,0.02258021694885143,FRAGILE
252.0,63.0,50.0,10.0,5.0,-0.008115900322638647,0.0156618337240649,0.0975833398268321,-0.5124714001464483,nan,1269,0.14651924646015113,0.37903861308116626,1.24712773015288,5,-1.0213574996716004,40.0,-0.008106034221197045,0.02258021694885143,FRAGILE
252.0,63.0,50.0,10.0,10.0,-0.008115900322638647,0.0156618337240649,0.0975833398268321,-0.5124714001464483,-0.010312809336451257,616,0.14651924646015113,0.44642857142857145,1.1763393380805403,5,-1.0213574996716004,40.0,-0.008106034221197045,0.02258021694885143,FRAGILE
252.0,63.0,50.0,15.0,3.0,-0.004847159208833385,0.01533997984056878,0.08852589904562458,-0.30907827288092204,-0.17965693676832653,2148,0.13975587189214755,0.3398510242085661,1.2090281135211476,5,-0.5250023807917378,40.0,-0.001900704915368756,0.02218728547570315,FRAGILE
252.0,63.0,50.0,15.0,5.0,-0.004847159208833385,0.01533997984056878,0.08852589904562458,-0.30907827288092204,-0.07378501247467414,1248,0.13975587189214755,0.38221153846153844,1.2434705516446916,5,-0.5250023807917378,40.0,-0.001900704915368756,0.02218728547570315,FRAGILE
252.0,63.0,50.0,15.0,10.0,-0.004847159208833385,0.01533997984056878,0.08852589904562458,-0.30907827288092204,0.01512483377120636,623,0.13975587189214755,0.44301765650080255,1.359728158349514,5,-0.5250023807917378,40.0,-0.001900704915368756,0.02218728547570315,FRAGILE
252.0,63.0,50.0,20.0,3.0,-0.004034291761160214,0.015436786264769405,0.0646309049185686,-0.2541485056246578,-0.18857919728527642,2157,0.1377195515956007,0.34214186369958277,1.1819580646725274,5,-0.4571252966516224,40.0,-0.00019142502071578527,0.017859581911117653,FRAGILE
252.0,63.0,50.0,20.0,5.0,-0.004034291761160214,0.015436786264769405,0.0646309049185686,-0.2541485056246578,-0.058475773229534865,1312,0.1377195515956007,0.38490853658536583,1.311072561280851,5,-0.4571252966516224,40.0,-0.00019142502071578527,0.017859581911117653,FRAGILE
252.0,63.0,50.0,20.0,10.0,-0.004034291761160214,0.015436786264769405,0.0646309049185686,-0.2541485056246578,0.002723011740142762,646,0.1377195515956007,0.4458204334365325,1.2604076713689814,5,-0.4571252966516224,40.0,-0.00019142502071578527,0.017859581911117653,FRAGILE
252.0,63.0,50.0,25.0,3.0,-0.0030433499712977374,0.015697533007453728,0.053890530579670304,-0.18631981449262364,-0.21527449052943565,2169,0.13834654588430756,0.34024896265560167,1.099977278932919,5,-0.0737653266396173,40.0,0.0004543603525582585,0.015796415737643683,FRAGILE
252.0,63.0,50.0,25.0,5.0,-0.0030433499712977374,0.015697533007453728,0.053890530579670304,-0.18631981449262364,-0.10311917886593056,1305,0.13834654588430756,0.38850574712643676,1.116930686038449,5,-0.0737653266396173,40.0,0.0004543603525582585,0.015796415737643683,FRAGILE
252.0,63.0,50.0,25.0,10.0,-0.0030433499712977374,0.015697533007453728,0.053890530579670304,-0.18631981449262364,0.0004584284577819978,625,0.13834654588430756,0.4384,1.2840510660982616,5,-0.0737653266396173,40.0,0.0004543603525582585,0.015796415737643683,FRAGILE
252.0,63.0,50.0,30.0,3.0,0.0010108103246155853,0.016273342898912017,0.04633408167110875,0.07021886177008156,-0.20651591352770116,2274,0.14780479723310186,0.3434476693051891,1.117832413546389,5,-0.04156887497646233,40.0,0.005178706629515894,0.0217158392667307,NON_FRAGILE
252.0,63.0,50.0,30.0,5.0,0.0010108103246155853,0.016273342898912017,0.04633408167110875,0.07021886177008156,-0.1002415640817173,1371,0.14780479723310186,0.38074398249452956,1.1703547688243277,5,-0.04156887497646233,40.0,0.005178706629515894,0.0217158392667307,NON_FRAGILE
252.0,63.0,50.0,30.0,10.0,0.0010108103246155853,0.016273342898912017,0.04633408167110875,0.07021886177008156,-0.012442901271144266,671,0.14780479723310186,0.42921013412816694,1.250490535975113,5,-0.04156887497646233,40.0,0.005178706629515894,0.0217158392667307,NON_FRAGILE
252.0,63.0,60.0,10.0,3.0,-0.007917334084709293,0.015993958690899153,0.09633346193137948,-0.48898569444274803,-0.21168937923917824,2206,0.14827763026401386,0.33907524932003624,1.1321693816306384,5,-1.0019569893315328,40.0,-0.007767694914010392,0.023014577617640808,FRAGILE
252.0,63.0,60.0,10.0,5.0,-0.007917334084709293,0.015993958690899153,0.09633346193137948,-0.48898569444274803,nan,1265,0.14827763026401386,0.3786561264822134,1.2466833093207486,5,-1.0019569893315328,40.0,-0.007767694914010392,0.023014577617640808,FRAGILE
252.0,63.0,60.0,10.0,10.0,-0.007917334084709293,0.015993958690899153,0.09633346193137948,-0.48898569444274803,-0.0077453495325744545,615,0.14827763026401386,0.44715447154471544,1.1882078080976417,5,-1.0019569893315328,40.0,-0.007767694914010392,0.023014577617640808,FRAGILE
252.0,63.0,60.0,15.0,3.0,-0.0045842303084516756,0.015692490951804514,0.08766947097918532,-0.28495241867330634,-0.17964641914822493,2143,0.14176401188979387,0.33924405039664024,1.2075703908653874,5,-0.5051064150835882,40.0,-0.0014759744263531881,0.02250492930877475,FRAGILE
252.0,63.0,60.0,15.0,5.0,-0.0045842303084516756,0.015692490951804514,0.08766947097918532,-0.28495241867330634,-0.07205397018200671,1244,0.14176401188979387,0.38183279742765275,1.2448744970068875,5,-0.5051064150835882,40.0,-0.0014759744263531881,0.02250492930877475,FRAGILE
252.0,63.0,60.0,15.0,10.0,-0.0045842303084516756,0.015692490951804514,0.08766947097918532,-0.28495241867330634,0.0175290783423379,622,0.14176401188979387,0.4437299035369775,1.3731915594723427,5,-0.5051064150835882,40.0,-0.0014759744263531881,0.02250492930877475,FRAGILE
252.0,63.0,60.0,20.0,3.0,-0.0038464736848675685,0.01571519624566636,0.06385704239720047,-0.2373715155375733,-0.18849797722252087,2152,0.13971551266609683,0.34154275092936803,1.1799167751399484,5,-0.4204072559134553,40.0,0.0002474167367462865,0.018223458942836925,FRAGILE
252.0,63.0,60.0,20.0,5.0,-0.0038464736848675685,0.01571519624566636,0.06385704239720047,-0.2373715155375733,-0.05657096255160097,1308,0.13971551266609683,0.3853211009174312,1.3136773174848928,5,-0.4204072559134553,40.0,0.0002474167367462865,0.018223458942836925,FRAGILE
252.0,63.0,60.0,20.0,10.0,-0.0038464736848675685,0.01571519624566636,0.06385704239720047,-0.2373715155375733,0.005735337603188937,645,0.13971551266609683,0.44651162790697674,1.2764414025662854,5,-0.4204072559134553,40.0,0.0002474167367462865,0.018223458942836925,FRAGILE
252.0,63.0,60.0,25.0,3.0,-0.0028009820557041154,0.015952705241324194,0.053243155354635974,-0.16784894671530864,-0.21320738902360686,2164,0.14042496253930298,0.34011090573012936,1.103861103489141,5,-0.05819887815065315,40.0,0.0009212839734613843,0.016343515448558124,FRAGILE
252.0,63.0,60.0,25.0,5.0,-0.0028009820557041154,0.015952705241324194,0.053243155354635974,-0.16784894671530864,-0.10188799125537895,1301,0.14042496253930298,0.3889315910837817,1.1143493649869998,5,-0.05819887815065315,40.0,0.0009212839734613843,0.016343515448558124,FRAGILE
252.0,63.0,60.0,25.0,10.0,-0.0028009820557041154,0.015952705241324194,0.053243155354635974,-0.16784894671530864,0.003374508853625993,624,0.14042496253930298,0.4391025641025641,1.2998300498376958,5,-0.05819887815065315,40.0,0.0009212839734613843,0.016343515448558124,FRAGILE
252.0,63.0,60.0,30.0,3.0,0.0013379905008377158,0.01655730809327814,0.04660722119141114,0.08903343355091449,-0.20480852040940323,2269,0.1499490051023109,0.3428823270163067,1.1157453701760696,5,-0.025537491454133976,40.0,0.005634097068319211,0.02216676788273427,NON_FRAGILE
252.0,63.0,60.0,30.0,5.0,0.0013379905008377158,0.01655730809327814,0.04660722119141114,0.08903343355091449,-0.09844280137110505,1367,0.1499490051023109,0.3811265544989027,1.170448886871013,5,-0.025537491454133976,40.0,0.005634097068319211,0.02216676788273427,NON_FRAGILE
252.0,63.0,60.0,30.0,10.0,0.0013379905008377158,0.01655730809327814,0.04660722119141114,0.08903343355091449,-0.009674192497677928,670,0.1499490051023109,0.4298507462686567,1.2642852458853662,5,-0.025537491454133976,40.0,0.005634097068319211,0.02216676788273427,NON_FRAGILE
252.0,63.0,70.0,10.0,3.0,-0.007957095234999878,0.016105626914345042,0.09848850579784241,-0.48797247047987025,-0.2109033238579786,2201,0.15026567969827592,0.3380281690140845,1.1489563535900142,5,-0.9991576734968282,40.0,-0.007751600468252251,0.024462898518855684,FRAGILE
252.0,63.0,70.0,10.0,5.0,-0.007957095234999878,0.016105626914345042,0.09848850579784241,-0.48797247047987025,nan,1262,0.15026567969827592,0.37797147385103014,1.2714011516278625,5,-0.9991576734968282,40.0,-0.007751600468252251,0.024462898518855684,FRAGILE
252.0,63.0,70.0,10.0,10.0,-0.007957095234999878,0.016105626914345042,0.09848850579784241,-0.48797247047987025,-0.005987669096787347,614,0.15026567969827592,0.44625407166123776,1.2042151971810224,5,-0.9991576734968282,40.0,-0.007751600468252251,0.024462898518855684,FRAGILE
252.0,63.0,70.0,15.0,3.0,-0.004470162495442076,0.015844384626607515,0.08919843861366672,-0.2748378794159837,-0.17846794497301469,2138,0.14403001057717352,0.3381665107577175,1.2232008864680202,5,-0.49954210731285603,40.0,-0.0013114315364522345,0.02387733545041549,FRAGILE
252.0,63.0,70.0,15.0,5.0,-0.004470162495442076,0.015844384626607515,0.08919843861366672,-0.2748378794159837,-0.06857797425408686,1241,0.14403001057717352,0.38114423851732476,1.2717591233706305,5,-0.49954210731285603,40.0,-0.0013114315364522345,0.02387733545041549,FRAGILE
252.0,63.0,70.0,15.0,10.0,-0.004470162495442076,0.015844384626607515,0.08919843861366672,-0.2748378794159837,0.020031765010473105,621,0.14403001057717352,0.4428341384863124,1.3925137704664525,5,-0.49954210731285603,40.0,-0.0013114315364522345,0.02387733545041549,FRAGILE
252.0,63.0,70.0,20.0,3.0,-0.003801995484037035,0.015974239218292614,0.0652758525204401,-0.23047003578528757,-0.18801955019555747,2147,0.14193356379337227,0.34047508150908246,1.1935920158126452,5,-0.41293702897800993,40.0,0.0004712721466904934,0.019561404235610445,FRAGILE
252.0,63.0,70.0,20.0,5.0,-0.003801995484037035,0.015974239218292614,0.0652758525204401,-0.23047003578528757,-0.05401349858763246,1306,0.14193356379337227,0.38437978560490044,1.3366671005118171,5,-0.41293702897800993,40.0,0.0004712721466904934,0.019561404235610445,FRAGILE
252.0,63.0,70.0,20.0,10.0,-0.003801995484037035,0.015974239218292614,0.0652758525204401,-0.23047003578528757,0.008990657398648174,644,0.14193356379337227,0.44565217391304346,1.3007290780218885,5,-0.41293702897800993,40.0,0.0004712721466904934,0.019561404235610445,FRAGILE
252.0,63.0,70.0,25.0,3.0,-0.002621570450944244,0.016155881040709377,0.053218501335425494,-0.15440076252677884,-0.2120352969834571,2161,0.14258114501282818,0.33919481721425265,1.1241731795985612,5,-0.04274677442311599,40.0,0.0013613748253395786,0.017482390673982714,FRAGILE
252.0,63.0,70.0,25.0,5.0,-0.002621570450944244,0.016155881040709377,0.053218501335425494,-0.15440076252677884,-0.09945225213024649,1299,0.14258114501282818,0.38799076212471134,1.1361091180980971,5,-0.04274677442311599,40.0,0.0013613748253395786,0.017482390673982714,FRAGILE
252.0,63.0,70.0,25.0,10.0,-0.002621570450944244,0.016155881040709377,0.053218501335425494,-0.15440076252677884,0.005768746237530704,623,0.14258114501282818,0.43820224719101125,1.319802043214116,5,-0.04274677442311599,40.0,0.0013613748253395786,0.017482390673982714,FRAGILE
252.0,63.0,70.0,30.0,3.0,0.001537278378978435,0.016756155110661013,0.04620574640570452,0.10005128074215232,-0.20329926973517667,2266,0.1521092851559338,0.34201235657546336,1.136325253113046,5,-0.005260619995479887,40.0,0.006113535824282801,0.023363208523513566,NON_FRAGILE
252.0,63.0,70.0,30.0,5.0,0.001537278378978435,0.016756155110661013,0.04620574640570452,0.10005128074215232,-0.0951495921485542,1365,0.1521092851559338,0.3802197802197802,1.196307962808419,5,-0.005260619995479887,40.0,0.006113535824282801,0.023363208523513566,NON_FRAGILE
252.0,63.0,70.0,30.0,10.0,0.001537278378978435,0.016756155110661013,0.04620574640570452,0.10005128074215232,-0.006916893474467463,669,0.1521092851559338,0.4289985052316891,1.2872206782223505,5,-0.005260619995479887,40.0,0.006113535824282801,0.023363208523513566,NON_FRAGILE
252.0,63.0,80.0,10.0,3.0,-0.00760055812949012,0.0162906928509888,0.09937047385111919,-0.4601888213564816,-0.2101339201312275,2200,0.15199835190968036,0.3381818181818182,1.156632630156857,5,-0.9707497773602702,40.0,-0.007125213205135883,0.02597753799894442,FRAGILE
252.0,63.0,80.0,10.0,5.0,-0.00760055812949012,0.0162906928509888,0.09937047385111919,-0.4601888213564816,nan,1260,0.15199835190968036,0.3761904761904762,1.3200804119582192,5,-0.9707497773602702,40.0,-0.007125213205135883,0.02597753799894442,FRAGILE
252.0,63.0,80.0,10.0,10.0,-0.00760055812949012,0.0162906928509888,0.09937047385111919,-0.4601888213564816,-0.006161419495698378,614,0.15199835190968036,0.44625407166123776,1.204161792405617,5,-0.9707497773602702,40.0,-0.007125213205135883,0.02597753799894442,FRAGILE
252.0,63.0,80.0,15.0,3.0,-0.0039170523657781064,0.016087455667723242,0.08961502037447233,-0.23591929687637692,-0.17524890188338396,2136,0.14586438037433747,0.33801498127340823,1.2424555248450697,5,-0.46701511779428034,40.0,-0.0005358445582105187,0.02545648715630021,FRAGILE
252.0,63.0,80.0,15.0,5.0,-0.0039170523657781064,0.016087455667723242,0.08961502037447233,-0.23591929687637692,-0.061629127903670006,1239,0.14586438037433747,0.37933817594834546,1.3232021942650933,5,-0.46701511779428034,40.0,-0.0005358445582105187,0.02545648715630021,FRAGILE
252.0,63.0,80.0,15.0,10.0,-0.0039170523657781064,0.016087455667723242,0.08961502037447233,-0.23591929687637692,0.020148771060517632,621,0.14586438037433747,0.4428341384863124,1.3890114182730209,5,-0.46701511779428034,40.0,-0.0005358445582105187,0.02545648715630021,FRAGILE
252.0,63.0,80.0,20.0,3.0,-0.0034119652435044,0.016374267768660695,0.06553423255006996,-0.200538826991675,-0.18455919529292594,2143,0.1438462444585676,0.3401773215118992,1.2109592209268414,5,-0.35315762474690554,40.0,0.0013589578882417185,0.021030250722829023,FRAGILE
252.0,63.0,80.0,20.0,5.0,-0.0034119652435044,0.016374267768660695,0.06553423255006996,-0.200538826991675,-0.049074866916009194,1303,0.1438462444585676,0.3837298541826554,1.3674409212158116,5,-0.35315762474690554,40.0,0.0013589578882417185,0.021030250722829023,FRAGILE
252.0,63.0,80.0,20.0,10.0,-0.0034119652435044,0.016374267768660695,0.06553423255006996,-0.200538826991675,0.00883281189665615,643,0.1438462444585676,0.4463452566096423,1.2954020914785482,5,-0.35315762474690554,40.0,0.0013589578882417185,0.021030250722829023,FRAGILE
252.0,63.0,80.0,25.0,3.0,-0.0022104374717490938,0.016524379601840833,0.053048404982829145,-0.12565268466814836,-0.20901368872513826,2157,0.14455976099033302,0.3388966156699119,1.1425333733926795,5,0.0003489543832253639,40.0,0.002283367754263099,0.018960586976994157,FRAGILE
252.0,63.0,80.0,25.0,5.0,-0.0022104374717490938,0.016524379601840833,0.053048404982829145,-0.12565268466814836,-0.09572807642087192,1297,0.14455976099033302,0.38704703161141096,1.1631217596209626,5,0.0003489543832253639,40.0,0.002283367754263099,0.018960586976994157,FRAGILE
252.0,63.0,80.0,25.0,10.0,-0.0022104374717490938,0.016524379601840833,0.053048404982829145,-0.12565268466814836,0.0036154862496744784,623,0.14455976099033302,0.43820224719101125,1.3053601344270946,5,0.0003489543832253639,40.0,0.002283367754263099,0.018960586976994157,FRAGILE
252.0,63.0,80.0,30.0,3.0,0.001999576079508847,0.017111695291493464,0.04815299531964923,0.12529343243562016,-0.20084838743266634,2263,0.15398023988359574,0.34202386212991603,1.1511009317682588,5,0.044981488961235196,40.0,0.007152776562212071,0.024874373527818162,NON_FRAGILE
252.0,63.0,80.0,30.0,5.0,0.001999576079508847,0.017111695291493464,0.04815299531964923,0.12529343243562016,-0.09195976418737745,1364,0.15398023988359574,0.37976539589442815,1.2189626726509348,5,0.044981488961235196,40.0,0.007152776562212071,0.024874373527818162,NON_FRAGILE
252.0,63.0,80.0,30.0,10.0,0.001999576079508847,0.017111695291493464,0.04815299531964923,0.12529343243562016,-0.009290444352416792,669,0.15398023988359574,0.4289985052316891,1.2729502599506524,5,0.044981488961235196,40.0,0.007152776562212071,0.024874373527818162,NON_FRAGILE
284.0,0.0,40.0,10.0,3.0,-0.007011766779734585,0.014970292278335226,0.09048608674015779,-0.4625402362862725,-0.19584558509224154,2176,0.1430649046499468,0.33869485294117646,1.1735626900158667,5,-0.7342831454770686,20.0,-0.005037327861973728,0.01828076470744817,FRAGILE
284.0,0.0,40.0,10.0,5.0,-0.007011766779734585,0.014970292278335226,0.09048608674015779,-0.4625402362862725,nan,1250,0.1430649046499468,0.3888,1.2523575684583712,5,-0.7342831454770686,20.0,-0.005037327861973728,0.01828076470744817,FRAGILE
284.0,0.0,40.0,10.0,10.0,-0.007011766779734585,0.014970292278335226,0.09048608674015779,-0.4625402362862725,-0.002277043003720702,605,0.1430649046499468,0.456198347107438,1.1777891453662002,5,-0.7342831454770686,20.0,-0.005037327861973728,0.01828076470744817,FRAGILE
284.0,0.0,40.0,15.0,3.0,-0.0037708619361730422,0.014430010867717452,0.08197219393090649,-0.2546012628650693,-0.1643041347488849,2114,0.13639141595760193,0.3443708609271523,1.2121111018284025,5,-0.27310280232906115,40.0,0.0012620161335475722,0.019663673736715064,FRAGILE
284.0,0.0,40.0,15.0,5.0,-0.0037708619361730422,0.014430010867717452,0.08197219393090649,-0.2546012628650693,-0.06911601042042868,1230,0.13639141595760193,0.3902439024390244,1.2064030519864166,5,-0.27310280232906115,40.0,0.0012620161335475722,0.019663673736715064,FRAGILE
284.0,0.0,40.0,15.0,10.0,-0.0037708619361730422,0.014430010867717452,0.08197219393090649,-0.2546012628650693,0.005166821534733078,612,0.13639141595760193,0.4362745098039216,1.3285691153780663,5,-0.27310280232906115,40.0,0.0012620161335475722,0.019663673736715064,FRAGILE
284.0,0.0,40.0,20.0,3.0,-0.004024702048822104,0.014641945368139394,0.06711634809679823,-0.268105866932335,-0.176649532064808,2123,0.13503532453143113,0.3462081959491286,1.1800216340117056,5,-0.45540351845963317,40.0,0.0009988292527381537,0.01710225944931607,FRAGILE
284.0,0.0,40.0,20.0,5.0,-0.004024702048822104,0.014641945368139394,0.06711634809679823,-0.268105866932335,-0.058816953220536254,1294,0.13503532453143113,0.38794435857805254,1.2824518359314505,5,-0.45540351845963317,40.0,0.0009988292527381537,0.01710225944931607,FRAGILE
284.0,0.0,40.0,20.0,10.0,-0.004024702048822104,0.014641945368139394,0.06711634809679823,-0.268105866932335,-0.006493046202666813,641,0.13503532453143113,0.43681747269890797,1.247721130450541,5,-0.45540351845963317,40.0,0.0009988292527381537,0.01710225944931607,FRAGILE
284.0,0.0,40.0,25.0,3.0,-0.0038146763399047323,0.014821564907492195,0.06337488209821729,-0.25045416104020923,-0.2077534174334418,2126,0.13515997876495317,0.34101599247412984,1.0995161723033158,5,-0.2752089415211274,40.0,-0.00043845488985607697,0.016456097849587206,FRAGILE
284.0,0.0,40.0,25.0,5.0,-0.0038146763399047323,0.014821564907492195,0.06337488209821729,-0.25045416104020923,-0.09485367750618082,1279,0.13515997876495317,0.3885848318999218,1.1293118666243813,5,-0.2752089415211274,40.0,-0.00043845488985607697,0.016456097849587206,FRAGILE
284.0,0.0,40.0,25.0,10.0,-0.0038146763399047323,0.014821564907492195,0.06337488209821729,-0.25045416104020923,-0.0015955143018150967,620,0.13515997876495317,0.43870967741935485,1.2690576931636703,5,-0.2752089415211274,40.0,-0.00043845488985607697,0.016456097849587206,FRAGILE
284.0,0.0,40.0,30.0,3.0,-0.0002585633388929587,0.015507489407003567,0.06201975697389184,-0.008924845880630352,-0.202847500094839,2219,0.1440363554254657,0.3397926994141505,1.1265581804081708,5,-0.3387272199908479,40.0,0.0027057621021729485,0.022605612367847337,FRAGILE
284.0,0.0,40.0,30.0,5.0,-0.0002585633388929587,0.015507489407003567,0.06201975697389184,-0.008924845880630352,-0.09988164750382834,1339,0.1440363554254657,0.38312173263629573,1.1396885322937238,5,-0.3387272199908479,40.0,0.0027057621021729485,0.022605612367847337,FRAGILE
284.0,0.0,40.0,30.0,10.0,-0.0002585633388929587,0.015507489407003567,0.06201975697389184,-0.008924845880630352,-0.03617395829868907,660,0.1440363554254657,0.4196969696969697,1.1534799074945066,5,-0.3387272199908479,40.0,0.0027057621021729485,0.022605612367847337,FRAGILE
284.0,0.0,50.0,10.0,3.0,-0.006836168493306816,0.015237479620677778,0.09116972505674592,-0.4425602886896726,-0.19406182600482758,2169,0.14547014569071148,0.3384047948363301,1.1891209241097989,5,-0.6976306747265715,20.0,-0.00481703317836053,0.01870230354211449,FRAGILE
284.0,0.0,50.0,10.0,5.0,-0.006836168493306816,0.015237479620677778,0.09116972505674592,-0.4425602886896726,nan,1248,0.14547014569071148,0.38782051282051283,1.266319491905818,5,-0.6976306747265715,20.0,-0.00481703317836053,0.01870230354211449,FRAGILE
284.0,0.0,50.0,10.0,10.0,-0.006836168493306816,0.015237479620677778,0.09116972505674592,-0.4425602886896726,-0.0010674479559457026,602,0.14547014569071148,0.4568106312292359,1.1825510248443496,5,-0.6976306747265715,20.0,-0.00481703317836053,0.01870230354211449,FRAGILE
284.0,0.0,50.0,15.0,3.0,-0.003476624640297743,0.014697496539382553,0.08216294740727359,-0.22961016719466162,-0.16288064313834993,2106,0.13866948676437071,0.3442545109211776,1.228857194908618,5,-0.23566114442097258,40.0,0.0016118004433599343,0.020120700003463977,FRAGILE
284.0,0.0,50.0,15.0,5.0,-0.003476624640297743,0.014697496539382553,0.08216294740727359,-0.22961016719466162,-0.06744498600191269,1227,0.13866948676437071,0.3895680521597392,1.224289093303894,5,-0.23566114442097258,40.0,0.0016118004433599343,0.020120700003463977,FRAGILE
284.0,0.0,50.0,15.0,10.0,-0.003476624640297743,0.014697496539382553,0.08216294740727359,-0.22961016719466162,0.007357889415918128,609,0.13866948676437071,0.4367816091954023,1.3403872847409184,5,-0.23566114442097258,40.0,0.0016118004433599343,0.020120700003463977,FRAGILE
284.0,0.0,50.0,20.0,3.0,-0.003850424598772717,0.014757824253078745,0.06769925336349414,-0.25402975503519193,-0.17512318171986968,2114,0.13723016166331292,0.34626300851466413,1.1940145681945888,5,-0.44642282608575645,40.0,0.0011356939459280068,0.017683768372711718,FRAGILE
284.0,0.0,50.0,20.0,5.0,-0.003850424598772717,0.014757824253078745,0.06769925336349414,-0.25402975503519193,-0.055455075078292664,1290,0.13723016166331292,0.3875968992248062,1.3022957028433628,5,-0.44642282608575645,40.0,0.0011356939459280068,0.017683768372711718,FRAGILE
284.0,0.0,50.0,20.0,10.0,-0.003850424598772717,0.014757824253078745,0.06769925336349414,-0.25402975503519193,-0.003921136883308812,639,0.13723016166331292,0.43661971830985913,1.2655049349301823,5,-0.44642282608575645,40.0,0.0011356939459280068,0.017683768372711718,FRAGILE
284.0,0.0,50.0,25.0,3.0,-0.003324418934505746,0.01498106652807802,0.0629640579979871,-0.21478777471645027,-0.2064124557973533,2119,0.13735535742143948,0.340726757904672,1.1128652433794608,5,-0.23100053711934382,40.0,0.00013277114571066395,0.016952431595253784,FRAGILE
284.0,0.0,50.0,25.0,5.0,-0.003324418934505746,0.01498106652807802,0.0629640579979871,-0.21478777471645027,-0.09179498648687107,1276,0.13735535742143948,0.3879310344827586,1.152194382851686,5,-0.23100053711934382,40.0,0.00013277114571066395,0.016952431595253784,FRAGILE
284.0,0.0,50.0,25.0,10.0,-0.003324418934505746,0.01498106652807802,0.0629640579979871,-0.21478777471645027,0.0006266435799927842,618,0.13735535742143948,0.43851132686084143,1.2844636955801623,5,-0.23100053711934382,40.0,0.00013277114571066395,0.016952431595253784,FRAGILE
284.0,0.0,50.0,30.0,3.0,3.098834603787459e-05,0.015634452316371956,0.06267020102423626,0.009795785491729075,-0.20124943125805536,2210,0.14616282613470288,0.3398190045248869,1.1378585697557335,5,-0.3185886875822526,40.0,0.0029121985519595882,0.023178235313225902,NON_FRAGILE
284.0,0.0,50.0,30.0,5.0,3.098834603787459e-05,0.015634452316371956,0.06267020102423626,0.009795785491729075,-0.0975350023643857,1335,0.14616282613470288,0.38277153558052435,1.1494793754838084,5,-0.3185886875822526,40.0,0.0029121985519595882,0.023178235313225902,NON_FRAGILE
284.0,0.0,50.0,30.0,10.0,3.098834603787459e-05,0.015634452316371956,0.06267020102423626,0.009795785491729075,-0.03280010980903733,657,0.14616282613470288,0.4185692541856925,1.181159060518261,5,-0.3185886875822526,40.0,0.0029121985519595882,0.023178235313225902,NON_FRAGILE
284.0,0.0,60.0,10.0,3.0,-0.007039797296279127,0.015570467714533659,0.09280187602780887,-0.4459346721955748,-0.19470606575835125,2163,0.14711246644413709,0.337956541840037,1.1840185564463075,5,-0.7057701520187698,20.0,-0.004896203266840637,0.019511877217304182,FRAGILE
284.0,0.0,60.0,10.0,5.0,-0.007039797296279127,0.015570467714533659,0.09280187602780887,-0.4459346721955748,nan,1244,0.14711246644413709,0.387459807073955,1.2610156990400485,5,-0.7057701520187698,20.0,-0.004896203266840637,0.019511877217304182,FRAGILE
284.0,0.0,60.0,10.0,10.0,-0.007039797296279127,0.015570467714533659,0.09280187602780887,-0.4459346721955748,-0.0001397859365911008,601,0.14711246644413709,0.45757071547420963,1.1845960738712409,5,-0.7057701520187698,20.0,-0.004896203266840637,0.019511877217304182,FRAGILE
284.0,0.0,60.0,15.0,3.0,-0.003530193733517928,0.015052143159242318,0.08292287511195451,-0.22742073269847207,-0.16462547540740263,2101,0.14055779637586346,0.3436458829128986,1.2220323925746397,5,-0.24508228704223786,40.0,0.001708373133315111,0.020842615496758154,FRAGILE
284.0,0.0,60.0,15.0,5.0,-0.003530193733517928,0.015052143159242318,0.08292287511195451,-0.22742073269847207,-0.06715486112076362,1223,0.14055779637586346,0.3892068683565004,1.2193231387132542,5,-0.24508228704223786,40.0,0.001708373133315111,0.020842615496758154,FRAGILE
284.0,0.0,60.0,15.0,10.0,-0.003530193733517928,0.015052143159242318,0.08292287511195451,-0.22742073269847207,0.007902353182544548,608,0.14055779637586346,0.4375,1.3404491638236806,5,-0.24508228704223786,40.0,0.001708373133315111,0.020842615496758154,FRAGILE
284.0,0.0,60.0,20.0,3.0,-0.004017336538783112,0.01505982439482184,0.06914630835932112,-0.2597633230891549,-0.17745608191231457,2109,0.13909685011077397,0.3456614509246088,1.184814990289731,5,-0.4460677466802972,40.0,0.0011842852763165102,0.018321935031549642,FRAGILE
284.0,0.0,60.0,20.0,5.0,-0.004017336538783112,0.01505982439482184,0.06914630835932112,-0.2597633230891549,-0.055390001154081624,1286,0.13909685011077397,0.3880248833592535,1.2966939104093136,5,-0.4460677466802972,40.0,0.0011842852763165102,0.018321935031549642,FRAGILE
284.0,0.0,60.0,20.0,10.0,-0.004017336538783112,0.01505982439482184,0.06914630835932112,-0.2597633230891549,-0.0029096647938597407,638,0.13909685011077397,0.4373040752351097,1.2682515093127988,5,-0.4460677466802972,40.0,0.0011842852763165102,0.018321935031549642,FRAGILE
284.0,0.0,60.0,25.0,3.0,-0.0034265984134725924,0.015278158327822458,0.06423980485331293,-0.21702732837204702,-0.20683388245004963,2114,0.13926851823240793,0.34058656575212864,1.1093604207732657,5,-0.25170058034152365,40.0,0.00022239084283104393,0.017802579897999805,FRAGILE
284.0,0.0,60.0,25.0,5.0,-0.0034265984134725924,0.015278158327822458,0.06423980485331293,-0.21702732837204702,-0.09263786971670979,1272,0.13926851823240793,0.38836477987421386,1.1415898235123636,5,-0.25170058034152365,40.0,0.00022239084283104393,0.017802579897999805,FRAGILE
284.0,0.0,60.0,25.0,10.0,-0.0034265984134725924,0.015278158327822458,0.06423980485331293,-0.21702732837204702,0.0010261853048192677,617,0.13926851823240793,0.4392220421393841,1.283348922939147,5,-0.25170058034152365,40.0,0.00022239084283104393,0.017802579897999805,FRAGILE
284.0,0.0,60.0,30.0,3.0,-4.8360658718715754e-05,0.015902996493807987,0.06382023347879562,0.004907260625464996,-0.2024573679740969,2205,0.14819684291589363,0.33922902494331064,1.12699408978474,5,-0.3327942353636394,40.0,0.0030033214409479923,0.02386856442016211,NON_FRAGILE
284.0,0.0,60.0,30.0,5.0,-4.8360658718715754e-05,0.015902996493807987,0.06382023347879562,0.004907260625464996,-0.09927941715602795,1331,0.14819684291589363,0.38241923365890307,1.138342368280954,5,-0.3327942353636394,40.0,0.0030033214409479923,0.02386856442016211,NON_FRAGILE
284.0,0.0,60.0,30.0,10.0,-4.8360658718715754e-05,0.015902996493807987,0.06382023347879562,0.004907260625464996,-0.032434984492855035,656,0.14819684291589363,0.4192073170731707,1.1796843749865,5,-0.3327942353636394,40.0,0.0030033214409479923,0.02386856442016211,NON_FRAGILE
284.0,0.0,70.0,10.0,3.0,-0.006896937894025568,0.015626112095871735,0.09351794871758301,-0.4350851871419654,-0.191199735857087,2158,0.14878512918055725,0.33688600556070436,1.2076825498537749,5,-0.6989346830037252,20.0,-0.004538812352244115,0.020610495133956505,FRAGILE
284.0,0.0,70.0,10.0,5.0,-0.006896937894025568,0.015626112095871735,0.09351794871758301,-0.4350851871419654,nan,1241,0.14878512918055725,0.38678485092667203,1.2870707874238774,5,-0.6989346830037252,20.0,-0.004538812352244115,0.020610495133956505,FRAGILE
284.0,0.0,70.0,10.0,10.0,-0.006896937894025568,0.015626112095871735,0.09351794871758301,-0.4350851871419654,0.0028219987661178697,600,0.14878512918055725,0.45666666666666667,1.2069012857222656,5,-0.6989346830037252,20.0,-0.004538812352244115,0.020610495133956505,FRAGILE
284.0,0.0,70.0,15.0,3.0,-0.0032305306557444124,0.01513976792803241,0.08277470569802658,-0.20615750842291766,-0.16167902245604915,2096,0.14245783002952517,0.3425572519083969,1.2410444642420486,5,-0.22704148685733677,40.0,0.002243346767178145,0.021890944841279916,FRAGILE
284.0,0.0,70.0,15.0,5.0,-0.0032305306557444124,0.01513976792803241,0.08277470569802658,-0.20615750842291766,-0.06337000534284458,1220,0.14245783002952517,0.3885245901639344,1.2463752928480174,5,-0.22704148685733677,40.0,0.002243346767178145,0.021890944841279916,FRAGILE
284.0,0.0,70.0,15.0,10.0,-0.0032305306557444124,0.01513976792803241,0.08277470569802658,-0.20615750842291766,0.011178284162674301,607,0.14245783002952517,0.43657331136738053,1.366954311498193,5,-0.22704148685733677,40.0,0.002243346767178145,0.021890944841279916,FRAGILE
284.0,0.0,70.0,20.0,3.0,-0.003608899759054318,0.01516775072764998,0.06814579980688873,-0.23077719105349515,-0.1734540263316734,2104,0.14084681226444445,0.3445817490494297,1.206034200548979,5,-0.3920201845809978,40.0,0.001856907428345278,0.01937284471795348,FRAGILE
284.0,0.0,70.0,20.0,5.0,-0.003608899759054318,0.01516775072764998,0.06814579980688873,-0.23077719105349515,-0.052324441558241466,1284,0.14084681226444445,0.3870716510903427,1.3207064639696349,5,-0.3920201845809978,40.0,0.001856907428345278,0.01937284471795348,FRAGILE
284.0,0.0,70.0,20.0,10.0,-0.003608899759054318,0.01516775072764998,0.06814579980688873,-0.23077719105349515,0.0010738216592049057,637,0.14084681226444445,0.4364207221350079,1.2981129193478678,5,-0.3920201845809978,40.0,0.001856907428345278,0.01937284471795348,FRAGILE
284.0,0.0,70.0,25.0,3.0,-0.0030221002642396577,0.015359802604508716,0.06324632600112912,-0.18937296279380694,-0.20409095574439032,2111,0.14096460299155564,0.33964945523448603,1.1310318127744108,5,-0.21640377938457708,40.0,0.0008494229548670074,0.018839031127926193,FRAGILE
284.0,0.0,70.0,25.0,5.0,-0.0030221002642396577,0.015359802604508716,0.06324632600112912,-0.18937296279380694,-0.09069739349976293,1270,0.14096460299155564,0.38740157480314963,1.1599371204796478,5,-0.21640377938457708,40.0,0.0008494229548670074,0.018839031127926193,FRAGILE
284.0,0.0,70.0,25.0,10.0,-0.0030221002642396577,0.015359802604508716,0.06324632600112912,-0.18937296279380694,0.0036867892043564218,616,0.14096460299155564,0.4383116883116883,1.3048621918192609,5,-0.21640377938457708,40.0,0.0008494229548670074,0.018839031127926193,FRAGILE
284.0,0.0,70.0,30.0,3.0,0.0002714864915940307,0.015966212461459704,0.06378630875002711,0.024981177486817503,-0.20044468095632542,2202,0.14991872995721867,0.3383287920072661,1.1466012018636895,5,-0.3075558880972233,40.0,0.003496799757303015,0.025101592258993888,NON_FRAGILE
284.0,0.0,70.0,30.0,5.0,0.0002714864915940307,0.015966212461459704,0.06378630875002711,0.024981177486817503,-0.09664678746331755,1329,0.14991872995721867,0.38148984198645597,1.1604566433809742,5,-0.3075558880972233,40.0,0.003496799757303015,0.025101592258993888,NON_FRAGILE
284.0,0.0,70.0,30.0,10.0,0.0002714864915940307,0.015966212461459704,0.06378630875002711,0.024981177486817503,-0.029151349438356643,655,0.14991872995721867,0.4183206106870229,1.2075225939634198,5,-0.3075558880972233,40.0,0.003496799757303015,0.025101592258993888,NON_FRAGILE
284.0,0.0,80.0,10.0,3.0,-0.006493093392942684,0.015787582746987345,0.0934072024145739,-0.40472394627795744,-0.19065652873355102,2157,0.15030773977581927,0.3370421882243857,1.2141370411464636,5,-0.6662825752963528,20.0,-0.0037136905245190423,0.022037908596875194,FRAGILE
284.0,0.0,80.0,10.0,5.0,-0.006493093392942684,0.015787582746987345,0.0934072024145739,-0.40472394627795744,nan,1239,0.15030773977581927,0.38498789346246975,1.3282203784144488,5,-0.6662825752963528,20.0,-0.0037136905245190423,0.022037908596875194,FRAGILE
284.0,0.0,80.0,10.0,10.0,-0.006493093392942684,0.015787582746987345,0.0934072024145739,-0.40472394627795744,0.002462062463946296,600,0.15030773977581927,0.45666666666666667,1.2042781110632559,5,-0.6662825752963528,20.0,-0.0037136905245190423,0.022037908596875194,FRAGILE
284.0,0.0,80.0,15.0,3.0,-0.002738504674299924,0.01532284185915181,0.08256979766303407,-0.17130707737362597,-0.15968800475860162,2094,0.14405718318715094,0.3424068767908309,1.2553077211414967,5,-0.18703746615674616,40.0,0.0032217492030553797,0.02344493192084834,FRAGILE
284.0,0.0,80.0,15.0,5.0,-0.002738504674299924,0.01532284185915181,0.08256979766303407,-0.17130707737362597,-0.05795886907238158,1218,0.14405718318715094,0.3866995073891626,1.2905728644852856,5,-0.18703746615674616,40.0,0.0032217492030553797,0.02344493192084834,FRAGILE
284.0,0.0,80.0,15.0,10.0,-0.002738504674299924,0.01532284185915181,0.08256979766303407,-0.17130707737362597,0.01169276060520505,607,0.14405718318715094,0.43657331136738053,1.3678792483576008,5,-0.18703746615674616,40.0,0.0032217492030553797,0.02344493192084834,FRAGILE
284.0,0.0,80.0,20.0,3.0,-0.0031646325451964996,0.015375495049058776,0.06806900571996588,-0.1984613982084235,-0.16921124524333148,2100,0.14244446972173005,0.3442857142857143,1.2238521977523087,5,-0.3372936286190829,40.0,0.0028791898407769523,0.020939017868157127,FRAGILE
284.0,0.0,80.0,20.0,5.0,-0.0031646325451964996,0.015375495049058776,0.06806900571996588,-0.1984613982084235,-0.046684283754552865,1281,0.14244446972173005,0.3864168618266979,1.3546410274725216,5,-0.3372936286190829,40.0,0.0028791898407769523,0.020939017868157127,FRAGILE
284.0,0.0,80.0,20.0,10.0,-0.0031646325451964996,0.015375495049058776,0.06806900571996588,-0.1984613982084235,0.001394609723576707,636,0.14244446972173005,0.4371069182389937,1.2964025568292126,5,-0.3372936286190829,40.0,0.0028791898407769523,0.020939017868157127,FRAGILE
284.0,0.0,80.0,25.0,3.0,-0.0025552239987024494,0.01556318326858399,0.06261502230142557,-0.15661473225478242,-0.20027582515264913,2107,0.1426605568964909,0.3393450403417181,1.1502809471296138,5,-0.1582858129862737,40.0,0.0018632036831597754,0.02022127533714675,FRAGILE
284.0,0.0,80.0,25.0,5.0,-0.0025552239987024494,0.01556318326858399,0.06261502230142557,-0.15661473225478242,-0.0862155114821504,1268,0.1426605568964909,0.3864353312302839,1.1898542158270773,5,-0.1582858129862737,40.0,0.0018632036831597754,0.02022127533714675,FRAGILE
284.0,0.0,80.0,25.0,10.0,-0.0025552239987024494,0.01556318326858399,0.06261502230142557,-0.15661473225478242,0.0019174422840362905,616,0.1426605568964909,0.4383116883116883,1.2934503664524992,5,-0.1582858129862737,40.0,0.0018632036831597754,0.02022127533714675,FRAGILE
284.0,0.0,80.0,30.0,3.0,0.0008238743315245323,0.01616773749534229,0.06303335266550547,0.05901661234615969,-0.1967942118279663,2199,0.15149770525722178,0.3383356070941337,1.1636580688590987,5,-0.24356451828956277,40.0,0.004620455986507332,0.02668681933909723,NON_FRAGILE
284.0,0.0,80.0,30.0,5.0,0.0008238743315245323,0.01616773749534229,0.06303335266550547,0.05901661234615969,-0.09159638091136739,1328,0.15149770525722178,0.3810240963855422,1.1906632507136925,5,-0.24356451828956277,40.0,0.004620455986507332,0.02668681933909723,NON_FRAGILE
284.0,0.0,80.0,30.0,10.0,0.0008238743315245323,0.01616773749534229,0.06303335266550547,0.05901661234615969,-0.030483451927536737,655,0.15149770525722178,0.4183206106870229,1.2014876194263262,5,-0.24356451828956277,40.0,0.004620455986507332,0.02668681933909723,NON_FRAGILE
284.0,21.0,40.0,10.0,3.0,-0.007943444288682877,0.015135025321645285,0.09559457537104099,-0.519361041600968,-0.20866585492294445,2177,0.14293607334262046,0.3307303628847037,1.1717211346836762,5,-0.8257888015727467,20.0,-0.006513248572543517,0.01788772752428802,FRAGILE
284.0,21.0,40.0,10.0,5.0,-0.007943444288682877,0.015135025321645285,0.09559457537104099,-0.519361041600968,nan,1250,0.14293607334262046,0.3768,1.2662742546602592,5,-0.8257888015727467,20.0,-0.006513248572543517,0.01788772752428802,FRAGILE
284.0,21.0,40.0,10.0,10.0,-0.007943444288682877,0.015135025321645285,0.09559457537104099,-0.519361041600968,-0.01609855643626384,605,0.14293607334262046,0.43471074380165287,1.195064357923582,5,-0.8257888015727467,20.0,-0.006513248572543517,0.01788772752428802,FRAGILE
284.0,21.0,40.0,15.0,3.0,-0.004642967435703471,0.014666900041071537,0.08717385611414408,-0.3099647741988751,-0.1851415300146009,2114,0.1360413055601323,0.33112582781456956,1.2109488264532646,5,-0.2563790890310607,20.0,0.0008172197702519312,0.018360139731658873,FRAGILE
284.0,21.0,40.0,15.0,5.0,-0.004642967435703471,0.014666900041071537,0.08717385611414408,-0.3099647741988751,-0.08589073343258764,1230,0.1360413055601323,0.375609756097561,1.2087385680631877,5,-0.2563790890310607,20.0,0.0008172197702519312,0.018360139731658873,FRAGILE
284.0,21.0,40.0,15.0,10.0,-0.004642967435703471,0.014666900041071537,0.08717385611414408,-0.3099647741988751,-0.007549088624386103,612,0.1360413055601323,0.4150326797385621,1.3533493567769028,5,-0.2563790890310607,20.0,0.0008172197702519312,0.018360139731658873,FRAGILE
284.0,21.0,40.0,20.0,3.0,-0.003995264836255896,0.015052405828596536,0.06513292200634835,-0.25842638135507323,-0.1916032727254672,2123,0.1347011790128782,0.33867169100329725,1.1691246075222186,5,-0.2391749382880918,20.0,0.0016134596987013028,0.014839911677991221,FRAGILE
284.0,21.0,40.0,20.0,5.0,-0.003995264836255896,0.015052405828596536,0.06513292200634835,-0.25842638135507323,-0.06971769087960344,1294,0.1347011790128782,0.3740340030911901,1.3112151775503782,5,-0.2391749382880918,20.0,0.0016134596987013028,0.014839911677991221,FRAGILE
284.0,21.0,40.0,20.0,10.0,-0.003995264836255896,0.015052405828596536,0.06513292200634835,-0.25842638135507323,-0.016296438372678645,641,0.1347011790128782,0.41809672386895474,1.281486754772767,5,-0.2391749382880918,20.0,0.0016134596987013028,0.014839911677991221,FRAGILE
284.0,21.0,40.0,25.0,3.0,-0.0036877457503157185,0.015262767076162096,0.06195636904850643,-0.234431726906923,-0.22755785433009607,2126,0.1347486328302258,0.3334901222953904,1.0716124533301516,5,-0.06688791523014978,40.0,0.0005765855012512366,0.01469003970831957,FRAGILE
284.0,21.0,40.0,25.0,5.0,-0.0036877457503157185,0.015262767076162096,0.06195636904850643,-0.234431726906923,-0.10819348660781129,1279,0.1347486328302258,0.37685691946833466,1.1349661082923175,5,-0.06688791523014978,40.0,0.0005765855012512366,0.01469003970831957,FRAGILE
284.0,21.0,40.0,25.0,10.0,-0.0036877457503157185,0.015262767076162096,0.06195636904850643,-0.234431726906923,-0.013898674445238214,620,0.1347486328302258,0.41774193548387095,1.2990468876223507,5,-0.06688791523014978,40.0,0.0005765855012512366,0.01469003970831957,FRAGILE
284.0,21.0,40.0,30.0,3.0,-6.72459485068222e-05,0.015944517993476067,0.05782143042653376,0.003752238813011155,-0.22081424749272283,2219,0.143693399488429,0.33258224425416855,1.103924359540146,5,-0.0982308548555584,20.0,0.003702406819569437,0.019737981048997787,NON_FRAGILE
284.0,21.0,40.0,30.0,5.0,-6.72459485068222e-05,0.015944517993476067,0.05782143042653376,0.003752238813011155,-0.11154660173224297,1339,0.143693399488429,0.37341299477221807,1.1423732329867933,5,-0.0982308548555584,20.0,0.003702406819569437,0.019737981048997787,NON_FRAGILE
284.0,21.0,40.0,30.0,10.0,-6.72459485068222e-05,0.015944517993476067,0.05782143042653376,0.003752238813011155,-0.046425845244968914,660,0.143693399488429,0.40454545454545454,1.1674840454662965,5,-0.0982308548555584,20.0,0.003702406819569437,0.019737981048997787,NON_FRAGILE
284.0,21.0,50.0,10.0,3.0,-0.007782129940183458,0.015410008546757515,0.09625783033856661,-0.4992696503269242,-0.20701398540298693,2170,0.14531628053031878,0.3304147465437788,1.1878283880855742,5,-0.7951657768782013,20.0,-0.006312768162217153,0.018255142361814743,FRAGILE
284.0,21.0,50.0,10.0,5.0,-0.007782129940183458,0.015410008546757515,0.09625783033856661,-0.4992696503269242,nan,1248,0.14531628053031878,0.37580128205128205,1.2816897438089454,5,-0.7951657768782013,20.0,-0.006312768162217153,0.018255142361814743,FRAGILE
284.0,21.0,50.0,10.0,10.0,-0.007782129940183458,0.015410008546757515,0.09625783033856661,-0.4992696503269242,-0.015160480163919077,602,0.14531628053031878,0.43521594684385384,1.2005522537525335,5,-0.7951657768782013,20.0,-0.006312768162217153,0.018255142361814743,FRAGILE
284.0,21.0,50.0,15.0,3.0,-0.004326559345134151,0.014940828722525345,0.0873059222420618,-0.28273761986731016,-0.18402129309173165,2106,0.13827201937812453,0.3309591642924976,1.2286067094468525,5,-0.22367095287017658,20.0,0.0012228994346794586,0.018710125677564825,FRAGILE
284.0,21.0,50.0,15.0,5.0,-0.004326559345134151,0.014940828722525345,0.0873059222420618,-0.28273761986731016,-0.08413154383710159,1227,0.13827201937812453,0.37489812550937246,1.228438587909998,5,-0.22367095287017658,20.0,0.0012228994346794586,0.018710125677564825,FRAGILE
284.0,21.0,50.0,15.0,10.0,-0.004326559345134151,0.014940828722525345,0.0873059222420618,-0.28273761986731016,-0.005585854827429918,609,0.13827201937812453,0.4154351395730706,1.3663724640493653,5,-0.22367095287017658,20.0,0.0012228994346794586,0.018710125677564825,FRAGILE
284.0,21.0,50.0,20.0,3.0,-0.0038324902989415044,0.015189062853083532,0.06590573234631514,-0.2452068801806168,-0.19006562271976277,2114,0.13684672085957084,0.3386944181646168,1.184041008242158,5,-0.23392018648950447,20.0,0.001791727634989293,0.015336634283319592,FRAGILE
284.0,21.0,50.0,20.0,5.0,-0.0038324902989415044,0.015189062853083532,0.06590573234631514,-0.2452068801806168,-0.06637608336291648,1290,0.13684672085957084,0.3736434108527132,1.331916741622275,5,-0.23392018648950447,20.0,0.001791727634989293,0.015336634283319592,FRAGILE
284.0,21.0,50.0,20.0,10.0,-0.0038324902989415044,0.015189062853083532,0.06590573234631514,-0.2452068801806168,-0.01366938336884123,639,0.13684672085957084,0.41784037558685444,1.3017305796344352,5,-0.23392018648950447,20.0,0.001791727634989293,0.015336634283319592,FRAGILE
284.0,21.0,50.0,25.0,3.0,-0.0032659994833275086,0.015443570443605866,0.06269066421540614,-0.20410428709377834,-0.22648727278264477,2119,0.13690805100281705,0.33317602642756017,1.0848722064816905,5,-0.029408446469983963,40.0,0.001156546217285692,0.015109823233061448,FRAGILE
284.0,21.0,50.0,25.0,5.0,-0.0032659994833275086,0.015443570443605866,0.06269066421540614,-0.20410428709377834,-0.10503621636007737,1276,0.13690805100281705,0.3761755485893417,1.159357373497024,5,-0.029408446469983963,40.0,0.001156546217285692,0.015109823233061448,FRAGILE
284.0,21.0,50.0,25.0,10.0,-0.0032659994833275086,0.015443570443605866,0.06269066421540614,-0.20410428709377834,-0.011379008013470427,618,0.13690805100281705,0.4174757281553398,1.3185376254612688,5,-0.029408446469983963,40.0,0.001156546217285692,0.015109823233061448,FRAGILE
284.0,21.0,50.0,30.0,3.0,0.00020860166999536744,0.016100555213059226,0.05911211036671382,0.021002271892200886,-0.21968095370439542,2210,0.1458049911363709,0.332579185520362,1.114491982743828,5,-0.08631332676385953,20.0,0.003914432134544854,0.020225418885064992,NON_FRAGILE
284.0,21.0,50.0,30.0,5.0,0.00020860166999536744,0.016100555213059226,0.05911211036671382,0.021002271892200886,-0.109284677479923,1335,0.1458049911363709,0.37303370786516854,1.1518226855480658,5,-0.08631332676385953,20.0,0.003914432134544854,0.020225418885064992,NON_FRAGILE
284.0,21.0,50.0,30.0,10.0,0.00020860166999536744,0.016100555213059226,0.05911211036671382,0.021002271892200886,-0.04303747721218022,657,0.1458049911363709,0.4033485540334855,1.1969448414947308,5,-0.08631332676385953,20.0,0.003914432134544854,0.020225418885064992,NON_FRAGILE
284.0,21.0,60.0,10.0,3.0,-0.007976917709095033,0.015801572817384646,0.09768071613802931,-0.49893523474288737,-0.2075230567143325,2164,0.14693252644685137,0.3299445471349353,1.1824518823329082,5,-0.8034520814346668,20.0,-0.006426542695234505,0.018900371439248824,FRAGILE
284.0,21.0,60.0,10.0,5.0,-0.007976917709095033,0.015801572817384646,0.09768071613802931,-0.49893523474288737,nan,1244,0.14693252644685137,0.3754019292604502,1.277026588502114,5,-0.8034520814346668,20.0,-0.006426542695234505,0.018900371439248824,FRAGILE
284.0,21.0,60.0,10.0,10.0,-0.007976917709095033,0.015801572817384646,0.09768071613802931,-0.49893523474288737,-0.01446150171905296,601,0.14693252644685137,0.43594009983361065,1.2010362716085017,5,-0.8034520814346668,20.0,-0.006426542695234505,0.018900371439248824,FRAGILE
284.0,21.0,60.0,15.0,3.0,-0.004321453196967973,0.01536150189974251,0.0879918977322175,-0.2742459284609968,-0.18574476283250826,2101,0.14013641752791445,0.3303188957639219,1.221072178949068,5,-0.22999749449472134,40.0,0.001339361512242876,0.019291812297281236,FRAGILE
284.0,21.0,60.0,15.0,5.0,-0.004321453196967973,0.01536150189974251,0.0879918977322175,-0.2742459284609968,-0.08359785521338065,1223,0.14013641752791445,0.3744889615699101,1.2226909405490398,5,-0.22999749449472134,40.0,0.001339361512242876,0.019291812297281236,FRAGILE
284.0,21.0,60.0,15.0,10.0,-0.004321453196967973,0.01536150189974251,0.0879918977322175,-0.2742459284609968,-0.005319089540175835,608,0.14013641752791445,0.4161184210526316,1.3643360137997684,5,-0.22999749449472134,40.0,0.001339361512242876,0.019291812297281236,FRAGILE
284.0,21.0,60.0,20.0,3.0,-0.003924737168043202,0.015507968639752007,0.0669228250356434,-0.24582013663018046,-0.19205296886224155,2109,0.1386555692889589,0.3380749170222854,1.1751848105484615,5,-0.23096629823590303,20.0,0.0019023090053026603,0.015857698775735608,FRAGILE
284.0,21.0,60.0,20.0,5.0,-0.003924737168043202,0.015507968639752007,0.0669228250356434,-0.24582013663018046,-0.0658127897573993,1286,0.1386555692889589,0.3740279937791602,1.3279193910010172,5,-0.23096629823590303,20.0,0.0019023090053026603,0.015857698775735608,FRAGILE
284.0,21.0,60.0,20.0,10.0,-0.003924737168043202,0.015507968639752007,0.0669228250356434,-0.24582013663018046,-0.01291790073298871,638,0.1386555692889589,0.41849529780564265,1.3027162199481006,5,-0.23096629823590303,20.0,0.0019023090053026603,0.015857698775735608,FRAGILE
284.0,21.0,60.0,25.0,3.0,-0.0033421289723224445,0.01576068041223434,0.06408680900969843,-0.20452994760235857,-0.22644651401699642,2114,0.1387892094522213,0.3330179754020814,1.0822172809748305,5,-0.0460156333413876,40.0,0.0012894963633420353,0.01589648020377266,FRAGILE
284.0,21.0,60.0,25.0,5.0,-0.0033421289723224445,0.01576068041223434,0.06408680900969843,-0.20452994760235857,-0.10548088988456228,1272,0.1387892094522213,0.37657232704402516,1.149749995717894,5,-0.0460156333413876,40.0,0.0012894963633420353,0.01589648020377266,FRAGILE
284.0,21.0,60.0,25.0,10.0,-0.0033421289723224445,0.01576068041223434,0.06408680900969843,-0.20452994760235857,-0.010894713144924911,617,0.1387892094522213,0.4181523500810373,1.3177362630205214,5,-0.0460156333413876,40.0,0.0012894963633420353,0.01589648020377266,FRAGILE
284.0,21.0,60.0,30.0,3.0,0.0002239989587169422,0.01643343450089949,0.05987902689551994,0.021843040710056553,-0.22041605528441968,2205,0.14778358816064824,0.33197278911564626,1.103973029822647,5,-0.09770378789392702,20.0,0.004015783621294444,0.020775272116961424,NON_FRAGILE
284.0,21.0,60.0,30.0,5.0,0.0002239989587169422,0.01643343450089949,0.05987902689551994,0.021843040710056553,-0.11022613822678531,1331,0.14778358816064824,0.37265214124718254,1.143116396474414,5,-0.09770378789392702,20.0,0.004015783621294444,0.020775272116961424,NON_FRAGILE
284.0,21.0,60.0,30.0,10.0,0.0002239989587169422,0.01643343450089949,0.05987902689551994,0.021843040710056553,-0.042588385383262546,656,0.14778358816064824,0.40396341463414637,1.1956841919924004,5,-0.09770378789392702,20.0,0.004015783621294444,0.020775272116961424,NON_FRAGILE
284.0,21.0,70.0,10.0,3.0,-0.007920413578877628,0.01586838377078201,0.0989426601904092,-0.4931787862792186,-0.20433582511671097,2159,0.14860843061969473,0.32885595182955074,1.2057620732275216,5,-0.7893130321830755,20.0,-0.006133584086308907,0.019947133398420577,FRAGILE
284.0,21.0,70.0,10.0,5.0,-0.007920413578877628,0.01586838377078201,0.0989426601904092,-0.4931787862792186,nan,1241,0.14860843061969473,0.37469782433521354,1.3032146735257562,5,-0.7893130321830755,20.0,-0.006133584086308907,0.019947133398420577,FRAGILE
284.0,21.0,70.0,10.0,10.0,-0.007920413578877628,0.01586838377078201,0.0989426601904092,-0.4931787862792186,-0.011654847908754824,600,0.14860843061969473,0.435,1.2248688756287667,5,-0.7893130321830755,20.0,-0.006133584086308907,0.019947133398420577,FRAGILE
284.0,21.0,70.0,15.0,3.0,-0.00412334475248588,0.015468760688812162,0.08858933185833451,-0.25937661995379285,-0.18297947630216843,2096,0.1420494770618187,0.3291984732824427,1.2401441697560642,5,-0.21486711603360648,20.0,0.0017904277369820143,0.02032680960666995,FRAGILE
284.0,21.0,70.0,15.0,5.0,-0.00412334475248588,0.015468760688812162,0.08858933185833451,-0.25937661995379285,-0.08016672653512692,1220,0.1420494770618187,0.3737704918032787,1.2499078534093346,5,-0.21486711603360648,20.0,0.0017904277369820143,0.02032680960666995,FRAGILE
284.0,21.0,70.0,15.0,10.0,-0.00412334475248588,0.015468760688812162,0.08858933185833451,-0.25937661995379285,-0.002212820221541785,607,0.1420494770618187,0.41515650741350907,1.3927824548998065,5,-0.21486711603360648,20.0,0.0017904277369820143,0.02032680960666995,FRAGILE
284.0,21.0,70.0,20.0,3.0,-0.003585738503296465,0.015634192540676103,0.0668258493417282,-0.2219455885975894,-0.18826723694706757,2104,0.1403985163298686,0.3369771863117871,1.1959455071375955,5,-0.18916075577114908,20.0,0.002578031580241391,0.01687933370151147,FRAGILE
284.0,21.0,70.0,20.0,5.0,-0.003585738503296465,0.015634192540676103,0.0668258493417282,-0.2219455885975894,-0.06298411727908185,1284,0.1403985163298686,0.37305295950155765,1.3524907362170437,5,-0.18916075577114908,20.0,0.002578031580241391,0.01687933370151147,FRAGILE
284.0,21.0,70.0,20.0,10.0,-0.003585738503296465,0.015634192540676103,0.0668258493417282,-0.2219455885975894,-0.009280083656644946,637,0.1403985163298686,0.4175824175824176,1.333093336057954,5,-0.18916075577114908,20.0,0.002578031580241391,0.01687933370151147,FRAGILE
284.0,21.0,70.0,25.0,3.0,-0.002984644140939685,0.015853022954855682,0.06369482444096275,-0.18062564467981507,-0.2240897568811802,2111,0.1404610595798008,0.3320701089531028,1.103249531302162,5,-0.0155238283745604,40.0,0.0019354368079258944,0.016862258145535863,FRAGILE
284.0,21.0,70.0,25.0,5.0,-0.002984644140939685,0.015853022954855682,0.06369482444096275,-0.18062564467981507,-0.10352919883666373,1270,0.1404610595798008,0.37559055118110235,1.1690053859030984,5,-0.0155238283745604,40.0,0.0019354368079258944,0.016862258145535863,FRAGILE
284.0,21.0,70.0,25.0,10.0,-0.002984644140939685,0.015853022954855682,0.06369482444096275,-0.18062564467981507,-0.008465355512511694,616,0.1404610595798008,0.4172077922077922,1.3403280341699206,5,-0.0155238283745604,40.0,0.0019354368079258944,0.016862258145535863,FRAGILE
284.0,21.0,70.0,30.0,3.0,0.00047425418953284115,0.016505190764962548,0.0601380353751636,0.036976383861230866,-0.21857589493939267,2202,0.14952305708572158,0.3310626702997275,1.1237054751685642,5,-0.07200214153097326,20.0,0.004538304623745359,0.021926103685235506,NON_FRAGILE
284.0,21.0,70.0,30.0,5.0,0.00047425418953284115,0.016505190764962548,0.0601380353751636,0.036976383861230866,-0.10789559703088639,1329,0.14952305708572158,0.37170805116629047,1.1651940399982457,5,-0.07200214153097326,20.0,0.004538304623745359,0.021926103685235506,NON_FRAGILE
284.0,21.0,70.0,30.0,10.0,0.00047425418953284115,0.016505190764962548,0.0601380353751636,0.036976383861230866,-0.03951809595477846,655,0.14952305708572158,0.4030534351145038,1.2241081707736698,5,-0.07200214153097326,20.0,0.004538304623745359,0.021926103685235506,NON_FRAGILE
284.0,21.0,80.0,10.0,3.0,-0.007574250040498276,0.0160355132952951,0.09915191994344774,-0.46611801491598154,-0.20402786128741676,2158,0.15015266524704055,0.3290083410565338,1.2117376144811447,5,-0.7537537724632165,20.0,-0.0054196661022018365,0.021335431667116152,FRAGILE
284.0,21.0,80.0,10.0,5.0,-0.007574250040498276,0.0160355132952951,0.09915191994344774,-0.46611801491598154,nan,1239,0.15015266524704055,0.3728813559322034,1.3439696452509156,5,-0.7537537724632165,20.0,-0.0054196661022018365,0.021335431667116152,FRAGILE
284.0,21.0,80.0,10.0,10.0,-0.007574250040498276,0.0160355132952951,0.09915191994344774,-0.46611801491598154,-0.01315438718403571,600,0.15015266524704055,0.435,1.2179952381291714,5,-0.7537537724632165,20.0,-0.0054196661022018365,0.021335431667116152,FRAGILE
284.0,21.0,80.0,15.0,3.0,-0.003671955001258609,0.015663573116297014,0.08855635507163828,-0.227027905166315,-0.18129450779119524,2094,0.14368174244028084,0.32903533906399235,1.2544256428839244,5,-0.1765741347835109,20.0,0.0026971250909217925,0.0218729467756869,FRAGILE
284.0,21.0,80.0,15.0,5.0,-0.003671955001258609,0.015663573116297014,0.08855635507163828,-0.227027905166315,-0.07545430643417875,1218,0.14368174244028084,0.37192118226600984,1.2937405412640923,5,-0.1765741347835109,20.0,0.0026971250909217925,0.0218729467756869,FRAGILE
284.0,21.0,80.0,15.0,10.0,-0.003671955001258609,0.015663573116297014,0.08855635507163828,-0.227027905166315,-0.0027034253754754643,607,0.14368174244028084,0.41515650741350907,1.3899125846654679,5,-0.1765741347835109,20.0,0.0026971250909217925,0.0218729467756869,FRAGILE
284.0,21.0,80.0,20.0,3.0,-0.003152034787394231,0.015867286198326645,0.06650595373560908,-0.1910295072585316,-0.1845609696047317,2100,0.14204550024570245,0.33666666666666667,1.2124219087160204,5,-0.13741220298007284,20.0,0.0035787395298684686,0.01841044855396786,FRAGILE
284.0,21.0,80.0,20.0,5.0,-0.003152034787394231,0.015867286198326645,0.06650595373560908,-0.1910295072585316,-0.05831608429105226,1281,0.14204550024570245,0.37236533957845436,1.3837439598281003,5,-0.13741220298007284,20.0,0.0035787395298684686,0.01841044855396786,FRAGILE
284.0,21.0,80.0,20.0,10.0,-0.003152034787394231,0.015867286198326645,0.06650595373560908,-0.1910295072585316,-0.010025793478691609,636,0.14204550024570245,0.41823899371069184,1.3255491301288898,5,-0.13741220298007284,20.0,0.0035787395298684686,0.01841044855396786,FRAGILE
284.0,21.0,80.0,25.0,3.0,-0.0025282872367913267,0.01606532378896931,0.06309788593078103,-0.1495441504393317,-0.2209082199594551,2107,0.1421625851007094,0.3317513051732321,1.1209923934926105,5,0.031334830736326785,40.0,0.002909806387305336,0.018191593988083992,FRAGILE
284.0,21.0,80.0,25.0,5.0,-0.0025282872367913267,0.01606532378896931,0.06309788593078103,-0.1495441504393317,-0.0997438297725096,1268,0.1421625851007094,0.3746056782334385,1.197332320497406,5,0.031334830736326785,40.0,0.002909806387305336,0.018191593988083992,FRAGILE
284.0,21.0,80.0,25.0,10.0,-0.0025282872367913267,0.01606532378896931,0.06309788593078103,-0.1495441504393317,-0.01110527716983335,616,0.1421625851007094,0.4172077922077922,1.3239703120145923,5,0.031334830736326785,40.0,0.002909806387305336,0.018191593988083992,FRAGILE
284.0,21.0,80.0,30.0,3.0,0.0010037742138986339,0.016703850206770024,0.059360898986359656,0.06841044512034333,-0.21547068511291476,2199,0.15112148987848775,0.3310595725329695,1.1394836811940274,5,-0.017150577377355525,20.0,0.005646614444578657,0.02343595083317085,NON_FRAGILE
284.0,21.0,80.0,30.0,5.0,0.0010037742138986339,0.016703850206770024,0.059360898986359656,0.06841044512034333,-0.10358723953523222,1328,0.15112148987848775,0.37123493975903615,1.1933657870138863,5,-0.017150577377355525,20.0,0.005646614444578657,0.02343595083317085,NON_FRAGILE
284.0,21.0,80.0,30.0,10.0,0.0010037742138986339,0.016703850206770024,0.059360898986359656,0.06841044512034333,-0.04184124815749717,655,0.15112148987848775,0.4030534351145038,1.2128821909676155,5,-0.017150577377355525,20.0,0.005646614444578657,0.02343595083317085,NON_FRAGILE
284.0,42.0,40.0,10.0,3.0,-0.007132860829726417,0.015108439522927414,0.09115797294717809,-0.46624426598956475,-0.20247012560380467,2177,0.14242230473584888,0.3403766651355076,1.1352860262564919,5,-0.849653885972813,20.0,-0.006833020612567209,0.019110402998459543,FRAGILE
284.0,42.0,40.0,10.0,5.0,-0.007132860829726417,0.015108439522927414,0.09115797294717809,-0.46624426598956475,nan,1250,0.14242230473584888,0.3856,1.2526108032676422,5,-0.849653885972813,20.0,-0.006833020612567209,0.019110402998459543,FRAGILE
284.0,42.0,40.0,10.0,10.0,-0.007132860829726417,0.015108439522927414,0.09115797294717809,-0.46624426598956475,-0.019194274139996664,605,0.14242230473584888,0.4380165289256198,1.1589264783139026,5,-0.849653885972813,20.0,-0.006833020612567209,0.019110402998459543,FRAGILE
284.0,42.0,40.0,15.0,3.0,-0.005058015252502046,0.014623980739670176,0.09159741584046366,-0.33943586862256564,-0.1913974172481994,2114,0.13594335026175924,0.33538315988647116,1.1655005024937857,5,-0.479353907613185,20.0,-0.0012618471818957254,0.020814815789350512,FRAGILE
284.0,42.0,40.0,15.0,5.0,-0.005058015252502046,0.014623980739670176,0.09159741584046366,-0.33943586862256564,-0.08281794200473155,1230,0.13594335026175924,0.3829268292682927,1.1830954276301762,5,-0.479353907613185,20.0,-0.0012618471818957254,0.020814815789350512,FRAGILE
284.0,42.0,40.0,15.0,10.0,-0.005058015252502046,0.014623980739670176,0.09159741584046366,-0.33943586862256564,-0.012288405567816,612,0.13594335026175924,0.41830065359477125,1.3013364732302486,5,-0.479353907613185,20.0,-0.0012618471818957254,0.020814815789350512,FRAGILE
284.0,42.0,40.0,20.0,3.0,-0.003950382103446337,0.014970910420327723,0.06620116639227036,-0.25690465767093146,-0.19079168376609684,2123,0.134617835487282,0.3457371643900141,1.1332918350267198,5,-0.3766343185879763,20.0,0.00048386714767092445,0.01708836094735562,FRAGILE
284.0,42.0,40.0,20.0,5.0,-0.003950382103446337,0.014970910420327723,0.06620116639227036,-0.25690465767093146,-0.06710714367315569,1294,0.134617835487282,0.3794435857805255,1.2915890915181685,5,-0.3766343185879763,20.0,0.00048386714767092445,0.01708836094735562,FRAGILE
284.0,42.0,40.0,20.0,10.0,-0.003950382103446337,0.014970910420327723,0.06620116639227036,-0.25690465767093146,-0.016049867060332113,641,0.134617835487282,0.4243369734789392,1.24914278125009,5,-0.3766343185879763,20.0,0.00048386714767092445,0.01708836094735562,FRAGILE
284.0,42.0,40.0,25.0,3.0,-0.0031039212248175074,0.015189256673161454,0.05889071094427534,-0.19707270695650092,-0.22684792319491107,2126,0.13483922848260613,0.33866415804327377,1.0478497696044768,5,-0.13218277280380236,40.0,0.0004333693110817327,0.016894656818388937,FRAGILE
284.0,42.0,40.0,25.0,5.0,-0.0031039212248175074,0.015189256673161454,0.05889071094427534,-0.19707270695650092,-0.107266808835012,1279,0.13483922848260613,0.38076622361219703,1.1166425209495114,5,-0.13218277280380236,40.0,0.0004333693110817327,0.016894656818388937,FRAGILE
284.0,42.0,40.0,25.0,10.0,-0.0031039212248175074,0.015189256673161454,0.05889071094427534,-0.19707270695650092,-0.01480732907935496,620,0.13483922848260613,0.4258064516129032,1.2491791527048768,5,-0.13218277280380236,40.0,0.0004333693110817327,0.016894656818388937,FRAGILE
284.0,42.0,40.0,30.0,3.0,0.0009127640414341442,0.015824407841565257,0.053543577853988555,0.06556425987989872,-0.21953123526683246,2219,0.14365224976156524,0.3388913925191528,1.0746906838413122,5,-0.10730959409135903,20.0,0.0038195543578796844,0.02160478416920084,NON_FRAGILE
284.0,42.0,40.0,30.0,5.0,0.0009127640414341442,0.015824407841565257,0.053543577853988555,0.06556425987989872,-0.11601019533492953,1339,0.14365224976156524,0.3741598207617625,1.1169030244150613,5,-0.10730959409135903,20.0,0.0038195543578796844,0.02160478416920084,NON_FRAGILE
284.0,42.0,40.0,30.0,10.0,0.0009127640414341442,0.015824407841565257,0.053543577853988555,0.06556425987989872,-0.04682749689797098,660,0.14365224976156524,0.4121212121212121,1.1229298567030743,5,-0.10730959409135903,20.0,0.0038195543578796844,0.02160478416920084,NON_FRAGILE
284.0,42.0,50.0,10.0,3.0,-0.006933788077551073,0.015379164889918164,0.0917346191831051,-0.444732428657155,-0.20139566452222135,2170,0.14488300375496735,0.3400921658986175,1.149233326164878,5,-0.8171073175540953,20.0,-0.00658814847357081,0.019529912385779717,FRAGILE
284.0,42.0,50.0,10.0,5.0,-0.006933788077551073,0.015379164889918164,0.0917346191831051,-0.444732428657155,nan,1248,0.14488300375496735,0.38461538461538464,1.2718110290923312,5,-0.8171073175540953,20.0,-0.00658814847357081,0.019529912385779717,FRAGILE
284.0,42.0,50.0,10.0,10.0,-0.006933788077551073,0.015379164889918164,0.0917346191831051,-0.444732428657155,-0.01717704545538654,602,0.14488300375496735,0.43853820598006643,1.1711727233113938,5,-0.8171073175540953,20.0,-0.00658814847357081,0.019529912385779717,FRAGILE
284.0,42.0,50.0,15.0,3.0,-0.004755410009776195,0.01489976313276129,0.09190126030895307,-0.3124704176532948,-0.19076784490095852,2106,0.1382577137325189,0.3352326685660019,1.182104020309657,5,-0.44348683754956897,20.0,-0.0008714902228579957,0.0212652386701133,FRAGILE
284.0,42.0,50.0,15.0,5.0,-0.004755410009776195,0.01489976313276129,0.09190126030895307,-0.3124704176532948,-0.08052564986632232,1227,0.1382577137325189,0.3822330888345558,1.2045844392938594,5,-0.44348683754956897,20.0,-0.0008714902228579957,0.0212652386701133,FRAGILE
284.0,42.0,50.0,15.0,10.0,-0.004755410009776195,0.01489976313276129,0.09190126030895307,-0.3124704176532948,-0.009822314350854717,609,0.1382577137325189,0.4187192118226601,1.3180955703244472,5,-0.44348683754956897,20.0,-0.0008714902228579957,0.0212652386701133,FRAGILE
284.0,42.0,50.0,20.0,3.0,-0.0037688729601902393,0.015112430881083544,0.06691107649861272,-0.2423011276440664,-0.18995838936230489,2114,0.13683413782601944,0.3457899716177862,1.1462567078534889,5,-0.3647547058302204,20.0,0.0006958119464178569,0.01763023069527166,FRAGILE
284.0,42.0,50.0,20.0,5.0,-0.0037688729601902393,0.015112430881083544,0.06691107649861272,-0.2423011276440664,-0.06332466979860324,1290,0.13683413782601944,0.37906976744186044,1.313975299065682,5,-0.3647547058302204,20.0,0.0006958119464178569,0.01763023069527166,FRAGILE
284.0,42.0,50.0,20.0,10.0,-0.0037688729601902393,0.015112430881083544,0.06691107649861272,-0.2423011276440664,-0.013183834613293805,639,0.13683413782601944,0.4241001564945227,1.2705529999797125,5,-0.3647547058302204,20.0,0.0006958119464178569,0.01763023069527166,FRAGILE
284.0,42.0,50.0,25.0,3.0,-0.0026650831512315953,0.015372382987593905,0.058997760480766215,-0.16591416762299732,-0.22612788749805043,2119,0.13705210726020606,0.33836715431807457,1.0605040159985628,5,-0.09227670380761206,40.0,0.0010428549921879693,0.017370886770309804,FRAGILE
284.0,42.0,50.0,25.0,5.0,-0.0026650831512315953,0.015372382987593905,0.058997760480766215,-0.16591416762299732,-0.10366429657765462,1276,0.13705210726020606,0.38009404388714735,1.14247811364561,5,-0.09227670380761206,40.0,0.0010428549921879693,0.017370886770309804,FRAGILE
284.0,42.0,50.0,25.0,10.0,-0.0026650831512315953,0.015372382987593905,0.058997760480766215,-0.16591416762299732,-0.012035731459694415,618,0.13705210726020606,0.4255663430420712,1.2698701195447357,5,-0.09227670380761206,40.0,0.0010428549921879693,0.017370886770309804,FRAGILE
284.0,42.0,50.0,30.0,3.0,0.0012101752452238212,0.015980168861283145,0.05430991361018234,0.08367135815325635,-0.21849134866719305,2210,0.14578889201317508,0.3389140271493213,1.085255176755195,5,-0.0904171659819249,20.0,0.004127818492141744,0.02211300826524888,NON_FRAGILE
284.0,42.0,50.0,30.0,5.0,0.0012101752452238212,0.015980168861283145,0.05430991361018234,0.08367135815325635,-0.1131018958589618,1335,0.14578889201317508,0.37378277153558054,1.1286044846227288,5,-0.0904171659819249,20.0,0.004127818492141744,0.02211300826524888,NON_FRAGILE
284.0,42.0,50.0,30.0,10.0,0.0012101752452238212,0.015980168861283145,0.05430991361018234,0.08367135815325635,-0.042962309870950725,657,0.14578889201317508,0.410958904109589,1.1543266163758448,5,-0.0904171659819249,20.0,0.004127818492141744,0.02211300826524888,NON_FRAGILE
284.0,42.0,60.0,10.0,3.0,-0.00706862390091334,0.01578227928516363,0.09288434473183549,-0.441578242379177,-0.20120857946151835,2164,0.1465942072343874,0.33964879852125696,1.1462582706528361,5,-0.8228061036382052,20.0,-0.006668646442237125,0.020221037572193037,FRAGILE
284.0,42.0,60.0,10.0,5.0,-0.00706862390091334,0.01578227928516363,0.09288434473183549,-0.441578242379177,nan,1244,0.1465942072343874,0.3842443729903537,1.2703458637808631,5,-0.8228061036382052,20.0,-0.006668646442237125,0.020221037572193037,FRAGILE
284.0,42.0,60.0,10.0,10.0,-0.00706862390091334,0.01578227928516363,0.09288434473183549,-0.441578242379177,-0.016102276852100753,601,0.1465942072343874,0.43926788685524126,1.1738751341578595,5,-0.8228061036382052,20.0,-0.006668646442237125,0.020221037572193037,FRAGILE
284.0,42.0,60.0,15.0,3.0,-0.004666175460550814,0.01532608269190801,0.09211073007029813,-0.2975082477472558,-0.19175209502545176,2101,0.1401823588458199,0.33460257020466444,1.1770106054047789,5,-0.4400167444562804,40.0,-0.000678438266704684,0.021869877099614653,FRAGILE
284.0,42.0,60.0,15.0,5.0,-0.004666175460550814,0.01532608269190801,0.09211073007029813,-0.2975082477472558,-0.07987826329049097,1223,0.1401823588458199,0.38184791496320525,1.1997921575784236,5,-0.4400167444562804,40.0,-0.000678438266704684,0.021869877099614653,FRAGILE
284.0,42.0,60.0,15.0,10.0,-0.004666175460550814,0.01532608269190801,0.09211073007029813,-0.2975082477472558,-0.009236493679469687,608,0.1401823588458199,0.4194078947368421,1.3182265066503271,5,-0.4400167444562804,40.0,-0.000678438266704684,0.021869877099614653,FRAGILE
284.0,42.0,60.0,20.0,3.0,-0.003775713407994874,0.015441505868255769,0.0677579757264255,-0.2372565316938075,-0.19118076925675792,2109,0.13872422701275136,0.3451872925557136,1.140095682494875,5,-0.3563280328092827,20.0,0.0008787324157341958,0.01820382683774374,FRAGILE
284.0,42.0,60.0,20.0,5.0,-0.003775713407994874,0.015441505868255769,0.0677579757264255,-0.2372565316938075,-0.06262997189647951,1286,0.13872422701275136,0.37947122861586313,1.3109013592669005,5,-0.3563280328092827,20.0,0.0008787324157341958,0.01820382683774374,FRAGILE
284.0,42.0,60.0,20.0,10.0,-0.003775713407994874,0.015441505868255769,0.0677579757264255,-0.2372565316938075,-0.012240379358287978,638,0.13872422701275136,0.42476489028213166,1.2727725000044576,5,-0.3563280328092827,20.0,0.0008787324157341958,0.01820382683774374,FRAGILE
284.0,42.0,60.0,25.0,3.0,-0.002667482019724998,0.01569838366722151,0.05974686167659937,-0.16229931962566577,-0.2254105356933764,2114,0.1390068703221141,0.3382213812677389,1.0598923905412627,5,-0.10643982187785865,40.0,0.0012380206156938022,0.018196751108020392,FRAGILE
284.0,42.0,60.0,25.0,5.0,-0.002667482019724998,0.01569838366722151,0.05974686167659937,-0.16229931962566577,-0.10362841538498038,1272,0.1390068703221141,0.3805031446540881,1.1353203272431203,5,-0.10643982187785865,40.0,0.0012380206156938022,0.018196751108020392,FRAGILE
284.0,42.0,60.0,25.0,10.0,-0.002667482019724998,0.01569838366722151,0.05974686167659937,-0.16229931962566577,-0.011120903047741935,617,0.1390068703221141,0.42625607779578606,1.271906364203324,5,-0.10643982187785865,40.0,0.0012380206156938022,0.018196751108020392,FRAGILE
284.0,42.0,60.0,30.0,3.0,0.0012638894022103386,0.01632595978723742,0.055027162766458804,0.08552720763908064,-0.21898590328541606,2205,0.14786624223648753,0.3383219954648526,1.0758877422193,5,-0.10844421174585506,20.0,0.0042128925944681095,0.02275526332727359,NON_FRAGILE
284.0,42.0,60.0,30.0,5.0,0.0012638894022103386,0.01632595978723742,0.055027162766458804,0.08552720763908064,-0.11365544233395712,1331,0.14786624223648753,0.37340345604808417,1.121758948557405,5,-0.10844421174585506,20.0,0.0042128925944681095,0.02275526332727359,NON_FRAGILE
284.0,42.0,60.0,30.0,10.0,0.0012638894022103386,0.01632595978723742,0.055027162766458804,0.08552720763908064,-0.04235777070872025,656,0.14786624223648753,0.4115853658536585,1.1542492679981515,5,-0.10844421174585506,20.0,0.0042128925944681095,0.02275526332727359,NON_FRAGILE
284.0,42.0,70.0,10.0,3.0,-0.006973073922478701,0.01585696372593546,0.09403169403224176,-0.43335584122910165,-0.19797868513188405,2159,0.14824668195636845,0.33858267716535434,1.1688948719300063,5,-0.8064396397125904,20.0,-0.006359674176987818,0.021323454223617148,FRAGILE
284.0,42.0,70.0,10.0,5.0,-0.006973073922478701,0.01585696372593546,0.09403169403224176,-0.43335584122910165,nan,1241,0.14824668195636845,0.3835616438356164,1.299086457125157,5,-0.8064396397125904,20.0,-0.006359674176987818,0.021323454223617148,FRAGILE
284.0,42.0,70.0,10.0,10.0,-0.006973073922478701,0.01585696372593546,0.09403169403224176,-0.43335584122910165,-0.013671737324493392,600,0.14824668195636845,0.43833333333333335,1.1953995023955337,5,-0.8064396397125904,20.0,-0.006359674176987818,0.021323454223617148,FRAGILE
284.0,42.0,70.0,15.0,3.0,-0.004408106012747215,0.015439584905132793,0.09236108331217197,-0.2784176227066897,-0.1889301432619508,2096,0.14207814552960174,0.33349236641221375,1.1960301190756564,5,-0.4120411449104595,20.0,-0.00013001697225565323,0.02292369630345502,FRAGILE
284.0,42.0,70.0,15.0,5.0,-0.004408106012747215,0.015439584905132793,0.09236108331217197,-0.2784176227066897,-0.07547069617896614,1220,0.14207814552960174,0.38114754098360654,1.230478818784655,5,-0.4120411449104595,20.0,-0.00013001697225565323,0.02292369630345502,FRAGILE
284.0,42.0,70.0,15.0,10.0,-0.004408106012747215,0.015439584905132793,0.09236108331217197,-0.2784176227066897,-0.006380880051303446,607,0.14207814552960174,0.4184514003294893,1.3447559327593983,5,-0.4120411449104595,20.0,-0.00013001697225565323,0.02292369630345502,FRAGILE
284.0,42.0,70.0,20.0,3.0,-0.0034214822771869713,0.015571798805044161,0.06735182591148647,-0.2123118449181787,-0.18752019384223104,2104,0.14047130841769476,0.344106463878327,1.1600949121294417,5,-0.31278707199300804,20.0,0.001572037903984591,0.01932547364836316,FRAGILE
284.0,42.0,70.0,20.0,5.0,-0.0034214822771869713,0.015571798805044161,0.06735182591148647,-0.2123118449181787,-0.058929783541918745,1284,0.14047130841769476,0.37850467289719625,1.3388441960761004,5,-0.31278707199300804,20.0,0.001572037903984591,0.01932547364836316,FRAGILE
284.0,42.0,70.0,20.0,10.0,-0.0034214822771869713,0.015571798805044161,0.06735182591148647,-0.2123118449181787,-0.008747032207803018,637,0.14047130841769476,0.423861852433281,1.3017992286407734,5,-0.31278707199300804,20.0,0.001572037903984591,0.01932547364836316,FRAGILE
284.0,42.0,70.0,25.0,3.0,-0.002298708801070304,0.015794911011920806,0.05908238039323355,-0.1378060523455085,-0.22330815203171916,2111,0.14066670872039705,0.33728090952155376,1.0799035598903213,5,-0.07388615328033238,40.0,0.0019056480292518163,0.019213385022491283,FRAGILE
284.0,42.0,70.0,25.0,5.0,-0.002298708801070304,0.015794911011920806,0.05908238039323355,-0.1378060523455085,-0.10103841185384198,1270,0.14066670872039705,0.3795275590551181,1.156748425928407,5,-0.07388615328033238,40.0,0.0019056480292518163,0.019213385022491283,FRAGILE
284.0,42.0,70.0,25.0,10.0,-0.002298708801070304,0.015794911011920806,0.05908238039323355,-0.1378060523455085,-0.00902018773693532,616,0.14066670872039705,0.4253246753246753,1.291948973112477,5,-0.07388615328033238,40.0,0.0019056480292518163,0.019213385022491283,FRAGILE
284.0,42.0,70.0,30.0,3.0,0.0015644546504265389,0.01640608732547572,0.055148009764974804,0.10348379512898213,-0.21717305582713714,2202,0.14957548820860317,0.3374205267938238,1.0951314239007466,5,-0.08065464537175464,20.0,0.004789412897943856,0.0239766193238146,NON_FRAGILE
284.0,42.0,70.0,30.0,5.0,0.0015644546504265389,0.01640608732547572,0.055148009764974804,0.10348379512898213,-0.1106267421737862,1329,0.14957548820860317,0.3724604966139955,1.1466190821948734,5,-0.08065464537175464,20.0,0.004789412897943856,0.0239766193238146,NON_FRAGILE
284.0,42.0,70.0,30.0,10.0,0.0015644546504265389,0.01640608732547572,0.055148009764974804,0.10348379512898213,-0.03963226053636635,655,0.14957548820860317,0.41068702290076337,1.180466439976116,5,-0.08065464537175464,20.0,0.004789412897943856,0.0239766193238146,NON_FRAGILE
284.0,42.0,80.0,10.0,3.0,-0.006538210043902981,0.016035188466085114,0.09364071763584791,-0.4010596987180779,-0.19713591883231849,2158,0.1498211542484079,0.3387395736793327,1.1764849848664027,5,-0.7597429510342495,20.0,-0.005459651516278074,0.0226914014064442,FRAGILE
284.0,42.0,80.0,10.0,5.0,-0.006538210043902981,0.016035188466085114,0.09364071763584791,-0.4010596987180779,nan,1239,0.1498211542484079,0.3817594834543987,1.3405910413070063,5,-0.7597429510342495,20.0,-0.005459651516278074,0.0226914014064442,FRAGILE
284.0,42.0,80.0,10.0,10.0,-0.006538210043902981,0.016035188466085114,0.09364071763584791,-0.4010596987180779,-0.014095165320311156,600,0.1498211542484079,0.43833333333333335,1.1951984147778063,5,-0.7597429510342495,20.0,-0.005459651516278074,0.0226914014064442,FRAGILE
284.0,42.0,80.0,15.0,3.0,-0.0039398905630231296,0.015643658043722843,0.0922405959085667,-0.24452874358222246,-0.1868966867306382,2094,0.14371155344870112,0.3333333333333333,1.2113838492741995,5,-0.36388954992072875,20.0,0.0008791115471949995,0.024439310682304326,FRAGILE
284.0,42.0,80.0,15.0,5.0,-0.0039398905630231296,0.015643658043722843,0.0922405959085667,-0.24452874358222246,-0.07032315842521267,1218,0.14371155344870112,0.3793103448275862,1.2747597139914963,5,-0.36388954992072875,20.0,0.0008791115471949995,0.024439310682304326,FRAGILE
284.0,42.0,80.0,15.0,10.0,-0.0039398905630231296,0.015643658043722843,0.0922405959085667,-0.24452874358222246,-0.005960924313070784,607,0.14371155344870112,0.4184514003294893,1.3489977168542893,5,-0.36388954992072875,20.0,0.0008791115471949995,0.024439310682304326,FRAGILE
284.0,42.0,80.0,20.0,3.0,-0.0029663937509708527,0.01582197006723372,0.06710913692185516,-0.1798526695527558,-0.18365529155609162,2100,0.1421004383738351,0.3438095238095238,1.1766203927495813,5,-0.2530865079358111,20.0,0.002665048943365278,0.02089189070748191,FRAGILE
284.0,42.0,80.0,20.0,5.0,-0.0029663937509708527,0.01582197006723372,0.06710913692185516,-0.1798526695527558,-0.0540639284735832,1281,0.1421004383738351,0.37782982045277125,1.37027878453929,5,-0.2530865079358111,20.0,0.002665048943365278,0.02089189070748191,FRAGILE
284.0,42.0,80.0,20.0,10.0,-0.0029663937509708527,0.01582197006723372,0.06710913692185516,-0.1798526695527558,-0.00871040346606691,636,0.1421004383738351,0.42452830188679247,1.2991717710305046,5,-0.2530865079358111,20.0,0.002665048943365278,0.02089189070748191,FRAGILE
284.0,42.0,80.0,25.0,3.0,-0.001818423759475274,0.0160175176900828,0.05851806349420441,-0.10562403950573487,-0.21987832095774373,2107,0.14236872753039895,0.3369719981015662,1.097968228373245,5,-0.018879016558908022,40.0,0.002995510517205413,0.020550403953040128,FRAGILE
284.0,42.0,80.0,25.0,5.0,-0.001818423759475274,0.0160175176900828,0.05851806349420441,-0.10562403950573487,-0.09718591452552766,1268,0.14236872753039895,0.3785488958990536,1.1848330800928613,5,-0.018879016558908022,40.0,0.002995510517205413,0.020550403953040128,FRAGILE
284.0,42.0,80.0,25.0,10.0,-0.001818423759475274,0.0160175176900828,0.05851806349420441,-0.10562403950573487,-0.011104012352391173,616,0.14236872753039895,0.4253246753246753,1.2793551812790585,5,-0.018879016558908022,40.0,0.002995510517205413,0.020550403953040128,FRAGILE
284.0,42.0,80.0,30.0,3.0,0.0021612414518579204,0.016619324495727894,0.05404072504222024,0.13820982981247212,-0.2135941415589244,2199,0.151138742881202,0.33742610277398816,1.1118567153893404,5,-0.015831502904489776,20.0,0.006073607125857849,0.025475027209115098,NON_FRAGILE
284.0,42.0,80.0,30.0,5.0,0.0021612414518579204,0.016619324495727894,0.05404072504222024,0.13820982981247212,-0.10629753865568484,1328,0.151138742881202,0.37198795180722893,1.1748265377615796,5,-0.015831502904489776,20.0,0.006073607125857849,0.025475027209115098,NON_FRAGILE
284.0,42.0,80.0,30.0,10.0,0.0021612414518579204,0.016619324495727894,0.05404072504222024,0.13820982981247212,-0.04132510203034136,655,0.151138742881202,0.41068702290076337,1.1727284436334577,5,-0.015831502904489776,20.0,0.006073607125857849,0.025475027209115098,NON_FRAGILE
284.0,63.0,40.0,10.0,3.0,-0.007549843009125867,0.015388312735310047,0.09486852442885751,-0.4847834667210465,-0.20819690888856907,2176,0.14247093108521333,0.3414522058823529,1.113612639606831,5,-0.8809728283309305,20.0,-0.007909211307707942,0.019794317953483066,FRAGILE
284.0,63.0,40.0,10.0,5.0,-0.007549843009125867,0.015388312735310047,0.09486852442885751,-0.4847834667210465,nan,1250,0.14247093108521333,0.3864,1.1894795073341664,5,-0.8809728283309305,20.0,-0.007909211307707942,0.019794317953483066,FRAGILE
284.0,63.0,40.0,10.0,10.0,-0.007549843009125867,0.015388312735310047,0.09486852442885751,-0.4847834667210465,-0.03307605366254403,605,0.14247093108521333,0.428099173553719,1.1212982691930355,5,-0.8809728283309305,20.0,-0.007909211307707942,0.019794317953483066,FRAGILE
284.0,63.0,40.0,15.0,3.0,-0.004817526325240573,0.014882897769455379,0.08967988108954417,-0.3170349515209905,-0.18228530532766515,2114,0.13594401534839912,0.34531693472090824,1.1399944451531752,5,-0.4668210263205447,40.0,-0.002072689752327039,0.021167125242567576,FRAGILE
284.0,63.0,40.0,15.0,5.0,-0.004817526325240573,0.014882897769455379,0.08967988108954417,-0.3170349515209905,-0.08799525656060599,1230,0.13594401534839912,0.3861788617886179,1.1423985234782825,5,-0.4668210263205447,40.0,-0.002072689752327039,0.021167125242567576,FRAGILE
284.0,63.0,40.0,15.0,10.0,-0.004817526325240573,0.014882897769455379,0.08967988108954417,-0.3170349515209905,-0.007571851059842456,612,0.13594401534839912,0.42810457516339867,1.2827288358813527,5,-0.4668210263205447,40.0,-0.002072689752327039,0.021167125242567576,FRAGILE
284.0,63.0,40.0,20.0,3.0,-0.0027882264443511717,0.014892065112928477,0.05621655143735116,-0.18004212171204212,-0.18265509803486393,2123,0.13448031829177992,0.35280263777673104,1.1187530848519693,5,-0.2834276134756211,20.0,0.0007780796640886933,0.014991463902972787,FRAGILE
284.0,63.0,40.0,20.0,5.0,-0.0027882264443511717,0.014892065112928477,0.05621655143735116,-0.18004212171204212,-0.06108880575071377,1294,0.13448031829177992,0.3902627511591963,1.255918912765174,5,-0.2834276134756211,20.0,0.0007780796640886933,0.014991463902972787,FRAGILE
284.0,63.0,40.0,20.0,10.0,-0.0027882264443511717,0.014892065112928477,0.05621655143735116,-0.18004212171204212,-0.01074587762066883,641,0.13448031829177992,0.43369734789391573,1.2357154506300692,5,-0.2834276134756211,20.0,0.0007780796640886933,0.014991463902972787,FRAGILE
284.0,63.0,40.0,25.0,3.0,-0.001950956637018053,0.015172895260484471,0.04872489097548971,-0.12112112521667392,-0.20834881038972458,2126,0.134476928961916,0.3494825964252117,1.0479722038216142,5,-0.09279974678642203,40.0,0.000584973700714042,0.01495510033121662,FRAGILE
284.0,63.0,40.0,25.0,5.0,-0.001950956637018053,0.015172895260484471,0.04872489097548971,-0.12112112521667392,-0.10169225130515343,1279,0.134476928961916,0.39014855355746675,1.0890777969305663,5,-0.09279974678642203,40.0,0.000584973700714042,0.01495510033121662,FRAGILE
284.0,63.0,40.0,25.0,10.0,-0.001950956637018053,0.015172895260484471,0.04872489097548971,-0.12112112521667392,-0.011179029135251957,620,0.134476928961916,0.4306451612903226,1.2475251231232731,5,-0.09279974678642203,40.0,0.000584973700714042,0.01495510033121662,FRAGILE
284.0,63.0,40.0,30.0,3.0,0.002454238561977462,0.01585831255215257,0.042255313757132096,0.1624980352642572,-0.19844022872010952,2219,0.14324821540112703,0.34925642181162686,1.0847064833780349,5,-0.03511844021462627,20.0,0.004393677516168681,0.01990815349194579,NON_FRAGILE
284.0,63.0,40.0,30.0,5.0,0.002454238561977462,0.01585831255215257,0.042255313757132096,0.1624980352642572,-0.09854783022714403,1339,0.14324821540112703,0.38685586258401794,1.1182751409411242,5,-0.03511844021462627,20.0,0.004393677516168681,0.01990815349194579,NON_FRAGILE
284.0,63.0,40.0,30.0,10.0,0.002454238561977462,0.01585831255215257,0.042255313757132096,0.1624980352642572,-0.0402429570566834,660,0.14324821540112703,0.4166666666666667,1.1396362042547858,5,-0.03511844021462627,20.0,0.004393677516168681,0.01990815349194579,NON_FRAGILE
284.0,63.0,50.0,10.0,3.0,-0.007387250295371239,0.015606917961346577,0.09551872232349001,-0.4672797384987985,-0.20781968193345587,2169,0.14492221772982944,0.34117104656523745,1.124828821207062,5,-0.8549696418620532,20.0,-0.007639150321516963,0.02003673641188829,FRAGILE
284.0,63.0,50.0,10.0,5.0,-0.007387250295371239,0.015606917961346577,0.09551872232349001,-0.4672797384987985,nan,1248,0.14492221772982944,0.3854166666666667,1.20992158224951,5,-0.8549696418620532,20.0,-0.007639150321516963,0.02003673641188829,FRAGILE
284.0,63.0,50.0,10.0,10.0,-0.007387250295371239,0.015606917961346577,0.09551872232349001,-0.4672797384987985,-0.030901486528234517,602,0.14492221772982944,0.42857142857142855,1.1363155299779144,5,-0.8549696418620532,20.0,-0.007639150321516963,0.02003673641188829,FRAGILE
284.0,63.0,50.0,15.0,3.0,-0.004586850782387186,0.01510521450290388,0.09033308260259931,-0.2968047664810167,-0.1828001664008298,2106,0.13821002754888165,0.3452041785375119,1.15108237669142,5,-0.44396695872569547,40.0,-0.001717276304486859,0.021435816503007306,FRAGILE
284.0,63.0,50.0,15.0,5.0,-0.004586850782387186,0.01510521450290388,0.09033308260259931,-0.2968047664810167,-0.0854509837441643,1227,0.13821002754888165,0.3854930725346373,1.1641053264286279,5,-0.44396695872569547,40.0,-0.001717276304486859,0.021435816503007306,FRAGILE
284.0,63.0,50.0,15.0,10.0,-0.004586850782387186,0.01510521450290388,0.09033308260259931,-0.2968047664810167,-0.005404220135674273,609,0.13821002754888165,0.42857142857142855,1.2961032895466869,5,-0.44396695872569547,40.0,-0.001717276304486859,0.021435816503007306,FRAGILE
284.0,63.0,50.0,20.0,3.0,-0.0026739932171587766,0.015005244655851919,0.057335994405319,-0.17093777607760322,-0.1829429270318423,2114,0.1366490473865022,0.35288552507095555,1.1268383796809052,5,-0.2786605965507748,20.0,0.0009147241423723251,0.015414324461056079,FRAGILE
284.0,63.0,50.0,20.0,5.0,-0.0026739932171587766,0.015005244655851919,0.057335994405319,-0.17093777607760322,-0.05758042088520219,1290,0.1366490473865022,0.38992248062015505,1.2756934465078817,5,-0.2786605965507748,20.0,0.0009147241423723251,0.015414324461056079,FRAGILE
284.0,63.0,50.0,20.0,10.0,-0.0026739932171587766,0.015005244655851919,0.057335994405319,-0.17093777607760322,-0.00833070557335843,639,0.1366490473865022,0.433489827856025,1.2531899547629963,5,-0.2786605965507748,20.0,0.0009147241423723251,0.015414324461056079,FRAGILE
284.0,63.0,50.0,25.0,3.0,-0.0016617916396254317,0.01533497470164415,0.05010467051832024,-0.1007897828321649,-0.20871631155235632,2119,0.13666847253301972,0.3492213308164228,1.0556170802892604,5,-0.06948395324008935,40.0,0.0009997962902704716,0.015400409050284787,FRAGILE
284.0,63.0,50.0,25.0,5.0,-0.0016617916396254317,0.01533497470164415,0.05010467051832024,-0.1007897828321649,-0.09834729413574812,1276,0.13666847253301972,0.3894984326018809,1.1122250017493798,5,-0.06948395324008935,40.0,0.0009997962902704716,0.015400409050284787,FRAGILE
284.0,63.0,50.0,25.0,10.0,-0.0016617916396254317,0.01533497470164415,0.05010467051832024,-0.1007897828321649,-0.008673248273305742,618,0.13666847253301972,0.43042071197411,1.2660562767919552,5,-0.06948395324008935,40.0,0.0009997962902704716,0.015400409050284787,FRAGILE
284.0,63.0,50.0,30.0,3.0,0.0026030256689741904,0.01598424149033253,0.0441732246305333,0.170627793821759,-0.19850650758264368,2210,0.14536665153831974,0.34932126696832577,1.0902589962255298,5,-0.031011895202660077,20.0,0.0045239856278529444,0.02032602672144999,NON_FRAGILE
284.0,63.0,50.0,30.0,5.0,0.0026030256689741904,0.01598424149033253,0.0441732246305333,0.170627793821759,-0.09547648940626711,1335,0.14536665153831974,0.3865168539325843,1.1296969026690524,5,-0.031011895202660077,20.0,0.0045239856278529444,0.02032602672144999,NON_FRAGILE
284.0,63.0,50.0,30.0,10.0,0.0026030256689741904,0.01598424149033253,0.0441732246305333,0.170627793821759,-0.03734718471533492,657,0.14536665153831974,0.4155251141552511,1.1652798587837991,5,-0.031011895202660077,20.0,0.0045239856278529444,0.02032602672144999,NON_FRAGILE
284.0,63.0,60.0,10.0,3.0,-0.007344497183704335,0.015907894547142726,0.0952232199448182,-0.4554329351975755,-0.20643403168567276,2163,0.14654742515238342,0.3407304669440592,1.1245358174856956,5,-0.8447615739760896,20.0,-0.007373148658963613,0.0204879753425944,FRAGILE
284.0,63.0,60.0,10.0,5.0,-0.007344497183704335,0.015907894547142726,0.0952232199448182,-0.4554329351975755,nan,1244,0.14654742515238342,0.385048231511254,1.206720114912298,5,-0.8447615739760896,20.0,-0.007373148658963613,0.0204879753425944,FRAGILE
284.0,63.0,60.0,10.0,10.0,-0.007344497183704335,0.015907894547142726,0.0952232199448182,-0.4554329351975755,-0.029202127956188945,601,0.14654742515238342,0.4292845257903494,1.142280688587626,5,-0.8447615739760896,20.0,-0.007373148658963613,0.0204879753425944,FRAGILE
284.0,63.0,60.0,15.0,3.0,-0.004406883803040329,0.015434345784635616,0.08944794666814371,-0.2784370289362482,-0.1825605465372103,2101,0.1400704210590042,0.34459781056639693,1.149457438833429,5,-0.4241901988404583,40.0,-0.0012552477108498828,0.021796352539553226,FRAGILE
284.0,63.0,60.0,15.0,5.0,-0.004406883803040329,0.015434345784635616,0.08944794666814371,-0.2784370289362482,-0.08441001801325888,1223,0.1400704210590042,0.3851185609157809,1.1605348255939036,5,-0.4241901988404583,40.0,-0.0012552477108498828,0.021796352539553226,FRAGILE
284.0,63.0,60.0,15.0,10.0,-0.004406883803040329,0.015434345784635616,0.08944794666814371,-0.2784370289362482,-0.0038804621274506463,608,0.1400704210590042,0.4292763157894737,1.3026430883379534,5,-0.4241901988404583,40.0,-0.0012552477108498828,0.021796352539553226,FRAGILE
284.0,63.0,60.0,20.0,3.0,-0.0026270026563496307,0.015307659664398489,0.0571361047033051,-0.16418337905402702,-0.183678578061954,2109,0.13851220348636586,0.35229966808914176,1.1217718362585811,5,-0.2532633302570194,20.0,0.0012772795773287715,0.015846898403195038,FRAGILE
284.0,63.0,60.0,20.0,5.0,-0.0026270026563496307,0.015307659664398489,0.0571361047033051,-0.16418337905402702,-0.05672480266894051,1286,0.13851220348636586,0.39035769828926903,1.2736030127974092,5,-0.2532633302570194,20.0,0.0012772795773287715,0.015846898403195038,FRAGILE
284.0,63.0,60.0,20.0,10.0,-0.0026270026563496307,0.015307659664398489,0.0571361047033051,-0.16418337905402702,-0.0065382410116038795,638,0.13851220348636586,0.4341692789968652,1.2608542568850707,5,-0.2532633302570194,20.0,0.0012772795773287715,0.015846898403195038,FRAGILE
284.0,63.0,60.0,25.0,3.0,-0.0015686814697968288,0.015622397700215696,0.0504956500599405,-0.09268097064279385,-0.20758756566704908,2114,0.13854309915752283,0.3491012298959319,1.055750454021239,5,-0.0684814732487871,40.0,0.0013584377354008748,0.016071788386597282,FRAGILE
284.0,63.0,60.0,25.0,5.0,-0.0015686814697968288,0.015622397700215696,0.0504956500599405,-0.09268097064279385,-0.09788857128781027,1272,0.13854309915752283,0.389937106918239,1.1065630762786935,5,-0.0684814732487871,40.0,0.0013584377354008748,0.016071788386597282,FRAGILE
284.0,63.0,60.0,25.0,10.0,-0.0015686814697968288,0.015622397700215696,0.0504956500599405,-0.09268097064279385,-0.007017689970841817,617,0.13854309915752283,0.43111831442463533,1.2729747031383831,5,-0.0684814732487871,40.0,0.0013584377354008748,0.016071788386597282,FRAGILE
284.0,63.0,60.0,30.0,3.0,0.002703776146286474,0.01624787576338106,0.044077825301558016,0.17430536782335296,-0.19829661694192646,2205,0.14732694476020328,0.3487528344671202,1.0830363169382071,5,-0.027822864954060195,20.0,0.004840439941107033,0.020774442508423484,NON_FRAGILE
284.0,63.0,60.0,30.0,5.0,0.002703776146286474,0.01624787576338106,0.044077825301558016,0.17430536782335296,-0.09500379497536506,1331,0.14732694476020328,0.386175807663411,1.1271441372918867,5,-0.027822864954060195,20.0,0.004840439941107033,0.020774442508423484,NON_FRAGILE
284.0,63.0,60.0,30.0,10.0,0.002703776146286474,0.01624787576338106,0.044077825301558016,0.17430536782335296,-0.0353239065370212,656,0.14732694476020328,0.41615853658536583,1.1733520041930854,5,-0.027822864954060195,20.0,0.004840439941107033,0.020774442508423484,NON_FRAGILE
284.0,63.0,70.0,10.0,3.0,-0.0072714289863329284,0.016009248296047034,0.09639424474740921,-0.4478511635619242,-0.20487418068403324,2158,0.1483177848129228,0.3396663577386469,1.1425431746151689,5,-0.8281513687517335,20.0,-0.007110521257310554,0.021658365351404658,FRAGILE
284.0,63.0,70.0,10.0,5.0,-0.0072714289863329284,0.016009248296047034,0.09639424474740921,-0.4478511635619242,nan,1241,0.1483177848129228,0.3843674456083803,1.228962721527959,5,-0.8281513687517335,20.0,-0.007110521257310554,0.021658365351404658,FRAGILE
284.0,63.0,70.0,10.0,10.0,-0.0072714289863329284,0.016009248296047034,0.09639424474740921,-0.4478511635619242,-0.02740416626693425,600,0.1483177848129228,0.42833333333333334,1.1614920424794546,5,-0.8281513687517335,20.0,-0.007110521257310554,0.021658365351404658,FRAGILE
284.0,63.0,70.0,15.0,3.0,-0.004124283017328145,0.015561453994012568,0.08946878804017822,-0.25779866910557453,-0.18084459890692892,2096,0.14205607014016777,0.3435114503816794,1.1644285858461307,5,-0.39413612219361277,40.0,-0.0007164639640215853,0.022788065399699572,FRAGILE
284.0,63.0,70.0,15.0,5.0,-0.004124283017328145,0.015561453994012568,0.08946878804017822,-0.25779866910557453,-0.0813816622470326,1220,0.14205607014016777,0.3844262295081967,1.1847618850372044,5,-0.39413612219361277,40.0,-0.0007164639640215853,0.022788065399699572,FRAGILE
284.0,63.0,70.0,15.0,10.0,-0.004124283017328145,0.015561453994012568,0.08946878804017822,-0.25779866910557453,-0.001305377911871763,607,0.14205607014016777,0.42833607907743,1.3257212970039112,5,-0.39413612219361277,40.0,-0.0007164639640215853,0.022788065399699572,FRAGILE
284.0,63.0,70.0,20.0,3.0,-0.0023501793298084106,0.0154478664576034,0.05715461426064827,-0.14458961974259707,-0.18139135946705082,2104,0.14033246319654588,0.3512357414448669,1.137415183489769,5,-0.2249218378813011,20.0,0.0017820705983278228,0.017054998596745415,FRAGILE
284.0,63.0,70.0,20.0,5.0,-0.0023501793298084106,0.0154478664576034,0.05715461426064827,-0.14458961974259707,-0.053417609026488594,1284,0.14033246319654588,0.3894080996884735,1.2990662775050907,5,-0.2249218378813011,20.0,0.0017820705983278228,0.017054998596745415,FRAGILE
284.0,63.0,70.0,20.0,10.0,-0.0023501793298084106,0.0154478664576034,0.05715461426064827,-0.14458961974259707,-0.0034790389833399705,637,0.14033246319654588,0.43328100470957615,1.285750206204474,5,-0.2249218378813011,20.0,0.0017820705983278228,0.017054998596745415,FRAGILE
284.0,63.0,70.0,25.0,3.0,-0.0012085404834849545,0.015720424465302273,0.050080139701566884,-0.0690647999594579,-0.20581289848524648,2111,0.14029676593811732,0.3481762198010422,1.0742935401443987,5,-0.03979126423215842,40.0,0.0019502338803739417,0.017100144094737275,FRAGILE
284.0,63.0,70.0,25.0,5.0,-0.0012085404834849545,0.015720424465302273,0.050080139701566884,-0.0690647999594579,-0.09562550122843966,1270,0.14029676593811732,0.3889763779527559,1.1267099030515015,5,-0.03979126423215842,40.0,0.0019502338803739417,0.017100144094737275,FRAGILE
284.0,63.0,70.0,25.0,10.0,-0.0012085404834849545,0.015720424465302273,0.050080139701566884,-0.0690647999594579,-0.005104343072687694,616,0.14029676593811732,0.4301948051948052,1.2912072694464989,5,-0.03979126423215842,40.0,0.0019502338803739417,0.017100144094737275,FRAGILE
284.0,63.0,70.0,30.0,3.0,0.002986725408324453,0.016334783618249627,0.044358350354803955,0.190737368967262,-0.1967511772061117,2202,0.14910416384718,0.3478655767484105,1.100886088009352,5,-0.009677039248498193,20.0,0.005320930276094593,0.022057298843392623,NON_FRAGILE
284.0,63.0,70.0,30.0,5.0,0.002986725408324453,0.016334783618249627,0.044358350354803955,0.190737368967262,-0.09213816805520218,1329,0.14910416384718,0.3852520692249812,1.1508357934442506,5,-0.009677039248498193,20.0,0.005320930276094593,0.022057298843392623,NON_FRAGILE
284.0,63.0,70.0,30.0,10.0,0.002986725408324453,0.016334783618249627,0.044358350354803955,0.190737368967262,-0.03264994180169573,655,0.14910416384718,0.4152671755725191,1.1985859273899642,5,-0.009677039248498193,20.0,0.005320930276094593,0.022057298843392623,NON_FRAGILE
284.0,63.0,80.0,10.0,3.0,-0.006917913579962409,0.0162023258952503,0.09699936269743914,-0.4203489954742559,-0.2042563411092603,2157,0.14986702307145977,0.339823829392675,1.1491949266658743,5,-0.7929064796199,20.0,-0.006354156752222129,0.02318405656950793,FRAGILE
284.0,63.0,80.0,10.0,5.0,-0.006917913579962409,0.0162023258952503,0.09699936269743914,-0.4203489954742559,nan,1239,0.14986702307145977,0.38256658595641646,1.2712420615968285,5,-0.7929064796199,20.0,-0.006354156752222129,0.02318405656950793,FRAGILE
284.0,63.0,80.0,10.0,10.0,-0.006917913579962409,0.0162023258952503,0.09699936269743914,-0.4203489954742559,-0.02763785384487421,600,0.14986702307145977,0.42833333333333334,1.1643076262070169,5,-0.7929064796199,20.0,-0.006354156752222129,0.02318405656950793,FRAGILE
284.0,63.0,80.0,15.0,3.0,-0.003684541367590999,0.015773205625789755,0.08991732959178966,-0.22614039707738218,-0.1785803961634431,2094,0.14365582028711354,0.3433619866284623,1.1794566343302337,5,-0.35553486084328545,40.0,0.00016038006147545136,0.02438587110422956,FRAGILE
284.0,63.0,80.0,15.0,5.0,-0.003684541367590999,0.015773205625789755,0.08991732959178966,-0.22614039707738218,-0.07641855982270294,1218,0.14365582028711354,0.3825944170771757,1.2274000467713992,5,-0.35553486084328545,40.0,0.00016038006147545136,0.02438587110422956,FRAGILE
284.0,63.0,80.0,15.0,10.0,-0.003684541367590999,0.015773205625789755,0.08991732959178966,-0.22614039707738218,-0.0013143648707616157,607,0.14365582028711354,0.42833607907743,1.32592607882439,5,-0.35553486084328545,40.0,0.00016038006147545136,0.02438587110422956,FRAGILE
284.0,63.0,80.0,20.0,3.0,-0.0018932651357873587,0.015694385120390147,0.05726486283172161,-0.11289982317022561,-0.1772991765282928,2100,0.1419520089172974,0.35095238095238096,1.153943275101418,5,-0.17139959002950458,20.0,0.0028096874016396932,0.01872068117141596,FRAGILE
284.0,63.0,80.0,20.0,5.0,-0.0018932651357873587,0.015694385120390147,0.05726486283172161,-0.11289982317022561,-0.04894822831995465,1281,0.1419520089172974,0.38875878220140514,1.3273669286600691,5,-0.17139959002950458,20.0,0.0028096874016396932,0.01872068117141596,FRAGILE
284.0,63.0,80.0,20.0,10.0,-0.0018932651357873587,0.015694385120390147,0.05726486283172161,-0.11289982317022561,-0.003918035670195863,636,0.1419520089172974,0.4339622641509434,1.2796745487894803,5,-0.17139959002950458,20.0,0.0028096874016396932,0.01872068117141596,FRAGILE
284.0,63.0,80.0,25.0,3.0,-0.0007365071893244979,0.015939276698998167,0.049878861370410865,-0.03825669600299653,-0.20226115333580802,2107,0.142022099376436,0.34788799240626483,1.091834159409173,5,0.010912266827296813,40.0,0.0029633295389708937,0.018526996507937363,FRAGILE
284.0,63.0,80.0,25.0,5.0,-0.0007365071893244979,0.015939276698998167,0.049878861370410865,-0.03825669600299653,-0.09231624381582494,1268,0.142022099376436,0.38801261829652994,1.1516039986412216,5,0.010912266827296813,40.0,0.0029633295389708937,0.018526996507937363,FRAGILE
284.0,63.0,80.0,25.0,10.0,-0.0007365071893244979,0.015939276698998167,0.049878861370410865,-0.03825669600299653,-0.007815247281804468,616,0.142022099376436,0.4301948051948052,1.2742825855140592,5,0.010912266827296813,40.0,0.0029633295389708937,0.018526996507937363,FRAGILE
284.0,63.0,80.0,30.0,3.0,0.0035439933190231088,0.016558539438251158,0.04398347998629859,0.22192677302304997,-0.1934322962363926,2199,0.15069652469419315,0.3478854024556617,1.1161191977369564,5,0.04461782674463134,20.0,0.006439466445934805,0.023707260574597603,NON_FRAGILE
284.0,63.0,80.0,30.0,5.0,0.0035439933190231088,0.016558539438251158,0.04398347998629859,0.22192677302304997,-0.08848898529194578,1328,0.15069652469419315,0.38478915662650603,1.1750373311521105,5,0.04461782674463134,20.0,0.006439466445934805,0.023707260574597603,NON_FRAGILE
284.0,63.0,80.0,30.0,10.0,0.0035439933190231088,0.016558539438251158,0.04398347998629859,0.22192677302304997,-0.035026127678629,655,0.15069652469419315,0.4152671755725191,1.1860215250291637,5,0.04461782674463134,20.0,0.006439466445934805,0.023707260574597603,NON_FRAGILE
315.0,0.0,40.0,10.0,3.0,-0.009368723358263553,0.015161929469835767,0.09344087015659008,-0.6132334139526557,-0.20052813274944284,2106,0.13855334987434648,0.3352326685660019,1.1524925918117177,5,-0.7804287973609956,20.0,-0.00474321139050442,0.019592353803495773,FRAGILE
315.0,0.0,40.0,10.0,5.0,-0.009368723358263553,0.015161929469835767,0.09344087015659008,-0.6132334139526557,nan,1208,0.13855334987434648,0.3791390728476821,1.1787806411603516,5,-0.7804287973609956,20.0,-0.00474321139050442,0.019592353803495773,FRAGILE
315.0,0.0,40.0,10.0,10.0,-0.009368723358263553,0.015161929469835767,0.09344087015659008,-0.6132334139526557,-0.03388085670301512,584,0.13855334987434648,0.4332191780821918,1.0933563792848628,5,-0.7804287973609956,20.0,-0.00474321139050442,0.019592353803495773,FRAGILE
315.0,0.0,40.0,15.0,3.0,-0.0054068895249587134,0.014635223071998448,0.08091914528257071,-0.36312713808406993,-0.17199214230416737,2044,0.13199601063734945,0.3409980430528376,1.183653619738976,5,-0.10514236343923138,60.0,0.003078917296823569,0.018990060169947098,FRAGILE
315.0,0.0,40.0,15.0,5.0,-0.0054068895249587134,0.014635223071998448,0.08091914528257071,-0.36312713808406993,-0.0971292944403768,1188,0.13199601063734945,0.37542087542087543,1.1525772556112013,5,-0.10514236343923138,60.0,0.003078917296823569,0.018990060169947098,FRAGILE
315.0,0.0,40.0,15.0,10.0,-0.0054068895249587134,0.014635223071998448,0.08091914528257071,-0.36312713808406993,-0.025329178260163954,591,0.13199601063734945,0.4196277495769882,1.2049204691857023,5,-0.10514236343923138,60.0,0.003078917296823569,0.018990060169947098,FRAGILE
315.0,0.0,40.0,20.0,3.0,-0.006465891018488268,0.014845799402932914,0.06990176365512935,-0.4295214992543687,-0.19822505215671887,2053,0.13055085609666908,0.3365806137359961,1.1389003671884113,5,-0.4353490804177295,40.0,0.001961859416609357,0.017065567435127778,FRAGILE
315.0,0.0,40.0,20.0,5.0,-0.006465891018488268,0.014845799402932914,0.06990176365512935,-0.4295214992543687,-0.09352856939301472,1252,0.13055085609666908,0.36741214057507987,1.2354649954969943,5,-0.4353490804177295,40.0,0.001961859416609357,0.017065567435127778,FRAGILE
315.0,0.0,40.0,20.0,10.0,-0.006465891018488268,0.014845799402932914,0.06990176365512935,-0.4295214992543687,-0.0381237440680654,620,0.13055085609666908,0.4080645161290323,1.195281010562549,5,-0.4353490804177295,40.0,0.001961859416609357,0.017065567435127778,FRAGILE
315.0,0.0,40.0,25.0,3.0,-0.005998080989051413,0.015046661885036762,0.06427052504594721,-0.3923050487747236,-0.2240138807159701,2056,0.13033747718227578,0.33608949416342415,1.0488723488533733,5,-0.11305272491172454,40.0,0.001161863061861923,0.014561533347391506,FRAGILE
315.0,0.0,40.0,25.0,5.0,-0.005998080989051413,0.015046661885036762,0.06427052504594721,-0.3923050487747236,-0.12288351836901508,1237,0.13033747718227578,0.36782538399353276,1.112900412656133,5,-0.11305272491172454,40.0,0.001161863061861923,0.014561533347391506,FRAGILE
315.0,0.0,40.0,25.0,10.0,-0.005998080989051413,0.015046661885036762,0.06427052504594721,-0.3923050487747236,-0.03636295034333937,599,0.13033747718227578,0.4040066777963272,1.222431664373114,5,-0.11305272491172454,40.0,0.001161863061861923,0.014561533347391506,FRAGILE
315.0,0.0,40.0,30.0,3.0,-0.0013583614801931931,0.015788964815106995,0.06131435519256523,-0.07819896183047649,-0.21145115272477022,2156,0.13947449901169562,0.3344155844155844,1.1125723947887853,5,-0.11407929290252028,40.0,0.005205636415993697,0.02167579195494004,FRAGILE
315.0,0.0,40.0,30.0,5.0,-0.0013583614801931931,0.015788964815106995,0.06131435519256523,-0.07819896183047649,-0.11975213896295009,1304,0.13947449901169562,0.36733128834355827,1.1376608875632053,5,-0.11407929290252028,40.0,0.005205636415993697,0.02167579195494004,FRAGILE
315.0,0.0,40.0,30.0,10.0,-0.0013583614801931931,0.015788964815106995,0.06131435519256523,-0.07819896183047649,-0.06458273509155844,639,0.13947449901169562,0.39280125195618154,1.1127472726518954,5,-0.11407929290252028,40.0,0.005205636415993697,0.02167579195494004,FRAGILE
315.0,0.0,50.0,10.0,3.0,-0.009253014997442022,0.01541758408034863,0.09338908184969719,-0.5952355795633641,-0.19862180156465006,2099,0.14077540803635305,0.33492139113863745,1.16929656557954,5,-0.7268573856073749,20.0,-0.004406520867286079,0.020190717374082335,FRAGILE
315.0,0.0,50.0,10.0,5.0,-0.009253014997442022,0.01541758408034863,0.09338908184969719,-0.5952355795633641,nan,1206,0.14077540803635305,0.3781094527363184,1.1946257556955153,5,-0.7268573856073749,20.0,-0.004406520867286079,0.020190717374082335,FRAGILE
315.0,0.0,50.0,10.0,10.0,-0.009253014997442022,0.01541758408034863,0.09338908184969719,-0.5952355795633641,-0.03115292090316991,581,0.14077540803635305,0.43373493975903615,1.110587244712687,5,-0.7268573856073749,20.0,-0.004406520867286079,0.020190717374082335,FRAGILE
315.0,0.0,50.0,15.0,3.0,-0.005170668200659256,0.014883238866863165,0.08035852189647374,-0.34087390577367355,-0.17055003358971577,2036,0.1340525062964065,0.34086444007858546,1.2014165511994257,5,-0.06561870467407496,60.0,0.003528598156839746,0.019567012775026708,FRAGILE
315.0,0.0,50.0,15.0,5.0,-0.005170668200659256,0.014883238866863165,0.08035852189647374,-0.34087390577367355,-0.09565764899827342,1185,0.1340525062964065,0.37468354430379747,1.171486893427926,5,-0.06561870467407496,60.0,0.003528598156839746,0.019567012775026708,FRAGILE
315.0,0.0,50.0,15.0,10.0,-0.005170668200659256,0.014883238866863165,0.08035852189647374,-0.34087390577367355,-0.021381809254876805,588,0.1340525062964065,0.4200680272108844,1.2318927602061043,5,-0.06561870467407496,60.0,0.003528598156839746,0.019567012775026708,FRAGILE
315.0,0.0,50.0,20.0,3.0,-0.006347950432419758,0.014944547239805353,0.06975632002459087,-0.41864242635762233,-0.19635688431628334,2044,0.13252349046436185,0.33659491193737767,1.155633545613849,5,-0.42994524143252616,40.0,0.0022467428125192645,0.017666905261353172,FRAGILE
315.0,0.0,50.0,20.0,5.0,-0.006347950432419758,0.014944547239805353,0.06975632002459087,-0.41864242635762233,-0.09009913689587401,1248,0.13252349046436185,0.36698717948717946,1.2567537400993887,5,-0.42994524143252616,40.0,0.0022467428125192645,0.017666905261353172,FRAGILE
315.0,0.0,50.0,20.0,10.0,-0.006347950432419758,0.014944547239805353,0.06975632002459087,-0.41864242635762233,-0.033731247623613174,618,0.13252349046436185,0.4077669902912621,1.2274236552028823,5,-0.42994524143252616,40.0,0.0022467428125192645,0.017666905261353172,FRAGILE
315.0,0.0,50.0,25.0,3.0,-0.005654011450187624,0.015204109209118122,0.06384765391186398,-0.3653243177914424,-0.22264666396898197,2049,0.13232893372789092,0.33577354807223037,1.063065641368238,5,-0.08379740315929403,40.0,0.0017468820478990787,0.01518022937631325,FRAGILE
315.0,0.0,50.0,25.0,5.0,-0.005654011450187624,0.015204109209118122,0.06384765391186398,-0.3653243177914424,-0.11993782731977964,1234,0.13232893372789092,0.36709886547811993,1.137655937984312,5,-0.08379740315929403,40.0,0.0017468820478990787,0.01518022937631325,FRAGILE
315.0,0.0,50.0,25.0,10.0,-0.005654011450187624,0.015204109209118122,0.06384765391186398,-0.3653243177914424,-0.032094120551319175,597,0.13232893372789092,0.4036850921273032,1.2548842726894314,5,-0.08379740315929403,40.0,0.0017468820478990787,0.01518022937631325,FRAGILE
315.0,0.0,50.0,30.0,3.0,-0.001225037775470339,0.015911881885857806,0.06243660500915427,-0.06908313046809994,-0.20983963668463979,2147,0.1413988905849945,0.3344201210992082,1.1241594377242217,5,-0.11268086270729213,40.0,0.005402278735626598,0.022383782250540555,FRAGILE
315.0,0.0,50.0,30.0,5.0,-0.001225037775470339,0.015911881885857806,0.06243660500915427,-0.06908313046809994,-0.11736876761231169,1300,0.1413988905849945,0.3669230769230769,1.147146150528963,5,-0.11268086270729213,40.0,0.005402278735626598,0.022383782250540555,FRAGILE
315.0,0.0,50.0,30.0,10.0,-0.001225037775470339,0.015911881885857806,0.06243660500915427,-0.06908313046809994,-0.059339166068862685,636,0.1413988905849945,0.3915094339622642,1.153513200837444,5,-0.11268086270729213,40.0,0.005402278735626598,0.022383782250540555,FRAGILE
315.0,0.0,60.0,10.0,3.0,-0.009444609834184159,0.01575460777126277,0.0952596250847646,-0.5944438324224542,-0.1988183893943757,2093,0.14248714118398448,0.33444816053511706,1.1654668420775898,5,-0.7465554489031445,20.0,-0.004600014998670088,0.020908681023393955,FRAGILE
315.0,0.0,60.0,10.0,5.0,-0.009444609834184159,0.01575460777126277,0.0952596250847646,-0.5944438324224542,nan,1202,0.14248714118398448,0.3777038269550749,1.1865831110896172,5,-0.7465554489031445,20.0,-0.004600014998670088,0.020908681023393955,FRAGILE
315.0,0.0,60.0,10.0,10.0,-0.009444609834184159,0.01575460777126277,0.0952596250847646,-0.5944438324224542,-0.031200780584975673,580,0.14248714118398448,0.43448275862068964,1.1065150510478359,5,-0.7465554489031445,20.0,-0.004600014998670088,0.020908681023393955,FRAGILE
315.0,0.0,60.0,15.0,3.0,-0.005158235597319316,0.01526924470994811,0.08140281097524704,-0.3310568219325588,-0.17187349598332521,2031,0.13601603912265617,0.34022648941408173,1.195768682235525,5,-0.08431683510857951,60.0,0.0036415649478776847,0.020180970069851006,FRAGILE
315.0,0.0,60.0,15.0,5.0,-0.005158235597319316,0.01526924470994811,0.08140281097524704,-0.3310568219325588,-0.09560751885774568,1181,0.13601603912265617,0.37425910245554617,1.1630189855820363,5,-0.08431683510857951,60.0,0.0036415649478776847,0.020180970069851006,FRAGILE
315.0,0.0,60.0,15.0,10.0,-0.005158235597319316,0.01526924470994811,0.08140281097524704,-0.3310568219325588,-0.021596002089563755,587,0.13601603912265617,0.42078364565587734,1.2266624097948289,5,-0.08431683510857951,60.0,0.0036415649478776847,0.020180970069851006,FRAGILE
315.0,0.0,60.0,20.0,3.0,-0.006443553400718227,0.015283297648004403,0.07172990877847063,-0.4153238479787253,-0.19817308687275556,2039,0.13445040325789387,0.3359489946051986,1.1475727439730066,5,-0.44819485347572796,40.0,0.002270699673749754,0.01820276985380535,FRAGILE
315.0,0.0,60.0,20.0,5.0,-0.006443553400718227,0.015283297648004403,0.07172990877847063,-0.4153238479787253,-0.08977500371034611,1244,0.13445040325789387,0.36736334405144694,1.2509639144788796,5,-0.44819485347572796,40.0,0.002270699673749754,0.01820276985380535,FRAGILE
315.0,0.0,60.0,20.0,10.0,-0.006443553400718227,0.015283297648004403,0.07172990877847063,-0.4153238479787253,-0.03359089141893801,617,0.13445040325789387,0.40842787682333875,1.2243474663959102,5,-0.44819485347572796,40.0,0.002270699673749754,0.01820276985380535,FRAGILE
315.0,0.0,60.0,25.0,3.0,-0.005673836437104618,0.015536967823021957,0.06558169067748199,-0.35845175879549823,-0.22270108654424187,2044,0.13434014712948678,0.3356164383561644,1.0607118190684033,5,-0.11570298061816084,40.0,0.0018031719874343154,0.015963502362063293,FRAGILE
315.0,0.0,60.0,25.0,5.0,-0.005673836437104618,0.015536967823021957,0.06558169067748199,-0.35845175879549823,-0.12065879873704242,1230,0.13434014712948678,0.367479674796748,1.1268140652614855,5,-0.11570298061816084,40.0,0.0018031719874343154,0.015963502362063293,FRAGILE
315.0,0.0,60.0,25.0,10.0,-0.005673836437104618,0.015536967823021957,0.06558169067748199,-0.35845175879549823,-0.03249880673310201,596,0.13434014712948678,0.40436241610738255,1.2484457986223234,5,-0.11570298061816084,40.0,0.0018031719874343154,0.015963502362063293,FRAGILE
315.0,0.0,60.0,30.0,3.0,-0.001254114430869424,0.016214911748644492,0.06351885187134731,-0.06928725328604085,-0.2107402420296329,2142,0.14350972139438972,0.3338001867413632,1.1138920950053957,5,-0.14592480234516664,40.0,0.005425123066402704,0.022977687773331416,FRAGILE
315.0,0.0,60.0,30.0,5.0,-0.001254114430869424,0.016214911748644492,0.06351885187134731,-0.06928725328604085,-0.11863677005124168,1296,0.14350972139438972,0.36651234567901236,1.1377513216945616,5,-0.14592480234516664,40.0,0.005425123066402704,0.022977687773331416,FRAGILE
315.0,0.0,60.0,30.0,10.0,-0.001254114430869424,0.016214911748644492,0.06351885187134731,-0.06928725328604085,-0.059885584259861,635,0.14350972139438972,0.3921259842519685,1.1469254480264492,5,-0.14592480234516664,40.0,0.005425123066402704,0.022977687773331416,FRAGILE
315.0,0.0,70.0,10.0,3.0,-0.009314683244801114,0.015843666700024312,0.09655449861067278,-0.5827359451653458,-0.1954690630427986,2088,0.1442977159433253,0.3333333333333333,1.1902787239252317,5,-0.7492079909963483,20.0,-0.004176114058802938,0.022085558270007813,FRAGILE
315.0,0.0,70.0,10.0,5.0,-0.009314683244801114,0.015843666700024312,0.09655449861067278,-0.5827359451653458,nan,1199,0.1442977159433253,0.3769808173477898,1.2117046910054137,5,-0.7492079909963483,20.0,-0.004176114058802938,0.022085558270007813,FRAGILE
315.0,0.0,70.0,10.0,10.0,-0.009314683244801114,0.015843666700024312,0.09655449861067278,-0.5827359451653458,-0.02998302532178516,579,0.1442977159433253,0.43350604490500866,1.12249447794248,5,-0.7492079909963483,20.0,-0.004176114058802938,0.022085558270007813,FRAGILE
315.0,0.0,70.0,15.0,3.0,-0.004848984320392158,0.01540557023475567,0.08178252146367593,-0.30781744055651317,-0.1689053953419506,2026,0.13803414222546828,0.3390918065153011,1.216142598836276,5,-0.07961168318280018,60.0,0.004259033275387081,0.021264704265845008,FRAGILE
315.0,0.0,70.0,15.0,5.0,-0.004848984320392158,0.01540557023475567,0.08178252146367593,-0.30781744055651317,-0.09259438174693611,1178,0.13803414222546828,0.3735144312393888,1.189502943858917,5,-0.07961168318280018,60.0,0.004259033275387081,0.021264704265845008,FRAGILE
315.0,0.0,70.0,15.0,10.0,-0.004848984320392158,0.01540557023475567,0.08178252146367593,-0.30781744055651317,-0.020155973602185285,586,0.13803414222546828,0.4197952218430034,1.2448239720494947,5,-0.07961168318280018,60.0,0.004259033275387081,0.021264704265845008,FRAGILE
315.0,0.0,70.0,20.0,3.0,-0.006024436183528548,0.015438850246662908,0.07143699186511931,-0.38366848746299653,-0.19429213212092014,2034,0.13632277851882305,0.33480825958702065,1.1699729999300654,5,-0.40289905009250643,40.0,0.0030517273146143387,0.01931199781880239,FRAGILE
315.0,0.0,70.0,20.0,5.0,-0.006024436183528548,0.015438850246662908,0.07143699186511931,-0.38366848746299653,-0.08737043492087201,1242,0.13632277851882305,0.3663446054750403,1.2755560694889956,5,-0.40289905009250643,40.0,0.0030517273146143387,0.01931199781880239,FRAGILE
315.0,0.0,70.0,20.0,10.0,-0.006024436183528548,0.015438850246662908,0.07143699186511931,-0.38366848746299653,-0.031288579996028354,616,0.13632277851882305,0.4074675324675325,1.2487646362601572,5,-0.40289905009250643,40.0,0.0030517273146143387,0.01931199781880239,FRAGILE
315.0,0.0,70.0,25.0,3.0,-0.005261875152415607,0.01566638956871876,0.06510008129162759,-0.3289222693917562,-0.22022389817260796,2041,0.13613878391193387,0.33463988241058307,1.083424588228546,5,-0.08817848640777967,40.0,0.0025118262929701095,0.017011293370327713,FRAGILE
315.0,0.0,70.0,25.0,5.0,-0.005261875152415607,0.01566638956871876,0.06510008129162759,-0.3289222693917562,-0.11890727820544748,1228,0.13613878391193387,0.36644951140065146,1.1473520362427627,5,-0.08817848640777967,40.0,0.0025118262929701095,0.017011293370327713,FRAGILE
315.0,0.0,70.0,25.0,10.0,-0.005261875152415607,0.01566638956871876,0.06510008129162759,-0.3289222693917562,-0.031260846158462745,595,0.13613878391193387,0.40336134453781514,1.2667057224987295,5,-0.08817848640777967,40.0,0.0025118262929701095,0.017011293370327713,FRAGILE
315.0,0.0,70.0,30.0,3.0,-0.0009419476282442885,0.01632908625282177,0.06405857080769306,-0.04955124879479505,-0.2091881265185537,2139,0.14529869542734916,0.33286582515194013,1.1334164086432894,5,-0.12613617349216683,40.0,0.006002023951469826,0.02429784993172495,FRAGILE
315.0,0.0,70.0,30.0,5.0,-0.0009419476282442885,0.01632908625282177,0.06405857080769306,-0.04955124879479505,-0.11663337976024936,1294,0.14529869542734916,0.3655332302936631,1.1594834212907865,5,-0.12613617349216683,40.0,0.006002023951469826,0.02429784993172495,FRAGILE
315.0,0.0,70.0,30.0,10.0,-0.0009419476282442885,0.01632908625282177,0.06405857080769306,-0.04955124879479505,-0.05818804228920589,634,0.14529869542734916,0.3911671924290221,1.1699753759815725,5,-0.12613617349216683,40.0,0.006002023951469826,0.02429784993172495,FRAGILE
315.0,0.0,80.0,10.0,3.0,-0.008847592706570206,0.016048785552756732,0.09611862620777523,-0.5457150441663783,-0.19436459242922394,2087,0.14595320807872747,0.33349305222807857,1.200220970882539,5,-0.7205148223703438,40.0,-0.003281471660333568,0.023688201303127498,FRAGILE
315.0,0.0,80.0,10.0,5.0,-0.008847592706570206,0.016048785552756732,0.09611862620777523,-0.5457150441663783,nan,1197,0.14595320807872747,0.37510442773600666,1.2587673003933795,5,-0.7205148223703438,40.0,-0.003281471660333568,0.023688201303127498,FRAGILE
315.0,0.0,80.0,10.0,10.0,-0.008847592706570206,0.016048785552756732,0.09611862620777523,-0.5457150441663783,-0.030583795225739636,579,0.14595320807872747,0.43350604490500866,1.1244087557952511,5,-0.7205148223703438,40.0,-0.003281471660333568,0.023688201303127498,FRAGILE
315.0,0.0,80.0,15.0,3.0,-0.0042498699776643,0.01563876089304488,0.08093236214399047,-0.2645132257870461,-0.16630463427586892,2024,0.1397501475235126,0.33893280632411066,1.2344948186530278,5,-0.04044722043700398,60.0,0.005374201988452865,0.022847677811658848,FRAGILE
315.0,0.0,80.0,15.0,5.0,-0.0042498699776643,0.01563876089304488,0.08093236214399047,-0.2645132257870461,-0.08658956409762328,1176,0.1397501475235126,0.3715986394557823,1.2409901399687389,5,-0.04044722043700398,60.0,0.005374201988452865,0.022847677811658848,FRAGILE
315.0,0.0,80.0,15.0,10.0,-0.0042498699776643,0.01563876089304488,0.08093236214399047,-0.2645132257870461,-0.019858879936134454,586,0.1397501475235126,0.4197952218430034,1.2512402501615891,5,-0.04044722043700398,60.0,0.005374201988452865,0.022847677811658848,FRAGILE
315.0,0.0,80.0,20.0,3.0,-0.005481560302179611,0.015696919973087854,0.07205742144320426,-0.3423215764428792,-0.1894915298370825,2030,0.1380515738351483,0.33448275862068966,1.191752418188368,5,-0.3538360014631628,40.0,0.004185265318611986,0.020926844104409606,FRAGILE
315.0,0.0,80.0,20.0,5.0,-0.005481560302179611,0.015696919973087854,0.07205742144320426,-0.3423215764428792,-0.0813139385745877,1239,0.1380515738351483,0.36561743341404357,1.3149621022740243,5,-0.3538360014631628,40.0,0.004185265318611986,0.020926844104409606,FRAGILE
315.0,0.0,80.0,20.0,10.0,-0.005481560302179611,0.015696919973087854,0.07205742144320426,-0.3423215764428792,-0.03114701649657092,615,0.1380515738351483,0.408130081300813,1.2490260393101023,5,-0.3538360014631628,40.0,0.004185265318611986,0.020926844104409606,FRAGILE
315.0,0.0,80.0,25.0,3.0,-0.004720647810952605,0.01592296459580422,0.06416504279446,-0.28920840257463004,-0.2159578774048097,2037,0.13794491580065982,0.33431516936671574,1.1061824078220683,5,-0.03336033324259509,40.0,0.0036253953366614635,0.018444510897391114,FRAGILE
315.0,0.0,80.0,25.0,5.0,-0.004720647810952605,0.01592296459580422,0.06416504279446,-0.28920840257463004,-0.11356964777003727,1226,0.13794491580065982,0.36541598694942906,1.1845509796544373,5,-0.03336033324259509,40.0,0.0036253953366614635,0.018444510897391114,FRAGILE
315.0,0.0,80.0,25.0,10.0,-0.004720647810952605,0.01592296459580422,0.06416504279446,-0.28920840257463004,-0.03280750129234286,595,0.13794491580065982,0.40336134453781514,1.259560425138437,5,-0.03336033324259509,40.0,0.0036253953366614635,0.018444510897391114,FRAGILE
315.0,0.0,80.0,30.0,3.0,-0.0003050475152487353,0.016585736676150202,0.0643242374468298,-0.010106410073707302,-0.20534079922807175,2136,0.1469685015303143,0.33286516853932585,1.1528068358274,5,-0.06383532118636126,40.0,0.007251471576867896,0.025945642239013775,FRAGILE
315.0,0.0,80.0,30.0,5.0,-0.0003050475152487353,0.016585736676150202,0.0643242374468298,-0.010106410073707302,-0.11080474617045831,1293,0.1469685015303143,0.36504253673627224,1.1954418708524266,5,-0.06383532118636126,40.0,0.007251471576867896,0.025945642239013775,FRAGILE
315.0,0.0,80.0,30.0,10.0,-0.0003050475152487353,0.016585736676150202,0.0643242374468298,-0.010106410073707302,-0.05934056938535737,634,0.1469685015303143,0.3911671924290221,1.16712215868284,5,-0.06383532118636126,40.0,0.007251471576867896,0.025945642239013775,FRAGILE
315.0,21.0,40.0,10.0,3.0,-0.009306586788043414,0.01518742042973043,0.09305893525743458,-0.6080488237926011,-0.20797950994471728,2106,0.13893488058523829,0.3342830009496676,1.139773667308402,5,-0.7168570187550036,20.0,-0.004699290528287192,0.01873645528838284,FRAGILE
315.0,21.0,40.0,10.0,5.0,-0.009306586788043414,0.01518742042973043,0.09305893525743458,-0.6080488237926011,nan,1208,0.13893488058523829,0.3832781456953642,1.1616100297371612,5,-0.7168570187550036,20.0,-0.004699290528287192,0.01873645528838284,FRAGILE
315.0,21.0,40.0,10.0,10.0,-0.009306586788043414,0.01518742042973043,0.09305893525743458,-0.6080488237926011,-0.036332030189140635,584,0.13893488058523829,0.4383561643835616,1.0574877024592293,5,-0.7168570187550036,20.0,-0.004699290528287192,0.01873645528838284,FRAGILE
315.0,21.0,40.0,15.0,3.0,-0.0051764912222225234,0.014716916509872849,0.07895192505425719,-0.34529167228898633,-0.18415497846908566,2044,0.1321901775485718,0.33610567514677103,1.1731288216937348,5,-0.0073497360158892135,40.0,0.003501424844193113,0.018323299642308923,FRAGILE
315.0,21.0,40.0,15.0,5.0,-0.0051764912222225234,0.014716916509872849,0.07895192505425719,-0.34529167228898633,-0.09975256098557926,1188,0.1321901775485718,0.37962962962962965,1.119326492183174,5,-0.0073497360158892135,40.0,0.003501424844193113,0.018323299642308923,FRAGILE
315.0,21.0,40.0,15.0,10.0,-0.0051764912222225234,0.014716916509872849,0.07895192505425719,-0.34529167228898633,-0.030183477163773655,591,0.1321901775485718,0.4196277495769882,1.1734592564392599,5,-0.0073497360158892135,40.0,0.003501424844193113,0.018323299642308923,FRAGILE
315.0,21.0,40.0,20.0,3.0,-0.006105303417286767,0.014940386869335815,0.06747805108578453,-0.40242065092073825,-0.20284184923911933,2053,0.1308185496959011,0.33511933755479784,1.1367094441149455,5,-0.27996838792189427,40.0,0.0025583847844435235,0.015899054078894696,FRAGILE
315.0,21.0,40.0,20.0,5.0,-0.006105303417286767,0.014940386869335815,0.06747805108578453,-0.40242065092073825,-0.09119508235636795,1252,0.1308185496959011,0.3722044728434505,1.2187374828769346,5,-0.27996838792189427,40.0,0.0025583847844435235,0.015899054078894696,FRAGILE
315.0,21.0,40.0,20.0,10.0,-0.006105303417286767,0.014940386869335815,0.06747805108578453,-0.40242065092073825,-0.03765777076321427,620,0.1308185496959011,0.41935483870967744,1.1413325372840941,5,-0.27996838792189427,40.0,0.0025583847844435235,0.015899054078894696,FRAGILE
315.0,21.0,40.0,25.0,3.0,-0.005101721700795481,0.015228891386218047,0.057340478699361985,-0.3282432394273598,-0.23479912978697898,2056,0.13066002016631095,0.3326848249027237,1.0350617159660853,5,0.15561442383417756,40.0,0.00345791224914358,0.013002853378158154,FRAGILE
315.0,21.0,40.0,25.0,5.0,-0.005101721700795481,0.015228891386218047,0.057340478699361985,-0.3282432394273598,-0.12371418566724274,1237,0.13066002016631095,0.3718674211802749,1.09024042959801,5,0.15561442383417756,40.0,0.00345791224914358,0.013002853378158154,FRAGILE
315.0,21.0,40.0,25.0,10.0,-0.005101721700795481,0.015228891386218047,0.057340478699361985,-0.3282432394273598,-0.03435799213705557,599,0.13066002016631095,0.41569282136894825,1.1761909267442858,5,0.15561442383417756,40.0,0.00345791224914358,0.013002853378158154,FRAGILE
315.0,21.0,40.0,30.0,3.0,-0.00011975531015961938,0.01602355259922569,0.05313097623480989,0.0005347567427652745,-0.22088524609571525,2156,0.13988283847253005,0.33116883116883117,1.1034758991626528,5,0.16664241455364398,40.0,0.0072992751545866595,0.019801026906445206,NON_FRAGILE
315.0,21.0,40.0,30.0,5.0,-0.00011975531015961938,0.01602355259922569,0.05313097623480989,0.0005347567427652745,-0.12018884782772812,1304,0.13988283847253005,0.37116564417177916,1.1182136970106753,5,0.16664241455364398,40.0,0.0072992751545866595,0.019801026906445206,NON_FRAGILE
315.0,21.0,40.0,30.0,10.0,-0.00011975531015961938,0.01602355259922569,0.05313097623480989,0.0005347567427652745,-0.05834229600752495,639,0.13988283847253005,0.405320813771518,1.08924952349349,5,0.16664241455364398,40.0,0.0072992751545866595,0.019801026906445206,NON_FRAGILE
315.0,21.0,50.0,10.0,3.0,-0.009238098064278,0.015447855132991684,0.09329432582222763,-0.5930641497383892,-0.2061449529356891,2099,0.14116099651538538,0.333968556455455,1.1563757611716643,5,-0.6718576585801259,20.0,-0.004413938508026583,0.01925311351563741,FRAGILE
315.0,21.0,50.0,10.0,5.0,-0.009238098064278,0.015447855132991684,0.09329432582222763,-0.5930641497383892,nan,1206,0.14116099651538538,0.38225538971807627,1.1791578032192869,5,-0.6718576585801259,20.0,-0.004413938508026583,0.01925311351563741,FRAGILE
315.0,21.0,50.0,10.0,10.0,-0.009238098064278,0.015447855132991684,0.09329432582222763,-0.5930641497383892,-0.033348820723181655,581,0.14116099651538538,0.4388984509466437,1.0756681170511087,5,-0.6718576585801259,20.0,-0.004413938508026583,0.01925311351563741,FRAGILE
315.0,21.0,50.0,15.0,3.0,-0.005013158503408555,0.014975089327299082,0.07893628914638318,-0.32811976054692943,-0.18328763784851415,2036,0.1342625045245111,0.33595284872298625,1.1899257964012333,5,0.022587806811548868,40.0,0.003925416716753482,0.01879286891617397,FRAGILE
315.0,21.0,50.0,15.0,5.0,-0.005013158503408555,0.014975089327299082,0.07893628914638318,-0.32811976054692943,-0.0977248039438241,1185,0.1342625045245111,0.3789029535864979,1.1400716218143216,5,0.022587806811548868,40.0,0.003925416716753482,0.01879286891617397,FRAGILE
315.0,21.0,50.0,15.0,10.0,-0.005013158503408555,0.014975089327299082,0.07893628914638318,-0.32811976054692943,-0.025836902273612895,588,0.1342625045245111,0.4200680272108844,1.2029321945656337,5,0.022587806811548868,40.0,0.003925416716753482,0.01879286891617397,FRAGILE
315.0,21.0,50.0,20.0,3.0,-0.006053617027256708,0.015062879182649863,0.0678326752731988,-0.39557378734326804,-0.20108163646714405,2044,0.13281553292459036,0.33512720156555775,1.1533209942156286,5,-0.2704825250257489,40.0,0.002813193060458885,0.016445248201211075,FRAGILE
315.0,21.0,50.0,20.0,5.0,-0.006053617027256708,0.015062879182649863,0.0678326752731988,-0.39557378734326804,-0.08729066325166758,1248,0.13281553292459036,0.3717948717948718,1.2415509501123823,5,-0.2704825250257489,40.0,0.002813193060458885,0.016445248201211075,FRAGILE
315.0,21.0,50.0,20.0,10.0,-0.006053617027256708,0.015062879182649863,0.0678326752731988,-0.39557378734326804,-0.03265537760360601,618,0.13281553292459036,0.4190938511326861,1.1757611023370607,5,-0.2704825250257489,40.0,0.002813193060458885,0.016445248201211075,FRAGILE
315.0,21.0,50.0,25.0,3.0,-0.004878042176861719,0.015406754833847793,0.0577814473743693,-0.3096866301360813,-0.23391632284698027,2049,0.13268178136656048,0.3323572474377745,1.0483459559733812,5,0.17864494749260273,40.0,0.003978886910765067,0.013557694449766778,FRAGILE
315.0,21.0,50.0,25.0,5.0,-0.004878042176861719,0.015406754833847793,0.0577814473743693,-0.3096866301360813,-0.12040098167001738,1234,0.13268178136656048,0.3711507293354943,1.1157378925790626,5,0.17864494749260273,40.0,0.003978886910765067,0.013557694449766778,FRAGILE
315.0,21.0,50.0,25.0,10.0,-0.004878042176861719,0.015406754833847793,0.0577814473743693,-0.3096866301360813,-0.029510128957359247,597,0.13268178136656048,0.4154103852596315,1.2106479020751302,5,0.17864494749260273,40.0,0.003978886910765067,0.013557694449766778,FRAGILE
315.0,21.0,50.0,30.0,3.0,-9.518500402527774e-05,0.016167531467758865,0.05468613985190274,0.002193011348020563,-0.2198528296998072,2147,0.14183796811338778,0.33115975780158363,1.1138431856899649,5,0.16107749556068424,40.0,0.007439040069278602,0.02043653422049602,NON_FRAGILE
315.0,21.0,50.0,30.0,5.0,-9.518500402527774e-05,0.016167531467758865,0.05468613985190274,0.002193011348020563,-0.11756255606776973,1300,0.14183796811338778,0.3707692307692308,1.1282548221369633,5,0.16107749556068424,40.0,0.007439040069278602,0.02043653422049602,NON_FRAGILE
315.0,21.0,50.0,30.0,10.0,-9.518500402527774e-05,0.016167531467758865,0.05468613985190274,0.002193011348020563,-0.05253755344623007,636,0.14183796811338778,0.40408805031446543,1.1316330842764022,5,0.16107749556068424,40.0,0.007439040069278602,0.02043653422049602,NON_FRAGILE
315.0,21.0,60.0,10.0,3.0,-0.009317274377803164,0.015799154001314715,0.09448263658639522,-0.5845874608203278,-0.2059714355715689,2093,0.14280971290526676,0.33349259436215956,1.1536088209088913,5,-0.6796720041529838,20.0,-0.004454652257773683,0.019944527362246466,FRAGILE
315.0,21.0,60.0,10.0,5.0,-0.009317274377803164,0.015799154001314715,0.09448263658639522,-0.5845874608203278,nan,1202,0.14280971290526676,0.38186356073211314,1.1755325838281727,5,-0.6796720041529838,20.0,-0.004454652257773683,0.019944527362246466,FRAGILE
315.0,21.0,60.0,10.0,10.0,-0.009317274377803164,0.015799154001314715,0.09448263658639522,-0.5845874608203278,-0.03304412409003276,580,0.14280971290526676,0.4396551724137931,1.0735355219614566,5,-0.6796720041529838,20.0,-0.004454652257773683,0.019944527362246466,FRAGILE
315.0,21.0,60.0,15.0,3.0,-0.004920266514191085,0.015369741084194427,0.07946667566974408,-0.3132308987645388,-0.1844213706159254,2031,0.13617488599679028,0.3353028064992615,1.1847594686244798,5,0.01670250903714667,40.0,0.004143487805578827,0.01927979372105237,FRAGILE
315.0,21.0,60.0,15.0,5.0,-0.004920266514191085,0.015369741084194427,0.07946667566974408,-0.3132308987645388,-0.09672839289535053,1181,0.13617488599679028,0.37849280270956814,1.1352697844239625,5,0.01670250903714667,40.0,0.004143487805578827,0.01927979372105237,FRAGILE
315.0,21.0,60.0,15.0,10.0,-0.004920266514191085,0.015369741084194427,0.07946667566974408,-0.3132308987645388,-0.025806959185682436,587,0.13617488599679028,0.42078364565587734,1.1992163999660552,5,0.01670250903714667,40.0,0.004143487805578827,0.01927979372105237,FRAGILE
315.0,21.0,60.0,20.0,3.0,-0.006062761700912023,0.015408756844673539,0.0692382636146337,-0.38694953206278015,-0.20262638350788548,2039,0.13467342596256085,0.3344776851397744,1.1459314871121453,5,-0.2728311894163955,40.0,0.002945708263657765,0.016929566588436824,FRAGILE
315.0,21.0,60.0,20.0,5.0,-0.006062761700912023,0.015408756844673539,0.0692382636146337,-0.38694953206278015,-0.0859436377550196,1244,0.13467342596256085,0.3721864951768489,1.2402030104150241,5,-0.2728311894163955,40.0,0.002945708263657765,0.016929566588436824,FRAGILE
315.0,21.0,60.0,20.0,10.0,-0.006062761700912023,0.015408756844673539,0.0692382636146337,-0.38694953206278015,-0.03210511509670085,617,0.13467342596256085,0.419773095623987,1.1751168607536142,5,-0.2728311894163955,40.0,0.002945708263657765,0.016929566588436824,FRAGILE
315.0,21.0,60.0,25.0,3.0,-0.004786272096353961,0.015737048197999294,0.05878121092666855,-0.29700044584002383,-0.23339557641480232,2044,0.1346201356854581,0.3321917808219178,1.0477155601794137,5,0.15943192125765643,40.0,0.004155585859323319,0.014270805784180548,FRAGILE
315.0,21.0,60.0,25.0,5.0,-0.004786272096353961,0.015737048197999294,0.05878121092666855,-0.29700044584002383,-0.11990971524447244,1230,0.1346201356854581,0.37154471544715445,1.1095254300105828,5,0.15943192125765643,40.0,0.004155585859323319,0.014270805784180548,FRAGILE
315.0,21.0,60.0,25.0,10.0,-0.004786272096353961,0.015737048197999294,0.05878121092666855,-0.29700044584002383,-0.02943334274372935,596,0.1346201356854581,0.4161073825503356,1.2072620947797532,5,0.15943192125765643,40.0,0.004155585859323319,0.014270805784180548,FRAGILE
315.0,21.0,60.0,30.0,3.0,1.769128787398877e-05,0.016478129138339948,0.054872794441159556,0.009309671526350306,-0.22013435518271945,2142,0.14389655915742225,0.33053221288515405,1.1054796865663497,5,0.13971377649934097,40.0,0.007587502456331152,0.020975797423601616,NON_FRAGILE
315.0,21.0,60.0,30.0,5.0,1.769128787398877e-05,0.016478129138339948,0.054872794441159556,0.009309671526350306,-0.1176058282488992,1296,0.14389655915742225,0.37037037037037035,1.1235307035112514,5,0.13971377649934097,40.0,0.007587502456331152,0.020975797423601616,NON_FRAGILE
315.0,21.0,60.0,30.0,10.0,1.769128787398877e-05,0.016478129138339948,0.054872794441159556,0.009309671526350306,-0.052778574678838015,635,0.14389655915742225,0.4047244094488189,1.1267002892270188,5,0.13971377649934097,40.0,0.007587502456331152,0.020975797423601616,NON_FRAGILE
315.0,21.0,70.0,10.0,3.0,-0.009210175819547528,0.015905522846555924,0.09593744229415557,-0.5737760421216405,-0.20291458111433808,2088,0.14465294894972464,0.33237547892720304,1.1775321983925728,5,-0.6742364801586687,20.0,-0.004077507306176042,0.021167262305651732,FRAGILE
315.0,21.0,70.0,10.0,5.0,-0.009210175819547528,0.015905522846555924,0.09593744229415557,-0.5737760421216405,nan,1199,0.14465294894972464,0.3811509591326105,1.2008807250820985,5,-0.6742364801586687,20.0,-0.004077507306176042,0.021167262305651732,FRAGILE
315.0,21.0,70.0,10.0,10.0,-0.009210175819547528,0.015905522846555924,0.09593744229415557,-0.5737760421216405,-0.03142394382956649,579,0.14465294894972464,0.4386873920552677,1.0913769591496345,5,-0.6742364801586687,20.0,-0.004077507306176042,0.021167262305651732,FRAGILE
315.0,21.0,70.0,15.0,3.0,-0.004648814272306345,0.015523509742015757,0.08014172129049246,-0.2924053044629414,-0.18168051596161905,2026,0.13822222364280895,0.3341559723593287,1.2046360400634613,5,0.028442599495729425,60.0,0.004688917696061434,0.02038948497790408,FRAGILE
315.0,21.0,70.0,15.0,5.0,-0.004648814272306345,0.015523509742015757,0.08014172129049246,-0.2924053044629414,-0.09364378732040285,1178,0.13822222364280895,0.3777589134125637,1.1617154237079306,5,0.028442599495729425,60.0,0.004688917696061434,0.02038948497790408,FRAGILE
315.0,21.0,70.0,15.0,10.0,-0.004648814272306345,0.015523509742015757,0.08014172129049246,-0.2924053044629414,-0.023953766796959014,586,0.13822222364280895,0.4197952218430034,1.220254907318475,5,0.028442599495729425,60.0,0.004688917696061434,0.02038948497790408,FRAGILE
315.0,21.0,70.0,20.0,3.0,-0.00564286050055518,0.015579857155380576,0.06893640298519255,-0.3554207270248208,-0.19902745362560204,2034,0.13658886336054693,0.3333333333333333,1.1674567734597423,5,-0.2212175383272137,40.0,0.0037121644784500417,0.018051822754427953,FRAGILE
315.0,21.0,70.0,20.0,5.0,-0.00564286050055518,0.015579857155380576,0.06893640298519255,-0.3554207270248208,-0.08307271629925775,1242,0.13658886336054693,0.3711755233494364,1.2665267326201655,5,-0.2212175383272137,40.0,0.0037121644784500417,0.018051822754427953,FRAGILE
315.0,21.0,70.0,20.0,10.0,-0.00564286050055518,0.015579857155380576,0.06893640298519255,-0.3554207270248208,-0.029393254299835594,616,0.13658886336054693,0.41883116883116883,1.2007766910608675,5,-0.2212175383272137,40.0,0.0037121644784500417,0.018051822754427953,FRAGILE
315.0,21.0,70.0,25.0,3.0,-0.004372292008746892,0.015877245934023343,0.058232067661098785,-0.268045499767714,-0.2310687233171801,2041,0.13643956940774243,0.33121019108280253,1.0705132252565261,5,0.18782031367718377,40.0,0.004871699490204717,0.015266369576695922,FRAGILE
315.0,21.0,70.0,25.0,5.0,-0.004372292008746892,0.015877245934023343,0.058232067661098785,-0.268045499767714,-0.1180542085103241,1228,0.13643956940774243,0.3705211726384365,1.1304539673314336,5,0.18782031367718377,40.0,0.004871699490204717,0.015266369576695922,FRAGILE
315.0,21.0,70.0,25.0,10.0,-0.004372292008746892,0.015877245934023343,0.058232067661098785,-0.268045499767714,-0.027880926367406765,595,0.13643956940774243,0.4151260504201681,1.2262783814915375,5,0.18782031367718377,40.0,0.004871699490204717,0.015266369576695922,FRAGILE
315.0,21.0,70.0,30.0,3.0,0.0003513771233703,0.01660631567489127,0.05522254639771862,0.0294553581484531,-0.21857038409534693,2139,0.1457484638464938,0.32959326788218796,1.12565544107152,5,0.16511495432974052,40.0,0.008206439698771485,0.0222554104855914,NON_FRAGILE
315.0,21.0,70.0,30.0,5.0,0.0003513771233703,0.01660631567489127,0.05522254639771862,0.0294553581484531,-0.11555226291481399,1294,0.1457484638464938,0.3693972179289026,1.1454954433772802,5,0.16511495432974052,40.0,0.008206439698771485,0.0222554104855914,NON_FRAGILE
315.0,21.0,70.0,30.0,10.0,0.0003513771233703,0.01660631567489127,0.05522254639771862,0.0294553581484531,-0.050689128735757184,634,0.1457484638464938,0.4037854889589905,1.150443305524656,5,0.16511495432974052,40.0,0.008206439698771485,0.0222554104855914,NON_FRAGILE
315.0,21.0,80.0,10.0,3.0,-0.008717191209117736,0.016121871762135115,0.09522604136827428,-0.5350080324544269,-0.20130793327644916,2087,0.146309091339132,0.3325347388596071,1.1892230574659226,5,-0.6327637448575358,20.0,-0.003141206035158861,0.022662153059695867,FRAGILE
315.0,21.0,80.0,10.0,5.0,-0.008717191209117736,0.016121871762135115,0.09522604136827428,-0.5350080324544269,nan,1197,0.146309091339132,0.379281537176274,1.247079420965503,5,-0.6327637448575358,20.0,-0.003141206035158861,0.022662153059695867,FRAGILE
315.0,21.0,80.0,10.0,10.0,-0.008717191209117736,0.016121871762135115,0.09522604136827428,-0.5350080324544269,-0.03224010231747273,579,0.146309091339132,0.4386873920552677,1.0922666005020019,5,-0.6327637448575358,20.0,-0.003141206035158861,0.022662153059695867,FRAGILE
315.0,21.0,80.0,15.0,3.0,-0.004011389855760994,0.01577088076448519,0.07894769689128078,-0.24698153321468885,-0.1785937738408603,2024,0.13995714103558715,0.3339920948616601,1.2252169342132582,5,0.08001789515286303,60.0,0.00586467121662877,0.021927161992193252,FRAGILE
315.0,21.0,80.0,15.0,5.0,-0.004011389855760994,0.01577088076448519,0.07894769689128078,-0.24698153321468885,-0.0877127639212645,1176,0.13995714103558715,0.3758503401360544,1.212157832480968,5,0.08001789515286303,60.0,0.00586467121662877,0.021927161992193252,FRAGILE
315.0,21.0,80.0,15.0,10.0,-0.004011389855760994,0.01577088076448519,0.07894769689128078,-0.24698153321468885,-0.023859135701877768,586,0.13995714103558715,0.4197952218430034,1.22613217121949,5,0.08001789515286303,60.0,0.00586467121662877,0.021927161992193252,FRAGILE
315.0,21.0,80.0,20.0,3.0,-0.005054418219033074,0.015854512729911497,0.06785498840662862,-0.31167836861348125,-0.19409731560540033,2030,0.1383508498400185,0.3330049261083744,1.1899066184702818,5,-0.15899215814634454,40.0,0.004926389651433128,0.019646531203390185,FRAGILE
315.0,21.0,80.0,20.0,5.0,-0.005054418219033074,0.015854512729911497,0.06785498840662862,-0.31167836861348125,-0.07729741248202532,1239,0.1383508498400185,0.3704600484261501,1.3042366845643238,5,-0.15899215814634454,40.0,0.004926389651433128,0.019646531203390185,FRAGILE
315.0,21.0,80.0,20.0,10.0,-0.005054418219033074,0.015854512729911497,0.06785498840662862,-0.31167836861348125,-0.029482747921389635,615,0.1383508498400185,0.4195121951219512,1.1995184410707709,5,-0.15899215814634454,40.0,0.004926389651433128,0.019646531203390185,FRAGILE
315.0,21.0,80.0,25.0,3.0,-0.003774636230739592,0.016147508774743465,0.056861679723204994,-0.22612902648507238,-0.22683779303308096,2037,0.1382721687537409,0.33087874324987726,1.093621195076928,5,0.2464716051493175,40.0,0.00607448570891953,0.016606291021390416,FRAGILE
315.0,21.0,80.0,25.0,5.0,-0.003774636230739592,0.016147508774743465,0.056861679723204994,-0.22612902648507238,-0.11315135439136542,1226,0.1382721687537409,0.3694942903752039,1.1655868717535591,5,0.2464716051493175,40.0,0.00607448570891953,0.016606291021390416,FRAGILE
315.0,21.0,80.0,25.0,10.0,-0.003774636230739592,0.016147508774743465,0.056861679723204994,-0.22612902648507238,-0.029955468390028064,595,0.1382721687537409,0.4151260504201681,1.21598079966138,5,0.2464716051493175,40.0,0.00607448570891953,0.016606291021390416,FRAGILE
315.0,21.0,80.0,30.0,3.0,0.0010379953839310119,0.016873218841958745,0.05524165282837812,0.06991799719347747,-0.21477477146272322,2136,0.14745594445883267,0.3295880149812734,1.145333057938805,5,0.230493053093688,40.0,0.00954460462046911,0.023828722556669967,NON_FRAGILE
315.0,21.0,80.0,30.0,5.0,0.0010379953839310119,0.016873218841958745,0.05524165282837812,0.06991799719347747,-0.11019757184888958,1293,0.14745594445883267,0.3689095127610209,1.1792644975987572,5,0.230493053093688,40.0,0.00954460462046911,0.023828722556669967,NON_FRAGILE
315.0,21.0,80.0,30.0,10.0,0.0010379953839310119,0.016873218841958745,0.05524165282837812,0.06991799719347747,-0.052342870794298245,634,0.14745594445883267,0.4037854889589905,1.1444114825387772,5,0.230493053093688,40.0,0.00954460462046911,0.023828722556669967,NON_FRAGILE
315.0,42.0,40.0,10.0,3.0,-0.009468283567598434,0.01514505156695104,0.09568375366093906,-0.6205694431072268,-0.2113762451547424,2106,0.1384653492002633,0.3333333333333333,1.1220696241156687,5,-0.8085001170983936,20.0,-0.005671593581461387,0.020591114552249153,FRAGILE
315.0,42.0,40.0,10.0,5.0,-0.009468283567598434,0.01514505156695104,0.09568375366093906,-0.6205694431072268,nan,1208,0.1384653492002633,0.37003311258278143,1.1998529076535656,5,-0.8085001170983936,20.0,-0.005671593581461387,0.020591114552249153,FRAGILE
315.0,42.0,40.0,10.0,10.0,-0.009468283567598434,0.01514505156695104,0.09568375366093906,-0.6205694431072268,-0.03795828671421334,584,0.1384653492002633,0.4212328767123288,1.12084751502834,5,-0.8085001170983936,20.0,-0.005671593581461387,0.020591114552249153,FRAGILE
315.0,42.0,40.0,15.0,3.0,-0.006212246140095301,0.014627143852502503,0.0872748026016813,-0.4187148836810765,-0.1949400783152225,2044,0.13207365377963956,0.33512720156555775,1.1338304945110358,5,-0.26201151791972316,40.0,0.0010767198452711567,0.020822298518425004,FRAGILE
315.0,42.0,40.0,15.0,5.0,-0.006212246140095301,0.014627143852502503,0.0872748026016813,-0.4187148836810765,-0.10910849248789159,1188,0.13207365377963956,0.3653198653198653,1.1442365428748955,5,-0.26201151791972316,40.0,0.0010767198452711567,0.020822298518425004,FRAGILE
315.0,42.0,40.0,15.0,10.0,-0.006212246140095301,0.014627143852502503,0.0872748026016813,-0.4187148836810765,-0.030209930121878545,591,0.13207365377963956,0.40609137055837563,1.2385985136261324,5,-0.26201151791972316,40.0,0.0010767198452711567,0.020822298518425004,FRAGILE
315.0,42.0,40.0,20.0,3.0,-0.006893720662053737,0.014798174098065532,0.07513764016555335,-0.4600558529437494,-0.21149458510165745,2053,0.13051392334242348,0.3326838772528008,1.1156691288833191,5,-0.46529907089702294,20.0,0.0006234325994302515,0.01802371509411749,FRAGILE
315.0,42.0,40.0,20.0,5.0,-0.006893720662053737,0.014798174098065532,0.07513764016555335,-0.4600558529437494,-0.10075058826201921,1252,0.13051392334242348,0.3586261980830671,1.2445278204967822,5,-0.46529907089702294,20.0,0.0006234325994302515,0.01802371509411749,FRAGILE
315.0,42.0,40.0,20.0,10.0,-0.006893720662053737,0.014798174098065532,0.07513764016555335,-0.4600558529437494,-0.03696968226328753,620,0.13051392334242348,0.4080645161290323,1.1965816098887843,5,-0.46529907089702294,20.0,0.0006234325994302515,0.01802371509411749,FRAGILE
315.0,42.0,40.0,25.0,3.0,-0.005890264361712139,0.015151598907859594,0.06480624450416883,-0.38232508105304974,-0.23990718879816925,2056,0.1303102131251834,0.33122568093385213,1.0220442754860002,5,-0.06928794381729173,40.0,0.001360400592317279,0.01579743939160364,FRAGILE
315.0,42.0,40.0,25.0,5.0,-0.005890264361712139,0.015151598907859594,0.06480624450416883,-0.38232508105304974,-0.1331571911423016,1237,0.1303102131251834,0.3597413096200485,1.103843844320597,5,-0.06928794381729173,40.0,0.001360400592317279,0.01579743939160364,FRAGILE
315.0,42.0,40.0,25.0,10.0,-0.005890264361712139,0.015151598907859594,0.06480624450416883,-0.38232508105304974,-0.03566334580310395,599,0.1303102131251834,0.4023372287145242,1.2307178161753944,5,-0.06928794381729173,40.0,0.001360400592317279,0.01579743939160364,FRAGILE
315.0,42.0,40.0,30.0,3.0,-0.0005262472571946342,0.01589528609613826,0.05540308551765816,-0.025171056051746975,-0.22296770523902157,2156,0.13926820489560077,0.33163265306122447,1.0904107174495397,5,0.07712020464533129,20.0,0.006249687294806949,0.021647409220575318,FRAGILE
315.0,42.0,40.0,30.0,5.0,-0.0005262472571946342,0.01589528609613826,0.05540308551765816,-0.025171056051746975,-0.13051790369721492,1304,0.13926820489560077,0.35736196319018404,1.1388003043492854,5,0.07712020464533129,20.0,0.006249687294806949,0.021647409220575318,FRAGILE
315.0,42.0,40.0,30.0,10.0,-0.0005262472571946342,0.01589528609613826,0.05540308551765816,-0.025171056051746975,-0.06062136900902997,639,0.13926820489560077,0.39436619718309857,1.1214669737515937,5,0.07712020464533129,20.0,0.006249687294806949,0.021647409220575318,FRAGILE
315.0,42.0,50.0,10.0,3.0,-0.009418255273643705,0.015399437894210912,0.09620467140487876,-0.6067858236790278,-0.209837667214701,2099,0.1407513297448681,0.3330157217722725,1.1385338277597943,5,-0.7701510038447001,20.0,-0.005432123234812525,0.021237846439385172,FRAGILE
315.0,42.0,50.0,10.0,5.0,-0.009418255273643705,0.015399437894210912,0.09620467140487876,-0.6067858236790278,nan,1206,0.1407513297448681,0.36898839137645106,1.2193873974926772,5,-0.7701510038447001,20.0,-0.005432123234812525,0.021237846439385172,FRAGILE
315.0,42.0,50.0,10.0,10.0,-0.009418255273643705,0.015399437894210912,0.09620467140487876,-0.6067858236790278,-0.03508951502227136,581,0.1407513297448681,0.42168674698795183,1.1403312927015545,5,-0.7701510038447001,20.0,-0.005432123234812525,0.021237846439385172,FRAGILE
315.0,42.0,50.0,15.0,3.0,-0.006125010356984983,0.014882112181956607,0.08795313940690463,-0.40538987097205537,-0.1945541395145219,2036,0.13419438675338857,0.3349705304518664,1.15028149579436,5,-0.24079928312632579,40.0,0.0014003198692412288,0.021448242707069173,FRAGILE
315.0,42.0,50.0,15.0,5.0,-0.006125010356984983,0.014882112181956607,0.08795313940690463,-0.40538987097205537,-0.10745324215671888,1185,0.13419438675338857,0.36455696202531646,1.1655512061077027,5,-0.24079928312632579,40.0,0.0014003198692412288,0.021448242707069173,FRAGILE
315.0,42.0,50.0,15.0,10.0,-0.006125010356984983,0.014882112181956607,0.08795313940690463,-0.40538987097205537,-0.02638959877751415,588,0.13419438675338857,0.4064625850340136,1.2668081037649581,5,-0.24079928312632579,40.0,0.0014003198692412288,0.021448242707069173,FRAGILE
315.0,42.0,50.0,20.0,3.0,-0.0068655890743030135,0.014919376482656392,0.07576883105080823,-0.45429902000668143,-0.21052756905110048,2044,0.13255556181344785,0.33268101761252444,1.131101553283873,5,-0.4585535966638794,20.0,0.0008739610369492556,0.018661738283011695,FRAGILE
315.0,42.0,50.0,20.0,5.0,-0.0068655890743030135,0.014919376482656392,0.07576883105080823,-0.45429902000668143,-0.09723792243951271,1248,0.13255556181344785,0.3581730769230769,1.267540558637783,5,-0.4585535966638794,20.0,0.0008739610369492556,0.018661738283011695,FRAGILE
315.0,42.0,50.0,20.0,10.0,-0.0068655890743030135,0.014919376482656392,0.07576883105080823,-0.45429902000668143,-0.032618191888474306,618,0.13255556181344785,0.4077669902912621,1.2292606606256293,5,-0.4585535966638794,20.0,0.0008739610369492556,0.018661738283011695,FRAGILE
315.0,42.0,50.0,25.0,3.0,-0.0056976319732132685,0.015331093639929932,0.0655969418209037,-0.3650330676550219,-0.23950783113105578,2049,0.13239397978855877,0.3308931185944363,1.035132154591032,5,-0.05143782404264914,40.0,0.001852223313913659,0.01645261117726504,FRAGILE
315.0,42.0,50.0,25.0,5.0,-0.0056976319732132685,0.015331093639929932,0.0655969418209037,-0.3650330676550219,-0.1303277841770936,1234,0.13239397978855877,0.35899513776337116,1.1297598380997942,5,-0.05143782404264914,40.0,0.001852223313913659,0.01645261117726504,FRAGILE
315.0,42.0,50.0,25.0,10.0,-0.0056976319732132685,0.015331093639929932,0.0655969418209037,-0.3650330676550219,-0.03129274678775361,597,0.13239397978855877,0.4020100502512563,1.2647360688107634,5,-0.05143782404264914,40.0,0.001852223313913659,0.01645261117726504,FRAGILE
315.0,42.0,50.0,30.0,3.0,-0.00047556100086176833,0.01603980284418892,0.056790463955055936,-0.021639023156111672,-0.2223958458880323,2147,0.14129309158751,0.33162552398695855,1.1004148338484623,5,0.07521401332033403,40.0,0.006438907692745022,0.02231394496280821,FRAGILE
315.0,42.0,50.0,30.0,5.0,-0.00047556100086176833,0.01603980284418892,0.056790463955055936,-0.021639023156111672,-0.1283424024157621,1300,0.14129309158751,0.3569230769230769,1.147868496223531,5,0.07521401332033403,40.0,0.006438907692745022,0.02231394496280821,FRAGILE
315.0,42.0,50.0,30.0,10.0,-0.00047556100086176833,0.01603980284418892,0.056790463955055936,-0.021639023156111672,-0.05541740451535098,636,0.14129309158751,0.39308176100628933,1.162765581918714,5,0.07521401332033403,40.0,0.006438907692745022,0.02231394496280821,FRAGILE
315.0,42.0,60.0,10.0,3.0,-0.009447159657781534,0.01574897773797619,0.09692271086143434,-0.5948251935515076,-0.2087596324813239,2093,0.14251320641042892,0.3325370281892021,1.1384876258040701,5,-0.7716918439289917,20.0,-0.005437378315979213,0.021892104326443465,FRAGILE
315.0,42.0,60.0,10.0,5.0,-0.009447159657781534,0.01574897773797619,0.09692271086143434,-0.5948251935515076,nan,1202,0.14251320641042892,0.3685524126455907,1.2183463308588236,5,-0.7716918439289917,20.0,-0.005437378315979213,0.021892104326443465,FRAGILE
315.0,42.0,60.0,10.0,10.0,-0.009447159657781534,0.01574897773797619,0.09692271086143434,-0.5948251935515076,-0.03413085801099884,580,0.14251320641042892,0.4224137931034483,1.1420646867013833,5,-0.7716918439289917,20.0,-0.005437378315979213,0.021892104326443465,FRAGILE
315.0,42.0,60.0,15.0,3.0,-0.00591883544306393,0.015281538410849825,0.08761434657254608,-0.3808263722368877,-0.19479532062127003,2031,0.13620491264439935,0.33431806991629737,1.1478692783280828,5,-0.23091878187811732,40.0,0.0017401283048510408,0.021896339946586636,FRAGILE
315.0,42.0,60.0,15.0,5.0,-0.00591883544306393,0.015281538410849825,0.08761434657254608,-0.3808263722368877,-0.10607409951440049,1181,0.13620491264439935,0.3640982218458933,1.1613489204817604,5,-0.23091878187811732,40.0,0.0017401283048510408,0.021896339946586636,FRAGILE
315.0,42.0,60.0,15.0,10.0,-0.00591883544306393,0.015281538410849825,0.08761434657254608,-0.3808263722368877,-0.025489266396112594,587,0.13620491264439935,0.4071550255536627,1.2688971659983543,5,-0.23091878187811732,40.0,0.0017401283048510408,0.021896339946586636,FRAGILE
315.0,42.0,60.0,20.0,3.0,-0.006795623541692608,0.015272034614638719,0.07656512126289827,-0.43884732466912096,-0.21113245095162214,2039,0.13452039982139308,0.33202550269740067,1.126571689035144,5,-0.4503838279687279,20.0,0.0010870673074573566,0.019159557610724392,FRAGILE
315.0,42.0,60.0,20.0,5.0,-0.006795623541692608,0.015272034614638719,0.07656512126289827,-0.43884732466912096,-0.09548049805036667,1244,0.13452039982139308,0.35852090032154343,1.26778726231619,5,-0.4503838279687279,20.0,0.0010870673074573566,0.019159557610724392,FRAGILE
315.0,42.0,60.0,20.0,10.0,-0.006795623541692608,0.015272034614638719,0.07656512126289827,-0.43884732466912096,-0.03136774790490188,617,0.13452039982139308,0.40842787682333875,1.233134288590239,5,-0.4503838279687279,20.0,0.0010870673074573566,0.019159557610724392,FRAGILE
315.0,42.0,60.0,25.0,3.0,-0.005517479032959405,0.01566696149343944,0.06592534670457284,-0.3453119111398587,-0.23827560764541855,2044,0.13442350380652715,0.33072407045009783,1.0363861182516523,5,-0.061195109745356704,40.0,0.0021201935920122316,0.0171141875053574,FRAGILE
315.0,42.0,60.0,25.0,5.0,-0.005517479032959405,0.01566696149343944,0.06592534670457284,-0.3453119111398587,-0.12934448580023866,1230,0.13442350380652715,0.359349593495935,1.1251332937395833,5,-0.061195109745356704,40.0,0.0021201935920122316,0.0171141875053574,FRAGILE
315.0,42.0,60.0,25.0,10.0,-0.005517479032959405,0.01566696149343944,0.06592534670457284,-0.3453119111398587,-0.030489618057352518,596,0.13442350380652715,0.40268456375838924,1.2661279916396335,5,-0.061195109745356704,40.0,0.0021201935920122316,0.0171141875053574,FRAGILE
315.0,42.0,60.0,30.0,3.0,-0.00031349514947009993,0.016349957041006426,0.05706806627146599,-0.011005189184153285,-0.22228519173007216,2142,0.14344618595234548,0.33099906629318393,1.0928555018279131,5,0.0576598183948245,40.0,0.006625131670840845,0.02283002023599377,FRAGILE
315.0,42.0,60.0,30.0,5.0,-0.00031349514947009993,0.016349957041006426,0.05706806627146599,-0.011005189184153285,-0.12772328085245602,1296,0.14344618595234548,0.35648148148148145,1.145449338952271,5,0.0576598183948245,40.0,0.006625131670840845,0.02283002023599377,FRAGILE
315.0,42.0,60.0,30.0,10.0,-0.00031349514947009993,0.016349957041006426,0.05706806627146599,-0.011005189184153285,-0.05499941332625287,635,0.14344618595234548,0.3937007874015748,1.1616741051437216,5,0.0576598183948245,40.0,0.006625131670840845,0.02283002023599377,FRAGILE
315.0,42.0,70.0,10.0,3.0,-0.009320711552490812,0.015871073088665602,0.09816336228715294,-0.5820854099890481,-0.20542205034432284,2088,0.14439714020742825,0.3314176245210728,1.1639621168692327,5,-0.757029247188111,20.0,-0.005003630211985155,0.023088243450638143,FRAGILE
315.0,42.0,70.0,10.0,5.0,-0.009320711552490812,0.015871073088665602,0.09816336228715294,-0.5820854099890481,nan,1199,0.14439714020742825,0.3678065054211843,1.2501285883249829,5,-0.757029247188111,20.0,-0.005003630211985155,0.023088243450638143,FRAGILE
315.0,42.0,70.0,10.0,10.0,-0.009320711552490812,0.015871073088665602,0.09816336228715294,-0.5820854099890481,-0.03203236299304154,579,0.14439714020742825,0.4214162348877375,1.1647776840229997,5,-0.757029247188111,20.0,-0.005003630211985155,0.023088243450638143,FRAGILE
315.0,42.0,70.0,15.0,3.0,-0.0056043787346550245,0.015454658992280724,0.08789176384868347,-0.35592419446027973,-0.19173759627426984,2026,0.13829911526175998,0.33316880552813427,1.169175489819621,5,-0.20549909534649569,40.0,0.0024002143549490375,0.02293296340271865,FRAGILE
315.0,42.0,70.0,15.0,5.0,-0.0056043787346550245,0.015454658992280724,0.08789176384868347,-0.35592419446027973,-0.10184380349542672,1178,0.13829911526175998,0.3633276740237691,1.1952495744411369,5,-0.20549909534649569,40.0,0.0024002143549490375,0.02293296340271865,FRAGILE
315.0,42.0,70.0,15.0,10.0,-0.0056043787346550245,0.015454658992280724,0.08789176384868347,-0.35592419446027973,-0.02289668122179104,586,0.13829911526175998,0.4061433447098976,1.2967183311626296,5,-0.20549909534649569,40.0,0.0024002143549490375,0.02293296340271865,FRAGILE
315.0,42.0,70.0,20.0,3.0,-0.006365281304853587,0.015463387752516166,0.076122745309538,-0.40521372518330073,-0.20725816452057347,2034,0.13645882026299685,0.3308751229105211,1.149518654126448,5,-0.3864372108237455,40.0,0.0019331163625484038,0.020305870239923307,FRAGILE
315.0,42.0,70.0,20.0,5.0,-0.006365281304853587,0.015463387752516166,0.076122745309538,-0.40521372518330073,-0.09136804425677188,1242,0.13645882026299685,0.357487922705314,1.301822006623468,5,-0.3864372108237455,40.0,0.0019331163625484038,0.020305870239923307,FRAGILE
315.0,42.0,70.0,20.0,10.0,-0.006365281304853587,0.015463387752516166,0.076122745309538,-0.40521372518330073,-0.028067407170737833,616,0.13645882026299685,0.4074675324675325,1.2643705347085228,5,-0.3864372108237455,40.0,0.0019331163625484038,0.020305870239923307,FRAGILE
315.0,42.0,70.0,25.0,3.0,-0.005083210835688079,0.01582144607545951,0.06513095392662915,-0.3141931714438979,-0.2358892938976642,2041,0.13627318787485102,0.3297403233708966,1.0598043010643012,5,-0.01981879182701073,40.0,0.002910378058462193,0.01809158273193354,FRAGILE
315.0,42.0,70.0,25.0,5.0,-0.005083210835688079,0.01582144607545951,0.06513095392662915,-0.3141931714438979,-0.12678155134109576,1228,0.13627318787485102,0.3583061889250814,1.1504092879274663,5,-0.01981879182701073,40.0,0.002910378058462193,0.01809158273193354,FRAGILE
315.0,42.0,70.0,25.0,10.0,-0.005083210835688079,0.01582144607545951,0.06513095392662915,-0.3141931714438979,-0.028486911995824496,595,0.13627318787485102,0.4016806722689076,1.2898918737527632,5,-0.01981879182701073,40.0,0.002910378058462193,0.01809158273193354,FRAGILE
315.0,42.0,70.0,30.0,3.0,2.3718399423389158e-05,0.016489971022119295,0.05732788489191054,0.009679867153309034,-0.22052517905408728,2139,0.14531945637048904,0.3300607760635811,1.1138054471073413,5,0.08610898369949382,40.0,0.007287669535708252,0.02415122952518911,NON_FRAGILE
315.0,42.0,70.0,30.0,5.0,2.3718399423389158e-05,0.016489971022119295,0.05732788489191054,0.009679867153309034,-0.12490430056848766,1294,0.14531945637048904,0.3554868624420402,1.1723655344659714,5,0.08610898369949382,40.0,0.007287669535708252,0.02415122952518911,NON_FRAGILE
315.0,42.0,70.0,30.0,10.0,2.3718399423389158e-05,0.016489971022119295,0.05732788489191054,0.009679867153309034,-0.052517938405889385,634,0.14531945637048904,0.39274447949526814,1.1897850116472821,5,0.08610898369949382,40.0,0.007287669535708252,0.02415122952518911,NON_FRAGILE
315.0,42.0,80.0,10.0,3.0,-0.008771786144518345,0.01610350388859348,0.09711462632203605,-0.5390566850015328,-0.20388898531851227,2087,0.14603094895743404,0.3315764254911356,1.1757149025153362,5,-0.7076791505295923,20.0,-0.003966105371033102,0.024551865321121667,FRAGILE
315.0,42.0,80.0,10.0,5.0,-0.008771786144518345,0.01610350388859348,0.09711462632203605,-0.5390566850015328,nan,1197,0.14603094895743404,0.3659147869674185,1.3012141216060997,5,-0.7076791505295923,20.0,-0.003966105371033102,0.024551865321121667,FRAGILE
315.0,42.0,80.0,10.0,10.0,-0.008771786144518345,0.01610350388859348,0.09711462632203605,-0.5390566850015328,-0.03243088183678546,579,0.14603094895743404,0.4214162348877375,1.1683211120694124,5,-0.7076791505295923,20.0,-0.003966105371033102,0.024551865321121667,FRAGILE
315.0,42.0,80.0,15.0,3.0,-0.004983539057209718,0.015714429254550664,0.08680259255065936,-0.31006686063845923,-0.18900286381890793,2024,0.14000845514322766,0.33300395256917,1.1889999222498244,5,-0.15257557714216324,40.0,0.003594645915699046,0.024419770889335755,FRAGILE
315.0,42.0,80.0,15.0,5.0,-0.004983539057209718,0.015714429254550664,0.08680259255065936,-0.31006686063845923,-0.09583120441622214,1176,0.14000845514322766,0.36139455782312924,1.2498363394223435,5,-0.15257557714216324,40.0,0.003594645915699046,0.024419770889335755,FRAGILE
315.0,42.0,80.0,15.0,10.0,-0.004983539057209718,0.015714429254550664,0.08680259255065936,-0.31006686063845923,-0.022540667700334815,586,0.14000845514322766,0.4061433447098976,1.3045431670955199,5,-0.15257557714216324,40.0,0.003594645915699046,0.024419770889335755,FRAGILE
315.0,42.0,80.0,20.0,3.0,-0.005742772947035957,0.015759616151431382,0.07481409702788722,-0.3575647389350083,-0.2024869285471468,2030,0.1381774021204224,0.3305418719211823,1.1716798114438955,5,-0.3143114149621526,40.0,0.0032131439366062777,0.021877041261150202,FRAGILE
315.0,42.0,80.0,20.0,5.0,-0.005742772947035957,0.015759616151431382,0.07481409702788722,-0.3575647389350083,-0.08556282261473337,1239,0.1381774021204224,0.35673930589184827,1.3423506507162482,5,-0.3143114149621526,40.0,0.0032131439366062777,0.021877041261150202,FRAGILE
315.0,42.0,80.0,20.0,10.0,-0.005742772947035957,0.015759616151431382,0.07481409702788722,-0.3575647389350083,-0.027900090848911777,615,0.1381774021204224,0.408130081300813,1.2646109399014311,5,-0.3143114149621526,40.0,0.0032131439366062777,0.021877041261150202,FRAGILE
315.0,42.0,80.0,25.0,3.0,-0.004470545991819619,0.01610490418813306,0.06368945456620023,-0.27015907771022735,-0.2316258273043721,2037,0.1380693813120035,0.32940598919980363,1.0833671599238994,5,0.04593463261581114,40.0,0.0041580335870445625,0.01940084209959788,FRAGILE
315.0,42.0,80.0,25.0,5.0,-0.004470545991819619,0.01610490418813306,0.06368945456620023,-0.27015907771022735,-0.12187732215113876,1226,0.1380693813120035,0.3572593800978793,1.1879745495915597,5,0.04593463261581114,40.0,0.0041580335870445625,0.01940084209959788,FRAGILE
315.0,42.0,80.0,25.0,10.0,-0.004470545991819619,0.01610490418813306,0.06368945456620023,-0.27015907771022735,-0.03042379460570421,595,0.1380693813120035,0.4016806722689076,1.2799411452001865,5,0.04593463261581114,40.0,0.0041580335870445625,0.01940084209959788,FRAGILE
315.0,42.0,80.0,30.0,3.0,0.0007352751262101886,0.016772487625661782,0.055510153273336416,0.052204085931279,-0.21670938103596382,2136,0.14698519406082525,0.3300561797752809,1.133758729892026,5,0.1546012526755254,40.0,0.008675387144613333,0.025722807991222535,NON_FRAGILE
315.0,42.0,80.0,30.0,5.0,0.0007352751262101886,0.016772487625661782,0.055510153273336416,0.052204085931279,-0.1196303330464961,1293,0.14698519406082525,0.35498839907192575,1.2082166128019747,5,0.1546012526755254,40.0,0.008675387144613333,0.025722807991222535,NON_FRAGILE
315.0,42.0,80.0,30.0,10.0,0.0007352751262101886,0.016772487625661782,0.055510153273336416,0.052204085931279,-0.054069480936147635,634,0.14698519406082525,0.39274447949526814,1.184246996441088,5,0.1546012526755254,40.0,0.008675387144613333,0.025722807991222535,NON_FRAGILE
315.0,63.0,40.0,10.0,3.0,-0.008899550215447083,0.015297551911320801,0.09216393498129227,-0.5767094839016652,-0.210122097173607,2106,0.13796784674513118,0.3366571699905033,1.1089476931899136,5,-0.7287934875206876,20.0,-0.005230154261529773,0.020774758882506534,FRAGILE
315.0,63.0,40.0,10.0,5.0,-0.008899550215447083,0.015297551911320801,0.09216393498129227,-0.5767094839016652,nan,1208,0.13796784674513118,0.37665562913907286,1.1290215250471276,5,-0.7287934875206876,20.0,-0.005230154261529773,0.020774758882506534,FRAGILE
315.0,63.0,40.0,10.0,10.0,-0.008899550215447083,0.015297551911320801,0.09216393498129227,-0.5767094839016652,-0.047756615363963,584,0.13796784674513118,0.4349315068493151,1.0043438869333805,5,-0.7287934875206876,20.0,-0.005230154261529773,0.020774758882506534,FRAGILE
315.0,63.0,40.0,15.0,3.0,-0.005406378850992377,0.014831960822583,0.08229355559054707,-0.3580797188384793,-0.18630768474137732,2044,0.1314221444391671,0.3405088062622309,1.1316192658206143,5,-0.139009715141004,20.0,0.0020302930731481484,0.02104904763846111,FRAGILE
315.0,63.0,40.0,15.0,5.0,-0.005406378850992377,0.014831960822583,0.08229355559054707,-0.3580797188384793,-0.10790109177310207,1188,0.1314221444391671,0.3712121212121212,1.1150011891904892,5,-0.139009715141004,20.0,0.0020302930731481484,0.02104904763846111,FRAGILE
315.0,63.0,40.0,15.0,10.0,-0.005406378850992377,0.014831960822583,0.08229355559054707,-0.3580797188384793,-0.03008888304547008,591,0.1314221444391671,0.4263959390862944,1.1410123371227345,5,-0.139009715141004,20.0,0.0020302930731481484,0.02104904763846111,FRAGILE
315.0,63.0,40.0,20.0,3.0,-0.0051878117716483985,0.014839026567088865,0.0623682583426074,-0.343091454768297,-0.20811349147789843,2053,0.1298649121492266,0.3385289819775938,1.092977305220001,5,-0.24697358101500547,40.0,0.002483505446975731,0.016850273311960273,FRAGILE
315.0,63.0,40.0,20.0,5.0,-0.0051878117716483985,0.014839026567088865,0.0623682583426074,-0.343091454768297,-0.0948314951465437,1252,0.1298649121492266,0.37140575079872207,1.1988989609994989,5,-0.24697358101500547,40.0,0.002483505446975731,0.016850273311960273,FRAGILE
315.0,63.0,40.0,20.0,10.0,-0.0051878117716483985,0.014839026567088865,0.0623682583426074,-0.343091454768297,-0.03578395074651927,620,0.1298649121492266,0.4258064516129032,1.1176201379167123,5,-0.24697358101500547,40.0,0.002483505446975731,0.016850273311960273,FRAGILE
315.0,63.0,40.0,25.0,3.0,-0.00428651971333327,0.015219912390681602,0.05370319751672403,-0.27463253473402555,-0.2265217209073192,2056,0.12970263195460432,0.33706225680933855,1.0304323354087117,5,0.08617015447658641,40.0,0.002904664600409812,0.01456349375123725,FRAGILE
315.0,63.0,40.0,25.0,5.0,-0.00428651971333327,0.015219912390681602,0.05370319751672403,-0.27463253473402555,-0.12399863030900907,1237,0.12970263195460432,0.3742926434923201,1.067372576666286,5,0.08617015447658641,40.0,0.002904664600409812,0.01456349375123725,FRAGILE
315.0,63.0,40.0,25.0,10.0,-0.00428651971333327,0.015219912390681602,0.05370319751672403,-0.27463253473402555,-0.0346860871142718,599,0.12970263195460432,0.41903171953255425,1.1531380812155674,5,0.08617015447658641,40.0,0.002904664600409812,0.01456349375123725,FRAGILE
315.0,63.0,40.0,30.0,3.0,0.0014725980901273417,0.015981617324729143,0.046678430230269075,0.10006369148776843,-0.20885265366107797,2156,0.1387390819065675,0.336734693877551,1.104742373074123,5,0.21764350429997675,40.0,0.008023841526263653,0.02086290416101678,NON_FRAGILE
315.0,63.0,40.0,30.0,5.0,0.0014725980901273417,0.015981617324729143,0.046678430230269075,0.10006369148776843,-0.11441260147719959,1304,0.1387390819065675,0.3688650306748466,1.1407688042432111,5,0.21764350429997675,40.0,0.008023841526263653,0.02086290416101678,NON_FRAGILE
315.0,63.0,40.0,30.0,10.0,0.0014725980901273417,0.015981617324729143,0.046678430230269075,0.10006369148776843,-0.05398415141413676,639,0.1387390819065675,0.4131455399061033,1.073743998850373,5,0.21764350429997675,40.0,0.008023841526263653,0.02086290416101678,NON_FRAGILE
315.0,63.0,50.0,10.0,3.0,-0.008847273140344503,0.015537093374771395,0.09261257562682057,-0.5641854195360554,-0.20910761187520327,2099,0.14026423114416076,0.3363506431634111,1.1233375386712543,5,-0.6894865501111165,20.0,-0.004899626040935301,0.021261207590755477,FRAGILE
315.0,63.0,50.0,10.0,5.0,-0.008847273140344503,0.015537093374771395,0.09261257562682057,-0.5641854195360554,nan,1206,0.14026423114416076,0.3756218905472637,1.1484241382779468,5,-0.6894865501111165,20.0,-0.004899626040935301,0.021261207590755477,FRAGILE
315.0,63.0,50.0,10.0,10.0,-0.008847273140344503,0.015537093374771395,0.09261257562682057,-0.5641854195360554,-0.04483231444239663,581,0.14026423114416076,0.4354561101549053,1.0234422392482405,5,-0.6894865501111165,20.0,-0.004899626040935301,0.021261207590755477,FRAGILE
315.0,63.0,50.0,15.0,3.0,-0.00534210827986259,0.015064777082727944,0.08313298016413628,-0.3480251385666847,-0.18644695670991798,2036,0.13354161977346576,0.34037328094302555,1.1454310689773368,5,-0.1209687406511005,40.0,0.0023865873484947954,0.021533621333889558,FRAGILE
315.0,63.0,50.0,15.0,5.0,-0.00534210827986259,0.015064777082727944,0.08313298016413628,-0.3480251385666847,-0.10633586596192757,1185,0.13354161977346576,0.37046413502109704,1.1351952575885655,5,-0.1209687406511005,40.0,0.0023865873484947954,0.021533621333889558,FRAGILE
315.0,63.0,50.0,15.0,10.0,-0.00534210827986259,0.015064777082727944,0.08313298016413628,-0.3480251385666847,-0.02674406096797769,588,0.13354161977346576,0.4268707482993197,1.1636213600040541,5,-0.1209687406511005,40.0,0.0023865873484947954,0.021533621333889558,FRAGILE
315.0,63.0,50.0,20.0,3.0,-0.005176853020774863,0.014951229792299979,0.06315672860463628,-0.33966810194037,-0.20785696186702962,2044,0.13191119693150863,0.3385518590998043,1.1053472727513425,5,-0.23908144675981932,40.0,0.0027637636084542503,0.017432219374282052,FRAGILE
315.0,63.0,50.0,20.0,5.0,-0.005176853020774863,0.014951229792299979,0.06315672860463628,-0.33966810194037,-0.09169611411094043,1248,0.13191119693150863,0.37099358974358976,1.218712120665866,5,-0.23908144675981932,40.0,0.0027637636084542503,0.017432219374282052,FRAGILE
315.0,63.0,50.0,20.0,10.0,-0.005176853020774863,0.014951229792299979,0.06315672860463628,-0.33966810194037,-0.03169717833520257,618,0.13191119693150863,0.4255663430420712,1.1465987085369096,5,-0.23908144675981932,40.0,0.0027637636084542503,0.017432219374282052,FRAGILE
315.0,63.0,50.0,25.0,3.0,-0.004212997016641573,0.015397184290322066,0.05552685921373757,-0.266499477568525,-0.22701096661433817,2049,0.13181945559806663,0.3367496339677892,1.0399650576488344,5,0.09501850156849857,40.0,0.0032988007770573314,0.015256656493756448,FRAGILE
315.0,63.0,50.0,25.0,5.0,-0.004212997016641573,0.015397184290322066,0.05552685921373757,-0.266499477568525,-0.12161141115755199,1234,0.13181945559806663,0.373581847649919,1.0896239599814483,5,0.09501850156849857,40.0,0.0032988007770573314,0.015256656493756448,FRAGILE
315.0,63.0,50.0,25.0,10.0,-0.004212997016641573,0.015397184290322066,0.05552685921373757,-0.266499477568525,-0.030488032644545603,597,0.13181945559806663,0.4187604690117253,1.183996526970248,5,0.09501850156849857,40.0,0.0032988007770573314,0.015256656493756448,FRAGILE
315.0,63.0,50.0,30.0,3.0,0.001421826203808818,0.016125195093697087,0.04885925331588492,0.09617127885671369,-0.2090844829383281,2147,0.1407738496788951,0.3367489520260829,1.111485668406753,5,0.2111824832537666,40.0,0.008145127887161551,0.021519395868202975,NON_FRAGILE
315.0,63.0,50.0,30.0,5.0,0.001421826203808818,0.016125195093697087,0.04885925331588492,0.09617127885671369,-0.11238023586314003,1300,0.1407738496788951,0.36846153846153845,1.1487487815541064,5,0.2111824832537666,40.0,0.008145127887161551,0.021519395868202975,NON_FRAGILE
315.0,63.0,50.0,30.0,10.0,0.001421826203808818,0.016125195093697087,0.04885925331588492,0.09617127885671369,-0.049182086012983774,636,0.1407738496788951,0.4119496855345912,1.1102298823098429,5,0.2111824832537666,40.0,0.008145127887161551,0.021519395868202975,NON_FRAGILE
315.0,63.0,60.0,10.0,3.0,-0.008767995855840427,0.01587065020340871,0.0924791646005142,-0.5469579848029046,-0.20779790601545084,2093,0.1420485144693254,0.3358815097945533,1.1240997877460968,5,-0.6821675593523151,20.0,-0.004735861943840347,0.02180555597415085,FRAGILE
315.0,63.0,60.0,10.0,5.0,-0.008767995855840427,0.01587065020340871,0.0924791646005142,-0.5469579848029046,nan,1202,0.1420485144693254,0.3752079866888519,1.1460951585147754,5,-0.6821675593523151,20.0,-0.004735861943840347,0.02180555597415085,FRAGILE
315.0,63.0,60.0,10.0,10.0,-0.008767995855840427,0.01587065020340871,0.0924791646005142,-0.5469579848029046,-0.04389609710893296,580,0.1420485144693254,0.4362068965517241,1.0247520751225148,5,-0.6821675593523151,20.0,-0.004735861943840347,0.02180555597415085,FRAGILE
315.0,63.0,60.0,15.0,3.0,-0.0050906698454056265,0.015452680073865084,0.08239902233997898,-0.3225491911650125,-0.18653039285713766,2031,0.13560108146805014,0.3397341211225997,1.1438903474286988,5,-0.10374129947860744,40.0,0.0028187337867669805,0.021861786168806917,FRAGILE
315.0,63.0,60.0,15.0,5.0,-0.0050906698454056265,0.015452680073865084,0.08239902233997898,-0.3225491911650125,-0.10482196432941573,1181,0.13560108146805014,0.37002540220152413,1.131883216801264,5,-0.10374129947860744,40.0,0.0028187337867669805,0.021861786168806917,FRAGILE
315.0,63.0,60.0,15.0,10.0,-0.0050906698454056265,0.015452680073865084,0.08239902233997898,-0.3225491911650125,-0.025551432671962616,587,0.13560108146805014,0.42759795570698467,1.1673168839071166,5,-0.10374129947860744,40.0,0.0028187337867669805,0.021861786168806917,FRAGILE
315.0,63.0,60.0,20.0,3.0,-0.005098345175127417,0.015297368309382883,0.06380148275426778,-0.32648171642149454,-0.2086147498207401,2039,0.1339577347250527,0.3379107405590976,1.1006176102934941,5,-0.22748601329560567,40.0,0.00301231230314547,0.01789920137761514,FRAGILE
315.0,63.0,60.0,20.0,5.0,-0.005098345175127417,0.015297368309382883,0.06380148275426778,-0.32648171642149454,-0.08988657438748204,1244,0.1339577347250527,0.37138263665594856,1.2195677493971178,5,-0.22748601329560567,40.0,0.00301231230314547,0.01789920137761514,FRAGILE
315.0,63.0,60.0,20.0,10.0,-0.005098345175127417,0.015297368309382883,0.06380148275426778,-0.32648171642149454,-0.03006811541017094,617,0.1339577347250527,0.42625607779578606,1.1526074410292837,5,-0.22748601329560567,40.0,0.00301231230314547,0.01789920137761514,FRAGILE
315.0,63.0,60.0,25.0,3.0,-0.004025314130540858,0.015726697537910127,0.055700396327170276,-0.24860659319597878,-0.22598103582062198,2044,0.13393048033362986,0.33659491193737767,1.0410873257565385,5,0.08527753034500517,40.0,0.0035908363555748448,0.015891654014658016,FRAGILE
315.0,63.0,60.0,25.0,5.0,-0.004025314130540858,0.015726697537910127,0.055700396327170276,-0.24860659319597878,-0.12067144019081351,1230,0.13393048033362986,0.37398373983739835,1.0854226638708342,5,0.08527753034500517,40.0,0.0035908363555748448,0.015891654014658016,FRAGILE
315.0,63.0,60.0,25.0,10.0,-0.004025314130540858,0.015726697537910127,0.055700396327170276,-0.24860659319597878,-0.02920932326937651,596,0.13393048033362986,0.41946308724832215,1.1882746740515684,5,0.08527753034500517,40.0,0.0035908363555748448,0.015891654014658016,FRAGILE
315.0,63.0,60.0,30.0,3.0,0.0016214044708802167,0.016430627556539755,0.048788787630962616,0.1068143848265702,-0.20896436036901758,2142,0.14297390184211037,0.33613445378151263,1.1046557256280118,5,0.19810444361570986,40.0,0.008385290699560777,0.022020797374324504,NON_FRAGILE
315.0,63.0,60.0,30.0,5.0,0.0016214044708802167,0.016430627556539755,0.048788787630962616,0.1068143848265702,-0.11116703159522624,1296,0.14297390184211037,0.3680555555555556,1.1493740052572112,5,0.19810444361570986,40.0,0.008385290699560777,0.022020797374324504,NON_FRAGILE
315.0,63.0,60.0,30.0,10.0,0.0016214044708802167,0.016430627556539755,0.048788787630962616,0.1068143848265702,-0.04799016113050165,635,0.14297390184211037,0.4125984251968504,1.1135209263327281,5,0.19810444361570986,40.0,0.008385290699560777,0.022020797374324504,NON_FRAGILE
315.0,63.0,70.0,10.0,3.0,-0.00870611823316414,0.01599632370458162,0.09432646276110224,-0.538633689723106,-0.20569276390752592,2088,0.14397806073650207,0.33477011494252873,1.1457300116623166,5,-0.6773796221949494,20.0,-0.004440440155573255,0.023188709500167284,FRAGILE
315.0,63.0,70.0,10.0,5.0,-0.00870611823316414,0.01599632370458162,0.09432646276110224,-0.538633689723106,nan,1199,0.14397806073650207,0.37447873227689743,1.1702158672301186,5,-0.6773796221949494,20.0,-0.004440440155573255,0.023188709500167284,FRAGILE
315.0,63.0,70.0,10.0,10.0,-0.00870611823316414,0.01599632370458162,0.09432646276110224,-0.538633689723106,-0.042471260356661884,579,0.14397806073650207,0.43523316062176165,1.0427764292904307,5,-0.6773796221949494,20.0,-0.004440440155573255,0.023188709500167284,FRAGILE
315.0,63.0,70.0,15.0,3.0,-0.004797751846865594,0.015622502525651073,0.08295205354232915,-0.3000319910328456,-0.18444689807447667,2026,0.1377412888967777,0.33859822309970383,1.1617774308919309,5,-0.08549266330431746,60.0,0.0033827554628311552,0.023012879262696753,FRAGILE
315.0,63.0,70.0,15.0,5.0,-0.004797751846865594,0.015622502525651073,0.08295205354232915,-0.3000319910328456,-0.10187135846397753,1178,0.1377412888967777,0.3692699490662139,1.1590873328431526,5,-0.08549266330431746,60.0,0.0033827554628311552,0.023012879262696753,FRAGILE
315.0,63.0,70.0,15.0,10.0,-0.004797751846865594,0.015622502525651073,0.08295205354232915,-0.3000319910328456,-0.02313807043328684,586,0.1377412888967777,0.42662116040955633,1.1913867941901144,5,-0.08549266330431746,60.0,0.0033827554628311552,0.023012879262696753,FRAGILE
315.0,63.0,70.0,20.0,3.0,-0.004765697434743199,0.015496666662654483,0.06422225624409628,-0.3005136679984796,-0.20583206720401964,2034,0.1359658189065367,0.3367748279252704,1.1198993067811867,5,-0.1913665016171293,40.0,0.003639853445293806,0.01919402910216143,FRAGILE
315.0,63.0,70.0,20.0,5.0,-0.004765697434743199,0.015496666662654483,0.06422225624409628,-0.3005136679984796,-0.08654404904965037,1242,0.1359658189065367,0.37037037037037035,1.2488185776739855,5,-0.1913665016171293,40.0,0.003639853445293806,0.01919402910216143,FRAGILE
315.0,63.0,70.0,20.0,10.0,-0.004765697434743199,0.015496666662654483,0.06422225624409628,-0.3005136679984796,-0.027124896491998916,616,0.1359658189065367,0.4253246753246753,1.1794958058262324,5,-0.1913665016171293,40.0,0.003639853445293806,0.01919402910216143,FRAGILE
315.0,63.0,70.0,25.0,3.0,-0.0035970383407681883,0.015878930868509975,0.05512508703277308,-0.21899805318867732,-0.22368381262759296,2041,0.13585151637412202,0.33561979421852034,1.0639626674014657,5,0.114873392041923,40.0,0.004294326383512503,0.01694490511694264,FRAGILE
315.0,63.0,70.0,25.0,5.0,-0.0035970383407681883,0.015878930868509975,0.05512508703277308,-0.21899805318867732,-0.1184848553578709,1228,0.13585151637412202,0.3729641693811075,1.1081667295058815,5,0.114873392041923,40.0,0.004294326383512503,0.01694490511694264,FRAGILE
315.0,63.0,70.0,25.0,10.0,-0.0035970383407681883,0.015878930868509975,0.05512508703277308,-0.21899805318867732,-0.027297596174766875,595,0.13585151637412202,0.4184873949579832,1.2097928450755946,5,0.114873392041923,40.0,0.004294326383512503,0.01694490511694264,FRAGILE
315.0,63.0,70.0,30.0,3.0,0.0019379303815603155,0.016563200195103104,0.04923798147265046,0.1251674843861072,-0.2072888329556919,2139,0.14488652324769546,0.33520336605890605,1.124941489213277,5,0.21392607653190066,40.0,0.008945323532582483,0.023389778634350104,NON_FRAGILE
315.0,63.0,70.0,30.0,5.0,0.0019379303815603155,0.016563200195103104,0.04923798147265046,0.1251674843861072,-0.10879223514252351,1294,0.14488652324769546,0.3670788253477589,1.1736148084244844,5,0.21392607653190066,40.0,0.008945323532582483,0.023389778634350104,NON_FRAGILE
315.0,63.0,70.0,30.0,10.0,0.0019379303815603155,0.016563200195103104,0.04923798147265046,0.1251674843861072,-0.04566647462001879,634,0.14488652324769546,0.4116719242902208,1.1382059720854532,5,0.21392607653190066,40.0,0.008945323532582483,0.023389778634350104,NON_FRAGILE
315.0,63.0,80.0,10.0,3.0,-0.00821912230830546,0.016227166837492837,0.09395663259020393,-0.5004766471143963,-0.20440424052740858,2087,0.14568147013757396,0.3349305222807858,1.1565331346339036,5,-0.6379043784411007,20.0,-0.0034925434478339625,0.02482935730213771,FRAGILE
315.0,63.0,80.0,10.0,5.0,-0.00821912230830546,0.016227166837492837,0.09395663259020393,-0.5004766471143963,nan,1197,0.14568147013757396,0.37259816207184626,1.2212351903569378,5,-0.6379043784411007,20.0,-0.0034925434478339625,0.02482935730213771,FRAGILE
315.0,63.0,80.0,10.0,10.0,-0.00821912230830546,0.016227166837492837,0.09395663259020393,-0.5004766471143963,-0.042494549918287515,579,0.14568147013757396,0.43523316062176165,1.0497125253942259,5,-0.6379043784411007,20.0,-0.0034925434478339625,0.02482935730213771,FRAGILE
315.0,63.0,80.0,15.0,3.0,-0.004197110741008814,0.01587806400158595,0.08227531022095858,-0.2569518578624547,-0.1817608223758464,2024,0.13953080847064325,0.3384387351778656,1.1810657660246806,5,-0.03899731634159397,60.0,0.004523555871493135,0.024626793818431615,FRAGILE
315.0,63.0,80.0,15.0,5.0,-0.004197110741008814,0.01587806400158595,0.08227531022095858,-0.2569518578624547,-0.09583757563828094,1176,0.13953080847064325,0.3673469387755102,1.2129837649807438,5,-0.03899731634159397,60.0,0.004523555871493135,0.024626793818431615,FRAGILE
315.0,63.0,80.0,15.0,10.0,-0.004197110741008814,0.01587806400158595,0.08227531022095858,-0.2569518578624547,-0.022803775605991027,586,0.13953080847064325,0.42662116040955633,1.1984644967154472,5,-0.03899731634159397,60.0,0.004523555871493135,0.024626793818431615,FRAGILE
315.0,63.0,80.0,20.0,3.0,-0.004093550180028105,0.015798683732079013,0.06282045890431831,-0.25173772281062784,-0.2009329785827211,2030,0.13777302127725197,0.33645320197044337,1.1419903152708055,5,-0.11742152103760328,40.0,0.0049753720617849995,0.020817939761698333,FRAGILE
315.0,63.0,80.0,20.0,5.0,-0.004093550180028105,0.015798683732079013,0.06282045890431831,-0.25173772281062784,-0.08063719043757547,1239,0.13777302127725197,0.3696529459241324,1.2878651072223548,5,-0.11742152103760328,40.0,0.0049753720617849995,0.020817939761698333,FRAGILE
315.0,63.0,80.0,20.0,10.0,-0.004093550180028105,0.015798683732079013,0.06282045890431831,-0.25173772281062784,-0.027104157014277343,615,0.13777302127725197,0.42601626016260163,1.1787851270215497,5,-0.11742152103760328,40.0,0.0049753720617849995,0.020817939761698333,FRAGILE
315.0,63.0,80.0,25.0,3.0,-0.0029418238653480255,0.016162466628264045,0.053671737925292895,-0.1742043953234587,-0.21954564000526863,2037,0.13774850859159893,0.33529700540009816,1.0867817980173653,5,0.18032295567433146,40.0,0.005586510829772284,0.018301981678488892,FRAGILE
315.0,63.0,80.0,25.0,5.0,-0.0029418238653480255,0.016162466628264045,0.053671737925292895,-0.1742043953234587,-0.11371910917459564,1226,0.13774850859159893,0.3719412724306688,1.1432093405549602,5,0.18032295567433146,40.0,0.005586510829772284,0.018301981678488892,FRAGILE
315.0,63.0,80.0,25.0,10.0,-0.0029418238653480255,0.016162466628264045,0.053671737925292895,-0.1742043953234587,-0.029422248817804832,595,0.13774850859159893,0.4184873949579832,1.1992892839037022,5,0.18032295567433146,40.0,0.005586510829772284,0.018301981678488892,FRAGILE
315.0,63.0,80.0,30.0,3.0,0.0026503777869628653,0.016844727941570208,0.0496326846224272,0.1655523581016114,-0.20382446574079793,2136,0.1466740500462138,0.3352059925093633,1.1436309455972564,5,0.2773479995082271,40.0,0.010325380612598778,0.025025810683129274,NON_FRAGILE
315.0,63.0,80.0,30.0,5.0,0.0026503777869628653,0.016844727941570208,0.0496326846224272,0.1655523581016114,-0.10394142029731997,1293,0.1466740500462138,0.3665893271461717,1.2068526317438484,5,0.2773479995082271,40.0,0.010325380612598778,0.025025810683129274,NON_FRAGILE
315.0,63.0,80.0,30.0,10.0,0.0026503777869628653,0.016844727941570208,0.0496326846224272,0.1655523581016114,-0.047653028871979274,634,0.1466740500462138,0.4116719242902208,1.1302077695171346,5,0.2773479995082271,40.0,0.010325380612598778,0.025025810683129274,NON_FRAGILE
