event_id,instrument,side,event_timestamp,entry_price,daily_vol,pt_price,sl_price,first_touch_type,first_touch_timestamp,first_touch_price,label,excluded_reason
A,U,D,U,S,D,m,-,0,0,0,0,,,A,U,D,U,S,D,m,,,L,O,N,G,,,2,0,2,0,-,1,0,-,2,7,,,0,.,7,1,1,6,,,0,.,0,8,7,3,6,2,,,0,.,7,1,9,4,3,2,,,0,.,7,0,3,7,6,8,,,S,L,,,2,0,2,0,-,1,0,-,2,9,,,0,.,7,0,3,7,6,8,,,-,1,,
A,U,D,U,S,D,m,-,0,0,0,1,,,A,U,D,U,S,D,m,,,L,O,N,G,,,2,0,2,0,-,1,1,-,0,2,,,0,.,7,0,0,6,9,,,0,.,0,8,6,6,8,,,0,.,7,0,8,3,4,2,,,0,.,6,9,3,0,3,8,,,P,T,,,2,0,2,0,-,1,1,-,0,3,,,0,.,7,0,8,3,4,2,,,1,,
A,U,D,U,S,D,m,-,0,0,0,2,,,A,U,D,U,S,D,m,,,L,O,N,G,,,2,0,2,0,-,1,1,-,0,8,,,0,.,7,2,7,3,8,,,0,.,0,9,5,1,2,1,,,0,.,7,3,6,0,9,7,,,0,.,7,1,8,6,6,3,,,V,E,R,T,I,C,A,L,,,2,0,2,0,-,1,1,-,1,9,,,0,.,7,2,6,7,,,-,1,,
A,U,D,U,S,D,m,-,0,0,0,3,,,A,U,D,U,S,D,m,,,L,O,N,G,,,2,0,2,0,-,1,2,-,0,1,,,0,.,7,3,5,8,1,,,0,.,0,8,9,7,4,4,,,0,.,7,4,4,1,3,,,0,.,7,2,7,4,9,,,P,T,,,2,0,2,0,-,1,2,-,0,3,,,0,.,7,4,4,1,3,,,1,,
A,U,D,U,S,D,m,-,0,0,0,4,,,A,U,D,U,S,D,m,,,L,O,N,G,,,2,0,2,0,-,1,2,-,0,7,,,0,.,7,4,2,9,6,,,0,.,0,8,2,5,3,6,,,0,.,7,5,0,6,8,6,,,0,.,7,3,5,2,3,4,,,P,T,,,2,0,2,0,-,1,2,-,1,0,,,0,.,7,5,0,6,8,6,,,1,,
A,U,D,U,S,D,m,-,0,0,0,5,,,A,U,D,U,S,D,m,,,L,O,N,G,,,2,0,2,0,-,1,2,-,1,3,,,0,.,7,5,4,8,3,,,0,.,0,8,4,6,0,9,,,0,.,7,6,2,8,7,6,,,0,.,7,4,6,7,8,4,,,P,T,,,2,0,2,0,-,1,2,-,1,7,,,0,.,7,6,2,8,7,6,,,1,,
A,U,D,U,S,D,m,-,0,0,0,6,,,A,U,D,U,S,D,m,,,L,O,N,G,,,2,0,2,0,-,1,2,-,1,8,,,0,.,7,6,1,3,7,,,0,.,0,7,8,9,4,9,,,0,.,7,6,8,9,4,3,,,0,.,7,5,3,7,9,7,,,S,L,,,2,0,2,0,-,1,2,-,2,1,,,0,.,7,5,3,7,9,7,,,-,1,,
A,U,D,U,S,D,m,-,0,0,0,7,,,A,U,D,U,S,D,m,,,L,O,N,G,,,2,0,2,0,-,1,2,-,2,4,,,0,.,7,5,8,1,9,,,0,.,0,7,6,1,0,4,,,0,.,7,6,5,4,6,,,0,.,7,5,0,9,2,,,P,T,,,2,0,2,0,-,1,2,-,3,0,,,0,.,7,6,5,4,6,,,1,,
A,U,D,U,S,D,m,-,0,0,0,8,,,A,U,D,U,S,D,m,,,L,O,N,G,,,2,0,2,0,-,1,2,-,3,1,,,0,.,7,6,8,7,4,,,0,.,0,7,6,1,7,7,,,0,.,7,7,6,1,1,8,,,0,.,7,6,1,3,6,2,,,P,T,,,2,0,2,1,-,0,1,-,0,5,,,0,.,7,7,6,1,1,8,,,1,,
A,U,D,U,S,D,m,-,0,0,0,9,,,A,U,D,U,S,D,m,,,L,O,N,G,,,2,0,2,1,-,0,1,-,0,7,,,0,.,7,8,1,5,1,,,0,.,0,8,0,8,6,,,0,.,7,8,9,4,7,2,,,0,.,7,7,3,5,4,8,,,S,L,,,2,0,2,1,-,0,1,-,0,8,,,0,.,7,7,3,5,4,8,,,-,1,,
A,U,D,U,S,D,m,-,0,0,1,0,,,A,U,D,U,S,D,m,,,L,O,N,G,,,2,0,2,1,-,0,1,-,1,3,,,0,.,7,7,7,4,8,,,0,.,0,8,0,4,5,9,,,0,.,7,8,5,3,6,1,,,0,.,7,6,9,5,9,9,,,S,L,,,2,0,2,1,-,0,1,-,1,5,,,0,.,7,6,9,5,9,9,,,-,1,,
A,U,D,U,S,D,m,-,0,0,1,1,,,A,U,D,U,S,D,m,,,L,O,N,G,,,2,0,2,1,-,0,1,-,1,9,,,0,.,7,6,8,4,2,,,0,.,0,7,1,2,5,1,,,0,.,7,7,5,3,1,8,,,0,.,7,6,1,5,2,2,,,P,T,,,2,0,2,1,-,0,1,-,2,0,,,0,.,7,7,5,3,1,8,,,1,,
A,U,D,U,S,D,m,-,0,0,1,2,,,A,U,D,U,S,D,m,,,L,O,N,G,,,2,0,2,1,-,0,1,-,2,5,,,0,.,7,7,1,2,7,,,0,.,0,7,1,6,2,4,,,0,.,7,7,8,2,3,,,0,.,7,6,4,3,1,,,S,L,,,2,0,2,1,-,0,1,-,2,7,,,0,.,7,6,4,3,1,,,-,1,,
A,U,D,U,S,D,m,-,0,0,1,3,,,A,U,D,U,S,D,m,,,L,O,N,G,,,2,0,2,1,-,0,1,-,3,1,,,0,.,7,6,2,5,2,,,0,.,0,7,7,3,2,7,,,0,.,7,6,9,9,4,9,,,0,.,7,5,5,0,9,1,,,P,T,,,2,0,2,1,-,0,2,-,0,8,,,0,.,7,6,9,9,4,9,,,1,,
A,U,D,U,S,D,m,-,0,0,1,4,,,A,U,D,U,S,D,m,,,L,O,N,G,,,2,0,2,1,-,0,2,-,0,5,,,0,.,7,5,9,9,6,,,0,.,0,7,6,2,4,4,,,0,.,7,6,7,2,6,,,0,.,7,5,2,6,6,,,P,T,,,2,0,2,1,-,0,2,-,0,7,,,0,.,7,6,7,2,6,,,1,,
A,U,D,U,S,D,m,-,0,0,1,5,,,A,U,D,U,S,D,m,,,L,O,N,G,,,2,0,2,1,-,0,2,-,1,1,,,0,.,7,7,2,3,1,,,0,.,0,7,7,9,7,9,,,0,.,7,7,9,8,9,8,,,0,.,7,6,4,7,2,2,,,P,T,,,2,0,2,1,-,0,2,-,1,6,,,0,.,7,7,9,8,9,8,,,1,,
A,U,D,U,S,D,m,-,0,0,1,6,,,A,U,D,U,S,D,m,,,L,O,N,G,,,2,0,2,1,-,0,2,-,1,7,,,0,.,7,7,3,4,8,,,0,.,0,7,8,8,9,6,,,0,.,7,8,1,1,6,8,,,0,.,7,6,5,7,9,2,,,P,T,,,2,0,2,1,-,0,2,-,1,9,,,0,.,7,8,1,1,6,8,,,1,,
A,U,D,U,S,D,m,-,0,0,1,7,,,A,U,D,U,S,D,m,,,L,O,N,G,,,2,0,2,1,-,0,2,-,2,3,,,0,.,7,9,1,3,5,,,0,.,0,7,9,6,2,2,,,0,.,7,9,9,2,8,8,,,0,.,7,8,3,4,1,2,,,P,T,,,2,0,2,1,-,0,2,-,2,5,,,0,.,7,9,9,2,8,8,,,1,,
A,U,D,U,S,D,m,-,0,0,1,8,,,A,U,D,U,S,D,m,,,L,O,N,G,,,2,0,2,1,-,0,3,-,2,4,,,0,.,7,6,0,6,,,0,.,1,0,3,0,1,7,,,0,.,7,7,0,4,7,2,,,0,.,7,5,0,7,2,8,,,V,E,R,T,I,C,A,L,,,2,0,2,1,-,0,4,-,0,5,,,0,.,7,6,5,6,5,,,1,,
A,U,D,U,S,D,m,-,0,0,1,9,,,A,U,D,U,S,D,m,,,L,O,N,G,,,2,0,2,1,-,0,3,-,3,0,,,0,.,7,6,3,7,7,,,0,.,1,0,1,4,5,5,,,0,.,7,7,3,5,3,3,,,0,.,7,5,4,0,0,7,,,S,L,,,2,0,2,1,-,0,4,-,0,1,,,0,.,7,5,4,0,0,7,,,-,1,,
A,U,D,U,S,D,m,-,0,0,2,0,,,A,U,D,U,S,D,m,,,L,O,N,G,,,2,0,2,1,-,0,4,-,0,5,,,0,.,7,6,1,8,8,,,0,.,1,0,0,7,5,8,,,0,.,7,7,1,5,5,2,,,0,.,7,5,2,2,0,8,,,P,T,,,2,0,2,1,-,0,4,-,1,4,,,0,.,7,7,1,5,5,2,,,1,,
A,U,D,U,S,D,m,-,0,0,2,1,,,A,U,D,U,S,D,m,,,L,O,N,G,,,2,0,2,1,-,0,4,-,1,1,,,0,.,7,6,1,9,4,,,0,.,0,9,8,4,2,9,,,0,.,7,7,1,3,8,9,,,0,.,7,5,2,4,9,1,,,P,T,,,2,0,2,1,-,0,4,-,1,4,,,0,.,7,7,1,3,8,9,,,1,,
A,U,D,U,S,D,m,-,0,0,2,2,,,A,U,D,U,S,D,m,,,L,O,N,G,,,2,0,2,1,-,0,4,-,1,6,,,0,.,7,7,5,0,5,,,0,.,0,9,7,6,4,4,,,0,.,7,8,4,5,8,5,,,0,.,7,6,5,5,1,5,,,V,E,R,T,I,C,A,L,,,2,0,2,1,-,0,4,-,2,8,,,0,.,7,8,0,0,4,,,1,,
A,U,D,U,S,D,m,-,0,0,2,3,,,A,U,D,U,S,D,m,,,L,O,N,G,,,2,0,2,1,-,0,4,-,2,2,,,0,.,7,7,5,3,4,,,0,.,0,9,8,8,9,1,,,0,.,7,8,5,,,0,.,7,6,5,6,8,,,V,E,R,T,I,C,A,L,,,2,0,2,1,-,0,5,-,0,4,,,0,.,7,7,1,2,5,,,-,1,,
A,U,D,U,S,D,m,-,0,0,2,4,,,A,U,D,U,S,D,m,,,L,O,N,G,,,2,0,2,1,-,0,4,-,2,8,,,0,.,7,7,6,6,7,,,0,.,1,0,0,5,2,3,,,0,.,7,8,6,5,0,6,,,0,.,7,6,6,8,3,4,,,P,T,,,2,0,2,1,-,0,5,-,1,0,,,0,.,7,8,6,5,0,6,,,1,,
A,U,D,U,S,D,m,-,0,0,2,5,,,A,U,D,U,S,D,m,,,L,O,N,G,,,2,0,2,1,-,0,5,-,0,4,,,0,.,7,7,5,7,7,,,0,.,0,9,9,0,1,2,,,0,.,7,8,5,4,4,7,,,0,.,7,6,6,0,9,3,,,P,T,,,2,0,2,1,-,0,5,-,0,7,,,0,.,7,8,5,4,4,7,,,1,,
A,U,D,U,S,D,m,-,0,0,2,6,,,A,U,D,U,S,D,m,,,L,O,N,G,,,2,0,2,1,-,0,5,-,1,0,,,0,.,7,8,5,7,5,,,0,.,0,8,4,8,9,5,,,0,.,7,9,4,1,5,4,,,0,.,7,7,7,3,4,6,,,S,L,,,2,0,2,1,-,0,5,-,1,2,,,0,.,7,7,7,3,4,6,,,-,1,,
A,U,D,U,S,D,m,-,0,0,2,7,,,A,U,D,U,S,D,m,,,L,O,N,G,,,2,0,2,1,-,0,5,-,1,6,,,0,.,7,7,7,0,9,,,0,.,0,8,6,5,5,4,,,0,.,7,8,5,5,6,4,,,0,.,7,6,8,6,1,6,,,V,E,R,T,I,C,A,L,,,2,0,2,1,-,0,5,-,2,7,,,0,.,7,7,4,1,6,,,-,1,,
A,U,D,U,S,D,m,-,0,0,2,8,,,A,U,D,U,S,D,m,,,L,O,N,G,,,2,0,2,1,-,0,5,-,2,1,,,0,.,7,7,6,9,,,0,.,0,8,5,2,7,4,,,0,.,7,8,5,2,4,7,,,0,.,7,6,8,5,5,3,,,S,L,,,2,0,2,1,-,0,5,-,2,8,,,0,.,7,6,8,5,5,3,,,-,1,,
A,U,D,U,S,D,m,-,0,0,2,9,,,A,U,D,U,S,D,m,,,L,O,N,G,,,2,0,2,1,-,0,5,-,2,7,,,0,.,7,7,3,8,9,,,0,.,0,8,2,5,8,7,,,0,.,7,8,1,9,4,2,,,0,.,7,6,5,8,3,8,,,S,L,,,2,0,2,1,-,0,6,-,0,3,,,0,.,7,6,5,8,3,8,,,-,1,,
A,U,D,U,S,D,m,-,0,0,3,0,,,A,U,D,U,S,D,m,,,L,O,N,G,,,2,0,2,1,-,0,6,-,0,2,,,0,.,7,7,5,5,1,,,0,.,0,7,4,0,8,1,,,0,.,7,8,2,7,4,8,,,0,.,7,6,8,2,7,2,,,S,L,,,2,0,2,1,-,0,6,-,0,3,,,0,.,7,6,8,2,7,2,,,-,1,,
A,U,D,U,S,D,m,-,0,0,3,1,,,A,U,D,U,S,D,m,,,L,O,N,G,,,2,0,2,1,-,0,6,-,0,8,,,0,.,7,7,5,5,6,,,0,.,0,7,9,0,1,,,0,.,7,8,3,2,8,,,0,.,7,6,7,8,4,,,S,L,,,2,0,2,1,-,0,6,-,1,5,,,0,.,7,6,7,8,4,,,-,1,,
A,U,D,U,S,D,m,-,0,0,3,2,,,A,U,D,U,S,D,m,,,L,O,N,G,,,2,0,2,1,-,0,6,-,1,4,,,0,.,7,7,0,7,1,,,0,.,0,7,9,1,9,2,,,0,.,7,7,8,4,,,0,.,7,6,3,0,2,,,S,L,,,2,0,2,1,-,0,6,-,1,6,,,0,.,7,6,3,0,2,,,-,1,,
A,U,D,U,S,D,m,-,0,0,3,3,,,A,U,D,U,S,D,m,,,L,O,N,G,,,2,0,2,1,-,0,6,-,2,0,,,0,.,7,4,8,3,3,,,0,.,0,8,3,2,2,,,0,.,7,5,6,1,7,6,,,0,.,7,4,0,4,8,4,,,P,T,,,2,0,2,1,-,0,6,-,2,2,,,0,.,7,5,6,1,7,6,,,1,,
A,U,D,U,S,D,m,-,0,0,3,4,,,A,U,D,U,S,D,m,,,L,O,N,G,,,2,0,2,1,-,0,7,-,0,1,,,0,.,7,4,9,6,8,,,0,.,0,7,8,9,3,4,,,0,.,7,5,7,1,3,5,,,0,.,7,4,2,2,2,5,,,P,T,,,2,0,2,1,-,0,7,-,0,6,,,0,.,7,5,7,1,3,5,,,1,,
A,U,D,U,S,D,m,-,0,0,3,5,,,A,U,D,U,S,D,m,,,L,O,N,G,,,2,0,2,1,-,0,7,-,0,7,,,0,.,7,4,9,4,1,,,0,.,0,7,9,1,7,4,,,0,.,7,5,6,8,8,5,,,0,.,7,4,1,9,3,5,,,S,L,,,2,0,2,1,-,0,7,-,0,8,,,0,.,7,4,1,9,3,5,,,-,1,,
A,U,D,U,S,D,m,-,0,0,3,6,,,A,U,D,U,S,D,m,,,L,O,N,G,,,2,0,2,1,-,0,7,-,1,3,,,0,.,7,4,7,7,1,,,0,.,0,7,8,7,5,2,,,0,.,7,5,5,1,2,9,,,0,.,7,4,0,2,9,1,,,S,L,,,2,0,2,1,-,0,7,-,1,6,,,0,.,7,4,0,2,9,1,,,-,1,,
A,U,D,U,S,D,m,-,0,0,3,7,,,A,U,D,U,S,D,m,,,L,O,N,G,,,2,0,2,1,-,0,7,-,1,9,,,0,.,7,3,8,7,6,,,0,.,0,7,8,1,6,4,,,0,.,7,4,6,0,3,5,,,0,.,7,3,1,4,8,5,,,S,L,,,2,0,2,1,-,0,7,-,2,0,,,0,.,7,3,1,4,8,5,,,-,1,,
A,U,D,U,S,D,m,-,0,0,3,8,,,A,U,D,U,S,D,m,,,L,O,N,G,,,2,0,2,1,-,0,7,-,2,5,,,0,.,7,3,6,4,,,0,.,0,7,3,5,2,8,,,0,.,7,4,3,2,2,2,,,0,.,7,2,9,5,7,8,,,V,E,R,T,I,C,A,L,,,2,0,2,1,-,0,8,-,0,5,,,0,.,7,4,0,2,2,,,1,,
A,U,D,U,S,D,m,-,0,0,3,9,,,A,U,D,U,S,D,m,,,L,O,N,G,,,2,0,2,1,-,0,7,-,3,0,,,0,.,7,3,9,5,2,,,0,.,0,7,0,2,0,6,,,0,.,7,4,6,0,6,1,,,0,.,7,3,2,9,7,9,,,S,L,,,2,0,2,1,-,0,8,-,0,2,,,0,.,7,3,2,9,7,9,,,-,1,,
A,U,D,U,S,D,m,-,0,0,4,0,,,A,U,D,U,S,D,m,,,L,O,N,G,,,2,0,2,1,-,0,8,-,0,5,,,0,.,7,3,8,1,7,,,0,.,0,7,2,1,4,3,,,0,.,7,4,4,8,7,9,,,0,.,7,3,1,4,6,1,,,S,L,,,2,0,2,1,-,0,8,-,1,7,,,0,.,7,3,1,4,6,1,,,-,1,,
A,U,D,U,S,D,m,-,0,0,4,1,,,A,U,D,U,S,D,m,,,L,O,N,G,,,2,0,2,1,-,0,8,-,1,1,,,0,.,7,3,4,3,2,,,0,.,0,7,2,4,3,9,,,0,.,7,4,1,0,2,2,,,0,.,7,2,7,6,1,8,,,S,L,,,2,0,2,1,-,0,8,-,1,7,,,0,.,7,2,7,6,1,8,,,-,1,,
A,U,D,U,S,D,m,-,0,0,4,2,,,A,U,D,U,S,D,m,,,L,O,N,G,,,2,0,2,1,-,0,8,-,1,7,,,0,.,7,3,3,8,5,,,0,.,0,6,7,0,1,7,,,0,.,7,4,0,0,4,6,,,0,.,7,2,7,6,5,4,,,S,L,,,2,0,2,1,-,0,8,-,1,8,,,0,.,7,2,7,6,5,4,,,-,1,,
A,U,D,U,S,D,m,-,0,0,4,3,,,A,U,D,U,S,D,m,,,L,O,N,G,,,2,0,2,1,-,0,9,-,0,3,,,0,.,7,3,9,6,9,,,0,.,0,7,7,2,6,,,0,.,7,4,6,8,9,,,0,.,7,3,2,4,9,,,S,L,,,2,0,2,1,-,0,9,-,1,4,,,0,.,7,3,2,4,9,,,-,1,,
A,U,D,U,S,D,m,-,0,0,4,4,,,A,U,D,U,S,D,m,,,L,O,N,G,,,2,0,2,1,-,0,9,-,0,9,,,0,.,7,3,6,0,4,,,0,.,0,7,8,1,4,4,,,0,.,7,4,3,2,8,6,,,0,.,7,2,8,7,9,4,,,S,L,,,2,0,2,1,-,0,9,-,1,6,,,0,.,7,2,8,7,9,4,,,-,1,,
A,U,D,U,S,D,m,-,0,0,4,5,,,A,U,D,U,S,D,m,,,S,H,O,R,T,,,2,0,2,1,-,0,9,-,1,5,,,0,.,7,3,1,6,4,,,0,.,0,7,6,0,8,8,,,0,.,7,2,4,6,2,6,,,0,.,7,3,8,6,5,4,,,P,T,,,2,0,2,1,-,0,9,-,2,0,,,0,.,7,2,4,6,2,6,,,1,,
A,U,D,U,S,D,m,-,0,0,4,6,,,A,U,D,U,S,D,m,,,S,H,O,R,T,,,2,0,2,1,-,0,9,-,2,1,,,0,.,7,2,5,9,,,0,.,0,7,4,1,1,5,,,0,.,7,1,9,1,2,2,,,0,.,7,3,2,6,7,8,,,P,T,,,2,0,2,1,-,0,9,-,2,9,,,0,.,7,1,9,1,2,2,,,1,,
A,U,D,U,S,D,m,-,0,0,4,7,,,A,U,D,U,S,D,m,,,S,H,O,R,T,,,2,0,2,1,-,0,9,-,2,7,,,0,.,7,2,6,4,7,,,0,.,0,7,3,5,8,3,,,0,.,7,1,9,7,3,5,,,0,.,7,3,3,2,0,5,,,P,T,,,2,0,2,1,-,0,9,-,2,9,,,0,.,7,1,9,7,3,5,,,1,,
A,U,D,U,S,D,m,-,0,0,4,8,,,A,U,D,U,S,D,m,,,S,H,O,R,T,,,2,0,2,1,-,1,0,-,0,3,,,0,.,7,2,6,,,0,.,0,7,8,1,3,6,,,0,.,7,1,8,8,5,3,,,0,.,7,3,3,1,4,7,,,S,L,,,2,0,2,1,-,1,0,-,0,8,,,0,.,7,3,3,1,4,7,,,-,1,,
A,U,D,U,S,D,m,-,0,0,4,9,,,A,U,D,U,S,D,m,,,S,H,O,R,T,,,2,0,2,1,-,1,0,-,0,8,,,0,.,7,3,1,5,7,,,0,.,0,7,7,1,8,1,,,0,.,7,2,4,4,5,6,,,0,.,7,3,8,6,8,4,,,S,L,,,2,0,2,1,-,1,0,-,1,4,,,0,.,7,3,8,6,8,4,,,-,1,,
A,U,D,U,S,D,m,-,0,0,5,0,,,A,U,D,U,S,D,m,,,S,H,O,R,T,,,2,0,2,1,-,1,0,-,1,4,,,0,.,7,3,8,2,2,,,0,.,0,7,9,0,9,7,,,0,.,7,3,0,8,6,3,,,0,.,7,4,5,5,7,7,,,S,L,,,2,0,2,1,-,1,0,-,1,9,,,0,.,7,4,5,5,7,7,,,-,1,,
A,U,D,U,S,D,m,-,0,0,5,1,,,A,U,D,U,S,D,m,,,S,H,O,R,T,,,2,0,2,1,-,1,0,-,2,0,,,0,.,7,4,7,4,3,,,0,.,0,7,9,4,9,2,,,0,.,7,3,9,9,4,4,,,0,.,7,5,4,9,1,6,,,S,L,,,2,0,2,1,-,1,0,-,2,8,,,0,.,7,5,4,9,1,6,,,-,1,,
A,U,D,U,S,D,m,-,0,0,5,2,,,A,U,D,U,S,D,m,,,S,H,O,R,T,,,2,0,2,1,-,1,0,-,2,6,,,0,.,7,4,9,1,3,,,0,.,0,7,6,5,7,7,,,0,.,7,4,1,9,0,3,,,0,.,7,5,6,3,5,7,,,P,T,,,2,0,2,1,-,1,1,-,0,3,,,0,.,7,4,1,9,0,3,,,1,,
A,U,D,U,S,D,m,-,0,0,5,3,,,A,U,D,U,S,D,m,,,S,H,O,R,T,,,2,0,2,1,-,1,1,-,0,1,,,0,.,7,5,1,7,4,,,0,.,0,6,9,7,7,7,,,0,.,7,4,5,1,3,1,,,0,.,7,5,8,3,4,9,,,P,T,,,2,0,2,1,-,1,1,-,0,2,,,0,.,7,4,5,1,3,1,,,1,,
A,U,D,U,S,D,m,-,0,0,5,4,,,A,U,D,U,S,D,m,,,S,H,O,R,T,,,2,0,2,1,-,1,1,-,0,7,,,0,.,7,3,9,3,2,,,0,.,0,7,1,6,7,,,0,.,7,3,2,6,4,4,,,0,.,7,4,5,9,9,6,,,P,T,,,2,0,2,1,-,1,1,-,1,0,,,0,.,7,3,2,6,4,4,,,1,,
A,U,D,U,S,D,m,-,0,0,5,5,,,A,U,D,U,S,D,m,,,S,H,O,R,T,,,2,0,2,1,-,1,1,-,1,2,,,0,.,7,2,9,0,1,,,0,.,0,7,0,3,2,4,,,0,.,7,2,2,5,5,1,,,0,.,7,3,5,4,6,9,,,S,L,,,2,0,2,1,-,1,1,-,1,5,,,0,.,7,3,5,4,6,9,,,-,1,,
A,U,D,U,S,D,m,-,0,0,5,6,,,A,U,D,U,S,D,m,,,S,H,O,R,T,,,2,0,2,1,-,1,1,-,1,8,,,0,.,7,2,6,7,7,,,0,.,0,7,1,4,6,9,,,0,.,7,2,0,2,2,6,,,0,.,7,3,3,3,1,4,,,P,T,,,2,0,2,1,-,1,1,-,2,4,,,0,.,7,2,0,2,2,6,,,1,,
A,U,D,U,S,D,m,-,0,0,5,7,,,A,U,D,U,S,D,m,,,S,H,O,R,T,,,2,0,2,1,-,1,1,-,3,0,,,0,.,7,1,4,4,6,,,0,.,0,7,1,8,4,5,,,0,.,7,0,7,9,9,3,,,0,.,7,2,0,9,2,7,,,P,T,,,2,0,2,1,-,1,2,-,0,3,,,0,.,7,0,7,9,9,3,,,1,,
A,U,D,U,S,D,m,-,0,0,5,8,,,A,U,D,U,S,D,m,,,S,H,O,R,T,,,2,0,2,1,-,1,2,-,0,6,,,0,.,7,0,1,6,4,,,0,.,0,7,3,5,5,1,,,0,.,6,9,5,1,3,8,,,0,.,7,0,8,1,4,2,,,S,L,,,2,0,2,1,-,1,2,-,0,7,,,0,.,7,0,8,1,4,2,,,-,1,,
A,U,D,U,S,D,m,-,0,0,5,9,,,A,U,D,U,S,D,m,,,S,H,O,R,T,,,2,0,2,1,-,1,2,-,1,2,,,0,.,7,1,6,2,1,,,0,.,0,7,4,4,7,4,,,0,.,7,0,9,4,9,,,0,.,7,2,2,9,3,,,P,T,,,2,0,2,1,-,1,2,-,1,4,,,0,.,7,0,9,4,9,,,1,,
A,U,D,U,S,D,m,-,0,0,6,0,,,A,U,D,U,S,D,m,,,S,H,O,R,T,,,2,0,2,1,-,1,2,-,1,7,,,0,.,7,1,7,4,7,,,0,.,0,7,6,9,5,,,0,.,7,1,0,5,1,4,,,0,.,7,2,4,4,2,6,,,P,T,,,2,0,2,1,-,1,2,-,2,0,,,0,.,7,1,0,5,1,4,,,1,,
A,U,D,U,S,D,m,-,0,0,6,1,,,A,U,D,U,S,D,m,,,S,H,O,R,T,,,2,0,2,1,-,1,2,-,2,3,,,0,.,7,2,1,1,,,0,.,0,7,7,6,8,3,,,0,.,7,1,4,0,4,3,,,0,.,7,2,8,1,5,7,,,V,E,R,T,I,C,A,L,,,2,0,2,2,-,0,1,-,0,4,,,0,.,7,2,3,8,,,-,1,,
A,U,D,U,S,D,m,-,0,0,6,2,,,A,U,D,U,S,D,m,,,S,H,O,R,T,,,2,0,2,1,-,1,2,-,2,9,,,0,.,7,2,3,1,3,,,0,.,0,7,4,9,5,2,,,0,.,7,1,6,3,0,1,,,0,.,7,2,9,9,5,9,,,P,T,,,2,0,2,2,-,0,1,-,0,6,,,0,.,7,1,6,3,0,1,,,1,,
A,U,D,U,S,D,m,-,0,0,6,3,,,A,U,D,U,S,D,m,,,S,H,O,R,T,,,2,0,2,2,-,0,1,-,0,4,,,0,.,7,1,9,5,3,,,0,.,0,7,6,3,5,2,,,0,.,7,1,2,6,0,9,,,0,.,7,2,6,4,5,1,,,S,L,,,2,0,2,2,-,0,1,-,0,5,,,0,.,7,2,6,4,5,1,,,-,1,,
A,U,D,U,S,D,m,-,0,0,6,4,,,A,U,D,U,S,D,m,,,S,H,O,R,T,,,2,0,2,2,-,0,1,-,1,0,,,0,.,7,1,7,7,6,,,0,.,0,7,8,7,9,,,0,.,7,1,0,6,3,5,,,0,.,7,2,4,8,8,5,,,S,L,,,2,0,2,2,-,0,1,-,1,2,,,0,.,7,2,4,8,8,5,,,-,1,,
A,U,D,U,S,D,m,-,0,0,6,5,,,A,U,D,U,S,D,m,,,S,H,O,R,T,,,2,0,2,2,-,0,1,-,1,6,,,0,.,7,2,1,6,7,,,0,.,0,7,9,3,2,5,,,0,.,7,1,4,4,5,8,,,0,.,7,2,8,8,8,2,,,P,T,,,2,0,2,2,-,0,1,-,2,4,,,0,.,7,1,4,4,5,8,,,1,,
A,U,D,U,S,D,m,-,0,0,6,6,,,A,U,D,U,S,D,m,,,S,H,O,R,T,,,2,0,2,2,-,0,1,-,2,1,,,0,.,7,2,1,5,8,,,0,.,0,7,6,5,5,1,,,0,.,7,1,4,6,2,1,,,0,.,7,2,8,5,3,9,,,P,T,,,2,0,2,2,-,0,1,-,2,4,,,0,.,7,1,4,6,2,1,,,1,,
A,U,D,U,S,D,m,-,0,0,6,7,,,A,U,D,U,S,D,m,,,S,H,O,R,T,,,2,0,2,2,-,0,1,-,2,7,,,0,.,7,1,2,0,6,,,0,.,0,7,6,9,6,3,,,0,.,7,0,5,1,5,6,,,0,.,7,1,8,9,6,4,,,P,T,,,2,0,2,2,-,0,1,-,2,8,,,0,.,7,0,5,1,5,6,,,1,,
A,U,D,U,S,D,m,-,0,0,6,8,,,A,U,D,U,S,D,m,,,S,H,O,R,T,,,2,0,2,2,-,0,2,-,0,8,,,0,.,7,1,2,6,9,,,0,.,0,8,6,7,3,,,0,.,7,0,4,9,0,2,,,0,.,7,2,0,4,7,8,,,S,L,,,2,0,2,2,-,0,2,-,1,0,,,0,.,7,2,0,4,7,8,,,-,1,,
A,U,D,U,S,D,m,-,0,0,6,9,,,A,U,D,U,S,D,m,,,S,H,O,R,T,,,2,0,2,2,-,0,2,-,1,4,,,0,.,7,1,4,3,7,,,0,.,0,8,2,7,1,3,,,0,.,7,0,6,9,2,6,,,0,.,7,2,1,8,1,4,,,S,L,,,2,0,2,2,-,0,2,-,1,8,,,0,.,7,2,1,8,1,4,,,-,1,,
A,U,D,U,S,D,m,-,0,0,7,0,,,A,U,D,U,S,D,m,,,S,H,O,R,T,,,2,0,2,2,-,0,2,-,2,0,,,0,.,7,1,7,2,4,,,0,.,0,7,9,4,9,4,,,0,.,7,1,0,0,5,7,,,0,.,7,2,4,4,2,3,,,S,L,,,2,0,2,2,-,0,2,-,2,3,,,0,.,7,2,4,4,2,3,,,-,1,,
A,U,D,U,S,D,m,-,0,0,7,1,,,A,U,D,U,S,D,m,,,S,H,O,R,T,,,2,0,2,2,-,0,2,-,2,5,,,0,.,7,1,5,9,7,,,0,.,0,7,8,4,0,3,,,0,.,7,0,8,8,9,8,,,0,.,7,2,3,0,4,2,,,S,L,,,2,0,2,2,-,0,2,-,2,8,,,0,.,7,2,3,0,4,2,,,-,1,,
A,U,D,U,S,D,m,-,0,0,7,2,,,A,U,D,U,S,D,m,,,S,H,O,R,T,,,2,0,2,2,-,0,4,-,1,3,,,0,.,7,4,5,3,1,,,0,.,0,9,1,9,9,8,,,0,.,7,3,6,6,7,1,,,0,.,7,5,3,9,4,9,,,P,T,,,2,0,2,2,-,0,4,-,1,8,,,0,.,7,3,6,6,7,1,,,1,,
A,U,D,U,S,D,m,-,0,0,7,3,,,A,U,D,U,S,D,m,,,S,H,O,R,T,,,2,0,2,3,-,0,1,-,3,0,,,0,.,7,1,0,7,1,,,0,.,1,1,4,9,8,5,,,0,.,7,0,0,4,1,4,,,0,.,7,2,1,0,0,6,,,P,T,,,2,0,2,3,-,0,1,-,3,1,,,0,.,7,0,0,4,1,4,,,1,,
A,U,D,U,S,D,m,-,0,0,7,4,,,A,U,D,U,S,D,m,,,S,H,O,R,T,,,2,0,2,3,-,0,2,-,2,8,,,0,.,6,7,3,9,7,,,0,.,1,1,1,8,8,8,,,0,.,6,6,4,4,6,9,,,0,.,6,8,3,4,7,1,,,P,T,,,2,0,2,3,-,0,3,-,0,7,,,0,.,6,6,4,4,6,9,,,1,,
A,U,D,U,S,D,m,-,0,0,7,5,,,A,U,D,U,S,D,m,,,S,H,O,R,T,,,2,0,2,3,-,0,3,-,0,6,,,0,.,6,7,5,3,1,,,0,.,1,1,1,2,5,3,,,0,.,6,6,5,8,4,4,,,0,.,6,8,4,7,7,6,,,P,T,,,2,0,2,3,-,0,3,-,0,7,,,0,.,6,6,5,8,4,4,,,1,,
A,U,D,U,S,D,m,-,0,0,7,6,,,A,U,D,U,S,D,m,,,S,H,O,R,T,,,2,0,2,3,-,0,4,-,2,7,,,0,.,6,6,0,7,2,,,0,.,1,0,1,5,7,3,,,0,.,6,5,2,2,6,5,,,0,.,6,6,9,1,7,5,,,S,L,,,2,0,2,3,-,0,5,-,0,2,,,0,.,6,6,9,1,7,5,,,-,1,,
A,U,D,U,S,D,m,-,0,0,7,7,,,A,U,D,U,S,D,m,,,S,H,O,R,T,,,2,0,2,3,-,0,5,-,2,6,,,0,.,6,4,9,7,8,,,0,.,0,9,5,4,0,7,,,0,.,6,4,1,9,7,,,0,.,6,5,7,5,9,,,S,L,,,2,0,2,3,-,0,6,-,0,1,,,0,.,6,5,7,5,9,,,-,1,,
A,U,D,U,S,D,m,-,0,0,7,8,,,A,U,D,U,S,D,m,,,S,H,O,R,T,,,2,0,2,3,-,0,6,-,0,1,,,0,.,6,5,0,5,6,,,0,.,0,9,4,6,7,2,,,0,.,6,4,2,8,,,0,.,6,5,8,3,2,,,S,L,,,2,0,2,3,-,0,6,-,0,2,,,0,.,6,5,8,3,2,,,-,1,,
A,U,D,U,S,D,m,-,0,0,7,9,,,A,U,D,U,S,D,m,,,S,H,O,R,T,,,2,0,2,3,-,0,6,-,0,7,,,0,.,6,6,7,9,9,,,0,.,0,9,8,4,4,9,,,0,.,6,5,9,7,0,5,,,0,.,6,7,6,2,7,5,,,S,L,,,2,0,2,3,-,0,6,-,1,2,,,0,.,6,7,6,2,7,5,,,-,1,,
A,U,D,U,S,D,m,-,0,0,8,0,,,A,U,D,U,S,D,m,,,S,H,O,R,T,,,2,0,2,3,-,0,6,-,1,3,,,0,.,6,7,5,2,,,0,.,0,9,0,5,0,5,,,0,.,6,6,7,5,0,1,,,0,.,6,8,2,8,9,9,,,S,L,,,2,0,2,3,-,0,6,-,1,4,,,0,.,6,8,2,8,9,9,,,-,1,,
A,U,D,U,S,D,m,-,0,0,8,1,,,A,U,D,U,S,D,m,,,S,H,O,R,T,,,2,0,2,3,-,0,6,-,1,9,,,0,.,6,8,7,1,7,,,0,.,0,9,1,6,6,8,,,0,.,6,7,9,2,3,4,,,0,.,6,9,5,1,0,6,,,P,T,,,2,0,2,3,-,0,6,-,2,0,,,0,.,6,7,9,2,3,4,,,1,,
A,U,D,U,S,D,m,-,0,0,8,2,,,A,U,D,U,S,D,m,,,S,H,O,R,T,,,2,0,2,3,-,0,6,-,2,5,,,0,.,6,6,7,3,,,0,.,0,9,0,6,8,,,0,.,6,5,9,6,7,6,,,0,.,6,7,4,9,2,4,,,P,T,,,2,0,2,3,-,0,6,-,2,8,,,0,.,6,5,9,6,7,6,,,1,,
A,U,D,U,S,D,m,-,0,0,8,3,,,A,U,D,U,S,D,m,,,S,H,O,R,T,,,2,0,2,3,-,0,6,-,3,0,,,0,.,6,6,1,6,4,,,0,.,0,9,1,3,0,1,,,0,.,6,5,4,0,2,9,,,0,.,6,6,9,2,5,1,,,S,L,,,2,0,2,3,-,0,7,-,0,4,,,0,.,6,6,9,2,5,1,,,-,1,,
A,U,D,U,S,D,m,-,0,0,8,4,,,A,U,D,U,S,D,m,,,S,H,O,R,T,,,2,0,2,3,-,0,9,-,0,3,,,0,.,6,4,4,1,9,,,0,.,0,9,3,5,5,9,,,0,.,6,3,6,5,9,7,,,0,.,6,5,1,7,8,3,,,P,T,,,2,0,2,3,-,0,9,-,0,5,,,0,.,6,3,6,5,9,7,,,1,,
A,U,D,U,S,D,m,-,0,0,8,5,,,A,U,D,U,S,D,m,,,S,H,O,R,T,,,2,0,2,3,-,0,9,-,0,8,,,0,.,6,3,7,7,3,,,0,.,0,9,2,3,1,3,,,0,.,6,3,0,3,1,3,,,0,.,6,4,5,1,4,7,,,S,L,,,2,0,2,3,-,0,9,-,1,4,,,0,.,6,4,5,1,4,7,,,-,1,,
A,U,D,U,S,D,m,-,0,0,8,6,,,A,U,D,U,S,D,m,,,S,H,O,R,T,,,2,0,2,3,-,0,9,-,1,4,,,0,.,6,4,2,0,3,,,0,.,0,9,2,0,6,4,,,0,.,6,3,4,5,8,3,,,0,.,6,4,9,4,7,7,,,S,L,,,2,0,2,3,-,0,9,-,2,0,,,0,.,6,4,9,4,7,7,,,-,1,,
A,U,D,U,S,D,m,-,0,0,8,7,,,A,U,D,U,S,D,m,,,S,H,O,R,T,,,2,0,2,3,-,0,9,-,2,0,,,0,.,6,4,6,3,4,,,0,.,0,8,3,9,6,1,,,0,.,6,3,9,5,0,3,,,0,.,6,5,3,1,7,7,,,P,T,,,2,0,2,3,-,0,9,-,2,1,,,0,.,6,3,9,5,0,3,,,1,,
A,U,D,U,S,D,m,-,0,0,8,8,,,A,U,D,U,S,D,m,,,S,H,O,R,T,,,2,0,2,3,-,0,9,-,2,6,,,0,.,6,4,2,1,4,,,0,.,0,7,8,1,1,8,,,0,.,6,3,5,8,2,,,0,.,6,4,8,4,6,,,P,T,,,2,0,2,3,-,0,9,-,2,7,,,0,.,6,3,5,8,2,,,1,,
A,U,D,U,S,D,m,-,0,0,8,9,,,A,U,D,U,S,D,m,,,S,H,O,R,T,,,2,0,2,3,-,1,0,-,0,2,,,0,.,6,4,3,6,7,,,0,.,0,8,2,3,5,3,,,0,.,6,3,6,9,9,2,,,0,.,6,5,0,3,4,8,,,P,T,,,2,0,2,3,-,1,0,-,0,3,,,0,.,6,3,6,9,9,2,,,1,,
A,U,D,U,S,D,m,-,0,0,9,0,,,A,U,D,U,S,D,m,,,S,H,O,R,T,,,2,0,2,3,-,1,0,-,0,8,,,0,.,6,3,5,7,2,,,0,.,0,8,3,2,9,8,,,0,.,6,2,9,0,4,8,,,0,.,6,4,2,3,9,2,,,S,L,,,2,0,2,3,-,1,0,-,1,0,,,0,.,6,4,2,3,9,2,,,-,1,,
A,U,D,U,S,D,m,-,0,0,9,1,,,A,U,D,U,S,D,m,,,S,H,O,R,T,,,2,0,2,3,-,1,0,-,2,5,,,0,.,6,3,5,9,6,,,0,.,0,8,0,7,9,9,,,0,.,6,2,9,4,8,6,,,0,.,6,4,2,4,3,4,,,P,T,,,2,0,2,3,-,1,0,-,2,6,,,0,.,6,2,9,4,8,6,,,1,,
A,U,D,U,S,D,m,-,0,0,9,2,,,A,U,D,U,S,D,m,,,S,H,O,R,T,,,2,0,2,3,-,1,1,-,0,6,,,0,.,6,5,1,3,8,,,0,.,0,8,9,6,2,,,0,.,6,4,4,0,2,5,,,0,.,6,5,8,7,3,5,,,P,T,,,2,0,2,3,-,1,1,-,0,7,,,0,.,6,4,4,0,2,5,,,1,,
A,U,D,U,S,D,m,-,0,0,9,3,,,A,U,D,U,S,D,m,,,S,H,O,R,T,,,2,0,2,3,-,1,1,-,1,2,,,0,.,6,3,4,4,,,0,.,0,9,1,2,4,8,,,0,.,6,2,7,1,0,7,,,0,.,6,4,1,6,9,3,,,S,L,,,2,0,2,3,-,1,1,-,1,4,,,0,.,6,4,1,6,9,3,,,-,1,,
A,U,D,U,S,D,m,-,0,0,9,4,,,A,U,D,U,S,D,m,,,S,H,O,R,T,,,2,0,2,3,-,1,2,-,2,9,,,0,.,6,8,2,5,1,,,0,.,0,9,5,0,6,4,,,0,.,6,7,4,3,3,6,,,0,.,6,9,0,6,8,4,,,P,T,,,2,0,2,4,-,0,1,-,0,3,,,0,.,6,7,4,3,3,6,,,1,,
A,U,D,U,S,D,m,-,0,0,9,5,,,A,U,D,U,S,D,m,,,L,O,N,G,,,2,0,2,4,-,0,1,-,1,7,,,0,.,6,5,8,8,1,,,0,.,0,8,8,7,8,9,,,0,.,6,6,6,1,8,,,0,.,6,5,1,4,4,,,V,E,R,T,I,C,A,L,,,2,0,2,4,-,0,1,-,2,9,,,0,.,6,6,1,2,5,,,1,,
A,U,D,U,S,D,m,-,0,0,9,6,,,A,U,D,U,S,D,m,,,L,O,N,G,,,2,0,2,4,-,0,1,-,2,3,,,0,.,6,5,7,,,0,.,0,8,6,6,5,2,,,0,.,6,6,4,1,7,3,,,0,.,6,4,9,8,2,7,,,S,L,,,2,0,2,4,-,0,2,-,0,4,,,0,.,6,4,9,8,2,7,,,-,1,,
A,U,D,U,S,D,m,-,0,0,9,7,,,A,U,D,U,S,D,m,,,L,O,N,G,,,2,0,2,4,-,0,1,-,2,9,,,0,.,6,5,7,6,9,,,0,.,0,7,5,2,6,9,,,0,.,6,6,3,9,2,7,,,0,.,6,5,1,4,5,3,,,S,L,,,2,0,2,4,-,0,2,-,0,1,,,0,.,6,5,1,4,5,3,,,-,1,,
A,U,D,U,S,D,m,-,0,0,9,8,,,A,U,D,U,S,D,m,,,S,H,O,R,T,,,2,0,2,4,-,0,2,-,0,4,,,0,.,6,5,0,3,4,,,0,.,0,7,7,4,3,3,,,0,.,6,4,3,9,9,6,,,0,.,6,5,6,6,8,4,,,V,E,R,T,I,C,A,L,,,2,0,2,4,-,0,2,-,1,5,,,0,.,6,5,2,4,2,,,-,1,,
A,U,D,U,S,D,m,-,0,0,9,9,,,A,U,D,U,S,D,m,,,S,H,O,R,T,,,2,0,2,4,-,0,2,-,0,9,,,0,.,6,4,9,7,9,,,0,.,0,7,6,5,0,7,,,0,.,6,4,3,5,2,7,,,0,.,6,5,6,0,5,3,,,S,L,,,2,0,2,4,-,0,2,-,2,0,,,0,.,6,5,6,0,5,3,,,-,1,,
A,U,D,U,S,D,m,-,0,1,0,0,,,A,U,D,U,S,D,m,,,L,O,N,G,,,2,0,2,4,-,0,2,-,2,1,,,0,.,6,5,5,2,7,,,0,.,0,7,3,6,6,9,,,0,.,6,6,1,3,5,2,,,0,.,6,4,9,1,8,8,,,S,L,,,2,0,2,4,-,0,2,-,2,8,,,0,.,6,4,9,1,8,8,,,-,1,,
A,U,D,U,S,D,m,-,0,1,0,1,,,A,U,D,U,S,D,m,,,S,H,O,R,T,,,2,0,2,4,-,0,2,-,2,7,,,0,.,6,5,3,8,8,,,0,.,0,6,5,4,1,5,,,0,.,6,4,8,4,9,1,,,0,.,6,5,9,2,6,9,,,P,T,,,2,0,2,4,-,0,3,-,0,5,,,0,.,6,4,8,4,9,1,,,1,,
A,U,D,U,S,D,m,-,0,1,0,2,,,A,U,D,U,S,D,m,,,S,H,O,R,T,,,2,0,2,4,-,0,3,-,0,4,,,0,.,6,5,2,6,7,,,0,.,0,6,2,2,9,4,,,0,.,6,4,7,5,4,8,,,0,.,6,5,7,7,9,2,,,S,L,,,2,0,2,4,-,0,3,-,0,6,,,0,.,6,5,7,7,9,2,,,-,1,,
A,U,D,U,S,D,m,-,0,1,0,3,,,A,U,D,U,S,D,m,,,S,H,O,R,T,,,2,0,2,4,-,0,3,-,1,0,,,0,.,6,6,1,0,9,,,0,.,0,6,6,7,9,1,,,0,.,6,5,5,5,2,7,,,0,.,6,6,6,6,5,3,,,P,T,,,2,0,2,4,-,0,3,-,1,5,,,0,.,6,5,5,5,2,7,,,1,,
A,U,D,U,S,D,m,-,0,1,0,4,,,A,U,D,U,S,D,m,,,S,H,O,R,T,,,2,0,2,4,-,0,3,-,1,5,,,0,.,6,5,7,8,2,,,0,.,0,6,6,7,3,1,,,0,.,6,5,2,2,8,9,,,0,.,6,6,3,3,5,1,,,P,T,,,2,0,2,4,-,0,3,-,1,9,,,0,.,6,5,2,2,8,9,,,1,,
A,U,D,U,S,D,m,-,0,1,0,5,,,A,U,D,U,S,D,m,,,S,H,O,R,T,,,2,0,2,4,-,0,3,-,2,1,,,0,.,6,5,9,8,3,,,0,.,0,7,0,8,4,2,,,0,.,6,5,3,9,4,1,,,0,.,6,6,5,7,1,9,,,P,T,,,2,0,2,4,-,0,3,-,2,2,,,0,.,6,5,3,9,4,1,,,1,,
A,U,D,U,S,D,m,-,0,1,0,6,,,A,U,D,U,S,D,m,,,S,H,O,R,T,,,2,0,2,4,-,0,3,-,2,7,,,0,.,6,5,3,7,6,,,0,.,0,6,9,4,6,4,,,0,.,6,4,8,0,3,9,,,0,.,6,5,9,4,8,1,,,S,L,,,2,0,2,4,-,0,4,-,0,4,,,0,.,6,5,9,4,8,1,,,-,1,,
A,U,D,U,S,D,m,-,0,1,0,7,,,A,U,D,U,S,D,m,,,S,H,O,R,T,,,2,0,2,4,-,0,4,-,0,2,,,0,.,6,4,8,7,,,0,.,0,7,0,1,2,5,,,0,.,6,4,2,9,6,9,,,0,.,6,5,4,4,3,1,,,S,L,,,2,0,2,4,-,0,4,-,0,3,,,0,.,6,5,4,4,3,1,,,-,1,,
A,U,D,U,S,D,m,-,0,1,0,8,,,A,U,D,U,S,D,m,,,S,H,O,R,T,,,2,0,2,4,-,0,4,-,0,8,,,0,.,6,5,6,9,3,,,0,.,0,7,2,1,1,3,,,0,.,6,5,0,9,6,2,,,0,.,6,6,2,8,9,8,,,S,L,,,2,0,2,4,-,0,4,-,0,9,,,0,.,6,6,2,8,9,8,,,-,1,,
A,U,D,U,S,D,m,-,0,1,0,9,,,A,U,D,U,S,D,m,,,S,H,O,R,T,,,2,0,2,4,-,0,4,-,1,4,,,0,.,6,4,4,8,8,,,0,.,0,8,3,6,3,8,,,0,.,6,3,8,0,8,5,,,0,.,6,5,1,6,7,5,,,P,T,,,2,0,2,4,-,0,4,-,1,9,,,0,.,6,3,8,0,8,5,,,1,,
A,U,D,U,S,D,m,-,0,1,1,0,,,A,U,D,U,S,D,m,,,S,H,O,R,T,,,2,0,2,4,-,0,4,-,1,9,,,0,.,6,4,2,2,4,,,0,.,0,8,2,9,2,1,,,0,.,6,3,5,5,3,,,0,.,6,4,8,9,5,,,S,L,,,2,0,2,4,-,0,4,-,2,4,,,0,.,6,4,8,9,5,,,-,1,,
A,U,D,U,S,D,m,-,0,1,1,1,,,A,U,D,U,S,D,m,,,S,H,O,R,T,,,2,0,2,4,-,0,5,-,1,3,,,0,.,6,5,9,9,3,,,0,.,0,8,6,8,0,9,,,0,.,6,5,2,7,1,2,,,0,.,6,6,7,1,4,8,,,S,L,,,2,0,2,4,-,0,5,-,1,5,,,0,.,6,6,7,1,4,8,,,-,1,,
A,U,D,U,S,D,m,-,0,1,1,2,,,A,U,D,U,S,D,m,,,L,O,N,G,,,2,0,2,4,-,0,6,-,0,5,,,0,.,6,6,4,5,2,,,0,.,0,8,3,9,1,6,,,0,.,6,7,1,5,4,6,,,0,.,6,5,7,4,9,4,,,S,L,,,2,0,2,4,-,0,6,-,0,9,,,0,.,6,5,7,4,9,4,,,-,1,,
A,U,D,U,S,D,m,-,0,1,1,3,,,A,U,D,U,S,D,m,,,L,O,N,G,,,2,0,2,4,-,0,6,-,1,1,,,0,.,6,6,0,6,6,,,0,.,0,8,7,1,3,5,,,0,.,6,6,7,9,1,3,,,0,.,6,5,3,4,0,7,,,P,T,,,2,0,2,4,-,0,6,-,1,2,,,0,.,6,6,7,9,1,3,,,1,,
A,U,D,U,S,D,m,-,0,1,1,4,,,A,U,D,U,S,D,m,,,L,O,N,G,,,2,0,2,4,-,0,6,-,2,8,,,0,.,6,6,4,9,3,,,0,.,0,7,2,3,7,3,,,0,.,6,7,0,9,9,3,,,0,.,6,5,8,8,6,7,,,P,T,,,2,0,2,4,-,0,7,-,0,3,,,0,.,6,7,0,9,9,3,,,1,,
A,U,D,U,S,D,m,-,0,1,1,5,,,A,U,D,U,S,D,m,,,L,O,N,G,,,2,0,2,4,-,0,7,-,0,4,,,0,.,6,7,1,1,,,0,.,0,7,2,5,3,9,,,0,.,6,7,7,2,3,3,,,0,.,6,6,4,9,6,7,,,P,T,,,2,0,2,4,-,0,7,-,1,1,,,0,.,6,7,7,2,3,3,,,1,,
A,U,D,U,S,D,m,-,0,1,1,6,,,A,U,D,U,S,D,m,,,L,O,N,G,,,2,0,2,4,-,0,7,-,1,0,,,0,.,6,7,4,0,9,,,0,.,0,6,4,9,9,5,,,0,.,6,7,9,6,1,,,0,.,6,6,8,5,7,,,P,T,,,2,0,2,4,-,0,7,-,1,1,,,0,.,6,7,9,6,1,,,1,,
A,U,D,U,S,D,m,-,0,1,1,7,,,A,U,D,U,S,D,m,,,L,O,N,G,,,2,0,2,4,-,0,7,-,1,6,,,0,.,6,7,6,2,,,0,.,0,6,2,1,8,8,,,0,.,6,8,1,4,9,8,,,0,.,6,7,0,9,0,2,,,S,L,,,2,0,2,4,-,0,7,-,1,8,,,0,.,6,7,0,9,0,2,,,-,1,,
A,U,D,U,S,D,m,-,0,1,1,8,,,A,U,D,U,S,D,m,,,L,O,N,G,,,2,0,2,4,-,0,7,-,2,2,,,0,.,6,6,9,5,5,,,0,.,0,6,2,5,9,9,,,0,.,6,7,4,8,3,1,,,0,.,6,6,4,2,6,9,,,S,L,,,2,0,2,4,-,0,7,-,2,3,,,0,.,6,6,4,2,6,9,,,-,1,,
A,U,D,U,S,D,m,-,0,1,1,9,,,A,U,D,U,S,D,m,,,L,O,N,G,,,2,0,2,4,-,0,7,-,2,8,,,0,.,6,5,4,4,2,,,0,.,0,6,2,5,0,1,,,0,.,6,5,9,5,7,3,,,0,.,6,4,9,2,6,7,,,S,L,,,2,0,2,4,-,0,7,-,3,1,,,0,.,6,4,9,2,6,7,,,-,1,,
A,U,D,U,S,D,m,-,0,1,2,0,,,A,U,D,U,S,D,m,,,L,O,N,G,,,2,0,2,4,-,0,9,-,1,2,,,0,.,6,6,7,3,8,,,0,.,0,7,3,7,6,8,,,0,.,6,7,3,5,8,3,,,0,.,6,6,1,1,7,7,,,P,T,,,2,0,2,4,-,0,9,-,1,6,,,0,.,6,7,3,5,8,3,,,1,,
A,U,D,U,S,D,m,-,0,1,2,1,,,A,U,D,U,S,D,m,,,L,O,N,G,,,2,0,2,4,-,0,9,-,1,8,,,0,.,6,7,6,,,0,.,0,7,6,3,8,3,,,0,.,6,8,2,5,0,5,,,0,.,6,6,9,4,9,5,,,P,T,,,2,0,2,4,-,0,9,-,1,9,,,0,.,6,8,2,5,0,5,,,1,,
A,U,D,U,S,D,m,-,0,1,2,2,,,A,U,D,U,S,D,m,,,L,O,N,G,,,2,0,2,4,-,0,9,-,2,4,,,0,.,6,8,3,2,8,,,0,.,0,7,6,7,2,8,,,0,.,6,8,9,8,8,5,,,0,.,6,7,6,6,7,5,,,P,T,,,2,0,2,4,-,0,9,-,2,5,,,0,.,6,8,9,8,8,5,,,1,,
A,U,D,U,S,D,m,-,0,1,2,3,,,A,U,D,U,S,D,m,,,S,H,O,R,T,,,2,0,2,4,-,1,0,-,1,7,,,0,.,6,6,6,4,1,,,0,.,0,8,3,7,3,9,,,0,.,6,5,9,3,7,9,,,0,.,6,7,3,4,4,1,,,P,T,,,2,0,2,4,-,1,0,-,2,8,,,0,.,6,5,9,3,7,9,,,1,,
A,U,D,U,S,D,m,-,0,1,2,4,,,A,U,D,U,S,D,m,,,L,O,N,G,,,2,0,2,4,-,1,0,-,2,3,,,0,.,6,6,8,1,2,,,0,.,0,8,4,0,2,8,,,0,.,6,7,5,1,9,3,,,0,.,6,6,1,0,4,7,,,S,L,,,2,0,2,4,-,1,0,-,2,5,,,0,.,6,6,1,0,4,7,,,-,1,,
A,U,D,U,S,D,m,-,0,1,2,5,,,A,U,D,U,S,D,m,,,L,O,N,G,,,2,0,2,4,-,1,0,-,2,9,,,0,.,6,5,8,2,9,,,0,.,0,8,1,5,2,8,,,0,.,6,6,5,0,5,2,,,0,.,6,5,1,5,2,8,,,S,L,,,2,0,2,4,-,1,1,-,0,6,,,0,.,6,5,1,5,2,8,,,-,1,,
A,U,D,U,S,D,m,-,0,1,2,6,,,A,U,D,U,S,D,m,,,S,H,O,R,T,,,2,0,2,5,-,0,1,-,1,3,,,0,.,6,1,5,3,3,,,0,.,0,9,2,5,2,7,,,0,.,6,0,8,1,5,7,,,0,.,6,2,2,5,0,3,,,S,L,,,2,0,2,5,-,0,1,-,1,5,,,0,.,6,2,2,5,0,3,,,-,1,,
A,U,D,U,S,D,m,-,0,1,2,7,,,A,U,D,U,S,D,m,,,S,H,O,R,T,,,2,0,2,5,-,0,1,-,1,9,,,0,.,6,1,8,6,9,,,0,.,0,7,8,9,5,6,,,0,.,6,1,2,5,3,6,,,0,.,6,2,4,8,4,4,,,S,L,,,2,0,2,5,-,0,1,-,2,0,,,0,.,6,2,4,8,4,4,,,-,1,,
A,U,D,U,S,D,m,-,0,1,2,8,,,A,U,D,U,S,D,m,,,S,H,O,R,T,,,2,0,2,5,-,0,1,-,2,4,,,0,.,6,2,8,2,5,,,0,.,0,8,2,1,8,7,,,0,.,6,2,1,7,4,5,,,0,.,6,3,4,7,5,5,,,P,T,,,2,0,2,5,-,0,1,-,2,9,,,0,.,6,2,1,7,4,5,,,1,,
A,U,D,U,S,D,m,-,0,1,2,9,,,A,U,D,U,S,D,m,,,S,H,O,R,T,,,2,0,2,5,-,0,1,-,3,0,,,0,.,6,2,3,8,8,,,0,.,0,8,1,1,3,4,,,0,.,6,1,7,5,0,3,,,0,.,6,3,0,2,5,7,,,P,T,,,2,0,2,5,-,0,2,-,0,2,,,0,.,6,1,7,5,0,3,,,1,,
A,U,D,U,S,D,m,-,0,1,3,0,,,A,U,D,U,S,D,m,,,S,H,O,R,T,,,2,0,2,5,-,0,3,-,2,4,,,0,.,6,2,8,8,3,,,0,.,0,8,6,3,4,3,,,0,.,6,2,1,9,8,9,,,0,.,6,3,5,6,7,1,,,P,T,,,2,0,2,5,-,0,3,-,3,1,,,0,.,6,2,1,9,8,9,,,1,,
A,U,D,U,S,D,m,-,0,1,3,1,,,A,U,D,U,S,D,m,,,S,H,O,R,T,,,2,0,2,5,-,0,3,-,3,0,,,0,.,6,2,7,9,8,,,0,.,0,8,5,2,3,5,,,0,.,6,2,1,2,3,6,,,0,.,6,3,4,7,2,4,,,S,L,,,2,0,2,5,-,0,4,-,0,3,,,0,.,6,3,4,7,2,4,,,-,1,,
A,U,D,U,S,D,m,-,0,1,3,2,,,A,U,D,U,S,D,m,,,S,H,O,R,T,,,2,0,2,5,-,0,6,-,2,5,,,0,.,6,4,9,5,,,0,.,0,8,2,7,9,6,,,0,.,6,4,2,7,2,5,,,0,.,6,5,6,2,7,5,,,S,L,,,2,0,2,5,-,0,6,-,2,6,,,0,.,6,5,6,2,7,5,,,-,1,,
A,U,D,U,S,D,m,-,0,1,3,3,,,A,U,D,U,S,D,m,,,S,H,O,R,T,,,2,0,2,5,-,0,7,-,0,1,,,0,.,6,5,7,6,1,,,0,.,0,8,2,1,6,8,,,0,.,6,5,0,8,0,2,,,0,.,6,6,4,4,1,8,,,P,T,,,2,0,2,5,-,0,7,-,0,7,,,0,.,6,5,0,8,0,2,,,1,,
A,U,D,U,S,D,m,-,0,1,3,4,,,A,U,D,U,S,D,m,,,S,H,O,R,T,,,2,0,2,5,-,0,7,-,0,7,,,0,.,6,5,4,9,8,,,0,.,0,8,0,3,4,5,,,0,.,6,4,8,3,5,,,0,.,6,6,1,6,1,,,P,T,,,2,0,2,5,-,0,7,-,1,7,,,0,.,6,4,8,3,5,,,1,,
A,U,D,U,S,D,m,-,0,1,3,5,,,A,U,D,U,S,D,m,,,S,H,O,R,T,,,2,0,2,5,-,0,7,-,1,3,,,0,.,6,5,5,7,8,,,0,.,0,7,9,6,8,5,,,0,.,6,4,9,1,9,6,,,0,.,6,6,2,3,6,4,,,P,T,,,2,0,2,5,-,0,7,-,1,7,,,0,.,6,4,9,1,9,6,,,1,,
A,U,D,U,S,D,m,-,0,1,3,6,,,A,U,D,U,S,D,m,,,S,H,O,R,T,,,2,0,2,5,-,0,7,-,1,8,,,0,.,6,4,9,7,4,,,0,.,0,7,5,2,7,9,,,0,.,6,4,3,5,7,8,,,0,.,6,5,5,9,0,2,,,S,L,,,2,0,2,5,-,0,7,-,2,3,,,0,.,6,5,5,9,0,2,,,-,1,,
A,U,D,U,S,D,m,-,0,1,3,7,,,A,U,D,U,S,D,m,,,S,H,O,R,T,,,2,0,2,5,-,0,7,-,2,4,,,0,.,6,6,0,1,1,,,0,.,0,6,6,1,5,2,,,0,.,6,5,4,6,0,8,,,0,.,6,6,5,6,1,2,,,P,T,,,2,0,2,5,-,0,7,-,2,8,,,0,.,6,5,4,6,0,8,,,1,,
A,U,D,U,S,D,m,-,0,1,3,8,,,A,U,D,U,S,D,m,,,S,H,O,R,T,,,2,0,2,5,-,0,7,-,3,0,,,0,.,6,5,1,2,9,,,0,.,0,6,6,8,2,8,,,0,.,6,4,5,8,0,6,,,0,.,6,5,6,7,7,4,,,P,T,,,2,0,2,5,-,0,7,-,3,1,,,0,.,6,4,5,8,0,6,,,1,,
A,U,D,U,S,D,m,-,0,1,3,9,,,A,U,D,U,S,D,m,,,S,H,O,R,T,,,2,0,2,5,-,0,8,-,2,8,,,0,.,6,5,1,2,2,,,0,.,0,6,4,7,9,6,,,0,.,6,4,5,9,0,4,,,0,.,6,5,6,5,3,6,,,S,L,,,2,0,2,5,-,0,9,-,0,5,,,0,.,6,5,6,5,3,6,,,-,1,,
A,U,D,U,S,D,m,-,0,1,4,0,,,A,U,D,U,S,D,m,,,L,O,N,G,,,2,0,2,5,-,0,9,-,2,1,,,0,.,6,5,8,6,1,,,0,.,0,6,5,4,9,8,,,0,.,6,6,4,0,4,5,,,0,.,6,5,3,1,7,5,,,S,L,,,2,0,2,5,-,0,9,-,2,5,,,0,.,6,5,3,1,7,5,,,-,1,,
A,U,D,U,S,D,m,-,0,1,4,1,,,A,U,D,U,S,D,m,,,L,O,N,G,,,2,0,2,5,-,0,9,-,2,6,,,0,.,6,5,3,7,7,,,0,.,0,6,5,6,5,9,,,0,.,6,5,9,1,7,8,,,0,.,6,4,8,3,6,2,,,P,T,,,2,0,2,5,-,0,9,-,3,0,,,0,.,6,5,9,1,7,8,,,1,,
A,U,D,U,S,D,m,-,0,1,4,2,,,A,U,D,U,S,D,m,,,L,O,N,G,,,2,0,2,5,-,1,0,-,0,2,,,0,.,6,6,1,5,3,,,0,.,0,6,4,5,5,5,,,0,.,6,6,6,9,1,,,0,.,6,5,6,1,5,,,S,L,,,2,0,2,5,-,1,0,-,0,8,,,0,.,6,5,6,1,5,,,-,1,,
A,U,D,U,S,D,m,-,0,1,4,3,,,A,U,D,U,S,D,m,,,L,O,N,G,,,2,0,2,5,-,1,0,-,0,8,,,0,.,6,5,7,9,9,,,0,.,0,5,9,5,6,8,,,0,.,6,6,2,9,2,8,,,0,.,6,5,3,0,5,2,,,S,L,,,2,0,2,5,-,1,0,-,1,0,,,0,.,6,5,3,0,5,2,,,-,1,,
A,U,D,U,S,D,m,-,0,1,4,4,,,A,U,D,U,S,D,m,,,L,O,N,G,,,2,0,2,5,-,1,0,-,1,4,,,0,.,6,5,1,1,5,,,0,.,0,6,4,9,6,8,,,0,.,6,5,6,4,8,,,0,.,6,4,5,8,2,,,S,L,,,2,0,2,5,-,1,0,-,1,7,,,0,.,6,4,5,8,2,,,-,1,,
A,U,D,U,S,D,m,-,0,1,4,5,,,A,U,D,U,S,D,m,,,L,O,N,G,,,2,0,2,5,-,1,0,-,2,0,,,0,.,6,5,0,0,9,,,0,.,0,6,5,0,7,6,,,0,.,6,5,5,4,2,,,0,.,6,4,4,7,6,,,P,T,,,2,0,2,5,-,1,0,-,2,7,,,0,.,6,5,5,4,2,,,1,,
A,U,D,U,S,D,m,-,0,1,4,6,,,A,U,D,U,S,D,m,,,L,O,N,G,,,2,0,2,5,-,1,1,-,1,8,,,0,.,6,4,9,2,,,0,.,0,5,9,6,4,7,,,0,.,6,5,4,0,7,9,,,0,.,6,4,4,3,2,1,,,S,L,,,2,0,2,5,-,1,1,-,2,0,,,0,.,6,4,4,3,2,1,,,-,1,,
A,U,D,U,S,D,m,-,0,1,4,7,,,A,U,D,U,S,D,m,,,L,O,N,G,,,2,0,2,5,-,1,1,-,2,4,,,0,.,6,4,6,1,3,,,0,.,0,5,7,7,4,3,,,0,.,6,5,0,8,3,1,,,0,.,6,4,1,4,2,9,,,P,T,,,2,0,2,5,-,1,1,-,2,6,,,0,.,6,5,0,8,3,1,,,1,,
A,U,D,U,S,D,m,-,0,1,4,8,,,A,U,D,U,S,D,m,,,L,O,N,G,,,2,0,2,5,-,1,1,-,3,0,,,0,.,6,5,3,6,6,,,0,.,0,5,8,3,3,8,,,0,.,6,5,8,4,6,4,,,0,.,6,4,8,8,5,6,,,P,T,,,2,0,2,5,-,1,2,-,0,3,,,0,.,6,5,8,4,6,4,,,1,,
A,U,D,U,S,D,m,-,0,1,4,9,,,A,U,D,U,S,D,m,,,L,O,N,G,,,2,0,2,5,-,1,2,-,0,5,,,0,.,6,6,0,6,1,,,0,.,0,5,7,7,5,3,,,0,.,6,6,5,4,1,7,,,0,.,6,5,5,8,0,3,,,P,T,,,2,0,2,5,-,1,2,-,1,0,,,0,.,6,6,5,4,1,7,,,1,,
A,U,D,U,S,D,m,-,0,1,5,0,,,A,U,D,U,S,D,m,,,L,O,N,G,,,2,0,2,5,-,1,2,-,2,3,,,0,.,6,6,5,7,1,,,0,.,0,5,1,0,1,1,,,0,.,6,6,9,9,8,8,,,0,.,6,6,1,4,3,2,,,P,T,,,2,0,2,5,-,1,2,-,2,4,,,0,.,6,6,9,9,8,8,,,1,,
A,U,D,U,S,D,m,-,0,1,5,1,,,A,U,D,U,S,D,m,,,L,O,N,G,,,2,0,2,5,-,1,2,-,2,9,,,0,.,6,7,1,3,9,,,0,.,0,5,1,4,2,1,,,0,.,6,7,5,7,4,,,0,.,6,6,7,0,4,,,S,L,,,2,0,2,5,-,1,2,-,3,1,,,0,.,6,6,7,0,4,,,-,1,,
A,U,D,U,S,D,m,-,0,1,5,2,,,A,U,D,U,S,D,m,,,L,O,N,G,,,2,0,2,6,-,0,1,-,0,4,,,0,.,6,6,7,9,9,,,0,.,0,5,0,9,8,,,0,.,6,7,2,2,8,,,0,.,6,6,3,7,,,P,T,,,2,0,2,6,-,0,1,-,0,6,,,0,.,6,7,2,2,8,,,1,,
A,U,D,U,S,D,m,-,0,1,5,3,,,A,U,D,U,S,D,m,,,L,O,N,G,,,2,0,2,6,-,0,1,-,0,9,,,0,.,6,6,9,8,1,,,0,.,0,5,1,1,7,5,,,0,.,6,7,4,1,2,9,,,0,.,6,6,5,4,9,1,,,P,T,,,2,0,2,6,-,0,1,-,2,0,,,0,.,6,7,4,1,2,9,,,1,,
A,U,D,U,S,D,m,-,0,1,5,4,,,A,U,D,U,S,D,m,,,L,O,N,G,,,2,0,2,6,-,0,1,-,1,5,,,0,.,6,6,8,1,5,,,0,.,0,4,7,8,4,8,,,0,.,6,7,2,1,7,8,,,0,.,6,6,4,1,2,2,,,P,T,,,2,0,2,6,-,0,1,-,2,0,,,0,.,6,7,2,1,7,8,,,1,,
A,U,D,U,S,D,m,-,0,1,5,5,,,A,U,D,U,S,D,m,,,L,O,N,G,,,2,0,2,6,-,0,1,-,2,1,,,0,.,6,7,3,0,7,,,0,.,0,4,8,1,5,5,,,0,.,6,7,7,1,5,4,,,0,.,6,6,8,9,8,6,,,P,T,,,2,0,2,6,-,0,1,-,2,2,,,0,.,6,7,7,1,5,4,,,1,,
A,U,D,U,S,D,m,-,0,1,5,6,,,A,U,D,U,S,D,m,,,L,O,N,G,,,2,0,2,6,-,0,5,-,2,4,,,0,.,7,1,2,9,5,,,0,.,0,9,7,9,7,2,,,0,.,7,2,1,7,5,,,0,.,7,0,4,1,5,,,V,E,R,T,I,C,A,L,,,2,0,2,6,-,0,6,-,0,4,,,0,.,7,1,3,0,5,,,1,,
A,U,D,U,S,D,m,-,0,1,5,7,,,A,U,D,U,S,D,m,,,L,O,N,G,,,2,0,2,6,-,0,5,-,2,9,,,0,.,7,1,6,2,5,,,0,.,0,9,1,1,5,8,,,0,.,7,2,4,4,7,6,,,0,.,7,0,8,0,2,4,,,S,L,,,2,0,2,6,-,0,6,-,0,5,,,0,.,7,0,8,0,2,4,,,-,1,,
A,U,D,U,S,D,m,-,0,1,5,8,,,A,U,D,U,S,D,m,,,L,O,N,G,,,2,0,2,6,-,0,6,-,0,4,,,0,.,7,1,3,3,4,,,0,.,0,8,8,8,0,6,,,0,.,7,2,1,3,2,1,,,0,.,7,0,5,3,5,9,,,S,L,,,2,0,2,6,-,0,6,-,0,5,,,0,.,7,0,5,3,5,9,,,-,1,,
A,U,D,U,S,D,m,-,0,1,5,9,,,A,U,D,U,S,D,m,,,L,O,N,G,,,2,0,2,6,-,0,6,-,1,0,,,0,.,7,0,2,3,7,,,0,.,0,8,9,8,3,7,,,0,.,7,1,0,3,2,,,0,.,6,9,4,4,2,,,V,E,R,T,I,C,A,L,,,2,0,2,6,-,0,6,-,2,2,,,0,.,6,9,9,3,8,,,-,1,,
A,U,D,U,S,D,m,-,0,1,6,0,,,A,U,D,U,S,D,m,,,L,O,N,G,,,2,0,2,6,-,0,6,-,1,6,,,0,.,7,0,7,1,1,,,0,.,0,7,7,7,3,5,,,0,.,7,1,4,0,3,5,,,0,.,7,0,0,1,8,5,,,S,L,,,2,0,2,6,-,0,6,-,1,7,,,0,.,7,0,0,1,8,5,,,-,1,,
A,U,D,U,S,D,m,-,0,1,6,1,,,A,U,D,U,S,D,m,,,L,O,N,G,,,2,0,2,6,-,0,7,-,0,3,,,0,.,6,9,1,5,3,,,0,.,0,7,2,8,2,8,,,0,.,6,9,7,8,7,5,,,0,.,6,8,5,1,8,5,,,P,T,,,2,0,2,6,-,0,7,-,1,4,,,0,.,6,9,7,8,7,5,,,1,,
A,U,D,U,S,D,m,-,0,1,6,2,,,A,U,D,U,S,D,m,,,L,O,N,G,,,2,0,2,6,-,0,7,-,0,9,,,0,.,6,9,3,5,6,,,0,.,0,6,7,2,6,4,,,0,.,6,9,9,4,3,8,,,0,.,6,8,7,6,8,2,,,P,T,,,2,0,2,6,-,0,7,-,1,5,,,0,.,6,9,9,4,3,8,,,1,,
A,U,D,U,S,D,m,-,0,1,6,3,,,A,U,D,U,S,D,m,,,L,O,N,G,,,2,0,2,6,-,0,7,-,1,5,,,0,.,6,9,7,5,9,,,0,.,0,6,7,3,9,3,,,0,.,7,0,3,5,1,3,,,0,.,6,9,1,6,6,7,,,V,E,R,T,I,C,A,L,,,2,0,2,6,-,0,7,-,2,7,,,0,.,6,9,8,6,3,,,1,,
A,U,D,U,S,D,m,-,0,1,6,4,,,A,U,D,U,S,D,m,,,L,O,N,G,,,2,0,2,6,-,0,7,-,2,1,,,0,.,6,9,9,9,9,,,0,.,0,6,7,2,,,0,.,7,0,5,9,1,6,,,0,.,6,9,4,0,6,4,,,S,L,,,2,0,2,6,-,0,7,-,2,9,,,0,.,6,9,4,0,6,4,,,-,1,,
A,U,D,U,S,D,m,-,0,1,6,5,,,A,U,D,U,S,D,m,,,L,O,N,G,,,2,0,2,6,-,0,7,-,2,7,,,0,.,6,9,9,3,8,,,0,.,0,6,2,7,3,5,,,0,.,7,0,4,9,0,8,,,0,.,6,9,3,8,5,2,,,S,L,,,2,0,2,6,-,0,7,-,2,9,,,0,.,6,9,3,8,5,2,,,-,1,,
A,U,D,U,S,D,m,-,0,1,6,6,,,A,U,D,U,S,D,m,,,L,O,N,G,,,2,0,2,6,-,0,8,-,0,2,,,0,.,7,0,4,1,1,,,0,.,0,6,1,1,7,2,,,0,.,7,0,9,5,3,6,,,0,.,6,9,8,6,8,4,,,S,L,,,2,0,2,6,-,0,8,-,0,3,,,0,.,6,9,8,6,8,4,,,-,1,,
E,U,R,U,S,D,m,-,0,0,0,0,,,E,U,R,U,S,D,m,,,L,O,N,G,,,2,0,2,0,-,1,0,-,2,7,,,1,.,1,8,0,8,6,,,0,.,0,5,4,2,4,4,,,1,.,1,8,8,9,3,,,1,.,1,7,2,7,9,,,S,L,,,2,0,2,0,-,1,0,-,2,8,,,1,.,1,7,2,7,9,,,-,1,,
E,U,R,U,S,D,m,-,0,0,0,1,,,E,U,R,U,S,D,m,,,L,O,N,G,,,2,0,2,0,-,1,1,-,0,2,,,1,.,1,6,4,1,2,,,0,.,0,5,1,5,6,6,,,1,.,1,7,1,6,8,3,,,1,.,1,5,6,5,5,7,,,P,T,,,2,0,2,0,-,1,1,-,0,3,,,1,.,1,7,1,6,8,3,,,1,,
E,U,R,U,S,D,m,-,0,0,0,2,,,E,U,R,U,S,D,m,,,L,O,N,G,,,2,0,2,0,-,1,1,-,0,8,,,1,.,1,8,8,3,,,0,.,0,5,6,7,3,,,1,.,1,9,6,7,9,3,,,1,.,1,7,9,8,0,7,,,S,L,,,2,0,2,0,-,1,1,-,0,9,,,1,.,1,7,9,8,0,7,,,-,1,,
E,U,R,U,S,D,m,-,0,0,0,3,,,E,U,R,U,S,D,m,,,L,O,N,G,,,2,0,2,0,-,1,2,-,0,1,,,1,.,1,9,3,6,9,,,0,.,0,5,3,6,9,1,,,1,.,2,0,1,7,6,5,,,1,.,1,8,5,6,1,5,,,P,T,,,2,0,2,0,-,1,2,-,0,2,,,1,.,2,0,1,7,6,5,,,1,,
E,U,R,U,S,D,m,-,0,0,0,4,,,E,U,R,U,S,D,m,,,L,O,N,G,,,2,0,2,0,-,1,2,-,0,7,,,1,.,2,1,1,9,7,,,0,.,0,5,6,8,7,7,,,1,.,2,2,0,6,5,5,,,1,.,2,0,3,2,8,5,,,P,T,,,2,0,2,0,-,1,2,-,1,6,,,1,.,2,2,0,6,5,5,,,1,,
E,U,R,U,S,D,m,-,0,0,0,5,,,E,U,R,U,S,D,m,,,L,O,N,G,,,2,0,2,0,-,1,2,-,1,3,,,1,.,2,1,3,,,0,.,0,5,7,1,4,3,,,1,.,2,2,1,7,3,3,,,1,.,2,0,4,2,6,7,,,P,T,,,2,0,2,0,-,1,2,-,1,7,,,1,.,2,2,1,7,3,3,,,1,,
E,U,R,U,S,D,m,-,0,0,0,6,,,E,U,R,U,S,D,m,,,L,O,N,G,,,2,0,2,0,-,1,2,-,1,8,,,1,.,2,2,6,1,,,0,.,0,5,5,5,8,1,,,1,.,2,3,4,6,8,6,,,1,.,2,1,7,5,1,4,,,S,L,,,2,0,2,0,-,1,2,-,2,1,,,1,.,2,1,7,5,1,4,,,-,1,,
E,U,R,U,S,D,m,-,0,0,0,7,,,E,U,R,U,S,D,m,,,L,O,N,G,,,2,0,2,0,-,1,2,-,2,4,,,1,.,2,1,9,3,6,,,0,.,0,5,4,8,4,9,,,1,.,2,2,7,7,8,6,,,1,.,2,1,0,9,3,4,,,P,T,,,2,0,2,0,-,1,2,-,3,0,,,1,.,2,2,7,7,8,6,,,1,,
E,U,R,U,S,D,m,-,0,0,0,8,,,E,U,R,U,S,D,m,,,L,O,N,G,,,2,0,2,0,-,1,2,-,3,1,,,1,.,2,2,9,8,2,,,0,.,0,5,4,0,5,2,,,1,.,2,3,8,1,9,5,,,1,.,2,2,1,4,4,5,,,S,L,,,2,0,2,1,-,0,1,-,0,8,,,1,.,2,2,1,4,4,5,,,-,1,,
E,U,R,U,S,D,m,-,0,0,0,9,,,E,U,R,U,S,D,m,,,L,O,N,G,,,2,0,2,1,-,0,1,-,0,7,,,1,.,2,3,3,7,9,,,0,.,0,5,4,8,6,8,,,1,.,2,4,2,3,1,9,,,1,.,2,2,5,2,6,1,,,S,L,,,2,0,2,1,-,0,1,-,0,8,,,1,.,2,2,5,2,6,1,,,-,1,,
E,U,R,U,S,D,m,-,0,0,1,0,,,E,U,R,U,S,D,m,,,L,O,N,G,,,2,0,2,1,-,0,1,-,1,9,,,1,.,2,0,7,7,3,,,0,.,0,5,1,7,8,4,,,1,.,2,1,5,6,0,9,,,1,.,1,9,9,8,5,1,,,P,T,,,2,0,2,1,-,0,1,-,2,0,,,1,.,2,1,5,6,0,9,,,1,,
E,U,R,U,S,D,m,-,0,0,1,1,,,E,U,R,U,S,D,m,,,L,O,N,G,,,2,0,2,1,-,0,1,-,2,5,,,1,.,2,1,6,6,6,,,0,.,0,5,1,2,1,7,,,1,.,2,2,4,5,1,1,,,1,.,2,0,8,8,0,9,,,S,L,,,2,0,2,1,-,0,1,-,2,7,,,1,.,2,0,8,8,0,9,,,-,1,,
E,U,R,U,S,D,m,-,0,0,1,2,,,E,U,R,U,S,D,m,,,L,O,N,G,,,2,0,2,1,-,0,1,-,3,1,,,1,.,2,1,2,6,8,,,0,.,0,5,2,6,2,6,,,1,.,2,2,0,7,2,,,1,.,2,0,4,6,4,,,S,L,,,2,0,2,1,-,0,2,-,0,2,,,1,.,2,0,4,6,4,,,-,1,,
E,U,R,U,S,D,m,-,0,0,1,3,,,E,U,R,U,S,D,m,,,L,O,N,G,,,2,0,2,1,-,0,2,-,0,5,,,1,.,1,9,6,5,9,,,0,.,0,5,4,4,4,7,,,1,.,2,0,4,7,9,8,,,1,.,1,8,8,3,8,2,,,P,T,,,2,0,2,1,-,0,2,-,0,7,,,1,.,2,0,4,7,9,8,,,1,,
E,U,R,U,S,D,m,-,0,0,1,4,,,E,U,R,U,S,D,m,,,L,O,N,G,,,2,0,2,1,-,0,2,-,1,1,,,1,.,2,1,1,8,6,,,0,.,0,5,1,2,9,7,,,1,.,2,1,9,6,9,2,,,1,.,2,0,4,0,2,8,,,S,L,,,2,0,2,1,-,0,2,-,1,7,,,1,.,2,0,4,0,2,8,,,-,1,,
E,U,R,U,S,D,m,-,0,0,1,5,,,E,U,R,U,S,D,m,,,L,O,N,G,,,2,0,2,1,-,0,2,-,1,7,,,1,.,2,0,8,7,6,,,0,.,0,5,0,9,9,7,,,1,.,2,1,6,5,2,6,,,1,.,2,0,0,9,9,4,,,P,T,,,2,0,2,1,-,0,2,-,2,2,,,1,.,2,1,6,5,2,6,,,1,,
E,U,R,U,S,D,m,-,0,0,1,6,,,E,U,R,U,S,D,m,,,L,O,N,G,,,2,0,2,1,-,0,2,-,2,3,,,1,.,2,1,6,3,5,,,0,.,0,5,0,7,7,,,1,.,2,2,4,1,3,,,1,.,2,0,8,5,7,,,P,T,,,2,0,2,1,-,0,2,-,2,5,,,1,.,2,2,4,1,3,,,1,,
E,U,R,U,S,D,m,-,0,0,1,7,,,E,U,R,U,S,D,m,,,L,O,N,G,,,2,0,2,1,-,0,3,-,2,4,,,1,.,1,8,3,9,3,,,0,.,0,5,6,1,2,8,,,1,.,1,9,2,3,0,2,,,1,.,1,7,5,5,5,8,,,S,L,,,2,0,2,1,-,0,3,-,3,0,,,1,.,1,7,5,5,5,8,,,-,1,,
E,U,R,U,S,D,m,-,0,0,1,8,,,E,U,R,U,S,D,m,,,L,O,N,G,,,2,0,2,1,-,0,3,-,3,0,,,1,.,1,7,6,8,1,,,0,.,0,5,4,0,2,3,,,1,.,1,8,4,8,2,,,1,.,1,6,8,8,,,P,T,,,2,0,2,1,-,0,4,-,0,6,,,1,.,1,8,4,8,2,,,1,,
E,U,R,U,S,D,m,-,0,0,1,9,,,E,U,R,U,S,D,m,,,L,O,N,G,,,2,0,2,1,-,0,4,-,0,5,,,1,.,1,7,6,7,3,,,0,.,0,5,4,4,6,6,,,1,.,1,8,4,8,0,5,,,1,.,1,6,8,6,5,5,,,P,T,,,2,0,2,1,-,0,4,-,0,6,,,1,.,1,8,4,8,0,5,,,1,,
E,U,R,U,S,D,m,-,0,0,2,0,,,E,U,R,U,S,D,m,,,L,O,N,G,,,2,0,2,1,-,0,4,-,1,1,,,1,.,1,8,8,8,5,,,0,.,0,5,5,7,2,2,,,1,.,1,9,7,1,9,6,,,1,.,1,8,0,5,0,4,,,P,T,,,2,0,2,1,-,0,4,-,1,4,,,1,.,1,9,7,1,9,6,,,1,,
E,U,R,U,S,D,m,-,0,0,2,1,,,E,U,R,U,S,D,m,,,L,O,N,G,,,2,0,2,1,-,0,4,-,1,6,,,1,.,1,9,6,8,9,,,0,.,0,5,2,3,9,4,,,1,.,2,0,4,7,9,1,,,1,.,1,8,8,9,8,9,,,P,T,,,2,0,2,1,-,0,4,-,2,0,,,1,.,2,0,4,7,9,1,,,1,,
E,U,R,U,S,D,m,-,0,0,2,2,,,E,U,R,U,S,D,m,,,L,O,N,G,,,2,0,2,1,-,0,4,-,2,2,,,1,.,2,0,3,6,9,,,0,.,0,5,2,8,6,6,,,1,.,2,1,1,7,0,7,,,1,.,1,9,5,6,7,3,,,P,T,,,2,0,2,1,-,0,4,-,2,8,,,1,.,2,1,1,7,0,7,,,1,,
E,U,R,U,S,D,m,-,0,0,2,3,,,E,U,R,U,S,D,m,,,L,O,N,G,,,2,0,2,1,-,0,4,-,2,8,,,1,.,2,0,8,8,9,,,0,.,0,5,3,8,9,8,,,1,.,2,1,7,0,9,9,,,1,.,2,0,0,6,8,1,,,S,L,,,2,0,2,1,-,0,5,-,0,4,,,1,.,2,0,0,6,8,1,,,-,1,,
E,U,R,U,S,D,m,-,0,0,2,4,,,E,U,R,U,S,D,m,,,L,O,N,G,,,2,0,2,1,-,0,5,-,0,4,,,1,.,2,0,5,8,5,,,0,.,0,5,6,4,2,,,1,.,2,1,4,4,2,1,,,1,.,1,9,7,2,7,9,,,P,T,,,2,0,2,1,-,0,5,-,0,7,,,1,.,2,1,4,4,2,1,,,1,,
E,U,R,U,S,D,m,-,0,0,2,5,,,E,U,R,U,S,D,m,,,L,O,N,G,,,2,0,2,1,-,0,5,-,1,0,,,1,.,2,1,7,0,2,,,0,.,0,5,7,6,6,9,,,1,.,2,2,5,8,6,2,,,1,.,2,0,8,1,7,8,,,S,L,,,2,0,2,1,-,0,5,-,1,2,,,1,.,2,0,8,1,7,8,,,-,1,,
E,U,R,U,S,D,m,-,0,0,2,6,,,E,U,R,U,S,D,m,,,L,O,N,G,,,2,0,2,1,-,0,5,-,1,6,,,1,.,2,1,3,6,8,,,0,.,0,5,6,8,6,,,1,.,2,2,2,3,7,4,,,1,.,2,0,4,9,8,6,,,P,T,,,2,0,2,1,-,0,5,-,1,8,,,1,.,2,2,2,3,7,4,,,1,,
E,U,R,U,S,D,m,-,0,0,2,7,,,E,U,R,U,S,D,m,,,L,O,N,G,,,2,0,2,1,-,0,6,-,0,2,,,1,.,2,2,1,7,1,,,0,.,0,5,1,1,9,9,,,1,.,2,2,9,5,9,1,,,1,.,2,1,3,8,2,9,,,S,L,,,2,0,2,1,-,0,6,-,0,3,,,1,.,2,1,3,8,2,9,,,-,1,,
E,U,R,U,S,D,m,-,0,0,2,8,,,E,U,R,U,S,D,m,,,L,O,N,G,,,2,0,2,1,-,0,6,-,1,4,,,1,.,2,1,0,9,3,,,0,.,0,5,2,3,0,6,,,1,.,2,1,8,9,1,,,1,.,2,0,2,9,5,,,S,L,,,2,0,2,1,-,0,6,-,1,6,,,1,.,2,0,2,9,5,,,-,1,,
E,U,R,U,S,D,m,-,0,0,2,9,,,E,U,R,U,S,D,m,,,L,O,N,G,,,2,0,2,1,-,0,6,-,2,0,,,1,.,1,8,5,4,1,,,0,.,0,5,8,3,0,2,,,1,.,1,9,4,1,1,7,,,1,.,1,7,6,7,0,3,,,P,T,,,2,0,2,1,-,0,6,-,2,2,,,1,.,1,9,4,1,1,7,,,1,,
E,U,R,U,S,D,m,-,0,0,3,0,,,E,U,R,U,S,D,m,,,L,O,N,G,,,2,0,2,1,-,0,7,-,0,1,,,1,.,1,8,5,5,7,,,0,.,0,5,7,1,5,6,,,1,.,1,9,4,1,0,7,,,1,.,1,7,7,0,3,3,,,S,L,,,2,0,2,1,-,0,7,-,1,3,,,1,.,1,7,7,0,3,3,,,-,1,,
E,U,R,U,S,D,m,-,0,0,3,1,,,E,U,R,U,S,D,m,,,S,H,O,R,T,,,2,0,2,1,-,0,7,-,1,3,,,1,.,1,8,6,2,5,,,0,.,0,5,2,8,5,8,,,1,.,1,7,8,3,5,,,1,.,1,9,4,1,5,,,P,T,,,2,0,2,1,-,0,7,-,1,4,,,1,.,1,7,8,3,5,,,1,,
E,U,R,U,S,D,m,-,0,0,3,2,,,E,U,R,U,S,D,m,,,S,H,O,R,T,,,2,0,2,1,-,0,7,-,3,0,,,1,.,1,8,9,,,0,.,0,4,7,2,6,7,,,1,.,1,8,1,9,1,9,,,1,.,1,9,6,0,8,1,,,P,T,,,2,0,2,1,-,0,8,-,0,6,,,1,.,1,8,1,9,1,9,,,1,,
E,U,R,U,S,D,m,-,0,0,3,3,,,E,U,R,U,S,D,m,,,S,H,O,R,T,,,2,0,2,1,-,0,8,-,1,1,,,1,.,1,7,1,9,5,,,0,.,0,4,6,5,7,3,,,1,.,1,6,5,0,7,3,,,1,.,1,7,8,8,2,7,,,S,L,,,2,0,2,1,-,0,8,-,1,3,,,1,.,1,7,8,8,2,7,,,-,1,,
E,U,R,U,S,D,m,-,0,0,3,4,,,E,U,R,U,S,D,m,,,S,H,O,R,T,,,2,0,2,1,-,0,8,-,1,7,,,1,.,1,7,7,7,4,,,0,.,0,4,5,8,2,1,,,1,.,1,7,0,9,4,1,,,1,.,1,8,4,5,3,9,,,P,T,,,2,0,2,1,-,0,8,-,1,8,,,1,.,1,7,0,9,4,1,,,1,,
E,U,R,U,S,D,m,-,0,0,3,5,,,E,U,R,U,S,D,m,,,S,H,O,R,T,,,2,0,2,1,-,0,9,-,0,3,,,1,.,1,8,7,3,5,,,0,.,0,4,0,0,1,5,,,1,.,1,8,1,3,6,4,,,1,.,1,9,3,3,3,6,,,P,T,,,2,0,2,1,-,0,9,-,0,8,,,1,.,1,8,1,3,6,4,,,1,,
E,U,R,U,S,D,m,-,0,0,3,6,,,E,U,R,U,S,D,m,,,S,H,O,R,T,,,2,0,2,1,-,0,9,-,0,9,,,1,.,1,8,1,8,1,,,0,.,0,3,9,5,1,7,,,1,.,1,7,5,9,2,6,,,1,.,1,8,7,6,9,4,,,P,T,,,2,0,2,1,-,0,9,-,1,6,,,1,.,1,7,5,9,2,6,,,1,,
E,U,R,U,S,D,m,-,0,0,3,7,,,E,U,R,U,S,D,m,,,L,O,N,G,,,2,0,2,1,-,0,9,-,1,5,,,1,.,1,8,0,2,2,,,0,.,0,3,8,4,2,5,,,1,.,1,8,5,9,3,4,,,1,.,1,7,4,5,0,6,,,S,L,,,2,0,2,1,-,0,9,-,1,7,,,1,.,1,7,4,5,0,6,,,-,1,,
E,U,R,U,S,D,m,-,0,0,3,8,,,E,U,R,U,S,D,m,,,S,H,O,R,T,,,2,0,2,1,-,0,9,-,2,1,,,1,.,1,7,2,6,5,,,0,.,0,3,5,5,4,3,,,1,.,1,6,7,3,9,9,,,1,.,1,7,7,9,0,1,,,P,T,,,2,0,2,1,-,0,9,-,2,8,,,1,.,1,6,7,3,9,9,,,1,,
E,U,R,U,S,D,m,-,0,0,3,9,,,E,U,R,U,S,D,m,,,S,H,O,R,T,,,2,0,2,1,-,0,9,-,2,7,,,1,.,1,7,2,2,3,,,0,.,0,3,5,5,9,,,1,.,1,6,6,9,7,4,,,1,.,1,7,7,4,8,6,,,P,T,,,2,0,2,1,-,0,9,-,2,8,,,1,.,1,6,6,9,7,4,,,1,,
E,U,R,U,S,D,m,-,0,0,4,0,,,E,U,R,U,S,D,m,,,S,H,O,R,T,,,2,0,2,1,-,1,0,-,0,3,,,1,.,1,5,9,5,4,,,0,.,0,3,9,0,3,3,,,1,.,1,5,3,8,3,8,,,1,.,1,6,5,2,4,2,,,P,T,,,2,0,2,1,-,1,0,-,0,6,,,1,.,1,5,3,8,3,8,,,1,,
E,U,R,U,S,D,m,-,0,0,4,1,,,E,U,R,U,S,D,m,,,S,H,O,R,T,,,2,0,2,1,-,1,0,-,0,8,,,1,.,1,5,5,8,7,,,0,.,0,3,7,8,1,4,,,1,.,1,5,0,3,6,3,,,1,.,1,6,1,3,7,7,,,S,L,,,2,0,2,1,-,1,0,-,1,4,,,1,.,1,6,1,3,7,7,,,-,1,,
E,U,R,U,S,D,m,-,0,0,4,2,,,E,U,R,U,S,D,m,,,S,H,O,R,T,,,2,0,2,1,-,1,0,-,1,4,,,1,.,1,5,9,6,5,,,0,.,0,3,9,8,9,5,,,1,.,1,5,3,8,2,1,,,1,.,1,6,5,4,7,9,,,S,L,,,2,0,2,1,-,1,0,-,1,9,,,1,.,1,6,5,4,7,9,,,-,1,,
E,U,R,U,S,D,m,-,0,0,4,3,,,E,U,R,U,S,D,m,,,S,H,O,R,T,,,2,0,2,1,-,1,0,-,2,0,,,1,.,1,6,3,1,2,,,0,.,0,3,7,9,9,8,,,1,.,1,5,7,5,5,2,,,1,.,1,6,8,6,8,8,,,S,L,,,2,0,2,1,-,1,0,-,2,8,,,1,.,1,6,8,6,8,8,,,-,1,,
E,U,R,U,S,D,m,-,0,0,4,4,,,E,U,R,U,S,D,m,,,S,H,O,R,T,,,2,0,2,1,-,1,0,-,2,6,,,1,.,1,6,0,8,4,,,0,.,0,3,5,4,3,4,,,1,.,1,5,5,6,5,8,,,1,.,1,6,6,0,2,2,,,S,L,,,2,0,2,1,-,1,0,-,2,8,,,1,.,1,6,6,0,2,2,,,-,1,,
E,U,R,U,S,D,m,-,0,0,4,5,,,E,U,R,U,S,D,m,,,S,H,O,R,T,,,2,0,2,1,-,1,1,-,0,1,,,1,.,1,5,5,5,9,,,0,.,0,4,2,6,9,6,,,1,.,1,4,9,3,7,4,,,1,.,1,6,1,8,0,6,,,P,T,,,2,0,2,1,-,1,1,-,1,0,,,1,.,1,4,9,3,7,4,,,1,,
E,U,R,U,S,D,m,-,0,0,4,6,,,E,U,R,U,S,D,m,,,S,H,O,R,T,,,2,0,2,1,-,1,1,-,0,7,,,1,.,1,5,6,0,7,,,0,.,0,4,4,3,7,2,,,1,.,1,4,9,6,0,7,,,1,.,1,6,2,5,3,3,,,P,T,,,2,0,2,1,-,1,1,-,1,0,,,1,.,1,4,9,6,0,7,,,1,,
E,U,R,U,S,D,m,-,0,0,4,7,,,E,U,R,U,S,D,m,,,S,H,O,R,T,,,2,0,2,1,-,1,1,-,1,2,,,1,.,1,4,4,7,3,,,0,.,0,4,7,6,3,,,1,.,1,3,7,8,6,1,,,1,.,1,5,1,5,9,9,,,P,T,,,2,0,2,1,-,1,1,-,1,5,,,1,.,1,3,7,8,6,1,,,1,,
E,U,R,U,S,D,m,-,0,0,4,8,,,E,U,R,U,S,D,m,,,S,H,O,R,T,,,2,0,2,1,-,1,1,-,1,8,,,1,.,1,3,1,7,5,,,0,.,0,4,9,4,0,6,,,1,.,1,2,4,7,0,5,,,1,.,1,3,8,7,9,5,,,P,T,,,2,0,2,1,-,1,1,-,2,2,,,1,.,1,2,4,7,0,5,,,1,,
E,U,R,U,S,D,m,-,0,0,4,9,,,E,U,R,U,S,D,m,,,S,H,O,R,T,,,2,0,2,1,-,1,1,-,2,4,,,1,.,1,2,4,4,,,0,.,0,5,2,5,6,5,,,1,.,1,1,6,9,5,4,,,1,.,1,3,1,8,4,6,,,S,L,,,2,0,2,1,-,1,1,-,2,6,,,1,.,1,3,1,8,4,6,,,-,1,,
E,U,R,U,S,D,m,-,0,0,5,0,,,E,U,R,U,S,D,m,,,S,H,O,R,T,,,2,0,2,1,-,1,1,-,3,0,,,1,.,1,2,9,2,4,,,0,.,0,5,6,1,7,6,,,1,.,1,2,1,2,4,8,,,1,.,1,3,7,2,3,2,,,V,E,R,T,I,C,A,L,,,2,0,2,1,-,1,2,-,1,2,,,1,.,1,3,1,0,1,,,-,1,,
E,U,R,U,S,D,m,-,0,0,5,1,,,E,U,R,U,S,D,m,,,S,H,O,R,T,,,2,0,2,1,-,1,2,-,0,6,,,1,.,1,3,0,3,6,,,0,.,0,5,5,4,0,6,,,1,.,1,2,2,4,7,,,1,.,1,3,8,2,5,,,P,T,,,2,0,2,1,-,1,2,-,1,5,,,1,.,1,2,2,4,7,,,1,,
E,U,R,U,S,D,m,-,0,0,5,2,,,E,U,R,U,S,D,m,,,S,H,O,R,T,,,2,0,2,1,-,1,2,-,1,2,,,1,.,1,3,1,1,7,,,0,.,0,5,5,9,4,4,,,1,.,1,2,3,1,9,7,,,1,.,1,3,9,1,4,3,,,P,T,,,2,0,2,1,-,1,2,-,1,5,,,1,.,1,2,3,1,9,7,,,1,,
E,U,R,U,S,D,m,-,0,0,5,3,,,E,U,R,U,S,D,m,,,S,H,O,R,T,,,2,0,2,1,-,1,2,-,1,7,,,1,.,1,3,3,3,4,,,0,.,0,5,6,7,1,2,,,1,.,1,2,5,2,4,2,,,1,.,1,4,1,4,3,8,,,P,T,,,2,0,2,1,-,1,2,-,1,9,,,1,.,1,2,5,2,4,2,,,1,,
E,U,R,U,S,D,m,-,0,0,5,4,,,E,U,R,U,S,D,m,,,S,H,O,R,T,,,2,0,2,1,-,1,2,-,2,3,,,1,.,1,3,2,5,8,,,0,.,0,5,8,8,0,3,,,1,.,1,2,4,1,8,9,,,1,.,1,4,0,9,7,1,,,V,E,R,T,I,C,A,L,,,2,0,2,2,-,0,1,-,0,4,,,1,.,1,2,8,2,4,,,1,,
E,U,R,U,S,D,m,-,0,0,5,5,,,E,U,R,U,S,D,m,,,S,H,O,R,T,,,2,0,2,1,-,1,2,-,2,9,,,1,.,1,3,1,2,5,,,0,.,0,5,8,5,1,9,,,1,.,1,2,2,9,1,,,1,.,1,3,9,5,9,,,V,E,R,T,I,C,A,L,,,2,0,2,2,-,0,1,-,1,0,,,1,.,1,3,2,9,6,,,-,1,,
E,U,R,U,S,D,m,-,0,0,5,6,,,E,U,R,U,S,D,m,,,S,H,O,R,T,,,2,0,2,2,-,0,1,-,0,4,,,1,.,1,3,0,1,5,,,0,.,0,6,1,5,6,7,,,1,.,1,2,1,3,8,4,,,1,.,1,3,8,9,1,6,,,S,L,,,2,0,2,2,-,0,1,-,1,2,,,1,.,1,3,8,9,1,6,,,-,1,,
E,U,R,U,S,D,m,-,0,0,5,7,,,E,U,R,U,S,D,m,,,S,H,O,R,T,,,2,0,2,2,-,0,1,-,1,0,,,1,.,1,3,5,3,,,0,.,0,5,7,0,6,2,,,1,.,1,2,7,1,3,8,,,1,.,1,4,3,4,6,2,,,S,L,,,2,0,2,2,-,0,1,-,1,2,,,1,.,1,4,3,4,6,2,,,-,1,,
E,U,R,U,S,D,m,-,0,0,5,8,,,E,U,R,U,S,D,m,,,S,H,O,R,T,,,2,0,2,2,-,0,1,-,1,6,,,1,.,1,4,1,2,3,,,0,.,0,5,8,4,0,7,,,1,.,1,3,2,8,3,2,,,1,.,1,4,9,6,2,8,,,P,T,,,2,0,2,2,-,0,1,-,1,8,,,1,.,1,3,2,8,3,2,,,1,,
E,U,R,U,S,D,m,-,0,0,5,9,,,E,U,R,U,S,D,m,,,S,H,O,R,T,,,2,0,2,2,-,0,1,-,2,1,,,1,.,1,3,1,2,6,,,0,.,0,5,6,8,5,3,,,1,.,1,2,3,1,5,7,,,1,.,1,3,9,3,6,3,,,P,T,,,2,0,2,2,-,0,1,-,2,7,,,1,.,1,2,3,1,5,7,,,1,,
E,U,R,U,S,D,m,-,0,0,6,0,,,E,U,R,U,S,D,m,,,S,H,O,R,T,,,2,0,2,2,-,0,1,-,2,7,,,1,.,1,2,4,0,2,,,0,.,0,5,5,4,3,1,,,1,.,1,1,6,1,7,,,1,.,1,3,1,8,7,,,P,T,,,2,0,2,2,-,0,1,-,2,8,,,1,.,1,1,6,1,7,,,1,,
E,U,R,U,S,D,m,-,0,0,6,1,,,E,U,R,U,S,D,m,,,S,H,O,R,T,,,2,0,2,2,-,0,2,-,0,8,,,1,.,1,4,4,0,7,,,0,.,0,5,9,5,1,9,,,1,.,1,3,5,4,9,1,,,1,.,1,5,2,6,4,9,,,P,T,,,2,0,2,2,-,0,2,-,1,1,,,1,.,1,3,5,4,9,1,,,1,,
E,U,R,U,S,D,m,-,0,0,6,2,,,E,U,R,U,S,D,m,,,S,H,O,R,T,,,2,0,2,2,-,0,2,-,1,4,,,1,.,1,3,6,4,2,,,0,.,0,6,0,6,9,2,,,1,.,1,2,7,7,3,,,1,.,1,4,5,1,1,,,P,T,,,2,0,2,2,-,0,2,-,2,4,,,1,.,1,2,7,7,3,,,1,,
E,U,R,U,S,D,m,-,0,0,6,3,,,E,U,R,U,S,D,m,,,S,H,O,R,T,,,2,0,2,2,-,0,2,-,2,0,,,1,.,1,3,1,8,,,0,.,0,6,0,6,0,3,,,1,.,1,2,3,1,5,8,,,1,.,1,4,0,4,4,2,,,P,T,,,2,0,2,2,-,0,2,-,2,4,,,1,.,1,2,3,1,5,8,,,1,,
E,U,R,U,S,D,m,-,0,0,6,4,,,E,U,R,U,S,D,m,,,S,H,O,R,T,,,2,0,2,2,-,0,2,-,2,5,,,1,.,1,1,9,0,2,,,0,.,0,6,0,7,3,7,,,1,.,1,1,0,4,5,7,,,1,.,1,2,7,5,8,3,,,P,T,,,2,0,2,2,-,0,3,-,0,1,,,1,.,1,1,0,4,5,7,,,1,,
E,U,R,U,S,D,m,-,0,0,6,5,,,E,U,R,U,S,D,m,,,S,H,O,R,T,,,2,0,2,2,-,0,4,-,1,3,,,1,.,0,8,2,5,7,,,0,.,0,8,1,0,9,8,,,1,.,0,7,1,5,0,9,,,1,.,0,9,3,6,3,1,,,P,T,,,2,0,2,2,-,0,4,-,2,5,,,1,.,0,7,1,5,0,9,,,1,,
E,U,R,U,S,D,m,-,0,0,6,6,,,E,U,R,U,S,D,m,,,S,H,O,R,T,,,2,0,2,2,-,0,4,-,1,9,,,1,.,0,7,7,9,7,,,0,.,0,7,8,9,6,,,1,.,0,6,7,2,4,6,,,1,.,0,8,8,6,9,4,,,S,L,,,2,0,2,2,-,0,4,-,2,1,,,1,.,0,8,8,6,9,4,,,-,1,,
E,U,R,U,S,D,m,-,0,0,6,7,,,E,U,R,U,S,D,m,,,L,O,N,G,,,2,0,2,3,-,0,1,-,3,0,,,1,.,0,8,7,1,6,,,0,.,0,6,9,4,6,5,,,1,.,0,9,6,6,7,5,,,1,.,0,7,7,6,4,5,,,P,T,,,2,0,2,3,-,0,2,-,0,1,,,1,.,0,9,6,6,7,5,,,1,,
E,U,R,U,S,D,m,-,0,0,6,8,,,E,U,R,U,S,D,m,,,L,O,N,G,,,2,0,2,3,-,0,2,-,2,8,,,1,.,0,6,0,9,2,,,0,.,0,7,2,3,3,2,,,1,.,0,7,0,5,8,8,,,1,.,0,5,1,2,5,2,,,V,E,R,T,I,C,A,L,,,2,0,2,3,-,0,3,-,1,2,,,1,.,0,6,8,0,7,,,1,,
E,U,R,U,S,D,m,-,0,0,6,9,,,E,U,R,U,S,D,m,,,L,O,N,G,,,2,0,2,3,-,0,3,-,0,6,,,1,.,0,6,2,5,3,,,0,.,0,7,6,1,2,6,,,1,.,0,7,2,7,2,1,,,1,.,0,5,2,3,3,9,,,P,T,,,2,0,2,3,-,0,3,-,1,3,,,1,.,0,7,2,7,2,1,,,1,,
E,U,R,U,S,D,m,-,0,0,7,0,,,E,U,R,U,S,D,m,,,L,O,N,G,,,2,0,2,3,-,0,4,-,2,7,,,1,.,1,0,4,4,8,,,0,.,0,7,9,1,3,8,,,1,.,1,1,5,4,9,2,,,1,.,0,9,3,4,6,8,,,V,E,R,T,I,C,A,L,,,2,0,2,3,-,0,5,-,0,9,,,1,.,0,9,6,4,2,,,-,1,,
E,U,R,U,S,D,m,-,0,0,7,1,,,E,U,R,U,S,D,m,,,L,O,N,G,,,2,0,2,3,-,0,5,-,2,6,,,1,.,0,7,2,3,2,,,0,.,0,6,5,9,5,2,,,1,.,0,8,1,2,3,,,1,.,0,6,3,4,1,,,V,E,R,T,I,C,A,L,,,2,0,2,3,-,0,6,-,0,7,,,1,.,0,7,0,6,5,,,-,1,,
E,U,R,U,S,D,m,-,0,0,7,2,,,E,U,R,U,S,D,m,,,L,O,N,G,,,2,0,2,3,-,0,6,-,0,1,,,1,.,0,6,9,3,1,,,0,.,0,6,2,1,6,9,,,1,.,0,7,7,6,8,5,,,1,.,0,6,0,9,3,5,,,P,T,,,2,0,2,3,-,0,6,-,0,2,,,1,.,0,7,7,6,8,5,,,1,,
E,U,R,U,S,D,m,-,0,0,7,3,,,E,U,R,U,S,D,m,,,L,O,N,G,,,2,0,2,3,-,0,6,-,0,7,,,1,.,0,6,9,8,2,,,0,.,0,6,2,2,0,7,,,1,.,0,7,8,2,0,5,,,1,.,0,6,1,4,3,5,,,P,T,,,2,0,2,3,-,0,6,-,0,8,,,1,.,0,7,8,2,0,5,,,1,,
E,U,R,U,S,D,m,-,0,0,7,4,,,E,U,R,U,S,D,m,,,L,O,N,G,,,2,0,2,3,-,0,6,-,1,3,,,1,.,0,7,6,1,7,,,0,.,0,5,7,3,2,6,,,1,.,0,8,3,9,4,3,,,1,.,0,6,8,3,9,7,,,P,T,,,2,0,2,3,-,0,6,-,1,4,,,1,.,0,8,3,9,4,3,,,1,,
E,U,R,U,S,D,m,-,0,0,7,5,,,E,U,R,U,S,D,m,,,L,O,N,G,,,2,0,2,3,-,0,6,-,1,9,,,1,.,0,9,3,9,5,,,0,.,0,5,9,9,6,8,,,1,.,1,0,2,2,1,5,,,1,.,0,8,5,6,8,5,,,S,L,,,2,0,2,3,-,0,6,-,2,3,,,1,.,0,8,5,6,8,5,,,-,1,,
E,U,R,U,S,D,m,-,0,0,7,6,,,E,U,R,U,S,D,m,,,L,O,N,G,,,2,0,2,3,-,0,6,-,2,5,,,1,.,0,8,9,7,3,,,0,.,0,5,8,5,2,7,,,1,.,0,9,7,7,6,5,,,1,.,0,8,1,6,9,5,,,V,E,R,T,I,C,A,L,,,2,0,2,3,-,0,7,-,0,6,,,1,.,0,8,8,9,3,,,-,1,,
E,U,R,U,S,D,m,-,0,0,7,7,,,E,U,R,U,S,D,m,,,L,O,N,G,,,2,0,2,3,-,0,6,-,3,0,,,1,.,0,8,6,7,1,,,0,.,0,5,8,2,4,4,,,1,.,0,9,4,6,8,4,,,1,.,0,7,8,7,3,6,,,P,T,,,2,0,2,3,-,0,7,-,0,7,,,1,.,0,9,4,6,8,4,,,1,,
E,U,R,U,S,D,m,-,0,0,7,8,,,E,U,R,U,S,D,m,,,L,O,N,G,,,2,0,2,3,-,0,7,-,0,6,,,1,.,0,8,5,4,8,,,0,.,0,5,4,4,9,9,,,1,.,0,9,2,9,3,3,,,1,.,0,7,8,0,2,7,,,P,T,,,2,0,2,3,-,0,7,-,0,7,,,1,.,0,9,2,9,3,3,,,1,,
E,U,R,U,S,D,m,-,0,0,7,9,,,E,U,R,U,S,D,m,,,L,O,N,G,,,2,0,2,3,-,0,7,-,1,2,,,1,.,1,0,1,3,3,,,0,.,0,5,5,3,3,1,,,1,.,1,0,9,0,0,7,,,1,.,0,9,3,6,5,3,,,P,T,,,2,0,2,3,-,0,7,-,1,3,,,1,.,1,0,9,0,0,7,,,1,,
E,U,R,U,S,D,m,-,0,0,8,0,,,E,U,R,U,S,D,m,,,L,O,N,G,,,2,0,2,3,-,0,7,-,1,8,,,1,.,1,2,3,7,1,,,0,.,0,6,0,9,1,6,,,1,.,1,3,2,3,3,4,,,1,.,1,1,5,0,8,6,,,S,L,,,2,0,2,3,-,0,7,-,2,0,,,1,.,1,1,5,0,8,6,,,-,1,,
E,U,R,U,S,D,m,-,0,0,8,1,,,E,U,R,U,S,D,m,,,L,O,N,G,,,2,0,2,3,-,0,8,-,1,0,,,1,.,0,9,7,6,8,,,0,.,0,6,2,6,8,3,,,1,.,1,0,6,3,4,9,,,1,.,0,8,9,0,1,1,,,S,L,,,2,0,2,3,-,0,8,-,1,4,,,1,.,0,8,9,0,1,1,,,-,1,,
E,U,R,U,S,D,m,-,0,0,8,2,,,E,U,R,U,S,D,m,,,L,O,N,G,,,2,0,2,3,-,0,8,-,1,6,,,1,.,0,9,0,3,5,,,0,.,0,6,2,4,4,1,,,1,.,0,9,8,9,2,8,,,1,.,0,8,1,7,7,2,,,S,L,,,2,0,2,3,-,0,8,-,2,3,,,1,.,0,8,1,7,7,2,,,-,1,,
E,U,R,U,S,D,m,-,0,0,8,3,,,E,U,R,U,S,D,m,,,L,O,N,G,,,2,0,2,3,-,0,8,-,2,2,,,1,.,0,8,9,7,2,,,0,.,0,6,0,6,6,4,,,1,.,0,9,8,0,4,9,,,1,.,0,8,1,3,9,1,,,S,L,,,2,0,2,3,-,0,8,-,2,3,,,1,.,0,8,1,3,9,1,,,-,1,,
E,U,R,U,S,D,m,-,0,0,8,4,,,E,U,R,U,S,D,m,,,L,O,N,G,,,2,0,2,3,-,0,8,-,2,8,,,1,.,0,7,9,6,6,,,0,.,0,5,8,7,5,6,,,1,.,0,8,7,6,5,2,,,1,.,0,7,1,6,6,8,,,P,T,,,2,0,2,3,-,0,8,-,2,9,,,1,.,0,8,7,6,5,2,,,1,,
E,U,R,U,S,D,m,-,0,0,8,5,,,E,U,R,U,S,D,m,,,L,O,N,G,,,2,0,2,3,-,0,9,-,0,3,,,1,.,0,7,7,5,6,,,0,.,0,6,1,2,7,6,,,1,.,0,8,5,8,7,9,,,1,.,0,6,9,2,4,1,,,S,L,,,2,0,2,3,-,0,9,-,0,7,,,1,.,0,6,9,2,4,1,,,-,1,,
E,U,R,U,S,D,m,-,0,0,8,6,,,E,U,R,U,S,D,m,,,L,O,N,G,,,2,0,2,3,-,0,9,-,0,8,,,1,.,0,6,9,7,2,,,0,.,0,6,0,3,1,8,,,1,.,0,7,7,8,4,9,,,1,.,0,6,1,5,9,1,,,V,E,R,T,I,C,A,L,,,2,0,2,3,-,0,9,-,2,0,,,1,.,0,6,4,9,3,,,-,1,,
E,U,R,U,S,D,m,-,0,0,8,7,,,E,U,R,U,S,D,m,,,L,O,N,G,,,2,0,2,3,-,0,9,-,1,4,,,1,.,0,7,3,2,4,,,0,.,0,6,0,0,6,8,,,1,.,0,8,1,3,6,2,,,1,.,0,6,5,1,1,8,,,S,L,,,2,0,2,3,-,0,9,-,1,5,,,1,.,0,6,5,1,1,8,,,-,1,,
E,U,R,U,S,D,m,-,0,0,8,8,,,E,U,R,U,S,D,m,,,L,O,N,G,,,2,0,2,3,-,0,9,-,2,0,,,1,.,0,6,8,1,1,,,0,.,0,5,5,2,0,4,,,1,.,0,7,5,5,3,9,,,1,.,0,6,0,6,8,1,,,S,L,,,2,0,2,3,-,0,9,-,2,5,,,1,.,0,6,0,6,8,1,,,-,1,,
E,U,R,U,S,D,m,-,0,0,8,9,,,E,U,R,U,S,D,m,,,L,O,N,G,,,2,0,2,3,-,0,9,-,2,6,,,1,.,0,5,9,0,9,,,0,.,0,5,3,4,2,5,,,1,.,0,6,6,2,1,9,,,1,.,0,5,1,9,6,1,,,S,L,,,2,0,2,3,-,0,9,-,2,7,,,1,.,0,5,1,9,6,1,,,-,1,,
E,U,R,U,S,D,m,-,0,0,9,0,,,E,U,R,U,S,D,m,,,L,O,N,G,,,2,0,2,3,-,1,0,-,0,2,,,1,.,0,5,6,3,6,,,0,.,0,5,4,1,8,1,,,1,.,0,6,3,5,7,1,,,1,.,0,4,9,1,4,9,,,S,L,,,2,0,2,3,-,1,0,-,0,3,,,1,.,0,4,9,1,4,9,,,-,1,,
E,U,R,U,S,D,m,-,0,0,9,1,,,E,U,R,U,S,D,m,,,L,O,N,G,,,2,0,2,3,-,1,0,-,0,8,,,1,.,0,5,4,9,4,,,0,.,0,5,4,6,5,4,,,1,.,0,6,2,2,0,4,,,1,.,0,4,7,6,7,6,,,P,T,,,2,0,2,3,-,1,0,-,1,1,,,1,.,0,6,2,2,0,4,,,1,,
E,U,R,U,S,D,m,-,0,0,9,2,,,E,U,R,U,S,D,m,,,L,O,N,G,,,2,0,2,3,-,1,0,-,2,5,,,1,.,0,5,9,4,5,,,0,.,0,6,0,1,1,2,,,1,.,0,6,7,4,7,4,,,1,.,0,5,1,4,2,6,,,P,T,,,2,0,2,3,-,1,1,-,0,3,,,1,.,0,6,7,4,7,4,,,1,,
E,U,R,U,S,D,m,-,0,0,9,3,,,E,U,R,U,S,D,m,,,S,H,O,R,T,,,2,0,2,3,-,1,1,-,1,2,,,1,.,0,6,8,3,4,,,0,.,0,5,9,3,2,9,,,1,.,0,6,0,3,5,4,,,1,.,0,7,6,3,2,6,,,S,L,,,2,0,2,3,-,1,1,-,1,4,,,1,.,0,7,6,3,2,6,,,-,1,,
E,U,R,U,S,D,m,-,0,0,9,4,,,E,U,R,U,S,D,m,,,L,O,N,G,,,2,0,2,3,-,1,2,-,2,9,,,1,.,1,0,6,7,6,,,0,.,0,7,0,4,6,3,,,1,.,1,1,6,5,8,5,,,1,.,0,9,6,9,3,5,,,S,L,,,2,0,2,4,-,0,1,-,0,2,,,1,.,0,9,6,9,3,5,,,-,1,,
E,U,R,U,S,D,m,-,0,0,9,5,,,E,U,R,U,S,D,m,,,L,O,N,G,,,2,0,2,4,-,0,1,-,1,1,,,1,.,0,9,7,3,7,,,0,.,0,6,9,1,6,2,,,1,.,1,0,6,9,3,2,,,1,.,0,8,7,8,0,8,,,S,L,,,2,0,2,4,-,0,1,-,1,6,,,1,.,0,8,7,8,0,8,,,-,1,,
E,U,R,U,S,D,m,-,0,0,9,6,,,E,U,R,U,S,D,m,,,S,H,O,R,T,,,2,0,2,4,-,0,2,-,0,9,,,1,.,0,7,7,7,4,,,0,.,0,5,9,0,1,9,,,1,.,0,6,9,7,2,6,,,1,.,0,8,5,7,5,4,,,P,T,,,2,0,2,4,-,0,2,-,1,4,,,1,.,0,6,9,7,2,6,,,1,,
E,U,R,U,S,D,m,-,0,0,9,7,,,E,U,R,U,S,D,m,,,L,O,N,G,,,2,0,2,4,-,0,2,-,1,5,,,1,.,0,7,3,1,7,,,0,.,0,5,7,4,9,6,,,1,.,0,8,0,9,4,4,,,1,.,0,6,5,3,9,6,,,P,T,,,2,0,2,4,-,0,2,-,2,0,,,1,.,0,8,0,9,4,4,,,1,,
E,U,R,U,S,D,m,-,0,0,9,8,,,E,U,R,U,S,D,m,,,S,H,O,R,T,,,2,0,2,4,-,0,2,-,2,1,,,1,.,0,8,0,9,2,,,0,.,0,5,7,7,8,7,,,1,.,0,7,3,0,5,,,1,.,0,8,8,7,9,,,V,E,R,T,I,C,A,L,,,2,0,2,4,-,0,3,-,0,4,,,1,.,0,8,5,4,1,,,-,1,,
E,U,R,U,S,D,m,-,0,0,9,9,,,E,U,R,U,S,D,m,,,L,O,N,G,,,2,0,2,4,-,0,3,-,0,4,,,1,.,0,8,4,1,1,,,0,.,0,4,4,8,6,9,,,1,.,0,9,0,2,3,8,,,1,.,0,7,7,9,8,2,,,P,T,,,2,0,2,4,-,0,3,-,0,6,,,1,.,0,9,0,2,3,8,,,1,,
E,U,R,U,S,D,m,-,0,1,0,0,,,E,U,R,U,S,D,m,,,L,O,N,G,,,2,0,2,4,-,0,3,-,2,7,,,1,.,0,8,3,2,1,,,0,.,0,4,5,8,5,7,,,1,.,0,8,9,4,6,8,,,1,.,0,7,6,9,5,2,,,S,L,,,2,0,2,4,-,0,3,-,2,9,,,1,.,0,7,6,9,5,2,,,-,1,,
E,U,R,U,S,D,m,-,0,1,0,1,,,E,U,R,U,S,D,m,,,L,O,N,G,,,2,0,2,4,-,0,4,-,0,2,,,1,.,0,7,3,7,,,0,.,0,4,7,1,6,6,,,1,.,0,8,0,0,8,,,1,.,0,6,7,3,2,,,P,T,,,2,0,2,4,-,0,4,-,0,3,,,1,.,0,8,0,0,8,,,1,,
E,U,R,U,S,D,m,-,0,1,0,2,,,E,U,R,U,S,D,m,,,L,O,N,G,,,2,0,2,4,-,0,4,-,0,8,,,1,.,0,8,2,9,5,,,0,.,0,4,8,7,1,4,,,1,.,0,8,9,5,9,6,,,1,.,0,7,6,3,0,4,,,S,L,,,2,0,2,4,-,0,4,-,1,0,,,1,.,0,7,6,3,0,4,,,-,1,,
E,U,R,U,S,D,m,-,0,1,0,3,,,E,U,R,U,S,D,m,,,S,H,O,R,T,,,2,0,2,4,-,0,4,-,1,9,,,1,.,0,6,4,2,,,0,.,0,5,2,1,9,7,,,1,.,0,5,7,2,0,2,,,1,.,0,7,1,1,9,8,,,S,L,,,2,0,2,4,-,0,4,-,2,4,,,1,.,0,7,1,1,9,8,,,-,1,,
E,U,R,U,S,D,m,-,0,1,0,4,,,E,U,R,U,S,D,m,,,S,H,O,R,T,,,2,0,2,4,-,0,5,-,1,3,,,1,.,0,7,6,9,6,,,0,.,0,5,2,5,8,6,,,1,.,0,6,9,8,2,5,,,1,.,0,8,4,0,9,5,,,S,L,,,2,0,2,4,-,0,5,-,1,5,,,1,.,0,8,4,0,9,5,,,-,1,,
E,U,R,U,S,D,m,-,0,1,0,5,,,E,U,R,U,S,D,m,,,S,H,O,R,T,,,2,0,2,4,-,0,5,-,2,4,,,1,.,0,8,1,1,2,,,0,.,0,5,1,8,2,8,,,1,.,0,7,4,0,6,1,,,1,.,0,8,8,1,7,9,,,S,L,,,2,0,2,4,-,0,5,-,2,8,,,1,.,0,8,8,1,7,9,,,-,1,,
E,U,R,U,S,D,m,-,0,1,0,6,,,E,U,R,U,S,D,m,,,S,H,O,R,T,,,2,0,2,4,-,0,5,-,3,0,,,1,.,0,8,0,0,8,,,0,.,0,4,9,1,3,5,,,1,.,0,7,3,3,9,4,,,1,.,0,8,6,7,6,6,,,S,L,,,2,0,2,4,-,0,5,-,3,1,,,1,.,0,8,6,7,6,6,,,-,1,,
E,U,R,U,S,D,m,-,0,1,0,7,,,E,U,R,U,S,D,m,,,S,H,O,R,T,,,2,0,2,4,-,0,6,-,0,5,,,1,.,0,8,8,1,4,,,0,.,0,4,9,3,7,1,,,1,.,0,8,1,3,7,2,,,1,.,0,9,4,9,0,8,,,P,T,,,2,0,2,4,-,0,6,-,0,7,,,1,.,0,8,1,3,7,2,,,1,,
E,U,R,U,S,D,m,-,0,1,0,8,,,E,U,R,U,S,D,m,,,S,H,O,R,T,,,2,0,2,4,-,0,6,-,1,1,,,1,.,0,7,6,2,8,,,0,.,0,5,0,9,1,4,,,1,.,0,6,9,3,7,6,,,1,.,0,8,3,1,8,4,,,S,L,,,2,0,2,4,-,0,6,-,1,2,,,1,.,0,8,3,1,8,4,,,-,1,,
E,U,R,U,S,D,m,-,0,1,0,9,,,E,U,R,U,S,D,m,,,S,H,O,R,T,,,2,0,2,4,-,0,6,-,1,7,,,1,.,0,7,0,2,2,,,0,.,0,5,3,2,1,6,,,1,.,0,6,3,0,4,5,,,1,.,0,7,7,3,9,5,,,V,E,R,T,I,C,A,L,,,2,0,2,4,-,0,6,-,2,8,,,1,.,0,7,1,3,1,,,-,1,,
E,U,R,U,S,D,m,-,0,1,1,0,,,E,U,R,U,S,D,m,,,S,H,O,R,T,,,2,0,2,4,-,0,6,-,2,3,,,1,.,0,6,8,7,5,,,0,.,0,4,6,6,9,2,,,1,.,0,6,2,4,6,3,,,1,.,0,7,5,0,3,7,,,S,L,,,2,0,2,4,-,0,7,-,0,1,,,1,.,0,7,5,0,3,7,,,-,1,,
E,U,R,U,S,D,m,-,0,1,1,1,,,E,U,R,U,S,D,m,,,S,H,O,R,T,,,2,0,2,4,-,0,6,-,2,8,,,1,.,0,7,0,7,1,,,0,.,0,4,6,8,6,8,,,1,.,0,6,4,3,8,8,,,1,.,0,7,7,0,3,2,,,S,L,,,2,0,2,4,-,0,7,-,0,1,,,1,.,0,7,7,0,3,2,,,-,1,,
E,U,R,U,S,D,m,-,0,1,1,2,,,E,U,R,U,S,D,m,,,S,H,O,R,T,,,2,0,2,4,-,0,7,-,0,4,,,1,.,0,7,9,0,5,,,0,.,0,4,6,5,8,6,,,1,.,0,7,2,7,1,7,,,1,.,0,8,5,3,8,3,,,S,L,,,2,0,2,4,-,0,7,-,1,1,,,1,.,0,8,5,3,8,3,,,-,1,,
E,U,R,U,S,D,m,-,0,1,1,3,,,E,U,R,U,S,D,m,,,S,H,O,R,T,,,2,0,2,4,-,0,7,-,1,0,,,1,.,0,8,1,3,9,,,0,.,0,4,4,5,7,7,,,1,.,0,7,5,3,1,7,,,1,.,0,8,7,4,6,3,,,S,L,,,2,0,2,4,-,0,7,-,1,1,,,1,.,0,8,7,4,6,3,,,-,1,,
E,U,R,U,S,D,m,-,0,1,1,4,,,E,U,R,U,S,D,m,,,S,H,O,R,T,,,2,0,2,4,-,0,7,-,1,6,,,1,.,0,8,9,7,9,,,0,.,0,4,5,2,9,,,1,.,0,8,3,5,7,2,,,1,.,0,9,6,0,0,8,,,P,T,,,2,0,2,4,-,0,7,-,2,4,,,1,.,0,8,3,5,7,2,,,1,,
E,U,R,U,S,D,m,-,0,1,1,5,,,E,U,R,U,S,D,m,,,S,H,O,R,T,,,2,0,2,4,-,0,7,-,2,2,,,1,.,0,8,9,8,3,,,0,.,0,4,6,0,4,7,,,1,.,0,8,3,5,0,7,,,1,.,0,9,6,1,5,3,,,P,T,,,2,0,2,4,-,0,7,-,2,4,,,1,.,0,8,3,5,0,7,,,1,,
E,U,R,U,S,D,m,-,0,1,1,6,,,E,U,R,U,S,D,m,,,L,O,N,G,,,2,0,2,4,-,0,9,-,1,2,,,1,.,1,0,1,,,0,.,0,4,8,8,3,8,,,1,.,1,0,7,7,7,5,,,1,.,0,9,4,2,2,5,,,P,T,,,2,0,2,4,-,0,9,-,1,3,,,1,.,1,0,7,7,7,5,,,1,,
E,U,R,U,S,D,m,-,0,1,1,7,,,E,U,R,U,S,D,m,,,L,O,N,G,,,2,0,2,4,-,0,9,-,1,8,,,1,.,1,1,2,1,4,,,0,.,0,5,0,3,3,,,1,.,1,1,9,1,9,2,,,1,.,1,0,5,0,8,8,,,P,T,,,2,0,2,4,-,0,9,-,2,5,,,1,.,1,1,9,1,9,2,,,1,,
E,U,R,U,S,D,m,-,0,1,1,8,,,E,U,R,U,S,D,m,,,L,O,N,G,,,2,0,2,4,-,0,9,-,2,4,,,1,.,1,1,1,0,5,,,0,.,0,5,0,9,1,6,,,1,.,1,1,8,1,7,7,,,1,.,1,0,3,9,2,3,,,P,T,,,2,0,2,4,-,0,9,-,2,5,,,1,.,1,1,8,1,7,7,,,1,,
E,U,R,U,S,D,m,-,0,1,1,9,,,E,U,R,U,S,D,m,,,S,H,O,R,T,,,2,0,2,4,-,1,0,-,1,7,,,1,.,0,8,5,8,6,,,0,.,0,5,0,6,3,8,,,1,.,0,7,8,9,3,2,,,1,.,0,9,2,7,8,8,,,P,T,,,2,0,2,4,-,1,0,-,2,3,,,1,.,0,7,8,9,3,2,,,1,,
E,U,R,U,S,D,m,-,0,1,2,0,,,E,U,R,U,S,D,m,,,L,O,N,G,,,2,0,2,4,-,1,0,-,2,3,,,1,.,0,7,9,5,9,,,0,.,0,5,0,8,1,8,,,1,.,0,8,6,5,0,2,,,1,.,0,7,2,6,7,8,,,P,T,,,2,0,2,4,-,1,0,-,3,0,,,1,.,0,8,6,5,0,2,,,1,,
E,U,R,U,S,D,m,-,0,1,2,1,,,E,U,R,U,S,D,m,,,S,H,O,R,T,,,2,0,2,4,-,1,0,-,2,9,,,1,.,0,8,1,7,2,,,0,.,0,4,8,1,7,9,,,1,.,0,7,5,1,5,4,,,1,.,0,8,8,2,8,6,,,S,L,,,2,0,2,4,-,1,0,-,3,1,,,1,.,0,8,8,2,8,6,,,-,1,,
E,U,R,U,S,D,m,-,0,1,2,2,,,E,U,R,U,S,D,m,,,S,H,O,R,T,,,2,0,2,4,-,1,1,-,0,4,,,1,.,0,8,7,2,4,,,0,.,0,4,7,3,7,8,,,1,.,0,8,0,7,5,,,1,.,0,9,3,7,3,,,P,T,,,2,0,2,4,-,1,1,-,0,6,,,1,.,0,8,0,7,5,,,1,,
E,U,R,U,S,D,m,-,0,1,2,3,,,E,U,R,U,S,D,m,,,S,H,O,R,T,,,2,0,2,5,-,0,1,-,1,3,,,1,.,0,2,4,2,8,,,0,.,0,7,5,3,8,9,,,1,.,0,1,4,5,5,1,,,1,.,0,3,4,0,0,9,,,S,L,,,2,0,2,5,-,0,1,-,1,5,,,1,.,0,3,4,0,0,9,,,-,1,,
E,U,R,U,S,D,m,-,0,1,2,4,,,E,U,R,U,S,D,m,,,S,H,O,R,T,,,2,0,2,5,-,0,1,-,1,9,,,1,.,0,2,7,6,9,,,0,.,0,6,2,8,6,2,,,1,.,0,1,9,5,5,1,,,1,.,0,3,5,8,2,9,,,S,L,,,2,0,2,5,-,0,1,-,2,0,,,1,.,0,3,5,8,2,9,,,-,1,,
E,U,R,U,S,D,m,-,0,1,2,5,,,E,U,R,U,S,D,m,,,S,H,O,R,T,,,2,0,2,5,-,0,1,-,2,4,,,1,.,0,4,1,5,5,,,0,.,0,6,7,6,,,1,.,0,3,2,6,7,9,,,1,.,0,5,0,4,2,1,,,S,L,,,2,0,2,5,-,0,1,-,2,7,,,1,.,0,5,0,4,2,1,,,-,1,,
E,U,R,U,S,D,m,-,0,1,2,6,,,E,U,R,U,S,D,m,,,S,H,O,R,T,,,2,0,2,5,-,0,1,-,3,0,,,1,.,0,4,2,4,3,,,0,.,0,6,6,2,0,9,,,1,.,0,3,3,7,3,5,,,1,.,0,5,1,1,2,5,,,P,T,,,2,0,2,5,-,0,2,-,0,2,,,1,.,0,3,3,7,3,5,,,1,,
E,U,R,U,S,D,m,-,0,1,2,7,,,E,U,R,U,S,D,m,,,S,H,O,R,T,,,2,0,2,5,-,0,3,-,2,4,,,1,.,0,8,3,5,5,,,0,.,0,8,0,0,6,1,,,1,.,0,7,2,6,2,,,1,.,0,9,4,4,8,,,S,L,,,2,0,2,5,-,0,4,-,0,3,,,1,.,0,9,4,4,8,,,-,1,,
E,U,R,U,S,D,m,-,0,1,2,8,,,E,U,R,U,S,D,m,,,L,O,N,G,,,2,0,2,5,-,0,3,-,3,0,,,1,.,0,8,2,6,7,,,0,.,0,8,1,2,6,,,1,.,0,9,3,7,5,4,,,1,.,0,7,1,5,8,6,,,P,T,,,2,0,2,5,-,0,4,-,0,3,,,1,.,0,9,3,7,5,4,,,1,,
E,U,R,U,S,D,m,-,0,1,2,9,,,E,U,R,U,S,D,m,,,L,O,N,G,,,2,0,2,5,-,0,6,-,2,5,,,1,.,1,6,1,1,7,,,0,.,0,8,0,7,6,4,,,1,.,1,7,2,9,8,5,,,1,.,1,4,9,3,5,5,,,P,T,,,2,0,2,5,-,0,6,-,2,6,,,1,.,1,7,2,9,8,5,,,1,,
E,U,R,U,S,D,m,-,0,1,3,0,,,E,U,R,U,S,D,m,,,L,O,N,G,,,2,0,2,5,-,0,7,-,0,1,,,1,.,1,7,8,5,9,,,0,.,0,7,4,5,6,9,,,1,.,1,8,9,6,6,3,,,1,.,1,6,7,5,1,7,,,S,L,,,2,0,2,5,-,0,7,-,1,0,,,1,.,1,6,7,5,1,7,,,-,1,,
E,U,R,U,S,D,m,-,0,1,3,1,,,E,U,R,U,S,D,m,,,L,O,N,G,,,2,0,2,5,-,0,7,-,0,7,,,1,.,1,7,8,,,0,.,0,7,3,5,3,8,,,1,.,1,8,8,9,1,4,,,1,.,1,6,7,0,8,6,,,S,L,,,2,0,2,5,-,0,7,-,1,0,,,1,.,1,6,7,0,8,6,,,-,1,,
E,U,R,U,S,D,m,-,0,1,3,2,,,E,U,R,U,S,D,m,,,L,O,N,G,,,2,0,2,5,-,0,7,-,1,3,,,1,.,1,6,6,6,2,,,0,.,0,7,2,9,2,9,,,1,.,1,7,7,3,3,9,,,1,.,1,5,5,9,0,1,,,S,L,,,2,0,2,5,-,0,7,-,1,7,,,1,.,1,5,5,9,0,1,,,-,1,,
E,U,R,U,S,D,m,-,0,1,3,3,,,E,U,R,U,S,D,m,,,L,O,N,G,,,2,0,2,5,-,0,7,-,1,8,,,1,.,1,6,1,4,6,,,0,.,0,7,2,0,2,6,,,1,.,1,7,2,,,1,.,1,5,0,9,2,,,P,T,,,2,0,2,5,-,0,7,-,2,2,,,1,.,1,7,2,,,1,,
E,U,R,U,S,D,m,-,0,1,3,4,,,E,U,R,U,S,D,m,,,L,O,N,G,,,2,0,2,5,-,0,7,-,2,4,,,1,.,1,7,7,2,6,,,0,.,0,6,6,3,3,9,,,1,.,1,8,7,0,9,9,,,1,.,1,6,7,4,2,1,,,S,L,,,2,0,2,5,-,0,7,-,2,8,,,1,.,1,6,7,4,2,1,,,-,1,,
E,U,R,U,S,D,m,-,0,1,3,5,,,E,U,R,U,S,D,m,,,L,O,N,G,,,2,0,2,5,-,0,7,-,3,0,,,1,.,1,5,5,0,1,,,0,.,0,7,1,8,1,4,,,1,.,1,6,5,4,6,,,1,.,1,4,4,5,6,,,S,L,,,2,0,2,5,-,0,7,-,3,1,,,1,.,1,4,4,5,6,,,-,1,,
E,U,R,U,S,D,m,-,0,1,3,6,,,E,U,R,U,S,D,m,,,L,O,N,G,,,2,0,2,5,-,0,8,-,2,2,,,1,.,1,6,1,2,1,,,0,.,0,6,7,2,1,,,1,.,1,7,1,0,4,3,,,1,.,1,5,1,3,7,7,,,P,T,,,2,0,2,5,-,0,8,-,2,4,,,1,.,1,7,1,0,4,3,,,1,,
E,U,R,U,S,D,m,-,0,1,3,7,,,E,U,R,U,S,D,m,,,L,O,N,G,,,2,0,2,5,-,0,8,-,2,8,,,1,.,1,6,4,7,,,0,.,0,7,0,4,7,6,,,1,.,1,7,5,0,4,2,,,1,.,1,5,4,3,5,8,,,P,T,,,2,0,2,5,-,0,9,-,0,5,,,1,.,1,7,5,0,4,2,,,1,,
E,U,R,U,S,D,m,-,0,1,3,8,,,E,U,R,U,S,D,m,,,L,O,N,G,,,2,0,2,5,-,0,9,-,0,3,,,1,.,1,6,3,2,5,,,0,.,0,6,8,8,1,7,,,1,.,1,7,3,3,3,6,,,1,.,1,5,3,1,6,4,,,P,T,,,2,0,2,5,-,0,9,-,0,5,,,1,.,1,7,3,3,3,6,,,1,,
E,U,R,U,S,D,m,-,0,1,3,9,,,E,U,R,U,S,D,m,,,L,O,N,G,,,2,0,2,5,-,0,9,-,0,9,,,1,.,1,7,6,8,2,,,0,.,0,6,9,5,5,9,,,1,.,1,8,7,1,3,3,,,1,.,1,6,6,5,0,7,,,S,L,,,2,0,2,5,-,0,9,-,1,1,,,1,.,1,6,6,5,0,7,,,-,1,,
E,U,R,U,S,D,m,-,0,1,4,0,,,E,U,R,U,S,D,m,,,L,O,N,G,,,2,0,2,5,-,0,9,-,1,5,,,1,.,1,7,2,5,2,,,0,.,0,7,0,1,2,1,,,1,.,1,8,2,8,7,9,,,1,.,1,6,2,1,6,1,,,P,T,,,2,0,2,5,-,0,9,-,1,6,,,1,.,1,8,2,8,7,9,,,1,,
E,U,R,U,S,D,m,-,0,1,4,1,,,E,U,R,U,S,D,m,,,L,O,N,G,,,2,0,2,5,-,0,9,-,2,1,,,1,.,1,7,3,8,3,,,0,.,0,7,3,6,9,3,,,1,.,1,8,4,7,2,8,,,1,.,1,6,2,9,3,2,,,V,E,R,T,I,C,A,L,,,2,0,2,5,-,1,0,-,0,2,,,1,.,1,7,2,4,1,,,-,1,,
E,U,R,U,S,D,m,-,0,1,4,2,,,E,U,R,U,S,D,m,,,L,O,N,G,,,2,0,2,5,-,0,9,-,2,6,,,1,.,1,6,6,1,6,,,0,.,0,7,6,0,4,4,,,1,.,1,7,7,3,3,3,,,1,.,1,5,4,9,8,7,,,P,T,,,2,0,2,5,-,1,0,-,0,1,,,1,.,1,7,7,3,3,3,,,1,,
E,U,R,U,S,D,m,-,0,1,4,3,,,E,U,R,U,S,D,m,,,L,O,N,G,,,2,0,2,5,-,1,0,-,0,2,,,1,.,1,7,3,2,3,,,0,.,0,7,4,8,8,1,,,1,.,1,8,4,2,9,8,,,1,.,1,6,2,1,6,2,,,S,L,,,2,0,2,5,-,1,0,-,0,8,,,1,.,1,6,2,1,6,2,,,-,1,,
E,U,R,U,S,D,m,-,0,1,4,4,,,E,U,R,U,S,D,m,,,L,O,N,G,,,2,0,2,5,-,1,0,-,0,8,,,1,.,1,6,5,2,5,,,0,.,0,6,5,9,6,5,,,1,.,1,7,4,9,3,4,,,1,.,1,5,5,5,6,6,,,S,L,,,2,0,2,5,-,1,0,-,0,9,,,1,.,1,5,5,5,6,6,,,-,1,,
E,U,R,U,S,D,m,-,0,1,4,5,,,E,U,R,U,S,D,m,,,L,O,N,G,,,2,0,2,5,-,1,0,-,1,4,,,1,.,1,5,6,5,4,,,0,.,0,6,1,3,9,,,1,.,1,6,5,4,8,5,,,1,.,1,4,7,5,9,5,,,P,T,,,2,0,2,5,-,1,0,-,1,6,,,1,.,1,6,5,4,8,5,,,1,,
E,U,R,U,S,D,m,-,0,1,4,6,,,E,U,R,U,S,D,m,,,L,O,N,G,,,2,0,2,5,-,1,0,-,2,0,,,1,.,1,6,5,7,8,,,0,.,0,6,1,0,7,1,,,1,.,1,7,4,7,5,,,1,.,1,5,6,8,1,,,S,L,,,2,0,2,5,-,1,0,-,3,0,,,1,.,1,5,6,8,1,,,-,1,,
E,U,R,U,S,D,m,-,0,1,4,7,,,E,U,R,U,S,D,m,,,L,O,N,G,,,2,0,2,5,-,1,1,-,1,8,,,1,.,1,5,8,9,7,,,0,.,0,4,9,2,2,9,,,1,.,1,6,6,1,5,8,,,1,.,1,5,1,7,8,2,,,S,L,,,2,0,2,5,-,1,1,-,1,9,,,1,.,1,5,1,7,8,2,,,-,1,,
E,U,R,U,S,D,m,-,0,1,4,8,,,E,U,R,U,S,D,m,,,L,O,N,G,,,2,0,2,5,-,1,1,-,2,4,,,1,.,1,5,0,7,,,0,.,0,4,8,9,0,4,,,1,.,1,5,7,7,9,,,1,.,1,4,3,6,1,,,P,T,,,2,0,2,5,-,1,1,-,2,5,,,1,.,1,5,7,7,9,,,1,,
E,U,R,U,S,D,m,-,0,1,4,9,,,E,U,R,U,S,D,m,,,L,O,N,G,,,2,0,2,5,-,1,1,-,3,0,,,1,.,1,5,9,0,6,,,0,.,0,4,4,6,8,9,,,1,.,1,6,5,5,8,6,,,1,.,1,5,2,5,3,4,,,P,T,,,2,0,2,5,-,1,2,-,0,3,,,1,.,1,6,5,5,8,6,,,1,,
E,U,R,U,S,D,m,-,0,1,5,0,,,E,U,R,U,S,D,m,,,L,O,N,G,,,2,0,2,5,-,1,2,-,0,5,,,1,.,1,6,4,3,2,,,0,.,0,3,9,1,4,8,,,1,.,1,7,0,0,6,3,,,1,.,1,5,8,5,7,7,,,P,T,,,2,0,2,5,-,1,2,-,1,0,,,1,.,1,7,0,0,6,3,,,1,,
E,U,R,U,S,D,m,-,0,1,5,1,,,E,U,R,U,S,D,m,,,L,O,N,G,,,2,0,2,5,-,1,2,-,1,1,,,1,.,1,7,0,1,1,,,0,.,0,4,1,0,7,6,,,1,.,1,7,6,1,6,5,,,1,.,1,6,4,0,5,5,,,P,T,,,2,0,2,5,-,1,2,-,1,5,,,1,.,1,7,6,1,6,5,,,1,,
E,U,R,U,S,D,m,-,0,1,5,2,,,E,U,R,U,S,D,m,,,L,O,N,G,,,2,0,2,5,-,1,2,-,1,7,,,1,.,1,7,4,9,,,0,.,0,3,9,7,7,9,,,1,.,1,8,0,7,8,8,,,1,.,1,6,9,0,1,2,,,V,E,R,T,I,C,A,L,,,2,0,2,5,-,1,2,-,2,9,,,1,.,1,7,7,2,1,,,1,,
E,U,R,U,S,D,m,-,0,1,5,3,,,E,U,R,U,S,D,m,,,L,O,N,G,,,2,0,2,5,-,1,2,-,2,3,,,1,.,1,7,6,3,2,,,0,.,0,3,6,7,5,,,1,.,1,8,1,7,6,6,,,1,.,1,7,0,8,7,4,,,S,L,,,2,0,2,6,-,0,1,-,0,4,,,1,.,1,7,0,8,7,4,,,-,1,,
E,U,R,U,S,D,m,-,0,1,5,4,,,E,U,R,U,S,D,m,,,L,O,N,G,,,2,0,2,5,-,1,2,-,2,9,,,1,.,1,7,7,2,5,,,0,.,0,3,4,2,5,8,,,1,.,1,8,2,3,3,1,,,1,.,1,7,2,1,6,9,,,S,L,,,2,0,2,5,-,1,2,-,3,1,,,1,.,1,7,2,1,6,9,,,-,1,,
E,U,R,U,S,D,m,-,0,1,5,5,,,E,U,R,U,S,D,m,,,L,O,N,G,,,2,0,2,6,-,0,1,-,0,4,,,1,.,1,7,2,2,4,,,0,.,0,3,4,0,3,8,,,1,.,1,7,7,2,6,7,,,1,.,1,6,7,2,1,3,,,S,L,,,2,0,2,6,-,0,1,-,0,5,,,1,.,1,6,7,2,1,3,,,-,1,,
E,U,R,U,S,D,m,-,0,1,5,6,,,E,U,R,U,S,D,m,,,L,O,N,G,,,2,0,2,6,-,0,1,-,0,9,,,1,.,1,6,5,7,7,,,0,.,0,3,1,9,9,7,,,1,.,1,7,0,4,7,,,1,.,1,6,1,0,7,,,S,L,,,2,0,2,6,-,0,1,-,1,5,,,1,.,1,6,1,0,7,,,-,1,,
E,U,R,U,S,D,m,-,0,1,5,7,,,E,U,R,U,S,D,m,,,L,O,N,G,,,2,0,2,6,-,0,1,-,1,5,,,1,.,1,6,4,4,7,,,0,.,0,3,1,5,1,7,,,1,.,1,6,9,0,9,4,,,1,.,1,5,9,8,4,6,,,S,L,,,2,0,2,6,-,0,1,-,1,6,,,1,.,1,5,9,8,4,6,,,-,1,,
E,U,R,U,S,D,m,-,0,1,5,8,,,E,U,R,U,S,D,m,,,L,O,N,G,,,2,0,2,6,-,0,1,-,2,1,,,1,.,1,7,2,6,7,,,0,.,0,3,5,3,6,1,,,1,.,1,7,7,8,9,4,,,1,.,1,6,7,4,4,6,,,S,L,,,2,0,2,6,-,0,1,-,2,2,,,1,.,1,6,7,4,4,6,,,-,1,,
E,U,R,U,S,D,m,-,0,1,5,9,,,E,U,R,U,S,D,m,,,L,O,N,G,,,2,0,2,6,-,0,6,-,0,4,,,1,.,1,6,0,8,8,,,0,.,0,5,3,9,1,5,,,1,.,1,6,8,7,6,6,,,1,.,1,5,2,9,9,4,,,S,L,,,2,0,2,6,-,0,6,-,0,5,,,1,.,1,5,2,9,9,4,,,-,1,,
E,U,R,U,S,D,m,-,0,1,6,0,,,E,U,R,U,S,D,m,,,S,H,O,R,T,,,2,0,2,6,-,0,6,-,1,6,,,1,.,1,5,9,0,6,,,0,.,0,4,3,6,3,8,,,1,.,1,5,2,6,8,8,,,1,.,1,6,5,4,3,2,,,P,T,,,2,0,2,6,-,0,6,-,1,7,,,1,.,1,5,2,6,8,8,,,1,,
E,U,R,U,S,D,m,-,0,1,6,1,,,E,U,R,U,S,D,m,,,S,H,O,R,T,,,2,0,2,6,-,0,7,-,0,3,,,1,.,1,4,2,2,,,0,.,0,4,3,2,3,9,,,1,.,1,3,5,9,7,8,,,1,.,1,4,8,4,2,2,,,V,E,R,T,I,C,A,L,,,2,0,2,6,-,0,7,-,1,5,,,1,.,1,4,6,9,3,,,-,1,,
E,U,R,U,S,D,m,-,0,1,6,2,,,E,U,R,U,S,D,m,,,S,H,O,R,T,,,2,0,2,6,-,0,7,-,0,9,,,1,.,1,4,2,1,1,,,0,.,0,4,2,7,2,3,,,1,.,1,3,5,9,6,3,,,1,.,1,4,8,2,5,7,,,V,E,R,T,I,C,A,L,,,2,0,2,6,-,0,7,-,2,1,,,1,.,1,4,0,1,9,,,1,,
E,U,R,U,S,D,m,-,0,1,6,3,,,E,U,R,U,S,D,m,,,S,H,O,R,T,,,2,0,2,6,-,0,7,-,1,5,,,1,.,1,4,2,4,2,,,0,.,0,4,2,6,3,4,,,1,.,1,3,6,2,8,4,,,1,.,1,4,8,5,5,6,,,V,E,R,T,I,C,A,L,,,2,0,2,6,-,0,7,-,2,7,,,1,.,1,3,6,8,9,,,1,,
E,U,R,U,S,D,m,-,0,1,6,4,,,E,U,R,U,S,D,m,,,S,H,O,R,T,,,2,0,2,6,-,0,7,-,2,1,,,1,.,1,4,1,5,4,,,0,.,0,4,1,7,2,1,,,1,.,1,3,5,5,4,,,1,.,1,4,7,5,4,,,P,T,,,2,0,2,6,-,0,7,-,2,8,,,1,.,1,3,5,5,4,,,1,,
E,U,R,U,S,D,m,-,0,1,6,5,,,E,U,R,U,S,D,m,,,S,H,O,R,T,,,2,0,2,6,-,0,7,-,2,7,,,1,.,1,3,9,4,4,,,0,.,0,4,0,2,6,8,,,1,.,1,3,3,6,5,9,,,1,.,1,4,5,2,2,1,,,S,L,,,2,0,2,6,-,0,7,-,2,9,,,1,.,1,4,5,2,2,1,,,-,1,,
E,U,R,U,S,D,m,-,0,1,6,6,,,E,U,R,U,S,D,m,,,S,H,O,R,T,,,2,0,2,6,-,0,8,-,0,2,,,1,.,1,5,4,6,7,,,0,.,0,4,3,1,5,,,1,.,1,4,8,3,9,3,,,1,.,1,6,0,9,4,7,,,V,E,R,T,I,C,A,L,,,2,0,2,6,-,0,8,-,1,3,,,1,.,1,5,3,3,4,,,1,,
G,B,P,U,S,D,m,-,0,0,0,0,,,G,B,P,U,S,D,m,,,S,H,O,R,T,,,2,0,2,0,-,1,0,-,2,7,,,1,.,3,0,1,4,8,,,0,.,0,9,1,7,8,5,,,1,.,2,8,6,4,3,,,1,.,3,1,6,5,3,,,P,T,,,2,0,2,0,-,1,1,-,0,2,,,1,.,2,8,6,4,3,,,1,,
G,B,P,U,S,D,m,-,0,0,0,1,,,G,B,P,U,S,D,m,,,S,H,O,R,T,,,2,0,2,0,-,1,1,-,0,8,,,1,.,3,1,5,3,1,,,0,.,0,9,4,1,3,8,,,1,.,2,9,9,7,1,,,1,.,3,3,0,9,1,,,S,L,,,2,0,2,0,-,1,1,-,1,1,,,1,.,3,3,0,9,1,,,-,1,,
G,B,P,U,S,D,m,-,0,0,0,2,,,G,B,P,U,S,D,m,,,L,O,N,G,,,2,0,2,1,-,0,1,-,1,3,,,1,.,3,6,6,6,4,,,0,.,0,8,4,0,6,6,,,1,.,3,8,1,1,1,4,,,1,.,3,5,2,1,6,6,,,S,L,,,2,0,2,1,-,0,1,-,1,8,,,1,.,3,5,2,1,6,6,,,-,1,,
G,B,P,U,S,D,m,-,0,0,0,3,,,G,B,P,U,S,D,m,,,L,O,N,G,,,2,0,2,1,-,0,2,-,0,5,,,1,.,3,6,7,1,6,,,0,.,0,7,0,2,8,6,,,1,.,3,7,9,2,6,7,,,1,.,3,5,5,0,5,3,,,P,T,,,2,0,2,1,-,0,2,-,0,9,,,1,.,3,7,9,2,6,7,,,1,,
G,B,P,U,S,D,m,-,0,0,0,4,,,G,B,P,U,S,D,m,,,L,O,N,G,,,2,0,2,1,-,0,2,-,1,1,,,1,.,3,8,3,,,0,.,0,6,9,6,0,8,,,1,.,3,9,5,1,2,9,,,1,.,3,7,0,8,7,1,,,P,T,,,2,0,2,1,-,0,2,-,1,8,,,1,.,3,9,5,1,2,9,,,1,,
G,B,P,U,S,D,m,-,0,0,0,5,,,G,B,P,U,S,D,m,,,L,O,N,G,,,2,0,2,1,-,0,2,-,1,7,,,1,.,3,8,8,4,5,,,0,.,0,6,7,6,8,8,,,1,.,4,0,0,2,9,1,,,1,.,3,7,6,6,0,9,,,P,T,,,2,0,2,1,-,0,2,-,1,9,,,1,.,4,0,0,2,9,1,,,1,,
G,B,P,U,S,D,m,-,0,0,0,6,,,G,B,P,U,S,D,m,,,L,O,N,G,,,2,0,2,1,-,0,2,-,2,3,,,1,.,4,0,6,6,9,,,0,.,0,6,5,9,0,3,,,1,.,4,1,8,3,7,,,1,.,3,9,5,0,1,,,P,T,,,2,0,2,1,-,0,2,-,2,4,,,1,.,4,1,8,3,7,,,1,,
G,B,P,U,S,D,m,-,0,0,0,7,,,G,B,P,U,S,D,m,,,L,O,N,G,,,2,0,2,1,-,0,3,-,2,4,,,1,.,3,7,3,0,6,,,0,.,0,5,8,8,4,4,,,1,.,3,8,3,2,3,9,,,1,.,3,6,2,8,8,1,,,P,T,,,2,0,2,1,-,0,3,-,2,9,,,1,.,3,8,3,2,3,9,,,1,,
G,B,P,U,S,D,m,-,0,0,0,8,,,G,B,P,U,S,D,m,,,L,O,N,G,,,2,0,2,1,-,0,3,-,3,0,,,1,.,3,7,7,3,5,,,0,.,0,5,7,2,2,3,,,1,.,3,8,7,2,8,,,1,.,3,6,7,4,2,,,P,T,,,2,0,2,1,-,0,4,-,0,5,,,1,.,3,8,7,2,8,,,1,,
G,B,P,U,S,D,m,-,0,0,0,9,,,G,B,P,U,S,D,m,,,L,O,N,G,,,2,0,2,1,-,0,4,-,0,5,,,1,.,3,8,3,0,1,,,0,.,0,5,6,8,3,8,,,1,.,3,9,2,9,1,4,,,1,.,3,7,3,1,0,6,,,S,L,,,2,0,2,1,-,0,4,-,0,7,,,1,.,3,7,3,1,0,6,,,-,1,,
G,B,P,U,S,D,m,-,0,0,1,0,,,G,B,P,U,S,D,m,,,L,O,N,G,,,2,0,2,1,-,0,4,-,1,1,,,1,.,3,7,0,4,8,,,0,.,0,5,8,7,5,3,,,1,.,3,8,0,6,2,5,,,1,.,3,6,0,3,3,5,,,P,T,,,2,0,2,1,-,0,4,-,1,4,,,1,.,3,8,0,6,2,5,,,1,,
G,B,P,U,S,D,m,-,0,0,1,1,,,G,B,P,U,S,D,m,,,L,O,N,G,,,2,0,2,1,-,0,4,-,1,6,,,1,.,3,7,8,3,1,,,0,.,0,5,8,2,0,8,,,1,.,3,8,8,4,1,8,,,1,.,3,6,8,2,0,2,,,P,T,,,2,0,2,1,-,0,4,-,1,9,,,1,.,3,8,8,4,1,8,,,1,,
G,B,P,U,S,D,m,-,0,0,1,2,,,G,B,P,U,S,D,m,,,L,O,N,G,,,2,0,2,1,-,0,4,-,2,2,,,1,.,3,9,3,0,8,,,0,.,0,6,4,0,0,6,,,1,.,4,0,4,3,1,4,,,1,.,3,8,1,8,4,6,,,S,L,,,2,0,2,1,-,0,4,-,3,0,,,1,.,3,8,1,8,4,6,,,-,1,,
G,B,P,U,S,D,m,-,0,0,1,3,,,G,B,P,U,S,D,m,,,L,O,N,G,,,2,0,2,1,-,0,4,-,2,8,,,1,.,3,9,0,2,5,,,0,.,0,6,5,1,4,1,,,1,.,4,0,1,6,6,,,1,.,3,7,8,8,4,,,P,T,,,2,0,2,1,-,0,5,-,0,9,,,1,.,4,0,1,6,6,,,1,,
G,B,P,U,S,D,m,-,0,0,1,4,,,G,B,P,U,S,D,m,,,L,O,N,G,,,2,0,2,1,-,0,5,-,0,4,,,1,.,3,9,0,2,7,,,0,.,0,6,6,9,7,,,1,.,4,0,2,,,1,.,3,7,8,5,4,,,P,T,,,2,0,2,1,-,0,5,-,0,9,,,1,.,4,0,2,,,1,,
G,B,P,U,S,D,m,-,0,0,1,5,,,G,B,P,U,S,D,m,,,L,O,N,G,,,2,0,2,1,-,0,5,-,1,0,,,1,.,4,0,4,0,1,,,0,.,0,6,3,4,7,1,,,1,.,4,1,5,2,3,7,,,1,.,3,9,2,7,8,3,,,P,T,,,2,0,2,1,-,0,5,-,1,1,,,1,.,4,1,5,2,3,7,,,1,,
G,B,P,U,S,D,m,-,0,0,1,6,,,G,B,P,U,S,D,m,,,L,O,N,G,,,2,0,2,1,-,0,5,-,1,6,,,1,.,4,0,9,5,,,0,.,0,6,4,8,8,6,,,1,.,4,2,1,0,2,2,,,1,.,3,9,7,9,7,8,,,P,T,,,2,0,2,1,-,0,5,-,1,8,,,1,.,4,2,1,0,2,2,,,1,,
G,B,P,U,S,D,m,-,0,0,1,7,,,G,B,P,U,S,D,m,,,L,O,N,G,,,2,0,2,1,-,0,5,-,2,1,,,1,.,4,1,8,4,4,,,0,.,0,6,4,9,5,2,,,1,.,4,3,0,0,4,7,,,1,.,4,0,6,8,3,3,,,V,E,R,T,I,C,A,L,,,2,0,2,1,-,0,6,-,0,2,,,1,.,4,1,7,0,3,,,-,1,,
G,B,P,U,S,D,m,-,0,0,1,8,,,G,B,P,U,S,D,m,,,L,O,N,G,,,2,0,2,1,-,0,5,-,2,7,,,1,.,4,1,1,4,9,,,0,.,0,6,3,8,6,6,,,1,.,4,2,2,8,4,7,,,1,.,4,0,0,1,3,3,,,P,T,,,2,0,2,1,-,0,6,-,0,1,,,1,.,4,2,2,8,4,7,,,1,,
G,B,P,U,S,D,m,-,0,0,1,9,,,G,B,P,U,S,D,m,,,L,O,N,G,,,2,0,2,1,-,0,6,-,0,2,,,1,.,4,1,5,5,2,,,0,.,0,6,1,7,6,8,,,1,.,4,2,6,5,3,6,,,1,.,4,0,4,5,0,4,,,V,E,R,T,I,C,A,L,,,2,0,2,1,-,0,6,-,1,4,,,1,.,4,1,0,9,1,,,-,1,,
G,B,P,U,S,D,m,-,0,0,2,0,,,G,B,P,U,S,D,m,,,L,O,N,G,,,2,0,2,1,-,0,6,-,0,8,,,1,.,4,1,7,5,3,,,0,.,0,6,1,8,7,3,,,1,.,4,2,8,5,8,,,1,.,4,0,6,4,8,,,S,L,,,2,0,2,1,-,0,6,-,1,5,,,1,.,4,0,6,4,8,,,-,1,,
G,B,P,U,S,D,m,-,0,0,2,1,,,G,B,P,U,S,D,m,,,L,O,N,G,,,2,0,2,1,-,0,6,-,1,4,,,1,.,4,1,1,7,,,0,.,0,6,1,9,4,5,,,1,.,4,2,2,7,1,7,,,1,.,4,0,0,6,8,3,,,S,L,,,2,0,2,1,-,0,6,-,1,6,,,1,.,4,0,0,6,8,3,,,-,1,,
G,B,P,U,S,D,m,-,0,0,2,2,,,G,B,P,U,S,D,m,,,L,O,N,G,,,2,0,2,1,-,0,6,-,2,0,,,1,.,3,8,0,0,6,,,0,.,0,6,4,7,9,1,,,1,.,3,9,1,3,2,5,,,1,.,3,6,8,7,9,5,,,P,T,,,2,0,2,1,-,0,6,-,2,1,,,1,.,3,9,1,3,2,5,,,1,,
G,B,P,U,S,D,m,-,0,0,2,3,,,G,B,P,U,S,D,m,,,L,O,N,G,,,2,0,2,1,-,0,7,-,0,1,,,1,.,3,8,2,8,1,,,0,.,0,5,9,5,0,1,,,1,.,3,9,3,1,7,6,,,1,.,3,7,2,4,4,4,,,V,E,R,T,I,C,A,L,,,2,0,2,1,-,0,7,-,1,3,,,1,.,3,8,0,5,,,-,1,,
G,B,P,U,S,D,m,-,0,0,2,4,,,G,B,P,U,S,D,m,,,L,O,N,G,,,2,0,2,1,-,0,7,-,0,7,,,1,.,3,8,0,3,7,,,0,.,0,6,0,7,8,7,,,1,.,3,9,0,9,4,2,,,1,.,3,6,9,7,9,8,,,P,T,,,2,0,2,1,-,0,7,-,1,2,,,1,.,3,9,0,9,4,2,,,1,,
G,B,P,U,S,D,m,-,0,0,2,5,,,G,B,P,U,S,D,m,,,L,O,N,G,,,2,0,2,1,-,0,7,-,1,3,,,1,.,3,8,8,6,,,0,.,0,5,8,4,3,3,,,1,.,3,9,8,8,2,3,,,1,.,3,7,8,3,7,7,,,S,L,,,2,0,2,1,-,0,7,-,1,6,,,1,.,3,7,8,3,7,7,,,-,1,,
G,B,P,U,S,D,m,-,0,0,2,6,,,G,B,P,U,S,D,m,,,L,O,N,G,,,2,0,2,1,-,0,7,-,1,9,,,1,.,3,7,6,3,,,0,.,0,5,6,9,1,2,,,1,.,3,8,6,1,6,8,,,1,.,3,6,6,4,3,2,,,S,L,,,2,0,2,1,-,0,7,-,2,0,,,1,.,3,6,6,4,3,2,,,-,1,,
G,B,P,U,S,D,m,-,0,0,2,7,,,G,B,P,U,S,D,m,,,L,O,N,G,,,2,0,2,1,-,0,7,-,2,5,,,1,.,3,7,4,9,3,,,0,.,0,5,9,4,6,6,,,1,.,3,8,5,2,3,1,,,1,.,3,6,4,6,2,9,,,P,T,,,2,0,2,1,-,0,7,-,2,7,,,1,.,3,8,5,2,3,1,,,1,,
G,B,P,U,S,D,m,-,0,0,2,8,,,G,B,P,U,S,D,m,,,L,O,N,G,,,2,0,2,1,-,0,7,-,3,0,,,1,.,3,9,6,3,4,,,0,.,0,5,8,8,6,2,,,1,.,4,0,6,6,9,5,,,1,.,3,8,5,9,8,5,,,S,L,,,2,0,2,1,-,0,8,-,0,8,,,1,.,3,8,5,9,8,5,,,-,1,,
G,B,P,U,S,D,m,-,0,0,2,9,,,G,B,P,U,S,D,m,,,L,O,N,G,,,2,0,2,1,-,0,8,-,0,5,,,1,.,3,8,8,9,2,,,0,.,0,5,7,9,3,1,,,1,.,3,9,9,0,5,7,,,1,.,3,7,8,7,8,3,,,S,L,,,2,0,2,1,-,0,8,-,1,7,,,1,.,3,7,8,7,8,3,,,-,1,,
G,B,P,U,S,D,m,-,0,0,3,0,,,G,B,P,U,S,D,m,,,L,O,N,G,,,2,0,2,1,-,0,8,-,1,1,,,1,.,3,8,3,5,2,,,0,.,0,5,7,3,6,4,,,1,.,3,9,3,5,1,9,,,1,.,3,7,3,5,2,1,,,S,L,,,2,0,2,1,-,0,8,-,1,7,,,1,.,3,7,3,5,2,1,,,-,1,,
G,B,P,U,S,D,m,-,0,0,3,1,,,G,B,P,U,S,D,m,,,L,O,N,G,,,2,0,2,1,-,0,8,-,1,7,,,1,.,3,8,4,0,4,,,0,.,0,5,7,5,6,2,,,1,.,3,9,4,0,7,7,,,1,.,3,7,4,0,0,3,,,S,L,,,2,0,2,1,-,0,8,-,1,8,,,1,.,3,7,4,0,0,3,,,-,1,,
G,B,P,U,S,D,m,-,0,0,3,2,,,G,B,P,U,S,D,m,,,L,O,N,G,,,2,0,2,1,-,0,9,-,0,3,,,1,.,3,8,3,5,9,,,0,.,0,5,6,1,8,3,,,1,.,3,9,3,3,8,4,,,1,.,3,7,3,7,9,6,,,S,L,,,2,0,2,1,-,0,9,-,0,8,,,1,.,3,7,3,7,9,6,,,-,1,,
G,B,P,U,S,D,m,-,0,0,3,3,,,G,B,P,U,S,D,m,,,L,O,N,G,,,2,0,2,1,-,0,9,-,0,9,,,1,.,3,7,6,6,5,,,0,.,0,5,5,6,9,6,,,1,.,3,8,6,3,1,,,1,.,3,6,6,9,9,,,P,T,,,2,0,2,1,-,0,9,-,1,0,,,1,.,3,8,6,3,1,,,1,,
G,B,P,U,S,D,m,-,0,0,3,4,,,G,B,P,U,S,D,m,,,L,O,N,G,,,2,0,2,1,-,0,9,-,1,5,,,1,.,3,8,0,7,9,,,0,.,0,5,5,3,1,2,,,1,.,3,9,0,4,1,2,,,1,.,3,7,1,1,6,8,,,S,L,,,2,0,2,1,-,0,9,-,2,0,,,1,.,3,7,1,1,6,8,,,-,1,,
G,B,P,U,S,D,m,-,0,0,3,5,,,G,B,P,U,S,D,m,,,L,O,N,G,,,2,0,2,1,-,0,9,-,2,1,,,1,.,3,6,6,1,8,,,0,.,0,5,4,0,5,8,,,1,.,3,7,5,4,8,5,,,1,.,3,5,6,8,7,5,,,S,L,,,2,0,2,1,-,0,9,-,2,8,,,1,.,3,5,6,8,7,5,,,-,1,,
G,B,P,U,S,D,m,-,0,0,3,6,,,G,B,P,U,S,D,m,,,L,O,N,G,,,2,0,2,1,-,0,9,-,2,7,,,1,.,3,6,6,8,3,,,0,.,0,5,3,9,0,3,,,1,.,3,7,6,1,1,2,,,1,.,3,5,7,5,4,8,,,S,L,,,2,0,2,1,-,0,9,-,2,8,,,1,.,3,5,7,5,4,8,,,-,1,,
G,B,P,U,S,D,m,-,0,0,3,7,,,G,B,P,U,S,D,m,,,L,O,N,G,,,2,0,2,1,-,1,0,-,0,3,,,1,.,3,5,4,9,5,,,0,.,0,6,0,9,6,1,,,1,.,3,6,5,3,5,7,,,1,.,3,4,4,5,4,3,,,P,T,,,2,0,2,1,-,1,0,-,0,8,,,1,.,3,6,5,3,5,7,,,1,,
G,B,P,U,S,D,m,-,0,0,3,8,,,G,B,P,U,S,D,m,,,L,O,N,G,,,2,0,2,1,-,1,0,-,0,8,,,1,.,3,6,1,8,5,,,0,.,0,5,8,8,2,7,,,1,.,3,7,1,9,4,3,,,1,.,3,5,1,7,5,7,,,P,T,,,2,0,2,1,-,1,0,-,1,4,,,1,.,3,7,1,9,4,3,,,1,,
G,B,P,U,S,D,m,-,0,0,3,9,,,G,B,P,U,S,D,m,,,L,O,N,G,,,2,0,2,1,-,1,0,-,1,4,,,1,.,3,6,6,7,9,,,0,.,0,6,0,1,4,8,,,1,.,3,7,7,1,4,7,,,1,.,3,5,6,4,3,3,,,P,T,,,2,0,2,1,-,1,0,-,1,5,,,1,.,3,7,7,1,4,7,,,1,,
G,B,P,U,S,D,m,-,0,0,4,0,,,G,B,P,U,S,D,m,,,L,O,N,G,,,2,0,2,1,-,1,0,-,2,0,,,1,.,3,7,9,2,1,,,0,.,0,6,1,4,3,3,,,1,.,3,8,9,8,8,5,,,1,.,3,6,8,5,3,5,,,S,L,,,2,0,2,1,-,1,0,-,2,9,,,1,.,3,6,8,5,3,5,,,-,1,,
G,B,P,U,S,D,m,-,0,0,4,1,,,G,B,P,U,S,D,m,,,L,O,N,G,,,2,0,2,1,-,1,0,-,2,6,,,1,.,3,7,6,3,4,,,0,.,0,5,8,7,9,7,,,1,.,3,8,6,5,3,6,,,1,.,3,6,6,1,4,4,,,S,L,,,2,0,2,1,-,1,1,-,0,1,,,1,.,3,6,6,1,4,4,,,-,1,,
G,B,P,U,S,D,m,-,0,0,4,2,,,G,B,P,U,S,D,m,,,L,O,N,G,,,2,0,2,1,-,1,1,-,0,1,,,1,.,3,6,8,2,5,,,0,.,0,5,7,6,4,,,1,.,3,7,8,1,8,6,,,1,.,3,5,8,3,1,4,,,S,L,,,2,0,2,1,-,1,1,-,0,4,,,1,.,3,5,8,3,1,4,,,-,1,,
G,B,P,U,S,D,m,-,0,0,4,3,,,G,B,P,U,S,D,m,,,L,O,N,G,,,2,0,2,1,-,1,1,-,0,7,,,1,.,3,4,8,2,2,,,0,.,0,6,3,9,4,3,,,1,.,3,5,9,0,8,1,,,1,.,3,3,7,3,5,9,,,P,T,,,2,0,2,1,-,1,1,-,0,9,,,1,.,3,5,9,0,8,1,,,1,,
G,B,P,U,S,D,m,-,0,0,4,4,,,G,B,P,U,S,D,m,,,L,O,N,G,,,2,0,2,1,-,1,1,-,1,2,,,1,.,3,3,6,4,4,,,0,.,0,6,7,8,3,6,,,1,.,3,4,7,8,6,2,,,1,.,3,2,5,0,1,8,,,P,T,,,2,0,2,1,-,1,1,-,1,7,,,1,.,3,4,7,8,6,2,,,1,,
G,B,P,U,S,D,m,-,0,0,4,5,,,G,B,P,U,S,D,m,,,L,O,N,G,,,2,0,2,1,-,1,1,-,1,8,,,1,.,3,4,8,8,3,,,0,.,0,6,7,8,3,1,,,1,.,3,6,0,3,5,7,,,1,.,3,3,7,3,0,3,,,S,L,,,2,0,2,1,-,1,1,-,2,3,,,1,.,3,3,7,3,0,3,,,-,1,,
G,B,P,U,S,D,m,-,0,0,4,6,,,G,B,P,U,S,D,m,,,L,O,N,G,,,2,0,2,1,-,1,1,-,2,4,,,1,.,3,3,7,4,8,,,0,.,0,6,7,9,9,6,,,1,.,3,4,8,9,3,8,,,1,.,3,2,6,0,2,2,,,S,L,,,2,0,2,1,-,1,1,-,3,0,,,1,.,3,2,6,0,2,2,,,-,1,,
G,B,P,U,S,D,m,-,0,0,4,7,,,G,B,P,U,S,D,m,,,S,H,O,R,T,,,2,0,2,1,-,1,1,-,3,0,,,1,.,3,3,1,3,8,,,0,.,0,6,6,9,5,4,,,1,.,3,2,0,1,4,9,,,1,.,3,4,2,6,1,1,,,P,T,,,2,0,2,1,-,1,2,-,0,8,,,1,.,3,2,0,1,4,9,,,1,,
G,B,P,U,S,D,m,-,0,0,4,8,,,G,B,P,U,S,D,m,,,S,H,O,R,T,,,2,0,2,1,-,1,2,-,0,6,,,1,.,3,2,3,4,8,,,0,.,0,6,4,8,1,2,,,1,.,3,1,2,6,7,3,,,1,.,3,3,4,2,8,7,,,S,L,,,2,0,2,1,-,1,2,-,1,6,,,1,.,3,3,4,2,8,7,,,-,1,,
G,B,P,U,S,D,m,-,0,0,4,9,,,G,B,P,U,S,D,m,,,S,H,O,R,T,,,2,0,2,1,-,1,2,-,1,7,,,1,.,3,3,2,2,3,,,0,.,0,5,7,9,2,2,,,1,.,3,2,2,5,0,8,,,1,.,3,4,1,9,5,2,,,P,T,,,2,0,2,1,-,1,2,-,1,9,,,1,.,3,2,2,5,0,8,,,1,,
G,B,P,U,S,D,m,-,0,0,5,0,,,G,B,P,U,S,D,m,,,S,H,O,R,T,,,2,0,2,2,-,0,1,-,1,6,,,1,.,3,6,7,3,8,,,0,.,0,5,0,9,0,7,,,1,.,3,5,8,6,1,,,1,.,3,7,6,1,5,,,P,T,,,2,0,2,2,-,0,1,-,1,8,,,1,.,3,5,8,6,1,,,1,,
G,B,P,U,S,D,m,-,0,0,5,1,,,G,B,P,U,S,D,m,,,S,H,O,R,T,,,2,0,2,2,-,0,4,-,1,3,,,1,.,3,0,0,1,4,,,0,.,0,5,7,8,8,9,,,1,.,2,9,0,6,5,8,,,1,.,3,0,9,6,2,2,,,S,L,,,2,0,2,2,-,0,4,-,1,4,,,1,.,3,0,9,6,2,2,,,-,1,,
G,B,P,U,S,D,m,-,0,0,5,2,,,G,B,P,U,S,D,m,,,S,H,O,R,T,,,2,0,2,2,-,0,4,-,1,9,,,1,.,3,0,0,7,1,,,0,.,0,6,0,9,4,4,,,1,.,2,9,0,7,2,3,,,1,.,3,1,0,6,9,7,,,P,T,,,2,0,2,2,-,0,4,-,2,2,,,1,.,2,9,0,7,2,3,,,1,,
G,B,P,U,S,D,m,-,0,0,5,3,,,G,B,P,U,S,D,m,,,S,H,O,R,T,,,2,0,2,3,-,0,1,-,3,0,,,1,.,2,3,9,9,8,,,0,.,0,9,6,0,9,8,,,1,.,2,2,4,9,6,7,,,1,.,2,5,4,9,9,3,,,P,T,,,2,0,2,3,-,0,2,-,0,2,,,1,.,2,2,4,9,6,7,,,1,,
G,B,P,U,S,D,m,-,0,0,5,4,,,G,B,P,U,S,D,m,,,S,H,O,R,T,,,2,0,2,3,-,0,2,-,2,8,,,1,.,2,0,6,1,8,,,0,.,0,8,8,2,4,1,,,1,.,1,9,2,7,7,1,,,1,.,2,1,9,5,8,9,,,P,T,,,2,0,2,3,-,0,3,-,0,2,,,1,.,1,9,2,7,7,1,,,1,,
G,B,P,U,S,D,m,-,0,0,5,5,,,G,B,P,U,S,D,m,,,S,H,O,R,T,,,2,0,2,3,-,0,3,-,0,6,,,1,.,2,0,2,7,1,,,0,.,0,8,8,6,0,6,,,1,.,1,8,9,2,8,4,,,1,.,2,1,6,1,3,6,,,P,T,,,2,0,2,3,-,0,3,-,0,7,,,1,.,1,8,9,2,8,4,,,1,,
G,B,P,U,S,D,m,-,0,0,5,6,,,G,B,P,U,S,D,m,,,L,O,N,G,,,2,0,2,3,-,0,4,-,2,7,,,1,.,2,4,7,0,5,,,0,.,0,8,0,6,9,1,,,1,.,2,5,9,7,2,8,,,1,.,2,3,4,3,7,2,,,P,T,,,2,0,2,3,-,0,5,-,0,4,,,1,.,2,5,9,7,2,8,,,1,,
G,B,P,U,S,D,m,-,0,0,5,7,,,G,B,P,U,S,D,m,,,L,O,N,G,,,2,0,2,3,-,0,5,-,2,6,,,1,.,2,3,1,6,4,,,0,.,0,6,5,9,2,2,,,1,.,2,4,1,8,6,9,,,1,.,2,2,1,4,1,1,,,P,T,,,2,0,2,3,-,0,5,-,3,0,,,1,.,2,4,1,8,6,9,,,1,,
G,B,P,U,S,D,m,-,0,0,5,8,,,G,B,P,U,S,D,m,,,L,O,N,G,,,2,0,2,3,-,0,6,-,0,1,,,1,.,2,4,4,5,1,,,0,.,0,6,4,4,,,1,.,2,5,4,6,0,7,,,1,.,2,3,4,4,1,3,,,P,T,,,2,0,2,3,-,0,6,-,0,8,,,1,.,2,5,4,6,0,7,,,1,,
G,B,P,U,S,D,m,-,0,0,5,9,,,G,B,P,U,S,D,m,,,L,O,N,G,,,2,0,2,3,-,0,6,-,0,7,,,1,.,2,4,2,9,,,0,.,0,6,5,6,6,2,,,1,.,2,5,3,1,8,2,,,1,.,2,3,2,6,1,8,,,P,T,,,2,0,2,3,-,0,6,-,0,8,,,1,.,2,5,3,1,8,2,,,1,,
G,B,P,U,S,D,m,-,0,0,6,0,,,G,B,P,U,S,D,m,,,L,O,N,G,,,2,0,2,3,-,0,6,-,1,3,,,1,.,2,5,1,4,3,,,0,.,0,6,1,7,3,1,,,1,.,2,6,1,1,6,3,,,1,.,2,4,1,6,9,7,,,P,T,,,2,0,2,3,-,0,6,-,1,4,,,1,.,2,6,1,1,6,3,,,1,,
G,B,P,U,S,D,m,-,0,0,6,1,,,G,B,P,U,S,D,m,,,L,O,N,G,,,2,0,2,3,-,0,6,-,1,9,,,1,.,2,8,3,0,7,,,0,.,0,6,5,7,2,5,,,1,.,2,9,3,6,9,5,,,1,.,2,7,2,4,4,5,,,S,L,,,2,0,2,3,-,0,6,-,2,0,,,1,.,2,7,2,4,4,5,,,-,1,,
G,B,P,U,S,D,m,-,0,0,6,2,,,G,B,P,U,S,D,m,,,L,O,N,G,,,2,0,2,3,-,0,6,-,2,5,,,1,.,2,7,0,2,5,,,0,.,0,6,2,8,2,2,,,1,.,2,8,0,3,0,4,,,1,.,2,6,0,1,9,6,,,S,L,,,2,0,2,3,-,0,6,-,2,9,,,1,.,2,6,0,1,9,6,,,-,1,,
G,B,P,U,S,D,m,-,0,0,6,3,,,G,B,P,U,S,D,m,,,L,O,N,G,,,2,0,2,3,-,0,6,-,3,0,,,1,.,2,6,1,2,9,,,0,.,0,6,5,0,9,1,,,1,.,2,7,1,6,3,3,,,1,.,2,5,0,9,4,7,,,P,T,,,2,0,2,3,-,0,7,-,0,3,,,1,.,2,7,1,6,3,3,,,1,,
G,B,P,U,S,D,m,-,0,0,6,4,,,G,B,P,U,S,D,m,,,L,O,N,G,,,2,0,2,3,-,0,7,-,0,6,,,1,.,2,7,0,3,9,,,0,.,0,6,3,7,2,6,,,1,.,2,8,0,5,9,,,1,.,2,6,0,1,9,,,P,T,,,2,0,2,3,-,0,7,-,0,7,,,1,.,2,8,0,5,9,,,1,,
G,B,P,U,S,D,m,-,0,0,6,5,,,G,B,P,U,S,D,m,,,L,O,N,G,,,2,0,2,3,-,0,7,-,1,2,,,1,.,2,9,3,3,5,,,0,.,0,6,2,7,,,1,.,3,0,3,5,6,7,,,1,.,2,8,3,1,3,3,,,P,T,,,2,0,2,3,-,0,7,-,1,3,,,1,.,3,0,3,5,6,7,,,1,,
G,B,P,U,S,D,m,-,0,0,6,6,,,G,B,P,U,S,D,m,,,L,O,N,G,,,2,0,2,3,-,0,7,-,1,8,,,1,.,3,0,7,1,5,,,0,.,0,6,6,4,1,,,1,.,3,1,8,0,8,7,,,1,.,2,9,6,2,1,3,,,S,L,,,2,0,2,3,-,0,7,-,1,9,,,1,.,2,9,6,2,1,3,,,-,1,,
G,B,P,U,S,D,m,-,0,0,6,7,,,G,B,P,U,S,D,m,,,L,O,N,G,,,2,0,2,3,-,0,8,-,1,0,,,1,.,2,7,1,9,3,,,0,.,0,6,7,8,4,9,,,1,.,2,8,2,8,0,3,,,1,.,2,6,1,0,5,7,,,V,E,R,T,I,C,A,L,,,2,0,2,3,-,0,8,-,2,2,,,1,.,2,7,3,0,7,,,1,,
G,B,P,U,S,D,m,-,0,0,6,8,,,G,B,P,U,S,D,m,,,L,O,N,G,,,2,0,2,3,-,0,8,-,1,6,,,1,.,2,6,9,9,7,,,0,.,0,6,7,1,0,2,,,1,.,2,8,0,7,0,6,,,1,.,2,5,9,2,3,4,,,S,L,,,2,0,2,3,-,0,8,-,2,4,,,1,.,2,5,9,2,3,4,,,-,1,,
G,B,P,U,S,D,m,-,0,0,6,9,,,G,B,P,U,S,D,m,,,L,O,N,G,,,2,0,2,3,-,0,8,-,2,2,,,1,.,2,7,5,9,4,,,0,.,0,6,1,9,6,3,,,1,.,2,8,5,9,0,1,,,1,.,2,6,5,9,7,9,,,S,L,,,2,0,2,3,-,0,8,-,2,3,,,1,.,2,6,5,9,7,9,,,-,1,,
G,B,P,U,S,D,m,-,0,0,7,0,,,G,B,P,U,S,D,m,,,L,O,N,G,,,2,0,2,3,-,0,8,-,2,8,,,1,.,2,5,8,8,8,,,0,.,0,6,1,3,1,6,,,1,.,2,6,8,6,0,5,,,1,.,2,4,9,1,5,5,,,P,T,,,2,0,2,3,-,0,8,-,3,0,,,1,.,2,6,8,6,0,5,,,1,,
G,B,P,U,S,D,m,-,0,0,7,1,,,G,B,P,U,S,D,m,,,L,O,N,G,,,2,0,2,3,-,0,9,-,0,3,,,1,.,2,5,8,1,,,0,.,0,6,4,2,0,8,,,1,.,2,6,8,2,7,7,,,1,.,2,4,7,9,2,3,,,S,L,,,2,0,2,3,-,0,9,-,0,7,,,1,.,2,4,7,9,2,3,,,-,1,,
G,B,P,U,S,D,m,-,0,0,7,2,,,G,B,P,U,S,D,m,,,L,O,N,G,,,2,0,2,3,-,0,9,-,0,8,,,1,.,2,4,7,4,8,,,0,.,0,6,1,8,2,8,,,1,.,2,5,7,1,9,7,,,1,.,2,3,7,7,6,3,,,S,L,,,2,0,2,3,-,0,9,-,1,7,,,1,.,2,3,7,7,6,3,,,-,1,,
G,B,P,U,S,D,m,-,0,0,7,3,,,G,B,P,U,S,D,m,,,L,O,N,G,,,2,0,2,3,-,0,9,-,1,4,,,1,.,2,4,8,9,2,,,0,.,0,6,1,5,7,7,,,1,.,2,5,8,6,0,9,,,1,.,2,3,9,2,3,1,,,S,L,,,2,0,2,3,-,0,9,-,1,5,,,1,.,2,3,9,2,3,1,,,-,1,,
G,B,P,U,S,D,m,-,0,0,7,4,,,G,B,P,U,S,D,m,,,L,O,N,G,,,2,0,2,3,-,0,9,-,2,0,,,1,.,2,3,9,2,5,,,0,.,0,5,8,2,9,8,,,1,.,2,4,8,3,5,2,,,1,.,2,3,0,1,4,8,,,S,L,,,2,0,2,3,-,0,9,-,2,1,,,1,.,2,3,0,1,4,8,,,-,1,,
G,B,P,U,S,D,m,-,0,0,7,5,,,G,B,P,U,S,D,m,,,L,O,N,G,,,2,0,2,3,-,0,9,-,2,6,,,1,.,2,2,1,2,3,,,0,.,0,5,4,6,9,5,,,1,.,2,2,9,6,4,5,,,1,.,2,1,2,8,1,5,,,S,L,,,2,0,2,3,-,0,9,-,2,7,,,1,.,2,1,2,8,1,5,,,-,1,,
G,B,P,U,S,D,m,-,0,0,7,6,,,G,B,P,U,S,D,m,,,L,O,N,G,,,2,0,2,3,-,1,0,-,0,2,,,1,.,2,1,9,2,6,,,0,.,0,5,4,7,5,1,,,1,.,2,2,7,6,7,1,,,1,.,2,1,0,8,4,9,,,S,L,,,2,0,2,3,-,1,0,-,0,3,,,1,.,2,1,0,8,4,9,,,-,1,,
G,B,P,U,S,D,m,-,0,0,7,7,,,G,B,P,U,S,D,m,,,L,O,N,G,,,2,0,2,3,-,1,0,-,0,8,,,1,.,2,1,9,3,,,0,.,0,5,3,0,3,7,,,1,.,2,2,7,4,4,7,,,1,.,2,1,1,1,5,3,,,P,T,,,2,0,2,3,-,1,0,-,1,0,,,1,.,2,2,7,4,4,7,,,1,,
G,B,P,U,S,D,m,-,0,0,7,8,,,G,B,P,U,S,D,m,,,L,O,N,G,,,2,0,2,3,-,1,0,-,2,5,,,1,.,2,1,6,1,8,,,0,.,0,6,0,7,9,4,,,1,.,2,2,5,4,9,5,,,1,.,2,0,6,8,6,5,,,P,T,,,2,0,2,3,-,1,1,-,0,3,,,1,.,2,2,5,4,9,5,,,1,,
G,B,P,U,S,D,m,-,0,0,7,9,,,G,B,P,U,S,D,m,,,L,O,N,G,,,2,0,2,3,-,1,1,-,0,6,,,1,.,2,3,7,1,3,,,0,.,0,6,8,1,4,6,,,1,.,2,4,7,7,5,2,,,1,.,2,2,6,5,0,8,,,S,L,,,2,0,2,3,-,1,1,-,0,7,,,1,.,2,2,6,5,0,8,,,-,1,,
G,B,P,U,S,D,m,-,0,0,8,0,,,G,B,P,U,S,D,m,,,L,O,N,G,,,2,0,2,3,-,1,1,-,1,2,,,1,.,2,2,0,0,9,,,0,.,0,6,6,6,1,8,,,1,.,2,3,0,3,3,,,1,.,2,0,9,8,5,,,P,T,,,2,0,2,3,-,1,1,-,1,4,,,1,.,2,3,0,3,3,,,1,,
G,B,P,U,S,D,m,-,0,0,8,1,,,G,B,P,U,S,D,m,,,L,O,N,G,,,2,0,2,3,-,1,2,-,2,9,,,1,.,2,7,3,3,9,,,0,.,0,7,9,4,2,2,,,1,.,2,8,6,1,3,2,,,1,.,2,6,0,6,4,8,,,V,E,R,T,I,C,A,L,,,2,0,2,4,-,0,1,-,1,1,,,1,.,2,7,7,7,7,,,1,,
G,B,P,U,S,D,m,-,0,0,8,2,,,G,B,P,U,S,D,m,,,L,O,N,G,,,2,0,2,4,-,0,1,-,1,1,,,1,.,2,7,4,3,9,,,0,.,0,7,7,8,6,5,,,1,.,2,8,6,8,9,2,,,1,.,2,6,1,8,8,8,,,S,L,,,2,0,2,4,-,0,1,-,1,7,,,1,.,2,6,1,8,8,8,,,-,1,,
G,B,P,U,S,D,m,-,0,0,8,3,,,G,B,P,U,S,D,m,,,L,O,N,G,,,2,0,2,4,-,0,1,-,1,7,,,1,.,2,6,3,7,1,,,0,.,0,7,2,7,8,5,,,1,.,2,7,5,2,9,8,,,1,.,2,5,2,1,2,2,,,P,T,,,2,0,2,4,-,0,1,-,2,4,,,1,.,2,7,5,2,9,8,,,1,,
G,B,P,U,S,D,m,-,0,0,8,4,,,G,B,P,U,S,D,m,,,L,O,N,G,,,2,0,2,4,-,0,1,-,2,3,,,1,.,2,7,0,5,8,,,0,.,0,7,1,3,2,4,,,1,.,2,8,1,9,9,7,,,1,.,2,5,9,1,6,3,,,V,E,R,T,I,C,A,L,,,2,0,2,4,-,0,2,-,0,4,,,1,.,2,6,2,0,4,,,-,1,,
G,B,P,U,S,D,m,-,0,0,8,5,,,G,B,P,U,S,D,m,,,L,O,N,G,,,2,0,2,4,-,0,1,-,2,9,,,1,.,2,6,9,6,4,,,0,.,0,5,9,8,9,3,,,1,.,2,7,9,2,2,,,1,.,2,6,0,0,6,,,S,L,,,2,0,2,4,-,0,2,-,0,5,,,1,.,2,6,0,0,6,,,-,1,,
G,B,P,U,S,D,m,-,0,0,8,6,,,G,B,P,U,S,D,m,,,L,O,N,G,,,2,0,2,4,-,0,2,-,0,4,,,1,.,2,6,2,3,1,,,0,.,0,6,1,8,8,2,,,1,.,2,7,2,1,5,1,,,1,.,2,5,2,4,6,9,,,S,L,,,2,0,2,4,-,0,2,-,0,5,,,1,.,2,5,2,4,6,9,,,-,1,,
G,B,P,U,S,D,m,-,0,0,8,7,,,G,B,P,U,S,D,m,,,L,O,N,G,,,2,0,2,4,-,0,2,-,0,9,,,1,.,2,6,2,,,0,.,0,6,1,9,8,9,,,1,.,2,7,1,8,5,6,,,1,.,2,5,2,1,4,4,,,V,E,R,T,I,C,A,L,,,2,0,2,4,-,0,2,-,2,1,,,1,.,2,6,3,7,1,,,1,,
G,B,P,U,S,D,m,-,0,0,8,8,,,G,B,P,U,S,D,m,,,L,O,N,G,,,2,0,2,4,-,0,2,-,1,5,,,1,.,2,5,6,6,7,,,0,.,0,5,8,3,9,,,1,.,2,6,5,9,1,5,,,1,.,2,4,7,4,2,5,,,P,T,,,2,0,2,4,-,0,2,-,2,0,,,1,.,2,6,5,9,1,5,,,1,,
G,B,P,U,S,D,m,-,0,0,8,9,,,G,B,P,U,S,D,m,,,L,O,N,G,,,2,0,2,4,-,0,2,-,2,1,,,1,.,2,6,2,4,2,,,0,.,0,5,8,2,2,3,,,1,.,2,7,1,6,8,,,1,.,2,5,3,1,6,,,V,E,R,T,I,C,A,L,,,2,0,2,4,-,0,3,-,0,4,,,1,.,2,6,8,8,7,,,1,,
G,B,P,U,S,D,m,-,0,0,9,0,,,G,B,P,U,S,D,m,,,L,O,N,G,,,2,0,2,4,-,0,2,-,2,7,,,1,.,2,6,8,3,3,,,0,.,0,5,0,2,1,,,1,.,2,7,6,3,5,3,,,1,.,2,6,0,3,0,7,,,S,L,,,2,0,2,4,-,0,3,-,0,1,,,1,.,2,6,0,3,0,7,,,-,1,,
G,B,P,U,S,D,m,-,0,0,9,1,,,G,B,P,U,S,D,m,,,L,O,N,G,,,2,0,2,4,-,0,3,-,0,4,,,1,.,2,6,6,0,1,,,0,.,0,4,6,2,1,3,,,1,.,2,7,3,3,8,1,,,1,.,2,5,8,6,3,9,,,P,T,,,2,0,2,4,-,0,3,-,0,5,,,1,.,2,7,3,3,8,1,,,1,,
G,B,P,U,S,D,m,-,0,0,9,2,,,G,B,P,U,S,D,m,,,L,O,N,G,,,2,0,2,4,-,0,3,-,1,0,,,1,.,2,8,5,5,3,,,0,.,0,4,6,0,6,7,,,1,.,2,9,2,9,9,1,,,1,.,2,7,8,0,6,9,,,S,L,,,2,0,2,4,-,0,3,-,1,2,,,1,.,2,7,8,0,6,9,,,-,1,,
G,B,P,U,S,D,m,-,0,0,9,3,,,G,B,P,U,S,D,m,,,L,O,N,G,,,2,0,2,4,-,0,3,-,1,5,,,1,.,2,7,4,4,8,,,0,.,0,4,3,5,5,1,,,1,.,2,8,1,4,7,3,,,1,.,2,6,7,4,8,7,,,S,L,,,2,0,2,4,-,0,3,-,1,9,,,1,.,2,6,7,4,8,7,,,-,1,,
G,B,P,U,S,D,m,-,0,0,9,4,,,G,B,P,U,S,D,m,,,L,O,N,G,,,2,0,2,4,-,0,3,-,2,1,,,1,.,2,7,9,7,2,,,0,.,0,4,4,4,0,6,,,1,.,2,8,6,8,8,,,1,.,2,7,2,5,6,,,S,L,,,2,0,2,4,-,0,3,-,2,2,,,1,.,2,7,2,5,6,,,-,1,,
G,B,P,U,S,D,m,-,0,0,9,5,,,G,B,P,U,S,D,m,,,L,O,N,G,,,2,0,2,4,-,0,3,-,2,7,,,1,.,2,6,2,7,4,,,0,.,0,4,8,7,4,6,,,1,.,2,7,0,4,9,5,,,1,.,2,5,4,9,8,5,,,S,L,,,2,0,2,4,-,0,4,-,0,1,,,1,.,2,5,4,9,8,5,,,-,1,,
G,B,P,U,S,D,m,-,0,0,9,6,,,G,B,P,U,S,D,m,,,L,O,N,G,,,2,0,2,4,-,0,4,-,0,2,,,1,.,2,5,4,5,5,,,0,.,0,5,0,6,2,7,,,1,.,2,6,2,5,5,2,,,1,.,2,4,6,5,4,8,,,P,T,,,2,0,2,4,-,0,4,-,0,3,,,1,.,2,6,2,5,5,2,,,1,,
G,B,P,U,S,D,m,-,0,0,9,7,,,G,B,P,U,S,D,m,,,L,O,N,G,,,2,0,2,4,-,0,4,-,1,4,,,1,.,2,4,3,4,1,,,0,.,0,5,5,9,5,2,,,1,.,2,5,2,1,7,5,,,1,.,2,3,4,6,4,5,,,S,L,,,2,0,2,4,-,0,4,-,2,2,,,1,.,2,3,4,6,4,5,,,-,1,,
G,B,P,U,S,D,m,-,0,0,9,8,,,G,B,P,U,S,D,m,,,S,H,O,R,T,,,2,0,2,4,-,0,5,-,2,4,,,1,.,2,6,9,2,6,,,0,.,0,5,9,2,1,3,,,1,.,2,5,9,7,9,1,,,1,.,2,7,8,7,2,9,,,S,L,,,2,0,2,4,-,0,5,-,2,8,,,1,.,2,7,8,7,2,9,,,-,1,,
G,B,P,U,S,D,m,-,0,0,9,9,,,G,B,P,U,S,D,m,,,S,H,O,R,T,,,2,0,2,4,-,0,5,-,3,0,,,1,.,2,6,9,7,2,,,0,.,0,5,4,9,8,4,,,1,.,2,6,0,9,2,4,,,1,.,2,7,8,5,1,6,,,S,L,,,2,0,2,4,-,0,6,-,0,3,,,1,.,2,7,8,5,1,6,,,-,1,,
G,B,P,U,S,D,m,-,0,1,0,0,,,G,B,P,U,S,D,m,,,S,H,O,R,T,,,2,0,2,4,-,0,6,-,0,5,,,1,.,2,7,7,2,2,,,0,.,0,5,5,2,0,6,,,1,.,2,6,8,3,3,6,,,1,.,2,8,6,1,0,4,,,P,T,,,2,0,2,4,-,0,6,-,1,4,,,1,.,2,6,8,3,3,6,,,1,,
G,B,P,U,S,D,m,-,0,1,0,1,,,G,B,P,U,S,D,m,,,S,H,O,R,T,,,2,0,2,4,-,0,6,-,1,1,,,1,.,2,7,2,5,2,,,0,.,0,5,4,2,9,3,,,1,.,2,6,3,8,1,6,,,1,.,2,8,1,2,2,4,,,S,L,,,2,0,2,4,-,0,6,-,1,2,,,1,.,2,8,1,2,2,4,,,-,1,,
G,B,P,U,S,D,m,-,0,1,0,2,,,G,B,P,U,S,D,m,,,S,H,O,R,T,,,2,0,2,4,-,0,6,-,1,7,,,1,.,2,6,8,2,9,,,0,.,0,5,5,,,1,.,2,5,9,5,0,2,,,1,.,2,7,7,0,7,8,,,V,E,R,T,I,C,A,L,,,2,0,2,4,-,0,6,-,2,8,,,1,.,2,6,4,4,3,,,1,,
G,B,P,U,S,D,m,-,0,1,0,3,,,G,B,P,U,S,D,m,,,S,H,O,R,T,,,2,0,2,4,-,0,6,-,2,3,,,1,.,2,6,3,5,5,,,0,.,0,4,7,7,3,7,,,1,.,2,5,5,9,5,1,,,1,.,2,7,1,1,4,9,,,S,L,,,2,0,2,4,-,0,7,-,0,3,,,1,.,2,7,1,1,4,9,,,-,1,,
G,B,P,U,S,D,m,-,0,1,0,4,,,G,B,P,U,S,D,m,,,L,O,N,G,,,2,0,2,4,-,0,7,-,1,6,,,1,.,2,9,6,8,8,,,0,.,0,4,5,5,4,5,,,1,.,3,0,4,3,2,2,,,1,.,2,8,9,4,3,8,,,P,T,,,2,0,2,4,-,0,7,-,1,7,,,1,.,3,0,4,3,2,2,,,1,,
G,B,P,U,S,D,m,-,0,1,0,5,,,G,B,P,U,S,D,m,,,L,O,N,G,,,2,0,2,4,-,0,7,-,2,2,,,1,.,2,9,3,1,8,,,0,.,0,4,6,9,1,,,1,.,3,0,0,8,2,3,,,1,.,2,8,5,5,3,7,,,S,L,,,2,0,2,4,-,0,7,-,2,5,,,1,.,2,8,5,5,3,7,,,-,1,,
G,B,P,U,S,D,m,-,0,1,0,6,,,G,B,P,U,S,D,m,,,L,O,N,G,,,2,0,2,4,-,0,7,-,2,8,,,1,.,2,8,5,3,5,,,0,.,0,4,4,5,1,4,,,1,.,2,9,2,5,5,9,,,1,.,2,7,8,1,4,1,,,S,L,,,2,0,2,4,-,0,8,-,0,1,,,1,.,2,7,8,1,4,1,,,-,1,,
G,B,P,U,S,D,m,-,0,1,0,7,,,G,B,P,U,S,D,m,,,L,O,N,G,,,2,0,2,4,-,0,9,-,1,2,,,1,.,3,0,3,7,4,,,0,.,0,5,7,2,4,9,,,1,.,3,1,3,1,4,3,,,1,.,2,9,4,3,3,7,,,P,T,,,2,0,2,4,-,0,9,-,1,3,,,1,.,3,1,3,1,4,3,,,1,,
G,B,P,U,S,D,m,-,0,1,0,8,,,G,B,P,U,S,D,m,,,L,O,N,G,,,2,0,2,4,-,0,9,-,1,8,,,1,.,3,1,6,6,6,,,0,.,0,5,8,7,7,,,1,.,3,2,6,4,0,9,,,1,.,3,0,6,9,1,1,,,P,T,,,2,0,2,4,-,0,9,-,1,9,,,1,.,3,2,6,4,0,9,,,1,,
G,B,P,U,S,D,m,-,0,1,0,9,,,G,B,P,U,S,D,m,,,L,O,N,G,,,2,0,2,4,-,0,9,-,2,4,,,1,.,3,3,4,8,2,,,0,.,0,5,8,7,0,7,,,1,.,3,4,4,6,9,3,,,1,.,3,2,4,9,4,7,,,S,L,,,2,0,2,4,-,1,0,-,0,1,,,1,.,3,2,4,9,4,7,,,-,1,,
G,B,P,U,S,D,m,-,0,1,1,0,,,G,B,P,U,S,D,m,,,L,O,N,G,,,2,0,2,4,-,1,0,-,1,7,,,1,.,2,9,9,0,7,,,0,.,0,6,2,5,5,,,1,.,3,0,9,3,0,7,,,1,.,2,8,8,8,3,3,,,V,E,R,T,I,C,A,L,,,2,0,2,4,-,1,0,-,2,9,,,1,.,3,0,1,0,8,,,1,,
G,B,P,U,S,D,m,-,0,1,1,1,,,G,B,P,U,S,D,m,,,L,O,N,G,,,2,0,2,4,-,1,0,-,2,3,,,1,.,2,9,8,,,0,.,0,6,1,6,2,6,,,1,.,3,0,8,0,7,8,,,1,.,2,8,7,9,2,2,,,S,L,,,2,0,2,4,-,1,0,-,3,1,,,1,.,2,8,7,9,2,2,,,-,1,,
G,B,P,U,S,D,m,-,0,1,1,2,,,G,B,P,U,S,D,m,,,L,O,N,G,,,2,0,2,4,-,1,0,-,2,9,,,1,.,2,9,7,4,1,,,0,.,0,6,0,7,1,1,,,1,.,3,0,7,3,3,4,,,1,.,2,8,7,4,8,6,,,S,L,,,2,0,2,4,-,1,0,-,3,1,,,1,.,2,8,7,4,8,6,,,-,1,,
G,B,P,U,S,D,m,-,0,1,1,3,,,G,B,P,U,S,D,m,,,L,O,N,G,,,2,0,2,4,-,1,1,-,0,4,,,1,.,2,9,5,1,9,,,0,.,0,5,8,6,8,,,1,.,3,0,4,7,6,5,,,1,.,2,8,5,6,1,5,,,S,L,,,2,0,2,4,-,1,1,-,0,6,,,1,.,2,8,5,6,1,5,,,-,1,,
G,B,P,U,S,D,m,-,0,1,1,4,,,G,B,P,U,S,D,m,,,L,O,N,G,,,2,0,2,5,-,0,1,-,3,0,,,1,.,2,4,5,4,2,,,0,.,0,7,3,0,9,9,,,1,.,2,5,6,8,9,,,1,.,2,3,3,9,5,,,S,L,,,2,0,2,5,-,0,2,-,0,2,,,1,.,2,3,3,9,5,,,-,1,,
G,B,P,U,S,D,m,-,0,1,1,5,,,G,B,P,U,S,D,m,,,L,O,N,G,,,2,0,2,5,-,0,3,-,2,4,,,1,.,2,9,2,4,4,,,0,.,0,7,0,1,0,4,,,1,.,3,0,3,8,5,5,,,1,.,2,8,1,0,2,5,,,P,T,,,2,0,2,5,-,0,4,-,0,2,,,1,.,3,0,3,8,5,5,,,1,,
G,B,P,U,S,D,m,-,0,1,1,6,,,G,B,P,U,S,D,m,,,L,O,N,G,,,2,0,2,5,-,0,3,-,3,0,,,1,.,2,9,3,0,5,,,0,.,0,7,0,5,0,1,,,1,.,3,0,4,5,3,5,,,1,.,2,8,1,5,6,5,,,P,T,,,2,0,2,5,-,0,4,-,0,2,,,1,.,3,0,4,5,3,5,,,1,,
G,B,P,U,S,D,m,-,0,1,1,7,,,G,B,P,U,S,D,m,,,L,O,N,G,,,2,0,2,5,-,0,6,-,2,5,,,1,.,3,6,1,4,8,,,0,.,0,7,0,1,7,6,,,1,.,3,7,3,5,1,7,,,1,.,3,4,9,4,4,3,,,P,T,,,2,0,2,5,-,0,6,-,2,6,,,1,.,3,7,3,5,1,7,,,1,,
G,B,P,U,S,D,m,-,0,1,1,8,,,G,B,P,U,S,D,m,,,L,O,N,G,,,2,0,2,5,-,0,7,-,0,1,,,1,.,3,7,3,0,3,,,0,.,0,6,7,9,8,1,,,1,.,3,8,4,7,9,,,1,.,3,6,1,2,7,,,S,L,,,2,0,2,5,-,0,7,-,0,2,,,1,.,3,6,1,2,7,,,-,1,,
G,B,P,U,S,D,m,-,0,1,1,9,,,G,B,P,U,S,D,m,,,L,O,N,G,,,2,0,2,5,-,0,7,-,0,7,,,1,.,3,6,5,0,5,,,0,.,0,6,5,5,3,8,,,1,.,3,7,6,3,2,1,,,1,.,3,5,3,7,7,9,,,S,L,,,2,0,2,5,-,0,7,-,0,8,,,1,.,3,5,3,7,7,9,,,-,1,,
G,B,P,U,S,D,m,-,0,1,2,0,,,G,B,P,U,S,D,m,,,L,O,N,G,,,2,0,2,5,-,0,7,-,1,3,,,1,.,3,4,7,9,4,,,0,.,0,6,5,5,3,4,,,1,.,3,5,9,0,6,9,,,1,.,3,3,6,8,1,1,,,S,L,,,2,0,2,5,-,0,7,-,1,6,,,1,.,3,3,6,8,1,1,,,-,1,,
G,B,P,U,S,D,m,-,0,1,2,1,,,G,B,P,U,S,D,m,,,L,O,N,G,,,2,0,2,5,-,0,7,-,1,8,,,1,.,3,4,3,1,,,0,.,0,6,4,0,5,9,,,1,.,3,5,3,9,4,,,1,.,3,3,2,2,6,,,P,T,,,2,0,2,5,-,0,7,-,2,3,,,1,.,3,5,3,9,4,,,1,,
G,B,P,U,S,D,m,-,0,1,2,2,,,G,B,P,U,S,D,m,,,L,O,N,G,,,2,0,2,5,-,0,7,-,2,4,,,1,.,3,5,7,8,4,,,0,.,0,5,9,6,6,4,,,1,.,3,6,8,0,4,7,,,1,.,3,4,7,6,3,3,,,S,L,,,2,0,2,5,-,0,7,-,2,5,,,1,.,3,4,7,6,3,3,,,-,1,,
G,B,P,U,S,D,m,-,0,1,2,3,,,G,B,P,U,S,D,m,,,L,O,N,G,,,2,0,2,5,-,0,7,-,3,0,,,1,.,3,3,5,3,2,,,0,.,0,6,1,8,5,8,,,1,.,3,4,5,7,2,7,,,1,.,3,2,4,9,1,3,,,S,L,,,2,0,2,5,-,0,7,-,3,1,,,1,.,3,2,4,9,1,3,,,-,1,,
G,B,P,U,S,D,m,-,0,1,2,4,,,G,B,P,U,S,D,m,,,L,O,N,G,,,2,0,2,5,-,0,8,-,2,2,,,1,.,3,4,1,7,1,,,0,.,0,6,0,4,4,5,,,1,.,3,5,1,9,2,8,,,1,.,3,3,1,4,9,2,,,P,T,,,2,0,2,5,-,0,8,-,2,4,,,1,.,3,5,1,9,2,8,,,1,,
G,B,P,U,S,D,m,-,0,1,2,5,,,G,B,P,U,S,D,m,,,L,O,N,G,,,2,0,2,5,-,0,8,-,2,8,,,1,.,3,5,0,3,4,,,0,.,0,5,8,9,6,5,,,1,.,3,6,0,3,7,2,,,1,.,3,4,0,3,0,8,,,S,L,,,2,0,2,5,-,0,9,-,0,2,,,1,.,3,4,0,3,0,8,,,-,1,,
G,B,P,U,S,D,m,-,0,1,2,6,,,G,B,P,U,S,D,m,,,L,O,N,G,,,2,0,2,5,-,0,9,-,0,3,,,1,.,3,3,8,0,9,,,0,.,0,5,9,6,9,8,,,1,.,3,4,8,1,5,4,,,1,.,3,2,8,0,2,6,,,P,T,,,2,0,2,5,-,0,9,-,0,5,,,1,.,3,4,8,1,5,4,,,1,,
G,B,P,U,S,D,m,-,0,1,2,7,,,G,B,P,U,S,D,m,,,L,O,N,G,,,2,0,2,5,-,0,9,-,0,9,,,1,.,3,5,5,2,3,,,0,.,0,6,1,8,7,2,,,1,.,3,6,5,7,9,4,,,1,.,3,4,4,6,6,6,,,P,T,,,2,0,2,5,-,0,9,-,1,6,,,1,.,3,6,5,7,9,4,,,1,,
G,B,P,U,S,D,m,-,0,1,2,8,,,G,B,P,U,S,D,m,,,L,O,N,G,,,2,0,2,5,-,0,9,-,1,5,,,1,.,3,5,5,2,3,,,0,.,0,6,0,5,6,9,,,1,.,3,6,5,5,7,2,,,1,.,3,4,4,8,8,8,,,P,T,,,2,0,2,5,-,0,9,-,1,6,,,1,.,3,6,5,5,7,2,,,1,,
G,B,P,U,S,D,m,-,0,1,2,9,,,G,B,P,U,S,D,m,,,L,O,N,G,,,2,0,2,5,-,0,9,-,2,1,,,1,.,3,4,5,8,7,,,0,.,0,6,2,2,0,7,,,1,.,3,5,6,4,1,8,,,1,.,3,3,5,3,2,2,,,S,L,,,2,0,2,5,-,0,9,-,2,5,,,1,.,3,3,5,3,2,2,,,-,1,,
G,B,P,U,S,D,m,-,0,1,3,0,,,G,B,P,U,S,D,m,,,L,O,N,G,,,2,0,2,5,-,0,9,-,2,6,,,1,.,3,3,3,4,8,,,0,.,0,6,4,9,0,9,,,1,.,3,4,4,3,8,5,,,1,.,3,2,2,5,7,5,,,P,T,,,2,0,2,5,-,0,9,-,2,9,,,1,.,3,4,4,3,8,5,,,1,,
G,B,P,U,S,D,m,-,0,1,3,1,,,G,B,P,U,S,D,m,,,L,O,N,G,,,2,0,2,5,-,1,0,-,0,2,,,1,.,3,4,7,7,7,,,0,.,0,6,3,3,7,8,,,1,.,3,5,8,5,3,2,,,1,.,3,3,7,0,0,8,,,S,L,,,2,0,2,5,-,1,0,-,0,9,,,1,.,3,3,7,0,0,8,,,-,1,,
G,B,P,U,S,D,m,-,0,1,3,2,,,G,B,P,U,S,D,m,,,L,O,N,G,,,2,0,2,5,-,1,0,-,0,8,,,1,.,3,4,1,9,7,,,0,.,0,6,1,3,6,1,,,1,.,3,5,2,3,4,4,,,1,.,3,3,1,5,9,6,,,S,L,,,2,0,2,5,-,1,0,-,0,9,,,1,.,3,3,1,5,9,6,,,-,1,,
G,B,P,U,S,D,m,-,0,1,3,3,,,G,B,P,U,S,D,m,,,L,O,N,G,,,2,0,2,5,-,1,0,-,1,4,,,1,.,3,3,3,1,7,,,0,.,0,6,2,5,7,9,,,1,.,3,4,3,6,8,1,,,1,.,3,2,2,6,5,9,,,P,T,,,2,0,2,5,-,1,0,-,1,6,,,1,.,3,4,3,6,8,1,,,1,,
G,B,P,U,S,D,m,-,0,1,3,4,,,G,B,P,U,S,D,m,,,L,O,N,G,,,2,0,2,5,-,1,0,-,2,0,,,1,.,3,4,2,4,4,,,0,.,0,6,1,8,6,1,,,1,.,3,5,2,9,0,3,,,1,.,3,3,1,9,7,7,,,S,L,,,2,0,2,5,-,1,0,-,2,2,,,1,.,3,3,1,9,7,7,,,-,1,,
G,B,P,U,S,D,m,-,0,1,3,5,,,G,B,P,U,S,D,m,,,L,O,N,G,,,2,0,2,5,-,1,1,-,1,8,,,1,.,3,1,5,5,,,0,.,0,5,4,2,8,5,,,1,.,3,2,4,4,9,7,,,1,.,3,0,6,5,0,3,,,S,L,,,2,0,2,5,-,1,1,-,1,9,,,1,.,3,0,6,5,0,3,,,-,1,,
G,B,P,U,S,D,m,-,0,1,3,6,,,G,B,P,U,S,D,m,,,L,O,N,G,,,2,0,2,5,-,1,1,-,2,4,,,1,.,3,0,9,5,7,,,0,.,0,5,4,8,1,4,,,1,.,3,1,8,6,1,4,,,1,.,3,0,0,5,2,6,,,P,T,,,2,0,2,5,-,1,1,-,2,5,,,1,.,3,1,8,6,1,4,,,1,,
G,B,P,U,S,D,m,-,0,1,3,7,,,G,B,P,U,S,D,m,,,L,O,N,G,,,2,0,2,5,-,1,1,-,3,0,,,1,.,3,2,2,6,1,,,0,.,0,5,4,5,0,5,,,1,.,3,3,1,6,9,2,,,1,.,3,1,3,5,2,8,,,P,T,,,2,0,2,5,-,1,2,-,0,3,,,1,.,3,3,1,6,9,2,,,1,,
G,B,P,U,S,D,m,-,0,1,3,8,,,G,B,P,U,S,D,m,,,L,O,N,G,,,2,0,2,5,-,1,2,-,0,5,,,1,.,3,3,2,1,9,,,0,.,0,5,3,1,4,3,,,1,.,3,4,1,1,1,,,1,.,3,2,3,2,7,,,P,T,,,2,0,2,5,-,1,2,-,1,1,,,1,.,3,4,1,1,1,,,1,,
G,B,P,U,S,D,m,-,0,1,3,9,,,G,B,P,U,S,D,m,,,L,O,N,G,,,2,0,2,5,-,1,2,-,1,1,,,1,.,3,3,8,7,9,,,0,.,0,5,4,2,9,4,,,1,.,3,4,7,9,4,8,,,1,.,3,2,9,6,3,2,,,P,T,,,2,0,2,5,-,1,2,-,2,3,,,1,.,3,4,7,9,4,8,,,1,,
G,B,P,U,S,D,m,-,0,1,4,0,,,G,B,P,U,S,D,m,,,L,O,N,G,,,2,0,2,5,-,1,2,-,1,7,,,1,.,3,4,2,4,9,,,0,.,0,5,2,6,1,4,,,1,.,3,5,1,3,8,9,,,1,.,3,3,3,5,9,1,,,P,T,,,2,0,2,5,-,1,2,-,2,3,,,1,.,3,5,1,3,8,9,,,1,,
G,B,P,U,S,D,m,-,0,1,4,1,,,G,B,P,U,S,D,m,,,L,O,N,G,,,2,0,2,6,-,0,1,-,0,9,,,1,.,3,4,3,5,7,,,0,.,0,4,9,8,5,7,,,1,.,3,5,2,0,0,9,,,1,.,3,3,5,1,3,1,,,S,L,,,2,0,2,6,-,0,1,-,1,8,,,1,.,3,3,5,1,3,1,,,-,1,,
G,B,P,U,S,D,m,-,0,1,4,2,,,G,B,P,U,S,D,m,,,L,O,N,G,,,2,0,2,6,-,0,5,-,2,4,,,1,.,3,4,3,7,7,,,0,.,0,7,4,1,6,1,,,1,.,3,5,6,3,2,5,,,1,.,3,3,1,2,1,5,,,V,E,R,T,I,C,A,L,,,2,0,2,6,-,0,6,-,0,4,,,1,.,3,4,2,2,3,,,-,1,,
G,B,P,U,S,D,m,-,0,1,4,3,,,G,B,P,U,S,D,m,,,L,O,N,G,,,2,0,2,6,-,0,5,-,2,9,,,1,.,3,4,4,3,6,,,0,.,0,6,7,0,7,8,,,1,.,3,5,5,7,2,1,,,1,.,3,3,2,9,9,9,,,S,L,,,2,0,2,6,-,0,6,-,0,5,,,1,.,3,3,2,9,9,9,,,-,1,,
G,B,P,U,S,D,m,-,0,1,4,4,,,G,B,P,U,S,D,m,,,S,H,O,R,T,,,2,0,2,6,-,0,6,-,0,4,,,1,.,3,4,2,5,8,,,0,.,0,6,5,0,5,7,,,1,.,3,3,1,5,7,6,,,1,.,3,5,3,5,8,4,,,P,T,,,2,0,2,6,-,0,6,-,0,7,,,1,.,3,3,1,5,7,6,,,1,,
G,B,P,U,S,D,m,-,0,1,4,5,,,G,B,P,U,S,D,m,,,S,H,O,R,T,,,2,0,2,6,-,0,6,-,1,0,,,1,.,3,3,7,1,6,,,0,.,0,6,3,0,2,8,,,1,.,3,2,6,5,4,2,,,1,.,3,4,7,7,7,8,,,P,T,,,2,0,2,6,-,0,6,-,1,7,,,1,.,3,2,6,5,4,2,,,1,,
G,B,P,U,S,D,m,-,0,1,4,6,,,G,B,P,U,S,D,m,,,S,H,O,R,T,,,2,0,2,6,-,0,6,-,1,6,,,1,.,3,4,1,5,2,,,0,.,0,5,6,6,0,8,,,1,.,3,3,1,9,5,2,,,1,.,3,5,1,0,8,8,,,P,T,,,2,0,2,6,-,0,6,-,1,7,,,1,.,3,3,1,9,5,2,,,1,,
G,B,P,U,S,D,m,-,0,1,4,7,,,G,B,P,U,S,D,m,,,S,H,O,R,T,,,2,0,2,6,-,0,7,-,0,3,,,1,.,3,3,3,8,1,,,0,.,0,5,7,3,6,9,,,1,.,3,2,4,1,6,9,,,1,.,3,4,3,4,5,1,,,S,L,,,2,0,2,6,-,0,7,-,1,0,,,1,.,3,4,3,4,5,1,,,-,1,,
G,B,P,U,S,D,m,-,0,1,4,8,,,G,B,P,U,S,D,m,,,S,H,O,R,T,,,2,0,2,6,-,0,7,-,0,9,,,1,.,3,3,9,3,5,,,0,.,0,5,5,4,8,,,1,.,3,2,9,9,8,8,,,1,.,3,4,8,7,1,2,,,S,L,,,2,0,2,6,-,0,7,-,1,5,,,1,.,3,4,8,7,1,2,,,-,1,,
G,B,P,U,S,D,m,-,0,1,4,9,,,G,B,P,U,S,D,m,,,S,H,O,R,T,,,2,0,2,6,-,0,7,-,1,5,,,1,.,3,3,9,6,2,,,0,.,0,5,5,3,7,7,,,1,.,3,3,0,2,7,4,,,1,.,3,4,8,9,6,6,,,S,L,,,2,0,2,6,-,0,7,-,1,6,,,1,.,3,4,8,9,6,6,,,-,1,,
G,B,P,U,S,D,m,-,0,1,5,0,,,G,B,P,U,S,D,m,,,S,H,O,R,T,,,2,0,2,6,-,0,7,-,2,1,,,1,.,3,4,3,0,8,,,0,.,0,5,7,9,2,3,,,1,.,3,3,3,2,7,9,,,1,.,3,5,2,8,8,1,,,P,T,,,2,0,2,6,-,0,7,-,2,3,,,1,.,3,3,3,2,7,9,,,1,,
G,B,P,U,S,D,m,-,0,1,5,1,,,G,B,P,U,S,D,m,,,S,H,O,R,T,,,2,0,2,6,-,0,7,-,2,7,,,1,.,3,3,5,0,4,,,0,.,0,5,1,2,0,3,,,1,.,3,2,6,4,2,8,,,1,.,3,4,3,6,5,2,,,S,L,,,2,0,2,6,-,0,7,-,3,0,,,1,.,3,4,3,6,5,2,,,-,1,,
N,Z,D,U,S,D,m,-,0,0,0,0,,,N,Z,D,U,S,D,m,,,S,H,O,R,T,,,2,0,2,0,-,1,1,-,0,2,,,0,.,6,5,9,6,6,,,0,.,0,9,1,2,2,2,,,0,.,6,5,2,0,7,9,,,0,.,6,6,7,2,4,1,,,S,L,,,2,0,2,0,-,1,1,-,0,3,,,0,.,6,6,7,2,4,1,,,-,1,,
N,Z,D,U,S,D,m,-,0,0,0,1,,,N,Z,D,U,S,D,m,,,L,O,N,G,,,2,0,2,0,-,1,2,-,0,1,,,0,.,7,0,1,8,,,0,.,0,8,0,2,8,9,,,0,.,7,0,8,8,9,9,,,0,.,6,9,4,7,0,1,,,P,T,,,2,0,2,0,-,1,2,-,0,3,,,0,.,7,0,8,8,9,9,,,1,,
N,Z,D,U,S,D,m,-,0,0,0,2,,,N,Z,D,U,S,D,m,,,L,O,N,G,,,2,0,2,0,-,1,2,-,0,7,,,0,.,7,0,3,9,3,,,0,.,0,7,6,3,2,5,,,0,.,7,1,0,6,9,9,,,0,.,6,9,7,1,6,1,,,P,T,,,2,0,2,0,-,1,2,-,1,1,,,0,.,7,1,0,6,9,9,,,1,,
N,Z,D,U,S,D,m,-,0,0,0,3,,,N,Z,D,U,S,D,m,,,L,O,N,G,,,2,0,2,0,-,1,2,-,1,3,,,0,.,7,0,9,5,7,,,0,.,0,7,8,5,4,,,0,.,7,1,6,5,9,1,,,0,.,7,0,2,5,4,9,,,P,T,,,2,0,2,0,-,1,2,-,1,7,,,0,.,7,1,6,5,9,1,,,1,,
N,Z,D,U,S,D,m,-,0,0,0,4,,,N,Z,D,U,S,D,m,,,L,O,N,G,,,2,0,2,0,-,1,2,-,1,8,,,0,.,7,1,4,5,4,,,0,.,0,7,2,8,8,8,,,0,.,7,2,1,1,0,2,,,0,.,7,0,7,9,7,8,,,S,L,,,2,0,2,0,-,1,2,-,2,1,,,0,.,7,0,7,9,7,8,,,-,1,,
N,Z,D,U,S,D,m,-,0,0,0,5,,,N,Z,D,U,S,D,m,,,L,O,N,G,,,2,0,2,0,-,1,2,-,2,4,,,0,.,7,0,9,8,9,,,0,.,0,7,3,1,7,4,,,0,.,7,1,6,4,3,5,,,0,.,7,0,3,3,4,5,,,P,T,,,2,0,2,0,-,1,2,-,3,0,,,0,.,7,1,6,4,3,5,,,1,,
N,Z,D,U,S,D,m,-,0,0,0,6,,,N,Z,D,U,S,D,m,,,L,O,N,G,,,2,0,2,0,-,1,2,-,3,1,,,0,.,7,2,1,3,3,,,0,.,0,7,2,8,4,4,,,0,.,7,2,7,9,5,,,0,.,7,1,4,7,1,,,P,T,,,2,0,2,1,-,0,1,-,0,6,,,0,.,7,2,7,9,5,,,1,,
N,Z,D,U,S,D,m,-,0,0,0,7,,,N,Z,D,U,S,D,m,,,L,O,N,G,,,2,0,2,1,-,0,1,-,0,7,,,0,.,7,3,0,3,5,,,0,.,0,7,6,7,7,8,,,0,.,7,3,7,4,1,5,,,0,.,7,2,3,2,8,5,,,S,L,,,2,0,2,1,-,0,1,-,0,8,,,0,.,7,2,3,2,8,5,,,-,1,,
N,Z,D,U,S,D,m,-,0,0,0,8,,,N,Z,D,U,S,D,m,,,L,O,N,G,,,2,0,2,1,-,0,1,-,1,3,,,0,.,7,2,2,7,5,,,0,.,0,7,7,7,6,9,,,0,.,7,2,9,8,3,1,,,0,.,7,1,5,6,6,9,,,S,L,,,2,0,2,1,-,0,1,-,1,5,,,0,.,7,1,5,6,6,9,,,-,1,,
N,Z,D,U,S,D,m,-,0,0,0,9,,,N,Z,D,U,S,D,m,,,L,O,N,G,,,2,0,2,1,-,0,1,-,1,9,,,0,.,7,1,1,4,4,,,0,.,0,7,6,1,6,4,,,0,.,7,1,8,2,6,7,,,0,.,7,0,4,6,1,3,,,P,T,,,2,0,2,1,-,0,1,-,2,0,,,0,.,7,1,8,2,6,7,,,1,,
N,Z,D,U,S,D,m,-,0,0,1,0,,,N,Z,D,U,S,D,m,,,L,O,N,G,,,2,0,2,1,-,0,1,-,2,5,,,0,.,7,1,7,8,9,,,0,.,0,7,2,5,0,6,,,0,.,7,2,4,4,4,8,,,0,.,7,1,1,3,3,2,,,P,T,,,2,0,2,1,-,0,1,-,2,6,,,0,.,7,2,4,4,4,8,,,1,,
N,Z,D,U,S,D,m,-,0,0,1,1,,,N,Z,D,U,S,D,m,,,L,O,N,G,,,2,0,2,1,-,0,1,-,3,1,,,0,.,7,1,6,0,9,,,0,.,0,7,7,8,5,7,,,0,.,7,2,3,1,1,4,,,0,.,7,0,9,0,6,6,,,P,T,,,2,0,2,1,-,0,2,-,0,8,,,0,.,7,2,3,1,1,4,,,1,,
N,Z,D,U,S,D,m,-,0,0,1,2,,,N,Z,D,U,S,D,m,,,L,O,N,G,,,2,0,2,1,-,0,2,-,0,5,,,0,.,7,1,5,7,5,,,0,.,0,7,9,2,1,,,0,.,7,2,2,8,9,3,,,0,.,7,0,8,6,0,7,,,P,T,,,2,0,2,1,-,0,2,-,0,8,,,0,.,7,2,2,8,9,3,,,1,,
N,Z,D,U,S,D,m,-,0,0,1,3,,,N,Z,D,U,S,D,m,,,L,O,N,G,,,2,0,2,1,-,0,2,-,1,1,,,0,.,7,2,1,6,8,,,0,.,0,7,9,0,9,2,,,0,.,7,2,8,8,7,1,,,0,.,7,1,4,4,8,9,,,P,T,,,2,0,2,1,-,0,2,-,1,9,,,0,.,7,2,8,8,7,1,,,1,,
N,Z,D,U,S,D,m,-,0,0,1,4,,,N,Z,D,U,S,D,m,,,L,O,N,G,,,2,0,2,1,-,0,2,-,1,7,,,0,.,7,1,8,7,,,0,.,0,7,9,9,2,3,,,0,.,7,2,5,9,3,7,,,0,.,7,1,1,4,6,3,,,P,T,,,2,0,2,1,-,0,2,-,1,9,,,0,.,7,2,5,9,3,7,,,1,,
N,Z,D,U,S,D,m,-,0,0,1,5,,,N,Z,D,U,S,D,m,,,L,O,N,G,,,2,0,2,1,-,0,2,-,2,3,,,0,.,7,3,2,6,4,,,0,.,0,7,9,7,5,5,,,0,.,7,4,0,0,0,2,,,0,.,7,2,5,2,7,8,,,P,T,,,2,0,2,1,-,0,2,-,2,4,,,0,.,7,4,0,0,0,2,,,1,,
N,Z,D,U,S,D,m,-,0,0,1,6,,,N,Z,D,U,S,D,m,,,L,O,N,G,,,2,0,2,1,-,0,3,-,2,4,,,0,.,6,9,9,1,3,,,0,.,1,0,1,8,8,1,,,0,.,7,0,8,1,0,4,,,0,.,6,9,0,1,5,6,,,V,E,R,T,I,C,A,L,,,2,0,2,1,-,0,4,-,0,5,,,0,.,7,0,6,4,8,,,1,,
N,Z,D,U,S,D,m,-,0,0,1,7,,,N,Z,D,U,S,D,m,,,L,O,N,G,,,2,0,2,1,-,0,3,-,3,0,,,0,.,7,0,0,7,7,,,0,.,0,9,9,4,4,6,,,0,.,7,0,9,5,5,,,0,.,6,9,1,9,9,,,V,E,R,T,I,C,A,L,,,2,0,2,1,-,0,4,-,1,1,,,0,.,7,0,3,5,5,,,1,,
N,Z,D,U,S,D,m,-,0,0,1,8,,,N,Z,D,U,S,D,m,,,L,O,N,G,,,2,0,2,1,-,0,4,-,0,5,,,0,.,7,0,2,9,4,,,0,.,0,9,7,9,6,,,0,.,7,1,1,6,1,6,,,0,.,6,9,4,2,6,4,,,P,T,,,2,0,2,1,-,0,4,-,1,4,,,0,.,7,1,1,6,1,6,,,1,,
N,Z,D,U,S,D,m,-,0,0,1,9,,,N,Z,D,U,S,D,m,,,L,O,N,G,,,2,0,2,1,-,0,4,-,1,1,,,0,.,7,0,3,,,0,.,0,9,5,8,3,9,,,0,.,7,1,1,4,8,8,,,0,.,6,9,4,5,1,2,,,P,T,,,2,0,2,1,-,0,4,-,1,4,,,0,.,7,1,1,4,8,8,,,1,,
N,Z,D,U,S,D,m,-,0,0,2,0,,,N,Z,D,U,S,D,m,,,L,O,N,G,,,2,0,2,1,-,0,4,-,1,6,,,0,.,7,1,7,4,2,,,0,.,0,9,6,3,8,5,,,0,.,7,2,6,1,3,2,,,0,.,7,0,8,7,0,8,,,P,T,,,2,0,2,1,-,0,4,-,2,8,,,0,.,7,2,6,1,3,2,,,1,,
N,Z,D,U,S,D,m,-,0,0,2,1,,,N,Z,D,U,S,D,m,,,L,O,N,G,,,2,0,2,1,-,0,4,-,2,2,,,0,.,7,2,0,2,8,,,0,.,0,9,9,0,4,9,,,0,.,7,2,9,2,6,8,,,0,.,7,1,1,2,9,2,,,V,E,R,T,I,C,A,L,,,2,0,2,1,-,0,5,-,0,4,,,0,.,7,1,6,0,7,,,-,1,,
N,Z,D,U,S,D,m,-,0,0,2,2,,,N,Z,D,U,S,D,m,,,L,O,N,G,,,2,0,2,1,-,0,4,-,2,8,,,0,.,7,2,0,2,8,,,0,.,1,0,0,8,6,2,,,0,.,7,2,9,4,3,3,,,0,.,7,1,1,1,2,7,,,P,T,,,2,0,2,1,-,0,5,-,0,7,,,0,.,7,2,9,4,3,3,,,1,,
N,Z,D,U,S,D,m,-,0,0,2,3,,,N,Z,D,U,S,D,m,,,L,O,N,G,,,2,0,2,1,-,0,5,-,0,4,,,0,.,7,1,9,6,,,0,.,1,0,3,1,1,5,,,0,.,7,2,8,9,4,9,,,0,.,7,1,0,2,5,1,,,P,T,,,2,0,2,1,-,0,5,-,0,7,,,0,.,7,2,8,9,4,9,,,1,,
N,Z,D,U,S,D,m,-,0,0,2,4,,,N,Z,D,U,S,D,m,,,L,O,N,G,,,2,0,2,1,-,0,5,-,1,0,,,0,.,7,2,9,3,9,,,0,.,0,9,1,8,7,1,,,0,.,7,3,7,8,3,2,,,0,.,7,2,0,9,4,8,,,S,L,,,2,0,2,1,-,0,5,-,1,2,,,0,.,7,2,0,9,4,8,,,-,1,,
N,Z,D,U,S,D,m,-,0,0,2,5,,,N,Z,D,U,S,D,m,,,L,O,N,G,,,2,0,2,1,-,0,5,-,1,6,,,0,.,7,2,3,2,4,,,0,.,0,9,5,4,5,4,,,0,.,7,3,1,9,3,8,,,0,.,7,1,4,5,4,2,,,V,E,R,T,I,C,A,L,,,2,0,2,1,-,0,5,-,2,7,,,0,.,7,2,8,2,4,,,1,,
N,Z,D,U,S,D,m,-,0,0,2,6,,,N,Z,D,U,S,D,m,,,L,O,N,G,,,2,0,2,1,-,0,5,-,2,1,,,0,.,7,1,9,5,3,,,0,.,0,9,5,5,5,8,,,0,.,7,2,8,1,9,3,,,0,.,7,1,0,8,6,7,,,P,T,,,2,0,2,1,-,0,5,-,2,6,,,0,.,7,2,8,1,9,3,,,1,,
N,Z,D,U,S,D,m,-,0,0,2,7,,,N,Z,D,U,S,D,m,,,L,O,N,G,,,2,0,2,1,-,0,5,-,2,7,,,0,.,7,2,7,6,5,,,0,.,0,9,3,0,3,1,,,0,.,7,3,6,1,7,9,,,0,.,7,1,9,1,2,1,,,S,L,,,2,0,2,1,-,0,6,-,0,3,,,0,.,7,1,9,1,2,1,,,-,1,,
N,Z,D,U,S,D,m,-,0,0,2,8,,,N,Z,D,U,S,D,m,,,L,O,N,G,,,2,0,2,1,-,0,6,-,0,2,,,0,.,7,2,5,1,7,,,0,.,0,8,4,0,1,4,,,0,.,7,3,2,8,4,6,,,0,.,7,1,7,4,9,4,,,S,L,,,2,0,2,1,-,0,6,-,0,3,,,0,.,7,1,7,4,9,4,,,-,1,,
N,Z,D,U,S,D,m,-,0,0,2,9,,,N,Z,D,U,S,D,m,,,L,O,N,G,,,2,0,2,1,-,0,6,-,0,8,,,0,.,7,2,2,4,,,0,.,0,8,9,2,6,2,,,0,.,7,3,0,5,2,4,,,0,.,7,1,4,2,7,6,,,S,L,,,2,0,2,1,-,0,6,-,1,1,,,0,.,7,1,4,2,7,6,,,-,1,,
N,Z,D,U,S,D,m,-,0,0,3,0,,,N,Z,D,U,S,D,m,,,L,O,N,G,,,2,0,2,1,-,0,6,-,1,4,,,0,.,7,1,3,7,5,,,0,.,0,9,0,8,8,7,,,0,.,7,2,1,9,2,3,,,0,.,7,0,5,5,7,7,,,S,L,,,2,0,2,1,-,0,6,-,1,6,,,0,.,7,0,5,5,7,7,,,-,1,,
N,Z,D,U,S,D,m,-,0,0,3,1,,,N,Z,D,U,S,D,m,,,L,O,N,G,,,2,0,2,1,-,0,6,-,2,0,,,0,.,6,9,3,4,7,,,0,.,0,9,4,3,4,5,,,0,.,7,0,1,7,1,3,,,0,.,6,8,5,2,2,7,,,P,T,,,2,0,2,1,-,0,6,-,2,2,,,0,.,7,0,1,7,1,3,,,1,,
N,Z,D,U,S,D,m,-,0,0,3,2,,,N,Z,D,U,S,D,m,,,L,O,N,G,,,2,0,2,1,-,0,7,-,0,1,,,0,.,6,9,9,5,3,,,0,.,0,8,9,5,0,8,,,0,.,7,0,7,4,1,9,,,0,.,6,9,1,6,4,1,,,P,T,,,2,0,2,1,-,0,7,-,0,6,,,0,.,7,0,7,4,1,9,,,1,,
N,Z,D,U,S,D,m,-,0,0,3,3,,,N,Z,D,U,S,D,m,,,L,O,N,G,,,2,0,2,1,-,0,7,-,0,7,,,0,.,7,0,1,6,2,,,0,.,0,8,8,9,9,3,,,0,.,7,0,9,4,8,7,,,0,.,6,9,3,7,5,3,,,S,L,,,2,0,2,1,-,0,7,-,0,8,,,0,.,6,9,3,7,5,3,,,-,1,,
N,Z,D,U,S,D,m,-,0,0,3,4,,,N,Z,D,U,S,D,m,,,L,O,N,G,,,2,0,2,1,-,0,7,-,1,3,,,0,.,6,9,8,4,8,,,0,.,0,8,8,1,7,1,,,0,.,7,0,6,2,3,9,,,0,.,6,9,0,7,2,1,,,S,L,,,2,0,2,1,-,0,7,-,2,0,,,0,.,6,9,0,7,2,1,,,-,1,,
N,Z,D,U,S,D,m,-,0,0,3,5,,,N,Z,D,U,S,D,m,,,L,O,N,G,,,2,0,2,1,-,0,7,-,1,9,,,0,.,6,9,9,3,3,,,0,.,0,9,0,6,4,4,,,0,.,7,0,7,3,1,6,,,0,.,6,9,1,3,4,4,,,S,L,,,2,0,2,1,-,0,7,-,2,0,,,0,.,6,9,1,3,4,4,,,-,1,,
N,Z,D,U,S,D,m,-,0,0,3,6,,,N,Z,D,U,S,D,m,,,L,O,N,G,,,2,0,2,1,-,0,7,-,2,5,,,0,.,6,9,6,4,8,,,0,.,0,8,6,7,5,,,0,.,7,0,4,0,9,2,,,0,.,6,8,8,8,6,8,,,P,T,,,2,0,2,1,-,0,8,-,0,3,,,0,.,7,0,4,0,9,2,,,1,,
N,Z,D,U,S,D,m,-,0,0,3,7,,,N,Z,D,U,S,D,m,,,L,O,N,G,,,2,0,2,1,-,0,7,-,3,0,,,0,.,7,0,0,9,5,,,0,.,0,8,5,1,5,2,,,0,.,7,0,8,4,7,,,0,.,6,9,3,4,3,,,P,T,,,2,0,2,1,-,0,8,-,0,4,,,0,.,7,0,8,4,7,,,1,,
N,Z,D,U,S,D,m,-,0,0,3,8,,,N,Z,D,U,S,D,m,,,L,O,N,G,,,2,0,2,1,-,0,8,-,0,5,,,0,.,7,0,4,2,7,,,0,.,0,8,5,1,7,7,,,0,.,7,1,1,8,2,8,,,0,.,6,9,6,7,1,2,,,S,L,,,2,0,2,1,-,0,8,-,1,7,,,0,.,6,9,6,7,1,2,,,-,1,,
N,Z,D,U,S,D,m,-,0,0,3,9,,,N,Z,D,U,S,D,m,,,L,O,N,G,,,2,0,2,1,-,0,8,-,1,1,,,0,.,7,0,0,5,,,0,.,0,8,4,5,2,8,,,0,.,7,0,7,9,6,,,0,.,6,9,3,0,4,,,S,L,,,2,0,2,1,-,0,8,-,1,7,,,0,.,6,9,3,0,4,,,-,1,,
N,Z,D,U,S,D,m,-,0,0,4,0,,,N,Z,D,U,S,D,m,,,L,O,N,G,,,2,0,2,1,-,0,8,-,1,7,,,0,.,7,0,2,7,1,,,0,.,0,8,0,1,9,3,,,0,.,7,0,9,8,1,,,0,.,6,9,5,6,1,,,S,L,,,2,0,2,1,-,0,8,-,1,8,,,0,.,6,9,5,6,1,,,-,1,,
N,Z,D,U,S,D,m,-,0,0,4,1,,,N,Z,D,U,S,D,m,,,L,O,N,G,,,2,0,2,1,-,0,9,-,0,3,,,0,.,7,1,0,7,9,,,0,.,0,8,7,5,5,4,,,0,.,7,1,8,6,3,1,,,0,.,7,0,2,9,4,9,,,V,E,R,T,I,C,A,L,,,2,0,2,1,-,0,9,-,1,5,,,0,.,7,1,3,,,1,,
N,Z,D,U,S,D,m,-,0,0,4,2,,,N,Z,D,U,S,D,m,,,L,O,N,G,,,2,0,2,1,-,0,9,-,0,9,,,0,.,7,0,9,7,,,0,.,0,8,6,6,9,6,,,0,.,7,1,7,4,5,2,,,0,.,7,0,1,9,4,8,,,S,L,,,2,0,2,1,-,0,9,-,2,0,,,0,.,7,0,1,9,4,8,,,-,1,,
N,Z,D,U,S,D,m,-,0,0,4,3,,,N,Z,D,U,S,D,m,,,L,O,N,G,,,2,0,2,1,-,0,9,-,2,7,,,0,.,7,0,1,5,5,,,0,.,0,7,9,2,0,2,,,0,.,7,0,8,5,5,,,0,.,6,9,4,5,5,,,S,L,,,2,0,2,1,-,0,9,-,2,8,,,0,.,6,9,4,5,5,,,-,1,,
N,Z,D,U,S,D,m,-,0,0,4,4,,,N,Z,D,U,S,D,m,,,L,O,N,G,,,2,0,2,1,-,1,0,-,0,3,,,0,.,6,9,3,5,3,,,0,.,0,8,4,9,6,9,,,0,.,7,0,0,9,5,4,,,0,.,6,8,6,1,0,6,,,P,T,,,2,0,2,1,-,1,0,-,1,4,,,0,.,7,0,0,9,5,4,,,1,,
N,Z,D,U,S,D,m,-,0,0,4,5,,,N,Z,D,U,S,D,m,,,L,O,N,G,,,2,0,2,1,-,1,0,-,0,8,,,0,.,6,9,3,6,6,,,0,.,0,8,3,1,5,7,,,0,.,7,0,0,9,2,7,,,0,.,6,8,6,3,9,3,,,P,T,,,2,0,2,1,-,1,0,-,1,4,,,0,.,7,0,0,9,2,7,,,1,,
N,Z,D,U,S,D,m,-,0,0,4,6,,,N,Z,D,U,S,D,m,,,L,O,N,G,,,2,0,2,1,-,1,0,-,1,4,,,0,.,6,9,7,0,4,,,0,.,0,8,2,9,9,9,,,0,.,7,0,4,3,2,9,,,0,.,6,8,9,7,5,1,,,P,T,,,2,0,2,1,-,1,0,-,1,5,,,0,.,7,0,4,3,2,9,,,1,,
N,Z,D,U,S,D,m,-,0,0,4,7,,,N,Z,D,U,S,D,m,,,L,O,N,G,,,2,0,2,1,-,1,1,-,1,2,,,0,.,7,0,1,9,,,0,.,0,7,8,4,7,6,,,0,.,7,0,8,8,4,,,0,.,6,9,4,9,6,,,S,L,,,2,0,2,1,-,1,1,-,2,2,,,0,.,6,9,4,9,6,,,-,1,,
N,Z,D,U,S,D,m,-,0,0,4,8,,,N,Z,D,U,S,D,m,,,L,O,N,G,,,2,0,2,1,-,1,1,-,1,8,,,0,.,7,0,0,2,1,,,0,.,0,7,9,5,3,3,,,0,.,7,0,7,2,2,6,,,0,.,6,9,3,1,9,4,,,S,L,,,2,0,2,1,-,1,1,-,2,3,,,0,.,6,9,3,1,9,4,,,-,1,,
N,Z,D,U,S,D,m,-,0,0,4,9,,,N,Z,D,U,S,D,m,,,L,O,N,G,,,2,0,2,1,-,1,1,-,2,4,,,0,.,6,9,5,0,9,,,0,.,0,8,1,2,4,2,,,0,.,7,0,2,2,0,5,,,0,.,6,8,7,9,7,5,,,S,L,,,2,0,2,1,-,1,1,-,2,5,,,0,.,6,8,7,9,7,5,,,-,1,,
N,Z,D,U,S,D,m,-,0,0,5,0,,,N,Z,D,U,S,D,m,,,L,O,N,G,,,2,0,2,1,-,1,1,-,3,0,,,0,.,6,8,2,8,9,,,0,.,0,8,3,2,5,8,,,0,.,6,9,0,0,5,3,,,0,.,6,7,5,7,2,7,,,S,L,,,2,0,2,1,-,1,2,-,0,3,,,0,.,6,7,5,7,2,7,,,-,1,,
N,Z,D,U,S,D,m,-,0,0,5,1,,,N,Z,D,U,S,D,m,,,S,H,O,R,T,,,2,0,2,1,-,1,2,-,1,2,,,0,.,6,7,9,8,3,,,0,.,0,7,5,5,1,3,,,0,.,6,7,3,3,6,2,,,0,.,6,8,6,2,9,8,,,P,T,,,2,0,2,1,-,1,2,-,1,4,,,0,.,6,7,3,3,6,2,,,1,,
N,Z,D,U,S,D,m,-,0,0,5,2,,,N,Z,D,U,S,D,m,,,S,H,O,R,T,,,2,0,2,1,-,1,2,-,2,3,,,0,.,6,8,0,3,3,,,0,.,0,7,7,3,3,1,,,0,.,6,7,3,7,0,2,,,0,.,6,8,6,9,5,8,,,V,E,R,T,I,C,A,L,,,2,0,2,2,-,0,1,-,0,4,,,0,.,6,8,1,1,7,,,-,1,,
N,Z,D,U,S,D,m,-,0,0,5,3,,,N,Z,D,U,S,D,m,,,S,H,O,R,T,,,2,0,2,1,-,1,2,-,2,9,,,0,.,6,8,0,3,6,,,0,.,0,7,2,1,2,2,,,0,.,6,7,4,1,7,8,,,0,.,6,8,6,5,4,2,,,P,T,,,2,0,2,2,-,0,1,-,0,6,,,0,.,6,7,4,1,7,8,,,1,,
N,Z,D,U,S,D,m,-,0,0,5,4,,,N,Z,D,U,S,D,m,,,S,H,O,R,T,,,2,0,2,2,-,0,1,-,0,4,,,0,.,6,7,8,7,4,,,0,.,0,7,3,6,4,4,,,0,.,6,7,2,4,4,2,,,0,.,6,8,5,0,3,8,,,S,L,,,2,0,2,2,-,0,1,-,1,2,,,0,.,6,8,5,0,3,8,,,-,1,,
N,Z,D,U,S,D,m,-,0,0,5,5,,,N,Z,D,U,S,D,m,,,S,H,O,R,T,,,2,0,2,2,-,0,1,-,1,0,,,0,.,6,7,7,4,2,,,0,.,0,7,5,7,1,4,,,0,.,6,7,0,9,5,8,,,0,.,6,8,3,8,8,2,,,S,L,,,2,0,2,2,-,0,1,-,1,2,,,0,.,6,8,3,8,8,2,,,-,1,,
N,Z,D,U,S,D,m,-,0,0,5,6,,,N,Z,D,U,S,D,m,,,S,H,O,R,T,,,2,0,2,2,-,0,1,-,2,1,,,0,.,6,7,4,9,1,,,0,.,0,7,0,4,8,9,,,0,.,6,6,8,9,1,6,,,0,.,6,8,0,9,0,4,,,P,T,,,2,0,2,2,-,0,1,-,2,4,,,0,.,6,6,8,9,1,6,,,1,,
N,Z,D,U,S,D,m,-,0,0,5,7,,,N,Z,D,U,S,D,m,,,S,H,O,R,T,,,2,0,2,2,-,0,1,-,2,7,,,0,.,6,6,5,9,3,,,0,.,0,6,8,8,8,3,,,0,.,6,6,0,1,5,1,,,0,.,6,7,1,7,0,9,,,P,T,,,2,0,2,2,-,0,1,-,2,8,,,0,.,6,6,0,1,5,1,,,1,,
N,Z,D,U,S,D,m,-,0,0,5,8,,,N,Z,D,U,S,D,m,,,S,H,O,R,T,,,2,0,2,2,-,0,2,-,0,8,,,0,.,6,6,3,6,2,,,0,.,0,7,4,9,2,8,,,0,.,6,5,7,3,5,5,,,0,.,6,6,9,8,8,5,,,S,L,,,2,0,2,2,-,0,2,-,1,0,,,0,.,6,6,9,8,8,5,,,-,1,,
N,Z,D,U,S,D,m,-,0,0,5,9,,,N,Z,D,U,S,D,m,,,S,H,O,R,T,,,2,0,2,2,-,0,2,-,1,4,,,0,.,6,6,4,4,7,,,0,.,0,7,3,4,4,9,,,0,.,6,5,8,3,2,1,,,0,.,6,7,0,6,1,9,,,S,L,,,2,0,2,2,-,0,2,-,1,7,,,0,.,6,7,0,6,1,9,,,-,1,,
N,Z,D,U,S,D,m,-,0,0,6,0,,,N,Z,D,U,S,D,m,,,S,H,O,R,T,,,2,0,2,2,-,0,2,-,2,0,,,0,.,6,6,9,2,,,0,.,0,7,4,1,9,9,,,0,.,6,6,2,9,4,4,,,0,.,6,7,5,4,5,6,,,S,L,,,2,0,2,2,-,0,2,-,2,3,,,0,.,6,7,5,4,5,6,,,-,1,,
N,Z,D,U,S,D,m,-,0,0,6,1,,,N,Z,D,U,S,D,m,,,S,H,O,R,T,,,2,0,2,2,-,0,2,-,2,5,,,0,.,6,6,8,7,5,,,0,.,0,7,5,4,7,6,,,0,.,6,6,2,3,9,1,,,0,.,6,7,5,1,0,9,,,S,L,,,2,0,2,2,-,0,2,-,2,8,,,0,.,6,7,5,1,0,9,,,-,1,,
N,Z,D,U,S,D,m,-,0,0,6,2,,,N,Z,D,U,S,D,m,,,S,H,O,R,T,,,2,0,2,2,-,0,4,-,1,9,,,0,.,6,7,3,4,,,0,.,0,8,6,2,2,1,,,0,.,6,6,6,0,8,5,,,0,.,6,8,0,7,1,5,,,S,L,,,2,0,2,2,-,0,4,-,2,0,,,0,.,6,8,0,7,1,5,,,-,1,,
N,Z,D,U,S,D,m,-,0,0,6,3,,,N,Z,D,U,S,D,m,,,S,H,O,R,T,,,2,0,2,3,-,0,1,-,3,0,,,0,.,6,4,9,0,9,,,0,.,1,0,9,1,4,9,,,0,.,6,4,0,1,6,4,,,0,.,6,5,8,0,1,6,,,P,T,,,2,0,2,3,-,0,2,-,0,3,,,0,.,6,4,0,1,6,4,,,1,,
N,Z,D,U,S,D,m,-,0,0,6,4,,,N,Z,D,U,S,D,m,,,S,H,O,R,T,,,2,0,2,3,-,0,5,-,2,6,,,0,.,6,0,5,2,6,,,0,.,1,1,3,5,1,2,,,0,.,5,9,6,6,0,4,,,0,.,6,1,3,9,1,6,,,V,E,R,T,I,C,A,L,,,2,0,2,3,-,0,6,-,0,7,,,0,.,6,0,4,0,6,,,1,,
N,Z,D,U,S,D,m,-,0,0,6,5,,,N,Z,D,U,S,D,m,,,S,H,O,R,T,,,2,0,2,3,-,0,6,-,0,1,,,0,.,6,0,2,2,7,,,0,.,1,1,1,4,1,4,,,0,.,5,9,3,8,1,6,,,0,.,6,1,0,7,2,4,,,S,L,,,2,0,2,3,-,0,6,-,0,2,,,0,.,6,1,0,7,2,4,,,-,1,,
N,Z,D,U,S,D,m,-,0,0,6,6,,,N,Z,D,U,S,D,m,,,S,H,O,R,T,,,2,0,2,3,-,0,6,-,0,7,,,0,.,6,0,7,8,3,,,0,.,1,0,9,7,7,4,,,0,.,5,9,9,4,2,4,,,0,.,6,1,6,2,3,6,,,S,L,,,2,0,2,3,-,0,6,-,1,3,,,0,.,6,1,6,2,3,6,,,-,1,,
N,Z,D,U,S,D,m,-,0,0,6,7,,,N,Z,D,U,S,D,m,,,S,H,O,R,T,,,2,0,2,3,-,0,6,-,1,9,,,0,.,6,2,2,9,5,,,0,.,1,0,5,8,0,2,,,0,.,6,1,4,6,4,6,,,0,.,6,3,1,2,5,4,,,P,T,,,2,0,2,3,-,0,6,-,2,0,,,0,.,6,1,4,6,4,6,,,1,,
N,Z,D,U,S,D,m,-,0,0,6,8,,,N,Z,D,U,S,D,m,,,L,O,N,G,,,2,0,2,3,-,0,7,-,0,6,,,0,.,6,1,7,6,3,,,0,.,1,0,2,9,1,5,,,0,.,6,2,5,6,3,8,,,0,.,6,0,9,6,2,2,,,P,T,,,2,0,2,3,-,0,7,-,1,2,,,0,.,6,2,5,6,3,8,,,1,,
N,Z,D,U,S,D,m,-,0,0,6,9,,,N,Z,D,U,S,D,m,,,L,O,N,G,,,2,0,2,3,-,0,7,-,1,2,,,0,.,6,1,9,7,8,,,0,.,1,0,1,3,3,7,,,0,.,6,2,7,6,9,3,,,0,.,6,1,1,8,6,7,,,P,T,,,2,0,2,3,-,0,7,-,1,3,,,0,.,6,2,7,6,9,3,,,1,,
N,Z,D,U,S,D,m,-,0,0,7,0,,,N,Z,D,U,S,D,m,,,L,O,N,G,,,2,0,2,3,-,0,7,-,1,8,,,0,.,6,3,2,0,4,,,0,.,1,0,8,2,2,3,,,0,.,6,4,0,6,5,8,,,0,.,6,2,3,4,2,2,,,S,L,,,2,0,2,3,-,0,7,-,1,9,,,0,.,6,2,3,4,2,2,,,-,1,,
N,Z,D,U,S,D,m,-,0,0,7,1,,,N,Z,D,U,S,D,m,,,L,O,N,G,,,2,0,2,3,-,0,8,-,1,0,,,0,.,6,0,5,9,8,,,0,.,0,9,2,8,5,7,,,0,.,6,1,3,0,6,9,,,0,.,5,9,8,8,9,1,,,S,L,,,2,0,2,3,-,0,8,-,1,1,,,0,.,5,9,8,8,9,1,,,-,1,,
N,Z,D,U,S,D,m,-,0,0,7,2,,,N,Z,D,U,S,D,m,,,L,O,N,G,,,2,0,2,3,-,0,8,-,1,6,,,0,.,5,9,5,6,2,,,0,.,0,9,4,0,2,,,0,.,6,0,2,6,7,5,,,0,.,5,8,8,5,6,5,,,S,L,,,2,0,2,3,-,0,8,-,2,5,,,0,.,5,8,8,5,6,5,,,-,1,,
N,Z,D,U,S,D,m,-,0,0,7,3,,,N,Z,D,U,S,D,m,,,L,O,N,G,,,2,0,2,3,-,0,8,-,2,2,,,0,.,5,9,2,8,5,,,0,.,0,9,0,7,8,7,,,0,.,5,9,9,6,3,1,,,0,.,5,8,6,0,6,9,,,P,T,,,2,0,2,3,-,0,8,-,3,0,,,0,.,5,9,9,6,3,1,,,1,,
N,Z,D,U,S,D,m,-,0,0,7,4,,,N,Z,D,U,S,D,m,,,L,O,N,G,,,2,0,2,3,-,0,8,-,2,8,,,0,.,5,9,0,9,3,,,0,.,0,9,1,1,8,8,,,0,.,5,9,7,7,1,9,,,0,.,5,8,4,1,4,1,,,P,T,,,2,0,2,3,-,0,8,-,3,0,,,0,.,5,9,7,7,1,9,,,1,,
N,Z,D,U,S,D,m,-,0,0,7,5,,,N,Z,D,U,S,D,m,,,S,H,O,R,T,,,2,0,2,3,-,0,9,-,0,3,,,0,.,5,9,3,7,1,,,0,.,0,9,2,1,1,3,,,0,.,5,8,6,8,2,,,0,.,6,0,0,6,,,P,T,,,2,0,2,3,-,0,9,-,0,5,,,0,.,5,8,6,8,2,,,1,,
N,Z,D,U,S,D,m,-,0,0,7,6,,,N,Z,D,U,S,D,m,,,S,H,O,R,T,,,2,0,2,3,-,0,9,-,0,8,,,0,.,5,8,7,7,7,,,0,.,0,8,5,7,5,8,,,0,.,5,8,1,4,1,9,,,0,.,5,9,4,1,2,1,,,S,L,,,2,0,2,3,-,0,9,-,1,4,,,0,.,5,9,4,1,2,1,,,-,1,,
N,Z,D,U,S,D,m,-,0,0,7,7,,,N,Z,D,U,S,D,m,,,S,H,O,R,T,,,2,0,2,3,-,0,9,-,1,4,,,0,.,5,9,1,9,2,,,0,.,0,8,4,3,0,3,,,0,.,5,8,5,6,3,3,,,0,.,5,9,8,2,0,7,,,S,L,,,2,0,2,3,-,0,9,-,2,0,,,0,.,5,9,8,2,0,7,,,-,1,,
N,Z,D,U,S,D,m,-,0,0,7,8,,,N,Z,D,U,S,D,m,,,S,H,O,R,T,,,2,0,2,3,-,0,9,-,2,0,,,0,.,5,9,4,9,2,,,0,.,0,7,4,9,0,6,,,0,.,5,8,9,3,0,6,,,0,.,6,0,0,5,3,4,,,S,L,,,2,0,2,3,-,0,9,-,2,9,,,0,.,6,0,0,5,3,4,,,-,1,,
N,Z,D,U,S,D,m,-,0,0,7,9,,,N,Z,D,U,S,D,m,,,S,H,O,R,T,,,2,0,2,3,-,0,9,-,2,6,,,0,.,5,9,6,6,,,0,.,0,6,8,5,4,5,,,0,.,5,9,1,4,4,8,,,0,.,6,0,1,7,5,2,,,P,T,,,2,0,2,3,-,0,9,-,2,7,,,0,.,5,9,1,4,4,8,,,1,,
N,Z,D,U,S,D,m,-,0,0,8,0,,,N,Z,D,U,S,D,m,,,S,H,O,R,T,,,2,0,2,3,-,1,0,-,0,2,,,0,.,5,9,9,5,1,,,0,.,0,6,8,1,4,6,,,0,.,5,9,4,3,6,3,,,0,.,6,0,4,6,5,7,,,P,T,,,2,0,2,3,-,1,0,-,0,3,,,0,.,5,9,4,3,6,3,,,1,,
N,Z,D,U,S,D,m,-,0,0,8,1,,,N,Z,D,U,S,D,m,,,S,H,O,R,T,,,2,0,2,3,-,1,0,-,0,8,,,0,.,5,9,5,8,1,,,0,.,0,7,2,6,9,2,,,0,.,5,9,0,3,5,3,,,0,.,6,0,1,2,6,7,,,S,L,,,2,0,2,3,-,1,0,-,0,9,,,0,.,6,0,1,2,6,7,,,-,1,,
N,Z,D,U,S,D,m,-,0,0,8,2,,,N,Z,D,U,S,D,m,,,S,H,O,R,T,,,2,0,2,3,-,1,0,-,2,5,,,0,.,5,8,4,6,1,,,0,.,0,7,5,6,7,8,,,0,.,5,7,9,0,3,6,,,0,.,5,9,0,1,8,4,,,P,T,,,2,0,2,3,-,1,0,-,2,6,,,0,.,5,7,9,0,3,6,,,1,,
N,Z,D,U,S,D,m,-,0,0,8,3,,,N,Z,D,U,S,D,m,,,S,H,O,R,T,,,2,0,2,3,-,1,1,-,0,6,,,0,.,5,9,9,4,5,,,0,.,0,8,9,6,8,2,,,0,.,5,9,2,6,7,7,,,0,.,6,0,6,2,2,3,,,P,T,,,2,0,2,3,-,1,1,-,0,7,,,0,.,5,9,2,6,7,7,,,1,,
N,Z,D,U,S,D,m,-,0,0,8,4,,,N,Z,D,U,S,D,m,,,S,H,O,R,T,,,2,0,2,3,-,1,1,-,1,2,,,0,.,5,8,8,5,4,,,0,.,0,8,8,1,0,8,,,0,.,5,8,2,0,0,7,,,0,.,5,9,5,0,7,3,,,S,L,,,2,0,2,3,-,1,1,-,1,4,,,0,.,5,9,5,0,7,3,,,-,1,,
N,Z,D,U,S,D,m,-,0,0,8,5,,,N,Z,D,U,S,D,m,,,S,H,O,R,T,,,2,0,2,4,-,0,1,-,1,1,,,0,.,6,2,2,7,5,,,0,.,0,8,9,5,4,9,,,0,.,6,1,5,7,2,4,,,0,.,6,2,9,7,7,6,,,P,T,,,2,0,2,4,-,0,1,-,1,6,,,0,.,6,1,5,7,2,4,,,1,,
N,Z,D,U,S,D,m,-,0,0,8,6,,,N,Z,D,U,S,D,m,,,S,H,O,R,T,,,2,0,2,4,-,0,1,-,1,7,,,0,.,6,1,3,9,6,,,0,.,0,8,1,4,9,7,,,0,.,6,0,7,6,5,6,,,0,.,6,2,0,2,6,4,,,P,T,,,2,0,2,4,-,0,1,-,2,2,,,0,.,6,0,7,6,5,6,,,1,,
N,Z,D,U,S,D,m,-,0,0,8,7,,,N,Z,D,U,S,D,m,,,S,H,O,R,T,,,2,0,2,4,-,0,1,-,2,3,,,0,.,6,0,7,2,4,,,0,.,0,8,2,0,5,,,0,.,6,0,0,9,6,3,,,0,.,6,1,3,5,1,7,,,S,L,,,2,0,2,4,-,0,1,-,2,4,,,0,.,6,1,3,5,1,7,,,-,1,,
N,Z,D,U,S,D,m,-,0,0,8,8,,,N,Z,D,U,S,D,m,,,S,H,O,R,T,,,2,0,2,4,-,0,1,-,2,9,,,0,.,6,0,8,9,7,,,0,.,0,6,6,2,7,,,0,.,6,0,3,8,8,6,,,0,.,6,1,4,0,5,4,,,S,L,,,2,0,2,4,-,0,1,-,3,0,,,0,.,6,1,4,0,5,4,,,-,1,,
N,Z,D,U,S,D,m,-,0,0,8,9,,,N,Z,D,U,S,D,m,,,S,H,O,R,T,,,2,0,2,4,-,0,2,-,0,4,,,0,.,6,0,6,3,4,,,0,.,0,7,0,9,2,4,,,0,.,6,0,0,9,2,2,,,0,.,6,1,1,7,5,8,,,S,L,,,2,0,2,4,-,0,2,-,0,7,,,0,.,6,1,1,7,5,8,,,-,1,,
N,Z,D,U,S,D,m,-,0,0,9,0,,,N,Z,D,U,S,D,m,,,S,H,O,R,T,,,2,0,2,4,-,0,2,-,1,5,,,0,.,6,0,8,8,6,,,0,.,0,7,1,3,2,1,,,0,.,6,0,3,3,8,9,,,0,.,6,1,4,3,3,1,,,S,L,,,2,0,2,4,-,0,2,-,1,9,,,0,.,6,1,4,3,3,1,,,-,1,,
N,Z,D,U,S,D,m,-,0,0,9,1,,,N,Z,D,U,S,D,m,,,S,H,O,R,T,,,2,0,2,4,-,0,2,-,2,1,,,0,.,6,1,6,6,3,,,0,.,0,7,0,9,6,7,,,0,.,6,1,1,1,1,7,,,0,.,6,2,2,1,4,3,,,P,T,,,2,0,2,4,-,0,2,-,2,8,,,0,.,6,1,1,1,1,7,,,1,,
N,Z,D,U,S,D,m,-,0,0,9,2,,,N,Z,D,U,S,D,m,,,S,H,O,R,T,,,2,0,2,4,-,0,2,-,2,7,,,0,.,6,1,6,5,6,,,0,.,0,6,8,7,0,4,,,0,.,6,1,1,2,2,3,,,0,.,6,2,1,8,9,7,,,P,T,,,2,0,2,4,-,0,2,-,2,8,,,0,.,6,1,1,2,2,3,,,1,,
N,Z,D,U,S,D,m,-,0,0,9,3,,,N,Z,D,U,S,D,m,,,S,H,O,R,T,,,2,0,2,4,-,0,3,-,0,4,,,0,.,6,1,0,2,,,0,.,0,6,9,7,0,8,,,0,.,6,0,4,8,4,1,,,0,.,6,1,5,5,5,9,,,S,L,,,2,0,2,4,-,0,3,-,0,7,,,0,.,6,1,5,5,5,9,,,-,1,,
N,Z,D,U,S,D,m,-,0,0,9,4,,,N,Z,D,U,S,D,m,,,S,H,O,R,T,,,2,0,2,4,-,0,3,-,1,0,,,0,.,6,1,5,7,9,,,0,.,0,7,2,0,5,8,,,0,.,6,1,0,2,,,0,.,6,2,1,3,8,,,P,T,,,2,0,2,4,-,0,3,-,1,5,,,0,.,6,1,0,2,,,1,,
N,Z,D,U,S,D,m,-,0,0,9,5,,,N,Z,D,U,S,D,m,,,L,O,N,G,,,2,0,2,4,-,0,3,-,1,5,,,0,.,6,1,2,2,8,,,0,.,0,7,1,0,3,2,,,0,.,6,1,7,7,5,9,,,0,.,6,0,6,8,0,1,,,S,L,,,2,0,2,4,-,0,3,-,1,9,,,0,.,6,0,6,8,0,1,,,-,1,,
N,Z,D,U,S,D,m,-,0,0,9,6,,,N,Z,D,U,S,D,m,,,L,O,N,G,,,2,0,2,4,-,0,3,-,2,1,,,0,.,6,0,8,8,9,,,0,.,0,7,4,2,1,9,,,0,.,6,1,4,5,8,4,,,0,.,6,0,3,1,9,6,,,S,L,,,2,0,2,4,-,0,3,-,2,2,,,0,.,6,0,3,1,9,6,,,-,1,,
N,Z,D,U,S,D,m,-,0,0,9,7,,,N,Z,D,U,S,D,m,,,S,H,O,R,T,,,2,0,2,4,-,0,3,-,2,7,,,0,.,6,0,0,6,1,,,0,.,0,7,4,5,7,2,,,0,.,5,9,4,9,6,7,,,0,.,6,0,6,2,5,3,,,P,T,,,2,0,2,4,-,0,4,-,0,1,,,0,.,5,9,4,9,6,7,,,1,,
N,Z,D,U,S,D,m,-,0,0,9,8,,,N,Z,D,U,S,D,m,,,S,H,O,R,T,,,2,0,2,4,-,0,4,-,0,2,,,0,.,5,9,5,0,8,,,0,.,0,7,3,7,5,7,,,0,.,5,8,9,5,5,,,0,.,6,0,0,6,1,,,S,L,,,2,0,2,4,-,0,4,-,0,3,,,0,.,6,0,0,6,1,,,-,1,,
N,Z,D,U,S,D,m,-,0,0,9,9,,,N,Z,D,U,S,D,m,,,S,H,O,R,T,,,2,0,2,4,-,0,4,-,0,8,,,0,.,6,0,0,2,8,,,0,.,0,7,4,3,5,2,,,0,.,5,9,4,6,5,7,,,0,.,6,0,5,9,0,3,,,S,L,,,2,0,2,4,-,0,4,-,0,9,,,0,.,6,0,5,9,0,3,,,-,1,,
N,Z,D,U,S,D,m,-,0,1,0,0,,,N,Z,D,U,S,D,m,,,S,H,O,R,T,,,2,0,2,4,-,0,4,-,1,4,,,0,.,5,9,2,7,7,,,0,.,0,7,9,8,9,2,,,0,.,5,8,6,8,0,4,,,0,.,5,9,8,7,3,6,,,P,T,,,2,0,2,4,-,0,4,-,1,6,,,0,.,5,8,6,8,0,4,,,1,,
N,Z,D,U,S,D,m,-,0,1,0,1,,,N,Z,D,U,S,D,m,,,S,H,O,R,T,,,2,0,2,4,-,0,4,-,1,9,,,0,.,5,9,0,1,,,0,.,0,7,8,4,2,6,,,0,.,5,8,4,2,6,9,,,0,.,5,9,5,9,3,1,,,S,L,,,2,0,2,4,-,0,4,-,2,5,,,0,.,5,9,5,9,3,1,,,-,1,,
N,Z,D,U,S,D,m,-,0,1,0,2,,,N,Z,D,U,S,D,m,,,S,H,O,R,T,,,2,0,2,4,-,0,5,-,1,3,,,0,.,6,0,1,6,,,0,.,0,8,2,2,5,8,,,0,.,5,9,5,3,6,5,,,0,.,6,0,7,8,3,5,,,S,L,,,2,0,2,4,-,0,5,-,1,5,,,0,.,6,0,7,8,3,5,,,-,1,,
N,Z,D,U,S,D,m,-,0,1,0,3,,,N,Z,D,U,S,D,m,,,S,H,O,R,T,,,2,0,2,4,-,0,5,-,2,4,,,0,.,6,0,9,4,9,,,0,.,0,8,3,1,1,,,0,.,6,0,3,1,0,8,,,0,.,6,1,5,8,7,2,,,S,L,,,2,0,2,4,-,0,5,-,2,8,,,0,.,6,1,5,8,7,2,,,-,1,,
N,Z,D,U,S,D,m,-,0,1,0,4,,,N,Z,D,U,S,D,m,,,S,H,O,R,T,,,2,0,2,4,-,0,5,-,3,0,,,0,.,6,1,1,2,,,0,.,0,8,1,2,1,,,0,.,6,0,4,9,4,6,,,0,.,6,1,7,4,5,4,,,S,L,,,2,0,2,4,-,0,6,-,0,3,,,0,.,6,1,7,4,5,4,,,-,1,,
N,Z,D,U,S,D,m,-,0,1,0,5,,,N,Z,D,U,S,D,m,,,S,H,O,R,T,,,2,0,2,4,-,0,6,-,0,5,,,0,.,6,1,7,3,5,,,0,.,0,8,0,7,2,1,,,0,.,6,1,1,0,7,2,,,0,.,6,2,3,6,2,8,,,P,T,,,2,0,2,4,-,0,6,-,0,7,,,0,.,6,1,1,0,7,2,,,1,,
N,Z,D,U,S,D,m,-,0,1,0,6,,,N,Z,D,U,S,D,m,,,L,O,N,G,,,2,0,2,4,-,0,6,-,1,1,,,0,.,6,1,2,7,6,,,0,.,0,8,6,0,7,4,,,0,.,6,1,9,4,0,5,,,0,.,6,0,6,1,1,5,,,P,T,,,2,0,2,4,-,0,6,-,1,2,,,0,.,6,1,9,4,0,5,,,1,,
N,Z,D,U,S,D,m,-,0,1,0,7,,,N,Z,D,U,S,D,m,,,L,O,N,G,,,2,0,2,4,-,0,6,-,1,7,,,0,.,6,1,3,5,4,,,0,.,0,8,5,9,0,5,,,0,.,6,2,0,1,8,,,0,.,6,0,6,9,,,S,L,,,2,0,2,4,-,0,6,-,2,7,,,0,.,6,0,6,9,,,-,1,,
N,Z,D,U,S,D,m,-,0,1,0,8,,,N,Z,D,U,S,D,m,,,L,O,N,G,,,2,0,2,4,-,0,6,-,2,3,,,0,.,6,1,0,8,5,,,0,.,0,7,5,6,2,6,,,0,.,6,1,6,6,7,,,0,.,6,0,5,0,3,,,S,L,,,2,0,2,4,-,0,7,-,0,2,,,0,.,6,0,5,0,3,,,-,1,,
N,Z,D,U,S,D,m,-,0,1,0,9,,,N,Z,D,U,S,D,m,,,L,O,N,G,,,2,0,2,4,-,0,6,-,2,8,,,0,.,6,0,8,3,,,0,.,0,7,4,4,1,8,,,0,.,6,1,4,0,0,3,,,0,.,6,0,2,5,9,7,,,P,T,,,2,0,2,4,-,0,7,-,0,5,,,0,.,6,1,4,0,0,3,,,1,,
N,Z,D,U,S,D,m,-,0,1,1,0,,,N,Z,D,U,S,D,m,,,L,O,N,G,,,2,0,2,4,-,0,7,-,0,4,,,0,.,6,1,0,6,4,,,0,.,0,7,5,3,5,3,,,0,.,6,1,6,4,3,7,,,0,.,6,0,4,8,4,3,,,S,L,,,2,0,2,4,-,0,7,-,1,6,,,0,.,6,0,4,8,4,3,,,-,1,,
N,Z,D,U,S,D,m,-,0,1,1,1,,,N,Z,D,U,S,D,m,,,L,O,N,G,,,2,0,2,4,-,0,7,-,1,0,,,0,.,6,1,2,5,9,,,0,.,0,6,5,6,6,9,,,0,.,6,1,7,6,5,8,,,0,.,6,0,7,5,2,2,,,S,L,,,2,0,2,4,-,0,7,-,1,5,,,0,.,6,0,7,5,2,2,,,-,1,,
N,Z,D,U,S,D,m,-,0,1,1,2,,,N,Z,D,U,S,D,m,,,S,H,O,R,T,,,2,0,2,4,-,0,7,-,2,8,,,0,.,5,8,8,4,6,,,0,.,0,6,3,3,4,,,0,.,5,8,3,7,6,4,,,0,.,5,9,3,1,5,6,,,S,L,,,2,0,2,4,-,0,7,-,3,1,,,0,.,5,9,3,1,5,6,,,-,1,,
N,Z,D,U,S,D,m,-,0,1,1,3,,,N,Z,D,U,S,D,m,,,S,H,O,R,T,,,2,0,2,4,-,1,0,-,1,7,,,0,.,6,0,5,7,3,,,0,.,0,9,9,2,5,2,,,0,.,5,9,8,1,5,6,,,0,.,6,1,3,3,0,4,,,P,T,,,2,0,2,4,-,1,0,-,2,5,,,0,.,5,9,8,1,5,6,,,1,,
N,Z,D,U,S,D,m,-,0,1,1,4,,,N,Z,D,U,S,D,m,,,S,H,O,R,T,,,2,0,2,4,-,1,0,-,2,9,,,0,.,5,9,8,7,9,,,0,.,0,8,9,1,5,1,,,0,.,5,9,2,0,6,4,,,0,.,6,0,5,5,1,6,,,P,T,,,2,0,2,4,-,1,1,-,0,6,,,0,.,5,9,2,0,6,4,,,1,,
N,Z,D,U,S,D,m,-,0,1,1,5,,,N,Z,D,U,S,D,m,,,S,H,O,R,T,,,2,0,2,4,-,1,1,-,0,4,,,0,.,5,9,8,5,2,,,0,.,0,8,3,3,6,5,,,0,.,5,9,2,2,3,4,,,0,.,6,0,4,8,0,6,,,P,T,,,2,0,2,4,-,1,1,-,0,6,,,0,.,5,9,2,2,3,4,,,1,,
N,Z,D,U,S,D,m,-,0,1,1,6,,,N,Z,D,U,S,D,m,,,S,H,O,R,T,,,2,0,2,5,-,0,1,-,1,3,,,0,.,5,5,6,2,5,,,0,.,0,9,4,3,3,4,,,0,.,5,4,9,6,3,9,,,0,.,5,6,2,8,6,1,,,S,L,,,2,0,2,5,-,0,1,-,1,4,,,0,.,5,6,2,8,6,1,,,-,1,,
N,Z,D,U,S,D,m,-,0,1,1,7,,,N,Z,D,U,S,D,m,,,S,H,O,R,T,,,2,0,2,5,-,0,1,-,1,9,,,0,.,5,5,7,8,2,,,0,.,0,8,4,9,5,5,,,0,.,5,5,1,8,4,9,,,0,.,5,6,3,7,9,1,,,S,L,,,2,0,2,5,-,0,1,-,2,0,,,0,.,5,6,3,7,9,1,,,-,1,,
N,Z,D,U,S,D,m,-,0,1,1,8,,,N,Z,D,U,S,D,m,,,S,H,O,R,T,,,2,0,2,5,-,0,1,-,2,4,,,0,.,5,6,7,4,1,,,0,.,0,8,9,8,2,5,,,0,.,5,6,0,9,8,9,,,0,.,5,7,3,8,3,1,,,P,T,,,2,0,2,5,-,0,2,-,0,2,,,0,.,5,6,0,9,8,9,,,1,,
N,Z,D,U,S,D,m,-,0,1,1,9,,,N,Z,D,U,S,D,m,,,S,H,O,R,T,,,2,0,2,5,-,0,1,-,3,0,,,0,.,5,6,6,4,5,,,0,.,0,8,9,1,3,1,,,0,.,5,6,0,0,8,9,,,0,.,5,7,2,8,1,1,,,P,T,,,2,0,2,5,-,0,2,-,0,2,,,0,.,5,6,0,0,8,9,,,1,,
N,Z,D,U,S,D,m,-,0,1,2,0,,,N,Z,D,U,S,D,m,,,S,H,O,R,T,,,2,0,2,5,-,0,3,-,2,4,,,0,.,5,7,4,3,7,,,0,.,0,9,3,0,7,4,,,0,.,5,6,7,6,3,5,,,0,.,5,8,1,1,0,5,,,P,T,,,2,0,2,5,-,0,3,-,3,1,,,0,.,5,6,7,6,3,5,,,1,,
N,Z,D,U,S,D,m,-,0,1,2,1,,,N,Z,D,U,S,D,m,,,S,H,O,R,T,,,2,0,2,5,-,0,3,-,3,0,,,0,.,5,7,0,7,8,,,0,.,0,9,2,7,0,2,,,0,.,5,6,4,1,1,4,,,0,.,5,7,7,4,4,6,,,S,L,,,2,0,2,5,-,0,4,-,0,2,,,0,.,5,7,7,4,4,6,,,-,1,,
N,Z,D,U,S,D,m,-,0,1,2,2,,,N,Z,D,U,S,D,m,,,S,H,O,R,T,,,2,0,2,5,-,0,6,-,2,5,,,0,.,6,0,1,0,3,,,0,.,0,8,9,9,5,1,,,0,.,5,9,4,2,1,9,,,0,.,6,0,7,8,4,1,,,S,L,,,2,0,2,5,-,0,6,-,3,0,,,0,.,6,0,7,8,4,1,,,-,1,,
N,Z,D,U,S,D,m,-,0,1,2,3,,,N,Z,D,U,S,D,m,,,S,H,O,R,T,,,2,0,2,5,-,0,7,-,0,1,,,0,.,6,0,9,0,3,,,0,.,0,8,6,8,3,,,0,.,6,0,2,3,6,8,,,0,.,6,1,5,6,9,2,,,P,T,,,2,0,2,5,-,0,7,-,0,7,,,0,.,6,0,2,3,6,8,,,1,,
N,Z,D,U,S,D,m,-,0,1,2,4,,,N,Z,D,U,S,D,m,,,S,H,O,R,T,,,2,0,2,5,-,0,7,-,0,7,,,0,.,6,0,4,8,9,,,0,.,0,8,5,5,4,4,,,0,.,5,9,8,3,7,1,,,0,.,6,1,1,4,0,9,,,P,T,,,2,0,2,5,-,0,7,-,0,8,,,0,.,5,9,8,3,7,1,,,1,,
N,Z,D,U,S,D,m,-,0,1,2,5,,,N,Z,D,U,S,D,m,,,S,H,O,R,T,,,2,0,2,5,-,0,7,-,1,3,,,0,.,6,0,0,0,2,,,0,.,0,8,7,0,1,1,,,0,.,5,9,3,4,4,2,,,0,.,6,0,6,5,9,8,,,P,T,,,2,0,2,5,-,0,7,-,1,6,,,0,.,5,9,3,4,4,2,,,1,,
N,Z,D,U,S,D,m,-,0,1,2,6,,,N,Z,D,U,S,D,m,,,S,H,O,R,T,,,2,0,2,5,-,0,7,-,1,8,,,0,.,5,9,4,2,5,,,0,.,0,8,1,1,4,1,,,0,.,5,8,8,1,7,5,,,0,.,6,0,0,3,2,5,,,S,L,,,2,0,2,5,-,0,7,-,2,2,,,0,.,6,0,0,3,2,5,,,-,1,,
N,Z,D,U,S,D,m,-,0,1,2,7,,,N,Z,D,U,S,D,m,,,L,O,N,G,,,2,0,2,5,-,0,7,-,3,0,,,0,.,5,9,5,3,6,,,0,.,0,7,6,1,0,1,,,0,.,6,0,1,0,6,8,,,0,.,5,8,9,6,5,2,,,S,L,,,2,0,2,5,-,0,7,-,3,1,,,0,.,5,8,9,6,5,2,,,-,1,,
N,Z,D,U,S,D,m,-,0,1,2,8,,,N,Z,D,U,S,D,m,,,L,O,N,G,,,2,0,2,5,-,0,8,-,2,2,,,0,.,5,8,2,0,4,,,0,.,0,6,7,8,2,6,,,0,.,5,8,7,0,1,4,,,0,.,5,7,7,0,6,6,,,P,T,,,2,0,2,5,-,0,8,-,2,5,,,0,.,5,8,7,0,1,4,,,1,,
N,Z,D,U,S,D,m,-,0,1,2,9,,,N,Z,D,U,S,D,m,,,L,O,N,G,,,2,0,2,5,-,0,9,-,0,3,,,0,.,5,8,6,0,2,,,0,.,0,6,5,9,2,,,0,.,5,9,0,8,8,7,,,0,.,5,8,1,1,5,3,,,P,T,,,2,0,2,5,-,0,9,-,0,5,,,0,.,5,9,0,8,8,7,,,1,,
N,Z,D,U,S,D,m,-,0,1,3,0,,,N,Z,D,U,S,D,m,,,L,O,N,G,,,2,0,2,5,-,0,9,-,0,9,,,0,.,5,9,4,4,,,0,.,0,7,1,1,9,,,0,.,5,9,9,7,3,1,,,0,.,5,8,9,0,6,9,,,P,T,,,2,0,2,5,-,0,9,-,1,7,,,0,.,5,9,9,7,3,1,,,1,,
N,Z,D,U,S,D,m,-,0,1,3,1,,,N,Z,D,U,S,D,m,,,L,O,N,G,,,2,0,2,5,-,0,9,-,1,5,,,0,.,5,9,5,3,1,,,0,.,0,7,1,3,3,1,,,0,.,6,0,0,6,6,,,0,.,5,8,9,9,6,,,S,L,,,2,0,2,5,-,0,9,-,1,8,,,0,.,5,8,9,9,6,,,-,1,,
N,Z,D,U,S,D,m,-,0,1,3,2,,,N,Z,D,U,S,D,m,,,S,H,O,R,T,,,2,0,2,5,-,1,1,-,3,0,,,0,.,5,7,2,4,1,,,0,.,0,6,3,9,8,9,,,0,.,5,6,7,7,9,5,,,0,.,5,7,7,0,2,5,,,S,L,,,2,0,2,5,-,1,2,-,0,3,,,0,.,5,7,7,0,2,5,,,-,1,,
N,Z,D,U,S,D,m,-,0,1,3,3,,,N,Z,D,U,S,D,m,,,S,H,O,R,T,,,2,0,2,5,-,1,2,-,0,5,,,0,.,5,7,5,8,1,,,0,.,0,6,0,7,7,5,,,0,.,5,7,1,4,0,1,,,0,.,5,8,0,2,1,9,,,S,L,,,2,0,2,5,-,1,2,-,1,0,,,0,.,5,8,0,2,1,9,,,-,1,,
N,Z,D,U,S,D,m,-,0,1,3,4,,,N,Z,D,U,S,D,m,,,S,H,O,R,T,,,2,0,2,5,-,1,2,-,1,1,,,0,.,5,8,1,5,3,,,0,.,0,6,1,6,0,9,,,0,.,5,7,7,0,1,6,,,0,.,5,8,6,0,4,4,,,P,T,,,2,0,2,5,-,1,2,-,1,5,,,0,.,5,7,7,0,1,6,,,1,,
N,Z,D,U,S,D,m,-,0,1,3,5,,,N,Z,D,U,S,D,m,,,S,H,O,R,T,,,2,0,2,5,-,1,2,-,1,7,,,0,.,5,7,8,3,1,,,0,.,0,5,9,2,5,7,,,0,.,5,7,3,9,9,3,,,0,.,5,8,2,6,2,7,,,P,T,,,2,0,2,5,-,1,2,-,1,9,,,0,.,5,7,3,9,9,3,,,1,,
N,Z,D,U,S,D,m,-,0,1,3,6,,,N,Z,D,U,S,D,m,,,S,H,O,R,T,,,2,0,2,5,-,1,2,-,2,3,,,0,.,5,7,9,4,8,,,0,.,0,5,9,3,0,2,,,0,.,5,7,5,1,5,,,0,.,5,8,3,8,1,,,S,L,,,2,0,2,5,-,1,2,-,2,4,,,0,.,5,8,3,8,1,,,-,1,,
N,Z,D,U,S,D,m,-,0,1,3,7,,,N,Z,D,U,S,D,m,,,S,H,O,R,T,,,2,0,2,5,-,1,2,-,2,9,,,0,.,5,8,2,5,2,,,0,.,0,6,1,5,6,,,0,.,5,7,8,0,0,2,,,0,.,5,8,7,0,3,8,,,P,T,,,2,0,2,5,-,1,2,-,3,1,,,0,.,5,7,8,0,0,2,,,1,,
N,Z,D,U,S,D,m,-,0,1,3,8,,,N,Z,D,U,S,D,m,,,S,H,O,R,T,,,2,0,2,6,-,0,1,-,0,4,,,0,.,5,7,5,6,8,,,0,.,0,6,3,1,2,9,,,0,.,5,7,1,1,0,1,,,0,.,5,8,0,2,5,9,,,S,L,,,2,0,2,6,-,0,1,-,0,6,,,0,.,5,8,0,2,5,9,,,-,1,,
N,Z,D,U,S,D,m,-,0,1,3,9,,,N,Z,D,U,S,D,m,,,S,H,O,R,T,,,2,0,2,6,-,0,1,-,0,9,,,0,.,5,7,4,9,,,0,.,0,6,3,5,5,3,,,0,.,5,7,0,2,9,7,,,0,.,5,7,9,5,0,3,,,S,L,,,2,0,2,6,-,0,1,-,1,9,,,0,.,5,7,9,5,0,3,,,-,1,,
N,Z,D,U,S,D,m,-,0,1,4,0,,,N,Z,D,U,S,D,m,,,S,H,O,R,T,,,2,0,2,6,-,0,1,-,1,5,,,0,.,5,7,4,2,,,0,.,0,6,0,8,2,,,0,.,5,6,9,8,,,0,.,5,7,8,6,,,S,L,,,2,0,2,6,-,0,1,-,1,9,,,0,.,5,7,8,6,,,-,1,,
N,Z,D,U,S,D,m,-,0,1,4,1,,,N,Z,D,U,S,D,m,,,S,H,O,R,T,,,2,0,2,6,-,0,1,-,2,1,,,0,.,5,8,2,5,7,,,0,.,0,6,2,1,7,3,,,0,.,5,7,8,0,0,7,,,0,.,5,8,7,1,3,3,,,S,L,,,2,0,2,6,-,0,1,-,2,2,,,0,.,5,8,7,1,3,3,,,-,1,,
N,Z,D,U,S,D,m,-,0,1,4,2,,,N,Z,D,U,S,D,m,,,S,H,O,R,T,,,2,0,2,6,-,0,5,-,2,4,,,0,.,5,8,5,0,9,,,0,.,0,9,6,1,8,,,0,.,5,7,8,,,0,.,5,9,2,1,8,,,S,L,,,2,0,2,6,-,0,5,-,2,8,,,0,.,5,9,2,1,8,,,-,1,,
N,Z,D,U,S,D,m,-,0,1,4,3,,,N,Z,D,U,S,D,m,,,S,H,O,R,T,,,2,0,2,6,-,0,5,-,2,9,,,0,.,5,9,4,4,1,,,0,.,0,9,0,7,7,3,,,0,.,5,8,7,6,1,2,,,0,.,6,0,1,2,0,8,,,P,T,,,2,0,2,6,-,0,6,-,0,3,,,0,.,5,8,7,6,1,2,,,1,,
N,Z,D,U,S,D,m,-,0,1,4,4,,,N,Z,D,U,S,D,m,,,L,O,N,G,,,2,0,2,6,-,0,6,-,1,0,,,0,.,5,8,0,7,6,,,0,.,0,9,4,9,2,9,,,0,.,5,8,7,7,0,6,,,0,.,5,7,3,8,1,4,,,S,L,,,2,0,2,6,-,0,6,-,1,9,,,0,.,5,7,3,8,1,4,,,-,1,,
N,Z,D,U,S,D,m,-,0,1,4,5,,,N,Z,D,U,S,D,m,,,S,H,O,R,T,,,2,0,2,6,-,0,7,-,0,3,,,0,.,5,6,9,1,4,,,0,.,0,8,3,8,5,,,0,.,5,6,3,1,2,8,,,0,.,5,7,5,1,5,2,,,S,L,,,2,0,2,6,-,0,7,-,0,9,,,0,.,5,7,5,1,5,2,,,-,1,,
N,Z,D,U,S,D,m,-,0,1,4,6,,,N,Z,D,U,S,D,m,,,S,H,O,R,T,,,2,0,2,6,-,0,7,-,0,9,,,0,.,5,7,1,4,2,,,0,.,0,7,8,9,1,9,,,0,.,5,6,5,7,3,8,,,0,.,5,7,7,1,0,2,,,S,L,,,2,0,2,6,-,0,7,-,1,0,,,0,.,5,7,7,1,0,2,,,-,1,,
N,Z,D,U,S,D,m,-,0,1,4,7,,,N,Z,D,U,S,D,m,,,S,H,O,R,T,,,2,0,2,6,-,0,7,-,1,5,,,0,.,5,8,1,2,,,0,.,0,7,9,1,8,1,,,0,.,5,7,5,4,0,2,,,0,.,5,8,6,9,9,8,,,S,L,,,2,0,2,6,-,0,7,-,2,1,,,0,.,5,8,6,9,9,8,,,-,1,,
N,Z,D,U,S,D,m,-,0,1,4,8,,,N,Z,D,U,S,D,m,,,S,H,O,R,T,,,2,0,2,6,-,0,7,-,2,1,,,0,.,5,8,5,1,2,,,0,.,0,7,9,1,6,4,,,0,.,5,7,9,2,8,4,,,0,.,5,9,0,9,5,6,,,P,T,,,2,0,2,6,-,0,7,-,2,3,,,0,.,5,7,9,2,8,4,,,1,,
N,Z,D,U,S,D,m,-,0,1,4,9,,,N,Z,D,U,S,D,m,,,S,H,O,R,T,,,2,0,2,6,-,0,7,-,2,7,,,0,.,5,7,9,7,2,,,0,.,0,7,5,7,4,2,,,0,.,5,7,4,1,8,8,,,0,.,5,8,5,2,5,2,,,S,L,,,2,0,2,6,-,0,7,-,3,0,,,0,.,5,8,5,2,5,2,,,-,1,,
N,Z,D,U,S,D,m,-,0,1,5,0,,,N,Z,D,U,S,D,m,,,S,H,O,R,T,,,2,0,2,6,-,0,8,-,0,2,,,0,.,5,8,9,3,2,,,0,.,0,7,8,0,7,,,0,.,5,8,3,5,2,4,,,0,.,5,9,5,1,1,6,,,P,T,,,2,0,2,6,-,0,8,-,1,3,,,0,.,5,8,3,5,2,4,,,1,,
U,S,D,C,A,D,m,-,0,0,0,0,,,U,S,D,C,A,D,m,,,L,O,N,G,,,2,0,2,0,-,1,0,-,2,7,,,1,.,3,2,0,5,2,,,0,.,0,5,6,7,7,9,,,1,.,3,2,9,9,6,6,,,1,.,3,1,1,0,7,4,,,P,T,,,2,0,2,0,-,1,0,-,2,8,,,1,.,3,2,9,9,6,6,,,1,,
U,S,D,C,A,D,m,-,0,0,0,1,,,U,S,D,C,A,D,m,,,L,O,N,G,,,2,0,2,0,-,1,1,-,0,2,,,1,.,3,3,6,7,8,,,0,.,0,5,9,0,5,2,,,1,.,3,4,6,7,2,5,,,1,.,3,2,6,8,3,5,,,S,L,,,2,0,2,0,-,1,1,-,0,3,,,1,.,3,2,6,8,3,5,,,-,1,,
U,S,D,C,A,D,m,-,0,0,0,2,,,U,S,D,C,A,D,m,,,L,O,N,G,,,2,0,2,0,-,1,1,-,0,8,,,1,.,3,0,4,7,8,,,0,.,0,6,5,8,4,8,,,1,.,3,1,5,6,0,4,,,1,.,2,9,3,9,5,6,,,S,L,,,2,0,2,0,-,1,1,-,0,9,,,1,.,2,9,3,9,5,6,,,-,1,,
U,S,D,C,A,D,m,-,0,0,0,3,,,U,S,D,C,A,D,m,,,S,H,O,R,T,,,2,0,2,0,-,1,2,-,0,1,,,1,.,2,9,9,0,6,,,0,.,0,5,7,2,2,5,,,1,.,2,8,9,6,9,4,,,1,.,3,0,8,4,2,6,,,P,T,,,2,0,2,0,-,1,2,-,0,3,,,1,.,2,8,9,6,9,4,,,1,,
U,S,D,C,A,D,m,-,0,0,0,4,,,U,S,D,C,A,D,m,,,S,H,O,R,T,,,2,0,2,0,-,1,2,-,0,7,,,1,.,2,7,8,1,,,0,.,0,5,6,8,1,8,,,1,.,2,6,8,9,5,1,,,1,.,2,8,7,2,4,9,,,P,T,,,2,0,2,0,-,1,2,-,1,5,,,1,.,2,6,8,9,5,1,,,1,,
U,S,D,C,A,D,m,-,0,0,0,5,,,U,S,D,C,A,D,m,,,S,H,O,R,T,,,2,0,2,0,-,1,2,-,1,3,,,1,.,2,7,5,0,8,,,0,.,0,5,7,5,2,4,,,1,.,2,6,5,8,3,9,,,1,.,2,8,4,3,2,1,,,S,L,,,2,0,2,0,-,1,2,-,2,1,,,1,.,2,8,4,3,2,1,,,-,1,,
U,S,D,C,A,D,m,-,0,0,0,6,,,U,S,D,C,A,D,m,,,S,H,O,R,T,,,2,0,2,0,-,1,2,-,1,8,,,1,.,2,7,3,1,4,,,0,.,0,5,5,4,1,8,,,1,.,2,6,4,2,5,1,,,1,.,2,8,2,0,2,9,,,S,L,,,2,0,2,0,-,1,2,-,2,1,,,1,.,2,8,2,0,2,9,,,-,1,,
U,S,D,C,A,D,m,-,0,0,0,7,,,U,S,D,C,A,D,m,,,S,H,O,R,T,,,2,0,2,0,-,1,2,-,2,4,,,1,.,2,8,4,2,5,,,0,.,0,5,5,9,2,5,,,1,.,2,7,5,2,0,1,,,1,.,2,9,3,2,9,9,,,P,T,,,2,0,2,0,-,1,2,-,3,0,,,1,.,2,7,5,2,0,1,,,1,,
U,S,D,C,A,D,m,-,0,0,0,8,,,U,S,D,C,A,D,m,,,S,H,O,R,T,,,2,0,2,0,-,1,2,-,3,1,,,1,.,2,7,5,0,8,,,0,.,0,5,5,6,4,5,,,1,.,2,6,6,1,4,1,,,1,.,2,8,4,0,1,9,,,P,T,,,2,0,2,1,-,0,1,-,0,5,,,1,.,2,6,6,1,4,1,,,1,,
U,S,D,C,A,D,m,-,0,0,0,9,,,U,S,D,C,A,D,m,,,S,H,O,R,T,,,2,0,2,1,-,0,1,-,0,7,,,1,.,2,6,6,4,3,,,0,.,0,5,7,7,0,1,,,1,.,2,5,7,2,2,4,,,1,.,2,7,5,6,3,6,,,S,L,,,2,0,2,1,-,0,1,-,1,1,,,1,.,2,7,5,6,3,6,,,-,1,,
U,S,D,C,A,D,m,-,0,0,1,0,,,U,S,D,C,A,D,m,,,S,H,O,R,T,,,2,0,2,1,-,0,1,-,1,3,,,1,.,2,7,0,6,6,,,0,.,0,5,1,1,6,,,1,.,2,6,2,4,7,,,1,.,2,7,8,8,5,,,P,T,,,2,0,2,1,-,0,1,-,1,4,,,1,.,2,6,2,4,7,,,1,,
U,S,D,C,A,D,m,-,0,0,1,1,,,U,S,D,C,A,D,m,,,S,H,O,R,T,,,2,0,2,1,-,0,1,-,1,9,,,1,.,2,7,4,8,4,,,0,.,0,5,0,7,8,9,,,1,.,2,6,6,6,8,3,,,1,.,2,8,2,9,9,7,,,P,T,,,2,0,2,1,-,0,1,-,2,0,,,1,.,2,6,6,6,8,3,,,1,,
U,S,D,C,A,D,m,-,0,0,1,2,,,U,S,D,C,A,D,m,,,S,H,O,R,T,,,2,0,2,1,-,0,1,-,2,5,,,1,.,2,7,2,5,8,,,0,.,0,5,3,0,1,7,,,1,.,2,6,4,0,8,,,1,.,2,8,1,0,8,,,S,L,,,2,0,2,1,-,0,1,-,2,7,,,1,.,2,8,1,0,8,,,-,1,,
U,S,D,C,A,D,m,-,0,0,1,3,,,U,S,D,C,A,D,m,,,S,H,O,R,T,,,2,0,2,1,-,0,1,-,3,1,,,1,.,2,7,8,5,4,,,0,.,0,5,7,5,5,1,,,1,.,2,6,9,2,7,,,1,.,2,8,7,8,1,,,P,T,,,2,0,2,1,-,0,2,-,0,9,,,1,.,2,6,9,2,7,,,1,,
U,S,D,C,A,D,m,-,0,0,1,4,,,U,S,D,C,A,D,m,,,S,H,O,R,T,,,2,0,2,1,-,0,2,-,0,5,,,1,.,2,8,2,4,5,,,0,.,0,5,8,3,2,1,,,1,.,2,7,3,0,2,7,,,1,.,2,9,1,8,7,3,,,P,T,,,2,0,2,1,-,0,2,-,0,9,,,1,.,2,7,3,0,2,7,,,1,,
U,S,D,C,A,D,m,-,0,0,1,5,,,U,S,D,C,A,D,m,,,S,H,O,R,T,,,2,0,2,1,-,0,2,-,1,1,,,1,.,2,6,9,6,4,,,0,.,0,5,8,7,4,7,,,1,.,2,6,0,2,4,3,,,1,.,2,7,9,0,3,7,,,P,T,,,2,0,2,1,-,0,2,-,1,9,,,1,.,2,6,0,2,4,3,,,1,,
U,S,D,C,A,D,m,-,0,0,1,6,,,U,S,D,C,A,D,m,,,S,H,O,R,T,,,2,0,2,1,-,0,2,-,1,7,,,1,.,2,7,1,1,3,,,0,.,0,5,8,7,4,2,,,1,.,2,6,1,7,2,3,,,1,.,2,8,0,5,3,7,,,P,T,,,2,0,2,1,-,0,2,-,1,9,,,1,.,2,6,1,7,2,3,,,1,,
U,S,D,C,A,D,m,-,0,0,1,7,,,U,S,D,C,A,D,m,,,S,H,O,R,T,,,2,0,2,1,-,0,2,-,2,3,,,1,.,2,6,1,0,3,,,0,.,0,5,7,8,4,2,,,1,.,2,5,1,8,4,,,1,.,2,7,0,2,2,,,P,T,,,2,0,2,1,-,0,2,-,2,4,,,1,.,2,5,1,8,4,,,1,,
U,S,D,C,A,D,m,-,0,0,1,8,,,U,S,D,C,A,D,m,,,S,H,O,R,T,,,2,0,2,1,-,0,3,-,2,4,,,1,.,2,5,8,7,9,,,0,.,0,6,4,6,2,7,,,1,.,2,4,8,5,4,1,,,1,.,2,6,9,0,3,9,,,V,E,R,T,I,C,A,L,,,2,0,2,1,-,0,4,-,0,5,,,1,.,2,5,1,9,5,,,1,,
U,S,D,C,A,D,m,-,0,0,1,9,,,U,S,D,C,A,D,m,,,S,H,O,R,T,,,2,0,2,1,-,0,3,-,3,0,,,1,.,2,5,8,9,8,,,0,.,0,6,2,2,4,5,,,1,.,2,4,9,1,0,7,,,1,.,2,6,8,8,5,3,,,V,E,R,T,I,C,A,L,,,2,0,2,1,-,0,4,-,1,1,,,1,.,2,5,3,3,1,,,1,,
U,S,D,C,A,D,m,-,0,0,2,0,,,U,S,D,C,A,D,m,,,S,H,O,R,T,,,2,0,2,1,-,0,4,-,0,5,,,1,.,2,5,6,4,1,,,0,.,0,5,9,6,6,6,,,1,.,2,4,6,9,6,5,,,1,.,2,6,5,8,5,5,,,V,E,R,T,I,C,A,L,,,2,0,2,1,-,0,4,-,1,6,,,1,.,2,5,0,6,7,,,1,,
U,S,D,C,A,D,m,-,0,0,2,1,,,U,S,D,C,A,D,m,,,S,H,O,R,T,,,2,0,2,1,-,0,4,-,1,1,,,1,.,2,5,3,4,7,,,0,.,0,5,6,9,3,8,,,1,.,2,4,4,4,7,8,,,1,.,2,6,2,4,6,2,,,S,L,,,2,0,2,1,-,0,4,-,1,3,,,1,.,2,6,2,4,6,2,,,-,1,,
U,S,D,C,A,D,m,-,0,0,2,2,,,U,S,D,C,A,D,m,,,S,H,O,R,T,,,2,0,2,1,-,0,4,-,1,6,,,1,.,2,5,4,5,1,,,0,.,0,5,4,7,0,4,,,1,.,2,4,5,8,6,4,,,1,.,2,6,3,1,5,6,,,S,L,,,2,0,2,1,-,0,4,-,2,1,,,1,.,2,6,3,1,5,6,,,-,1,,
U,S,D,C,A,D,m,-,0,0,2,3,,,U,S,D,C,A,D,m,,,S,H,O,R,T,,,2,0,2,1,-,0,4,-,2,2,,,1,.,2,5,0,3,5,,,0,.,0,5,9,3,0,6,,,1,.,2,4,1,0,0,8,,,1,.,2,5,9,6,9,2,,,P,T,,,2,0,2,1,-,0,4,-,2,6,,,1,.,2,4,1,0,0,8,,,1,,
U,S,D,C,A,D,m,-,0,0,2,4,,,U,S,D,C,A,D,m,,,S,H,O,R,T,,,2,0,2,1,-,0,4,-,2,8,,,1,.,2,4,0,6,3,,,0,.,0,5,9,3,9,3,,,1,.,2,3,1,3,4,7,,,1,.,2,4,9,9,1,3,,,P,T,,,2,0,2,1,-,0,4,-,2,9,,,1,.,2,3,1,3,4,7,,,1,,
U,S,D,C,A,D,m,-,0,0,2,5,,,U,S,D,C,A,D,m,,,S,H,O,R,T,,,2,0,2,1,-,0,5,-,0,4,,,1,.,2,2,8,0,1,,,0,.,0,6,0,9,7,8,,,1,.,2,1,8,5,7,6,,,1,.,2,3,7,4,4,4,,,P,T,,,2,0,2,1,-,0,5,-,0,6,,,1,.,2,1,8,5,7,6,,,1,,
U,S,D,C,A,D,m,-,0,0,2,6,,,U,S,D,C,A,D,m,,,S,H,O,R,T,,,2,0,2,1,-,0,5,-,1,0,,,1,.,2,1,1,6,,,0,.,0,5,5,0,5,1,,,1,.,2,0,3,1,9,7,,,1,.,2,2,0,0,0,3,,,S,L,,,2,0,2,1,-,0,5,-,1,3,,,1,.,2,2,0,0,0,3,,,-,1,,
U,S,D,C,A,D,m,-,0,0,2,7,,,U,S,D,C,A,D,m,,,S,H,O,R,T,,,2,0,2,1,-,0,5,-,1,6,,,1,.,2,1,0,5,2,,,0,.,0,5,6,5,6,1,,,1,.,2,0,1,8,9,4,,,1,.,2,1,9,1,4,6,,,P,T,,,2,0,2,1,-,0,5,-,1,8,,,1,.,2,0,1,8,9,4,,,1,,
U,S,D,C,A,D,m,-,0,0,2,8,,,U,S,D,C,A,D,m,,,S,H,O,R,T,,,2,0,2,1,-,0,5,-,2,1,,,1,.,2,0,6,2,9,,,0,.,0,5,6,9,2,1,,,1,.,1,9,7,6,3,9,,,1,.,2,1,4,9,4,1,,,V,E,R,T,I,C,A,L,,,2,0,2,1,-,0,6,-,0,2,,,1,.,2,0,3,9,6,,,1,,
U,S,D,C,A,D,m,-,0,0,2,9,,,U,S,D,C,A,D,m,,,S,H,O,R,T,,,2,0,2,1,-,0,5,-,2,7,,,1,.,2,1,2,9,9,,,0,.,0,5,4,3,9,5,,,1,.,2,0,4,6,7,7,,,1,.,2,2,1,3,0,3,,,P,T,,,2,0,2,1,-,0,5,-,3,1,,,1,.,2,0,4,6,7,7,,,1,,
U,S,D,C,A,D,m,-,0,0,3,0,,,U,S,D,C,A,D,m,,,S,H,O,R,T,,,2,0,2,1,-,0,6,-,0,2,,,1,.,2,0,7,0,5,,,0,.,0,5,3,5,7,9,,,1,.,1,9,8,9,0,2,,,1,.,2,1,5,1,9,8,,,S,L,,,2,0,2,1,-,0,6,-,1,1,,,1,.,2,1,5,1,9,8,,,-,1,,
U,S,D,C,A,D,m,-,0,0,3,1,,,U,S,D,C,A,D,m,,,S,H,O,R,T,,,2,0,2,1,-,0,6,-,0,8,,,1,.,2,0,8,6,4,,,0,.,0,5,4,6,1,3,,,1,.,2,0,0,3,2,4,,,1,.,2,1,6,9,5,6,,,S,L,,,2,0,2,1,-,0,6,-,1,1,,,1,.,2,1,6,9,5,6,,,-,1,,
U,S,D,C,A,D,m,-,0,0,3,2,,,U,S,D,C,A,D,m,,,S,H,O,R,T,,,2,0,2,1,-,0,6,-,1,4,,,1,.,2,1,5,9,7,,,0,.,0,5,5,0,5,7,,,1,.,2,0,7,5,3,5,,,1,.,2,2,4,4,0,5,,,S,L,,,2,0,2,1,-,0,6,-,1,6,,,1,.,2,2,4,4,0,5,,,-,1,,
U,S,D,C,A,D,m,-,0,0,3,3,,,U,S,D,C,A,D,m,,,S,H,O,R,T,,,2,0,2,1,-,0,6,-,2,0,,,1,.,2,4,6,4,7,,,0,.,0,6,1,1,1,6,,,1,.,2,3,6,8,7,2,,,1,.,2,5,6,0,6,8,,,P,T,,,2,0,2,1,-,0,6,-,2,1,,,1,.,2,3,6,8,7,2,,,1,,
U,S,D,C,A,D,m,-,0,0,3,4,,,U,S,D,C,A,D,m,,,S,H,O,R,T,,,2,0,2,1,-,0,7,-,0,1,,,1,.,2,3,9,3,7,,,0,.,0,5,9,6,9,4,,,1,.,2,3,0,0,4,9,,,1,.,2,4,8,6,9,1,,,S,L,,,2,0,2,1,-,0,7,-,0,6,,,1,.,2,4,8,6,9,1,,,-,1,,
U,S,D,C,A,D,m,-,0,0,3,5,,,U,S,D,C,A,D,m,,,S,H,O,R,T,,,2,0,2,1,-,0,7,-,0,7,,,1,.,2,4,5,7,9,,,0,.,0,6,1,8,1,1,,,1,.,2,3,6,0,8,9,,,1,.,2,5,5,4,9,1,,,S,L,,,2,0,2,1,-,0,7,-,0,8,,,1,.,2,5,5,4,9,1,,,-,1,,
U,S,D,C,A,D,m,-,0,0,3,6,,,U,S,D,C,A,D,m,,,S,H,O,R,T,,,2,0,2,1,-,0,7,-,1,3,,,1,.,2,4,5,5,9,,,0,.,0,6,3,8,3,1,,,1,.,2,3,5,5,7,3,,,1,.,2,5,5,6,0,7,,,S,L,,,2,0,2,1,-,0,7,-,1,5,,,1,.,2,5,5,6,0,7,,,-,1,,
U,S,D,C,A,D,m,-,0,0,3,7,,,U,S,D,C,A,D,m,,,S,H,O,R,T,,,2,0,2,1,-,0,7,-,1,9,,,1,.,2,6,1,7,2,,,0,.,0,6,1,6,8,7,,,1,.,2,5,1,9,1,4,,,1,.,2,7,1,5,2,6,,,S,L,,,2,0,2,1,-,0,7,-,2,0,,,1,.,2,7,1,5,2,6,,,-,1,,
U,S,D,C,A,D,m,-,0,0,3,8,,,U,S,D,C,A,D,m,,,S,H,O,R,T,,,2,0,2,1,-,0,7,-,2,5,,,1,.,2,5,5,7,7,,,0,.,0,6,7,2,6,4,,,1,.,2,4,5,1,2,8,,,1,.,2,6,6,4,1,2,,,P,T,,,2,0,2,1,-,0,7,-,2,9,,,1,.,2,4,5,1,2,8,,,1,,
U,S,D,C,A,D,m,-,0,0,3,9,,,U,S,D,C,A,D,m,,,S,H,O,R,T,,,2,0,2,1,-,0,7,-,3,0,,,1,.,2,4,4,9,2,,,0,.,0,6,7,7,5,4,,,1,.,2,3,4,2,9,3,,,1,.,2,5,5,5,4,7,,,S,L,,,2,0,2,1,-,0,8,-,0,3,,,1,.,2,5,5,5,4,7,,,-,1,,
U,S,D,C,A,D,m,-,0,0,4,0,,,U,S,D,C,A,D,m,,,S,H,O,R,T,,,2,0,2,1,-,0,8,-,0,5,,,1,.,2,5,4,4,1,,,0,.,0,6,6,1,6,5,,,1,.,2,4,3,9,5,3,,,1,.,2,6,4,8,6,7,,,V,E,R,T,I,C,A,L,,,2,0,2,1,-,0,8,-,1,7,,,1,.,2,6,2,6,3,,,-,1,,
U,S,D,C,A,D,m,-,0,0,4,1,,,U,S,D,C,A,D,m,,,S,H,O,R,T,,,2,0,2,1,-,0,8,-,1,1,,,1,.,2,5,1,9,2,,,0,.,0,6,7,4,8,8,,,1,.,2,4,1,2,7,5,,,1,.,2,6,2,5,6,5,,,S,L,,,2,0,2,1,-,0,8,-,1,7,,,1,.,2,6,2,5,6,5,,,-,1,,
U,S,D,C,A,D,m,-,0,0,4,2,,,U,S,D,C,A,D,m,,,S,H,O,R,T,,,2,0,2,1,-,0,8,-,1,7,,,1,.,2,5,7,1,1,,,0,.,0,6,6,7,6,1,,,1,.,2,4,6,5,3,6,,,1,.,2,6,7,6,8,4,,,S,L,,,2,0,2,1,-,0,8,-,1,9,,,1,.,2,6,7,6,8,4,,,-,1,,
U,S,D,C,A,D,m,-,0,0,4,3,,,U,S,D,C,A,D,m,,,S,H,O,R,T,,,2,0,2,1,-,0,9,-,0,3,,,1,.,2,5,5,2,9,,,0,.,0,7,4,2,7,2,,,1,.,2,4,3,5,4,4,,,1,.,2,6,7,0,3,6,,,S,L,,,2,0,2,1,-,0,9,-,0,8,,,1,.,2,6,7,0,3,6,,,-,1,,
U,S,D,C,A,D,m,-,0,0,4,4,,,U,S,D,C,A,D,m,,,S,H,O,R,T,,,2,0,2,1,-,0,9,-,0,9,,,1,.,2,6,9,3,8,,,0,.,0,7,5,6,3,6,,,1,.,2,5,7,2,8,4,,,1,.,2,8,1,4,7,6,,,S,L,,,2,0,2,1,-,0,9,-,2,0,,,1,.,2,8,1,4,7,6,,,-,1,,
U,S,D,C,A,D,m,-,0,0,4,5,,,U,S,D,C,A,D,m,,,S,H,O,R,T,,,2,0,2,1,-,0,9,-,1,5,,,1,.,2,6,9,0,7,,,0,.,0,7,1,1,1,3,,,1,.,2,5,7,7,,,1,.,2,8,0,4,4,,,S,L,,,2,0,2,1,-,0,9,-,2,0,,,1,.,2,8,0,4,4,,,-,1,,
U,S,D,C,A,D,m,-,0,0,4,6,,,U,S,D,C,A,D,m,,,S,H,O,R,T,,,2,0,2,1,-,0,9,-,2,1,,,1,.,2,8,0,2,7,,,0,.,0,7,1,6,9,,,1,.,2,6,8,7,0,7,,,1,.,2,9,1,8,3,3,,,P,T,,,2,0,2,1,-,0,9,-,2,3,,,1,.,2,6,8,7,0,7,,,1,,
U,S,D,C,A,D,m,-,0,0,4,7,,,U,S,D,C,A,D,m,,,S,H,O,R,T,,,2,0,2,1,-,0,9,-,2,7,,,1,.,2,6,4,9,5,,,0,.,0,7,0,4,7,5,,,1,.,2,5,3,7,1,9,,,1,.,2,7,6,1,8,1,,,S,L,,,2,0,2,1,-,0,9,-,2,9,,,1,.,2,7,6,1,8,1,,,-,1,,
U,S,D,C,A,D,m,-,0,0,4,8,,,U,S,D,C,A,D,m,,,L,O,N,G,,,2,0,2,1,-,1,0,-,2,0,,,1,.,2,3,5,4,3,,,0,.,0,6,8,5,4,9,,,1,.,2,4,6,1,,,1,.,2,2,4,7,6,,,V,E,R,T,I,C,A,L,,,2,0,2,1,-,1,1,-,0,1,,,1,.,2,3,7,3,6,,,1,,
U,S,D,C,A,D,m,-,0,0,4,9,,,U,S,D,C,A,D,m,,,L,O,N,G,,,2,0,2,1,-,1,0,-,2,6,,,1,.,2,3,7,8,6,,,0,.,0,6,7,8,2,5,,,1,.,2,4,8,4,3,8,,,1,.,2,2,7,2,8,2,,,V,E,R,T,I,C,A,L,,,2,0,2,1,-,1,1,-,0,7,,,1,.,2,4,5,0,5,,,1,,
U,S,D,C,A,D,m,-,0,0,5,0,,,U,S,D,C,A,D,m,,,L,O,N,G,,,2,0,2,1,-,1,1,-,0,1,,,1,.,2,3,8,3,1,,,0,.,0,5,5,3,8,,,1,.,2,4,6,9,5,,,1,.,2,2,9,6,7,,,P,T,,,2,0,2,1,-,1,1,-,0,4,,,1,.,2,4,6,9,5,,,1,,
U,S,D,C,A,D,m,-,0,0,5,1,,,U,S,D,C,A,D,m,,,S,H,O,R,T,,,2,0,2,1,-,1,1,-,0,7,,,1,.,2,4,4,6,,,0,.,0,5,3,0,7,9,,,1,.,2,3,6,2,7,7,,,1,.,2,5,2,9,2,3,,,S,L,,,2,0,2,1,-,1,1,-,1,1,,,1,.,2,5,2,9,2,3,,,-,1,,
U,S,D,C,A,D,m,-,0,0,5,2,,,U,S,D,C,A,D,m,,,S,H,O,R,T,,,2,0,2,1,-,1,1,-,1,8,,,1,.,2,6,1,0,1,,,0,.,0,5,2,9,7,8,,,1,.,2,5,2,5,9,3,,,1,.,2,6,9,4,2,7,,,S,L,,,2,0,2,1,-,1,1,-,2,2,,,1,.,2,6,9,4,2,7,,,-,1,,
U,S,D,C,A,D,m,-,0,0,5,3,,,U,S,D,C,A,D,m,,,S,H,O,R,T,,,2,0,2,1,-,1,1,-,2,4,,,1,.,2,6,7,4,9,,,0,.,0,5,1,8,5,8,,,1,.,2,5,9,2,0,9,,,1,.,2,7,5,7,7,1,,,S,L,,,2,0,2,1,-,1,1,-,2,6,,,1,.,2,7,5,7,7,1,,,-,1,,
U,S,D,C,A,D,m,-,0,0,5,4,,,U,S,D,C,A,D,m,,,L,O,N,G,,,2,0,2,1,-,1,2,-,0,6,,,1,.,2,8,1,6,8,,,0,.,0,4,9,4,2,9,,,1,.,2,8,9,6,6,2,,,1,.,2,7,3,6,9,8,,,S,L,,,2,0,2,1,-,1,2,-,0,7,,,1,.,2,7,3,6,9,8,,,-,1,,
U,S,D,C,A,D,m,-,0,0,5,5,,,U,S,D,C,A,D,m,,,L,O,N,G,,,2,0,2,1,-,1,2,-,1,2,,,1,.,2,7,2,3,1,,,0,.,0,5,0,7,7,1,,,1,.,2,8,0,4,4,8,,,1,.,2,6,4,1,7,2,,,P,T,,,2,0,2,1,-,1,2,-,1,3,,,1,.,2,8,0,4,4,8,,,1,,
U,S,D,C,A,D,m,-,0,0,5,6,,,U,S,D,C,A,D,m,,,L,O,N,G,,,2,0,2,1,-,1,2,-,1,7,,,1,.,2,7,7,9,3,,,0,.,0,5,2,0,1,2,,,1,.,2,8,6,3,0,4,,,1,.,2,6,9,5,5,6,,,P,T,,,2,0,2,1,-,1,2,-,1,9,,,1,.,2,8,6,3,0,4,,,1,,
U,S,D,C,A,D,m,-,0,0,5,7,,,U,S,D,C,A,D,m,,,L,O,N,G,,,2,0,2,1,-,1,2,-,2,3,,,1,.,2,8,5,1,3,,,0,.,0,5,4,7,5,9,,,1,.,2,9,3,9,9,6,,,1,.,2,7,6,2,6,4,,,S,L,,,2,0,2,1,-,1,2,-,3,0,,,1,.,2,7,6,2,6,4,,,-,1,,
U,S,D,C,A,D,m,-,0,0,5,8,,,U,S,D,C,A,D,m,,,L,O,N,G,,,2,0,2,1,-,1,2,-,2,9,,,1,.,2,8,1,4,7,,,0,.,0,5,4,9,7,8,,,1,.,2,9,0,3,4,6,,,1,.,2,7,2,5,9,4,,,S,L,,,2,0,2,1,-,1,2,-,3,1,,,1,.,2,7,2,5,9,4,,,-,1,,
U,S,D,C,A,D,m,-,0,0,5,9,,,U,S,D,C,A,D,m,,,L,O,N,G,,,2,0,2,2,-,0,1,-,0,4,,,1,.,2,7,5,0,9,,,0,.,0,5,9,9,7,1,,,1,.,2,8,4,7,2,4,,,1,.,2,6,5,4,5,6,,,S,L,,,2,0,2,2,-,0,1,-,0,7,,,1,.,2,6,5,4,5,6,,,-,1,,
U,S,D,C,A,D,m,-,0,0,6,0,,,U,S,D,C,A,D,m,,,L,O,N,G,,,2,0,2,2,-,0,1,-,1,0,,,1,.,2,6,4,6,4,,,0,.,0,6,2,6,5,3,,,1,.,2,7,4,6,2,2,,,1,.,2,5,4,6,5,8,,,S,L,,,2,0,2,2,-,0,1,-,1,2,,,1,.,2,5,4,6,5,8,,,-,1,,
U,S,D,C,A,D,m,-,0,0,6,1,,,U,S,D,C,A,D,m,,,L,O,N,G,,,2,0,2,2,-,0,1,-,1,6,,,1,.,2,5,3,5,4,,,0,.,0,6,4,5,0,3,,,1,.,2,6,3,7,2,7,,,1,.,2,4,3,3,5,3,,,P,T,,,2,0,2,2,-,0,1,-,2,4,,,1,.,2,6,3,7,2,7,,,1,,
U,S,D,C,A,D,m,-,0,0,6,2,,,U,S,D,C,A,D,m,,,L,O,N,G,,,2,0,2,2,-,0,1,-,2,1,,,1,.,2,4,9,9,2,,,0,.,0,6,1,5,9,1,,,1,.,2,5,9,6,1,9,,,1,.,2,4,0,2,2,1,,,P,T,,,2,0,2,2,-,0,1,-,2,4,,,1,.,2,5,9,6,1,9,,,1,,
U,S,D,C,A,D,m,-,0,0,6,3,,,U,S,D,C,A,D,m,,,L,O,N,G,,,2,0,2,2,-,0,1,-,2,7,,,1,.,2,6,5,5,9,,,0,.,0,6,3,1,0,4,,,1,.,2,7,5,6,5,2,,,1,.,2,5,5,5,2,8,,,P,T,,,2,0,2,2,-,0,1,-,2,8,,,1,.,2,7,5,6,5,2,,,1,,
U,S,D,C,A,D,m,-,0,0,6,4,,,U,S,D,C,A,D,m,,,L,O,N,G,,,2,0,2,2,-,0,2,-,0,8,,,1,.,2,6,6,5,3,,,0,.,0,6,3,5,2,1,,,1,.,2,7,6,6,6,6,,,1,.,2,5,6,3,9,4,,,P,T,,,2,0,2,2,-,0,2,-,1,4,,,1,.,2,7,6,6,6,6,,,1,,
U,S,D,C,A,D,m,-,0,0,6,5,,,U,S,D,C,A,D,m,,,L,O,N,G,,,2,0,2,2,-,0,2,-,1,4,,,1,.,2,7,2,3,2,,,0,.,0,6,3,5,1,3,,,1,.,2,8,2,5,0,1,,,1,.,2,6,2,1,3,9,,,P,T,,,2,0,2,2,-,0,2,-,2,4,,,1,.,2,8,2,5,0,1,,,1,,
U,S,D,C,A,D,m,-,0,0,6,6,,,U,S,D,C,A,D,m,,,L,O,N,G,,,2,0,2,2,-,0,2,-,2,0,,,1,.,2,7,4,3,6,,,0,.,0,6,0,5,2,9,,,1,.,2,8,4,0,7,8,,,1,.,2,6,4,6,4,2,,,P,T,,,2,0,2,2,-,0,2,-,2,4,,,1,.,2,8,4,0,7,8,,,1,,
U,S,D,C,A,D,m,-,0,0,6,7,,,U,S,D,C,A,D,m,,,L,O,N,G,,,2,0,2,2,-,0,2,-,2,5,,,1,.,2,8,0,6,9,,,0,.,0,5,5,6,2,,,1,.,2,8,9,6,6,4,,,1,.,2,7,1,7,1,6,,,S,L,,,2,0,2,2,-,0,2,-,2,8,,,1,.,2,7,1,7,1,6,,,-,1,,
U,S,D,C,A,D,m,-,0,0,6,8,,,U,S,D,C,A,D,m,,,L,O,N,G,,,2,0,2,2,-,0,4,-,1,3,,,1,.,2,6,3,4,9,,,0,.,0,5,9,4,0,1,,,1,.,2,7,2,9,4,6,,,1,.,2,5,4,0,3,4,,,S,L,,,2,0,2,2,-,0,4,-,1,4,,,1,.,2,5,4,0,3,4,,,-,1,,
U,S,D,C,A,D,m,-,0,0,6,9,,,U,S,D,C,A,D,m,,,L,O,N,G,,,2,0,2,2,-,0,4,-,1,9,,,1,.,2,6,0,0,1,,,0,.,0,5,7,3,3,7,,,1,.,2,6,9,1,1,2,,,1,.,2,5,0,9,0,8,,,S,L,,,2,0,2,2,-,0,4,-,2,0,,,1,.,2,5,0,9,0,8,,,-,1,,
U,S,D,C,A,D,m,-,0,0,7,0,,,U,S,D,C,A,D,m,,,L,O,N,G,,,2,0,2,3,-,0,1,-,3,0,,,1,.,3,3,0,4,7,,,0,.,0,7,3,0,7,6,,,1,.,3,4,2,7,1,9,,,1,.,3,1,8,2,2,1,,,P,T,,,2,0,2,3,-,0,1,-,3,1,,,1,.,3,4,2,7,1,9,,,1,,
U,S,D,C,A,D,m,-,0,0,7,1,,,U,S,D,C,A,D,m,,,L,O,N,G,,,2,0,2,3,-,0,2,-,2,8,,,1,.,3,5,7,4,9,,,0,.,0,6,5,3,4,9,,,1,.,3,6,8,6,6,7,,,1,.,3,4,6,3,1,3,,,P,T,,,2,0,2,3,-,0,3,-,0,7,,,1,.,3,6,8,6,6,7,,,1,,
U,S,D,C,A,D,m,-,0,0,7,2,,,U,S,D,C,A,D,m,,,L,O,N,G,,,2,0,2,3,-,0,3,-,0,6,,,1,.,3,6,0,4,3,,,0,.,0,6,5,6,0,9,,,1,.,3,7,1,6,7,5,,,1,.,3,4,9,1,8,5,,,P,T,,,2,0,2,3,-,0,3,-,0,7,,,1,.,3,7,1,6,7,5,,,1,,
U,S,D,C,A,D,m,-,0,0,7,3,,,U,S,D,C,A,D,m,,,L,O,N,G,,,2,0,2,3,-,0,4,-,2,7,,,1,.,3,6,3,0,7,,,0,.,0,5,0,6,6,3,,,1,.,3,7,1,7,7,,,1,.,3,5,4,3,7,,,S,L,,,2,0,2,3,-,0,4,-,2,8,,,1,.,3,5,4,3,7,,,-,1,,
U,S,D,C,A,D,m,-,0,0,7,4,,,U,S,D,C,A,D,m,,,L,O,N,G,,,2,0,2,3,-,0,5,-,2,6,,,1,.,3,6,4,2,9,,,0,.,0,5,6,5,4,9,,,1,.,3,7,4,0,1,,,1,.,3,5,4,5,7,,,S,L,,,2,0,2,3,-,0,6,-,0,1,,,1,.,3,5,4,5,7,,,-,1,,
U,S,D,C,A,D,m,-,0,0,7,5,,,U,S,D,C,A,D,m,,,L,O,N,G,,,2,0,2,3,-,0,6,-,0,1,,,1,.,3,5,6,6,4,,,0,.,0,5,6,1,9,2,,,1,.,3,6,6,2,4,4,,,1,.,3,4,7,0,3,6,,,S,L,,,2,0,2,3,-,0,6,-,0,2,,,1,.,3,4,7,0,3,6,,,-,1,,
U,S,D,C,A,D,m,-,0,0,7,6,,,U,S,D,C,A,D,m,,,L,O,N,G,,,2,0,2,3,-,0,6,-,0,7,,,1,.,3,3,9,8,,,0,.,0,5,7,7,2,1,,,1,.,3,4,9,5,4,3,,,1,.,3,3,0,0,5,7,,,S,L,,,2,0,2,3,-,0,6,-,1,3,,,1,.,3,3,0,0,5,7,,,-,1,,
U,S,D,C,A,D,m,-,0,0,7,7,,,U,S,D,C,A,D,m,,,L,O,N,G,,,2,0,2,3,-,0,6,-,1,3,,,1,.,3,3,6,4,1,,,0,.,0,5,6,8,4,7,,,1,.,3,4,5,9,8,1,,,1,.,3,2,6,8,3,9,,,S,L,,,2,0,2,3,-,0,6,-,1,5,,,1,.,3,2,6,8,3,9,,,-,1,,
U,S,D,C,A,D,m,-,0,0,7,8,,,U,S,D,C,A,D,m,,,L,O,N,G,,,2,0,2,3,-,0,6,-,1,9,,,1,.,3,1,9,8,6,,,0,.,0,5,9,2,6,4,,,1,.,3,2,9,7,1,5,,,1,.,3,1,0,0,0,5,,,V,E,R,T,I,C,A,L,,,2,0,2,3,-,0,6,-,3,0,,,1,.,3,2,4,7,2,,,1,,
U,S,D,C,A,D,m,-,0,0,7,9,,,U,S,D,C,A,D,m,,,L,O,N,G,,,2,0,2,3,-,0,6,-,2,5,,,1,.,3,1,7,4,2,,,0,.,0,5,8,1,7,4,,,1,.,3,2,7,0,7,6,,,1,.,3,0,7,7,6,4,,,P,T,,,2,0,2,3,-,0,6,-,2,8,,,1,.,3,2,7,0,7,6,,,1,,
U,S,D,C,A,D,m,-,0,0,8,0,,,U,S,D,C,A,D,m,,,L,O,N,G,,,2,0,2,3,-,0,6,-,3,0,,,1,.,3,2,5,0,9,,,0,.,0,5,7,0,4,1,,,1,.,3,3,4,6,1,3,,,1,.,3,1,5,5,6,7,,,P,T,,,2,0,2,3,-,0,7,-,0,6,,,1,.,3,3,4,6,1,3,,,1,,
U,S,D,C,A,D,m,-,0,0,8,1,,,U,S,D,C,A,D,m,,,S,H,O,R,T,,,2,0,2,3,-,0,7,-,0,6,,,1,.,3,2,8,5,,,0,.,0,5,6,1,5,9,,,1,.,3,1,9,1,,,1,.,3,3,7,9,,,S,L,,,2,0,2,3,-,0,7,-,0,7,,,1,.,3,3,7,9,,,-,1,,
U,S,D,C,A,D,m,-,0,0,8,2,,,U,S,D,C,A,D,m,,,S,H,O,R,T,,,2,0,2,3,-,0,7,-,1,2,,,1,.,3,2,2,8,8,,,0,.,0,5,7,7,5,1,,,1,.,3,1,3,2,5,5,,,1,.,3,3,2,5,0,5,,,P,T,,,2,0,2,3,-,0,7,-,1,3,,,1,.,3,1,3,2,5,5,,,1,,
U,S,D,C,A,D,m,-,0,0,8,3,,,U,S,D,C,A,D,m,,,S,H,O,R,T,,,2,0,2,3,-,0,7,-,1,8,,,1,.,3,2,0,1,2,,,0,.,0,5,5,2,8,6,,,1,.,3,1,0,9,2,5,,,1,.,3,2,9,3,1,5,,,V,E,R,T,I,C,A,L,,,2,0,2,3,-,0,7,-,3,0,,,1,.,3,2,5,1,1,,,-,1,,
U,S,D,C,A,D,m,-,0,0,8,4,,,U,S,D,C,A,D,m,,,S,H,O,R,T,,,2,0,2,3,-,0,8,-,1,0,,,1,.,3,4,1,9,1,,,0,.,0,4,8,8,5,5,,,1,.,3,3,3,6,5,,,1,.,3,5,0,1,7,,,S,L,,,2,0,2,3,-,0,8,-,1,6,,,1,.,3,5,0,1,7,,,-,1,,
U,S,D,C,A,D,m,-,0,0,8,5,,,U,S,D,C,A,D,m,,,S,H,O,R,T,,,2,0,2,3,-,0,8,-,1,6,,,1,.,3,4,8,9,7,,,0,.,0,4,8,3,1,,,1,.,3,4,0,7,5,9,,,1,.,3,5,7,1,8,1,,,S,L,,,2,0,2,3,-,0,8,-,1,8,,,1,.,3,5,7,1,8,1,,,-,1,,
U,S,D,C,A,D,m,-,0,0,8,6,,,U,S,D,C,A,D,m,,,S,H,O,R,T,,,2,0,2,3,-,0,8,-,2,2,,,1,.,3,5,4,5,8,,,0,.,0,4,7,7,7,7,,,1,.,3,4,6,4,2,6,,,1,.,3,6,2,7,3,4,,,S,L,,,2,0,2,3,-,0,8,-,2,5,,,1,.,3,6,2,7,3,4,,,-,1,,
U,S,D,C,A,D,m,-,0,0,8,7,,,U,S,D,C,A,D,m,,,S,H,O,R,T,,,2,0,2,3,-,0,8,-,2,8,,,1,.,3,5,9,4,5,,,0,.,0,4,5,5,3,7,,,1,.,3,5,1,6,5,1,,,1,.,3,6,7,2,4,9,,,P,T,,,2,0,2,3,-,0,8,-,3,0,,,1,.,3,5,1,6,5,1,,,1,,
U,S,D,C,A,D,m,-,0,0,8,8,,,U,S,D,C,A,D,m,,,L,O,N,G,,,2,0,2,3,-,1,0,-,2,5,,,1,.,3,7,4,1,7,,,0,.,0,4,4,3,5,5,,,1,.,3,8,1,8,4,9,,,1,.,3,6,6,4,9,1,,,P,T,,,2,0,2,3,-,1,0,-,2,6,,,1,.,3,8,1,8,4,9,,,1,,
U,S,D,C,A,D,m,-,0,0,8,9,,,U,S,D,C,A,D,m,,,L,O,N,G,,,2,0,2,3,-,1,1,-,0,6,,,1,.,3,6,6,0,1,,,0,.,0,5,0,1,0,2,,,1,.,3,7,4,6,3,3,,,1,.,3,5,7,3,8,7,,,P,T,,,2,0,2,3,-,1,1,-,0,7,,,1,.,3,7,4,6,3,3,,,1,,
U,S,D,C,A,D,m,-,0,0,9,0,,,U,S,D,C,A,D,m,,,L,O,N,G,,,2,0,2,3,-,1,1,-,1,2,,,1,.,3,7,8,6,9,,,0,.,0,4,9,3,0,9,,,1,.,3,8,7,2,5,5,,,1,.,3,7,0,1,2,5,,,S,L,,,2,0,2,3,-,1,1,-,1,4,,,1,.,3,7,0,1,2,5,,,-,1,,
U,S,D,C,A,D,m,-,0,0,9,1,,,U,S,D,C,A,D,m,,,S,H,O,R,T,,,2,0,2,3,-,1,2,-,2,9,,,1,.,3,2,2,9,8,,,0,.,0,4,8,9,9,5,,,1,.,3,1,4,8,1,4,,,1,.,3,3,1,1,4,6,,,S,L,,,2,0,2,4,-,0,1,-,0,2,,,1,.,3,3,1,1,4,6,,,-,1,,
U,S,D,C,A,D,m,-,0,0,9,2,,,U,S,D,C,A,D,m,,,S,H,O,R,T,,,2,0,2,4,-,0,1,-,1,1,,,1,.,3,3,7,9,2,,,0,.,0,4,8,5,7,4,,,1,.,3,2,9,7,3,2,,,1,.,3,4,6,1,0,8,,,S,L,,,2,0,2,4,-,0,1,-,1,6,,,1,.,3,4,6,1,0,8,,,-,1,,
U,S,D,C,A,D,m,-,0,0,9,3,,,U,S,D,C,A,D,m,,,S,H,O,R,T,,,2,0,2,4,-,0,1,-,1,7,,,1,.,3,4,8,8,7,,,0,.,0,4,5,9,0,6,,,1,.,3,4,1,0,6,9,,,1,.,3,5,6,6,7,1,,,P,T,,,2,0,2,4,-,0,1,-,2,9,,,1,.,3,4,1,0,6,9,,,1,,
U,S,D,C,A,D,m,-,0,0,9,4,,,U,S,D,C,A,D,m,,,S,H,O,R,T,,,2,0,2,4,-,0,1,-,2,3,,,1,.,3,4,7,7,4,,,0,.,0,4,5,6,8,6,,,1,.,3,3,9,9,8,2,,,1,.,3,5,5,4,9,8,,,P,T,,,2,0,2,4,-,0,1,-,3,0,,,1,.,3,3,9,9,8,2,,,1,,
U,S,D,C,A,D,m,-,0,0,9,5,,,U,S,D,C,A,D,m,,,S,H,O,R,T,,,2,0,2,4,-,0,1,-,2,9,,,1,.,3,4,5,4,9,,,0,.,0,4,3,7,3,1,,,1,.,3,3,8,0,7,7,,,1,.,3,5,2,9,0,3,,,P,T,,,2,0,2,4,-,0,1,-,3,1,,,1,.,3,3,8,0,7,7,,,1,,
U,S,D,C,A,D,m,-,0,0,9,6,,,U,S,D,C,A,D,m,,,L,O,N,G,,,2,0,2,4,-,0,2,-,0,4,,,1,.,3,4,5,5,5,,,0,.,0,4,6,7,2,7,,,1,.,3,5,3,4,7,1,,,1,.,3,3,7,6,2,9,,,P,T,,,2,0,2,4,-,0,2,-,0,5,,,1,.,3,5,3,4,7,1,,,1,,
U,S,D,C,A,D,m,-,0,0,9,7,,,U,S,D,C,A,D,m,,,L,O,N,G,,,2,0,2,4,-,0,2,-,0,9,,,1,.,3,4,5,9,3,,,0,.,0,4,7,1,1,2,,,1,.,3,5,3,9,1,9,,,1,.,3,3,7,9,4,1,,,P,T,,,2,0,2,4,-,0,2,-,1,3,,,1,.,3,5,3,9,1,9,,,1,,
U,S,D,C,A,D,m,-,0,0,9,8,,,U,S,D,C,A,D,m,,,S,H,O,R,T,,,2,0,2,4,-,0,2,-,1,5,,,1,.,3,5,3,7,8,,,0,.,0,4,7,8,9,6,,,1,.,3,4,5,6,1,1,,,1,.,3,6,1,9,4,9,,,P,T,,,2,0,2,4,-,0,2,-,2,2,,,1,.,3,4,5,6,1,1,,,1,,
U,S,D,C,A,D,m,-,0,0,9,9,,,U,S,D,C,A,D,m,,,L,O,N,G,,,2,0,2,4,-,0,2,-,2,7,,,1,.,3,5,0,0,7,,,0,.,0,4,5,3,8,3,,,1,.,3,5,7,7,8,9,,,1,.,3,4,2,3,5,1,,,P,T,,,2,0,2,4,-,0,2,-,2,8,,,1,.,3,5,7,7,8,9,,,1,,
U,S,D,C,A,D,m,-,0,1,0,0,,,U,S,D,C,A,D,m,,,L,O,N,G,,,2,0,2,4,-,0,3,-,1,0,,,1,.,3,4,8,1,3,,,0,.,0,4,5,2,0,4,,,1,.,3,5,5,8,0,8,,,1,.,3,4,0,4,5,2,,,P,T,,,2,0,2,4,-,0,3,-,1,9,,,1,.,3,5,5,8,0,8,,,1,,
U,S,D,C,A,D,m,-,0,1,0,1,,,U,S,D,C,A,D,m,,,S,H,O,R,T,,,2,0,2,4,-,0,3,-,1,5,,,1,.,3,5,3,6,4,,,0,.,0,4,4,3,5,7,,,1,.,3,4,6,0,7,5,,,1,.,3,6,1,2,0,5,,,S,L,,,2,0,2,4,-,0,3,-,1,9,,,1,.,3,6,1,2,0,5,,,-,1,,
U,S,D,C,A,D,m,-,0,1,0,2,,,U,S,D,C,A,D,m,,,S,H,O,R,T,,,2,0,2,4,-,0,3,-,2,1,,,1,.,3,4,7,2,4,,,0,.,0,4,7,1,5,,,1,.,3,3,9,2,3,7,,,1,.,3,5,5,2,4,3,,,S,L,,,2,0,2,4,-,0,3,-,2,2,,,1,.,3,5,5,2,4,3,,,-,1,,
U,S,D,C,A,D,m,-,0,1,0,3,,,U,S,D,C,A,D,m,,,L,O,N,G,,,2,0,2,4,-,0,4,-,0,8,,,1,.,3,6,0,3,5,,,0,.,0,4,6,8,9,2,,,1,.,3,6,8,3,8,7,,,1,.,3,5,2,3,1,3,,,P,T,,,2,0,2,4,-,0,4,-,1,0,,,1,.,3,6,8,3,8,7,,,1,,
U,S,D,C,A,D,m,-,0,1,0,4,,,U,S,D,C,A,D,m,,,L,O,N,G,,,2,0,2,4,-,0,4,-,1,4,,,1,.,3,7,6,1,8,,,0,.,0,4,9,5,1,1,,,1,.,3,8,4,7,6,4,,,1,.,3,6,7,5,9,6,,,S,L,,,2,0,2,4,-,0,4,-,2,3,,,1,.,3,6,7,5,9,6,,,-,1,,
U,S,D,C,A,D,m,-,0,1,0,5,,,U,S,D,C,A,D,m,,,L,O,N,G,,,2,0,2,4,-,0,4,-,1,9,,,1,.,3,7,6,9,8,,,0,.,0,4,8,2,2,6,,,1,.,3,8,5,3,4,6,,,1,.,3,6,8,6,1,4,,,S,L,,,2,0,2,4,-,0,4,-,2,2,,,1,.,3,6,8,6,1,4,,,-,1,,
U,S,D,C,A,D,m,-,0,1,0,6,,,U,S,D,C,A,D,m,,,L,O,N,G,,,2,0,2,4,-,0,5,-,1,3,,,1,.,3,6,7,6,9,,,0,.,0,5,0,4,2,7,,,1,.,3,7,6,3,7,9,,,1,.,3,5,9,0,0,1,,,S,L,,,2,0,2,4,-,0,5,-,1,5,,,1,.,3,5,9,0,0,1,,,-,1,,
U,S,D,C,A,D,m,-,0,1,0,7,,,U,S,D,C,A,D,m,,,L,O,N,G,,,2,0,2,4,-,0,5,-,2,4,,,1,.,3,7,3,1,7,,,0,.,0,4,8,2,7,9,,,1,.,3,8,1,5,2,2,,,1,.,3,6,4,8,1,8,,,S,L,,,2,0,2,4,-,0,5,-,2,7,,,1,.,3,6,4,8,1,8,,,-,1,,
U,S,D,C,A,D,m,-,0,1,0,8,,,U,S,D,C,A,D,m,,,L,O,N,G,,,2,0,2,4,-,0,5,-,3,0,,,1,.,3,7,1,6,2,,,0,.,0,4,7,3,4,,,1,.,3,7,9,8,0,1,,,1,.,3,6,3,4,3,9,,,S,L,,,2,0,2,4,-,0,5,-,3,1,,,1,.,3,6,3,4,3,9,,,-,1,,
U,S,D,C,A,D,m,-,0,1,0,9,,,U,S,D,C,A,D,m,,,S,H,O,R,T,,,2,0,2,4,-,0,6,-,1,1,,,1,.,3,7,5,9,4,,,0,.,0,4,8,3,4,2,,,1,.,3,6,7,5,6,,,1,.,3,8,4,3,2,,,P,T,,,2,0,2,4,-,0,6,-,2,1,,,1,.,3,6,7,5,6,,,1,,
U,S,D,C,A,D,m,-,0,1,1,0,,,U,S,D,C,A,D,m,,,S,H,O,R,T,,,2,0,2,4,-,0,6,-,1,7,,,1,.,3,7,3,4,3,,,0,.,0,4,7,4,5,7,,,1,.,3,6,5,2,1,8,,,1,.,3,8,1,6,4,2,,,P,T,,,2,0,2,4,-,0,6,-,2,4,,,1,.,3,6,5,2,1,8,,,1,,
U,S,D,C,A,D,m,-,0,1,1,1,,,U,S,D,C,A,D,m,,,S,H,O,R,T,,,2,0,2,4,-,0,6,-,2,3,,,1,.,3,6,8,8,7,,,0,.,0,4,2,3,8,1,,,1,.,3,6,1,5,6,1,,,1,.,3,7,6,1,7,9,,,P,T,,,2,0,2,4,-,0,7,-,0,4,,,1,.,3,6,1,5,6,1,,,1,,
U,S,D,C,A,D,m,-,0,1,1,2,,,U,S,D,C,A,D,m,,,S,H,O,R,T,,,2,0,2,4,-,0,6,-,2,8,,,1,.,3,6,9,8,7,,,0,.,0,4,2,2,1,8,,,1,.,3,6,2,5,8,4,,,1,.,3,7,7,1,5,6,,,P,T,,,2,0,2,4,-,0,7,-,0,3,,,1,.,3,6,2,5,8,4,,,1,,
U,S,D,C,A,D,m,-,0,1,1,3,,,U,S,D,C,A,D,m,,,S,H,O,R,T,,,2,0,2,4,-,0,7,-,0,4,,,1,.,3,6,3,2,7,,,0,.,0,4,3,0,9,2,,,1,.,3,5,5,8,6,9,,,1,.,3,7,0,6,7,1,,,S,L,,,2,0,2,4,-,0,7,-,1,6,,,1,.,3,7,0,6,7,1,,,-,1,,
U,S,D,C,A,D,m,-,0,1,1,4,,,U,S,D,C,A,D,m,,,S,H,O,R,T,,,2,0,2,4,-,0,7,-,1,0,,,1,.,3,6,3,1,2,,,0,.,0,3,9,0,6,6,,,1,.,3,5,6,4,1,1,,,1,.,3,6,9,8,2,9,,,S,L,,,2,0,2,4,-,0,7,-,1,6,,,1,.,3,6,9,8,2,9,,,-,1,,
U,S,D,C,A,D,m,-,0,1,1,5,,,U,S,D,C,A,D,m,,,S,H,O,R,T,,,2,0,2,4,-,0,7,-,1,6,,,1,.,3,6,7,7,,,0,.,0,3,7,0,1,4,,,1,.,3,6,1,3,2,2,,,1,.,3,7,4,0,7,8,,,S,L,,,2,0,2,4,-,0,7,-,1,9,,,1,.,3,7,4,0,7,8,,,-,1,,
U,S,D,C,A,D,m,-,0,1,1,6,,,U,S,D,C,A,D,m,,,S,H,O,R,T,,,2,0,2,4,-,0,7,-,2,2,,,1,.,3,7,0,7,4,,,0,.,0,3,6,7,1,8,,,1,.,3,6,4,3,9,9,,,1,.,3,7,7,0,8,1,,,S,L,,,2,0,2,4,-,0,7,-,2,3,,,1,.,3,7,7,0,8,1,,,-,1,,
U,S,D,C,A,D,m,-,0,1,1,7,,,U,S,D,C,A,D,m,,,S,H,O,R,T,,,2,0,2,4,-,0,7,-,2,8,,,1,.,3,8,2,5,2,,,0,.,0,3,6,7,0,8,,,1,.,3,7,6,1,2,6,,,1,.,3,8,8,9,1,4,,,S,L,,,2,0,2,4,-,0,8,-,0,5,,,1,.,3,8,8,9,1,4,,,-,1,,
U,S,D,C,A,D,m,-,0,1,1,8,,,U,S,D,C,A,D,m,,,S,H,O,R,T,,,2,0,2,4,-,0,9,-,1,2,,,1,.,3,5,7,7,8,,,0,.,0,3,6,3,2,3,,,1,.,3,5,1,5,6,6,,,1,.,3,6,3,9,9,4,,,S,L,,,2,0,2,4,-,0,9,-,1,9,,,1,.,3,6,3,9,9,4,,,-,1,,
U,S,D,C,A,D,m,-,0,1,1,9,,,U,S,D,C,A,D,m,,,S,H,O,R,T,,,2,0,2,4,-,0,9,-,1,8,,,1,.,3,5,9,3,1,,,0,.,0,3,6,1,1,1,,,1,.,3,5,3,1,2,6,,,1,.,3,6,5,4,9,4,,,P,T,,,2,0,2,4,-,0,9,-,2,3,,,1,.,3,5,3,1,2,6,,,1,,
U,S,D,C,A,D,m,-,0,1,2,0,,,U,S,D,C,A,D,m,,,S,H,O,R,T,,,2,0,2,4,-,0,9,-,2,4,,,1,.,3,5,2,9,4,,,0,.,0,3,6,7,5,9,,,1,.,3,4,6,6,7,4,,,1,.,3,5,9,2,0,6,,,P,T,,,2,0,2,4,-,0,9,-,2,5,,,1,.,3,4,6,6,7,4,,,1,,
U,S,D,C,A,D,m,-,0,1,2,1,,,U,S,D,C,A,D,m,,,L,O,N,G,,,2,0,2,4,-,1,0,-,1,7,,,1,.,3,7,5,5,6,,,0,.,0,3,9,7,8,3,,,1,.,3,8,2,4,5,5,,,1,.,3,6,8,6,6,5,,,P,T,,,2,0,2,4,-,1,0,-,2,1,,,1,.,3,8,2,4,5,5,,,1,,
U,S,D,C,A,D,m,-,0,1,2,2,,,U,S,D,C,A,D,m,,,S,H,O,R,T,,,2,0,2,4,-,1,0,-,2,3,,,1,.,3,8,1,7,3,,,0,.,0,4,0,2,5,6,,,1,.,3,7,4,7,2,2,,,1,.,3,8,8,7,3,8,,,S,L,,,2,0,2,4,-,1,0,-,2,5,,,1,.,3,8,8,7,3,8,,,-,1,,
U,S,D,C,A,D,m,-,0,1,2,3,,,U,S,D,C,A,D,m,,,L,O,N,G,,,2,0,2,4,-,1,1,-,0,4,,,1,.,3,9,2,0,5,,,0,.,0,3,5,4,6,2,,,1,.,3,9,8,2,6,9,,,1,.,3,8,5,8,3,1,,,S,L,,,2,0,2,4,-,1,1,-,0,5,,,1,.,3,8,5,8,3,1,,,-,1,,
U,S,D,C,A,D,m,-,0,1,2,4,,,U,S,D,C,A,D,m,,,L,O,N,G,,,2,0,2,5,-,0,1,-,1,3,,,1,.,4,4,1,4,6,,,0,.,0,5,8,5,6,1,,,1,.,4,5,2,0,9,5,,,1,.,4,3,0,8,2,5,,,S,L,,,2,0,2,5,-,0,1,-,1,5,,,1,.,4,3,0,8,2,5,,,-,1,,
U,S,D,C,A,D,m,-,0,1,2,5,,,U,S,D,C,A,D,m,,,L,O,N,G,,,2,0,2,5,-,0,1,-,1,9,,,1,.,4,4,5,7,9,,,0,.,0,5,6,2,3,5,,,1,.,4,5,6,0,3,3,,,1,.,4,3,5,5,4,7,,,S,L,,,2,0,2,5,-,0,1,-,2,0,,,1,.,4,3,5,5,4,7,,,-,1,,
U,S,D,C,A,D,m,-,0,1,2,6,,,U,S,D,C,A,D,m,,,L,O,N,G,,,2,0,2,5,-,0,1,-,2,4,,,1,.,4,3,7,7,,,0,.,0,6,1,2,2,1,,,1,.,4,4,8,7,8,9,,,1,.,4,2,6,6,1,1,,,P,T,,,2,0,2,5,-,0,1,-,3,0,,,1,.,4,4,8,7,8,9,,,1,,
U,S,D,C,A,D,m,-,0,1,2,7,,,U,S,D,C,A,D,m,,,L,O,N,G,,,2,0,2,5,-,0,1,-,3,0,,,1,.,4,3,9,6,4,,,0,.,0,5,9,8,7,1,,,1,.,4,5,0,4,9,9,,,1,.,4,2,8,7,8,1,,,P,T,,,2,0,2,5,-,0,1,-,3,1,,,1,.,4,5,0,4,9,9,,,1,,
U,S,D,C,A,D,m,-,0,1,2,8,,,U,S,D,C,A,D,m,,,L,O,N,G,,,2,0,2,5,-,0,3,-,2,4,,,1,.,4,3,3,2,7,,,0,.,0,7,5,7,4,8,,,1,.,4,4,6,9,4,8,,,1,.,4,1,9,5,9,2,,,S,L,,,2,0,2,5,-,0,4,-,0,3,,,1,.,4,1,9,5,9,2,,,-,1,,
U,S,D,C,A,D,m,-,0,1,2,9,,,U,S,D,C,A,D,m,,,L,O,N,G,,,2,0,2,5,-,0,3,-,3,0,,,1,.,4,3,0,2,5,,,0,.,0,7,4,2,5,,,1,.,4,4,3,6,2,9,,,1,.,4,1,6,8,7,1,,,S,L,,,2,0,2,5,-,0,4,-,0,3,,,1,.,4,1,6,8,7,1,,,-,1,,
U,S,D,C,A,D,m,-,0,1,3,0,,,U,S,D,C,A,D,m,,,L,O,N,G,,,2,0,2,5,-,0,6,-,2,5,,,1,.,3,7,2,5,6,,,0,.,0,4,4,8,3,5,,,1,.,3,8,0,3,1,3,,,1,.,3,6,4,8,0,7,,,S,L,,,2,0,2,5,-,0,6,-,2,6,,,1,.,3,6,4,8,0,7,,,-,1,,
U,S,D,C,A,D,m,-,0,1,3,1,,,U,S,D,C,A,D,m,,,L,O,N,G,,,2,0,2,5,-,0,7,-,1,3,,,1,.,3,6,9,1,9,,,0,.,0,4,8,6,3,1,,,1,.,3,7,7,5,7,9,,,1,.,3,6,0,8,0,1,,,S,L,,,2,0,2,5,-,0,7,-,2,2,,,1,.,3,6,0,8,0,1,,,-,1,,
U,S,D,C,A,D,m,-,0,1,3,2,,,U,S,D,C,A,D,m,,,L,O,N,G,,,2,0,2,5,-,0,7,-,2,4,,,1,.,3,6,0,1,6,,,0,.,0,4,5,8,4,5,,,1,.,3,6,8,0,1,6,,,1,.,3,5,2,3,0,4,,,P,T,,,2,0,2,5,-,0,7,-,2,5,,,1,.,3,6,8,0,1,6,,,1,,
U,S,D,C,A,D,m,-,0,1,3,3,,,U,S,D,C,A,D,m,,,S,H,O,R,T,,,2,0,2,5,-,0,8,-,2,2,,,1,.,3,9,0,1,1,,,0,.,0,4,1,7,2,5,,,1,.,3,8,2,8,0,2,,,1,.,3,9,7,4,1,8,,,P,T,,,2,0,2,5,-,0,8,-,2,4,,,1,.,3,8,2,8,0,2,,,1,,
U,S,D,C,A,D,m,-,0,1,3,4,,,U,S,D,C,A,D,m,,,L,O,N,G,,,2,0,2,5,-,0,8,-,2,8,,,1,.,3,7,8,0,8,,,0,.,0,4,1,3,2,7,,,1,.,3,8,5,2,5,5,,,1,.,3,7,0,9,0,5,,,P,T,,,2,0,2,5,-,0,9,-,0,5,,,1,.,3,8,5,2,5,5,,,1,,
U,S,D,C,A,D,m,-,0,1,3,5,,,U,S,D,C,A,D,m,,,S,H,O,R,T,,,2,0,2,5,-,0,9,-,0,3,,,1,.,3,7,8,4,3,,,0,.,0,4,1,4,9,5,,,1,.,3,7,1,2,2,4,,,1,.,3,8,5,6,3,6,,,S,L,,,2,0,2,5,-,0,9,-,0,9,,,1,.,3,8,5,6,3,6,,,-,1,,
U,S,D,C,A,D,m,-,0,1,3,6,,,U,S,D,C,A,D,m,,,S,H,O,R,T,,,2,0,2,5,-,0,9,-,0,9,,,1,.,3,7,9,5,3,,,0,.,0,3,8,1,4,7,,,1,.,3,7,2,9,,,1,.,3,8,6,1,6,,,S,L,,,2,0,2,5,-,0,9,-,1,0,,,1,.,3,8,6,1,6,,,-,1,,
U,S,D,C,A,D,m,-,0,1,3,7,,,U,S,D,C,A,D,m,,,S,H,O,R,T,,,2,0,2,5,-,0,9,-,1,5,,,1,.,3,8,3,8,7,,,0,.,0,3,6,8,0,8,,,1,.,3,7,7,4,5,2,,,1,.,3,9,0,2,8,8,,,P,T,,,2,0,2,5,-,0,9,-,1,6,,,1,.,3,7,7,4,5,2,,,1,,
U,S,D,C,A,D,m,-,0,1,3,8,,,U,S,D,C,A,D,m,,,S,H,O,R,T,,,2,0,2,5,-,0,9,-,2,1,,,1,.,3,7,7,5,4,,,0,.,0,3,8,3,2,4,,,1,.,3,7,0,8,8,9,,,1,.,3,8,4,1,9,1,,,S,L,,,2,0,2,5,-,0,9,-,2,3,,,1,.,3,8,4,1,9,1,,,-,1,,
U,S,D,C,A,D,m,-,0,1,3,9,,,U,S,D,C,A,D,m,,,S,H,O,R,T,,,2,0,2,5,-,0,9,-,2,6,,,1,.,3,9,4,0,8,,,0,.,0,3,9,2,2,5,,,1,.,3,8,7,1,9,1,,,1,.,4,0,0,9,6,9,,,V,E,R,T,I,C,A,L,,,2,0,2,5,-,1,0,-,0,8,,,1,.,3,9,5,4,8,,,-,1,,
U,S,D,C,A,D,m,-,0,1,4,0,,,U,S,D,C,A,D,m,,,S,H,O,R,T,,,2,0,2,5,-,1,0,-,0,2,,,1,.,3,9,3,9,8,,,0,.,0,3,6,5,2,3,,,1,.,3,8,7,5,6,6,,,1,.,4,0,0,3,9,4,,,S,L,,,2,0,2,5,-,1,0,-,0,9,,,1,.,4,0,0,3,9,4,,,-,1,,
U,S,D,C,A,D,m,-,0,1,4,1,,,U,S,D,C,A,D,m,,,S,H,O,R,T,,,2,0,2,5,-,1,0,-,0,8,,,1,.,3,9,5,2,6,,,0,.,0,3,4,3,5,,,1,.,3,8,9,2,2,2,,,1,.,4,0,1,2,9,8,,,S,L,,,2,0,2,5,-,1,0,-,0,9,,,1,.,4,0,1,2,9,8,,,-,1,,
U,S,D,C,A,D,m,-,0,1,4,2,,,U,S,D,C,A,D,m,,,S,H,O,R,T,,,2,0,2,5,-,1,0,-,1,4,,,1,.,4,0,3,9,,,0,.,0,3,3,9,2,4,,,1,.,3,9,7,9,,,1,.,4,0,9,9,,,P,T,,,2,0,2,5,-,1,0,-,2,2,,,1,.,3,9,7,9,,,1,,
U,S,D,C,A,D,m,-,0,1,4,3,,,U,S,D,C,A,D,m,,,S,H,O,R,T,,,2,0,2,5,-,1,0,-,2,0,,,1,.,4,0,1,5,5,,,0,.,0,3,3,5,3,6,,,1,.,3,9,5,6,2,8,,,1,.,4,0,7,4,7,2,,,P,T,,,2,0,2,5,-,1,0,-,2,8,,,1,.,3,9,5,6,2,8,,,1,,
U,S,D,C,A,D,m,-,0,1,4,4,,,U,S,D,C,A,D,m,,,S,H,O,R,T,,,2,0,2,5,-,1,1,-,1,8,,,1,.,4,0,5,0,5,,,0,.,0,3,0,3,5,,,1,.,3,9,9,6,7,7,,,1,.,4,1,0,4,2,3,,,P,T,,,2,0,2,5,-,1,1,-,1,9,,,1,.,3,9,9,6,7,7,,,1,,
U,S,D,C,A,D,m,-,0,1,4,5,,,U,S,D,C,A,D,m,,,S,H,O,R,T,,,2,0,2,5,-,1,1,-,2,4,,,1,.,4,0,9,4,8,,,0,.,0,3,1,6,7,6,,,1,.,4,0,3,8,5,5,,,1,.,4,1,5,1,0,5,,,P,T,,,2,0,2,5,-,1,1,-,2,6,,,1,.,4,0,3,8,5,5,,,1,,
U,S,D,C,A,D,m,-,0,1,4,6,,,U,S,D,C,A,D,m,,,S,H,O,R,T,,,2,0,2,5,-,1,1,-,3,0,,,1,.,3,9,7,2,1,,,0,.,0,3,4,1,6,1,,,1,.,3,9,1,1,9,7,,,1,.,4,0,3,2,2,3,,,P,T,,,2,0,2,5,-,1,2,-,0,5,,,1,.,3,9,1,1,9,7,,,1,,
U,S,D,C,A,D,m,-,0,1,4,7,,,U,S,D,C,A,D,m,,,S,H,O,R,T,,,2,0,2,5,-,1,2,-,0,5,,,1,.,3,9,5,9,4,,,0,.,0,3,2,6,5,2,,,1,.,3,9,0,1,9,7,,,1,.,4,0,1,6,8,3,,,P,T,,,2,0,2,5,-,1,2,-,0,7,,,1,.,3,9,0,1,9,7,,,1,,
U,S,D,C,A,D,m,-,0,1,4,8,,,U,S,D,C,A,D,m,,,S,H,O,R,T,,,2,0,2,5,-,1,2,-,1,1,,,1,.,3,7,8,9,3,,,0,.,0,3,9,6,0,9,,,1,.,3,7,2,0,4,9,,,1,.,3,8,5,8,1,1,,,P,T,,,2,0,2,5,-,1,2,-,2,3,,,1,.,3,7,2,0,4,9,,,1,,
U,S,D,C,A,D,m,-,0,1,4,9,,,U,S,D,C,A,D,m,,,S,H,O,R,T,,,2,0,2,5,-,1,2,-,1,7,,,1,.,3,7,5,5,,,0,.,0,3,9,4,4,9,,,1,.,3,6,8,6,6,4,,,1,.,3,8,2,3,3,6,,,P,T,,,2,0,2,5,-,1,2,-,2,3,,,1,.,3,6,8,6,6,4,,,1,,
U,S,D,C,A,D,m,-,0,1,5,0,,,U,S,D,C,A,D,m,,,S,H,O,R,T,,,2,0,2,5,-,1,2,-,2,3,,,1,.,3,7,4,9,1,,,0,.,0,3,8,4,1,1,,,1,.,3,6,8,2,5,6,,,1,.,3,8,1,5,6,4,,,P,T,,,2,0,2,5,-,1,2,-,2,4,,,1,.,3,6,8,2,5,6,,,1,,
U,S,D,C,A,D,m,-,0,1,5,1,,,U,S,D,C,A,D,m,,,S,H,O,R,T,,,2,0,2,5,-,1,2,-,2,9,,,1,.,3,6,6,8,1,,,0,.,0,3,9,2,1,9,,,1,.,3,6,0,0,5,6,,,1,.,3,7,3,5,6,4,,,S,L,,,2,0,2,6,-,0,1,-,0,2,,,1,.,3,7,3,5,6,4,,,-,1,,
U,S,D,C,A,D,m,-,0,1,5,2,,,U,S,D,C,A,D,m,,,S,H,O,R,T,,,2,0,2,6,-,0,1,-,0,4,,,1,.,3,7,3,3,1,,,0,.,0,3,9,6,4,7,,,1,.,3,6,6,4,5,,,1,.,3,8,0,1,7,,,S,L,,,2,0,2,6,-,0,1,-,0,5,,,1,.,3,8,0,1,7,,,-,1,,
U,S,D,C,A,D,m,-,0,1,5,3,,,U,S,D,C,A,D,m,,,S,H,O,R,T,,,2,0,2,6,-,0,1,-,0,9,,,1,.,3,8,6,4,1,,,0,.,0,3,9,7,3,6,,,1,.,3,7,9,4,6,9,,,1,.,3,9,3,3,5,1,,,P,T,,,2,0,2,6,-,0,1,-,2,1,,,1,.,3,7,9,4,6,9,,,1,,
U,S,D,C,A,D,m,-,0,1,5,4,,,U,S,D,C,A,D,m,,,S,H,O,R,T,,,2,0,2,6,-,0,1,-,1,5,,,1,.,3,8,8,6,5,,,0,.,0,3,9,6,2,8,,,1,.,3,8,1,7,1,7,,,1,.,3,9,5,5,8,3,,,P,T,,,2,0,2,6,-,0,1,-,2,0,,,1,.,3,8,1,7,1,7,,,1,,
U,S,D,C,A,D,m,-,0,1,5,5,,,U,S,D,C,A,D,m,,,S,H,O,R,T,,,2,0,2,6,-,0,1,-,2,1,,,1,.,3,8,3,3,2,,,0,.,0,3,9,2,0,6,,,1,.,3,7,6,4,8,7,,,1,.,3,9,0,1,5,3,,,P,T,,,2,0,2,6,-,0,1,-,2,3,,,1,.,3,7,6,4,8,7,,,1,,
U,S,D,C,A,D,m,-,0,1,5,6,,,U,S,D,C,A,D,m,,,S,H,O,R,T,,,2,0,2,6,-,0,5,-,2,4,,,1,.,3,8,1,2,5,,,0,.,0,3,7,7,7,2,,,1,.,3,7,4,6,7,7,,,1,.,3,8,7,8,2,3,,,S,L,,,2,0,2,6,-,0,6,-,0,3,,,1,.,3,8,7,8,2,3,,,-,1,,
U,S,D,C,A,D,m,-,0,1,5,7,,,U,S,D,C,A,D,m,,,S,H,O,R,T,,,2,0,2,6,-,0,5,-,2,9,,,1,.,3,7,8,2,5,,,0,.,0,3,8,6,3,2,,,1,.,3,7,1,5,4,2,,,1,.,3,8,4,9,5,8,,,S,L,,,2,0,2,6,-,0,6,-,0,2,,,1,.,3,8,4,9,5,8,,,-,1,,
U,S,D,C,A,D,m,-,0,1,5,8,,,U,S,D,C,A,D,m,,,S,H,O,R,T,,,2,0,2,6,-,0,6,-,0,4,,,1,.,3,8,9,3,4,,,0,.,0,3,8,1,3,6,,,1,.,3,8,2,6,6,5,,,1,.,3,9,6,0,1,5,,,S,L,,,2,0,2,6,-,0,6,-,0,8,,,1,.,3,9,6,0,1,5,,,-,1,,
U,S,D,C,A,D,m,-,0,1,5,9,,,U,S,D,C,A,D,m,,,S,H,O,R,T,,,2,0,2,6,-,0,6,-,1,0,,,1,.,3,9,5,3,,,0,.,0,3,7,4,6,2,,,1,.,3,8,8,7,1,4,,,1,.,4,0,1,8,8,6,,,S,L,,,2,0,2,6,-,0,6,-,1,1,,,1,.,4,0,1,8,8,6,,,-,1,,
U,S,D,C,A,D,m,-,0,1,6,0,,,U,S,D,C,A,D,m,,,L,O,N,G,,,2,0,2,6,-,0,6,-,1,6,,,1,.,3,9,9,2,1,,,0,.,0,3,5,6,1,3,,,1,.,4,0,5,4,8,8,,,1,.,3,9,2,9,3,2,,,P,T,,,2,0,2,6,-,0,6,-,1,7,,,1,.,4,0,5,4,8,8,,,1,,
U,S,D,C,A,D,m,-,0,1,6,1,,,U,S,D,C,A,D,m,,,L,O,N,G,,,2,0,2,6,-,0,7,-,0,3,,,1,.,4,1,9,0,2,,,0,.,0,3,4,3,1,1,,,1,.,4,2,5,1,5,4,,,1,.,4,1,2,8,8,6,,,S,L,,,2,0,2,6,-,0,7,-,1,0,,,1,.,4,1,2,8,8,6,,,-,1,,
U,S,D,C,A,D,m,-,0,1,6,2,,,U,S,D,C,A,D,m,,,L,O,N,G,,,2,0,2,6,-,0,7,-,0,9,,,1,.,4,1,6,7,8,,,0,.,0,2,8,7,5,,,1,.,4,2,1,9,1,2,,,1,.,4,1,1,6,4,8,,,S,L,,,2,0,2,6,-,0,7,-,1,4,,,1,.,4,1,1,6,4,8,,,-,1,,
U,S,D,C,A,D,m,-,0,1,6,3,,,U,S,D,C,A,D,m,,,L,O,N,G,,,2,0,2,6,-,0,7,-,1,5,,,1,.,4,0,5,1,6,,,0,.,0,3,2,4,0,4,,,1,.,4,1,0,8,9,7,,,1,.,3,9,9,4,2,3,,,P,T,,,2,0,2,6,-,0,7,-,2,1,,,1,.,4,1,0,8,9,7,,,1,,
U,S,D,C,A,D,m,-,0,1,6,4,,,U,S,D,C,A,D,m,,,L,O,N,G,,,2,0,2,6,-,0,7,-,2,1,,,1,.,4,0,7,1,1,,,0,.,0,3,3,2,5,8,,,1,.,4,1,3,0,0,6,,,1,.,4,0,1,2,1,4,,,S,L,,,2,0,2,6,-,0,7,-,3,0,,,1,.,4,0,1,2,1,4,,,-,1,,
U,S,D,C,A,D,m,-,0,1,6,5,,,U,S,D,C,A,D,m,,,L,O,N,G,,,2,0,2,6,-,0,7,-,2,7,,,1,.,4,0,8,6,3,,,0,.,0,3,3,3,,,1,.,4,1,4,5,4,,,1,.,4,0,2,7,2,,,S,L,,,2,0,2,6,-,0,7,-,2,9,,,1,.,4,0,2,7,2,,,-,1,,
U,S,D,C,A,D,m,-,0,1,6,6,,,U,S,D,C,A,D,m,,,L,O,N,G,,,2,0,2,6,-,0,8,-,0,2,,,1,.,4,0,0,9,2,,,0,.,0,3,5,0,7,2,,,1,.,4,0,7,1,1,,,1,.,3,9,4,7,3,,,P,T,,,2,0,2,6,-,0,8,-,0,4,,,1,.,4,0,7,1,1,,,1,,
U,S,D,C,H,F,m,-,0,0,0,0,,,U,S,D,C,H,F,m,,,S,H,O,R,T,,,2,0,2,0,-,1,0,-,2,7,,,0,.,9,0,7,9,9,,,0,.,0,5,9,5,8,5,,,0,.,9,0,1,1,7,4,,,0,.,9,1,4,8,0,6,,,S,L,,,2,0,2,0,-,1,0,-,2,9,,,0,.,9,1,4,8,0,6,,,-,1,,
U,S,D,C,H,F,m,-,0,0,0,1,,,U,S,D,C,H,F,m,,,S,H,O,R,T,,,2,0,2,0,-,1,1,-,0,2,,,0,.,9,1,7,1,6,,,0,.,0,5,0,1,6,7,,,0,.,9,1,1,3,6,3,,,0,.,9,2,2,9,5,7,,,P,T,,,2,0,2,0,-,1,1,-,0,3,,,0,.,9,1,1,3,6,3,,,1,,
U,S,D,C,H,F,m,-,0,0,0,2,,,U,S,D,C,H,F,m,,,S,H,O,R,T,,,2,0,2,0,-,1,1,-,0,8,,,0,.,8,9,9,2,9,,,0,.,0,5,4,8,1,,,0,.,8,9,3,0,8,,,0,.,9,0,5,5,,,S,L,,,2,0,2,0,-,1,1,-,0,9,,,0,.,9,0,5,5,,,-,1,,
U,S,D,C,H,F,m,-,0,0,0,3,,,U,S,D,C,H,F,m,,,S,H,O,R,T,,,2,0,2,0,-,1,2,-,0,1,,,0,.,9,0,8,1,8,,,0,.,0,5,8,8,6,,,0,.,9,0,1,4,4,5,,,0,.,9,1,4,9,1,5,,,P,T,,,2,0,2,0,-,1,2,-,0,2,,,0,.,9,0,1,4,4,5,,,1,,
U,S,D,C,H,F,m,-,0,0,0,4,,,U,S,D,C,H,F,m,,,S,H,O,R,T,,,2,0,2,0,-,1,2,-,0,7,,,0,.,8,9,1,8,3,,,0,.,0,6,1,3,0,7,,,0,.,8,8,4,9,4,2,,,0,.,8,9,8,7,1,8,,,P,T,,,2,0,2,0,-,1,2,-,1,6,,,0,.,8,8,4,9,4,2,,,1,,
U,S,D,C,H,F,m,-,0,0,0,5,,,U,S,D,C,H,F,m,,,S,H,O,R,T,,,2,0,2,0,-,1,2,-,1,3,,,0,.,8,8,8,3,8,,,0,.,0,6,1,6,1,7,,,0,.,8,8,1,4,8,3,,,0,.,8,9,5,2,7,7,,,V,E,R,T,I,C,A,L,,,2,0,2,0,-,1,2,-,2,4,,,0,.,8,9,0,9,3,,,-,1,,
U,S,D,C,H,F,m,-,0,0,0,6,,,U,S,D,C,H,F,m,,,S,H,O,R,T,,,2,0,2,0,-,1,2,-,1,8,,,0,.,8,8,4,7,3,,,0,.,0,5,9,0,5,4,,,0,.,8,7,8,1,4,7,,,0,.,8,9,1,3,1,3,,,S,L,,,2,0,2,0,-,1,2,-,2,1,,,0,.,8,9,1,3,1,3,,,-,1,,
U,S,D,C,H,F,m,-,0,0,0,7,,,U,S,D,C,H,F,m,,,S,H,O,R,T,,,2,0,2,0,-,1,2,-,2,4,,,0,.,8,8,7,7,3,,,0,.,0,5,7,7,2,2,,,0,.,8,8,1,2,7,4,,,0,.,8,9,4,1,8,6,,,P,T,,,2,0,2,0,-,1,2,-,3,0,,,0,.,8,8,1,2,7,4,,,1,,
U,S,D,C,H,F,m,-,0,0,0,8,,,U,S,D,C,H,F,m,,,S,H,O,R,T,,,2,0,2,0,-,1,2,-,3,1,,,0,.,8,8,1,5,9,,,0,.,0,5,8,0,8,3,,,0,.,8,7,5,1,3,9,,,0,.,8,8,8,0,4,1,,,S,L,,,2,0,2,1,-,0,1,-,0,8,,,0,.,8,8,8,0,4,1,,,-,1,,
U,S,D,C,H,F,m,-,0,0,0,9,,,U,S,D,C,H,F,m,,,S,H,O,R,T,,,2,0,2,1,-,0,1,-,0,7,,,0,.,8,7,8,0,6,,,0,.,0,5,7,6,4,2,,,0,.,8,7,1,6,8,3,,,0,.,8,8,4,4,3,7,,,S,L,,,2,0,2,1,-,0,1,-,0,8,,,0,.,8,8,4,4,3,7,,,-,1,,
U,S,D,C,H,F,m,-,0,0,1,0,,,U,S,D,C,H,F,m,,,S,H,O,R,T,,,2,0,2,1,-,0,1,-,1,3,,,0,.,8,8,6,0,6,,,0,.,0,5,9,7,4,5,,,0,.,8,7,9,3,9,,,0,.,8,9,2,7,3,,,V,E,R,T,I,C,A,L,,,2,0,2,1,-,0,1,-,2,5,,,0,.,8,8,7,8,,,-,1,,
U,S,D,C,H,F,m,-,0,0,1,1,,,U,S,D,C,H,F,m,,,S,H,O,R,T,,,2,0,2,1,-,0,1,-,1,9,,,0,.,8,9,0,8,7,,,0,.,0,5,5,0,1,3,,,0,.,8,8,4,6,9,5,,,0,.,8,9,7,0,4,5,,,P,T,,,2,0,2,1,-,0,1,-,2,1,,,0,.,8,8,4,6,9,5,,,1,,
U,S,D,C,H,F,m,-,0,0,1,2,,,U,S,D,C,H,F,m,,,S,H,O,R,T,,,2,0,2,1,-,0,1,-,2,5,,,0,.,8,8,5,5,5,,,0,.,0,4,5,3,4,4,,,0,.,8,8,0,4,9,1,,,0,.,8,9,0,6,0,9,,,S,L,,,2,0,2,1,-,0,1,-,2,7,,,0,.,8,9,0,6,0,9,,,-,1,,
U,S,D,C,H,F,m,-,0,0,1,3,,,U,S,D,C,H,F,m,,,S,H,O,R,T,,,2,0,2,1,-,0,1,-,3,1,,,0,.,8,8,9,9,6,,,0,.,0,4,6,7,8,5,,,0,.,8,8,4,7,1,4,,,0,.,8,9,5,2,0,6,,,S,L,,,2,0,2,1,-,0,2,-,0,1,,,0,.,8,9,5,2,0,6,,,-,1,,
U,S,D,C,H,F,m,-,0,0,1,4,,,U,S,D,C,H,F,m,,,S,H,O,R,T,,,2,0,2,1,-,0,2,-,0,5,,,0,.,9,0,4,0,1,,,0,.,0,4,9,8,1,8,,,0,.,8,9,8,3,3,6,,,0,.,9,0,9,6,8,4,,,P,T,,,2,0,2,1,-,0,2,-,0,7,,,0,.,8,9,8,3,3,6,,,1,,
U,S,D,C,H,F,m,-,0,0,1,5,,,U,S,D,C,H,F,m,,,S,H,O,R,T,,,2,0,2,1,-,0,2,-,1,1,,,0,.,8,9,0,2,2,,,0,.,0,4,8,0,5,5,,,0,.,8,8,4,8,3,,,0,.,8,9,5,6,1,,,S,L,,,2,0,2,1,-,0,2,-,1,7,,,0,.,8,9,5,6,1,,,-,1,,
U,S,D,C,H,F,m,-,0,0,1,6,,,U,S,D,C,H,F,m,,,S,H,O,R,T,,,2,0,2,1,-,0,2,-,1,7,,,0,.,8,9,3,5,3,,,0,.,0,4,7,0,4,,,0,.,8,8,8,2,3,4,,,0,.,8,9,8,8,2,6,,,S,L,,,2,0,2,1,-,0,2,-,1,8,,,0,.,8,9,8,8,2,6,,,-,1,,
U,S,D,C,H,F,m,-,0,0,1,7,,,U,S,D,C,H,F,m,,,S,H,O,R,T,,,2,0,2,1,-,0,2,-,2,3,,,0,.,8,9,5,7,8,,,0,.,0,4,6,9,9,3,,,0,.,8,9,0,4,7,6,,,0,.,9,0,1,0,8,4,,,S,L,,,2,0,2,1,-,0,2,-,2,4,,,0,.,9,0,1,0,8,4,,,-,1,,
U,S,D,C,H,F,m,-,0,0,1,8,,,U,S,D,C,H,F,m,,,S,H,O,R,T,,,2,0,2,1,-,0,3,-,2,4,,,0,.,9,3,4,4,,,0,.,0,6,6,2,8,2,,,0,.,9,2,6,5,9,7,,,0,.,9,4,2,2,0,3,,,S,L,,,2,0,2,1,-,0,3,-,3,0,,,0,.,9,4,2,2,0,3,,,-,1,,
U,S,D,C,H,F,m,-,0,0,1,9,,,U,S,D,C,H,F,m,,,S,H,O,R,T,,,2,0,2,1,-,0,3,-,3,0,,,0,.,9,3,8,9,6,,,0,.,0,6,5,7,2,2,,,0,.,9,3,1,1,8,5,,,0,.,9,4,6,7,3,5,,,S,L,,,2,0,2,1,-,0,4,-,0,1,,,0,.,9,4,6,7,3,5,,,-,1,,
U,S,D,C,H,F,m,-,0,0,2,0,,,U,S,D,C,H,F,m,,,S,H,O,R,T,,,2,0,2,1,-,0,4,-,0,5,,,0,.,9,4,2,0,2,,,0,.,0,6,5,1,7,5,,,0,.,9,3,4,2,8,5,,,0,.,9,4,9,7,5,5,,,P,T,,,2,0,2,1,-,0,4,-,0,6,,,0,.,9,3,4,2,8,5,,,1,,
U,S,D,C,H,F,m,-,0,0,2,1,,,U,S,D,C,H,F,m,,,S,H,O,R,T,,,2,0,2,1,-,0,4,-,1,1,,,0,.,9,2,4,7,2,,,0,.,0,6,9,1,8,,,0,.,9,1,6,6,6,,,0,.,9,3,2,7,8,,,P,T,,,2,0,2,1,-,0,4,-,1,9,,,0,.,9,1,6,6,6,,,1,,
U,S,D,C,H,F,m,-,0,0,2,2,,,U,S,D,C,H,F,m,,,S,H,O,R,T,,,2,0,2,1,-,0,4,-,1,6,,,0,.,9,2,1,9,4,,,0,.,0,6,7,0,2,5,,,0,.,9,1,4,1,5,5,,,0,.,9,2,9,7,2,5,,,P,T,,,2,0,2,1,-,0,4,-,1,9,,,0,.,9,1,4,1,5,5,,,1,,
U,S,D,C,H,F,m,-,0,0,2,3,,,U,S,D,C,H,F,m,,,S,H,O,R,T,,,2,0,2,1,-,0,4,-,2,2,,,0,.,9,1,6,6,9,,,0,.,0,6,6,6,5,8,,,0,.,9,0,8,9,9,2,,,0,.,9,2,4,3,8,8,,,P,T,,,2,0,2,1,-,0,4,-,2,8,,,0,.,9,0,8,9,9,2,,,1,,
U,S,D,C,H,F,m,-,0,0,2,4,,,U,S,D,C,H,F,m,,,S,H,O,R,T,,,2,0,2,1,-,0,4,-,2,8,,,0,.,9,1,4,0,3,,,0,.,0,6,5,6,3,8,,,0,.,9,0,6,4,7,1,,,0,.,9,2,1,5,8,9,,,P,T,,,2,0,2,1,-,0,5,-,0,7,,,0,.,9,0,6,4,7,1,,,1,,
U,S,D,C,H,F,m,-,0,0,2,5,,,U,S,D,C,H,F,m,,,S,H,O,R,T,,,2,0,2,1,-,0,5,-,0,4,,,0,.,9,1,1,5,4,,,0,.,0,6,3,6,0,1,,,0,.,9,0,4,2,3,6,,,0,.,9,1,8,8,4,4,,,P,T,,,2,0,2,1,-,0,5,-,0,7,,,0,.,9,0,4,2,3,6,,,1,,
U,S,D,C,H,F,m,-,0,0,2,6,,,U,S,D,C,H,F,m,,,S,H,O,R,T,,,2,0,2,1,-,0,5,-,1,0,,,0,.,9,0,0,4,7,,,0,.,0,6,4,0,8,8,,,0,.,8,9,3,1,9,9,,,0,.,9,0,7,7,4,1,,,S,L,,,2,0,2,1,-,0,5,-,1,2,,,0,.,9,0,7,7,4,1,,,-,1,,
U,S,D,C,H,F,m,-,0,0,2,7,,,U,S,D,C,H,F,m,,,S,H,O,R,T,,,2,0,2,1,-,0,5,-,1,6,,,0,.,9,0,1,1,2,,,0,.,0,6,1,8,5,4,,,0,.,8,9,4,0,9,8,,,0,.,9,0,8,1,4,2,,,P,T,,,2,0,2,1,-,0,5,-,2,5,,,0,.,8,9,4,0,9,8,,,1,,
U,S,D,C,H,F,m,-,0,0,2,8,,,U,S,D,C,H,F,m,,,S,H,O,R,T,,,2,0,2,1,-,0,5,-,2,1,,,0,.,8,9,7,5,3,,,0,.,0,6,0,9,5,7,,,0,.,8,9,0,6,3,7,,,0,.,9,0,4,4,2,3,,,V,E,R,T,I,C,A,L,,,2,0,2,1,-,0,6,-,0,2,,,0,.,8,9,8,1,7,,,-,1,,
U,S,D,C,H,F,m,-,0,0,2,9,,,U,S,D,C,H,F,m,,,S,H,O,R,T,,,2,0,2,1,-,0,5,-,2,7,,,0,.,8,9,7,7,4,,,0,.,0,5,9,4,5,9,,,0,.,8,9,1,0,1,5,,,0,.,9,0,4,4,6,5,,,S,L,,,2,0,2,1,-,0,6,-,0,3,,,0,.,9,0,4,4,6,5,,,-,1,,
U,S,D,C,H,F,m,-,0,0,3,0,,,U,S,D,C,H,F,m,,,S,H,O,R,T,,,2,0,2,1,-,0,6,-,0,2,,,0,.,8,9,7,0,7,,,0,.,0,5,1,7,4,2,,,0,.,8,9,1,2,2,2,,,0,.,9,0,2,9,1,8,,,S,L,,,2,0,2,1,-,0,6,-,0,3,,,0,.,9,0,2,9,1,8,,,-,1,,
U,S,D,C,H,F,m,-,0,0,3,1,,,U,S,D,C,H,F,m,,,S,H,O,R,T,,,2,0,2,1,-,0,6,-,0,8,,,0,.,8,9,7,6,8,,,0,.,0,5,2,9,7,4,,,0,.,8,9,1,6,8,9,,,0,.,9,0,3,6,7,1,,,S,L,,,2,0,2,1,-,0,6,-,1,6,,,0,.,9,0,3,6,7,1,,,-,1,,
U,S,D,C,H,F,m,-,0,0,3,2,,,U,S,D,C,H,F,m,,,S,H,O,R,T,,,2,0,2,1,-,0,6,-,1,4,,,0,.,8,9,7,8,4,,,0,.,0,5,1,9,1,2,,,0,.,8,9,1,9,6,8,,,0,.,9,0,3,7,1,2,,,S,L,,,2,0,2,1,-,0,6,-,1,6,,,0,.,9,0,3,7,1,2,,,-,1,,
U,S,D,C,H,F,m,-,0,0,3,3,,,U,S,D,C,H,F,m,,,S,H,O,R,T,,,2,0,2,1,-,0,6,-,2,0,,,0,.,9,2,2,2,4,,,0,.,0,6,0,5,7,1,,,0,.,9,1,5,2,0,2,,,0,.,9,2,9,2,7,8,,,P,T,,,2,0,2,1,-,0,6,-,2,5,,,0,.,9,1,5,2,0,2,,,1,,
U,S,D,C,H,F,m,-,0,0,3,4,,,U,S,D,C,H,F,m,,,S,H,O,R,T,,,2,0,2,1,-,0,7,-,0,1,,,0,.,9,2,5,0,5,,,0,.,0,5,9,8,6,4,,,0,.,9,1,8,0,7,3,,,0,.,9,3,2,0,2,7,,,P,T,,,2,0,2,1,-,0,7,-,0,8,,,0,.,9,1,8,0,7,3,,,1,,
U,S,D,C,H,F,m,-,0,0,3,5,,,U,S,D,C,H,F,m,,,S,H,O,R,T,,,2,0,2,1,-,0,7,-,0,7,,,0,.,9,2,4,7,,,0,.,0,5,9,4,5,9,,,0,.,9,1,7,7,7,3,,,0,.,9,3,1,6,2,7,,,P,T,,,2,0,2,1,-,0,7,-,0,8,,,0,.,9,1,7,7,7,3,,,1,,
U,S,D,C,H,F,m,-,0,0,3,6,,,U,S,D,C,H,F,m,,,S,H,O,R,T,,,2,0,2,1,-,0,7,-,1,9,,,0,.,9,1,8,5,5,,,0,.,0,6,1,9,,,0,.,9,1,1,3,8,7,,,0,.,9,2,5,7,1,3,,,P,T,,,2,0,2,1,-,0,7,-,2,8,,,0,.,9,1,1,3,8,7,,,1,,
U,S,D,C,H,F,m,-,0,0,3,7,,,U,S,D,C,H,F,m,,,S,H,O,R,T,,,2,0,2,1,-,0,7,-,2,5,,,0,.,9,1,9,2,6,,,0,.,0,5,9,8,7,4,,,0,.,9,1,2,3,2,6,,,0,.,9,2,6,1,9,4,,,P,T,,,2,0,2,1,-,0,7,-,2,8,,,0,.,9,1,2,3,2,6,,,1,,
U,S,D,C,H,F,m,-,0,0,3,8,,,U,S,D,C,H,F,m,,,S,H,O,R,T,,,2,0,2,1,-,0,8,-,0,5,,,0,.,9,0,6,5,9,,,0,.,0,5,7,1,1,4,,,0,.,9,0,0,0,6,6,,,0,.,9,1,3,1,1,4,,,S,L,,,2,0,2,1,-,0,8,-,0,6,,,0,.,9,1,3,1,1,4,,,-,1,,
U,S,D,C,H,F,m,-,0,0,3,9,,,U,S,D,C,H,F,m,,,L,O,N,G,,,2,0,2,1,-,0,9,-,1,5,,,0,.,9,2,0,0,5,,,0,.,0,5,8,2,1,6,,,0,.,9,2,6,7,9,8,,,0,.,9,1,3,3,0,2,,,P,T,,,2,0,2,1,-,0,9,-,1,6,,,0,.,9,2,6,7,9,8,,,1,,
U,S,D,C,H,F,m,-,0,0,4,0,,,U,S,D,C,H,F,m,,,L,O,N,G,,,2,0,2,1,-,0,9,-,2,1,,,0,.,9,2,7,6,8,,,0,.,0,5,6,6,3,8,,,0,.,9,3,4,3,,,0,.,9,2,1,0,6,,,P,T,,,2,0,2,1,-,0,9,-,2,9,,,0,.,9,3,4,3,,,1,,
U,S,D,C,H,F,m,-,0,0,4,1,,,U,S,D,C,H,F,m,,,L,O,N,G,,,2,0,2,1,-,0,9,-,2,7,,,0,.,9,2,4,5,8,,,0,.,0,5,6,5,7,3,,,0,.,9,3,1,1,7,,,0,.,9,1,7,9,9,,,P,T,,,2,0,2,1,-,0,9,-,2,9,,,0,.,9,3,1,1,7,,,1,,
U,S,D,C,H,F,m,-,0,0,4,2,,,U,S,D,C,H,F,m,,,L,O,N,G,,,2,0,2,1,-,1,0,-,0,3,,,0,.,9,2,9,6,,,0,.,0,5,7,6,1,8,,,0,.,9,3,6,3,4,8,,,0,.,9,2,2,8,5,2,,,S,L,,,2,0,2,1,-,1,0,-,1,4,,,0,.,9,2,2,8,5,2,,,-,1,,
U,S,D,C,H,F,m,-,0,0,4,3,,,U,S,D,C,H,F,m,,,L,O,N,G,,,2,0,2,1,-,1,0,-,0,8,,,0,.,9,2,8,5,7,,,0,.,0,5,6,2,9,7,,,0,.,9,3,5,1,5,6,,,0,.,9,2,1,9,8,4,,,S,L,,,2,0,2,1,-,1,0,-,1,4,,,0,.,9,2,1,9,8,4,,,-,1,,
U,S,D,C,H,F,m,-,0,0,4,4,,,U,S,D,C,H,F,m,,,L,O,N,G,,,2,0,2,1,-,1,0,-,1,4,,,0,.,9,2,4,0,8,,,0,.,0,5,8,3,1,6,,,0,.,9,3,0,8,6,9,,,0,.,9,1,7,2,9,1,,,S,L,,,2,0,2,1,-,1,0,-,2,1,,,0,.,9,1,7,2,9,1,,,-,1,,
U,S,D,C,H,F,m,-,0,0,4,5,,,U,S,D,C,H,F,m,,,L,O,N,G,,,2,0,2,1,-,1,0,-,2,0,,,0,.,9,2,3,0,1,,,0,.,0,5,3,8,1,5,,,0,.,9,2,9,2,6,8,,,0,.,9,1,6,7,5,2,,,S,L,,,2,0,2,1,-,1,0,-,2,2,,,0,.,9,1,6,7,5,2,,,-,1,,
U,S,D,C,H,F,m,-,0,0,4,6,,,U,S,D,C,H,F,m,,,L,O,N,G,,,2,0,2,1,-,1,0,-,2,6,,,0,.,9,1,9,9,,,0,.,0,5,1,6,1,4,,,0,.,9,2,5,8,8,2,,,0,.,9,1,3,9,1,8,,,S,L,,,2,0,2,1,-,1,0,-,2,8,,,0,.,9,1,3,9,1,8,,,-,1,,
U,S,D,C,H,F,m,-,0,0,4,7,,,U,S,D,C,H,F,m,,,L,O,N,G,,,2,0,2,1,-,1,1,-,0,1,,,0,.,9,1,6,1,1,,,0,.,0,5,2,6,5,8,,,0,.,9,2,2,1,8,8,,,0,.,9,1,0,0,3,2,,,S,L,,,2,0,2,1,-,1,1,-,0,2,,,0,.,9,1,0,0,3,2,,,-,1,,
U,S,D,C,H,F,m,-,0,0,4,8,,,U,S,D,C,H,F,m,,,L,O,N,G,,,2,0,2,1,-,1,1,-,0,7,,,0,.,9,1,2,3,3,,,0,.,0,5,3,7,9,1,,,0,.,9,1,8,5,1,3,,,0,.,9,0,6,1,4,7,,,P,T,,,2,0,2,1,-,1,1,-,1,0,,,0,.,9,1,8,5,1,3,,,1,,
U,S,D,C,H,F,m,-,0,0,4,9,,,U,S,D,C,H,F,m,,,L,O,N,G,,,2,0,2,1,-,1,1,-,1,2,,,0,.,9,2,1,2,,,0,.,0,5,5,0,9,8,,,0,.,9,2,7,5,9,5,,,0,.,9,1,4,8,0,5,,,P,T,,,2,0,2,1,-,1,1,-,1,6,,,0,.,9,2,7,5,9,5,,,1,,
U,S,D,C,H,F,m,-,0,0,5,0,,,U,S,D,C,H,F,m,,,L,O,N,G,,,2,0,2,1,-,1,1,-,1,8,,,0,.,9,2,8,5,4,,,0,.,0,5,4,5,5,8,,,0,.,9,3,4,9,2,2,,,0,.,9,2,2,1,5,8,,,P,T,,,2,0,2,1,-,1,1,-,2,4,,,0,.,9,3,4,9,2,2,,,1,,
U,S,D,C,H,F,m,-,0,0,5,1,,,U,S,D,C,H,F,m,,,L,O,N,G,,,2,0,2,1,-,1,1,-,2,4,,,0,.,9,3,3,3,9,,,0,.,0,5,4,7,1,,,0,.,9,3,9,8,2,4,,,0,.,9,2,6,9,5,6,,,S,L,,,2,0,2,1,-,1,1,-,2,6,,,0,.,9,2,6,9,5,6,,,-,1,,
U,S,D,C,H,F,m,-,0,0,5,2,,,U,S,D,C,H,F,m,,,L,O,N,G,,,2,0,2,1,-,1,1,-,3,0,,,0,.,9,2,2,8,6,,,0,.,0,5,6,0,8,4,,,0,.,9,2,9,3,8,1,,,0,.,9,1,6,3,3,9,,,V,E,R,T,I,C,A,L,,,2,0,2,1,-,1,2,-,1,2,,,0,.,9,2,1,2,4,,,-,1,,
U,S,D,C,H,F,m,-,0,0,5,3,,,U,S,D,C,H,F,m,,,L,O,N,G,,,2,0,2,1,-,1,2,-,0,6,,,0,.,9,1,8,4,9,,,0,.,0,5,6,2,8,8,,,0,.,9,2,5,0,0,4,,,0,.,9,1,1,9,7,6,,,P,T,,,2,0,2,1,-,1,2,-,0,7,,,0,.,9,2,5,0,0,4,,,1,,
U,S,D,C,H,F,m,-,0,0,5,4,,,U,S,D,C,H,F,m,,,L,O,N,G,,,2,0,2,1,-,1,2,-,1,2,,,0,.,9,2,0,6,4,,,0,.,0,5,8,3,1,6,,,0,.,9,2,7,4,0,4,,,0,.,9,1,3,8,7,6,,,P,T,,,2,0,2,1,-,1,2,-,1,5,,,0,.,9,2,7,4,0,4,,,1,,
U,S,D,C,H,F,m,-,0,0,5,5,,,U,S,D,C,H,F,m,,,L,O,N,G,,,2,0,2,1,-,1,2,-,1,7,,,0,.,9,1,8,9,4,,,0,.,0,5,8,2,7,3,,,0,.,9,2,5,6,8,7,,,0,.,9,1,2,1,9,3,,,V,E,R,T,I,C,A,L,,,2,0,2,1,-,1,2,-,2,9,,,0,.,9,1,3,8,7,,,-,1,,
U,S,D,C,H,F,m,-,0,0,5,6,,,U,S,D,C,H,F,m,,,L,O,N,G,,,2,0,2,1,-,1,2,-,2,3,,,0,.,9,1,9,4,6,,,0,.,0,5,8,0,7,4,,,0,.,9,2,6,1,8,7,,,0,.,9,1,2,7,3,3,,,S,L,,,2,0,2,1,-,1,2,-,2,9,,,0,.,9,1,2,7,3,3,,,-,1,,
U,S,D,C,H,F,m,-,0,0,5,7,,,U,S,D,C,H,F,m,,,L,O,N,G,,,2,0,2,1,-,1,2,-,2,9,,,0,.,9,1,7,1,2,,,0,.,0,5,7,4,0,5,,,0,.,9,2,3,7,5,3,,,0,.,9,1,0,4,8,7,,,S,L,,,2,0,2,1,-,1,2,-,3,1,,,0,.,9,1,0,4,8,7,,,-,1,,
U,S,D,C,H,F,m,-,0,0,5,8,,,U,S,D,C,H,F,m,,,L,O,N,G,,,2,0,2,2,-,0,1,-,0,4,,,0,.,9,1,8,3,6,,,0,.,0,5,9,1,6,8,,,0,.,9,2,5,2,0,6,,,0,.,9,1,1,5,1,4,,,P,T,,,2,0,2,2,-,0,1,-,1,0,,,0,.,9,2,5,2,0,6,,,1,,
U,S,D,C,H,F,m,-,0,0,5,9,,,U,S,D,C,H,F,m,,,L,O,N,G,,,2,0,2,2,-,0,1,-,1,0,,,0,.,9,1,8,8,5,,,0,.,0,5,5,8,4,1,,,0,.,9,2,5,3,1,4,,,0,.,9,1,2,3,8,6,,,P,T,,,2,0,2,2,-,0,1,-,1,1,,,0,.,9,2,5,3,1,4,,,1,,
U,S,D,C,H,F,m,-,0,0,6,0,,,U,S,D,C,H,F,m,,,L,O,N,G,,,2,0,2,2,-,0,1,-,1,6,,,0,.,9,1,2,4,,,0,.,0,6,2,1,3,9,,,0,.,9,1,9,5,4,3,,,0,.,9,0,5,2,5,7,,,P,T,,,2,0,2,2,-,0,1,-,2,5,,,0,.,9,1,9,5,4,3,,,1,,
U,S,D,C,H,F,m,-,0,0,6,1,,,U,S,D,C,H,F,m,,,L,O,N,G,,,2,0,2,2,-,0,1,-,2,1,,,0,.,9,1,6,8,9,,,0,.,0,5,9,8,8,8,,,0,.,9,2,3,8,0,8,,,0,.,9,0,9,9,7,2,,,P,T,,,2,0,2,2,-,0,1,-,2,6,,,0,.,9,2,3,8,0,8,,,1,,
U,S,D,C,H,F,m,-,0,0,6,2,,,U,S,D,C,H,F,m,,,L,O,N,G,,,2,0,2,2,-,0,1,-,2,7,,,0,.,9,2,3,9,7,,,0,.,0,6,1,0,0,4,,,0,.,9,3,1,0,7,1,,,0,.,9,1,6,8,6,9,,,P,T,,,2,0,2,2,-,0,1,-,2,8,,,0,.,9,3,1,0,7,1,,,1,,
U,S,D,C,H,F,m,-,0,0,6,3,,,U,S,D,C,H,F,m,,,L,O,N,G,,,2,0,2,2,-,0,2,-,0,8,,,0,.,9,2,3,0,3,,,0,.,0,5,9,4,4,,,0,.,9,2,9,9,4,2,,,0,.,9,1,6,1,1,8,,,V,E,R,T,I,C,A,L,,,2,0,2,2,-,0,2,-,2,0,,,0,.,9,2,0,8,7,,,-,1,,
U,S,D,C,H,F,m,-,0,0,6,4,,,U,S,D,C,H,F,m,,,L,O,N,G,,,2,0,2,2,-,0,2,-,1,4,,,0,.,9,2,4,7,3,,,0,.,0,5,7,3,7,1,,,0,.,9,3,1,4,1,4,,,0,.,9,1,8,0,4,6,,,S,L,,,2,0,2,2,-,0,2,-,2,1,,,0,.,9,1,8,0,4,6,,,-,1,,
U,S,D,C,H,F,m,-,0,0,6,5,,,U,S,D,C,H,F,m,,,L,O,N,G,,,2,0,2,2,-,0,2,-,2,0,,,0,.,9,2,0,5,3,,,0,.,0,5,6,4,4,2,,,0,.,9,2,7,0,7,6,,,0,.,9,1,3,9,8,4,,,P,T,,,2,0,2,2,-,0,2,-,2,4,,,0,.,9,2,7,0,7,6,,,1,,
U,S,D,C,H,F,m,-,0,0,6,6,,,U,S,D,C,H,F,m,,,L,O,N,G,,,2,0,2,2,-,0,2,-,2,5,,,0,.,9,2,5,7,3,,,0,.,0,6,0,0,1,4,,,0,.,9,3,2,7,2,9,,,0,.,9,1,8,7,3,1,,,S,L,,,2,0,2,2,-,0,2,-,2,8,,,0,.,9,1,8,7,3,1,,,-,1,,
U,S,D,C,H,F,m,-,0,0,6,7,,,U,S,D,C,H,F,m,,,L,O,N,G,,,2,0,2,2,-,0,4,-,1,3,,,0,.,9,3,2,6,1,,,0,.,0,5,5,2,6,4,,,0,.,9,3,9,1,0,3,,,0,.,9,2,6,1,1,7,,,P,T,,,2,0,2,2,-,0,4,-,1,4,,,0,.,9,3,9,1,0,3,,,1,,
U,S,D,C,H,F,m,-,0,0,6,8,,,U,S,D,C,H,F,m,,,L,O,N,G,,,2,0,2,2,-,0,4,-,1,9,,,0,.,9,4,4,8,3,,,0,.,0,5,7,2,4,,,0,.,9,5,1,6,4,4,,,0,.,9,3,8,0,1,6,,,P,T,,,2,0,2,2,-,0,4,-,2,0,,,0,.,9,5,1,6,4,4,,,1,,
U,S,D,C,H,F,m,-,0,0,6,9,,,U,S,D,C,H,F,m,,,L,O,N,G,,,2,0,2,3,-,0,1,-,3,0,,,0,.,9,2,0,6,7,,,0,.,0,7,8,0,8,6,,,0,.,9,2,9,7,2,7,,,0,.,9,1,1,6,1,3,,,S,L,,,2,0,2,3,-,0,2,-,0,1,,,0,.,9,1,1,6,1,3,,,-,1,,
U,S,D,C,H,F,m,-,0,0,7,0,,,U,S,D,C,H,F,m,,,S,H,O,R,T,,,2,0,2,3,-,0,2,-,2,8,,,0,.,9,3,5,6,9,,,0,.,0,7,9,7,8,9,,,0,.,9,2,6,2,8,4,,,0,.,9,4,5,0,9,6,,,P,T,,,2,0,2,3,-,0,3,-,1,0,,,0,.,9,2,6,2,8,4,,,1,,
U,S,D,C,H,F,m,-,0,0,7,1,,,U,S,D,C,H,F,m,,,S,H,O,R,T,,,2,0,2,3,-,0,3,-,0,6,,,0,.,9,3,6,9,9,,,0,.,0,8,1,6,8,,,0,.,9,2,7,3,4,8,,,0,.,9,4,6,6,3,2,,,P,T,,,2,0,2,3,-,0,3,-,1,0,,,0,.,9,2,7,3,4,8,,,1,,
U,S,D,C,H,F,m,-,0,0,7,2,,,U,S,D,C,H,F,m,,,S,H,O,R,T,,,2,0,2,3,-,0,4,-,2,7,,,0,.,8,9,0,8,7,,,0,.,0,8,6,6,3,7,,,0,.,8,8,1,1,4,6,,,0,.,9,0,0,5,9,4,,,V,E,R,T,I,C,A,L,,,2,0,2,3,-,0,5,-,0,9,,,0,.,8,9,0,1,4,,,1,,
U,S,D,C,H,F,m,-,0,0,7,3,,,U,S,D,C,H,F,m,,,S,H,O,R,T,,,2,0,2,3,-,0,5,-,2,6,,,0,.,9,0,5,0,8,,,0,.,0,6,5,7,5,9,,,0,.,8,9,7,5,8,2,,,0,.,9,1,2,5,7,8,,,S,L,,,2,0,2,3,-,0,5,-,3,1,,,0,.,9,1,2,5,7,8,,,-,1,,
U,S,D,C,H,F,m,-,0,0,7,4,,,U,S,D,C,H,F,m,,,S,H,O,R,T,,,2,0,2,3,-,0,6,-,0,1,,,0,.,9,0,9,9,7,,,0,.,0,6,3,4,1,8,,,0,.,9,0,2,6,9,9,,,0,.,9,1,7,2,4,1,,,P,T,,,2,0,2,3,-,0,6,-,0,8,,,0,.,9,0,2,6,9,9,,,1,,
U,S,D,C,H,F,m,-,0,0,7,5,,,U,S,D,C,H,F,m,,,S,H,O,R,T,,,2,0,2,3,-,0,6,-,0,7,,,0,.,9,0,7,0,8,,,0,.,0,6,2,8,9,1,,,0,.,8,9,9,8,9,3,,,0,.,9,1,4,2,6,7,,,P,T,,,2,0,2,3,-,0,6,-,0,8,,,0,.,8,9,9,8,9,3,,,1,,
U,S,D,C,H,F,m,-,0,0,7,6,,,U,S,D,C,H,F,m,,,S,H,O,R,T,,,2,0,2,3,-,0,6,-,1,3,,,0,.,9,0,8,5,6,,,0,.,0,6,5,3,8,7,,,0,.,9,0,1,0,7,5,,,0,.,9,1,6,0,4,5,,,P,T,,,2,0,2,3,-,0,6,-,1,4,,,0,.,9,0,1,0,7,5,,,1,,
U,S,D,C,H,F,m,-,0,0,7,7,,,U,S,D,C,H,F,m,,,S,H,O,R,T,,,2,0,2,3,-,0,6,-,1,9,,,0,.,8,9,4,5,1,,,0,.,0,6,8,5,5,8,,,0,.,8,8,6,7,8,4,,,0,.,9,0,2,2,3,6,,,V,E,R,T,I,C,A,L,,,2,0,2,3,-,0,6,-,3,0,,,0,.,8,9,5,1,4,,,-,1,,
U,S,D,C,H,F,m,-,0,0,7,8,,,U,S,D,C,H,F,m,,,S,H,O,R,T,,,2,0,2,3,-,0,6,-,2,5,,,0,.,8,9,5,6,4,,,0,.,0,6,4,0,6,9,,,0,.,8,8,8,4,1,,,0,.,9,0,2,8,7,,,V,E,R,T,I,C,A,L,,,2,0,2,3,-,0,7,-,0,6,,,0,.,8,9,5,3,,,1,,
U,S,D,C,H,F,m,-,0,0,7,9,,,U,S,D,C,H,F,m,,,S,H,O,R,T,,,2,0,2,3,-,0,6,-,3,0,,,0,.,8,9,9,1,6,,,0,.,0,6,2,7,1,6,,,0,.,8,9,2,0,5,5,,,0,.,9,0,6,2,6,5,,,P,T,,,2,0,2,3,-,0,7,-,0,7,,,0,.,8,9,2,0,5,5,,,1,,
U,S,D,C,H,F,m,-,0,0,8,0,,,U,S,D,C,H,F,m,,,S,H,O,R,T,,,2,0,2,3,-,0,7,-,0,6,,,0,.,8,9,8,5,3,,,0,.,0,6,1,1,4,1,,,0,.,8,9,1,6,0,9,,,0,.,9,0,5,4,5,1,,,P,T,,,2,0,2,3,-,0,7,-,0,7,,,0,.,8,9,1,6,0,9,,,1,,
U,S,D,C,H,F,m,-,0,0,8,1,,,U,S,D,C,H,F,m,,,S,H,O,R,T,,,2,0,2,3,-,0,7,-,1,2,,,0,.,8,7,8,7,3,,,0,.,0,6,1,6,0,6,,,0,.,8,7,1,9,1,,,0,.,8,8,5,5,5,,,P,T,,,2,0,2,3,-,0,7,-,1,3,,,0,.,8,7,1,9,1,,,1,,
U,S,D,C,H,F,m,-,0,0,8,2,,,U,S,D,C,H,F,m,,,S,H,O,R,T,,,2,0,2,3,-,0,7,-,1,8,,,0,.,8,6,0,3,3,,,0,.,0,6,8,9,3,3,,,0,.,8,5,2,8,5,8,,,0,.,8,6,7,8,0,2,,,S,L,,,2,0,2,3,-,0,7,-,2,0,,,0,.,8,6,7,8,0,2,,,-,1,,
U,S,D,C,H,F,m,-,0,0,8,3,,,U,S,D,C,H,F,m,,,S,H,O,R,T,,,2,0,2,3,-,0,8,-,1,0,,,0,.,8,7,6,9,5,,,0,.,0,7,1,7,,,0,.,8,6,9,0,2,8,,,0,.,8,8,4,8,7,2,,,V,E,R,T,I,C,A,L,,,2,0,2,3,-,0,8,-,2,2,,,0,.,8,8,0,1,1,,,-,1,,
U,S,D,C,H,F,m,-,0,0,8,4,,,U,S,D,C,H,F,m,,,S,H,O,R,T,,,2,0,2,3,-,0,8,-,1,6,,,0,.,8,7,8,6,5,,,0,.,0,7,0,4,9,9,,,0,.,8,7,0,8,4,6,,,0,.,8,8,6,4,5,4,,,S,L,,,2,0,2,3,-,0,8,-,2,5,,,0,.,8,8,6,4,5,4,,,-,1,,
U,S,D,C,H,F,m,-,0,0,8,5,,,U,S,D,C,H,F,m,,,S,H,O,R,T,,,2,0,2,3,-,0,8,-,2,2,,,0,.,8,7,8,5,1,,,0,.,0,6,5,6,0,5,,,0,.,8,7,1,2,4,9,,,0,.,8,8,5,7,7,1,,,S,L,,,2,0,2,3,-,0,8,-,2,5,,,0,.,8,8,5,7,7,1,,,-,1,,
U,S,D,C,H,F,m,-,0,0,8,6,,,U,S,D,C,H,F,m,,,S,H,O,R,T,,,2,0,2,3,-,0,8,-,2,8,,,0,.,8,8,4,8,,,0,.,0,6,4,8,9,3,,,0,.,8,7,7,5,6,6,,,0,.,8,9,2,0,3,4,,,P,T,,,2,0,2,3,-,0,8,-,2,9,,,0,.,8,7,7,5,6,6,,,1,,
U,S,D,C,H,F,m,-,0,0,8,7,,,U,S,D,C,H,F,m,,,S,H,O,R,T,,,2,0,2,3,-,0,9,-,0,3,,,0,.,8,8,4,5,3,,,0,.,0,6,5,5,9,1,,,0,.,8,7,7,2,2,,,0,.,8,9,1,8,4,,,S,L,,,2,0,2,3,-,0,9,-,0,6,,,0,.,8,9,1,8,4,,,-,1,,
U,S,D,C,H,F,m,-,0,0,8,8,,,U,S,D,C,H,F,m,,,S,H,O,R,T,,,2,0,2,3,-,0,9,-,0,8,,,0,.,8,9,2,6,7,,,0,.,0,6,5,3,7,1,,,0,.,8,8,5,3,1,8,,,0,.,9,0,0,0,2,2,,,V,E,R,T,I,C,A,L,,,2,0,2,3,-,0,9,-,2,0,,,0,.,8,9,9,3,9,,,-,1,,
U,S,D,C,H,F,m,-,0,0,8,9,,,U,S,D,C,H,F,m,,,S,H,O,R,T,,,2,0,2,3,-,0,9,-,1,4,,,0,.,8,9,3,4,6,,,0,.,0,6,5,0,0,1,,,0,.,8,8,6,1,4,3,,,0,.,9,0,0,7,7,7,,,S,L,,,2,0,2,3,-,0,9,-,2,1,,,0,.,9,0,0,7,7,7,,,-,1,,
U,S,D,C,H,F,m,-,0,0,9,0,,,U,S,D,C,H,F,m,,,S,H,O,R,T,,,2,0,2,3,-,0,9,-,2,0,,,0,.,8,9,7,3,2,,,0,.,0,5,3,4,3,5,,,0,.,8,9,1,2,7,9,,,0,.,9,0,3,3,6,1,,,S,L,,,2,0,2,3,-,0,9,-,2,1,,,0,.,9,0,3,3,6,1,,,-,1,,
U,S,D,C,H,F,m,-,0,0,9,1,,,U,S,D,C,H,F,m,,,S,H,O,R,T,,,2,0,2,3,-,0,9,-,2,6,,,0,.,9,1,2,1,2,,,0,.,0,5,0,5,7,8,,,0,.,9,0,6,3,0,8,,,0,.,9,1,7,9,3,2,,,S,L,,,2,0,2,3,-,0,9,-,2,7,,,0,.,9,1,7,9,3,2,,,-,1,,
U,S,D,C,H,F,m,-,0,0,9,2,,,U,S,D,C,H,F,m,,,S,H,O,R,T,,,2,0,2,3,-,1,0,-,0,2,,,0,.,9,1,5,4,8,,,0,.,0,5,0,4,0,5,,,0,.,9,0,9,6,6,6,,,0,.,9,2,1,2,9,4,,,S,L,,,2,0,2,3,-,1,0,-,0,3,,,0,.,9,2,1,2,9,4,,,-,1,,
U,S,D,C,H,F,m,-,0,0,9,3,,,U,S,D,C,H,F,m,,,S,H,O,R,T,,,2,0,2,3,-,1,0,-,0,8,,,0,.,9,0,7,9,5,,,0,.,0,4,8,3,8,8,,,0,.,9,0,2,4,1,5,,,0,.,9,1,3,4,8,5,,,P,T,,,2,0,2,3,-,1,0,-,1,1,,,0,.,9,0,2,4,1,5,,,1,,
U,S,D,C,H,F,m,-,0,0,9,4,,,U,S,D,C,H,F,m,,,S,H,O,R,T,,,2,0,2,3,-,1,0,-,2,5,,,0,.,8,9,3,0,6,,,0,.,0,5,5,4,7,5,,,0,.,8,8,6,8,1,8,,,0,.,8,9,9,3,0,2,,,S,L,,,2,0,2,3,-,1,0,-,2,6,,,0,.,8,9,9,3,0,2,,,-,1,,
U,S,D,C,H,F,m,-,0,0,9,5,,,U,S,D,C,H,F,m,,,L,O,N,G,,,2,0,2,3,-,1,1,-,0,6,,,0,.,8,9,9,0,9,,,0,.,0,5,7,7,7,3,,,0,.,9,0,5,6,3,4,,,0,.,8,9,2,5,4,6,,,S,L,,,2,0,2,3,-,1,1,-,1,4,,,0,.,8,9,2,5,4,6,,,-,1,,
U,S,D,C,H,F,m,-,0,0,9,6,,,U,S,D,C,H,F,m,,,S,H,O,R,T,,,2,0,2,3,-,1,2,-,2,9,,,0,.,8,4,3,4,3,,,0,.,0,6,3,8,8,5,,,0,.,8,3,6,6,4,1,,,0,.,8,5,0,2,1,9,,,S,L,,,2,0,2,4,-,0,1,-,0,2,,,0,.,8,5,0,2,1,9,,,-,1,,
U,S,D,C,H,F,m,-,0,0,9,7,,,U,S,D,C,H,F,m,,,S,H,O,R,T,,,2,0,2,4,-,0,1,-,1,1,,,0,.,8,5,0,5,,,0,.,0,6,4,1,7,,,0,.,8,4,3,6,2,4,,,0,.,8,5,7,3,7,6,,,S,L,,,2,0,2,4,-,0,1,-,1,6,,,0,.,8,5,7,3,7,6,,,-,1,,
U,S,D,C,H,F,m,-,0,0,9,8,,,U,S,D,C,H,F,m,,,S,H,O,R,T,,,2,0,2,4,-,0,1,-,1,7,,,0,.,8,6,1,4,3,,,0,.,0,6,4,7,3,7,,,0,.,8,5,4,4,0,4,,,0,.,8,6,8,4,5,6,,,S,L,,,2,0,2,4,-,0,1,-,1,8,,,0,.,8,6,8,4,5,6,,,-,1,,
U,S,D,C,H,F,m,-,0,0,9,9,,,U,S,D,C,H,F,m,,,S,H,O,R,T,,,2,0,2,4,-,0,1,-,2,3,,,0,.,8,6,9,1,5,,,0,.,0,6,5,2,0,6,,,0,.,8,6,2,0,1,,,0,.,8,7,6,2,9,,,P,T,,,2,0,2,4,-,0,1,-,2,4,,,0,.,8,6,2,0,1,,,1,,
U,S,D,C,H,F,m,-,0,1,0,0,,,U,S,D,C,H,F,m,,,S,H,O,R,T,,,2,0,2,4,-,0,1,-,2,9,,,0,.,8,6,4,2,8,,,0,.,0,6,1,8,9,5,,,0,.,8,5,7,5,4,,,0,.,8,7,1,0,2,,,P,T,,,2,0,2,4,-,0,1,-,3,1,,,0,.,8,5,7,5,4,,,1,,
U,S,D,C,H,F,m,-,0,1,0,1,,,U,S,D,C,H,F,m,,,S,H,O,R,T,,,2,0,2,4,-,0,2,-,0,4,,,0,.,8,6,5,2,7,,,0,.,0,6,7,1,9,3,,,0,.,8,5,7,9,4,5,,,0,.,8,7,2,5,9,5,,,S,L,,,2,0,2,4,-,0,2,-,0,6,,,0,.,8,7,2,5,9,5,,,-,1,,
U,S,D,C,H,F,m,-,0,1,0,2,,,U,S,D,C,H,F,m,,,S,H,O,R,T,,,2,0,2,4,-,0,2,-,0,9,,,0,.,8,7,3,4,5,,,0,.,0,6,7,5,7,4,,,0,.,8,6,6,0,1,4,,,0,.,8,8,0,8,8,6,,,S,L,,,2,0,2,4,-,0,2,-,1,3,,,0,.,8,8,0,8,8,6,,,-,1,,
U,S,D,C,H,F,m,-,0,1,0,3,,,U,S,D,C,H,F,m,,,S,H,O,R,T,,,2,0,2,4,-,0,2,-,1,5,,,0,.,8,8,5,1,9,,,0,.,0,7,0,6,2,,,0,.,8,7,7,3,1,4,,,0,.,8,9,3,0,6,6,,,P,T,,,2,0,2,4,-,0,2,-,2,2,,,0,.,8,7,7,3,1,4,,,1,,
U,S,D,C,H,F,m,-,0,1,0,4,,,U,S,D,C,H,F,m,,,S,H,O,R,T,,,2,0,2,4,-,0,2,-,2,1,,,0,.,8,8,1,8,7,,,0,.,0,7,1,2,2,6,,,0,.,8,7,3,9,5,6,,,0,.,8,8,9,7,8,4,,,V,E,R,T,I,C,A,L,,,2,0,2,4,-,0,3,-,0,4,,,0,.,8,8,5,1,9,,,-,1,,
U,S,D,C,H,F,m,-,0,1,0,5,,,U,S,D,C,H,F,m,,,S,H,O,R,T,,,2,0,2,4,-,0,2,-,2,7,,,0,.,8,8,0,0,2,,,0,.,0,6,9,4,1,6,,,0,.,8,7,2,3,2,4,,,0,.,8,8,7,7,1,6,,,S,L,,,2,0,2,4,-,0,3,-,0,1,,,0,.,8,8,7,7,1,6,,,-,1,,
U,S,D,C,H,F,m,-,0,1,0,6,,,U,S,D,C,H,F,m,,,S,H,O,R,T,,,2,0,2,4,-,0,3,-,0,4,,,0,.,8,8,3,3,8,,,0,.,0,6,6,3,5,9,,,0,.,8,7,5,9,9,5,,,0,.,8,9,0,7,6,5,,,P,T,,,2,0,2,4,-,0,3,-,0,8,,,0,.,8,7,5,9,9,5,,,1,,
U,S,D,C,H,F,m,-,0,1,0,7,,,U,S,D,C,H,F,m,,,S,H,O,R,T,,,2,0,2,4,-,0,3,-,1,0,,,0,.,8,7,5,0,7,,,0,.,0,6,1,0,5,3,,,0,.,8,6,8,3,3,9,,,0,.,8,8,1,8,0,1,,,S,L,,,2,0,2,4,-,0,3,-,1,4,,,0,.,8,8,1,8,0,1,,,-,1,,
U,S,D,C,H,F,m,-,0,1,0,8,,,U,S,D,C,H,F,m,,,S,H,O,R,T,,,2,0,2,4,-,0,3,-,1,5,,,0,.,8,8,4,2,5,,,0,.,0,5,8,5,4,,,0,.,8,7,7,7,2,8,,,0,.,8,9,0,7,7,2,,,S,L,,,2,0,2,4,-,0,3,-,2,0,,,0,.,8,9,0,7,7,2,,,-,1,,
U,S,D,C,H,F,m,-,0,1,0,9,,,U,S,D,C,H,F,m,,,S,H,O,R,T,,,2,0,2,4,-,0,3,-,2,1,,,0,.,8,8,5,6,2,,,0,.,0,5,8,2,7,9,,,0,.,8,7,9,1,1,7,,,0,.,8,9,2,1,2,3,,,S,L,,,2,0,2,4,-,0,3,-,2,2,,,0,.,8,9,2,1,2,3,,,-,1,,
U,S,D,C,H,F,m,-,0,1,1,0,,,U,S,D,C,H,F,m,,,S,H,O,R,T,,,2,0,2,4,-,0,3,-,2,7,,,0,.,9,0,3,6,1,,,0,.,0,6,3,3,,,0,.,8,9,6,4,0,4,,,0,.,9,1,0,8,1,6,,,V,E,R,T,I,C,A,L,,,2,0,2,4,-,0,4,-,0,8,,,0,.,9,0,5,1,1,,,-,1,,
U,S,D,C,H,F,m,-,0,1,1,1,,,U,S,D,C,H,F,m,,,S,H,O,R,T,,,2,0,2,4,-,0,4,-,0,2,,,0,.,9,0,5,0,1,,,0,.,0,6,4,3,8,7,,,0,.,8,9,7,6,6,9,,,0,.,9,1,2,3,5,1,,,S,L,,,2,0,2,4,-,0,4,-,1,0,,,0,.,9,1,2,3,5,1,,,-,1,,
U,S,D,C,H,F,m,-,0,1,1,2,,,U,S,D,C,H,F,m,,,S,H,O,R,T,,,2,0,2,4,-,0,4,-,0,8,,,0,.,9,0,3,1,7,,,0,.,0,6,1,9,7,,,0,.,8,9,6,1,1,9,,,0,.,9,1,0,2,2,1,,,S,L,,,2,0,2,4,-,0,4,-,1,0,,,0,.,9,1,0,2,2,1,,,-,1,,
U,S,D,C,H,F,m,-,0,1,1,3,,,U,S,D,C,H,F,m,,,S,H,O,R,T,,,2,0,2,4,-,0,4,-,1,4,,,0,.,9,1,0,5,4,,,0,.,0,6,2,2,3,3,,,0,.,9,0,3,4,0,1,,,0,.,9,1,7,6,7,9,,,P,T,,,2,0,2,4,-,0,4,-,1,9,,,0,.,9,0,3,4,0,1,,,1,,
U,S,D,C,H,F,m,-,0,1,1,4,,,U,S,D,C,H,F,m,,,L,O,N,G,,,2,0,2,4,-,0,4,-,1,9,,,0,.,9,1,2,4,5,,,0,.,0,6,1,4,6,6,,,0,.,9,1,9,5,1,6,,,0,.,9,0,5,3,8,4,,,P,T,,,2,0,2,4,-,0,4,-,3,0,,,0,.,9,1,9,5,1,6,,,1,,
U,S,D,C,H,F,m,-,0,1,1,5,,,U,S,D,C,H,F,m,,,L,O,N,G,,,2,0,2,4,-,0,5,-,1,3,,,0,.,9,0,6,4,4,,,0,.,0,5,9,7,2,1,,,0,.,9,1,3,2,6,,,0,.,8,9,9,6,2,,,S,L,,,2,0,2,4,-,0,5,-,1,6,,,0,.,8,9,9,6,2,,,-,1,,
U,S,D,C,H,F,m,-,0,1,1,6,,,U,S,D,C,H,F,m,,,L,O,N,G,,,2,0,2,4,-,0,5,-,2,4,,,0,.,9,1,4,4,2,,,0,.,0,6,0,7,1,,,0,.,9,2,1,4,1,4,,,0,.,9,0,7,4,2,6,,,S,L,,,2,0,2,4,-,0,5,-,3,0,,,0,.,9,0,7,4,2,6,,,-,1,,
U,S,D,C,H,F,m,-,0,1,1,7,,,U,S,D,C,H,F,m,,,L,O,N,G,,,2,0,2,4,-,0,5,-,3,0,,,0,.,9,1,3,1,6,,,0,.,0,5,2,9,7,8,,,0,.,9,1,9,2,5,5,,,0,.,9,0,7,0,6,5,,,S,L,,,2,0,2,4,-,0,5,-,3,1,,,0,.,9,0,7,0,6,5,,,-,1,,
U,S,D,C,H,F,m,-,0,1,1,8,,,U,S,D,C,H,F,m,,,L,O,N,G,,,2,0,2,4,-,0,6,-,0,5,,,0,.,8,9,,,0,.,0,5,9,4,6,7,,,0,.,8,9,6,6,6,8,,,0,.,8,8,3,3,3,2,,,P,T,,,2,0,2,4,-,0,6,-,0,7,,,0,.,8,9,6,6,6,8,,,1,,
U,S,D,C,H,F,m,-,0,1,1,9,,,U,S,D,C,H,F,m,,,L,O,N,G,,,2,0,2,4,-,0,6,-,1,7,,,0,.,8,9,0,7,6,,,0,.,0,6,0,5,8,8,,,0,.,8,9,7,5,5,9,,,0,.,8,8,3,9,6,1,,,S,L,,,2,0,2,4,-,0,6,-,1,8,,,0,.,8,8,3,9,6,1,,,-,1,,
U,S,D,C,H,F,m,-,0,1,2,0,,,U,S,D,C,H,F,m,,,L,O,N,G,,,2,0,2,4,-,0,6,-,2,3,,,0,.,8,9,2,4,9,,,0,.,0,5,8,2,9,9,,,0,.,8,9,9,0,4,5,,,0,.,8,8,5,9,3,5,,,P,T,,,2,0,2,4,-,0,6,-,2,8,,,0,.,8,9,9,0,4,5,,,1,,
U,S,D,C,H,F,m,-,0,1,2,1,,,U,S,D,C,H,F,m,,,S,H,O,R,T,,,2,0,2,4,-,0,6,-,2,8,,,0,.,8,9,8,5,,,0,.,0,5,8,2,8,9,,,0,.,8,9,1,9,0,2,,,0,.,9,0,5,0,9,8,,,V,E,R,T,I,C,A,L,,,2,0,2,4,-,0,7,-,1,0,,,0,.,8,9,9,1,6,,,-,1,,
U,S,D,C,H,F,m,-,0,1,2,2,,,U,S,D,C,H,F,m,,,S,H,O,R,T,,,2,0,2,4,-,0,7,-,0,4,,,0,.,9,0,0,8,1,,,0,.,0,5,8,6,8,7,,,0,.,8,9,4,1,5,,,0,.,9,0,7,4,7,,,P,T,,,2,0,2,4,-,0,7,-,0,7,,,0,.,8,9,4,1,5,,,1,,
U,S,D,C,H,F,m,-,0,1,2,3,,,U,S,D,C,H,F,m,,,S,H,O,R,T,,,2,0,2,4,-,0,7,-,1,0,,,0,.,8,9,7,5,1,,,0,.,0,5,5,1,8,8,,,0,.,8,9,1,2,7,,,0,.,9,0,3,7,5,,,P,T,,,2,0,2,4,-,0,7,-,1,7,,,0,.,8,9,1,2,7,,,1,,
U,S,D,C,H,F,m,-,0,1,2,4,,,U,S,D,C,H,F,m,,,S,H,O,R,T,,,2,0,2,4,-,0,7,-,1,6,,,0,.,8,9,5,4,8,,,0,.,0,5,3,0,7,8,,,0,.,8,8,9,4,9,2,,,0,.,9,0,1,4,6,8,,,P,T,,,2,0,2,4,-,0,7,-,1,7,,,0,.,8,8,9,4,9,2,,,1,,
U,S,D,C,H,F,m,-,0,1,2,5,,,U,S,D,C,H,F,m,,,S,H,O,R,T,,,2,0,2,4,-,0,7,-,2,2,,,0,.,8,8,8,,,0,.,0,6,0,2,8,8,,,0,.,8,8,1,2,5,5,,,0,.,8,9,4,7,4,5,,,P,T,,,2,0,2,4,-,0,7,-,2,5,,,0,.,8,8,1,2,5,5,,,1,,
U,S,D,C,H,F,m,-,0,1,2,6,,,U,S,D,C,H,F,m,,,S,H,O,R,T,,,2,0,2,4,-,0,7,-,2,8,,,0,.,8,8,2,4,1,,,0,.,0,6,0,0,9,1,,,0,.,8,7,5,7,3,,,0,.,8,8,9,0,9,,,P,T,,,2,0,2,4,-,0,8,-,0,1,,,0,.,8,7,5,7,3,,,1,,
U,S,D,C,H,F,m,-,0,1,2,7,,,U,S,D,C,H,F,m,,,S,H,O,R,T,,,2,0,2,4,-,0,9,-,1,2,,,0,.,8,5,2,6,3,,,0,.,0,7,7,3,7,3,,,0,.,8,4,4,3,1,9,,,0,.,8,6,0,9,4,1,,,P,T,,,2,0,2,4,-,0,9,-,1,6,,,0,.,8,4,4,3,1,9,,,1,,
U,S,D,C,H,F,m,-,0,1,2,8,,,U,S,D,C,H,F,m,,,S,H,O,R,T,,,2,0,2,4,-,0,9,-,1,8,,,0,.,8,4,6,3,3,,,0,.,0,7,6,9,7,1,,,0,.,8,3,8,1,2,3,,,0,.,8,5,4,5,3,7,,,V,E,R,T,I,C,A,L,,,2,0,2,4,-,0,9,-,3,0,,,0,.,8,4,5,3,,,1,,
U,S,D,C,H,F,m,-,0,1,2,9,,,U,S,D,C,H,F,m,,,S,H,O,R,T,,,2,0,2,4,-,0,9,-,2,4,,,0,.,8,4,7,2,7,,,0,.,0,7,7,3,5,5,,,0,.,8,3,9,0,1,3,,,0,.,8,5,5,5,2,7,,,S,L,,,2,0,2,4,-,1,0,-,0,4,,,0,.,8,5,5,5,2,7,,,-,1,,
U,S,D,C,H,F,m,-,0,1,3,0,,,U,S,D,C,H,F,m,,,S,H,O,R,T,,,2,0,2,4,-,1,0,-,2,3,,,0,.,8,6,5,5,3,,,0,.,0,6,7,5,5,6,,,0,.,8,5,8,1,6,3,,,0,.,8,7,2,8,9,7,,,V,E,R,T,I,C,A,L,,,2,0,2,4,-,1,1,-,0,4,,,0,.,8,6,4,1,6,,,1,,
U,S,D,C,H,F,m,-,0,1,3,1,,,U,S,D,C,H,F,m,,,S,H,O,R,T,,,2,0,2,4,-,1,0,-,2,9,,,0,.,8,6,4,6,5,,,0,.,0,5,8,8,7,1,,,0,.,8,5,8,2,3,7,,,0,.,8,7,1,0,6,3,,,S,L,,,2,0,2,4,-,1,1,-,0,1,,,0,.,8,7,1,0,6,3,,,-,1,,
U,S,D,C,H,F,m,-,0,1,3,2,,,U,S,D,C,H,F,m,,,S,H,O,R,T,,,2,0,2,4,-,1,1,-,0,4,,,0,.,8,6,7,6,,,0,.,0,6,0,3,3,1,,,0,.,8,6,1,0,0,5,,,0,.,8,7,4,1,9,5,,,S,L,,,2,0,2,4,-,1,1,-,0,6,,,0,.,8,7,4,1,9,5,,,-,1,,
U,S,D,C,H,F,m,-,0,1,3,3,,,U,S,D,C,H,F,m,,,L,O,N,G,,,2,0,2,5,-,0,1,-,1,3,,,0,.,9,1,6,8,9,,,0,.,0,6,6,2,3,,,0,.,9,2,4,5,4,1,,,0,.,9,0,9,2,3,9,,,S,L,,,2,0,2,5,-,0,1,-,1,5,,,0,.,9,0,9,2,3,9,,,-,1,,
U,S,D,C,H,F,m,-,0,1,3,4,,,U,S,D,C,H,F,m,,,L,O,N,G,,,2,0,2,5,-,0,1,-,1,9,,,0,.,9,1,2,6,5,,,0,.,0,5,9,2,8,,,0,.,9,1,9,4,6,6,,,0,.,9,0,5,8,3,4,,,S,L,,,2,0,2,5,-,0,1,-,2,0,,,0,.,9,0,5,8,3,4,,,-,1,,
U,S,D,C,H,F,m,-,0,1,3,5,,,U,S,D,C,H,F,m,,,L,O,N,G,,,2,0,2,5,-,0,1,-,2,4,,,0,.,9,0,7,4,5,,,0,.,0,6,0,3,9,8,,,0,.,9,1,4,3,5,5,,,0,.,9,0,0,5,4,5,,,S,L,,,2,0,2,5,-,0,1,-,2,7,,,0,.,9,0,0,5,4,5,,,-,1,,
U,S,D,C,H,F,m,-,0,1,3,6,,,U,S,D,C,H,F,m,,,L,O,N,G,,,2,0,2,5,-,0,3,-,2,4,,,0,.,8,8,2,8,6,,,0,.,0,6,1,4,6,9,,,0,.,8,8,9,6,9,7,,,0,.,8,7,6,0,2,3,,,S,L,,,2,0,2,5,-,0,4,-,0,3,,,0,.,8,7,6,0,2,3,,,-,1,,
U,S,D,C,H,F,m,-,0,1,3,7,,,U,S,D,C,H,F,m,,,S,H,O,R,T,,,2,0,2,5,-,0,6,-,2,5,,,0,.,8,0,5,1,8,,,0,.,0,9,6,3,4,2,,,0,.,7,9,5,4,0,7,,,0,.,8,1,4,9,5,3,,,P,T,,,2,0,2,5,-,0,6,-,3,0,,,0,.,7,9,5,4,0,7,,,1,,
U,S,D,C,H,F,m,-,0,1,3,8,,,U,S,D,C,H,F,m,,,S,H,O,R,T,,,2,0,2,5,-,0,7,-,0,1,,,0,.,7,9,2,8,2,,,0,.,0,8,4,7,0,1,,,0,.,7,8,4,3,6,,,0,.,8,0,1,2,8,,,V,E,R,T,I,C,A,L,,,2,0,2,5,-,0,7,-,1,3,,,0,.,7,9,6,7,2,,,-,1,,
U,S,D,C,H,F,m,-,0,1,3,9,,,U,S,D,C,H,F,m,,,S,H,O,R,T,,,2,0,2,5,-,0,7,-,0,7,,,0,.,7,9,4,1,4,,,0,.,0,8,2,9,1,1,,,0,.,7,8,5,8,4,5,,,0,.,8,0,2,4,3,5,,,S,L,,,2,0,2,5,-,0,7,-,1,6,,,0,.,8,0,2,4,3,5,,,-,1,,
U,S,D,C,H,F,m,-,0,1,4,0,,,U,S,D,C,H,F,m,,,S,H,O,R,T,,,2,0,2,5,-,0,7,-,1,3,,,0,.,7,9,5,3,5,,,0,.,0,8,3,2,5,4,,,0,.,7,8,7,0,0,8,,,0,.,8,0,3,6,9,2,,,S,L,,,2,0,2,5,-,0,7,-,1,6,,,0,.,8,0,3,6,9,2,,,-,1,,
U,S,D,C,H,F,m,-,0,1,4,1,,,U,S,D,C,H,F,m,,,S,H,O,R,T,,,2,0,2,5,-,0,7,-,1,8,,,0,.,8,0,2,8,9,,,0,.,0,8,0,9,0,7,,,0,.,7,9,4,7,0,6,,,0,.,8,1,1,0,7,4,,,P,T,,,2,0,2,5,-,0,7,-,2,2,,,0,.,7,9,4,7,0,6,,,1,,
U,S,D,C,H,F,m,-,0,1,4,2,,,U,S,D,C,H,F,m,,,S,H,O,R,T,,,2,0,2,5,-,0,7,-,2,4,,,0,.,7,9,2,1,7,,,0,.,0,7,3,6,5,2,,,0,.,7,8,4,8,1,9,,,0,.,7,9,9,5,2,1,,,S,L,,,2,0,2,5,-,0,7,-,2,8,,,0,.,7,9,9,5,2,1,,,-,1,,
U,S,D,C,H,F,m,-,0,1,4,3,,,U,S,D,C,H,F,m,,,S,H,O,R,T,,,2,0,2,5,-,0,7,-,3,0,,,0,.,8,0,5,3,9,,,0,.,0,7,4,5,0,2,,,0,.,7,9,7,8,3,,,0,.,8,1,2,9,5,,,S,L,,,2,0,2,5,-,0,7,-,3,1,,,0,.,8,1,2,9,5,,,-,1,,
U,S,D,C,H,F,m,-,0,1,4,4,,,U,S,D,C,H,F,m,,,S,H,O,R,T,,,2,0,2,5,-,0,8,-,2,2,,,0,.,8,0,8,6,7,,,0,.,0,6,3,9,7,4,,,0,.,8,0,2,1,5,2,,,0,.,8,1,5,1,8,8,,,P,T,,,2,0,2,5,-,0,8,-,2,4,,,0,.,8,0,2,1,5,2,,,1,,
U,S,D,C,H,F,m,-,0,1,4,5,,,U,S,D,C,H,F,m,,,S,H,O,R,T,,,2,0,2,5,-,0,8,-,2,8,,,0,.,8,0,1,5,2,,,0,.,0,6,6,4,8,6,,,0,.,7,9,4,8,0,6,,,0,.,8,0,8,2,3,4,,,P,T,,,2,0,2,5,-,0,9,-,0,8,,,0,.,7,9,4,8,0,6,,,1,,
U,S,D,C,H,F,m,-,0,1,4,6,,,U,S,D,C,H,F,m,,,S,H,O,R,T,,,2,0,2,5,-,0,9,-,0,3,,,0,.,8,0,5,2,7,,,0,.,0,6,3,6,7,9,,,0,.,7,9,8,8,0,9,,,0,.,8,1,1,7,3,1,,,P,T,,,2,0,2,5,-,0,9,-,0,5,,,0,.,7,9,8,8,0,9,,,1,,
U,S,D,C,H,F,m,-,0,1,4,7,,,U,S,D,C,H,F,m,,,S,H,O,R,T,,,2,0,2,5,-,0,9,-,0,9,,,0,.,7,9,2,8,1,,,0,.,0,6,6,2,0,8,,,0,.,7,8,6,1,9,7,,,0,.,7,9,9,4,2,3,,,S,L,,,2,0,2,5,-,0,9,-,1,1,,,0,.,7,9,9,4,2,3,,,-,1,,
U,S,D,C,H,F,m,-,0,1,4,8,,,U,S,D,C,H,F,m,,,S,H,O,R,T,,,2,0,2,5,-,0,9,-,1,5,,,0,.,7,9,6,7,1,,,0,.,0,6,6,9,6,1,,,0,.,7,8,9,9,8,9,,,0,.,8,0,3,4,3,1,,,P,T,,,2,0,2,5,-,0,9,-,1,6,,,0,.,7,8,9,9,8,9,,,1,,
U,S,D,C,H,F,m,-,0,1,4,9,,,U,S,D,C,H,F,m,,,S,H,O,R,T,,,2,0,2,5,-,0,9,-,2,1,,,0,.,7,9,3,0,9,,,0,.,0,7,1,1,3,9,,,0,.,7,8,5,9,8,2,,,0,.,8,0,0,1,9,8,,,S,L,,,2,0,2,5,-,0,9,-,2,5,,,0,.,8,0,0,1,9,8,,,-,1,,
U,S,D,C,H,F,m,-,0,1,5,0,,,U,S,D,C,H,F,m,,,S,H,O,R,T,,,2,0,2,5,-,0,9,-,2,6,,,0,.,8,0,0,0,6,,,0,.,0,7,2,8,8,4,,,0,.,7,9,2,7,1,3,,,0,.,8,0,7,4,0,7,,,V,E,R,T,I,C,A,L,,,2,0,2,5,-,1,0,-,0,8,,,0,.,8,0,1,5,3,,,-,1,,
U,S,D,C,H,F,m,-,0,1,5,1,,,U,S,D,C,H,F,m,,,S,H,O,R,T,,,2,0,2,5,-,1,0,-,0,2,,,0,.,7,9,6,9,4,,,0,.,0,7,1,3,1,4,,,0,.,7,8,9,7,8,,,0,.,8,0,4,1,,,S,L,,,2,0,2,5,-,1,0,-,0,9,,,0,.,8,0,4,1,,,-,1,,
U,S,D,C,H,F,m,-,0,1,5,2,,,U,S,D,C,H,F,m,,,S,H,O,R,T,,,2,0,2,5,-,1,0,-,0,8,,,0,.,7,9,8,6,3,,,0,.,0,6,6,1,9,6,,,0,.,7,9,1,9,6,9,,,0,.,8,0,5,2,9,1,,,S,L,,,2,0,2,5,-,1,0,-,0,9,,,0,.,8,0,5,2,9,1,,,-,1,,
U,S,D,C,H,F,m,-,0,1,5,3,,,U,S,D,C,H,F,m,,,S,H,O,R,T,,,2,0,2,5,-,1,0,-,1,4,,,0,.,8,0,4,2,9,,,0,.,0,6,5,8,0,5,,,0,.,7,9,7,6,2,2,,,0,.,8,1,0,9,5,8,,,P,T,,,2,0,2,5,-,1,0,-,1,5,,,0,.,7,9,7,6,2,2,,,1,,
U,S,D,C,H,F,m,-,0,1,5,4,,,U,S,D,C,H,F,m,,,S,H,O,R,T,,,2,0,2,5,-,1,0,-,2,0,,,0,.,7,9,3,6,,,0,.,0,6,6,9,1,2,,,0,.,7,8,6,9,1,,,0,.,8,0,0,2,9,,,S,L,,,2,0,2,5,-,1,0,-,2,9,,,0,.,8,0,0,2,9,,,-,1,,
U,S,D,C,H,F,m,-,0,1,5,5,,,U,S,D,C,H,F,m,,,S,H,O,R,T,,,2,0,2,5,-,1,1,-,1,8,,,0,.,7,9,6,2,4,,,0,.,0,6,0,9,3,5,,,0,.,7,9,0,1,2,7,,,0,.,8,0,2,3,5,3,,,S,L,,,2,0,2,5,-,1,1,-,1,9,,,0,.,8,0,2,3,5,3,,,-,1,,
U,S,D,C,H,F,m,-,0,1,5,6,,,U,S,D,C,H,F,m,,,S,H,O,R,T,,,2,0,2,5,-,1,1,-,2,4,,,0,.,8,0,8,6,5,,,0,.,0,6,2,8,1,6,,,0,.,8,0,2,2,5,,,0,.,8,1,5,0,5,,,P,T,,,2,0,2,5,-,1,2,-,0,1,,,0,.,8,0,2,2,5,,,1,,
U,S,D,C,H,F,m,-,0,1,5,7,,,U,S,D,C,H,F,m,,,S,H,O,R,T,,,2,0,2,5,-,1,1,-,3,0,,,0,.,8,0,2,4,8,,,0,.,0,5,8,0,0,7,,,0,.,7,9,6,6,1,5,,,0,.,8,0,8,3,4,5,,,S,L,,,2,0,2,5,-,1,2,-,0,8,,,0,.,8,0,8,3,4,5,,,-,1,,
U,S,D,C,H,F,m,-,0,1,5,8,,,U,S,D,C,H,F,m,,,S,H,O,R,T,,,2,0,2,5,-,1,2,-,0,5,,,0,.,8,0,3,6,8,,,0,.,0,5,6,2,9,,,0,.,7,9,7,9,8,,,0,.,8,0,9,3,8,,,P,T,,,2,0,2,5,-,1,2,-,1,1,,,0,.,7,9,7,9,8,,,1,,
U,S,D,C,H,F,m,-,0,1,5,9,,,U,S,D,C,H,F,m,,,S,H,O,R,T,,,2,0,2,5,-,1,2,-,1,1,,,0,.,7,9,9,2,6,,,0,.,0,5,9,1,0,3,,,0,.,7,9,3,3,0,8,,,0,.,8,0,5,2,1,2,,,P,T,,,2,0,2,5,-,1,2,-,1,6,,,0,.,7,9,3,3,0,8,,,1,,
U,S,D,C,H,F,m,-,0,1,6,0,,,U,S,D,C,H,F,m,,,S,H,O,R,T,,,2,0,2,5,-,1,2,-,1,7,,,0,.,7,9,5,2,4,,,0,.,0,5,8,4,9,6,,,0,.,7,8,9,3,7,9,,,0,.,8,0,1,1,0,1,,,P,T,,,2,0,2,5,-,1,2,-,2,3,,,0,.,7,8,9,3,7,9,,,1,,
U,S,D,C,H,F,m,-,0,1,6,1,,,U,S,D,C,H,F,m,,,S,H,O,R,T,,,2,0,2,5,-,1,2,-,2,3,,,0,.,7,9,1,4,9,,,0,.,0,5,3,9,4,2,,,0,.,7,8,6,1,1,1,,,0,.,7,9,6,8,6,9,,,P,T,,,2,0,2,5,-,1,2,-,2,4,,,0,.,7,8,6,1,1,1,,,1,,
U,S,D,C,H,F,m,-,0,1,6,2,,,U,S,D,C,H,F,m,,,S,H,O,R,T,,,2,0,2,5,-,1,2,-,2,9,,,0,.,7,8,9,1,7,,,0,.,0,5,2,0,2,,,0,.,7,8,3,9,9,8,,,0,.,7,9,4,3,4,2,,,S,L,,,2,0,2,6,-,0,1,-,0,5,,,0,.,7,9,4,3,4,2,,,-,1,,
U,S,D,C,H,F,m,-,0,1,6,3,,,U,S,D,C,H,F,m,,,S,H,O,R,T,,,2,0,2,6,-,0,1,-,0,4,,,0,.,7,9,0,6,7,,,0,.,0,5,1,3,3,3,,,0,.,7,8,5,5,5,6,,,0,.,7,9,5,7,8,4,,,S,L,,,2,0,2,6,-,0,1,-,0,5,,,0,.,7,9,5,7,8,4,,,-,1,,
U,S,D,C,H,F,m,-,0,1,6,4,,,U,S,D,C,H,F,m,,,S,H,O,R,T,,,2,0,2,6,-,0,1,-,0,9,,,0,.,7,9,8,9,8,,,0,.,0,4,7,9,7,1,,,0,.,7,9,4,1,5,1,,,0,.,8,0,3,8,0,9,,,S,L,,,2,0,2,6,-,0,1,-,1,5,,,0,.,8,0,3,8,0,9,,,-,1,,
U,S,D,C,H,F,m,-,0,1,6,5,,,U,S,D,C,H,F,m,,,S,H,O,R,T,,,2,0,2,6,-,0,1,-,1,5,,,0,.,7,9,9,7,5,,,0,.,0,4,8,8,1,3,,,0,.,7,9,4,8,3,2,,,0,.,8,0,4,6,6,8,,,P,T,,,2,0,2,6,-,0,1,-,2,0,,,0,.,7,9,4,8,3,2,,,1,,
U,S,D,C,H,F,m,-,0,1,6,6,,,U,S,D,C,H,F,m,,,S,H,O,R,T,,,2,0,2,6,-,0,1,-,2,1,,,0,.,7,8,9,6,2,,,0,.,0,5,2,8,9,6,,,0,.,7,8,4,3,5,8,,,0,.,7,9,4,8,8,2,,,S,L,,,2,0,2,6,-,0,1,-,2,2,,,0,.,7,9,4,8,8,2,,,-,1,,
U,S,D,C,H,F,m,-,0,1,6,7,,,U,S,D,C,H,F,m,,,S,H,O,R,T,,,2,0,2,6,-,0,5,-,2,4,,,0,.,7,8,3,3,2,,,0,.,0,6,5,2,,,0,.,7,7,6,8,8,5,,,0,.,7,8,9,7,5,5,,,S,L,,,2,0,2,6,-,0,5,-,2,8,,,0,.,7,8,9,7,5,5,,,-,1,,
U,S,D,C,H,F,m,-,0,1,6,8,,,U,S,D,C,H,F,m,,,S,H,O,R,T,,,2,0,2,6,-,0,5,-,2,9,,,0,.,7,8,3,7,8,,,0,.,0,6,2,2,8,3,,,0,.,7,7,7,6,3,,,0,.,7,8,9,9,3,,,S,L,,,2,0,2,6,-,0,6,-,0,3,,,0,.,7,8,9,9,3,,,-,1,,
U,S,D,C,H,F,m,-,0,1,6,9,,,U,S,D,C,H,F,m,,,S,H,O,R,T,,,2,0,2,6,-,0,6,-,0,4,,,0,.,7,9,1,0,5,,,0,.,0,6,3,1,4,9,,,0,.,7,8,4,7,5,6,,,0,.,7,9,7,3,4,4,,,S,L,,,2,0,2,6,-,0,6,-,0,8,,,0,.,7,9,7,3,4,4,,,-,1,,
U,S,D,C,H,F,m,-,0,1,7,0,,,U,S,D,C,H,F,m,,,S,H,O,R,T,,,2,0,2,6,-,0,6,-,1,0,,,0,.,7,9,9,2,2,,,0,.,0,6,4,2,8,6,,,0,.,7,9,2,7,4,7,,,0,.,8,0,5,6,9,3,,,P,T,,,2,0,2,6,-,0,6,-,1,5,,,0,.,7,9,2,7,4,7,,,1,,
U,S,D,C,H,F,m,-,0,1,7,1,,,U,S,D,C,H,F,m,,,S,H,O,R,T,,,2,0,2,6,-,0,6,-,1,6,,,0,.,7,9,4,4,9,,,0,.,0,6,1,4,4,3,,,0,.,7,8,8,3,4,,,0,.,8,0,0,6,4,,,S,L,,,2,0,2,6,-,0,6,-,1,7,,,0,.,8,0,0,6,4,,,-,1,,
U,S,D,C,H,F,m,-,0,1,7,2,,,U,S,D,C,H,F,m,,,L,O,N,G,,,2,0,2,6,-,0,8,-,0,2,,,0,.,8,0,5,2,7,,,0,.,0,5,9,3,4,2,,,0,.,8,1,1,2,9,1,,,0,.,7,9,9,2,4,9,,,P,T,,,2,0,2,6,-,0,8,-,0,3,,,0,.,8,1,1,2,9,1,,,1,,
U,S,D,J,P,Y,m,-,0,0,0,0,,,U,S,D,J,P,Y,m,,,S,H,O,R,T,,,2,0,2,0,-,1,0,-,2,7,,,1,0,4,.,8,2,7,,,0,.,0,5,1,6,8,3,,,1,0,4,.,1,4,4,4,2,,,1,0,5,.,5,0,9,5,8,,,P,T,,,2,0,2,0,-,1,0,-,2,8,,,1,0,4,.,1,4,4,4,2,,,1,,
U,S,D,J,P,Y,m,-,0,0,0,1,,,U,S,D,J,P,Y,m,,,S,H,O,R,T,,,2,0,2,0,-,1,1,-,0,2,,,1,0,4,.,5,7,6,,,0,.,0,4,8,7,0,4,,,1,0,3,.,9,3,4,3,0,7,,,1,0,5,.,2,1,7,6,9,3,,,S,L,,,2,0,2,0,-,1,1,-,0,4,,,1,0,5,.,2,1,7,6,9,3,,,-,1,,
U,S,D,J,P,Y,m,-,0,0,0,2,,,U,S,D,J,P,Y,m,,,S,H,O,R,T,,,2,0,2,0,-,1,1,-,0,8,,,1,0,3,.,3,1,1,,,0,.,0,3,9,6,0,9,,,1,0,2,.,7,9,5,4,5,6,,,1,0,3,.,8,2,6,5,4,4,,,S,L,,,2,0,2,0,-,1,1,-,0,9,,,1,0,3,.,8,2,6,5,4,4,,,-,1,,
U,S,D,J,P,Y,m,-,0,0,0,3,,,U,S,D,J,P,Y,m,,,S,H,O,R,T,,,2,0,2,0,-,1,2,-,0,1,,,1,0,4,.,3,0,1,,,0,.,0,5,5,1,6,5,,,1,0,3,.,5,7,6,0,9,1,,,1,0,5,.,0,2,5,9,0,9,,,V,E,R,T,I,C,A,L,,,2,0,2,0,-,1,2,-,1,3,,,1,0,3,.,9,4,5,,,1,,
U,S,D,J,P,Y,m,-,0,0,0,4,,,U,S,D,J,P,Y,m,,,S,H,O,R,T,,,2,0,2,0,-,1,2,-,0,7,,,1,0,4,.,2,0,2,,,0,.,0,5,6,5,3,,,1,0,3,.,4,5,9,8,6,7,,,1,0,4,.,9,4,4,1,3,3,,,P,T,,,2,0,2,0,-,1,2,-,1,6,,,1,0,3,.,4,5,9,8,6,7,,,1,,
U,S,D,J,P,Y,m,-,0,0,0,5,,,U,S,D,J,P,Y,m,,,S,H,O,R,T,,,2,0,2,0,-,1,2,-,1,3,,,1,0,3,.,8,8,7,,,0,.,0,5,5,9,8,1,,,1,0,3,.,1,5,4,2,8,5,,,1,0,4,.,6,1,9,7,1,5,,,P,T,,,2,0,2,0,-,1,2,-,1,7,,,1,0,3,.,1,5,4,2,8,5,,,1,,
U,S,D,J,P,Y,m,-,0,0,0,6,,,U,S,D,J,P,Y,m,,,S,H,O,R,T,,,2,0,2,0,-,1,2,-,1,8,,,1,0,3,.,1,4,3,,,0,.,0,5,5,4,8,2,,,1,0,2,.,4,2,2,0,1,8,,,1,0,3,.,8,6,3,9,8,2,,,S,L,,,2,0,2,0,-,1,2,-,2,1,,,1,0,3,.,8,6,3,9,8,2,,,-,1,,
U,S,D,J,P,Y,m,-,0,0,0,7,,,U,S,D,J,P,Y,m,,,S,H,O,R,T,,,2,0,2,0,-,1,2,-,2,4,,,1,0,3,.,5,3,,,0,.,0,5,5,1,2,5,,,1,0,2,.,8,1,0,9,7,9,,,1,0,4,.,2,4,9,0,2,1,,,P,T,,,2,0,2,1,-,0,1,-,0,4,,,1,0,2,.,8,1,0,9,7,9,,,1,,
U,S,D,J,P,Y,m,-,0,0,0,8,,,U,S,D,J,P,Y,m,,,S,H,O,R,T,,,2,0,2,0,-,1,2,-,3,1,,,1,0,3,.,1,2,3,,,0,.,0,5,3,7,4,3,,,1,0,2,.,4,2,4,7,5,4,,,1,0,3,.,8,2,1,2,4,6,,,S,L,,,2,0,2,1,-,0,1,-,0,7,,,1,0,3,.,8,2,1,2,4,6,,,-,1,,
U,S,D,J,P,Y,m,-,0,0,0,9,,,U,S,D,J,P,Y,m,,,S,H,O,R,T,,,2,0,2,1,-,0,1,-,0,7,,,1,0,3,.,0,1,9,,,0,.,0,5,4,2,7,,,1,0,2,.,3,1,4,6,2,2,,,1,0,3,.,7,2,3,3,7,8,,,S,L,,,2,0,2,1,-,0,1,-,0,8,,,1,0,3,.,7,2,3,3,7,8,,,-,1,,
U,S,D,J,P,Y,m,-,0,0,1,0,,,U,S,D,J,P,Y,m,,,S,H,O,R,T,,,2,0,2,1,-,0,1,-,1,3,,,1,0,3,.,7,4,4,,,0,.,0,5,6,8,1,6,,,1,0,3,.,0,0,1,3,8,2,,,1,0,4,.,4,8,6,6,1,8,,,V,E,R,T,I,C,A,L,,,2,0,2,1,-,0,1,-,2,5,,,1,0,3,.,7,4,1,,,1,,
U,S,D,J,P,Y,m,-,0,0,1,1,,,U,S,D,J,P,Y,m,,,S,H,O,R,T,,,2,0,2,1,-,0,1,-,1,9,,,1,0,3,.,7,0,1,,,0,.,0,5,4,0,9,,,1,0,2,.,9,9,4,3,0,9,,,1,0,4,.,4,0,7,6,9,1,,,S,L,,,2,0,2,1,-,0,1,-,2,8,,,1,0,4,.,4,0,7,6,9,1,,,-,1,,
U,S,D,J,P,Y,m,-,0,0,1,2,,,U,S,D,J,P,Y,m,,,S,H,O,R,T,,,2,0,2,1,-,0,1,-,2,5,,,1,0,3,.,7,8,5,,,0,.,0,3,7,7,8,8,,,1,0,3,.,2,9,0,8,9,8,,,1,0,4,.,2,7,9,1,0,2,,,S,L,,,2,0,2,1,-,0,1,-,2,8,,,1,0,4,.,2,7,9,1,0,2,,,-,1,,
U,S,D,J,P,Y,m,-,0,0,1,3,,,U,S,D,J,P,Y,m,,,S,H,O,R,T,,,2,0,2,1,-,0,1,-,3,1,,,1,0,4,.,7,0,4,,,0,.,0,3,9,0,7,3,,,1,0,4,.,1,8,8,5,6,5,,,1,0,5,.,2,1,9,4,3,5,,,S,L,,,2,0,2,1,-,0,2,-,0,4,,,1,0,5,.,2,1,9,4,3,5,,,-,1,,
U,S,D,J,P,Y,m,-,0,0,1,4,,,U,S,D,J,P,Y,m,,,S,H,O,R,T,,,2,0,2,1,-,0,2,-,0,5,,,1,0,5,.,5,7,1,,,0,.,0,3,8,2,0,9,,,1,0,5,.,0,6,2,7,8,8,,,1,0,6,.,0,7,9,2,1,2,,,P,T,,,2,0,2,1,-,0,2,-,0,9,,,1,0,5,.,0,6,2,7,8,8,,,1,,
U,S,D,J,P,Y,m,-,0,0,1,5,,,U,S,D,J,P,Y,m,,,S,H,O,R,T,,,2,0,2,1,-,0,2,-,1,1,,,1,0,4,.,6,1,3,,,0,.,0,4,0,0,7,1,,,1,0,4,.,0,8,4,8,6,,,1,0,5,.,1,4,1,1,4,,,S,L,,,2,0,2,1,-,0,2,-,1,2,,,1,0,5,.,1,4,1,1,4,,,-,1,,
U,S,D,J,P,Y,m,-,0,0,1,6,,,U,S,D,J,P,Y,m,,,S,H,O,R,T,,,2,0,2,1,-,0,2,-,1,7,,,1,0,6,.,1,1,2,,,0,.,0,4,0,4,0,4,,,1,0,5,.,5,7,1,8,5,1,,,1,0,6,.,6,5,2,1,4,9,,,P,T,,,2,0,2,1,-,0,2,-,1,9,,,1,0,5,.,5,7,1,8,5,1,,,1,,
U,S,D,J,P,Y,m,-,0,0,1,7,,,U,S,D,J,P,Y,m,,,S,H,O,R,T,,,2,0,2,1,-,0,2,-,2,3,,,1,0,5,.,0,0,3,,,0,.,0,4,2,3,9,1,,,1,0,4,.,4,4,2,2,1,,,1,0,5,.,5,6,3,7,9,,,S,L,,,2,0,2,1,-,0,2,-,2,4,,,1,0,5,.,5,6,3,7,9,,,-,1,,
U,S,D,J,P,Y,m,-,0,0,1,8,,,U,S,D,J,P,Y,m,,,S,H,O,R,T,,,2,0,2,1,-,0,3,-,2,4,,,1,0,8,.,5,1,7,,,0,.,0,4,3,9,5,6,,,1,0,7,.,9,1,6,0,3,9,,,1,0,9,.,1,1,7,9,6,1,,,S,L,,,2,0,2,1,-,0,3,-,2,5,,,1,0,9,.,1,1,7,9,6,1,,,-,1,,
U,S,D,J,P,Y,m,-,0,0,1,9,,,U,S,D,J,P,Y,m,,,S,H,O,R,T,,,2,0,2,1,-,0,3,-,3,0,,,1,0,9,.,8,3,3,,,0,.,0,4,4,5,6,1,,,1,0,9,.,2,1,6,3,8,1,,,1,1,0,.,4,4,9,6,1,9,,,S,L,,,2,0,2,1,-,0,3,-,3,1,,,1,1,0,.,4,4,9,6,1,9,,,-,1,,
U,S,D,J,P,Y,m,-,0,0,2,0,,,U,S,D,J,P,Y,m,,,L,O,N,G,,,2,0,2,1,-,0,5,-,2,1,,,1,0,8,.,8,5,5,,,0,.,0,4,4,0,6,1,,,1,0,9,.,4,5,9,2,7,,,1,0,8,.,2,5,0,7,3,,,P,T,,,2,0,2,1,-,0,5,-,2,7,,,1,0,9,.,4,5,9,2,7,,,1,,
U,S,D,J,P,Y,m,-,0,0,2,1,,,U,S,D,J,P,Y,m,,,L,O,N,G,,,2,0,2,1,-,0,5,-,2,7,,,1,0,9,.,1,6,6,,,0,.,0,4,4,5,0,3,,,1,0,9,.,7,7,8,0,8,1,,,1,0,8,.,5,5,3,9,1,9,,,P,T,,,2,0,2,1,-,0,5,-,2,8,,,1,0,9,.,7,7,8,0,8,1,,,1,,
U,S,D,J,P,Y,m,-,0,0,2,2,,,U,S,D,J,P,Y,m,,,L,O,N,G,,,2,0,2,1,-,0,6,-,0,8,,,1,0,9,.,2,6,9,,,0,.,0,4,8,4,8,4,,,1,0,9,.,9,3,6,4,5,7,,,1,0,8,.,6,0,1,5,4,3,,,P,T,,,2,0,2,1,-,0,6,-,1,4,,,1,0,9,.,9,3,6,4,5,7,,,1,,
U,S,D,J,P,Y,m,-,0,0,2,3,,,U,S,D,J,P,Y,m,,,L,O,N,G,,,2,0,2,1,-,0,7,-,0,7,,,1,1,0,.,5,9,8,,,0,.,0,4,8,3,2,5,,,1,1,1,.,2,7,1,3,6,9,,,1,0,9,.,9,2,4,6,3,1,,,S,L,,,2,0,2,1,-,0,7,-,0,8,,,1,0,9,.,9,2,4,6,3,1,,,-,1,,
U,S,D,J,P,Y,m,-,0,0,2,4,,,U,S,D,J,P,Y,m,,,L,O,N,G,,,2,0,2,1,-,0,7,-,1,3,,,1,1,0,.,3,2,6,,,0,.,0,4,9,8,8,6,,,1,1,1,.,0,1,9,4,0,8,,,1,0,9,.,6,3,2,5,9,2,,,S,L,,,2,0,2,1,-,0,7,-,1,9,,,1,0,9,.,6,3,2,5,9,2,,,-,1,,
U,S,D,J,P,Y,m,-,0,0,2,5,,,U,S,D,J,P,Y,m,,,L,O,N,G,,,2,0,2,1,-,0,7,-,1,9,,,1,0,9,.,8,7,3,,,0,.,0,5,0,7,1,8,,,1,1,0,.,5,7,5,0,7,6,,,1,0,9,.,1,7,0,9,2,4,,,P,T,,,2,0,2,1,-,0,7,-,2,3,,,1,1,0,.,5,7,5,0,7,6,,,1,,
U,S,D,J,P,Y,m,-,0,0,2,6,,,U,S,D,J,P,Y,m,,,L,O,N,G,,,2,0,2,1,-,0,7,-,2,5,,,1,1,0,.,4,9,8,,,0,.,0,4,9,0,7,8,,,1,1,1,.,1,8,1,2,4,1,,,1,0,9,.,8,1,4,7,5,9,,,S,L,,,2,0,2,1,-,0,7,-,2,7,,,1,0,9,.,8,1,4,7,5,9,,,-,1,,
U,S,D,J,P,Y,m,-,0,0,2,7,,,U,S,D,J,P,Y,m,,,L,O,N,G,,,2,0,2,1,-,0,7,-,3,0,,,1,0,9,.,4,0,8,,,0,.,0,4,9,2,7,6,,,1,1,0,.,0,8,7,2,3,2,,,1,0,8,.,7,2,8,7,6,8,,,S,L,,,2,0,2,1,-,0,8,-,0,4,,,1,0,8,.,7,2,8,7,6,8,,,-,1,,
U,S,D,J,P,Y,m,-,0,0,2,8,,,U,S,D,J,P,Y,m,,,L,O,N,G,,,2,0,2,1,-,0,8,-,0,5,,,1,0,9,.,5,3,1,,,0,.,0,4,9,5,6,,,1,1,0,.,2,1,4,9,0,5,,,1,0,8,.,8,4,7,0,9,5,,,P,T,,,2,0,2,1,-,0,8,-,0,6,,,1,1,0,.,2,1,4,9,0,5,,,1,,
U,S,D,J,P,Y,m,-,0,0,2,9,,,U,S,D,J,P,Y,m,,,L,O,N,G,,,2,0,2,1,-,0,8,-,1,1,,,1,1,0,.,5,9,5,,,0,.,0,5,0,0,4,8,,,1,1,1,.,2,9,2,3,5,8,,,1,0,9,.,8,9,7,6,4,2,,,S,L,,,2,0,2,1,-,0,8,-,1,3,,,1,0,9,.,8,9,7,6,4,2,,,-,1,,
U,S,D,J,P,Y,m,-,0,0,3,0,,,U,S,D,J,P,Y,m,,,L,O,N,G,,,2,0,2,1,-,0,8,-,1,7,,,1,0,9,.,2,9,8,,,0,.,0,4,8,5,2,9,,,1,0,9,.,9,6,6,2,5,5,,,1,0,8,.,6,2,9,7,4,5,,,P,T,,,2,0,2,1,-,0,8,-,1,8,,,1,0,9,.,9,6,6,2,5,5,,,1,,
U,S,D,J,P,Y,m,-,0,0,3,1,,,U,S,D,J,P,Y,m,,,L,O,N,G,,,2,0,2,1,-,0,9,-,0,3,,,1,0,9,.,9,4,4,,,0,.,0,4,5,2,8,6,,,1,1,0,.,5,7,1,2,8,5,,,1,0,9,.,3,1,6,7,1,5,,,S,L,,,2,0,2,1,-,0,9,-,1,5,,,1,0,9,.,3,1,6,7,1,5,,,-,1,,
U,S,D,J,P,Y,m,-,0,0,3,2,,,U,S,D,J,P,Y,m,,,L,O,N,G,,,2,0,2,1,-,0,9,-,0,9,,,1,1,0,.,2,1,8,,,0,.,0,4,4,1,0,8,,,1,1,0,.,8,3,0,4,8,5,,,1,0,9,.,6,0,5,5,1,5,,,S,L,,,2,0,2,1,-,0,9,-,1,4,,,1,0,9,.,6,0,5,5,1,5,,,-,1,,
U,S,D,J,P,Y,m,-,0,0,3,3,,,U,S,D,J,P,Y,m,,,L,O,N,G,,,2,0,2,1,-,0,9,-,1,5,,,1,0,9,.,7,1,1,,,0,.,0,4,3,4,3,5,,,1,1,0,.,3,1,1,3,6,8,,,1,0,9,.,1,1,0,6,3,2,,,P,T,,,2,0,2,1,-,0,9,-,2,3,,,1,1,0,.,3,1,1,3,6,8,,,1,,
U,S,D,J,P,Y,m,-,0,0,3,4,,,U,S,D,J,P,Y,m,,,L,O,N,G,,,2,0,2,1,-,0,9,-,2,1,,,1,0,9,.,4,2,8,,,0,.,0,4,2,1,5,,,1,1,0,.,0,0,9,1,1,3,,,1,0,8,.,8,4,6,8,8,7,,,P,T,,,2,0,2,1,-,0,9,-,2,3,,,1,1,0,.,0,0,9,1,1,3,,,1,,
U,S,D,J,P,Y,m,-,0,0,3,5,,,U,S,D,J,P,Y,m,,,L,O,N,G,,,2,0,2,1,-,0,9,-,2,7,,,1,1,0,.,7,6,2,,,0,.,0,4,3,4,1,2,,,1,1,1,.,3,6,7,8,0,3,,,1,1,0,.,1,5,6,1,9,7,,,P,T,,,2,0,2,1,-,0,9,-,2,8,,,1,1,1,.,3,6,7,8,0,3,,,1,,
U,S,D,J,P,Y,m,-,0,0,3,6,,,U,S,D,J,P,Y,m,,,L,O,N,G,,,2,0,2,1,-,1,0,-,0,3,,,1,1,0,.,8,8,1,,,0,.,0,4,5,4,3,2,,,1,1,1,.,5,1,5,6,7,2,,,1,1,0,.,2,4,6,3,2,8,,,P,T,,,2,0,2,1,-,1,0,-,0,5,,,1,1,1,.,5,1,5,6,7,2,,,1,,
U,S,D,J,P,Y,m,-,0,0,3,7,,,U,S,D,J,P,Y,m,,,L,O,N,G,,,2,0,2,1,-,1,0,-,0,8,,,1,1,1,.,6,5,9,,,0,.,0,4,4,1,0,6,,,1,1,2,.,2,7,9,4,7,2,,,1,1,1,.,0,3,8,5,2,8,,,P,T,,,2,0,2,1,-,1,0,-,1,0,,,1,1,2,.,2,7,9,4,7,2,,,1,,
U,S,D,J,P,Y,m,-,0,0,3,8,,,U,S,D,J,P,Y,m,,,L,O,N,G,,,2,0,2,1,-,1,0,-,1,4,,,1,1,3,.,3,0,3,,,0,.,0,4,7,2,3,1,,,1,1,3,.,9,7,7,2,1,1,,,1,1,2,.,6,2,8,7,8,9,,,P,T,,,2,0,2,1,-,1,0,-,1,5,,,1,1,3,.,9,7,7,2,1,1,,,1,,
U,S,D,J,P,Y,m,-,0,0,3,9,,,U,S,D,J,P,Y,m,,,L,O,N,G,,,2,0,2,1,-,1,0,-,2,0,,,1,1,4,.,5,4,2,,,0,.,0,4,7,5,0,4,,,1,1,5,.,2,2,7,5,2,7,,,1,1,3,.,8,5,6,4,7,3,,,S,L,,,2,0,2,1,-,1,0,-,2,1,,,1,1,3,.,8,5,6,4,7,3,,,-,1,,
U,S,D,J,P,Y,m,-,0,0,4,0,,,U,S,D,J,P,Y,m,,,L,O,N,G,,,2,0,2,1,-,1,0,-,2,6,,,1,1,3,.,7,6,2,,,0,.,0,4,6,1,3,,,1,1,4,.,4,2,3,1,6,8,,,1,1,3,.,1,0,0,8,3,2,,,P,T,,,2,0,2,1,-,1,1,-,0,1,,,1,1,4,.,4,2,3,1,6,8,,,1,,
U,S,D,J,P,Y,m,-,0,0,4,1,,,U,S,D,J,P,Y,m,,,L,O,N,G,,,2,0,2,1,-,1,1,-,0,1,,,1,1,4,.,2,3,5,,,0,.,0,4,7,4,8,1,,,1,1,4,.,9,1,8,3,6,2,,,1,1,3,.,5,5,1,6,3,8,,,S,L,,,2,0,2,1,-,1,1,-,0,2,,,1,1,3,.,5,5,1,6,3,8,,,-,1,,
U,S,D,J,P,Y,m,-,0,0,4,2,,,U,S,D,J,P,Y,m,,,L,O,N,G,,,2,0,2,1,-,1,1,-,0,7,,,1,1,3,.,3,3,2,,,0,.,0,4,8,6,1,9,,,1,1,4,.,0,2,6,2,0,9,,,1,1,2,.,6,3,7,7,9,1,,,P,T,,,2,0,2,1,-,1,1,-,1,1,,,1,1,4,.,0,2,6,2,0,9,,,1,,
U,S,D,J,P,Y,m,-,0,0,4,3,,,U,S,D,J,P,Y,m,,,L,O,N,G,,,2,0,2,1,-,1,1,-,1,2,,,1,1,4,.,0,3,8,,,0,.,0,5,1,7,5,4,,,1,1,4,.,7,8,1,5,6,9,,,1,1,3,.,2,9,4,4,3,1,,,P,T,,,2,0,2,1,-,1,1,-,1,6,,,1,1,4,.,7,8,1,5,6,9,,,1,,
U,S,D,J,P,Y,m,-,0,0,4,4,,,U,S,D,J,P,Y,m,,,L,O,N,G,,,2,0,2,1,-,1,1,-,1,8,,,1,1,4,.,1,8,7,,,0,.,0,5,3,8,6,7,,,1,1,4,.,9,6,1,9,3,9,,,1,1,3,.,4,1,2,0,6,1,,,P,T,,,2,0,2,1,-,1,1,-,2,3,,,1,1,4,.,9,6,1,9,3,9,,,1,,
U,S,D,J,P,Y,m,-,0,0,4,5,,,U,S,D,J,P,Y,m,,,L,O,N,G,,,2,0,2,1,-,1,1,-,2,4,,,1,1,5,.,1,3,7,,,0,.,0,5,4,4,3,4,,,1,1,5,.,9,2,6,6,1,9,,,1,1,4,.,3,4,7,3,8,1,,,S,L,,,2,0,2,1,-,1,1,-,2,6,,,1,1,4,.,3,4,7,3,8,1,,,-,1,,
U,S,D,J,P,Y,m,-,0,0,4,6,,,U,S,D,J,P,Y,m,,,L,O,N,G,,,2,0,2,1,-,1,1,-,3,0,,,1,1,3,.,7,9,8,,,0,.,0,6,3,0,4,4,,,1,1,4,.,7,0,1,8,7,8,,,1,1,2,.,8,9,4,1,2,2,,,S,L,,,2,0,2,1,-,1,2,-,0,1,,,1,1,2,.,8,9,4,1,2,2,,,-,1,,
U,S,D,J,P,Y,m,-,0,0,4,7,,,U,S,D,J,P,Y,m,,,L,O,N,G,,,2,0,2,1,-,1,2,-,0,6,,,1,1,3,.,0,3,8,,,0,.,0,6,2,7,9,2,,,1,1,3,.,9,3,2,2,4,8,,,1,1,2,.,1,4,3,7,5,2,,,P,T,,,2,0,2,1,-,1,2,-,0,8,,,1,1,3,.,9,3,2,2,4,8,,,1,,
U,S,D,J,P,Y,m,-,0,0,4,8,,,U,S,D,J,P,Y,m,,,L,O,N,G,,,2,0,2,1,-,1,2,-,1,2,,,1,1,3,.,3,2,,,0,.,0,6,0,9,3,4,,,1,1,4,.,1,8,9,9,5,,,1,1,2,.,4,5,0,0,5,,,P,T,,,2,0,2,1,-,1,2,-,1,5,,,1,1,4,.,1,8,9,9,5,,,1,,
U,S,D,J,P,Y,m,-,0,0,4,9,,,U,S,D,J,P,Y,m,,,L,O,N,G,,,2,0,2,1,-,1,2,-,1,7,,,1,1,3,.,6,6,4,,,0,.,0,6,0,4,7,1,,,1,1,4,.,5,2,9,9,5,7,,,1,1,2,.,7,9,8,0,4,3,,,P,T,,,2,0,2,1,-,1,2,-,2,7,,,1,1,4,.,5,2,9,9,5,7,,,1,,
U,S,D,J,P,Y,m,-,0,0,5,0,,,U,S,D,J,P,Y,m,,,L,O,N,G,,,2,0,2,1,-,1,2,-,2,3,,,1,1,4,.,1,2,9,,,0,.,0,5,6,4,2,5,,,1,1,4,.,9,4,0,3,2,5,,,1,1,3,.,3,1,7,6,7,5,,,P,T,,,2,0,2,1,-,1,2,-,2,8,,,1,1,4,.,9,4,0,3,2,5,,,1,,
U,S,D,J,P,Y,m,-,0,0,5,1,,,U,S,D,J,P,Y,m,,,L,O,N,G,,,2,0,2,1,-,1,2,-,2,9,,,1,1,4,.,7,6,4,,,0,.,0,5,6,6,0,4,,,1,1,5,.,5,8,2,4,2,5,,,1,1,3,.,9,4,5,5,7,5,,,P,T,,,2,0,2,2,-,0,1,-,0,4,,,1,1,5,.,5,8,2,4,2,5,,,1,,
U,S,D,J,P,Y,m,-,0,0,5,2,,,U,S,D,J,P,Y,m,,,L,O,N,G,,,2,0,2,2,-,0,1,-,0,4,,,1,1,5,.,3,2,7,,,0,.,0,5,4,7,2,3,,,1,1,6,.,1,2,2,1,1,3,,,1,1,4,.,5,3,1,8,8,7,,,P,T,,,2,0,2,2,-,0,1,-,0,5,,,1,1,6,.,1,2,2,1,1,3,,,1,,
U,S,D,J,P,Y,m,-,0,0,5,3,,,U,S,D,J,P,Y,m,,,L,O,N,G,,,2,0,2,2,-,0,1,-,1,0,,,1,1,5,.,6,1,7,,,0,.,0,5,6,2,0,7,,,1,1,6,.,4,3,5,7,2,6,,,1,1,4,.,7,9,8,2,7,4,,,S,L,,,2,0,2,2,-,0,1,-,1,2,,,1,1,4,.,7,9,8,2,7,4,,,-,1,,
U,S,D,J,P,Y,m,-,0,0,5,4,,,U,S,D,J,P,Y,m,,,L,O,N,G,,,2,0,2,2,-,0,1,-,1,6,,,1,1,4,.,1,,,0,.,0,5,7,9,2,5,,,1,1,4,.,9,3,2,6,8,2,,,1,1,3,.,2,6,7,3,1,8,,,P,T,,,2,0,2,2,-,0,1,-,1,8,,,1,1,4,.,9,3,2,6,8,2,,,1,,
U,S,D,J,P,Y,m,-,0,0,5,5,,,U,S,D,J,P,Y,m,,,L,O,N,G,,,2,0,2,2,-,0,1,-,2,1,,,1,1,3,.,9,8,8,,,0,.,0,5,5,1,8,2,,,1,1,4,.,7,8,0,4,6,9,,,1,1,3,.,1,9,5,5,3,1,,,P,T,,,2,0,2,2,-,0,1,-,2,7,,,1,1,4,.,7,8,0,4,6,9,,,1,,
U,S,D,J,P,Y,m,-,0,0,5,6,,,U,S,D,J,P,Y,m,,,L,O,N,G,,,2,0,2,2,-,0,1,-,2,7,,,1,1,4,.,7,1,7,,,0,.,0,5,4,3,8,6,,,1,1,5,.,5,0,3,0,3,4,,,1,1,3,.,9,3,0,9,6,6,,,P,T,,,2,0,2,2,-,0,1,-,2,8,,,1,1,5,.,5,0,3,0,3,4,,,1,,
U,S,D,J,P,Y,m,-,0,0,5,7,,,U,S,D,J,P,Y,m,,,L,O,N,G,,,2,0,2,2,-,0,2,-,0,8,,,1,1,5,.,0,5,9,,,0,.,0,4,3,2,0,2,,,1,1,5,.,6,8,5,2,6,6,,,1,1,4,.,4,3,2,7,3,4,,,P,T,,,2,0,2,2,-,0,2,-,1,0,,,1,1,5,.,6,8,5,2,6,6,,,1,,
U,S,D,J,P,Y,m,-,0,0,5,8,,,U,S,D,J,P,Y,m,,,L,O,N,G,,,2,0,2,2,-,0,2,-,1,4,,,1,1,5,.,5,8,2,,,0,.,0,4,4,4,9,7,,,1,1,6,.,2,2,9,9,6,6,,,1,1,4,.,9,3,4,0,3,4,,,S,L,,,2,0,2,2,-,0,2,-,1,7,,,1,1,4,.,9,3,4,0,3,4,,,-,1,,
U,S,D,J,P,Y,m,-,0,0,5,9,,,U,S,D,J,P,Y,m,,,L,O,N,G,,,2,0,2,2,-,0,2,-,2,0,,,1,1,4,.,9,9,5,,,0,.,0,4,5,5,6,9,,,1,1,5,.,6,5,5,2,0,6,,,1,1,4,.,3,3,4,7,9,4,,,P,T,,,2,0,2,2,-,0,2,-,2,4,,,1,1,5,.,6,5,5,2,0,6,,,1,,
U,S,D,J,P,Y,m,-,0,0,6,0,,,U,S,D,J,P,Y,m,,,L,O,N,G,,,2,0,2,2,-,0,2,-,2,5,,,1,1,5,.,5,4,5,,,0,.,0,4,6,8,8,6,,,1,1,6,.,2,2,7,5,3,5,,,1,1,4,.,8,6,2,4,6,5,,,S,L,,,2,0,2,2,-,0,2,-,2,8,,,1,1,4,.,8,6,2,4,6,5,,,-,1,,
U,S,D,J,P,Y,m,-,0,0,6,1,,,U,S,D,J,P,Y,m,,,L,O,N,G,,,2,0,2,2,-,0,4,-,1,3,,,1,2,5,.,4,2,4,,,0,.,0,6,8,8,7,3,,,1,2,6,.,5,1,2,3,2,4,,,1,2,4,.,3,3,5,6,7,6,,,P,T,,,2,0,2,2,-,0,4,-,1,5,,,1,2,6,.,5,1,2,3,2,4,,,1,,
U,S,D,J,P,Y,m,-,0,0,6,2,,,U,S,D,J,P,Y,m,,,L,O,N,G,,,2,0,2,2,-,0,4,-,1,9,,,1,2,7,.,1,4,3,,,0,.,0,6,8,9,4,4,,,1,2,8,.,2,4,7,3,8,7,,,1,2,6,.,0,3,8,6,1,3,,,P,T,,,2,0,2,2,-,0,4,-,2,0,,,1,2,8,.,2,4,7,3,8,7,,,1,,
U,S,D,J,P,Y,m,-,0,0,6,3,,,U,S,D,J,P,Y,m,,,L,O,N,G,,,2,0,2,3,-,0,1,-,3,0,,,1,2,9,.,8,3,5,,,0,.,1,3,4,5,9,6,,,1,3,2,.,0,3,6,6,6,9,,,1,2,7,.,6,3,3,3,3,1,,,P,T,,,2,0,2,3,-,0,2,-,0,5,,,1,3,2,.,0,3,6,6,6,9,,,1,,
U,S,D,J,P,Y,m,-,0,0,6,4,,,U,S,D,J,P,Y,m,,,L,O,N,G,,,2,0,2,3,-,0,2,-,2,8,,,1,3,6,.,3,1,9,,,0,.,1,0,2,6,1,3,,,1,3,8,.,0,8,1,3,3,5,,,1,3,4,.,5,5,6,6,6,5,,,S,L,,,2,0,2,3,-,0,3,-,1,0,,,1,3,4,.,5,5,6,6,6,5,,,-,1,,
U,S,D,J,P,Y,m,-,0,0,6,5,,,U,S,D,J,P,Y,m,,,L,O,N,G,,,2,0,2,3,-,0,3,-,0,6,,,1,3,6,.,0,1,9,,,0,.,1,0,3,5,6,4,,,1,3,7,.,7,9,3,7,4,7,,,1,3,4,.,2,4,4,2,5,3,,,P,T,,,2,0,2,3,-,0,3,-,0,8,,,1,3,7,.,7,9,3,7,4,7,,,1,,
U,S,D,J,P,Y,m,-,0,0,6,6,,,U,S,D,J,P,Y,m,,,S,H,O,R,T,,,2,0,2,3,-,0,4,-,2,7,,,1,3,3,.,4,5,7,,,0,.,0,9,2,7,9,4,,,1,3,1,.,8,9,6,7,6,8,,,1,3,5,.,0,1,7,2,3,2,,,S,L,,,2,0,2,3,-,0,4,-,2,8,,,1,3,5,.,0,1,7,2,3,2,,,-,1,,
U,S,D,J,P,Y,m,-,0,0,6,7,,,U,S,D,J,P,Y,m,,,S,H,O,R,T,,,2,0,2,3,-,0,6,-,1,3,,,1,3,9,.,4,5,5,,,0,.,0,8,7,2,9,2,,,1,3,7,.,9,2,1,3,0,9,,,1,4,0,.,9,8,8,6,9,1,,,S,L,,,2,0,2,3,-,0,6,-,1,5,,,1,4,0,.,9,8,8,6,9,1,,,-,1,,
U,S,D,J,P,Y,m,-,0,0,6,8,,,U,S,D,J,P,Y,m,,,S,H,O,R,T,,,2,0,2,3,-,0,6,-,2,5,,,1,4,3,.,4,9,1,,,0,.,0,8,6,3,8,,,1,4,1,.,9,2,9,4,1,2,,,1,4,5,.,0,5,2,5,8,8,,,S,L,,,2,0,2,3,-,0,6,-,3,0,,,1,4,5,.,0,5,2,5,8,8,,,-,1,,
U,S,D,J,P,Y,m,-,0,0,6,9,,,U,S,D,J,P,Y,m,,,S,H,O,R,T,,,2,0,2,3,-,0,6,-,3,0,,,1,4,4,.,7,9,1,,,0,.,0,8,4,8,1,4,,,1,4,3,.,2,4,3,8,2,,,1,4,6,.,3,3,8,1,8,,,P,T,,,2,0,2,3,-,0,7,-,0,7,,,1,4,3,.,2,4,3,8,2,,,1,,
U,S,D,J,P,Y,m,-,0,0,7,0,,,U,S,D,J,P,Y,m,,,S,H,O,R,T,,,2,0,2,3,-,0,7,-,0,6,,,1,4,4,.,4,9,4,,,0,.,0,8,4,7,3,5,,,1,4,2,.,9,5,1,4,4,8,,,1,4,6,.,0,3,6,5,5,2,,,P,T,,,2,0,2,3,-,0,7,-,0,7,,,1,4,2,.,9,5,1,4,4,8,,,1,,
U,S,D,J,P,Y,m,-,0,0,7,1,,,U,S,D,J,P,Y,m,,,S,H,O,R,T,,,2,0,2,3,-,0,7,-,1,2,,,1,4,0,.,1,1,6,,,0,.,0,7,6,5,4,2,,,1,3,8,.,7,6,4,8,,,1,4,1,.,4,6,7,2,,,P,T,,,2,0,2,3,-,0,7,-,1,3,,,1,3,8,.,7,6,4,8,,,1,,
U,S,D,J,P,Y,m,-,0,0,7,2,,,U,S,D,J,P,Y,m,,,S,H,O,R,T,,,2,0,2,3,-,0,7,-,1,8,,,1,3,8,.,7,1,8,,,0,.,0,8,1,1,2,5,,,1,3,7,.,3,0,0,1,9,2,,,1,4,0,.,1,3,5,8,0,8,,,S,L,,,2,0,2,3,-,0,7,-,2,0,,,1,4,0,.,1,3,5,8,0,8,,,-,1,,
U,S,D,J,P,Y,m,-,0,0,7,3,,,U,S,D,J,P,Y,m,,,S,H,O,R,T,,,2,0,2,3,-,0,8,-,1,0,,,1,4,3,.,7,1,4,,,0,.,0,9,0,9,2,4,,,1,4,2,.,0,6,7,7,0,4,,,1,4,5,.,3,6,0,2,9,6,,,S,L,,,2,0,2,3,-,0,8,-,1,4,,,1,4,5,.,3,6,0,2,9,6,,,-,1,,
U,S,D,J,P,Y,m,-,0,0,7,4,,,U,S,D,J,P,Y,m,,,S,H,O,R,T,,,2,0,2,3,-,0,8,-,1,6,,,1,4,5,.,6,1,7,,,0,.,0,8,9,8,4,4,,,1,4,3,.,9,6,8,7,1,4,,,1,4,7,.,2,6,5,2,8,6,,,V,E,R,T,I,C,A,L,,,2,0,2,3,-,0,8,-,2,8,,,1,4,6,.,4,5,8,,,-,1,,
U,S,D,J,P,Y,m,-,0,0,7,5,,,U,S,D,J,P,Y,m,,,S,H,O,R,T,,,2,0,2,3,-,0,8,-,2,2,,,1,4,6,.,2,4,4,,,0,.,0,8,9,7,2,7,,,1,4,4,.,5,9,0,7,8,8,,,1,4,7,.,8,9,7,2,1,2,,,P,T,,,2,0,2,3,-,0,8,-,2,3,,,1,4,4,.,5,9,0,7,8,8,,,1,,
U,S,D,J,P,Y,m,-,0,0,7,6,,,U,S,D,J,P,Y,m,,,S,H,O,R,T,,,2,0,2,3,-,0,8,-,2,8,,,1,4,6,.,5,4,1,,,0,.,0,9,0,9,4,5,,,1,4,4,.,8,6,1,9,2,9,,,1,4,8,.,2,2,0,0,7,1,,,P,T,,,2,0,2,3,-,0,9,-,0,1,,,1,4,4,.,8,6,1,9,2,9,,,1,,
U,S,D,J,P,Y,m,-,0,0,7,7,,,U,S,D,J,P,Y,m,,,L,O,N,G,,,2,0,2,3,-,0,9,-,0,3,,,1,4,6,.,1,5,5,,,0,.,0,8,9,2,7,3,,,1,4,7,.,7,9,8,8,6,1,,,1,4,4,.,5,1,1,1,3,9,,,P,T,,,2,0,2,3,-,0,9,-,0,6,,,1,4,7,.,7,9,8,8,6,1,,,1,,
U,S,D,J,P,Y,m,-,0,0,7,8,,,U,S,D,J,P,Y,m,,,L,O,N,G,,,2,0,2,3,-,0,9,-,0,8,,,1,4,7,.,3,3,1,,,0,.,0,8,9,6,6,3,,,1,4,8,.,9,9,5,3,2,6,,,1,4,5,.,6,6,6,6,7,4,,,V,E,R,T,I,C,A,L,,,2,0,2,3,-,0,9,-,2,0,,,1,4,8,.,3,1,8,,,1,,
U,S,D,J,P,Y,m,-,0,0,7,9,,,U,S,D,J,P,Y,m,,,L,O,N,G,,,2,0,2,3,-,0,9,-,1,4,,,1,4,7,.,3,2,7,,,0,.,0,9,0,4,1,7,,,1,4,9,.,0,0,5,2,7,3,,,1,4,5,.,6,4,8,7,2,7,,,P,T,,,2,0,2,3,-,0,9,-,2,6,,,1,4,9,.,0,0,5,2,7,3,,,1,,
U,S,D,J,P,Y,m,-,0,0,8,0,,,U,S,D,J,P,Y,m,,,L,O,N,G,,,2,0,2,3,-,0,9,-,2,0,,,1,4,7,.,7,5,7,,,0,.,0,7,7,4,2,7,,,1,4,9,.,1,9,8,3,4,6,,,1,4,6,.,3,1,5,6,5,4,,,P,T,,,2,0,2,3,-,0,9,-,2,7,,,1,4,9,.,1,9,8,3,4,6,,,1,,
U,S,D,J,P,Y,m,-,0,0,8,1,,,U,S,D,J,P,Y,m,,,L,O,N,G,,,2,0,2,3,-,0,9,-,2,6,,,1,4,8,.,8,1,9,,,0,.,0,7,8,2,0,4,,,1,5,0,.,2,8,5,2,7,3,,,1,4,7,.,3,5,2,7,2,7,,,S,L,,,2,0,2,3,-,1,0,-,0,3,,,1,4,7,.,3,5,2,7,2,7,,,-,1,,
U,S,D,J,P,Y,m,-,0,0,8,2,,,U,S,D,J,P,Y,m,,,L,O,N,G,,,2,0,2,3,-,1,0,-,0,2,,,1,4,9,.,5,2,7,,,0,.,0,7,3,3,9,6,,,1,5,0,.,9,0,9,6,8,2,,,1,4,8,.,1,4,4,3,1,8,,,S,L,,,2,0,2,3,-,1,0,-,0,3,,,1,4,8,.,1,4,4,3,1,8,,,-,1,,
U,S,D,J,P,Y,m,-,0,0,8,3,,,U,S,D,J,P,Y,m,,,L,O,N,G,,,2,0,2,3,-,1,0,-,0,8,,,1,4,9,.,0,3,7,,,0,.,0,6,1,6,2,2,,,1,5,0,.,1,9,4,0,6,4,,,1,4,7,.,8,7,9,9,3,6,,,V,E,R,T,I,C,A,L,,,2,0,2,3,-,1,0,-,1,9,,,1,4,9,.,8,0,2,,,1,,
U,S,D,J,P,Y,m,-,0,0,8,4,,,U,S,D,J,P,Y,m,,,L,O,N,G,,,2,0,2,3,-,1,0,-,2,5,,,1,4,9,.,8,5,1,,,0,.,0,5,1,5,9,4,,,1,5,0,.,8,2,5,0,5,7,,,1,4,8,.,8,7,6,9,4,3,,,S,L,,,2,0,2,3,-,1,0,-,3,0,,,1,4,8,.,8,7,6,9,4,3,,,-,1,,
U,S,D,J,P,Y,m,-,0,0,8,5,,,U,S,D,J,P,Y,m,,,L,O,N,G,,,2,0,2,3,-,1,1,-,0,6,,,1,4,9,.,4,5,2,,,0,.,0,5,6,9,2,9,,,1,5,0,.,5,2,3,9,2,9,,,1,4,8,.,3,8,0,0,7,1,,,P,T,,,2,0,2,3,-,1,1,-,0,7,,,1,5,0,.,5,2,3,9,2,9,,,1,,
U,S,D,J,P,Y,m,-,0,0,8,6,,,U,S,D,J,P,Y,m,,,L,O,N,G,,,2,0,2,3,-,1,1,-,1,2,,,1,5,1,.,4,1,6,,,0,.,0,5,5,8,1,9,,,1,5,2,.,4,8,0,8,3,5,,,1,5,0,.,3,5,1,1,6,5,,,S,L,,,2,0,2,3,-,1,1,-,1,4,,,1,5,0,.,3,5,1,1,6,5,,,-,1,,
U,S,D,J,P,Y,m,-,0,0,8,7,,,U,S,D,J,P,Y,m,,,L,O,N,G,,,2,0,2,3,-,1,2,-,2,9,,,1,4,1,.,4,3,7,,,0,.,0,9,5,3,5,,,1,4,3,.,1,3,6,0,7,4,,,1,3,9,.,7,3,7,9,2,6,,,P,T,,,2,0,2,4,-,0,1,-,0,3,,,1,4,3,.,1,3,6,0,7,4,,,1,,
U,S,D,J,P,Y,m,-,0,0,8,8,,,U,S,D,J,P,Y,m,,,L,O,N,G,,,2,0,2,4,-,0,1,-,1,1,,,1,4,5,.,7,2,4,,,0,.,0,9,8,1,1,9,,,1,4,7,.,5,2,5,4,1,9,,,1,4,3,.,9,2,2,5,8,1,,,P,T,,,2,0,2,4,-,0,1,-,1,7,,,1,4,7,.,5,2,5,4,1,9,,,1,,
U,S,D,J,P,Y,m,-,0,0,8,9,,,U,S,D,J,P,Y,m,,,L,O,N,G,,,2,0,2,4,-,0,1,-,1,7,,,1,4,7,.,2,4,2,,,0,.,0,9,9,4,4,8,,,1,4,9,.,0,8,6,8,3,5,,,1,4,5,.,3,9,7,1,6,5,,,V,E,R,T,I,C,A,L,,,2,0,2,4,-,0,1,-,2,9,,,1,4,7,.,4,5,1,,,1,,
U,S,D,J,P,Y,m,-,0,0,9,0,,,U,S,D,J,P,Y,m,,,L,O,N,G,,,2,0,2,4,-,0,1,-,2,3,,,1,4,8,.,1,4,2,,,0,.,0,9,9,6,0,6,,,1,5,0,.,0,0,1,0,6,4,,,1,4,6,.,2,8,2,9,3,6,,,S,L,,,2,0,2,4,-,0,1,-,3,1,,,1,4,6,.,2,8,2,9,3,6,,,-,1,,
U,S,D,J,P,Y,m,-,0,0,9,1,,,U,S,D,J,P,Y,m,,,L,O,N,G,,,2,0,2,4,-,0,1,-,2,9,,,1,4,8,.,1,8,,,0,.,0,9,7,0,4,3,,,1,4,9,.,9,9,1,6,8,7,,,1,4,6,.,3,6,8,3,1,3,,,S,L,,,2,0,2,4,-,0,1,-,3,1,,,1,4,6,.,3,6,8,3,1,3,,,-,1,,
U,S,D,J,P,Y,m,-,0,0,9,2,,,U,S,D,J,P,Y,m,,,L,O,N,G,,,2,0,2,4,-,0,2,-,0,4,,,1,4,8,.,3,6,5,,,0,.,0,9,7,3,2,,,1,5,0,.,1,8,4,1,2,9,,,1,4,6,.,5,4,5,8,7,1,,,P,T,,,2,0,2,4,-,0,2,-,1,3,,,1,5,0,.,1,8,4,1,2,9,,,1,,
U,S,D,J,P,Y,m,-,0,0,9,3,,,U,S,D,J,P,Y,m,,,L,O,N,G,,,2,0,2,4,-,0,2,-,0,9,,,1,4,9,.,2,6,,,0,.,0,9,6,1,9,2,,,1,5,1,.,0,6,8,8,8,5,,,1,4,7,.,4,5,1,1,1,5,,,V,E,R,T,I,C,A,L,,,2,0,2,4,-,0,2,-,2,1,,,1,5,0,.,3,0,3,,,1,,
U,S,D,J,P,Y,m,-,0,0,9,4,,,U,S,D,J,P,Y,m,,,L,O,N,G,,,2,0,2,4,-,0,2,-,1,5,,,1,5,0,.,5,5,4,,,0,.,0,9,4,3,5,2,,,1,5,2,.,3,4,3,6,7,9,,,1,4,8,.,7,6,4,3,2,1,,,V,E,R,T,I,C,A,L,,,2,0,2,4,-,0,2,-,2,7,,,1,5,0,.,4,6,5,,,-,1,,
U,S,D,J,P,Y,m,-,0,0,9,5,,,U,S,D,J,P,Y,m,,,L,O,N,G,,,2,0,2,4,-,0,2,-,2,1,,,1,4,9,.,9,6,2,,,0,.,0,8,2,6,2,8,,,1,5,1,.,5,2,3,1,1,9,,,1,4,8,.,4,0,0,8,8,1,,,V,E,R,T,I,C,A,L,,,2,0,2,4,-,0,3,-,0,4,,,1,5,0,.,4,2,4,,,1,,
U,S,D,J,P,Y,m,-,0,0,9,6,,,U,S,D,J,P,Y,m,,,L,O,N,G,,,2,0,2,4,-,0,2,-,2,7,,,1,5,0,.,5,7,1,,,0,.,0,7,2,1,0,1,,,1,5,1,.,9,3,8,7,6,2,,,1,4,9,.,2,0,3,2,3,8,,,S,L,,,2,0,2,4,-,0,3,-,0,6,,,1,4,9,.,2,0,3,2,3,8,,,-,1,,
U,S,D,J,P,Y,m,-,0,0,9,7,,,U,S,D,J,P,Y,m,,,L,O,N,G,,,2,0,2,4,-,0,3,-,0,4,,,1,5,0,.,1,2,6,,,0,.,0,6,6,8,2,3,,,1,5,1,.,3,8,9,8,9,1,,,1,4,8,.,8,6,2,1,0,9,,,S,L,,,2,0,2,4,-,0,3,-,0,7,,,1,4,8,.,8,6,2,1,0,9,,,-,1,,
U,S,D,J,P,Y,m,-,0,0,9,8,,,U,S,D,J,P,Y,m,,,L,O,N,G,,,2,0,2,4,-,0,3,-,1,0,,,1,4,6,.,9,5,6,,,0,.,0,7,0,0,7,9,,,1,4,8,.,2,5,3,4,9,4,,,1,4,5,.,6,5,8,5,0,6,,,P,T,,,2,0,2,4,-,0,3,-,1,4,,,1,4,8,.,2,5,3,4,9,4,,,1,,
U,S,D,J,P,Y,m,-,0,0,9,9,,,U,S,D,J,P,Y,m,,,L,O,N,G,,,2,0,2,4,-,0,3,-,1,5,,,1,4,8,.,2,9,7,,,0,.,0,6,4,2,9,3,,,1,4,9,.,4,9,8,2,2,8,,,1,4,7,.,0,9,5,7,7,2,,,P,T,,,2,0,2,4,-,0,3,-,1,9,,,1,4,9,.,4,9,8,2,2,8,,,1,,
U,S,D,J,P,Y,m,-,0,1,0,0,,,U,S,D,J,P,Y,m,,,L,O,N,G,,,2,0,2,4,-,0,3,-,2,1,,,1,5,0,.,7,3,9,,,0,.,0,6,6,3,1,6,,,1,5,1,.,9,9,8,4,3,7,,,1,4,9,.,4,7,9,5,6,3,,,V,E,R,T,I,C,A,L,,,2,0,2,4,-,0,4,-,0,2,,,1,5,1,.,5,4,7,,,1,,
U,S,D,J,P,Y,m,-,0,1,0,1,,,U,S,D,J,P,Y,m,,,L,O,N,G,,,2,0,2,4,-,0,3,-,2,7,,,1,5,1,.,5,1,8,,,0,.,0,6,2,8,4,9,,,1,5,2,.,7,1,7,7,5,5,,,1,5,0,.,3,1,8,2,4,5,,,V,E,R,T,I,C,A,L,,,2,0,2,4,-,0,4,-,0,8,,,1,5,1,.,8,3,4,,,1,,
U,S,D,J,P,Y,m,-,0,1,0,2,,,U,S,D,J,P,Y,m,,,L,O,N,G,,,2,0,2,4,-,0,4,-,0,2,,,1,5,1,.,5,9,3,,,0,.,0,6,3,2,5,7,,,1,5,2,.,8,0,1,1,4,8,,,1,5,0,.,3,8,4,8,5,2,,,P,T,,,2,0,2,4,-,0,4,-,1,0,,,1,5,2,.,8,0,1,1,4,8,,,1,,
U,S,D,J,P,Y,m,-,0,1,0,3,,,U,S,D,J,P,Y,m,,,L,O,N,G,,,2,0,2,4,-,0,4,-,0,8,,,1,5,1,.,6,7,3,,,0,.,0,6,1,6,3,5,,,1,5,2,.,8,5,0,7,8,8,,,1,5,0,.,4,9,5,2,1,2,,,P,T,,,2,0,2,4,-,0,4,-,1,0,,,1,5,2,.,8,5,0,7,8,8,,,1,,
U,S,D,J,P,Y,m,-,0,1,0,4,,,U,S,D,J,P,Y,m,,,L,O,N,G,,,2,0,2,4,-,0,4,-,1,4,,,1,5,2,.,9,1,9,,,0,.,0,5,6,8,7,6,,,1,5,4,.,0,1,4,7,7,4,,,1,5,1,.,8,2,3,2,2,6,,,P,T,,,2,0,2,4,-,0,4,-,1,5,,,1,5,4,.,0,1,4,7,7,4,,,1,,
U,S,D,J,P,Y,m,-,0,1,0,5,,,U,S,D,J,P,Y,m,,,L,O,N,G,,,2,0,2,4,-,0,4,-,1,9,,,1,5,4,.,6,0,9,,,0,.,0,5,4,9,4,6,,,1,5,5,.,6,7,9,2,8,6,,,1,5,3,.,5,3,8,7,1,4,,,P,T,,,2,0,2,4,-,0,4,-,2,5,,,1,5,5,.,6,7,9,2,8,6,,,1,,
U,S,D,J,P,Y,m,-,0,1,0,6,,,U,S,D,J,P,Y,m,,,L,O,N,G,,,2,0,2,4,-,0,5,-,1,3,,,1,5,5,.,8,2,8,,,0,.,0,8,3,7,2,9,,,1,5,7,.,4,7,1,8,0,8,,,1,5,4,.,1,8,4,1,9,2,,,S,L,,,2,0,2,4,-,0,5,-,1,5,,,1,5,4,.,1,8,4,1,9,2,,,-,1,,
U,S,D,J,P,Y,m,-,0,1,0,7,,,U,S,D,J,P,Y,m,,,L,O,N,G,,,2,0,2,4,-,0,5,-,2,4,,,1,5,6,.,9,8,9,,,0,.,0,8,4,5,4,6,,,1,5,8,.,6,6,1,2,1,8,,,1,5,5,.,3,1,6,7,8,2,,,S,L,,,2,0,2,4,-,0,6,-,0,4,,,1,5,5,.,3,1,6,7,8,2,,,-,1,,
U,S,D,J,P,Y,m,-,0,1,0,8,,,U,S,D,J,P,Y,m,,,L,O,N,G,,,2,0,2,4,-,0,5,-,3,0,,,1,5,7,.,6,2,3,,,0,.,0,8,0,1,0,5,,,1,5,9,.,2,1,3,7,8,2,,,1,5,6,.,0,3,2,2,1,8,,,S,L,,,2,0,2,4,-,0,6,-,0,3,,,1,5,6,.,0,3,2,2,1,8,,,-,1,,
U,S,D,J,P,Y,m,-,0,1,0,9,,,U,S,D,J,P,Y,m,,,L,O,N,G,,,2,0,2,4,-,0,6,-,0,5,,,1,5,5,.,1,1,3,,,0,.,0,8,3,1,6,7,,,1,5,6,.,7,3,8,2,7,7,,,1,5,3,.,4,8,7,7,2,3,,,P,T,,,2,0,2,4,-,0,6,-,0,7,,,1,5,6,.,7,3,8,2,7,7,,,1,,
U,S,D,J,P,Y,m,-,0,1,1,0,,,U,S,D,J,P,Y,m,,,L,O,N,G,,,2,0,2,4,-,0,6,-,1,1,,,1,5,7,.,0,3,9,,,0,.,0,8,4,6,0,6,,,1,5,8,.,7,1,2,9,3,,,1,5,5,.,3,6,5,0,7,,,P,T,,,2,0,2,4,-,0,6,-,2,0,,,1,5,8,.,7,1,2,9,3,,,1,,
U,S,D,J,P,Y,m,-,0,1,1,1,,,U,S,D,J,P,Y,m,,,L,O,N,G,,,2,0,2,4,-,0,6,-,1,7,,,1,5,7,.,5,5,3,,,0,.,0,8,4,6,4,,,1,5,9,.,2,3,3,0,8,3,,,1,5,5,.,8,7,2,9,1,7,,,P,T,,,2,0,2,4,-,0,6,-,2,1,,,1,5,9,.,2,3,3,0,8,3,,,1,,
U,S,D,J,P,Y,m,-,0,1,1,2,,,U,S,D,J,P,Y,m,,,L,O,N,G,,,2,0,2,4,-,0,6,-,2,3,,,1,5,9,.,6,9,4,,,0,.,0,8,4,6,2,3,,,1,6,1,.,3,9,6,5,7,,,1,5,7,.,9,9,1,4,3,,,P,T,,,2,0,2,4,-,0,7,-,0,1,,,1,6,1,.,3,9,6,5,7,,,1,,
U,S,D,J,P,Y,m,-,0,1,1,3,,,U,S,D,J,P,Y,m,,,L,O,N,G,,,2,0,2,4,-,0,6,-,2,8,,,1,6,0,.,7,,,0,.,0,8,4,2,6,3,,,1,6,2,.,4,0,6,0,2,1,,,1,5,8,.,9,9,3,9,7,9,,,V,E,R,T,I,C,A,L,,,2,0,2,4,-,0,7,-,1,0,,,1,6,1,.,5,9,1,,,1,,
U,S,D,J,P,Y,m,-,0,1,1,4,,,U,S,D,J,P,Y,m,,,L,O,N,G,,,2,0,2,4,-,0,7,-,0,4,,,1,6,1,.,5,8,3,,,0,.,0,8,4,2,1,4,,,1,6,3,.,2,9,7,3,8,1,,,1,5,9,.,8,6,8,6,1,9,,,S,L,,,2,0,2,4,-,0,7,-,1,1,,,1,5,9,.,8,6,8,6,1,9,,,-,1,,
U,S,D,J,P,Y,m,-,0,1,1,5,,,U,S,D,J,P,Y,m,,,L,O,N,G,,,2,0,2,4,-,0,7,-,1,0,,,1,6,1,.,3,2,3,,,0,.,0,6,5,1,9,2,,,1,6,2,.,6,4,8,0,1,9,,,1,5,9,.,9,9,7,9,8,1,,,S,L,,,2,0,2,4,-,0,7,-,1,1,,,1,5,9,.,9,9,7,9,8,1,,,-,1,,
U,S,D,J,P,Y,m,-,0,1,1,6,,,U,S,D,J,P,Y,m,,,L,O,N,G,,,2,0,2,4,-,0,7,-,1,6,,,1,5,8,.,1,4,7,,,0,.,0,6,9,0,1,9,,,1,5,9,.,5,2,2,1,7,2,,,1,5,6,.,7,7,1,8,2,8,,,S,L,,,2,0,2,4,-,0,7,-,1,7,,,1,5,6,.,7,7,1,8,2,8,,,-,1,,
U,S,D,J,P,Y,m,-,0,1,1,7,,,U,S,D,J,P,Y,m,,,L,O,N,G,,,2,0,2,4,-,0,7,-,2,2,,,1,5,7,.,4,2,1,,,0,.,0,7,9,7,5,8,,,1,5,9,.,0,0,2,8,4,7,,,1,5,5,.,8,3,9,1,5,3,,,S,L,,,2,0,2,4,-,0,7,-,2,3,,,1,5,5,.,8,3,9,1,5,3,,,-,1,,
U,S,D,J,P,Y,m,-,0,1,1,8,,,U,S,D,J,P,Y,m,,,L,O,N,G,,,2,0,2,4,-,0,7,-,2,8,,,1,5,3,.,6,4,7,,,0,.,0,7,8,2,9,8,,,1,5,5,.,1,6,2,6,7,3,,,1,5,2,.,1,3,1,3,2,7,,,P,T,,,2,0,2,4,-,0,7,-,3,0,,,1,5,5,.,1,6,2,6,7,3,,,1,,
U,S,D,J,P,Y,m,-,0,1,1,9,,,U,S,D,J,P,Y,m,,,S,H,O,R,T,,,2,0,2,4,-,0,9,-,1,2,,,1,4,2,.,6,3,4,,,0,.,1,1,7,6,1,6,,,1,4,0,.,5,2,0,4,1,7,,,1,4,4,.,7,4,7,5,8,3,,,P,T,,,2,0,2,4,-,0,9,-,1,3,,,1,4,0,.,5,2,0,4,1,7,,,1,,
U,S,D,J,P,Y,m,-,0,1,2,0,,,U,S,D,J,P,Y,m,,,S,H,O,R,T,,,2,0,2,4,-,0,9,-,1,8,,,1,4,2,.,0,0,5,,,0,.,1,1,9,6,1,1,,,1,3,9,.,8,6,5,0,5,3,,,1,4,4,.,1,4,4,9,4,7,,,S,L,,,2,0,2,4,-,0,9,-,2,0,,,1,4,4,.,1,4,4,9,4,7,,,-,1,,
U,S,D,J,P,Y,m,-,0,1,2,1,,,U,S,D,J,P,Y,m,,,S,H,O,R,T,,,2,0,2,4,-,0,9,-,2,4,,,1,4,3,.,6,3,,,0,.,1,1,5,4,3,1,,,1,4,1,.,5,4,1,1,9,5,,,1,4,5,.,7,1,8,8,0,5,,,S,L,,,2,0,2,4,-,0,9,-,2,7,,,1,4,5,.,7,1,8,8,0,5,,,-,1,,
U,S,D,J,P,Y,m,-,0,1,2,2,,,U,S,D,J,P,Y,m,,,L,O,N,G,,,2,0,2,4,-,1,0,-,1,7,,,1,4,9,.,5,6,,,0,.,1,1,1,7,0,7,,,1,5,1,.,6,6,4,8,7,5,,,1,4,7,.,4,5,5,1,2,5,,,P,T,,,2,0,2,4,-,1,0,-,2,3,,,1,5,1,.,6,6,4,8,7,5,,,1,,
U,S,D,J,P,Y,m,-,0,1,2,3,,,U,S,D,J,P,Y,m,,,S,H,O,R,T,,,2,0,2,4,-,1,0,-,2,3,,,1,5,1,.,1,4,7,,,0,.,1,1,1,8,8,2,,,1,4,9,.,0,1,6,4,5,7,,,1,5,3,.,2,7,7,5,4,3,,,S,L,,,2,0,2,4,-,1,0,-,2,8,,,1,5,3,.,2,7,7,5,4,3,,,-,1,,
U,S,D,J,P,Y,m,-,0,1,2,4,,,U,S,D,J,P,Y,m,,,L,O,N,G,,,2,0,2,4,-,1,0,-,2,9,,,1,5,3,.,1,3,9,,,0,.,1,0,5,6,7,9,,,1,5,5,.,1,7,7,9,4,1,,,1,5,1,.,1,0,0,0,5,9,,,V,E,R,T,I,C,A,L,,,2,0,2,4,-,1,1,-,1,0,,,1,5,2,.,9,0,8,,,-,1,,
U,S,D,J,P,Y,m,-,0,1,2,5,,,U,S,D,J,P,Y,m,,,L,O,N,G,,,2,0,2,4,-,1,1,-,0,4,,,1,5,2,.,2,9,,,0,.,1,0,3,3,3,4,,,1,5,4,.,2,7,2,6,4,3,,,1,5,0,.,3,0,7,3,5,7,,,P,T,,,2,0,2,4,-,1,1,-,0,6,,,1,5,4,.,2,7,2,6,4,3,,,1,,
U,S,D,J,P,Y,m,-,0,1,2,6,,,U,S,D,J,P,Y,m,,,L,O,N,G,,,2,0,2,5,-,0,1,-,1,3,,,1,5,7,.,9,0,7,,,0,.,0,9,2,7,1,,,1,5,9,.,7,5,1,4,0,9,,,1,5,6,.,0,6,2,5,9,1,,,S,L,,,2,0,2,5,-,0,1,-,1,5,,,1,5,6,.,0,6,2,5,9,1,,,-,1,,
U,S,D,J,P,Y,m,-,0,1,2,7,,,U,S,D,J,P,Y,m,,,L,O,N,G,,,2,0,2,5,-,0,1,-,1,9,,,1,5,6,.,1,9,5,,,0,.,0,8,7,6,3,3,,,1,5,7,.,9,1,9,5,1,4,,,1,5,4,.,4,7,0,4,8,6,,,S,L,,,2,0,2,5,-,0,1,-,2,7,,,1,5,4,.,4,7,0,4,8,6,,,-,1,,
U,S,D,J,P,Y,m,-,0,1,2,8,,,U,S,D,J,P,Y,m,,,L,O,N,G,,,2,0,2,5,-,0,1,-,2,4,,,1,5,6,.,1,3,4,,,0,.,0,8,1,3,5,1,,,1,5,7,.,7,3,4,2,6,3,,,1,5,4,.,5,3,3,7,3,7,,,S,L,,,2,0,2,5,-,0,1,-,2,7,,,1,5,4,.,5,3,3,7,3,7,,,-,1,,
U,S,D,J,P,Y,m,-,0,1,2,9,,,U,S,D,J,P,Y,m,,,L,O,N,G,,,2,0,2,5,-,0,1,-,3,0,,,1,5,5,.,1,7,6,,,0,.,0,8,0,9,9,6,,,1,5,6,.,7,5,9,4,9,1,,,1,5,3,.,5,9,2,5,0,9,,,S,L,,,2,0,2,5,-,0,2,-,0,5,,,1,5,3,.,5,9,2,5,0,9,,,-,1,,
U,S,D,J,P,Y,m,-,0,1,3,0,,,U,S,D,J,P,Y,m,,,S,H,O,R,T,,,2,0,2,5,-,0,3,-,3,0,,,1,4,9,.,7,6,3,,,0,.,0,8,0,9,2,4,,,1,4,8,.,2,3,6,0,9,3,,,1,5,1,.,2,8,9,9,0,7,,,P,T,,,2,0,2,5,-,0,4,-,0,2,,,1,4,8,.,2,3,6,0,9,3,,,1,,
U,S,D,J,P,Y,m,-,0,1,3,1,,,U,S,D,J,P,Y,m,,,L,O,N,G,,,2,0,2,5,-,0,7,-,0,1,,,1,4,3,.,8,0,6,,,0,.,1,0,2,8,1,,,1,4,5,.,6,6,8,7,0,3,,,1,4,1,.,9,4,3,2,9,7,,,P,T,,,2,0,2,5,-,0,7,-,0,7,,,1,4,5,.,6,6,8,7,0,3,,,1,,
U,S,D,J,P,Y,m,-,0,1,3,2,,,U,S,D,J,P,Y,m,,,L,O,N,G,,,2,0,2,5,-,0,7,-,0,7,,,1,4,4,.,4,8,8,,,0,.,1,0,0,4,9,7,,,1,4,6,.,3,1,7,4,1,6,,,1,4,2,.,6,5,8,5,8,4,,,P,T,,,2,0,2,5,-,0,7,-,0,8,,,1,4,6,.,3,1,7,4,1,6,,,1,,
U,S,D,J,P,Y,m,-,0,1,3,3,,,U,S,D,J,P,Y,m,,,L,O,N,G,,,2,0,2,5,-,0,7,-,1,8,,,1,4,8,.,4,3,8,,,0,.,0,9,3,3,3,1,,,1,5,0,.,1,8,3,4,2,6,,,1,4,6,.,6,9,2,5,7,4,,,S,L,,,2,0,2,5,-,0,7,-,2,2,,,1,4,6,.,6,9,2,5,7,4,,,-,1,,
U,S,D,J,P,Y,m,-,0,1,3,4,,,U,S,D,J,P,Y,m,,,S,H,O,R,T,,,2,0,2,5,-,0,7,-,2,4,,,1,4,6,.,3,4,2,,,0,.,0,8,6,0,4,1,,,1,4,4,.,7,5,5,6,3,1,,,1,4,7,.,9,2,8,3,6,9,,,S,L,,,2,0,2,5,-,0,7,-,2,5,,,1,4,7,.,9,2,8,3,6,9,,,-,1,,
U,S,D,J,P,Y,m,-,0,1,3,5,,,U,S,D,J,P,Y,m,,,S,H,O,R,T,,,2,0,2,5,-,0,7,-,3,0,,,1,4,8,.,4,2,4,,,0,.,0,8,5,8,6,2,,,1,4,6,.,8,1,8,4,0,4,,,1,5,0,.,0,2,9,5,9,6,,,S,L,,,2,0,2,5,-,0,7,-,3,1,,,1,5,0,.,0,2,9,5,9,6,,,-,1,,
U,S,D,J,P,Y,m,-,0,1,3,6,,,U,S,D,J,P,Y,m,,,S,H,O,R,T,,,2,0,2,5,-,0,8,-,2,2,,,1,4,8,.,3,8,4,,,0,.,0,8,3,2,1,9,,,1,4,6,.,8,2,8,2,5,7,,,1,4,9,.,9,3,9,7,4,3,,,P,T,,,2,0,2,5,-,0,8,-,2,4,,,1,4,6,.,8,2,8,2,5,7,,,1,,
U,S,D,J,P,Y,m,-,0,1,3,7,,,U,S,D,J,P,Y,m,,,S,H,O,R,T,,,2,0,2,5,-,0,8,-,2,8,,,1,4,7,.,3,3,,,0,.,0,8,5,4,3,5,,,1,4,5,.,7,4,4,1,7,3,,,1,4,8,.,9,1,5,8,2,7,,,S,L,,,2,0,2,5,-,0,9,-,0,2,,,1,4,8,.,9,1,5,8,2,7,,,-,1,,
U,S,D,J,P,Y,m,-,0,1,3,8,,,U,S,D,J,P,Y,m,,,S,H,O,R,T,,,2,0,2,5,-,0,9,-,0,3,,,1,4,8,.,5,7,9,,,0,.,0,8,6,0,1,9,,,1,4,6,.,9,6,8,7,8,7,,,1,5,0,.,1,8,9,2,1,3,,,P,T,,,2,0,2,5,-,0,9,-,0,5,,,1,4,6,.,9,6,8,7,8,7,,,1,,
U,S,D,J,P,Y,m,-,0,1,3,9,,,U,S,D,J,P,Y,m,,,S,H,O,R,T,,,2,0,2,5,-,0,9,-,0,9,,,1,4,7,.,3,7,1,,,0,.,0,8,8,8,6,3,,,1,4,5,.,7,2,1,0,8,8,,,1,4,9,.,0,2,0,9,1,2,,,P,T,,,2,0,2,5,-,0,9,-,1,7,,,1,4,5,.,7,2,1,0,8,8,,,1,,
U,S,D,J,P,Y,m,-,0,1,4,0,,,U,S,D,J,P,Y,m,,,S,H,O,R,T,,,2,0,2,5,-,0,9,-,1,5,,,1,4,7,.,6,7,4,,,0,.,0,8,5,2,6,1,,,1,4,6,.,0,8,7,6,9,9,,,1,4,9,.,2,6,0,3,0,1,,,P,T,,,2,0,2,5,-,0,9,-,1,7,,,1,4,6,.,0,8,7,6,9,9,,,1,,
U,S,D,J,P,Y,m,-,0,1,4,1,,,U,S,D,J,P,Y,m,,,S,H,O,R,T,,,2,0,2,5,-,0,9,-,2,1,,,1,4,7,.,8,5,8,,,0,.,0,8,4,7,3,7,,,1,4,6,.,2,7,9,4,8,4,,,1,4,9,.,4,3,6,5,1,6,,,S,L,,,2,0,2,5,-,0,9,-,2,5,,,1,4,9,.,4,3,6,5,1,6,,,-,1,,
U,S,D,J,P,Y,m,-,0,1,4,2,,,U,S,D,J,P,Y,m,,,S,H,O,R,T,,,2,0,2,5,-,0,9,-,2,6,,,1,4,9,.,8,7,2,,,0,.,0,8,5,3,7,3,,,1,4,8,.,2,5,9,9,8,3,,,1,5,1,.,4,8,4,0,1,7,,,P,T,,,2,0,2,5,-,0,9,-,3,0,,,1,4,8,.,2,5,9,9,8,3,,,1,,
U,S,D,J,P,Y,m,-,0,1,4,3,,,U,S,D,J,P,Y,m,,,S,H,O,R,T,,,2,0,2,5,-,1,0,-,0,2,,,1,4,7,.,1,0,7,,,0,.,0,8,5,0,2,,,1,4,5,.,5,3,1,2,6,8,,,1,4,8,.,6,8,2,7,3,2,,,S,L,,,2,0,2,5,-,1,0,-,0,5,,,1,4,8,.,6,8,2,7,3,2,,,-,1,,
U,S,D,J,P,Y,m,-,0,1,4,4,,,U,S,D,J,P,Y,m,,,S,H,O,R,T,,,2,0,2,5,-,1,0,-,0,8,,,1,5,2,.,0,5,5,,,0,.,0,9,2,0,2,,,1,5,0,.,2,9,2,1,5,7,,,1,5,3,.,8,1,7,8,4,3,,,P,T,,,2,0,2,5,-,1,0,-,1,6,,,1,5,0,.,2,9,2,1,5,7,,,1,,
U,S,D,J,P,Y,m,-,0,1,4,5,,,U,S,D,J,P,Y,m,,,S,H,O,R,T,,,2,0,2,5,-,1,0,-,1,4,,,1,5,2,.,4,5,8,,,0,.,0,8,0,3,1,6,,,1,5,0,.,9,1,5,2,9,5,,,1,5,4,.,0,0,0,7,0,5,,,P,T,,,2,0,2,5,-,1,0,-,1,5,,,1,5,0,.,9,1,5,2,9,5,,,1,,
U,S,D,J,P,Y,m,-,0,1,4,6,,,U,S,D,J,P,Y,m,,,S,H,O,R,T,,,2,0,2,5,-,1,0,-,2,0,,,1,5,0,.,9,1,4,,,0,.,0,8,1,4,1,9,,,1,4,9,.,3,6,5,9,4,4,,,1,5,2,.,4,6,2,0,5,6,,,S,L,,,2,0,2,5,-,1,0,-,2,3,,,1,5,2,.,4,6,2,0,5,6,,,-,1,,
U,S,D,J,P,Y,m,-,0,1,4,7,,,U,S,D,J,P,Y,m,,,S,H,O,R,T,,,2,0,2,5,-,1,1,-,1,8,,,1,5,5,.,2,7,8,,,0,.,0,7,5,7,0,5,,,1,5,3,.,7,9,6,9,6,9,,,1,5,6,.,7,5,9,0,3,1,,,S,L,,,2,0,2,5,-,1,1,-,1,9,,,1,5,6,.,7,5,9,0,3,1,,,-,1,,
U,S,D,J,P,Y,m,-,0,1,4,8,,,U,S,D,J,P,Y,m,,,S,H,O,R,T,,,2,0,2,5,-,1,1,-,2,4,,,1,5,6,.,6,8,3,,,0,.,0,7,8,7,6,9,,,1,5,5,.,1,2,8,0,9,2,,,1,5,8,.,2,3,7,9,0,8,,,P,T,,,2,0,2,5,-,1,2,-,0,1,,,1,5,5,.,1,2,8,0,9,2,,,1,,
U,S,D,J,P,Y,m,-,0,1,4,9,,,U,S,D,J,P,Y,m,,,L,O,N,G,,,2,0,2,5,-,1,2,-,1,1,,,1,5,5,.,7,4,7,,,0,.,0,7,3,9,6,3,,,1,5,7,.,1,9,8,3,1,9,,,1,5,4,.,2,9,5,6,8,1,,,P,T,,,2,0,2,5,-,1,2,-,1,9,,,1,5,7,.,1,9,8,3,1,9,,,1,,
U,S,D,J,P,Y,m,-,0,1,5,0,,,U,S,D,J,P,Y,m,,,L,O,N,G,,,2,0,2,5,-,1,2,-,1,7,,,1,5,4,.,7,6,8,,,0,.,0,6,4,9,0,4,,,1,5,6,.,0,3,3,5,6,2,,,1,5,3,.,5,0,2,4,3,8,,,P,T,,,2,0,2,5,-,1,2,-,1,9,,,1,5,6,.,0,3,3,5,6,2,,,1,,
U,S,D,J,P,Y,m,-,0,1,5,1,,,U,S,D,J,P,Y,m,,,L,O,N,G,,,2,0,2,5,-,1,2,-,2,3,,,1,5,6,.,9,1,6,,,0,.,0,6,4,8,3,9,,,1,5,8,.,1,9,7,8,3,2,,,1,5,5,.,6,3,4,1,6,8,,,S,L,,,2,0,2,5,-,1,2,-,2,4,,,1,5,5,.,6,3,4,1,6,8,,,-,1,,
U,S,D,J,P,Y,m,-,0,1,5,2,,,U,S,D,J,P,Y,m,,,L,O,N,G,,,2,0,2,5,-,1,2,-,2,9,,,1,5,6,.,4,8,3,,,0,.,0,6,3,9,7,5,,,1,5,7,.,7,4,4,2,7,2,,,1,5,5,.,2,2,1,7,2,8,,,P,T,,,2,0,2,6,-,0,1,-,0,9,,,1,5,7,.,7,4,4,2,7,2,,,1,,
U,S,D,J,P,Y,m,-,0,1,5,3,,,U,S,D,J,P,Y,m,,,L,O,N,G,,,2,0,2,6,-,0,1,-,0,4,,,1,5,6,.,6,4,,,0,.,0,6,2,6,8,9,,,1,5,7,.,8,7,7,1,6,,,1,5,5,.,4,0,2,8,4,,,P,T,,,2,0,2,6,-,0,1,-,0,9,,,1,5,7,.,8,7,7,1,6,,,1,,
U,S,D,J,P,Y,m,-,0,1,5,4,,,U,S,D,J,P,Y,m,,,L,O,N,G,,,2,0,2,6,-,0,1,-,1,5,,,1,5,8,.,4,1,7,,,0,.,0,5,8,9,1,2,,,1,5,9,.,5,9,2,8,1,5,,,1,5,7,.,2,4,1,1,8,5,,,S,L,,,2,0,2,6,-,0,1,-,2,3,,,1,5,7,.,2,4,1,1,8,5,,,-,1,,
U,S,D,J,P,Y,m,-,0,1,5,5,,,U,S,D,J,P,Y,m,,,L,O,N,G,,,2,0,2,6,-,0,1,-,2,1,,,1,5,8,.,1,5,1,,,0,.,0,5,9,3,6,9,,,1,5,9,.,3,3,3,9,3,5,,,1,5,6,.,9,6,8,0,6,5,,,S,L,,,2,0,2,6,-,0,1,-,2,3,,,1,5,6,.,9,6,8,0,6,5,,,-,1,,
U,S,D,J,P,Y,m,-,0,1,5,6,,,U,S,D,J,P,Y,m,,,L,O,N,G,,,2,0,2,6,-,0,5,-,2,4,,,1,5,8,.,7,7,8,,,0,.,0,6,7,5,4,9,,,1,6,0,.,1,2,9,2,6,5,,,1,5,7,.,4,2,6,7,3,5,,,V,E,R,T,I,C,A,L,,,2,0,2,6,-,0,6,-,0,4,,,1,5,9,.,9,9,,,1,,
U,S,D,J,P,Y,m,-,0,1,5,7,,,U,S,D,J,P,Y,m,,,L,O,N,G,,,2,0,2,6,-,0,5,-,2,9,,,1,5,9,.,2,6,6,,,0,.,0,5,9,5,3,7,,,1,6,0,.,4,6,0,6,4,5,,,1,5,8,.,0,7,1,3,5,5,,,P,T,,,2,0,2,6,-,0,6,-,1,0,,,1,6,0,.,4,6,0,6,4,5,,,1,,
U,S,D,J,P,Y,m,-,0,1,5,8,,,U,S,D,J,P,Y,m,,,L,O,N,G,,,2,0,2,6,-,0,6,-,0,4,,,1,5,9,.,9,4,7,,,0,.,0,5,8,2,7,,,1,6,1,.,1,2,1,2,2,7,,,1,5,8,.,7,7,2,7,7,3,,,V,E,R,T,I,C,A,L,,,2,0,2,6,-,0,6,-,1,6,,,1,6,0,.,4,2,2,,,1,,
U,S,D,J,P,Y,m,-,0,1,5,9,,,U,S,D,J,P,Y,m,,,L,O,N,G,,,2,0,2,6,-,0,6,-,1,0,,,1,6,0,.,3,8,6,,,0,.,0,5,5,3,9,,,1,6,1,.,5,0,5,2,5,8,,,1,5,9,.,2,6,6,7,4,2,,,P,T,,,2,0,2,6,-,0,6,-,1,8,,,1,6,1,.,5,0,5,2,5,8,,,1,,
U,S,D,J,P,Y,m,-,0,1,6,0,,,U,S,D,J,P,Y,m,,,L,O,N,G,,,2,0,2,6,-,0,6,-,1,6,,,1,6,0,.,2,4,1,,,0,.,0,5,3,4,9,5,,,1,6,1,.,3,2,0,9,7,2,,,1,5,9,.,1,6,1,0,2,8,,,P,T,,,2,0,2,6,-,0,6,-,1,8,,,1,6,1,.,3,2,0,9,7,2,,,1,,
U,S,D,J,P,Y,m,-,0,1,6,1,,,U,S,D,J,P,Y,m,,,L,O,N,G,,,2,0,2,6,-,0,7,-,0,3,,,1,6,1,.,4,5,1,,,0,.,0,5,3,5,6,4,,,1,6,2,.,5,4,0,5,3,9,,,1,6,0,.,3,6,1,4,6,1,,,P,T,,,2,0,2,6,-,0,7,-,0,8,,,1,6,2,.,5,4,0,5,3,9,,,1,,
U,S,D,J,P,Y,m,-,0,1,6,2,,,U,S,D,J,P,Y,m,,,L,O,N,G,,,2,0,2,6,-,0,7,-,0,9,,,1,6,2,.,5,3,8,,,0,.,0,3,2,2,9,,,1,6,3,.,1,9,9,2,2,3,,,1,6,1,.,8,7,6,7,7,7,,,S,L,,,2,0,2,6,-,0,7,-,1,0,,,1,6,1,.,8,7,6,7,7,7,,,-,1,,
U,S,D,J,P,Y,m,-,0,1,6,3,,,U,S,D,J,P,Y,m,,,L,O,N,G,,,2,0,2,6,-,0,7,-,1,5,,,1,6,2,.,1,8,9,,,0,.,0,2,9,7,1,,,1,6,2,.,7,9,6,1,,,1,6,1,.,5,8,1,9,,,P,T,,,2,0,2,6,-,0,7,-,2,1,,,1,6,2,.,7,9,6,1,,,1,,
U,S,D,J,P,Y,m,-,0,1,6,4,,,U,S,D,J,P,Y,m,,,L,O,N,G,,,2,0,2,6,-,0,7,-,2,1,,,1,6,2,.,4,8,2,,,0,.,0,2,9,0,2,7,,,1,6,3,.,0,7,6,2,1,4,,,1,6,1,.,8,8,7,7,8,6,,,P,T,,,2,0,2,6,-,0,7,-,2,2,,,1,6,3,.,0,7,6,2,1,4,,,1,,
U,S,D,J,P,Y,m,-,0,1,6,5,,,U,S,D,J,P,Y,m,,,L,O,N,G,,,2,0,2,6,-,0,7,-,2,7,,,1,6,3,.,6,1,8,,,0,.,0,3,0,8,,,1,6,4,.,2,5,2,9,1,9,,,1,6,2,.,9,8,3,0,8,1,,,S,L,,,2,0,2,6,-,0,7,-,3,0,,,1,6,2,.,9,8,3,0,8,1,,,-,1,,
U,S,D,J,P,Y,m,-,0,1,6,6,,,U,S,D,J,P,Y,m,,,L,O,N,G,,,2,0,2,6,-,0,8,-,0,2,,,1,5,7,.,1,4,3,,,0,.,0,6,2,4,2,4,,,1,5,8,.,3,7,8,8,9,,,1,5,5,.,9,0,7,1,1,,,S,L,,,2,0,2,6,-,0,8,-,0,3,,,1,5,5,.,9,0,7,1,1,,,-,1,,
X,A,U,U,S,D,m,-,0,0,0,0,,,X,A,U,U,S,D,m,,,L,O,N,G,,,2,0,2,0,-,1,0,-,2,7,,,1,9,0,2,.,1,0,2,,,0,.,1,5,2,0,5,,,1,9,3,8,.,5,3,9,7,3,1,,,1,8,6,5,.,6,6,4,2,6,9,,,S,L,,,2,0,2,0,-,1,0,-,2,9,,,1,8,6,5,.,6,6,4,2,6,9,,,-,1,,
X,A,U,U,S,D,m,-,0,0,0,1,,,X,A,U,U,S,D,m,,,L,O,N,G,,,2,0,2,0,-,1,1,-,0,2,,,1,8,7,7,.,0,,,0,.,1,2,9,9,8,9,,,1,9,0,7,.,7,3,9,7,4,7,,,1,8,4,6,.,2,6,0,2,5,3,,,P,T,,,2,0,2,0,-,1,1,-,0,3,,,1,9,0,7,.,7,3,9,7,4,7,,,1,,
X,A,U,U,S,D,m,-,0,0,0,2,,,X,A,U,U,S,D,m,,,L,O,N,G,,,2,0,2,0,-,1,1,-,0,8,,,1,9,5,7,.,1,1,7,,,0,.,1,3,0,1,9,5,,,1,9,8,9,.,2,1,9,7,4,2,,,1,9,2,5,.,0,1,4,2,5,8,,,S,L,,,2,0,2,0,-,1,1,-,0,9,,,1,9,2,5,.,0,1,4,2,5,8,,,-,1,,
X,A,U,U,S,D,m,-,0,0,0,3,,,X,A,U,U,S,D,m,,,L,O,N,G,,,2,0,2,0,-,1,2,-,0,1,,,1,7,7,8,.,7,2,9,,,0,.,1,6,1,7,1,7,,,1,8,1,4,.,9,6,9,5,5,7,,,1,7,4,2,.,4,8,8,4,4,3,,,P,T,,,2,0,2,0,-,1,2,-,0,2,,,1,8,1,4,.,9,6,9,5,5,7,,,1,,
X,A,U,U,S,D,m,-,0,0,0,4,,,X,A,U,U,S,D,m,,,L,O,N,G,,,2,0,2,0,-,1,2,-,0,7,,,1,8,3,5,.,2,8,2,,,0,.,1,5,7,4,8,6,,,1,8,7,1,.,6,9,6,4,2,6,,,1,7,9,8,.,8,6,7,5,7,4,,,P,T,,,2,0,2,0,-,1,2,-,0,8,,,1,8,7,1,.,6,9,6,4,2,6,,,1,,
X,A,U,U,S,D,m,-,0,0,0,5,,,X,A,U,U,S,D,m,,,L,O,N,G,,,2,0,2,0,-,1,2,-,1,3,,,1,8,3,7,.,1,1,1,,,0,.,1,6,3,6,8,4,,,1,8,7,4,.,9,9,6,3,0,8,,,1,7,9,9,.,2,2,5,6,9,2,,,P,T,,,2,0,2,0,-,1,2,-,1,7,,,1,8,7,4,.,9,9,6,3,0,8,,,1,,
X,A,U,U,S,D,m,-,0,0,0,6,,,X,A,U,U,S,D,m,,,L,O,N,G,,,2,0,2,0,-,1,2,-,1,8,,,1,8,8,3,.,6,0,6,,,0,.,1,5,9,4,6,6,,,1,9,2,1,.,4,4,9,1,0,5,,,1,8,4,5,.,7,6,2,8,9,5,,,V,E,R,T,I,C,A,L,,,2,0,2,0,-,1,2,-,3,1,,,1,8,9,4,.,3,8,7,,,1,,
X,A,U,U,S,D,m,-,0,0,0,7,,,X,A,U,U,S,D,m,,,L,O,N,G,,,2,0,2,0,-,1,2,-,2,4,,,1,8,7,2,.,5,1,8,,,0,.,1,5,6,6,,,1,9,0,9,.,4,6,2,2,6,6,,,1,8,3,5,.,5,7,3,7,3,4,,,P,T,,,2,0,2,1,-,0,1,-,0,3,,,1,9,0,9,.,4,6,2,2,6,6,,,1,,
X,A,U,U,S,D,m,-,0,0,0,8,,,X,A,U,U,S,D,m,,,L,O,N,G,,,2,0,2,0,-,1,2,-,3,1,,,1,8,9,4,.,9,2,9,,,0,.,1,5,7,7,9,,,1,9,3,2,.,5,9,9,5,8,,,1,8,5,7,.,2,5,8,4,2,,,P,T,,,2,0,2,1,-,0,1,-,0,4,,,1,9,3,2,.,5,9,9,5,8,,,1,,
X,A,U,U,S,D,m,-,0,0,0,9,,,X,A,U,U,S,D,m,,,L,O,N,G,,,2,0,2,1,-,0,1,-,0,7,,,1,9,2,3,.,9,4,3,,,0,.,1,6,3,6,8,6,,,1,9,6,3,.,6,1,9,5,1,4,,,1,8,8,4,.,2,6,6,4,8,6,,,S,L,,,2,0,2,1,-,0,1,-,0,8,,,1,8,8,4,.,2,6,6,4,8,6,,,-,1,,
X,A,U,U,S,D,m,-,0,0,1,0,,,X,A,U,U,S,D,m,,,L,O,N,G,,,2,0,2,1,-,0,1,-,1,3,,,1,8,5,8,.,6,9,6,,,0,.,1,7,5,8,7,1,,,1,8,9,9,.,8,8,0,3,2,1,,,1,8,1,7,.,5,1,1,6,7,9,,,S,L,,,2,0,2,1,-,0,1,-,1,7,,,1,8,1,7,.,5,1,1,6,7,9,,,-,1,,
X,A,U,U,S,D,m,-,0,0,1,1,,,X,A,U,U,S,D,m,,,L,O,N,G,,,2,0,2,1,-,0,1,-,1,9,,,1,8,3,7,.,2,1,6,,,0,.,1,7,2,8,8,3,,,1,8,7,7,.,2,3,2,7,4,9,,,1,7,9,7,.,1,9,9,2,5,1,,,V,E,R,T,I,C,A,L,,,2,0,2,1,-,0,1,-,3,1,,,1,8,5,5,.,8,2,6,,,1,,
X,A,U,U,S,D,m,-,0,0,1,2,,,X,A,U,U,S,D,m,,,L,O,N,G,,,2,0,2,1,-,0,1,-,2,5,,,1,8,5,6,.,8,7,1,,,0,.,1,4,9,0,4,2,,,1,8,9,1,.,7,3,8,5,2,4,,,1,8,2,2,.,0,0,3,4,7,6,,,S,L,,,2,0,2,1,-,0,2,-,0,4,,,1,8,2,2,.,0,0,3,4,7,6,,,-,1,,
X,A,U,U,S,D,m,-,0,0,1,3,,,X,A,U,U,S,D,m,,,L,O,N,G,,,2,0,2,1,-,0,1,-,3,1,,,1,8,5,5,.,2,8,2,,,0,.,1,4,8,8,3,6,,,1,8,9,0,.,0,7,1,3,5,6,,,1,8,2,0,.,4,9,2,6,4,4,,,S,L,,,2,0,2,1,-,0,2,-,0,4,,,1,8,2,0,.,4,9,2,6,4,4,,,-,1,,
X,A,U,U,S,D,m,-,0,0,1,4,,,X,A,U,U,S,D,m,,,S,H,O,R,T,,,2,0,2,1,-,0,4,-,0,5,,,1,7,2,7,.,9,7,4,,,0,.,1,3,5,1,9,6,,,1,6,9,8,.,5,4,1,2,6,9,,,1,7,5,7,.,4,0,6,7,3,1,,,S,L,,,2,0,2,1,-,0,4,-,0,8,,,1,7,5,7,.,4,0,6,7,3,1,,,-,1,,
X,A,U,U,S,D,m,-,0,0,1,5,,,X,A,U,U,S,D,m,,,S,H,O,R,T,,,2,0,2,1,-,0,4,-,1,1,,,1,7,4,2,.,4,8,1,,,0,.,1,3,8,2,1,4,,,1,7,1,2,.,1,3,8,6,9,3,,,1,7,7,2,.,8,2,3,3,0,7,,,S,L,,,2,0,2,1,-,0,4,-,1,6,,,1,7,7,2,.,8,2,3,3,0,7,,,-,1,,
X,A,U,U,S,D,m,-,0,0,1,6,,,X,A,U,U,S,D,m,,,S,H,O,R,T,,,2,0,2,1,-,0,4,-,1,6,,,1,7,6,3,.,8,7,,,0,.,1,3,5,6,9,7,,,1,7,3,3,.,7,1,4,4,1,9,,,1,7,9,4,.,0,2,5,5,8,1,,,S,L,,,2,0,2,1,-,0,4,-,2,1,,,1,7,9,4,.,0,2,5,5,8,1,,,-,1,,
X,A,U,U,S,D,m,-,0,0,1,7,,,X,A,U,U,S,D,m,,,S,H,O,R,T,,,2,0,2,1,-,0,4,-,2,2,,,1,7,9,3,.,6,1,9,,,0,.,1,3,5,2,6,2,,,1,7,6,3,.,0,5,3,2,9,8,,,1,8,2,4,.,1,8,4,7,0,2,,,P,T,,,2,0,2,1,-,0,4,-,2,8,,,1,7,6,3,.,0,5,3,2,9,8,,,1,,
X,A,U,U,S,D,m,-,0,0,1,8,,,X,A,U,U,S,D,m,,,S,H,O,R,T,,,2,0,2,1,-,0,4,-,2,8,,,1,7,7,5,.,4,3,,,0,.,1,3,0,6,7,1,,,1,7,4,6,.,2,0,1,1,2,4,,,1,8,0,4,.,6,5,8,8,7,6,,,S,L,,,2,0,2,1,-,0,5,-,0,6,,,1,8,0,4,.,6,5,8,8,7,6,,,-,1,,
X,A,U,U,S,D,m,-,0,0,1,9,,,X,A,U,U,S,D,m,,,S,H,O,R,T,,,2,0,2,1,-,0,5,-,0,4,,,1,7,9,2,.,4,2,5,,,0,.,1,2,9,2,3,5,,,1,7,6,3,.,2,4,0,6,0,2,,,1,8,2,1,.,6,0,9,3,9,8,,,S,L,,,2,0,2,1,-,0,5,-,0,7,,,1,8,2,1,.,6,0,9,3,9,8,,,-,1,,
X,A,U,U,S,D,m,-,0,0,2,0,,,X,A,U,U,S,D,m,,,S,H,O,R,T,,,2,0,2,1,-,0,5,-,1,0,,,1,8,3,6,.,1,8,4,,,0,.,1,2,2,9,1,6,,,1,8,0,7,.,7,4,8,8,7,8,,,1,8,6,4,.,6,1,9,1,2,2,,,S,L,,,2,0,2,1,-,0,5,-,1,7,,,1,8,6,4,.,6,1,9,1,2,2,,,-,1,,
X,A,U,U,S,D,m,-,0,0,2,1,,,X,A,U,U,S,D,m,,,S,H,O,R,T,,,2,0,2,1,-,0,5,-,1,6,,,1,8,4,3,.,7,8,4,,,0,.,1,1,7,7,1,5,,,1,8,1,6,.,4,3,9,3,4,5,,,1,8,7,1,.,1,2,8,6,5,5,,,S,L,,,2,0,2,1,-,0,5,-,1,8,,,1,8,7,1,.,1,2,8,6,5,5,,,-,1,,
X,A,U,U,S,D,m,-,0,0,2,2,,,X,A,U,U,S,D,m,,,S,H,O,R,T,,,2,0,2,1,-,0,5,-,2,1,,,1,8,7,3,.,9,4,,,0,.,1,0,9,5,0,8,,,1,8,4,8,.,0,8,5,8,4,7,,,1,8,9,9,.,7,9,4,1,5,3,,,S,L,,,2,0,2,1,-,0,5,-,2,5,,,1,8,9,9,.,7,9,4,1,5,3,,,-,1,,
X,A,U,U,S,D,m,-,0,0,2,3,,,X,A,U,U,S,D,m,,,S,H,O,R,T,,,2,0,2,1,-,0,5,-,2,7,,,1,8,9,6,.,0,7,,,0,.,1,1,0,4,7,5,,,1,8,6,9,.,6,7,9,4,3,5,,,1,9,2,2,.,4,6,0,5,6,5,,,P,T,,,2,0,2,1,-,0,6,-,0,3,,,1,8,6,9,.,6,7,9,4,3,5,,,1,,
X,A,U,U,S,D,m,-,0,0,2,4,,,X,A,U,U,S,D,m,,,S,H,O,R,T,,,2,0,2,1,-,0,6,-,0,2,,,1,8,9,8,.,7,5,1,,,0,.,1,0,7,3,0,6,,,1,8,7,3,.,0,8,1,3,0,6,,,1,9,2,4,.,4,2,0,6,9,4,,,P,T,,,2,0,2,1,-,0,6,-,0,3,,,1,8,7,3,.,0,8,1,3,0,6,,,1,,
X,A,U,U,S,D,m,-,0,0,2,5,,,X,A,U,U,S,D,m,,,S,H,O,R,T,,,2,0,2,1,-,0,6,-,0,8,,,1,8,9,8,.,6,2,2,,,0,.,1,1,4,0,3,6,,,1,8,7,1,.,3,4,4,0,8,5,,,1,9,2,5,.,8,9,9,9,1,5,,,P,T,,,2,0,2,1,-,0,6,-,1,0,,,1,8,7,1,.,3,4,4,0,8,5,,,1,,
X,A,U,U,S,D,m,-,0,0,2,6,,,X,A,U,U,S,D,m,,,S,H,O,R,T,,,2,0,2,1,-,0,6,-,1,4,,,1,8,7,3,.,6,0,4,,,0,.,1,0,7,3,6,,,1,8,4,8,.,2,6,1,4,3,,,1,8,9,8,.,9,4,6,5,7,,,P,T,,,2,0,2,1,-,0,6,-,1,6,,,1,8,4,8,.,2,6,1,4,3,,,1,,
X,A,U,U,S,D,m,-,0,0,2,7,,,X,A,U,U,S,D,m,,,S,H,O,R,T,,,2,0,2,1,-,0,6,-,2,0,,,1,7,6,8,.,7,2,8,,,0,.,1,2,5,2,0,8,,,1,7,4,0,.,8,2,6,8,9,8,,,1,7,9,6,.,6,2,9,1,0,2,,,V,E,R,T,I,C,A,L,,,2,0,2,1,-,0,7,-,0,1,,,1,7,7,5,.,5,0,5,,,-,1,,
X,A,U,U,S,D,m,-,0,0,2,8,,,X,A,U,U,S,D,m,,,S,H,O,R,T,,,2,0,2,1,-,0,7,-,0,1,,,1,7,6,8,.,1,3,2,,,0,.,1,1,8,7,1,4,,,1,7,4,1,.,6,8,6,7,7,,,1,7,9,4,.,5,7,7,2,3,,,S,L,,,2,0,2,1,-,0,7,-,0,2,,,1,7,9,4,.,5,7,7,2,3,,,-,1,,
X,A,U,U,S,D,m,-,0,0,2,9,,,X,A,U,U,S,D,m,,,S,H,O,R,T,,,2,0,2,1,-,0,7,-,0,7,,,1,7,9,5,.,5,0,3,,,0,.,1,1,9,1,8,,,1,7,6,8,.,5,4,3,0,3,4,,,1,8,2,2,.,4,6,2,9,6,6,,,S,L,,,2,0,2,1,-,0,7,-,1,4,,,1,8,2,2,.,4,6,2,9,6,6,,,-,1,,
X,A,U,U,S,D,m,-,0,0,3,0,,,X,A,U,U,S,D,m,,,S,H,O,R,T,,,2,0,2,1,-,0,7,-,1,3,,,1,8,0,7,.,0,7,9,,,0,.,1,1,4,4,3,7,,,1,7,8,1,.,0,2,5,1,4,1,,,1,8,3,3,.,1,3,2,8,5,9,,,S,L,,,2,0,2,1,-,0,7,-,1,5,,,1,8,3,3,.,1,3,2,8,5,9,,,-,1,,
X,A,U,U,S,D,m,-,0,0,3,1,,,X,A,U,U,S,D,m,,,S,H,O,R,T,,,2,0,2,1,-,0,7,-,1,9,,,1,8,1,5,.,7,,,0,.,1,1,1,6,3,1,,,1,7,9,0,.,1,6,3,7,1,,,1,8,4,1,.,2,3,6,2,9,,,P,T,,,2,0,2,1,-,0,7,-,2,3,,,1,7,9,0,.,1,6,3,7,1,,,1,,
X,A,U,U,S,D,m,-,0,0,3,2,,,X,A,U,U,S,D,m,,,S,H,O,R,T,,,2,0,2,1,-,0,7,-,2,5,,,1,8,0,2,.,2,7,4,,,0,.,1,0,7,8,6,4,,,1,7,7,7,.,7,8,1,8,8,9,,,1,8,2,6,.,7,6,6,1,1,1,,,S,L,,,2,0,2,1,-,0,7,-,2,9,,,1,8,2,6,.,7,6,6,1,1,1,,,-,1,,
X,A,U,U,S,D,m,-,0,0,3,3,,,X,A,U,U,S,D,m,,,S,H,O,R,T,,,2,0,2,1,-,0,7,-,3,0,,,1,8,3,0,.,1,9,8,,,0,.,1,0,7,4,9,5,,,1,8,0,5,.,4,1,1,4,9,1,,,1,8,5,4,.,9,8,4,5,0,9,,,P,T,,,2,0,2,1,-,0,8,-,0,5,,,1,8,0,5,.,4,1,1,4,9,1,,,1,,
X,A,U,U,S,D,m,-,0,0,3,4,,,X,A,U,U,S,D,m,,,S,H,O,R,T,,,2,0,2,1,-,0,8,-,0,5,,,1,8,1,1,.,6,0,6,,,0,.,1,0,5,9,0,3,,,1,7,8,7,.,4,3,4,5,7,,,1,8,3,5,.,7,7,7,4,3,,,P,T,,,2,0,2,1,-,0,8,-,0,6,,,1,7,8,7,.,4,3,4,5,7,,,1,,
X,A,U,U,S,D,m,-,0,0,3,5,,,X,A,U,U,S,D,m,,,S,H,O,R,T,,,2,0,2,1,-,0,8,-,1,1,,,1,7,2,6,.,8,9,9,,,0,.,1,2,5,0,6,1,,,1,6,9,9,.,6,8,9,5,7,,,1,7,5,4,.,1,0,8,4,3,,,S,L,,,2,0,2,1,-,0,8,-,1,2,,,1,7,5,4,.,1,0,8,4,3,,,-,1,,
X,A,U,U,S,D,m,-,0,0,3,6,,,X,A,U,U,S,D,m,,,S,H,O,R,T,,,2,0,2,1,-,0,8,-,1,7,,,1,7,8,7,.,4,2,4,,,0,.,1,2,5,8,8,3,,,1,7,5,9,.,0,7,5,8,1,7,,,1,8,1,5,.,7,7,2,1,8,3,,,S,L,,,2,0,2,1,-,0,8,-,2,7,,,1,8,1,5,.,7,7,2,1,8,3,,,-,1,,
X,A,U,U,S,D,m,-,0,0,3,7,,,X,A,U,U,S,D,m,,,S,H,O,R,T,,,2,0,2,1,-,0,9,-,0,3,,,1,8,0,9,.,3,6,2,,,0,.,1,1,1,4,4,8,,,1,7,8,3,.,9,5,6,5,2,1,,,1,8,3,4,.,7,6,7,4,7,9,,,P,T,,,2,0,2,1,-,0,9,-,0,8,,,1,7,8,3,.,9,5,6,5,2,1,,,1,,
X,A,U,U,S,D,m,-,0,0,3,8,,,X,A,U,U,S,D,m,,,S,H,O,R,T,,,2,0,2,1,-,0,9,-,0,9,,,1,7,9,0,.,6,9,4,,,0,.,1,1,5,7,9,,,1,7,6,4,.,5,7,1,0,4,4,,,1,8,1,6,.,8,1,6,9,5,6,,,P,T,,,2,0,2,1,-,0,9,-,1,6,,,1,7,6,4,.,5,7,1,0,4,4,,,1,,
X,A,U,U,S,D,m,-,0,0,3,9,,,X,A,U,U,S,D,m,,,S,H,O,R,T,,,2,0,2,1,-,0,9,-,1,5,,,1,8,0,3,.,7,0,1,,,0,.,1,1,5,6,0,4,,,1,7,7,7,.,4,3,0,5,3,1,,,1,8,2,9,.,9,7,1,4,6,9,,,P,T,,,2,0,2,1,-,0,9,-,1,6,,,1,7,7,7,.,4,3,0,5,3,1,,,1,,
X,A,U,U,S,D,m,-,0,0,4,0,,,X,A,U,U,S,D,m,,,L,O,N,G,,,2,0,2,1,-,0,9,-,2,1,,,1,7,6,4,.,9,1,7,,,0,.,1,2,5,8,9,6,,,1,7,9,2,.,9,1,1,0,1,7,,,1,7,3,6,.,9,2,2,9,8,3,,,S,L,,,2,0,2,1,-,0,9,-,2,8,,,1,7,3,6,.,9,2,2,9,8,3,,,-,1,,
X,A,U,U,S,D,m,-,0,0,4,1,,,X,A,U,U,S,D,m,,,S,H,O,R,T,,,2,0,2,1,-,1,0,-,0,3,,,1,7,6,0,.,9,5,4,,,0,.,1,3,0,0,5,8,,,1,7,3,2,.,0,9,9,3,9,2,,,1,7,8,9,.,8,0,8,6,0,8,,,S,L,,,2,0,2,1,-,1,0,-,1,3,,,1,7,8,9,.,8,0,8,6,0,8,,,-,1,,
X,A,U,U,S,D,m,-,0,0,4,2,,,X,A,U,U,S,D,m,,,S,H,O,R,T,,,2,0,2,1,-,1,0,-,0,8,,,1,7,5,5,.,0,9,8,,,0,.,1,2,6,9,1,5,,,1,7,2,7,.,0,3,4,3,4,9,,,1,7,8,3,.,1,6,1,6,5,1,,,S,L,,,2,0,2,1,-,1,0,-,1,3,,,1,7,8,3,.,1,6,1,6,5,1,,,-,1,,
X,A,U,U,S,D,m,-,0,0,4,3,,,X,A,U,U,S,D,m,,,S,H,O,R,T,,,2,0,2,1,-,1,0,-,1,4,,,1,7,9,1,.,6,7,1,,,0,.,1,3,2,4,8,3,,,1,7,6,1,.,7,6,5,7,5,9,,,1,8,2,1,.,5,7,6,2,4,1,,,P,T,,,2,0,2,1,-,1,0,-,1,8,,,1,7,6,1,.,7,6,5,7,5,9,,,1,,
X,A,U,U,S,D,m,-,0,0,4,4,,,X,A,U,U,S,D,m,,,S,H,O,R,T,,,2,0,2,1,-,1,0,-,2,0,,,1,7,6,8,.,6,6,4,,,0,.,1,1,2,4,1,5,,,1,7,4,3,.,6,1,4,4,5,2,,,1,7,9,3,.,7,1,3,5,4,8,,,S,L,,,2,0,2,1,-,1,0,-,2,2,,,1,7,9,3,.,7,1,3,5,4,8,,,-,1,,
X,A,U,U,S,D,m,-,0,0,4,5,,,X,A,U,U,S,D,m,,,S,H,O,R,T,,,2,0,2,1,-,1,0,-,2,6,,,1,8,0,7,.,7,7,7,,,0,.,1,1,0,1,8,6,,,1,7,8,2,.,6,8,1,1,3,5,,,1,8,3,2,.,8,7,2,8,6,5,,,P,T,,,2,0,2,1,-,1,0,-,2,9,,,1,7,8,2,.,6,8,1,1,3,5,,,1,,
X,A,U,U,S,D,m,-,0,0,4,6,,,X,A,U,U,S,D,m,,,S,H,O,R,T,,,2,0,2,1,-,1,1,-,0,1,,,1,7,7,9,.,9,8,8,,,0,.,1,0,8,4,1,8,,,1,7,5,5,.,6,7,4,4,1,9,,,1,8,0,4,.,3,0,1,5,8,1,,,S,L,,,2,0,2,1,-,1,1,-,0,5,,,1,8,0,4,.,3,0,1,5,8,1,,,-,1,,
X,A,U,U,S,D,m,-,0,0,4,7,,,X,A,U,U,S,D,m,,,L,O,N,G,,,2,0,2,1,-,1,1,-,0,7,,,1,8,1,5,.,7,5,,,0,.,1,1,1,6,8,7,,,1,8,4,1,.,2,9,9,7,4,2,,,1,7,9,0,.,2,0,0,2,5,8,,,P,T,,,2,0,2,1,-,1,1,-,1,0,,,1,8,4,1,.,2,9,9,7,4,2,,,1,,
X,A,U,U,S,D,m,-,0,0,4,8,,,X,A,U,U,S,D,m,,,S,H,O,R,T,,,2,0,2,1,-,1,1,-,1,2,,,1,8,6,2,.,0,1,8,,,0,.,1,1,2,7,2,8,,,1,8,3,5,.,5,7,2,8,3,5,,,1,8,8,8,.,4,6,3,1,6,5,,,P,T,,,2,0,2,1,-,1,1,-,2,2,,,1,8,3,5,.,5,7,2,8,3,5,,,1,,
X,A,U,U,S,D,m,-,0,0,4,9,,,X,A,U,U,S,D,m,,,S,H,O,R,T,,,2,0,2,1,-,1,1,-,2,4,,,1,7,9,1,.,2,6,2,,,0,.,1,1,9,0,0,1,,,1,7,6,4,.,4,0,6,1,2,7,,,1,8,1,8,.,1,1,7,8,7,3,,,P,T,,,2,0,2,1,-,1,2,-,0,2,,,1,7,6,4,.,4,0,6,1,2,7,,,1,,
X,A,U,U,S,D,m,-,0,0,5,0,,,X,A,U,U,S,D,m,,,L,O,N,G,,,2,0,2,1,-,1,1,-,3,0,,,1,7,8,6,.,8,1,6,,,0,.,1,0,8,6,4,3,,,1,8,1,1,.,2,7,3,4,8,9,,,1,7,6,2,.,3,5,8,5,1,1,,,S,L,,,2,0,2,1,-,1,2,-,0,2,,,1,7,6,2,.,3,5,8,5,1,1,,,-,1,,
X,A,U,U,S,D,m,-,0,0,5,1,,,X,A,U,U,S,D,m,,,L,O,N,G,,,2,0,2,1,-,1,2,-,0,6,,,1,7,8,2,.,9,3,3,,,0,.,1,0,9,2,6,9,,,1,8,0,7,.,4,7,7,9,0,1,,,1,7,5,8,.,3,8,8,0,9,9,,,S,L,,,2,0,2,1,-,1,2,-,1,5,,,1,7,5,8,.,3,8,8,0,9,9,,,-,1,,
X,A,U,U,S,D,m,-,0,0,5,2,,,X,A,U,U,S,D,m,,,L,O,N,G,,,2,0,2,1,-,1,2,-,1,2,,,1,7,8,2,.,7,3,2,,,0,.,1,0,3,6,8,5,,,1,8,0,6,.,0,1,9,9,4,2,,,1,7,5,9,.,4,4,4,0,5,8,,,S,L,,,2,0,2,1,-,1,2,-,1,5,,,1,7,5,9,.,4,4,4,0,5,8,,,-,1,,
X,A,U,U,S,D,m,-,0,0,5,3,,,X,A,U,U,S,D,m,,,L,O,N,G,,,2,0,2,1,-,1,2,-,1,7,,,1,7,9,8,.,7,7,,,0,.,1,0,6,0,8,,,1,8,2,2,.,8,1,0,3,0,5,,,1,7,7,4,.,7,2,9,6,9,5,,,V,E,R,T,I,C,A,L,,,2,0,2,1,-,1,2,-,3,0,,,1,8,1,5,.,7,0,4,,,1,,
X,A,U,U,S,D,m,-,0,0,5,4,,,X,A,U,U,S,D,m,,,L,O,N,G,,,2,0,2,1,-,1,2,-,2,3,,,1,8,0,3,.,5,5,8,,,0,.,1,0,0,7,8,8,,,1,8,2,6,.,4,5,9,7,4,1,,,1,7,8,0,.,6,5,6,2,5,9,,,P,T,,,2,0,2,1,-,1,2,-,3,1,,,1,8,2,6,.,4,5,9,7,4,1,,,1,,
X,A,U,U,S,D,m,-,0,0,5,5,,,X,A,U,U,S,D,m,,,L,O,N,G,,,2,0,2,1,-,1,2,-,2,9,,,1,8,0,6,.,5,2,4,,,0,.,0,9,5,2,4,1,,,1,8,2,8,.,2,0,0,9,1,8,,,1,7,8,4,.,8,4,7,0,8,2,,,P,T,,,2,0,2,1,-,1,2,-,3,1,,,1,8,2,8,.,2,0,0,9,1,8,,,1,,
X,A,U,U,S,D,m,-,0,0,5,6,,,X,A,U,U,S,D,m,,,L,O,N,G,,,2,0,2,2,-,0,1,-,0,4,,,1,8,0,4,.,1,2,7,,,0,.,0,9,8,2,7,7,,,1,8,2,6,.,4,6,5,2,9,,,1,7,8,1,.,7,8,8,7,1,,,P,T,,,2,0,2,2,-,0,1,-,0,5,,,1,8,2,6,.,4,6,5,2,9,,,1,,
X,A,U,U,S,D,m,-,0,0,5,7,,,X,A,U,U,S,D,m,,,L,O,N,G,,,2,0,2,2,-,0,1,-,1,0,,,1,7,9,5,.,1,1,7,,,0,.,0,9,8,2,5,2,,,1,8,1,7,.,3,3,7,9,7,5,,,1,7,7,2,.,8,9,6,0,2,5,,,P,T,,,2,0,2,2,-,0,1,-,1,1,,,1,8,1,7,.,3,3,7,9,7,5,,,1,,
X,A,U,U,S,D,m,-,0,0,5,8,,,X,A,U,U,S,D,m,,,L,O,N,G,,,2,0,2,2,-,0,1,-,1,6,,,1,8,1,7,.,6,6,3,,,0,.,0,9,3,1,7,7,,,1,8,3,9,.,0,0,0,7,9,7,,,1,7,9,6,.,3,2,5,2,0,3,,,P,T,,,2,0,2,2,-,0,1,-,1,9,,,1,8,3,9,.,0,0,0,7,9,7,,,1,,
X,A,U,U,S,D,m,-,0,0,5,9,,,X,A,U,U,S,D,m,,,L,O,N,G,,,2,0,2,2,-,0,1,-,2,1,,,1,8,3,8,.,8,9,5,,,0,.,0,9,3,0,6,6,,,1,8,6,0,.,4,5,6,3,3,9,,,1,8,1,7,.,3,3,3,6,6,1,,,S,L,,,2,0,2,2,-,0,1,-,2,6,,,1,8,1,7,.,3,3,3,6,6,1,,,-,1,,
X,A,U,U,S,D,m,-,0,0,6,0,,,X,A,U,U,S,D,m,,,L,O,N,G,,,2,0,2,2,-,0,1,-,2,7,,,1,8,2,1,.,9,2,4,,,0,.,0,9,6,1,1,1,,,1,8,4,3,.,9,8,5,2,8,8,,,1,7,9,9,.,8,6,2,7,1,2,,,S,L,,,2,0,2,2,-,0,1,-,2,8,,,1,7,9,9,.,8,6,2,7,1,2,,,-,1,,
X,A,U,U,S,D,m,-,0,0,6,1,,,X,A,U,U,S,D,m,,,L,O,N,G,,,2,0,2,2,-,0,2,-,0,8,,,1,8,2,1,.,9,7,9,,,0,.,0,8,8,8,,,1,8,4,2,.,3,6,2,8,0,5,,,1,8,0,1,.,5,9,5,1,9,5,,,P,T,,,2,0,2,2,-,0,2,-,1,1,,,1,8,4,2,.,3,6,2,8,0,5,,,1,,
X,A,U,U,S,D,m,-,0,0,6,2,,,X,A,U,U,S,D,m,,,L,O,N,G,,,2,0,2,2,-,0,2,-,1,4,,,1,8,5,9,.,5,3,8,,,0,.,0,9,1,4,8,5,,,1,8,8,0,.,9,7,1,0,7,,,1,8,3,8,.,1,0,4,9,3,,,P,T,,,2,0,2,2,-,0,2,-,1,7,,,1,8,8,0,.,9,7,1,0,7,,,1,,
X,A,U,U,S,D,m,-,0,0,6,3,,,X,A,U,U,S,D,m,,,L,O,N,G,,,2,0,2,2,-,0,2,-,2,0,,,1,9,0,3,.,0,7,6,,,0,.,1,0,0,5,7,1,,,1,9,2,7,.,1,8,9,4,2,9,,,1,8,7,8,.,9,6,2,5,7,1,,,P,T,,,2,0,2,2,-,0,2,-,2,4,,,1,9,2,7,.,1,8,9,4,2,9,,,1,,
X,A,U,U,S,D,m,-,0,0,6,4,,,X,A,U,U,S,D,m,,,L,O,N,G,,,2,0,2,2,-,0,2,-,2,5,,,1,9,0,6,.,5,3,1,,,0,.,0,9,8,8,8,3,,,1,9,3,0,.,2,8,2,6,6,7,,,1,8,8,2,.,7,7,9,3,3,3,,,P,T,,,2,0,2,2,-,0,3,-,0,1,,,1,9,3,0,.,2,8,2,6,6,7,,,1,,
X,A,U,U,S,D,m,-,0,0,6,5,,,X,A,U,U,S,D,m,,,L,O,N,G,,,2,0,2,2,-,0,4,-,1,3,,,1,9,6,5,.,8,9,9,,,0,.,1,4,5,2,8,7,,,2,0,0,1,.,8,8,3,7,6,8,,,1,9,2,9,.,9,1,4,2,3,2,,,S,L,,,2,0,2,2,-,0,4,-,2,2,,,1,9,2,9,.,9,1,4,2,3,2,,,-,1,,
X,A,U,U,S,D,m,-,0,0,6,6,,,X,A,U,U,S,D,m,,,L,O,N,G,,,2,0,2,2,-,0,4,-,1,9,,,1,9,7,7,.,1,6,1,,,0,.,1,4,6,2,1,7,,,2,0,1,3,.,5,8,3,4,1,6,,,1,9,4,0,.,7,3,8,5,8,4,,,S,L,,,2,0,2,2,-,0,4,-,2,0,,,1,9,4,0,.,7,3,8,5,8,4,,,-,1,,
X,A,U,U,S,D,m,-,0,0,6,7,,,X,A,U,U,S,D,m,,,L,O,N,G,,,2,0,2,3,-,0,2,-,2,8,,,1,8,1,7,.,1,3,8,,,0,.,1,1,9,6,1,5,,,1,8,4,4,.,5,2,2,3,1,9,,,1,7,8,9,.,7,5,3,6,8,1,,,P,T,,,2,0,2,3,-,0,3,-,0,1,,,1,8,4,4,.,5,2,2,3,1,9,,,1,,
X,A,U,U,S,D,m,-,0,0,6,8,,,X,A,U,U,S,D,m,,,L,O,N,G,,,2,0,2,3,-,0,3,-,0,6,,,1,8,5,2,.,3,0,2,,,0,.,1,1,4,1,2,6,,,1,8,7,8,.,9,3,5,4,7,3,,,1,8,2,5,.,6,6,8,5,2,7,,,S,L,,,2,0,2,3,-,0,3,-,0,7,,,1,8,2,5,.,6,6,8,5,2,7,,,-,1,,
X,A,U,U,S,D,m,-,0,0,6,9,,,X,A,U,U,S,D,m,,,L,O,N,G,,,2,0,2,3,-,0,4,-,2,7,,,1,9,9,1,.,6,1,7,,,0,.,1,4,7,3,4,9,,,2,0,2,8,.,5,8,9,7,2,5,,,1,9,5,4,.,6,4,4,2,7,5,,,P,T,,,2,0,2,3,-,0,5,-,0,3,,,2,0,2,8,.,5,8,9,7,2,5,,,1,,
X,A,U,U,S,D,m,-,0,0,7,0,,,X,A,U,U,S,D,m,,,L,O,N,G,,,2,0,2,3,-,0,5,-,2,6,,,1,9,4,0,.,4,9,2,,,0,.,1,5,0,7,2,4,,,1,9,7,7,.,3,4,0,9,6,,,1,9,0,3,.,6,4,3,0,4,,,P,T,,,2,0,2,3,-,0,6,-,0,1,,,1,9,7,7,.,3,4,0,9,6,,,1,,
X,A,U,U,S,D,m,-,0,0,7,1,,,X,A,U,U,S,D,m,,,L,O,N,G,,,2,0,2,3,-,0,6,-,0,1,,,1,9,6,6,.,2,7,5,,,0,.,1,2,5,4,1,9,,,1,9,9,7,.,3,4,4,7,6,1,,,1,9,3,5,.,2,0,5,2,3,9,,,V,E,R,T,I,C,A,L,,,2,0,2,3,-,0,6,-,1,3,,,1,9,4,3,.,8,8,4,,,-,1,,
X,A,U,U,S,D,m,-,0,0,7,2,,,X,A,U,U,S,D,m,,,L,O,N,G,,,2,0,2,3,-,0,6,-,0,7,,,1,9,6,3,.,3,1,5,,,0,.,1,2,5,2,8,1,,,1,9,9,4,.,3,0,3,7,5,4,,,1,9,3,2,.,3,2,6,2,4,6,,,S,L,,,2,0,2,3,-,0,6,-,1,5,,,1,9,3,2,.,3,2,6,2,4,6,,,-,1,,
X,A,U,U,S,D,m,-,0,0,7,3,,,X,A,U,U,S,D,m,,,L,O,N,G,,,2,0,2,3,-,0,6,-,1,3,,,1,9,5,9,.,9,5,3,,,0,.,1,2,2,9,9,2,,,1,9,9,0,.,3,2,3,4,7,4,,,1,9,2,9,.,5,8,2,5,2,6,,,S,L,,,2,0,2,3,-,0,6,-,1,5,,,1,9,2,9,.,5,8,2,5,2,6,,,-,1,,
X,A,U,U,S,D,m,-,0,0,7,4,,,X,A,U,U,S,D,m,,,L,O,N,G,,,2,0,2,3,-,0,6,-,1,9,,,1,9,5,7,.,0,7,5,,,0,.,1,1,7,2,6,4,,,1,9,8,5,.,9,8,8,5,6,1,,,1,9,2,8,.,1,6,1,4,3,9,,,S,L,,,2,0,2,3,-,0,6,-,2,1,,,1,9,2,8,.,1,6,1,4,3,9,,,-,1,,
X,A,U,U,S,D,m,-,0,0,7,5,,,X,A,U,U,S,D,m,,,L,O,N,G,,,2,0,2,3,-,0,6,-,2,5,,,1,9,2,2,.,9,5,1,,,0,.,1,1,0,7,4,9,,,1,9,4,9,.,7,8,2,0,2,4,,,1,8,9,6,.,1,1,9,9,7,6,,,S,L,,,2,0,2,3,-,0,6,-,2,9,,,1,8,9,6,.,1,1,9,9,7,6,,,-,1,,
X,A,U,U,S,D,m,-,0,0,7,6,,,X,A,U,U,S,D,m,,,L,O,N,G,,,2,0,2,3,-,0,6,-,3,0,,,1,9,0,8,.,6,9,2,,,0,.,1,0,6,4,0,6,,,1,9,3,4,.,2,7,9,6,7,2,,,1,8,8,3,.,1,0,4,3,2,8,,,P,T,,,2,0,2,3,-,0,7,-,0,5,,,1,9,3,4,.,2,7,9,6,7,2,,,1,,
X,A,U,U,S,D,m,-,0,0,7,7,,,X,A,U,U,S,D,m,,,L,O,N,G,,,2,0,2,3,-,0,7,-,0,6,,,1,9,1,6,.,7,8,4,,,0,.,1,0,6,5,8,3,,,1,9,4,2,.,5,2,2,9,,,1,8,9,1,.,0,4,5,1,,,P,T,,,2,0,2,3,-,0,7,-,1,2,,,1,9,4,2,.,5,2,2,9,,,1,,
X,A,U,U,S,D,m,-,0,0,7,8,,,X,A,U,U,S,D,m,,,L,O,N,G,,,2,0,2,3,-,0,7,-,1,2,,,1,9,3,3,.,2,4,4,,,0,.,0,9,3,7,1,6,,,1,9,5,6,.,0,6,9,9,7,1,,,1,9,1,0,.,4,1,8,0,2,9,,,P,T,,,2,0,2,3,-,0,7,-,1,3,,,1,9,5,6,.,0,6,9,9,7,1,,,1,,
X,A,U,U,S,D,m,-,0,0,7,9,,,X,A,U,U,S,D,m,,,L,O,N,G,,,2,0,2,3,-,0,7,-,1,8,,,1,9,5,5,.,3,9,6,,,0,.,0,9,0,7,7,7,,,1,9,7,7,.,7,5,9,6,,,1,9,3,3,.,0,3,2,4,,,P,T,,,2,0,2,3,-,0,7,-,1,9,,,1,9,7,7,.,7,5,9,6,,,1,,
X,A,U,U,S,D,m,-,0,0,8,0,,,X,A,U,U,S,D,m,,,L,O,N,G,,,2,0,2,3,-,0,8,-,1,0,,,1,9,1,6,.,6,8,8,,,0,.,0,8,5,7,5,,,1,9,3,7,.,3,9,4,9,1,7,,,1,8,9,5,.,9,8,1,0,8,3,,,S,L,,,2,0,2,3,-,0,8,-,1,6,,,1,8,9,5,.,9,8,1,0,8,3,,,-,1,,
X,A,U,U,S,D,m,-,0,0,8,1,,,X,A,U,U,S,D,m,,,L,O,N,G,,,2,0,2,3,-,0,8,-,1,6,,,1,9,0,1,.,4,1,2,,,0,.,0,7,7,4,0,7,,,1,9,1,9,.,9,5,5,3,4,7,,,1,8,8,2,.,8,6,8,6,5,3,,,P,T,,,2,0,2,3,-,0,8,-,2,3,,,1,9,1,9,.,9,5,5,3,4,7,,,1,,
X,A,U,U,S,D,m,-,0,0,8,2,,,X,A,U,U,S,D,m,,,L,O,N,G,,,2,0,2,3,-,0,8,-,2,2,,,1,8,9,4,.,6,7,4,,,0,.,0,7,2,6,5,2,,,1,9,1,2,.,0,1,6,5,6,6,,,1,8,7,7,.,3,3,1,4,3,4,,,P,T,,,2,0,2,3,-,0,8,-,2,3,,,1,9,1,2,.,0,1,6,5,6,6,,,1,,
X,A,U,U,S,D,m,-,0,0,8,3,,,X,A,U,U,S,D,m,,,L,O,N,G,,,2,0,2,3,-,0,8,-,2,8,,,1,9,1,5,.,0,2,9,,,0,.,0,7,4,5,1,5,,,1,9,3,3,.,0,0,7,3,3,2,,,1,8,9,7,.,0,5,0,6,6,8,,,P,T,,,2,0,2,3,-,0,8,-,2,9,,,1,9,3,3,.,0,0,7,3,3,2,,,1,,
X,A,U,U,S,D,m,-,0,0,8,4,,,X,A,U,U,S,D,m,,,L,O,N,G,,,2,0,2,3,-,0,9,-,0,3,,,1,9,3,9,.,9,8,7,,,0,.,0,7,2,1,0,2,,,1,9,5,7,.,6,0,9,9,3,3,,,1,9,2,2,.,3,6,4,0,6,7,,,S,L,,,2,0,2,3,-,0,9,-,0,6,,,1,9,2,2,.,3,6,4,0,6,7,,,-,1,,
X,A,U,U,S,D,m,-,0,0,8,5,,,X,A,U,U,S,D,m,,,L,O,N,G,,,2,0,2,3,-,0,9,-,0,8,,,1,9,2,0,.,2,5,5,,,0,.,0,7,2,3,1,3,,,1,9,3,7,.,7,4,9,6,5,2,,,1,9,0,2,.,7,6,0,3,4,8,,,S,L,,,2,0,2,3,-,0,9,-,1,4,,,1,9,0,2,.,7,6,0,3,4,8,,,-,1,,
X,A,U,U,S,D,m,-,0,0,8,6,,,X,A,U,U,S,D,m,,,L,O,N,G,,,2,0,2,3,-,0,9,-,1,4,,,1,9,0,9,.,1,6,9,,,0,.,0,7,1,8,9,8,,,1,9,2,6,.,4,6,2,7,2,4,,,1,8,9,1,.,8,7,5,2,7,6,,,P,T,,,2,0,2,3,-,0,9,-,1,5,,,1,9,2,6,.,4,6,2,7,2,4,,,1,,
X,A,U,U,S,D,m,-,0,0,8,7,,,X,A,U,U,S,D,m,,,L,O,N,G,,,2,0,2,3,-,0,9,-,2,0,,,1,9,3,1,.,3,1,7,,,0,.,0,6,7,3,3,,,1,9,4,7,.,6,9,9,9,4,,,1,9,1,4,.,9,3,4,0,6,,,S,L,,,2,0,2,3,-,0,9,-,2,1,,,1,9,1,4,.,9,3,4,0,6,,,-,1,,
X,A,U,U,S,D,m,-,0,0,8,8,,,X,A,U,U,S,D,m,,,L,O,N,G,,,2,0,2,3,-,0,9,-,2,6,,,1,9,1,6,.,2,0,9,,,0,.,0,6,3,7,2,6,,,1,9,3,1,.,5,9,3,7,8,3,,,1,9,0,0,.,8,2,4,2,1,7,,,S,L,,,2,0,2,3,-,0,9,-,2,7,,,1,9,0,0,.,8,2,4,2,1,7,,,-,1,,
X,A,U,U,S,D,m,-,0,0,8,9,,,X,A,U,U,S,D,m,,,L,O,N,G,,,2,0,2,3,-,1,0,-,0,2,,,1,8,4,8,.,3,1,4,,,0,.,0,7,2,0,6,,,1,8,6,5,.,0,9,4,2,1,6,,,1,8,3,1,.,5,3,3,7,8,4,,,S,L,,,2,0,2,3,-,1,0,-,0,3,,,1,8,3,1,.,5,3,3,7,8,4,,,-,1,,
X,A,U,U,S,D,m,-,0,0,9,0,,,X,A,U,U,S,D,m,,,L,O,N,G,,,2,0,2,3,-,1,0,-,0,8,,,1,8,5,3,.,3,9,,,0,.,0,7,0,1,8,2,,,1,8,6,9,.,7,7,7,9,6,3,,,1,8,3,7,.,0,0,2,0,3,7,,,P,T,,,2,0,2,3,-,1,0,-,1,1,,,1,8,6,9,.,7,7,7,9,6,3,,,1,,
X,A,U,U,S,D,m,-,0,0,9,1,,,X,A,U,U,S,D,m,,,S,H,O,R,T,,,2,0,2,3,-,1,1,-,0,6,,,1,9,8,8,.,4,7,4,,,0,.,1,0,9,5,5,2,,,1,9,6,1,.,0,2,8,6,9,3,,,2,0,1,5,.,9,1,9,3,0,7,,,P,T,,,2,0,2,3,-,1,1,-,0,7,,,1,9,6,1,.,0,2,8,6,9,3,,,1,,
X,A,U,U,S,D,m,-,0,0,9,2,,,X,A,U,U,S,D,m,,,L,O,N,G,,,2,0,2,3,-,1,1,-,1,2,,,1,9,4,1,.,0,0,2,,,0,.,1,1,3,5,0,8,,,1,9,6,8,.,7,5,9,6,9,2,,,1,9,1,3,.,2,4,4,3,0,8,,,P,T,,,2,0,2,3,-,1,1,-,1,4,,,1,9,6,8,.,7,5,9,6,9,2,,,1,,
X,A,U,U,S,D,m,-,0,0,9,3,,,X,A,U,U,S,D,m,,,L,O,N,G,,,2,0,2,3,-,1,2,-,2,9,,,2,0,6,6,.,7,4,2,,,0,.,1,4,3,3,7,6,,,2,1,0,4,.,0,7,5,0,9,1,,,2,0,2,9,.,4,0,8,9,0,9,,,S,L,,,2,0,2,4,-,0,1,-,0,5,,,2,0,2,9,.,4,0,8,9,0,9,,,-,1,,
X,A,U,U,S,D,m,-,0,0,9,4,,,X,A,U,U,S,D,m,,,L,O,N,G,,,2,0,2,4,-,0,1,-,1,1,,,2,0,2,6,.,4,1,3,,,0,.,1,4,2,2,9,8,,,2,0,6,2,.,7,4,2,1,8,1,,,1,9,9,0,.,0,8,3,8,1,9,,,V,E,R,T,I,C,A,L,,,2,0,2,4,-,0,1,-,2,3,,,2,0,2,9,.,1,3,7,,,1,,
X,A,U,U,S,D,m,-,0,0,9,5,,,X,A,U,U,S,D,m,,,L,O,N,G,,,2,0,2,4,-,0,1,-,1,7,,,2,0,2,8,.,1,0,1,,,0,.,1,4,4,9,9,,,2,0,6,5,.,1,4,8,3,5,7,,,1,9,9,1,.,0,5,3,6,4,3,,,V,E,R,T,I,C,A,L,,,2,0,2,4,-,0,1,-,2,9,,,2,0,3,0,.,7,3,,,1,,
X,A,U,U,S,D,m,-,0,0,9,6,,,X,A,U,U,S,D,m,,,L,O,N,G,,,2,0,2,4,-,0,1,-,2,3,,,2,0,2,0,.,7,1,,,0,.,1,4,3,5,8,8,,,2,0,5,7,.,2,6,5,3,5,,,1,9,8,4,.,1,5,4,6,5,,,P,T,,,2,0,2,4,-,0,2,-,0,1,,,2,0,5,7,.,2,6,5,3,5,,,1,,
X,A,U,U,S,D,m,-,0,0,9,7,,,X,A,U,U,S,D,m,,,L,O,N,G,,,2,0,2,4,-,0,1,-,2,9,,,2,0,2,1,.,8,3,2,,,0,.,1,4,1,7,4,7,,,2,0,5,7,.,9,3,8,7,6,1,,,1,9,8,5,.,7,2,5,2,3,9,,,P,T,,,2,0,2,4,-,0,2,-,0,1,,,2,0,5,7,.,9,3,8,7,6,1,,,1,,
X,A,U,U,S,D,m,-,0,0,9,8,,,X,A,U,U,S,D,m,,,L,O,N,G,,,2,0,2,4,-,0,2,-,0,4,,,2,0,4,1,.,7,8,1,,,0,.,1,4,1,8,4,8,,,2,0,7,8,.,2,6,9,8,9,6,,,2,0,0,5,.,2,9,2,1,0,4,,,S,L,,,2,0,2,4,-,0,2,-,1,3,,,2,0,0,5,.,2,9,2,1,0,4,,,-,1,,
X,A,U,U,S,D,m,-,0,0,9,9,,,X,A,U,U,S,D,m,,,L,O,N,G,,,2,0,2,4,-,0,2,-,0,9,,,2,0,3,4,.,1,4,7,,,0,.,1,3,9,0,8,7,,,2,0,6,9,.,7,9,2,0,2,6,,,1,9,9,8,.,5,0,1,9,7,4,,,S,L,,,2,0,2,4,-,0,2,-,1,3,,,1,9,9,8,.,5,0,1,9,7,4,,,-,1,,
X,A,U,U,S,D,m,-,0,1,0,0,,,X,A,U,U,S,D,m,,,L,O,N,G,,,2,0,2,4,-,0,2,-,1,5,,,1,9,9,3,.,4,4,1,,,0,.,1,0,0,5,3,1,,,2,0,1,8,.,6,8,9,4,4,1,,,1,9,6,8,.,1,9,2,5,5,9,,,P,T,,,2,0,2,4,-,0,2,-,1,8,,,2,0,1,8,.,6,8,9,4,4,1,,,1,,
X,A,U,U,S,D,m,-,0,1,0,1,,,X,A,U,U,S,D,m,,,L,O,N,G,,,2,0,2,4,-,0,2,-,2,1,,,2,0,2,4,.,1,8,3,,,0,.,0,9,5,4,5,6,,,2,0,4,8,.,5,2,6,4,6,5,,,1,9,9,9,.,8,3,9,5,3,5,,,P,T,,,2,0,2,4,-,0,2,-,2,9,,,2,0,4,8,.,5,2,6,4,6,5,,,1,,
X,A,U,U,S,D,m,-,0,1,0,2,,,X,A,U,U,S,D,m,,,L,O,N,G,,,2,0,2,4,-,0,2,-,2,7,,,2,0,3,0,.,9,8,6,,,0,.,0,7,8,7,0,7,,,2,0,5,1,.,1,2,5,5,2,3,,,2,0,1,0,.,8,4,6,4,7,7,,,P,T,,,2,0,2,4,-,0,3,-,0,1,,,2,0,5,1,.,1,2,5,5,2,3,,,1,,
X,A,U,U,S,D,m,-,0,1,0,3,,,X,A,U,U,S,D,m,,,L,O,N,G,,,2,0,2,4,-,0,3,-,0,4,,,2,0,8,3,.,5,9,3,,,0,.,0,8,4,1,4,3,,,2,1,0,5,.,6,8,1,3,0,9,,,2,0,6,1,.,5,0,4,6,9,1,,,P,T,,,2,0,2,4,-,0,3,-,0,5,,,2,1,0,5,.,6,8,1,3,0,9,,,1,,
X,A,U,U,S,D,m,-,0,1,0,4,,,X,A,U,U,S,D,m,,,L,O,N,G,,,2,0,2,4,-,0,3,-,1,0,,,2,1,7,9,.,5,5,9,,,0,.,0,9,1,2,9,7,,,2,2,0,4,.,6,2,8,9,9,1,,,2,1,5,4,.,4,8,9,0,0,9,,,S,L,,,2,0,2,4,-,0,3,-,1,2,,,2,1,5,4,.,4,8,9,0,0,9,,,-,1,,
X,A,U,U,S,D,m,-,0,1,0,5,,,X,A,U,U,S,D,m,,,L,O,N,G,,,2,0,2,4,-,0,3,-,1,5,,,2,1,6,1,.,6,9,7,,,0,.,0,9,5,7,4,5,,,2,1,8,7,.,7,7,3,0,2,,,2,1,3,5,.,6,2,0,9,8,,,P,T,,,2,0,2,4,-,0,3,-,2,0,,,2,1,8,7,.,7,7,3,0,2,,,1,,
X,A,U,U,S,D,m,-,0,1,0,6,,,X,A,U,U,S,D,m,,,L,O,N,G,,,2,0,2,4,-,0,3,-,2,1,,,2,2,0,3,.,9,7,,,0,.,1,0,3,5,4,6,,,2,2,3,2,.,7,2,1,9,5,7,,,2,1,7,5,.,2,1,8,0,4,3,,,S,L,,,2,0,2,4,-,0,3,-,2,2,,,2,1,7,5,.,2,1,8,0,4,3,,,-,1,,
X,A,U,U,S,D,m,-,0,1,0,7,,,X,A,U,U,S,D,m,,,L,O,N,G,,,2,0,2,4,-,0,3,-,2,7,,,2,1,7,9,.,4,6,3,,,0,.,1,0,0,6,3,9,,,2,2,0,7,.,0,9,6,9,8,3,,,2,1,5,1,.,8,2,9,0,1,7,,,P,T,,,2,0,2,4,-,0,3,-,2,8,,,2,2,0,7,.,0,9,6,9,8,3,,,1,,
X,A,U,U,S,D,m,-,0,1,0,8,,,X,A,U,U,S,D,m,,,L,O,N,G,,,2,0,2,4,-,0,4,-,0,2,,,2,2,4,8,.,9,6,8,,,0,.,1,0,6,2,4,8,,,2,2,7,9,.,0,7,2,5,9,3,,,2,2,1,8,.,8,6,3,4,0,7,,,P,T,,,2,0,2,4,-,0,4,-,0,3,,,2,2,7,9,.,0,7,2,5,9,3,,,1,,
X,A,U,U,S,D,m,-,0,1,0,9,,,X,A,U,U,S,D,m,,,L,O,N,G,,,2,0,2,4,-,0,4,-,0,8,,,2,3,1,1,.,2,9,7,,,0,.,1,1,5,1,7,9,,,2,3,4,4,.,8,3,6,8,1,5,,,2,2,7,7,.,7,5,7,1,8,5,,,P,T,,,2,0,2,4,-,0,4,-,0,9,,,2,3,4,4,.,8,3,6,8,1,5,,,1,,
X,A,U,U,S,D,m,-,0,1,1,0,,,X,A,U,U,S,D,m,,,L,O,N,G,,,2,0,2,4,-,0,4,-,1,4,,,2,3,6,9,.,1,0,5,,,0,.,1,2,5,9,,,2,4,0,6,.,6,8,3,5,9,3,,,2,3,3,1,.,5,2,6,4,0,7,,,S,L,,,2,0,2,4,-,0,4,-,1,5,,,2,3,3,1,.,5,2,6,4,0,7,,,-,1,,
X,A,U,U,S,D,m,-,0,1,1,1,,,X,A,U,U,S,D,m,,,L,O,N,G,,,2,0,2,4,-,0,4,-,1,9,,,2,3,7,9,.,8,6,7,,,0,.,1,2,6,2,9,6,,,2,4,1,7,.,7,3,5,0,1,8,,,2,3,4,1,.,9,9,8,9,8,2,,,S,L,,,2,0,2,4,-,0,4,-,2,2,,,2,3,4,1,.,9,9,8,9,8,2,,,-,1,,
X,A,U,U,S,D,m,-,0,1,1,2,,,X,A,U,U,S,D,m,,,L,O,N,G,,,2,0,2,4,-,0,5,-,1,3,,,2,3,6,0,.,4,4,7,,,0,.,1,4,4,8,0,8,,,2,4,0,3,.,5,1,1,1,1,7,,,2,3,1,7,.,3,8,2,8,8,3,,,P,T,,,2,0,2,4,-,0,5,-,1,7,,,2,4,0,3,.,5,1,1,1,1,7,,,1,,
X,A,U,U,S,D,m,-,0,1,1,3,,,X,A,U,U,S,D,m,,,L,O,N,G,,,2,0,2,4,-,0,5,-,2,4,,,2,3,3,2,.,0,1,5,,,0,.,1,5,6,6,5,8,,,2,3,7,8,.,0,4,2,0,7,2,,,2,2,8,5,.,9,8,7,9,2,8,,,V,E,R,T,I,C,A,L,,,2,0,2,4,-,0,6,-,0,5,,,2,3,5,5,.,0,1,1,,,1,,
X,A,U,U,S,D,m,-,0,1,1,4,,,X,A,U,U,S,D,m,,,L,O,N,G,,,2,0,2,4,-,0,5,-,3,0,,,2,3,3,8,.,3,7,8,,,0,.,1,5,2,3,4,7,,,2,3,8,3,.,2,6,0,5,9,4,,,2,2,9,3,.,4,9,5,4,0,6,,,P,T,,,2,0,2,4,-,0,6,-,0,7,,,2,3,8,3,.,2,6,0,5,9,4,,,1,,
X,A,U,U,S,D,m,-,0,1,1,5,,,X,A,U,U,S,D,m,,,L,O,N,G,,,2,0,2,4,-,0,6,-,0,5,,,2,3,2,8,.,7,9,1,,,0,.,1,5,3,3,4,8,,,2,3,7,3,.,7,8,3,3,8,1,,,2,2,8,3,.,7,9,8,6,1,9,,,P,T,,,2,0,2,4,-,0,6,-,0,6,,,2,3,7,3,.,7,8,3,3,8,1,,,1,,
X,A,U,U,S,D,m,-,0,1,1,6,,,X,A,U,U,S,D,m,,,L,O,N,G,,,2,0,2,4,-,0,6,-,1,1,,,2,3,0,9,.,9,2,5,,,0,.,1,6,5,8,5,8,,,2,3,5,8,.,1,9,3,4,1,2,,,2,2,6,1,.,6,5,6,5,8,8,,,P,T,,,2,0,2,4,-,0,6,-,2,0,,,2,3,5,8,.,1,9,3,4,1,2,,,1,,
X,A,U,U,S,D,m,-,0,1,1,7,,,X,A,U,U,S,D,m,,,L,O,N,G,,,2,0,2,4,-,0,6,-,1,7,,,2,3,2,8,.,9,1,8,,,0,.,1,6,1,5,5,3,,,2,3,7,6,.,3,2,0,2,0,4,,,2,2,8,1,.,5,1,5,7,9,6,,,V,E,R,T,I,C,A,L,,,2,0,2,4,-,0,6,-,2,8,,,2,3,2,6,.,6,3,8,,,-,1,,
X,A,U,U,S,D,m,-,0,1,1,8,,,X,A,U,U,S,D,m,,,L,O,N,G,,,2,0,2,4,-,0,6,-,2,3,,,2,3,2,1,.,1,1,,,0,.,1,5,8,6,3,,,2,3,6,7,.,4,9,8,4,1,6,,,2,2,7,4,.,7,2,1,5,8,4,,,V,E,R,T,I,C,A,L,,,2,0,2,4,-,0,7,-,0,4,,,2,3,5,6,.,7,2,1,,,1,,
X,A,U,U,S,D,m,-,0,1,1,9,,,X,A,U,U,S,D,m,,,L,O,N,G,,,2,0,2,4,-,0,6,-,2,8,,,2,3,2,7,.,6,6,5,,,0,.,1,6,0,6,9,8,,,2,3,7,4,.,7,9,1,0,2,4,,,2,2,8,0,.,5,3,8,9,7,6,,,P,T,,,2,0,2,4,-,0,7,-,0,5,,,2,3,7,4,.,7,9,1,0,2,4,,,1,,
X,A,U,U,S,D,m,-,0,1,2,0,,,X,A,U,U,S,D,m,,,L,O,N,G,,,2,0,2,4,-,0,7,-,0,4,,,2,3,5,8,.,7,2,1,,,0,.,1,5,5,2,9,9,,,2,4,0,4,.,8,7,1,3,6,3,,,2,3,1,2,.,5,7,0,6,3,7,,,P,T,,,2,0,2,4,-,0,7,-,1,1,,,2,4,0,4,.,8,7,1,3,6,3,,,1,,
X,A,U,U,S,D,m,-,0,1,2,1,,,X,A,U,U,S,D,m,,,L,O,N,G,,,2,0,2,4,-,0,7,-,1,0,,,2,3,6,4,.,9,4,4,,,0,.,1,5,2,3,5,2,,,2,4,1,0,.,3,3,8,1,3,1,,,2,3,1,9,.,5,4,9,8,6,9,,,P,T,,,2,0,2,4,-,0,7,-,1,1,,,2,4,1,0,.,3,3,8,1,3,1,,,1,,
X,A,U,U,S,D,m,-,0,1,2,2,,,X,A,U,U,S,D,m,,,L,O,N,G,,,2,0,2,4,-,0,7,-,1,6,,,2,4,2,2,.,4,8,3,,,0,.,1,5,3,0,1,1,,,2,4,6,9,.,1,8,2,4,8,8,,,2,3,7,5,.,7,8,3,5,1,2,,,P,T,,,2,0,2,4,-,0,7,-,1,7,,,2,4,6,9,.,1,8,2,4,8,8,,,1,,
X,A,U,U,S,D,m,-,0,1,2,3,,,X,A,U,U,S,D,m,,,L,O,N,G,,,2,0,2,4,-,0,7,-,2,2,,,2,4,1,1,.,4,9,6,,,0,.,1,5,7,9,5,9,,,2,4,5,9,.,4,8,7,1,1,8,,,2,3,6,3,.,5,0,4,8,8,2,,,S,L,,,2,0,2,4,-,0,7,-,2,5,,,2,3,6,3,.,5,0,4,8,8,2,,,-,1,,
X,A,U,U,S,D,m,-,0,1,2,4,,,X,A,U,U,S,D,m,,,L,O,N,G,,,2,0,2,4,-,0,7,-,2,8,,,2,3,8,7,.,9,4,4,,,0,.,1,5,5,9,0,5,,,2,4,3,4,.,8,4,8,3,0,5,,,2,3,4,1,.,0,3,9,6,9,5,,,P,T,,,2,0,2,4,-,0,7,-,3,1,,,2,4,3,4,.,8,4,8,3,0,5,,,1,,
X,A,U,U,S,D,m,-,0,1,2,5,,,X,A,U,U,S,D,m,,,L,O,N,G,,,2,0,2,4,-,0,9,-,1,2,,,2,5,1,1,.,8,2,4,,,0,.,1,3,4,7,8,,,2,5,5,4,.,4,7,6,5,9,7,,,2,4,6,9,.,1,7,1,4,0,3,,,P,T,,,2,0,2,4,-,0,9,-,1,3,,,2,5,5,4,.,4,7,6,5,9,7,,,1,,
X,A,U,U,S,D,m,-,0,1,2,6,,,X,A,U,U,S,D,m,,,L,O,N,G,,,2,0,2,4,-,0,9,-,1,8,,,2,5,7,4,.,0,1,9,,,0,.,1,3,5,4,0,4,,,2,6,1,7,.,9,2,9,9,2,4,,,2,5,3,0,.,1,0,8,0,7,6,,,P,T,,,2,0,2,4,-,0,9,-,2,0,,,2,6,1,7,.,9,2,9,9,2,4,,,1,,
X,A,U,U,S,D,m,-,0,1,2,7,,,X,A,U,U,S,D,m,,,L,O,N,G,,,2,0,2,4,-,0,9,-,2,4,,,2,6,2,6,.,2,9,5,,,0,.,1,2,9,9,2,9,,,2,6,6,9,.,2,8,6,2,1,,,2,5,8,3,.,3,0,3,7,9,,,P,T,,,2,0,2,4,-,0,9,-,2,5,,,2,6,6,9,.,2,8,6,2,1,,,1,,
X,A,U,U,S,D,m,-,0,1,2,8,,,X,A,U,U,S,D,m,,,L,O,N,G,,,2,0,2,4,-,1,0,-,1,7,,,2,6,7,4,.,1,2,2,,,0,.,1,0,9,4,3,8,,,2,7,1,0,.,9,9,2,6,6,1,,,2,6,3,7,.,2,5,1,3,3,9,,,P,T,,,2,0,2,4,-,1,0,-,1,8,,,2,7,1,0,.,9,9,2,6,6,1,,,1,,
X,A,U,U,S,D,m,-,0,1,2,9,,,X,A,U,U,S,D,m,,,L,O,N,G,,,2,0,2,4,-,1,0,-,2,3,,,2,7,4,6,.,5,8,7,,,0,.,1,0,4,1,2,5,,,2,7,8,2,.,6,1,7,9,9,4,,,2,7,1,0,.,5,5,6,0,0,6,,,P,T,,,2,0,2,4,-,1,0,-,3,0,,,2,7,8,2,.,6,1,7,9,9,4,,,1,,
X,A,U,U,S,D,m,-,0,1,3,0,,,X,A,U,U,S,D,m,,,L,O,N,G,,,2,0,2,4,-,1,0,-,2,9,,,2,7,4,4,.,3,7,9,,,0,.,0,9,9,8,5,4,,,2,7,7,8,.,9,0,4,3,3,6,,,2,7,0,9,.,8,5,3,6,6,4,,,P,T,,,2,0,2,4,-,1,0,-,3,0,,,2,7,7,8,.,9,0,4,3,3,6,,,1,,
X,A,U,U,S,D,m,-,0,1,3,1,,,X,A,U,U,S,D,m,,,L,O,N,G,,,2,0,2,4,-,1,1,-,0,4,,,2,7,3,8,.,3,7,9,,,0,.,1,0,3,1,4,2,,,2,7,7,3,.,9,6,3,4,8,8,,,2,7,0,2,.,7,9,4,5,1,2,,,S,L,,,2,0,2,4,-,1,1,-,0,6,,,2,7,0,2,.,7,9,4,5,1,2,,,-,1,,
X,A,U,U,S,D,m,-,0,1,3,2,,,X,A,U,U,S,D,m,,,L,O,N,G,,,2,0,2,5,-,0,1,-,1,3,,,2,6,9,1,.,1,2,8,,,0,.,1,6,5,3,1,5,,,2,7,4,7,.,1,7,8,1,5,2,,,2,6,3,5,.,0,7,7,8,4,8,,,P,T,,,2,0,2,5,-,0,1,-,2,2,,,2,7,4,7,.,1,7,8,1,5,2,,,1,,
X,A,U,U,S,D,m,-,0,1,3,3,,,X,A,U,U,S,D,m,,,L,O,N,G,,,2,0,2,5,-,0,1,-,1,9,,,2,7,0,2,.,6,2,9,,,0,.,1,5,1,3,9,9,,,2,7,5,4,.,1,8,0,1,9,3,,,2,6,5,1,.,0,7,7,8,0,7,,,P,T,,,2,0,2,5,-,0,1,-,2,2,,,2,7,5,4,.,1,8,0,1,9,3,,,1,,
X,A,U,U,S,D,m,-,0,1,3,4,,,X,A,U,U,S,D,m,,,L,O,N,G,,,2,0,2,5,-,0,1,-,2,4,,,2,7,5,4,.,5,4,6,,,0,.,1,4,2,1,5,3,,,2,8,0,3,.,8,7,8,9,5,4,,,2,7,0,5,.,2,1,3,0,4,6,,,P,T,,,2,0,2,5,-,0,1,-,3,1,,,2,8,0,3,.,8,7,8,9,5,4,,,1,,
X,A,U,U,S,D,m,-,0,1,3,5,,,X,A,U,U,S,D,m,,,L,O,N,G,,,2,0,2,5,-,0,1,-,3,0,,,2,7,6,0,.,2,4,3,,,0,.,1,3,9,5,5,5,,,2,8,0,8,.,7,7,4,5,2,9,,,2,7,1,1,.,7,1,1,4,7,1,,,P,T,,,2,0,2,5,-,0,1,-,3,1,,,2,8,0,8,.,7,7,4,5,2,9,,,1,,
X,A,U,U,S,D,m,-,0,1,3,6,,,X,A,U,U,S,D,m,,,L,O,N,G,,,2,0,2,5,-,0,3,-,2,4,,,3,0,2,4,.,7,0,9,,,0,.,1,1,2,5,1,4,,,3,0,6,7,.,5,8,5,6,7,4,,,2,9,8,1,.,8,3,2,3,2,6,,,P,T,,,2,0,2,5,-,0,3,-,2,8,,,3,0,6,7,.,5,8,5,6,7,4,,,1,,
X,A,U,U,S,D,m,-,0,1,3,7,,,X,A,U,U,S,D,m,,,L,O,N,G,,,2,0,2,5,-,0,3,-,3,0,,,3,0,9,2,.,5,3,1,,,0,.,1,1,4,0,2,3,,,3,1,3,6,.,9,5,6,7,3,9,,,3,0,4,8,.,1,0,5,2,6,1,,,P,T,,,2,0,2,5,-,0,4,-,0,1,,,3,1,3,6,.,9,5,6,7,3,9,,,1,,
X,A,U,U,S,D,m,-,0,1,3,8,,,X,A,U,U,S,D,m,,,L,O,N,G,,,2,0,2,5,-,0,6,-,2,5,,,3,3,2,4,.,0,8,7,,,0,.,1,9,8,9,4,,,3,4,0,7,.,4,0,2,1,7,9,,,3,2,4,0,.,7,7,1,8,2,1,,,V,E,R,T,I,C,A,L,,,2,0,2,5,-,0,7,-,0,7,,,3,3,3,4,.,6,5,3,,,1,,
X,A,U,U,S,D,m,-,0,1,3,9,,,X,A,U,U,S,D,m,,,L,O,N,G,,,2,0,2,5,-,0,7,-,0,1,,,3,3,1,2,.,4,4,6,,,0,.,1,7,5,7,5,3,,,3,3,8,5,.,7,9,2,8,1,6,,,3,2,3,9,.,0,9,9,1,8,4,,,V,E,R,T,I,C,A,L,,,2,0,2,5,-,0,7,-,1,3,,,3,3,6,7,.,7,7,2,,,1,,
X,A,U,U,S,D,m,-,0,1,4,0,,,X,A,U,U,S,D,m,,,L,O,N,G,,,2,0,2,5,-,0,7,-,0,7,,,3,3,2,8,.,8,3,,,0,.,1,7,2,7,3,6,,,3,4,0,1,.,2,7,4,4,6,6,,,3,2,5,6,.,3,8,5,5,3,4,,,V,E,R,T,I,C,A,L,,,2,0,2,5,-,0,7,-,1,8,,,3,3,5,0,.,3,9,5,,,1,,
X,A,U,U,S,D,m,-,0,1,4,1,,,X,A,U,U,S,D,m,,,L,O,N,G,,,2,0,2,5,-,0,7,-,1,3,,,3,3,6,1,.,2,9,5,,,0,.,1,7,0,8,3,1,,,3,4,3,3,.,6,3,9,2,7,8,,,3,2,8,8,.,9,5,0,7,2,2,,,P,T,,,2,0,2,5,-,0,7,-,2,3,,,3,4,3,3,.,6,3,9,2,7,8,,,1,,
X,A,U,U,S,D,m,-,0,1,4,2,,,X,A,U,U,S,D,m,,,L,O,N,G,,,2,0,2,5,-,0,7,-,1,8,,,3,3,4,0,.,1,6,4,,,0,.,1,5,2,5,9,9,,,3,4,0,4,.,3,8,0,8,9,5,,,3,2,7,5,.,9,4,7,1,0,5,,,P,T,,,2,0,2,5,-,0,7,-,2,2,,,3,4,0,4,.,3,8,0,8,9,5,,,1,,
X,A,U,U,S,D,m,-,0,1,4,3,,,X,A,U,U,S,D,m,,,L,O,N,G,,,2,0,2,5,-,0,7,-,2,4,,,3,3,9,0,.,0,4,7,,,0,.,1,4,1,7,8,7,,,3,4,5,0,.,6,0,4,9,2,1,,,3,3,2,9,.,4,8,9,0,7,9,,,S,L,,,2,0,2,5,-,0,7,-,2,5,,,3,3,2,9,.,4,8,9,0,7,9,,,-,1,,
X,A,U,U,S,D,m,-,0,1,4,4,,,X,A,U,U,S,D,m,,,L,O,N,G,,,2,0,2,5,-,0,7,-,3,0,,,3,3,2,7,.,5,2,7,,,0,.,1,3,3,3,9,7,,,3,3,8,3,.,4,5,0,7,4,2,,,3,2,7,1,.,6,0,3,2,5,8,,,P,T,,,2,0,2,5,-,0,8,-,0,4,,,3,3,8,3,.,4,5,0,7,4,2,,,1,,
X,A,U,U,S,D,m,-,0,1,4,5,,,X,A,U,U,S,D,m,,,L,O,N,G,,,2,0,2,5,-,0,8,-,2,2,,,3,3,3,8,.,3,6,7,,,0,.,1,1,3,2,3,,,3,3,8,5,.,9,9,0,9,5,6,,,3,2,9,0,.,7,4,3,0,4,4,,,P,T,,,2,0,2,5,-,0,8,-,2,6,,,3,3,8,5,.,9,9,0,9,5,6,,,1,,
X,A,U,U,S,D,m,-,0,1,4,6,,,X,A,U,U,S,D,m,,,L,O,N,G,,,2,0,2,5,-,0,8,-,2,8,,,3,3,9,5,.,7,4,9,,,0,.,1,1,4,3,5,2,,,3,4,4,4,.,6,7,1,3,7,5,,,3,3,4,6,.,8,2,6,6,2,5,,,P,T,,,2,0,2,5,-,0,8,-,2,9,,,3,4,4,4,.,6,7,1,3,7,5,,,1,,
X,A,U,U,S,D,m,-,0,1,4,7,,,X,A,U,U,S,D,m,,,L,O,N,G,,,2,0,2,5,-,0,9,-,0,3,,,3,5,3,0,.,0,1,,,0,.,1,1,8,7,8,6,,,3,5,8,2,.,8,3,8,9,8,,,3,4,7,7,.,1,8,1,0,2,,,P,T,,,2,0,2,5,-,0,9,-,0,5,,,3,5,8,2,.,8,3,8,9,8,,,1,,
X,A,U,U,S,D,m,-,0,1,4,8,,,X,A,U,U,S,D,m,,,L,O,N,G,,,2,0,2,5,-,0,9,-,0,9,,,3,6,3,5,.,0,2,3,,,0,.,1,1,3,9,6,1,,,3,6,8,7,.,2,1,3,6,8,9,,,3,5,8,2,.,8,3,2,3,1,1,,,P,T,,,2,0,2,5,-,0,9,-,1,6,,,3,6,8,7,.,2,1,3,6,8,9,,,1,,
X,A,U,U,S,D,m,-,0,1,4,9,,,X,A,U,U,S,D,m,,,L,O,N,G,,,2,0,2,5,-,0,9,-,1,5,,,3,6,3,8,.,2,3,7,,,0,.,1,1,3,5,6,6,,,3,6,9,0,.,2,9,2,9,3,6,,,3,5,8,6,.,1,8,1,0,6,4,,,P,T,,,2,0,2,5,-,0,9,-,1,6,,,3,6,9,0,.,2,9,2,9,3,6,,,1,,
X,A,U,U,S,D,m,-,0,1,5,0,,,X,A,U,U,S,D,m,,,L,O,N,G,,,2,0,2,5,-,0,9,-,2,1,,,3,6,8,7,.,9,6,9,,,0,.,1,1,6,6,3,6,,,3,7,4,2,.,1,6,2,6,9,9,,,3,6,3,3,.,7,7,5,3,0,1,,,P,T,,,2,0,2,5,-,0,9,-,2,2,,,3,7,4,2,.,1,6,2,6,9,9,,,1,,
X,A,U,U,S,D,m,-,0,1,5,1,,,X,A,U,U,S,D,m,,,L,O,N,G,,,2,0,2,5,-,0,9,-,2,6,,,3,7,4,4,.,6,7,6,,,0,.,1,1,9,5,2,2,,,3,8,0,1,.,0,6,4,7,2,4,,,3,6,8,8,.,2,8,7,2,7,6,,,P,T,,,2,0,2,5,-,0,9,-,2,9,,,3,8,0,1,.,0,6,4,7,2,4,,,1,,
X,A,U,U,S,D,m,-,0,1,5,2,,,X,A,U,U,S,D,m,,,L,O,N,G,,,2,0,2,5,-,1,0,-,0,2,,,3,8,6,3,.,4,7,5,,,0,.,1,1,6,5,9,2,,,3,9,2,0,.,2,2,6,3,9,8,,,3,8,0,6,.,7,2,3,6,0,2,,,P,T,,,2,0,2,5,-,1,0,-,0,5,,,3,9,2,0,.,2,2,6,3,9,8,,,1,,
X,A,U,U,S,D,m,-,0,1,5,3,,,X,A,U,U,S,D,m,,,L,O,N,G,,,2,0,2,5,-,1,0,-,0,8,,,3,9,9,4,.,3,6,7,,,0,.,1,1,0,8,4,5,,,4,0,5,0,.,1,4,9,0,4,2,,,3,9,3,8,.,5,8,4,9,5,8,,,P,T,,,2,0,2,5,-,1,0,-,0,9,,,4,0,5,0,.,1,4,9,0,4,2,,,1,,
X,A,U,U,S,D,m,-,0,1,5,4,,,X,A,U,U,S,D,m,,,L,O,N,G,,,2,0,2,5,-,1,0,-,1,4,,,4,1,2,8,.,0,9,1,,,0,.,1,1,2,4,1,,,4,1,8,6,.,5,5,4,2,2,7,,,4,0,6,9,.,6,2,7,7,7,3,,,P,T,,,2,0,2,5,-,1,0,-,1,5,,,4,1,8,6,.,5,5,4,2,2,7,,,1,,
X,A,U,U,S,D,m,-,0,1,5,5,,,X,A,U,U,S,D,m,,,L,O,N,G,,,2,0,2,5,-,1,0,-,2,0,,,4,2,3,7,.,8,3,9,,,0,.,1,4,2,1,7,,,4,3,1,3,.,7,4,6,0,4,7,,,4,1,6,1,.,9,3,1,9,5,3,,,P,T,,,2,0,2,5,-,1,0,-,2,1,,,4,3,1,3,.,7,4,6,0,4,7,,,1,,
X,A,U,U,S,D,m,-,0,1,5,6,,,X,A,U,U,S,D,m,,,L,O,N,G,,,2,0,2,5,-,1,1,-,1,8,,,4,0,3,6,.,8,6,2,,,0,.,2,2,8,4,3,5,,,4,1,5,3,.,0,4,3,1,2,7,,,3,9,2,0,.,6,8,0,8,7,3,,,P,T,,,2,0,2,5,-,1,1,-,2,5,,,4,1,5,3,.,0,4,3,1,2,7,,,1,,
X,A,U,U,S,D,m,-,0,1,5,7,,,X,A,U,U,S,D,m,,,L,O,N,G,,,2,0,2,6,-,0,1,-,0,4,,,4,3,5,3,.,4,8,6,,,0,.,1,6,6,5,9,7,,,4,4,4,4,.,8,6,2,5,8,5,,,4,2,6,2,.,1,0,9,4,1,5,,,P,T,,,2,0,2,6,-,0,1,-,0,5,,,4,4,4,4,.,8,6,2,5,8,5,,,1,,
X,A,U,U,S,D,m,-,0,1,5,8,,,X,A,U,U,S,D,m,,,L,O,N,G,,,2,0,2,6,-,0,1,-,0,9,,,4,4,7,5,.,6,3,2,,,0,.,1,6,0,0,2,5,,,4,5,6,5,.,8,6,6,1,1,2,,,4,3,8,5,.,3,9,7,8,8,8,,,P,T,,,2,0,2,6,-,0,1,-,1,2,,,4,5,6,5,.,8,6,6,1,1,2,,,1,,
X,A,U,U,S,D,m,-,0,1,5,9,,,X,A,U,U,S,D,m,,,L,O,N,G,,,2,0,2,6,-,0,1,-,1,5,,,4,6,1,5,.,2,6,6,,,0,.,1,5,6,3,5,2,,,4,7,0,6,.,1,8,0,0,5,7,,,4,5,2,4,.,3,5,1,9,4,3,,,P,T,,,2,0,2,6,-,0,1,-,2,0,,,4,7,0,6,.,1,8,0,0,5,7,,,1,,
X,A,U,U,S,D,m,-,0,1,6,0,,,X,A,U,U,S,D,m,,,L,O,N,G,,,2,0,2,6,-,0,1,-,2,1,,,4,7,7,5,.,8,2,9,,,0,.,1,5,6,4,8,8,,,4,8,6,9,.,9,8,7,4,2,2,,,4,6,8,1,.,6,7,0,5,7,8,,,P,T,,,2,0,2,6,-,0,1,-,2,2,,,4,8,6,9,.,9,8,7,4,2,2,,,1,,
X,A,U,U,S,D,m,-,0,1,6,1,,,X,A,U,U,S,D,m,,,L,O,N,G,,,2,0,2,6,-,0,5,-,2,4,,,4,5,4,5,.,3,9,7,,,0,.,2,6,3,5,0,6,,,4,6,9,6,.,2,9,7,7,2,2,,,4,3,9,4,.,4,9,6,2,7,8,,,S,L,,,2,0,2,6,-,0,5,-,2,8,,,4,3,9,4,.,4,9,6,2,7,8,,,-,1,,
X,A,U,U,S,D,m,-,0,1,6,2,,,X,A,U,U,S,D,m,,,L,O,N,G,,,2,0,2,6,-,0,7,-,0,3,,,4,1,2,6,.,1,5,,,0,.,2,3,2,7,0,8,,,4,2,4,7,.,1,2,2,3,6,6,,,4,0,0,5,.,1,7,7,6,3,4,,,S,L,,,2,0,2,6,-,0,7,-,1,3,,,4,0,0,5,.,1,7,7,6,3,4,,,-,1,,
X,A,U,U,S,D,m,-,0,1,6,3,,,X,A,U,U,S,D,m,,,L,O,N,G,,,2,0,2,6,-,0,7,-,1,5,,,4,0,5,2,.,9,2,8,,,0,.,2,2,4,9,7,5,,,4,1,6,7,.,8,0,5,1,6,9,,,3,9,3,8,.,0,5,0,8,3,1,,,V,E,R,T,I,C,A,L,,,2,0,2,6,-,0,7,-,2,7,,,4,0,7,3,.,1,9,5,,,1,,
X,A,U,U,S,D,m,-,0,1,6,4,,,X,A,U,U,S,D,m,,,L,O,N,G,,,2,0,2,6,-,0,7,-,2,1,,,4,0,0,9,.,8,1,2,,,0,.,2,2,4,4,4,5,,,4,1,2,3,.,1,9,9,1,6,7,,,3,8,9,6,.,4,2,4,8,3,3,,,P,T,,,2,0,2,6,-,0,7,-,2,2,,,4,1,2,3,.,1,9,9,1,6,7,,,1,,
X,A,U,U,S,D,m,-,0,1,6,5,,,X,A,U,U,S,D,m,,,L,O,N,G,,,2,0,2,6,-,0,7,-,2,7,,,4,0,9,4,.,2,9,5,,,0,.,2,2,8,7,7,1,,,4,2,1,2,.,3,0,2,5,8,5,,,3,9,7,6,.,2,8,7,4,1,5,,,P,T,,,2,0,2,6,-,0,8,-,0,5,,,4,2,1,2,.,3,0,2,5,8,5,,,1,,
X,A,U,U,S,D,m,-,0,1,6,6,,,X,A,U,U,S,D,m,,,S,H,O,R,T,,,2,0,2,6,-,0,8,-,0,2,,,4,0,7,3,.,0,4,,,0,.,2,2,7,0,9,5,,,3,9,5,6,.,5,0,5,1,1,4,,,4,1,8,9,.,5,7,4,8,8,6,,,S,L,,,2,0,2,6,-,0,8,-,0,5,,,4,1,8,9,.,5,7,4,8,8,6,,,-,1,,
