time,open,high,low,close,tick_volume,spread,real_volume
2020-01-02,0.70135,0.70188,0.69779,0.69825,14554,17,0
2020-01-03,0.69825,0.69856,0.69296,0.69468,17158,17,0
2020-01-05,0.69403,0.69429,0.69322,0.69425,1025,21,0
2020-01-06,0.69424,0.69569,0.69247,0.6936,15677,17,0
2020-01-07,0.6936,0.69383,0.68495,0.68579,17798,17,0
2020-01-08,0.68583,0.68844,0.68484,0.68734,22106,17,0
2020-01-09,0.68739,0.68796,0.68496,0.68525,14164,17,0
2020-01-10,0.68525,0.69098,0.68499,0.68987,15316,17,0
2020-01-12,0.68963,0.6904,0.68942,0.68991,677,17,0
2020-01-13,0.68991,0.69189,0.68939,0.68964,14580,17,0
2020-01-14,0.68965,0.69085,0.68844,0.68938,15931,17,0
2020-01-15,0.68938,0.69159,0.68767,0.69062,14759,17,0
2020-01-16,0.69064,0.69329,0.68872,0.68974,14565,17,0
2020-01-17,0.68975,0.69102,0.68703,0.68717,13481,17,0
2020-01-19,0.68713,0.68813,0.68713,0.68805,619,17,0
2020-01-20,0.68805,0.68877,0.68544,0.68747,10806,17,0
2020-01-21,0.68748,0.68796,0.68409,0.68459,15675,17,0
2020-01-22,0.68462,0.68553,0.68263,0.68406,14641,17,0
2020-01-23,0.68406,0.68779,0.68288,0.68412,17822,17,0
2020-01-24,0.68476,0.68563,0.68172,0.68247,14222,17,0
2020-01-26,0.68104,0.68146,0.68005,0.68006,1112,17,0
2020-01-27,0.68006,0.68162,0.67517,0.67607,15485,17,0
2020-01-28,0.67609,0.67642,0.67365,0.67629,14884,17,0
2020-01-29,0.6763,0.67765,0.67346,0.67515,15397,15,0
2020-01-30,0.67521,0.67526,0.66994,0.67044,18809,15,0
2020-01-31,0.67046,0.67287,0.66821,0.66871,17583,15,0
2020-02-02,0.66835,0.66942,0.6683,0.66917,1047,15,0
2020-02-03,0.66919,0.67062,0.66833,0.6689,17422,15,0
2020-02-04,0.66889,0.67409,0.66776,0.67305,18084,15,0
2020-02-05,0.67305,0.67734,0.67234,0.67507,17560,15,0
2020-02-06,0.67507,0.6764,0.67265,0.67307,15345,15,0
2020-02-07,0.67308,0.6731,0.66617,0.66726,15998,15,0
2020-02-09,0.66655,0.66773,0.66655,0.66695,1023,15,0
2020-02-10,0.66695,0.67065,0.66674,0.66889,16031,15,0
2020-02-11,0.66889,0.67359,0.66808,0.67177,14877,15,0
2020-02-12,0.67178,0.6749,0.67075,0.67125,15466,15,0
2020-02-13,0.67124,0.67443,0.67085,0.67181,16570,15,0
2020-02-14,0.67182,0.67304,0.67087,0.67122,12149,15,0
2020-02-16,0.67197,0.67283,0.67157,0.67249,730,15,0
2020-02-17,0.67249,0.67326,0.67062,0.67089,9850,15,0
2020-02-18,0.67089,0.67089,0.66732,0.66928,14092,15,0
2020-02-19,0.66931,0.67065,0.66647,0.66802,13171,15,0
2020-02-20,0.66802,0.66934,0.66098,0.66111,19718,15,0
2020-02-21,0.66111,0.6638,0.65854,0.66259,17362,15,0
2020-02-23,0.66038,0.66069,0.65926,0.66048,1150,15,0
2020-02-24,0.66048,0.66189,0.65864,0.66104,20803,15,0
2020-02-25,0.66102,0.66216,0.6586,0.6604,21439,15,0
2020-02-26,0.66042,0.66059,0.65414,0.65458,23037,15,0
2020-02-27,0.65461,0.65911,0.65424,0.65798,26144,15,0
2020-02-28,0.65797,0.65845,0.64336,0.65063,34217,15,0
2020-03-01,0.64735,0.65205,0.64723,0.65124,1680,15,0
2020-03-02,0.65126,0.65672,0.64881,0.65458,33357,15,0
2020-03-03,0.6547,0.66441,0.6509,0.65824,34376,15,0
2020-03-04,0.65824,0.6627,0.65824,0.6627,23857,15,0
2020-03-05,0.66273,0.6636,0.65835,0.66148,20342,15,0
2020-03-06,0.66151,0.66566,0.65847,0.66408,26216,15,0
2020-03-08,0.66013,0.662,0.65934,0.6612,4080,15,0
2020-03-09,0.66119,0.66842,0.63126,0.65971,61925,15,0
2020-03-10,0.6597,0.66031,0.64623,0.64937,40670,15,0
2020-03-11,0.64938,0.65386,0.647,0.64764,35383,15,0
2020-03-12,0.64765,0.64806,0.62122,0.62739,57764,15,0
2020-03-13,0.62741,0.63247,0.61231,0.61834,54907,15,0
2020-03-15,0.62026,0.62932,0.61151,0.61784,5908,15,0
2020-03-16,0.61783,0.61878,0.60784,0.61013,62453,15,0
2020-03-17,0.61013,0.6148,0.59587,0.5989,53356,15,0
2020-03-18,0.5989,0.60277,0.57016,0.5791,61378,15,0
2020-03-19,0.57913,0.59632,0.55084,0.57437,102576,15,0
2020-03-20,0.57437,0.59851,0.57091,0.57953,72908,15,0
2020-03-22,0.58043,0.58163,0.5703,0.57529,9262,15,0
2020-03-23,0.57528,0.58844,0.57,0.58749,88925,15,0
2020-03-24,0.58751,0.59873,0.58646,0.59688,62552,15,0
2020-03-25,0.59685,0.60724,0.58918,0.59012,57511,15,0
2020-03-26,0.59014,0.60866,0.587,0.60776,53624,15,0
2020-03-27,0.60776,0.61994,0.60224,0.61641,56063,15,0
2020-03-29,0.61486,0.61826,0.61109,0.61735,4071,15,0
2020-03-30,0.61737,0.61835,0.61118,0.61646,56801,15,0
2020-03-31,0.61646,0.62128,0.60738,0.61373,69077,15,0
2020-04-01,0.61375,0.61845,0.60385,0.60893,51080,15,0
2020-04-02,0.60892,0.61185,0.60065,0.60642,46828,15,0
2020-04-03,0.6064,0.60746,0.59795,0.59917,38732,15,0
2020-04-05,0.60125,0.60132,0.59915,0.59923,3021,15,0
2020-04-06,0.59924,0.61217,0.59907,0.61162,37292,15,0
2020-04-07,0.61163,0.62073,0.60972,0.61513,42733,15,0
2020-04-08,0.61511,0.62439,0.61153,0.62326,39341,15,0
2020-04-09,0.62326,0.63621,0.6195,0.63297,37572,15,0
2020-04-10,0.63296,0.63657,0.6311,0.63441,11171,44,0
2020-04-12,0.63427,0.63545,0.6324,0.63343,2162,15,0
2020-04-13,0.63343,0.64085,0.63304,0.63986,24460,15,0
2020-04-14,0.63987,0.6444,0.63742,0.64339,29680,15,0
2020-04-15,0.64341,0.64354,0.6284,0.6308,33497,15,0
2020-04-16,0.6308,0.63842,0.62635,0.63591,62964,15,0
2020-04-17,0.63591,0.63827,0.63138,0.63625,51551,15,0
2020-04-19,0.63622,0.63635,0.6336,0.6336,2210,15,0
2020-04-20,0.63361,0.63965,0.63281,0.63411,45612,15,0
2020-04-21,0.63413,0.63458,0.62529,0.62918,57496,15,0
2020-04-22,0.62919,0.63515,0.62805,0.62964,48539,15,0
2020-04-23,0.62966,0.64053,0.62825,0.63754,52616,15,0
2020-04-24,0.63754,0.63969,0.63366,0.63833,37390,15,0
2020-04-26,0.63792,0.63979,0.6379,0.63967,1450,15,0
2020-04-27,0.63966,0.6471,0.63921,0.64487,35262,15,0
2020-04-28,0.64487,0.65133,0.64337,0.65016,39721,15,0
2020-04-29,0.65017,0.65573,0.65006,0.65537,40397,15,0
2020-04-30,0.65537,0.65691,0.64807,0.64937,52589,15,0
2020-05-01,0.64939,0.64966,0.64093,0.64176,37116,15,0
2020-05-03,0.64051,0.64095,0.63723,0.63759,3042,15,0
2020-05-04,0.63758,0.64341,0.63722,0.6425,41069,15,0
2020-05-05,0.64252,0.64754,0.64163,0.64326,40580,15,0
2020-05-06,0.64328,0.64522,0.63778,0.63903,39284,15,0
2020-05-07,0.63904,0.651,0.63904,0.65,43268,15,0
2020-05-08,0.65,0.65473,0.64973,0.65174,34204,15,0
2020-05-10,0.65225,0.65365,0.65122,0.65347,2107,15,0
2020-05-11,0.65346,0.65608,0.64558,0.64834,38734,15,0
2020-05-12,0.64836,0.65355,0.64315,0.6451,47179,15,0
2020-05-13,0.6451,0.65234,0.64378,0.64522,59094,15,0
2020-05-14,0.64524,0.64729,0.64029,0.64697,52297,15,0
2020-05-15,0.64697,0.64725,0.64015,0.6413,42002,15,0
2020-05-17,0.64178,0.64275,0.64069,0.64245,1928,15,0
2020-05-18,0.64247,0.65266,0.64193,0.65228,38535,15,0
2020-05-19,0.65229,0.65842,0.65092,0.65396,45539,15,0
2020-05-20,0.65397,0.66154,0.65272,0.65906,38808,15,0
2020-05-21,0.65906,0.65974,0.65481,0.65658,44240,15,0
2020-05-22,0.65658,0.65717,0.65054,0.65363,38600,15,0
2020-05-24,0.65329,0.65475,0.65272,0.65446,1860,15,0
2020-05-25,0.65448,0.65496,0.65192,0.65489,23735,15,0
2020-05-26,0.6549,0.66745,0.65416,0.66448,40852,15,0
2020-05-27,0.66449,0.66795,0.6566,0.66204,58663,15,0
2020-05-28,0.66205,0.66667,0.65876,0.66318,54019,15,0
2020-05-29,0.6632,0.66825,0.6618,0.66724,61277,15,0
2020-05-31,0.66576,0.66669,0.66465,0.66577,3193,15,0
2020-06-01,0.66576,0.68058,0.66575,0.67831,53178,15,0
2020-06-02,0.67832,0.69216,0.67743,0.69122,53171,15,0
2020-06-03,0.69124,0.69825,0.6856,0.69263,70519,15,0
2020-06-04,0.69263,0.69869,0.68815,0.69381,66675,15,0
2020-06-05,0.69382,0.70121,0.69301,0.69678,62436,15,0
2020-06-07,0.6963,0.70026,0.6963,0.69992,2492,15,0
2020-06-08,0.69992,0.70286,0.69611,0.70227,45166,15,0
2020-06-09,0.70228,0.70419,0.68978,0.69385,60291,15,0
2020-06-10,0.69385,0.70634,0.6932,0.69674,77061,15,0
2020-06-11,0.69673,0.69935,0.6817,0.68283,91969,15,0
2020-06-12,0.68284,0.69111,0.67991,0.68649,93877,15,0
2020-06-14,0.68422,0.68431,0.68092,0.68249,5935,15,0
2020-06-15,0.68251,0.69622,0.67758,0.69616,93078,15,0
2020-06-16,0.69615,0.69761,0.68331,0.68926,90317,15,0
2020-06-17,0.68928,0.69219,0.68516,0.68757,74007,15,0
2020-06-18,0.68758,0.69017,0.68352,0.68555,66414,15,0
2020-06-19,0.68557,0.69109,0.68287,0.68341,49030,15,0
2020-06-21,0.68125,0.68297,0.68092,0.68191,3726,15,0
2020-06-22,0.6819,0.69343,0.68161,0.69284,45543,15,0
2020-06-23,0.69285,0.6974,0.68573,0.69427,61180,15,0
2020-06-24,0.69428,0.69612,0.6853,0.6855,61435,15,0
2020-06-25,0.68552,0.68947,0.68469,0.68875,54558,15,0
2020-06-26,0.68875,0.68946,0.68399,0.68651,40103,15,0
2020-06-28,0.6858,0.68657,0.68445,0.68596,2308,15,0
2020-06-29,0.68595,0.68901,0.6841,0.68711,40438,15,0
2020-06-30,0.68713,0.69114,0.68322,0.68988,42477,15,0
2020-07-01,0.68988,0.69429,0.68765,0.69105,41904,15,0
2020-07-02,0.69104,0.69515,0.6901,0.69184,43702,15,0
2020-07-03,0.69186,0.69465,0.69133,0.69378,31971,15,0
2020-07-05,0.69306,0.69493,0.69266,0.69474,1556,15,0
2020-07-06,0.69474,0.69869,0.6946,0.6974,32858,15,0
2020-07-07,0.6974,0.6997,0.69215,0.69413,42130,15,0
2020-07-08,0.69413,0.69874,0.69267,0.69849,41257,15,0
2020-07-09,0.69849,0.70003,0.69494,0.69591,46143,15,0
2020-07-10,0.69592,0.69686,0.6923,0.69486,36388,15,0
2020-07-12,0.69533,0.69583,0.69479,0.6949,2407,15,0
2020-07-13,0.6949,0.69923,0.69353,0.69357,38834,15,0
2020-07-14,0.69359,0.69928,0.69206,0.69872,51094,15,0
2020-07-15,0.69871,0.7037,0.69849,0.70074,40944,15,0
2020-07-16,0.70075,0.7012,0.69626,0.69747,41703,15,0
2020-07-17,0.69748,0.70043,0.6973,0.69956,25523,15,0
2020-07-19,0.69885,0.70033,0.69813,0.70023,1830,15,0
2020-07-20,0.70023,0.70249,0.69722,0.70211,28143,15,0
2020-07-21,0.70213,0.71461,0.70151,0.71375,38988,15,0
2020-07-22,0.71376,0.71821,0.71101,0.71359,49896,15,0
2020-07-23,0.71359,0.7161,0.70898,0.7098,50530,15,0
2020-07-24,0.7098,0.71245,0.7063,0.7103,46695,15,0
2020-07-26,0.70911,0.71071,0.70853,0.7096,3324,15,0
2020-07-27,0.70961,0.71588,0.7096,0.71576,37109,15,0
2020-07-28,0.71577,0.71761,0.71123,0.71578,45324,15,0
2020-07-29,0.71577,0.71961,0.71484,0.71709,42858,15,0
2020-07-30,0.71709,0.72041,0.712,0.72015,47233,15,0
2020-07-31,0.72015,0.72266,0.71328,0.71413,51108,15,0
2020-08-02,0.7129,0.71492,0.7128,0.71445,3269,15,0
2020-08-03,0.71444,0.7149,0.70757,0.71157,37829,15,0
2020-08-04,0.71155,0.71761,0.71053,0.71756,41559,15,0
2020-08-05,0.71756,0.72403,0.71652,0.71971,39068,15,0
2020-08-06,0.71972,0.72388,0.71737,0.72308,47605,15,0
2020-08-07,0.72308,0.72426,0.7144,0.71553,45907,15,0
2020-08-09,0.71602,0.71605,0.71459,0.71553,3400,15,0
2020-08-10,0.71553,0.71834,0.71396,0.71546,29273,15,0
2020-08-11,0.71545,0.7189,0.71344,0.71444,42360,15,0
2020-08-12,0.71444,0.71752,0.71085,0.71637,45709,15,0
2020-08-13,0.71638,0.71874,0.71352,0.71471,37785,15,0
2020-08-14,0.71473,0.71745,0.71315,0.71691,27903,15,0
2020-08-16,0.71651,0.71931,0.71631,0.71918,2166,15,0
2020-08-17,0.71918,0.72267,0.71702,0.72132,24994,15,0
2020-08-18,0.72133,0.72639,0.72082,0.7254,34009,15,0
2020-08-19,0.7254,0.72749,0.71786,0.71858,40298,15,0
2020-08-20,0.7186,0.72073,0.71351,0.72029,40561,15,0
2020-08-21,0.7203,0.72152,0.71389,0.7159,36548,15,0
2020-08-23,0.71513,0.71691,0.71488,0.7159,1786,15,0
2020-08-24,0.7159,0.72032,0.71521,0.71686,29932,15,0
2020-08-25,0.71687,0.72064,0.71499,0.71971,32304,15,0
2020-08-26,0.71971,0.72451,0.71868,0.72441,31015,15,0
2020-08-27,0.72441,0.72896,0.72163,0.72688,48773,15,0
2020-08-28,0.72688,0.73665,0.7255,0.73635,39084,15,0
2020-08-30,0.73602,0.73713,0.73576,0.73695,2009,15,0
2020-08-31,0.73695,0.74026,0.73396,0.73766,34736,15,0
2020-09-01,0.73768,0.74128,0.73588,0.73764,52328,15,0
2020-09-02,0.73764,0.73795,0.73007,0.73273,42679,15,0
2020-09-03,0.73273,0.7332,0.72509,0.72528,50558,15,0
2020-09-04,0.72531,0.72981,0.72215,0.72803,50467,15,0
2020-09-06,0.7284,0.72891,0.72715,0.72802,2701,15,0
2020-09-07,0.728,0.72974,0.72696,0.72796,24806,15,0
2020-09-08,0.72796,0.7308,0.71909,0.72087,50190,15,0
2020-09-09,0.72088,0.7287,0.72052,0.72748,40816,15,0
2020-09-10,0.72747,0.73238,0.72471,0.72607,38930,15,0
2020-09-11,0.72607,0.73052,0.72581,0.72813,26803,15,0
2020-09-13,0.72757,0.72878,0.72747,0.72815,1655,15,0
2020-09-14,0.72813,0.73029,0.72638,0.72825,22770,15,0
2020-09-15,0.72827,0.73419,0.72663,0.72947,25617,15,0
2020-09-16,0.72948,0.73443,0.72779,0.72959,37382,15,0
2020-09-17,0.72959,0.73185,0.72536,0.73127,40591,15,0
2020-09-18,0.73126,0.73332,0.7282,0.72872,29822,15,0
2020-09-20,0.72938,0.72967,0.7285,0.7293,1640,15,0
2020-09-21,0.7293,0.73234,0.71986,0.72278,35886,15,0
2020-09-22,0.72278,0.72344,0.71538,0.71717,37793,15,0
2020-09-23,0.71717,0.71739,0.7059,0.70637,38970,15,0
2020-09-24,0.70635,0.70803,0.70154,0.70543,41437,15,0
2020-09-25,0.70542,0.70861,0.70053,0.70292,32011,15,0
2020-09-27,0.70309,0.70438,0.70268,0.70392,1559,15,0
2020-09-28,0.70393,0.70955,0.7032,0.70929,30653,15,0
2020-09-29,0.70928,0.71451,0.70736,0.71448,28810,14,0
2020-09-30,0.71448,0.71746,0.70997,0.71643,37919,15,0
2020-10-01,0.71645,0.72084,0.71543,0.71804,36812,15,0
2020-10-02,0.71804,0.71842,0.71302,0.71594,42099,15,0
2020-10-04,0.7163,0.71738,0.71555,0.71727,1714,15,0
2020-10-05,0.71729,0.71938,0.7162,0.71926,24940,15,0
2020-10-06,0.71926,0.7208,0.70941,0.71087,36920,15,0
2020-10-07,0.71087,0.71508,0.70978,0.71353,28060,15,0
2020-10-08,0.71352,0.71752,0.71225,0.71744,24281,15,0
2020-10-09,0.71743,0.72424,0.71676,0.72373,21592,15,0
2020-10-11,0.72256,0.72328,0.7221,0.72239,1946,15,0
2020-10-12,0.72241,0.72341,0.72014,0.72081,21744,15,0
2020-10-13,0.72081,0.72082,0.71496,0.71636,31256,15,0
2020-10-14,0.71635,0.71901,0.71271,0.71403,29837,15,0
2020-10-15,0.71403,0.7148,0.70555,0.70873,33921,15,0
2020-10-16,0.70873,0.70955,0.707,0.70744,24988,15,0
2020-10-18,0.70768,0.70946,0.70699,0.70925,1605,15,0
2020-10-19,0.70925,0.7114,0.70451,0.70532,25538,15,0
2020-10-20,0.70532,0.70717,0.70202,0.70493,25959,15,0
2020-10-21,0.70493,0.7136,0.70493,0.71036,30014,15,0
2020-10-22,0.71036,0.71348,0.70844,0.71265,27375,15,0
2020-10-23,0.71262,0.71573,0.71004,0.71371,23238,15,0
2020-10-25,0.71347,0.71405,0.71147,0.71306,2303,15,0
2020-10-26,0.71305,0.71457,0.71023,0.7116,28230,15,0
2020-10-27,0.7116,0.71463,0.7112,0.71222,24618,15,0
2020-10-28,0.71222,0.71565,0.70377,0.70543,34390,15,0
2020-10-29,0.70545,0.70754,0.70017,0.70366,35479,15,0
2020-10-30,0.70365,0.70715,0.70107,0.70267,35325,15,0
2020-11-01,0.70215,0.70235,0.69949,0.70065,1765,15,0
2020-11-02,0.70069,0.70571,0.69904,0.70522,31722,15,0
2020-11-03,0.70523,0.72039,0.70273,0.71952,30942,15,0
2020-11-04,0.71959,0.72215,0.70482,0.71793,93181,15,0
2020-11-05,0.71794,0.72886,0.71445,0.72612,50692,15,0
2020-11-06,0.72616,0.72867,0.72383,0.72587,42764,15,0
2020-11-08,0.72738,0.72887,0.72701,0.72853,1709,15,0
2020-11-09,0.72856,0.73393,0.72659,0.72784,57227,15,0
2020-11-10,0.72784,0.72936,0.72519,0.72807,46125,15,0
2020-11-11,0.7281,0.73174,0.72596,0.72827,32418,15,0
2020-11-12,0.7283,0.72931,0.72229,0.72389,30628,15,0
2020-11-13,0.7239,0.72725,0.72209,0.72692,23513,15,0
2020-11-15,0.7266,0.72953,0.72626,0.72887,1414,15,0
2020-11-16,0.7289,0.73258,0.728,0.73189,28470,15,0
2020-11-17,0.7319,0.73389,0.72863,0.72956,25911,15,0
2020-11-18,0.72957,0.73301,0.72713,0.72961,27278,15,0
2020-11-19,0.72962,0.72991,0.7254,0.7267,29764,15,0
2020-11-20,0.72674,0.73233,0.72674,0.73015,25916,15,0
2020-11-22,0.73002,0.73141,0.72974,0.7312,1312,15,0
2020-11-23,0.73122,0.73368,0.72648,0.7294,23083,15,0
2020-11-24,0.72943,0.73669,0.72906,0.73656,26508,15,0
2020-11-25,0.73659,0.73726,0.73246,0.73629,25291,15,0
2020-11-26,0.73629,0.73738,0.73515,0.73559,15034,15,0
2020-11-27,0.73561,0.73982,0.73521,0.7381,19021,15,0
2020-11-29,0.73817,0.74022,0.73803,0.73987,930,44,0
2020-11-30,0.73996,0.74056,0.73386,0.73578,27260,15,0
2020-12-01,0.73581,0.73825,0.73412,0.73796,26430,15,0
2020-12-02,0.73799,0.74191,0.73508,0.74138,27548,15,0
2020-12-03,0.74139,0.74487,0.73974,0.74353,25633,15,0
2020-12-04,0.74356,0.74431,0.74095,0.74242,26371,15,0
2020-12-06,0.74307,0.74355,0.74253,0.74293,1566,15,0
2020-12-07,0.74296,0.74528,0.73718,0.74146,25878,15,0
2020-12-08,0.74146,0.74345,0.73987,0.74084,28782,15,0
2020-12-09,0.74085,0.74844,0.7407,0.7433,27489,15,0
2020-12-10,0.7433,0.75392,0.7433,0.75224,31081,15,0
2020-12-11,0.75228,0.75708,0.75196,0.75328,26640,15,0
2020-12-13,0.75483,0.75547,0.75459,0.75488,1299,18,0
2020-12-14,0.75489,0.75774,0.75239,0.75343,24703,15,0
2020-12-15,0.75345,0.75708,0.75067,0.75562,23818,15,0
2020-12-16,0.75569,0.75778,0.7538,0.75688,26479,15,0
2020-12-17,0.75689,0.76389,0.75664,0.76135,23408,15,0
2020-12-18,0.76137,0.76242,0.75821,0.76199,22477,15,0
2020-12-20,0.75875,0.76052,0.75838,0.75864,1639,18,0
2020-12-21,0.75866,0.76012,0.74615,0.75751,43998,15,0
2020-12-22,0.75753,0.75828,0.75142,0.75533,32256,15,0
2020-12-23,0.75533,0.75907,0.75233,0.75812,28894,15,0
2020-12-24,0.75819,0.7606,0.75776,0.75895,21074,15,0
2020-12-27,0.75994,0.76113,0.75876,0.76097,1314,18,0
2020-12-28,0.761,0.76219,0.75566,0.75867,23654,15,0
2020-12-29,0.7587,0.7624,0.75837,0.76088,22657,15,0
2020-12-30,0.76093,0.76897,0.7606,0.76871,24001,15,0
2020-12-31,0.76874,0.77416,0.76855,0.76949,23884,15,0
2021-01-03,0.76991,0.77132,0.76886,0.77104,1935,15,0
2021-01-04,0.77105,0.774,0.76418,0.76686,40765,15,0
2021-01-05,0.7669,0.77769,0.76604,0.77616,40803,15,0
2021-01-06,0.77619,0.78194,0.77327,0.78149,55525,15,0
2021-01-07,0.78151,0.78158,0.7725,0.77679,40515,15,0
2021-01-08,0.77681,0.7798,0.77277,0.7764,46609,15,0
2021-01-10,0.77516,0.77564,0.77102,0.77195,2001,18,0
2021-01-11,0.77198,0.77302,0.76658,0.77065,40058,15,0
2021-01-12,0.77065,0.77768,0.76863,0.77747,36375,15,0
2021-01-13,0.77748,0.77808,0.77211,0.77455,33321,15,0
2021-01-14,0.77457,0.78047,0.77281,0.77744,35059,15,0
2021-01-15,0.77749,0.7788,0.7681,0.77008,35026,15,0
2021-01-17,0.77067,0.77096,0.76816,0.76823,1569,18,0
2021-01-18,0.76826,0.77036,0.76584,0.76839,29269,15,0
2021-01-19,0.76842,0.77245,0.7684,0.77125,30064,15,0
2021-01-20,0.77129,0.77624,0.76999,0.77538,29941,15,0
2021-01-21,0.77542,0.77815,0.77409,0.77589,31131,15,0
2021-01-22,0.77591,0.77683,0.77014,0.77127,30381,15,0
2021-01-24,0.77114,0.77199,0.77029,0.77123,1530,18,0
2021-01-25,0.77127,0.77466,0.76822,0.7714,35379,15,0
2021-01-26,0.77142,0.77534,0.76684,0.77524,30453,15,0
2021-01-27,0.77526,0.77626,0.76395,0.76475,45338,15,0
2021-01-28,0.76478,0.76971,0.75913,0.76696,49559,15,0
2021-01-29,0.76701,0.77032,0.76307,0.76418,51370,15,0
2021-01-31,0.76252,0.7628,0.76043,0.76199,2536,18,0
2021-02-01,0.76201,0.76619,0.76117,0.76327,40370,15,0
2021-02-02,0.76328,0.7661,0.75631,0.76048,36734,15,0
2021-02-03,0.76052,0.7636,0.7601,0.76353,30828,15,0
2021-02-04,0.76355,0.7647,0.75876,0.75995,30240,15,0
2021-02-05,0.75996,0.76782,0.75823,0.7676,27442,15,0
2021-02-07,0.76667,0.76808,0.76653,0.76774,1664,18,0
2021-02-08,0.76777,0.7714,0.76507,0.77074,22907,15,0
2021-02-09,0.77076,0.77416,0.77035,0.7739,25865,15,0
2021-02-10,0.77391,0.77552,0.77168,0.7723,29378,15,0
2021-02-11,0.77231,0.77709,0.77122,0.77508,22679,15,0
2021-02-12,0.77511,0.77638,0.77176,0.77592,19869,15,0
2021-02-14,0.77625,0.77666,0.77574,0.77619,1371,18,0
2021-02-15,0.77623,0.77879,0.77589,0.77845,16110,15,0
2021-02-16,0.77847,0.78045,0.77296,0.77341,30250,15,0
2021-02-17,0.77348,0.77712,0.77237,0.77568,31892,15,0
2021-02-18,0.77572,0.77889,0.77305,0.77671,31972,15,0
2021-02-19,0.77675,0.78764,0.7757,0.78675,30988,15,0
2021-02-21,0.7869,0.78899,0.78644,0.78814,1597,18,0
2021-02-22,0.78818,0.79286,0.78549,0.79133,35309,15,0
2021-02-23,0.79135,0.7934,0.78796,0.79061,35686,15,0
2021-02-24,0.79064,0.79769,0.78946,0.79749,41293,15,0
2021-02-25,0.79751,0.80065,0.7858,0.78614,53884,15,0
2021-02-26,0.78613,0.78711,0.76917,0.77022,63299,15,0
2021-02-28,0.77079,0.77579,0.77056,0.77517,2101,18,0
2021-03-01,0.77521,0.77861,0.7721,0.77721,41134,15,0
2021-03-02,0.77724,0.78368,0.77351,0.78233,44441,15,0
2021-03-03,0.78235,0.78375,0.77511,0.77519,43859,15,0
2021-03-04,0.77522,0.78143,0.77029,0.77131,60235,15,0
2021-03-05,0.77134,0.77258,0.76213,0.76808,60201,15,0
2021-03-07,0.76896,0.77203,0.76888,0.77068,1927,18,0
2021-03-08,0.77075,0.77135,0.76355,0.76547,49489,15,0
2021-03-09,0.76549,0.77253,0.76207,0.77147,44391,15,0
2021-03-10,0.77147,0.77449,0.7668,0.77294,40111,15,0
2021-03-11,0.77297,0.77931,0.77226,0.77847,32127,15,0
2021-03-12,0.77848,0.77999,0.77238,0.77596,35219,15,0
2021-03-14,0.77506,0.77625,0.77459,0.77614,2044,15,0
2021-03-15,0.77613,0.77747,0.7705,0.77472,31836,15,0
2021-03-16,0.77472,0.77567,0.77101,0.77454,29231,15,0
2021-03-17,0.77452,0.78137,0.76986,0.78137,36422,15,0
2021-03-18,0.78137,0.78485,0.77487,0.77519,44209,15,0
2021-03-19,0.77519,0.77716,0.77169,0.77418,38278,15,0
2021-03-21,0.77087,0.77292,0.7707,0.77218,1865,15,0
2021-03-22,0.77216,0.77558,0.77042,0.77439,29128,15,0
2021-03-23,0.77439,0.77461,0.75986,0.76059,34024,15,0
2021-03-24,0.7606,0.76276,0.75767,0.75901,32016,15,0
2021-03-25,0.75903,0.76135,0.75624,0.75919,36083,15,0
2021-03-26,0.75922,0.76441,0.75872,0.76407,26199,15,0
2021-03-28,0.76371,0.76414,0.76303,0.76362,1644,15,0
2021-03-29,0.76363,0.76548,0.76145,0.76377,28329,15,0
2021-03-30,0.76377,0.7663,0.75842,0.76076,29979,15,0
2021-03-31,0.76077,0.76358,0.75876,0.75932,27970,15,0
2021-04-01,0.75932,0.76193,0.75312,0.76142,31747,12,0
2021-04-02,0.76145,0.76351,0.7591,0.76032,8309,26,0
2021-04-04,0.76036,0.76203,0.7597,0.76188,2417,15,0
2021-04-05,0.76188,0.76599,0.75978,0.76565,20943,12,0
2021-04-06,0.76565,0.76678,0.76053,0.76657,28796,12,0
2021-04-07,0.76657,0.76763,0.76,0.76128,31642,12,0
2021-04-08,0.76129,0.76597,0.76023,0.76558,29817,12,0
2021-04-09,0.7656,0.76604,0.75874,0.76189,31951,12,0
2021-04-11,0.76194,0.76272,0.76112,0.76208,1513,15,0
2021-04-12,0.7621,0.7635,0.75941,0.76266,29786,12,0
2021-04-13,0.76264,0.76521,0.75846,0.76465,33851,12,0
2021-04-14,0.76465,0.77373,0.7634,0.77241,33753,12,0
2021-04-15,0.77241,0.77605,0.77052,0.77505,35035,12,0
2021-04-16,0.77505,0.77583,0.77234,0.7735,28782,12,0
2021-04-18,0.77288,0.773,0.77124,0.77126,1794,15,0
2021-04-19,0.77124,0.7784,0.77055,0.7764,31777,12,0
2021-04-20,0.77641,0.78153,0.77085,0.77215,33719,12,0
2021-04-21,0.77215,0.77617,0.76989,0.77534,31970,12,0
2021-04-22,0.77534,0.77639,0.769,0.77034,36302,12,0
2021-04-23,0.77035,0.77597,0.76995,0.77453,27913,12,0
2021-04-25,0.77416,0.77516,0.7739,0.77417,1454,15,0
2021-04-26,0.77419,0.78144,0.77412,0.77962,30629,12,0
2021-04-27,0.77962,0.7803,0.77609,0.77667,29498,12,0
2021-04-28,0.77667,0.78051,0.77229,0.78004,35426,12,0
2021-04-29,0.78004,0.78172,0.77497,0.77764,33267,12,0
2021-04-30,0.77765,0.77835,0.76955,0.77109,32593,12,0
2021-05-02,0.77161,0.77202,0.77118,0.77194,1303,15,0
2021-05-03,0.77194,0.77661,0.77055,0.77577,28628,12,0
2021-05-04,0.77577,0.77602,0.76744,0.77125,37955,12,0
2021-05-05,0.77127,0.77543,0.77035,0.77504,30085,12,0
2021-05-06,0.77504,0.77877,0.77002,0.77863,34833,12,0
2021-05-07,0.7786,0.78617,0.77605,0.7843,36139,12,0
2021-05-09,0.78493,0.78615,0.78437,0.78576,1763,15,0
2021-05-10,0.78575,0.78901,0.78264,0.78397,32284,12,0
2021-05-11,0.78397,0.7856,0.78195,0.7837,39932,12,0
2021-05-12,0.7837,0.78416,0.77188,0.77315,50859,12,0
2021-05-13,0.77315,0.77454,0.76877,0.77229,45245,12,0
2021-05-14,0.77231,0.77868,0.77134,0.77817,35171,12,0
2021-05-16,0.77709,0.77827,0.77672,0.77776,1521,15,0
2021-05-17,0.77774,0.77776,0.77299,0.7773,33541,12,0
2021-05-18,0.77729,0.78128,0.77672,0.77869,30870,12,0
2021-05-19,0.77869,0.77968,0.77104,0.77194,46873,12,0
2021-05-20,0.77194,0.77808,0.77125,0.77688,33495,12,0
2021-05-21,0.7769,0.77821,0.77184,0.77286,31227,12,0
2021-05-23,0.7729,0.7731,0.77193,0.77243,1499,15,0
2021-05-24,0.77245,0.77571,0.77053,0.77499,27090,12,0
2021-05-25,0.77497,0.77755,0.77323,0.77493,31150,12,0
2021-05-26,0.77493,0.77952,0.77306,0.77389,33078,12,0
2021-05-27,0.77389,0.77569,0.77224,0.77416,30852,12,0
2021-05-28,0.77416,0.77466,0.76766,0.77107,29396,12,0
2021-05-30,0.77108,0.77145,0.77069,0.77072,969,15,0
2021-05-31,0.77073,0.77456,0.77,0.77427,20552,12,0
2021-06-01,0.77427,0.77686,0.77302,0.77551,28996,12,0
2021-06-02,0.77551,0.77724,0.77145,0.77435,26360,12,0
2021-06-03,0.77435,0.77532,0.76452,0.76611,30493,12,0
2021-06-04,0.76611,0.77445,0.76505,0.77415,30799,12,0
2021-06-06,0.77335,0.77436,0.77314,0.77405,939,15,0
2021-06-07,0.77405,0.77649,0.77261,0.77556,23717,12,0
2021-06-08,0.77556,0.77627,0.77312,0.77361,24628,12,0
2021-06-09,0.77361,0.77616,0.77235,0.77286,22090,12,0
2021-06-10,0.77286,0.77629,0.7717,0.77466,34542,12,0
2021-06-11,0.77468,0.7775,0.76876,0.77042,22246,12,0
2021-06-13,0.77049,0.77091,0.77009,0.77071,671,15,0
2021-06-14,0.77071,0.77254,0.76931,0.77111,20752,12,0
2021-06-15,0.77111,0.77159,0.76736,0.76849,24965,12,0
2021-06-16,0.76851,0.77151,0.76024,0.7614,46933,12,0
2021-06-17,0.76142,0.76445,0.7539,0.75561,43365,12,0
2021-06-18,0.75561,0.75604,0.74783,0.74788,43233,12,0
2021-06-20,0.74833,0.75049,0.74786,0.75007,1996,15,0
2021-06-21,0.75009,0.75454,0.74772,0.75341,41489,12,0
2021-06-22,0.75342,0.75638,0.74935,0.75536,32778,12,0
2021-06-23,0.75536,0.75984,0.75374,0.75726,32017,12,0
2021-06-24,0.75727,0.75909,0.75651,0.7581,30213,12,0
2021-06-25,0.7581,0.76159,0.75792,0.75923,27409,12,0
2021-06-27,0.75758,0.75944,0.75756,0.75939,1470,15,0
2021-06-28,0.75939,0.7601,0.7554,0.75675,26859,12,0
2021-06-29,0.75677,0.75699,0.75067,0.75128,27778,12,0
2021-06-30,0.75129,0.75266,0.74914,0.74966,28215,12,0
2021-07-01,0.74968,0.75072,0.74597,0.74648,29211,12,0
2021-07-02,0.74647,0.75323,0.74439,0.75272,32181,12,0
2021-07-04,0.75203,0.75283,0.75169,0.75174,1484,15,0
2021-07-05,0.75177,0.75467,0.75083,0.75399,20491,12,0
2021-07-06,0.754,0.75984,0.74802,0.7494,37707,12,0
2021-07-07,0.74941,0.75333,0.74621,0.74824,37656,12,0
2021-07-08,0.74827,0.74834,0.74158,0.74322,44442,12,0
2021-07-09,0.74324,0.74934,0.74091,0.74917,30497,12,0
2021-07-11,0.74794,0.74923,0.74784,0.74889,1579,15,0
2021-07-12,0.7489,0.74953,0.74478,0.7477,28112,12,0
2021-07-13,0.74771,0.75024,0.74261,0.7439,39998,12,0
2021-07-14,0.7439,0.74864,0.74306,0.74799,35341,12,0
2021-07-15,0.748,0.74841,0.74099,0.74222,36731,12,0
2021-07-16,0.74223,0.74421,0.73915,0.73968,30781,12,0
2021-07-18,0.74008,0.74031,0.73846,0.73874,1736,15,0
2021-07-19,0.73876,0.73887,0.73213,0.73365,44703,12,0
2021-07-20,0.73366,0.73566,0.72992,0.73378,39413,12,0
2021-07-21,0.7338,0.7362,0.72888,0.73508,31764,12,0
2021-07-22,0.73511,0.73966,0.73415,0.73796,32396,12,0
2021-07-23,0.73797,0.73894,0.73563,0.73655,26411,12,0
2021-07-25,0.7364,0.73697,0.73591,0.73672,674,15,0
2021-07-26,0.73674,0.739,0.73302,0.73833,22201,12,0
2021-07-27,0.73833,0.73882,0.73364,0.73652,26561,12,0
2021-07-28,0.73656,0.73807,0.73163,0.73761,34689,12,0
2021-07-29,0.73763,0.74127,0.73589,0.7395,21562,12,0
2021-07-30,0.73952,0.7404,0.73304,0.73443,24087,12,0
2021-08-01,0.73336,0.73454,0.73333,0.73409,896,15,0
2021-08-02,0.73412,0.73815,0.73285,0.73596,20282,12,0
2021-08-03,0.73598,0.74078,0.73569,0.7396,23843,12,0
2021-08-04,0.7396,0.7426,0.73695,0.73815,19794,12,0
2021-08-05,0.73817,0.74152,0.73761,0.74022,17947,12,0
2021-08-06,0.74023,0.74038,0.73459,0.73542,25042,12,0
2021-08-08,0.73507,0.73568,0.73294,0.73344,1850,15,0
2021-08-09,0.73345,0.73632,0.73269,0.73292,18373,12,0
2021-08-10,0.73291,0.73553,0.73154,0.7343,16796,12,0
2021-08-11,0.73432,0.73886,0.73227,0.737,20333,12,0
2021-08-12,0.73701,0.73727,0.73303,0.73403,14616,12,0
2021-08-13,0.73404,0.73807,0.73326,0.73698,12259,12,0
2021-08-15,0.73672,0.73723,0.73635,0.73647,582,15,0
2021-08-16,0.73647,0.7367,0.73188,0.73385,15460,12,0
2021-08-17,0.73385,0.73385,0.72418,0.72544,23711,12,0
2021-08-18,0.72547,0.72688,0.72283,0.72301,23983,12,0
2021-08-19,0.72302,0.72329,0.71417,0.71455,31088,12,0
2021-08-20,0.71455,0.71557,0.7104,0.71391,24874,12,0
2021-08-22,0.71316,0.71404,0.71208,0.71376,1499,15,0
2021-08-23,0.71377,0.72171,0.71377,0.72079,18896,12,0
2021-08-24,0.72079,0.72703,0.72,0.72478,18144,12,0
2021-08-25,0.7248,0.72796,0.72367,0.72758,18377,12,0
2021-08-26,0.72759,0.72791,0.72336,0.72376,19971,12,0
2021-08-27,0.72376,0.73161,0.72215,0.73123,21070,12,0
2021-08-29,0.73043,0.73153,0.73041,0.73147,685,15,0
2021-08-30,0.73148,0.73178,0.72839,0.72893,14057,12,0
2021-08-31,0.72894,0.73405,0.72876,0.7317,22523,12,0
2021-09-01,0.73173,0.73831,0.73075,0.73653,19667,12,0
2021-09-02,0.73654,0.74086,0.73552,0.73969,16116,12,0
2021-09-03,0.73969,0.74773,0.73949,0.74503,22217,12,0
2021-09-05,0.74536,0.74548,0.74423,0.74423,640,15,0
2021-09-06,0.74424,0.74433,0.74259,0.74356,14242,12,0
2021-09-07,0.74356,0.74665,0.7374,0.73857,24924,12,0
2021-09-08,0.73859,0.74033,0.73443,0.73605,24916,12,0
2021-09-09,0.73604,0.73936,0.73463,0.7367,25086,12,0
2021-09-10,0.73673,0.74089,0.73479,0.73524,21485,12,0
2021-09-12,0.73512,0.73675,0.73477,0.73649,741,12,0
2021-09-13,0.73651,0.73751,0.73359,0.73652,21479,12,0
2021-09-14,0.7365,0.73729,0.73128,0.73161,24923,12,0
2021-09-15,0.73164,0.73434,0.73006,0.73405,21461,12,0
2021-09-16,0.73403,0.73468,0.72734,0.72908,21759,12,0
2021-09-17,0.72909,0.73211,0.72617,0.72638,21822,12,0
2021-09-19,0.7261,0.72658,0.72584,0.72629,643,12,0
2021-09-20,0.72627,0.72676,0.72195,0.7259,28412,12,0
2021-09-21,0.7259,0.72824,0.72211,0.72277,27930,12,0
2021-09-22,0.72277,0.72958,0.7223,0.72316,38023,12,0
2021-09-23,0.72317,0.73149,0.72222,0.72961,26045,12,0
2021-09-24,0.72963,0.73159,0.72353,0.72594,22792,12,0
2021-09-26,0.72533,0.72675,0.72533,0.72645,830,15,0
2021-09-27,0.72647,0.72932,0.7249,0.72796,22146,12,0
2021-09-28,0.72799,0.73104,0.7225,0.72433,33795,12,0
2021-09-29,0.72432,0.72636,0.71696,0.71779,30793,12,0
2021-09-30,0.71778,0.72566,0.71765,0.72278,33646,12,0
2021-10-01,0.72276,0.72755,0.71914,0.72631,34017,12,0
2021-10-03,0.726,0.7282,0.72594,0.72741,1091,15,0
2021-10-04,0.7274,0.73034,0.72505,0.72888,30819,12,0
2021-10-05,0.72888,0.73004,0.72482,0.72872,26140,12,0
2021-10-06,0.7287,0.72914,0.72255,0.72816,34842,12,0
2021-10-07,0.72816,0.73236,0.727,0.73161,23800,12,0
2021-10-08,0.73157,0.73374,0.72877,0.73079,29331,12,0
2021-10-10,0.7306,0.73106,0.72916,0.72939,1201,15,0
2021-10-11,0.72939,0.73721,0.72932,0.73474,23349,12,0
2021-10-12,0.73477,0.7384,0.73305,0.73314,26402,12,0
2021-10-13,0.73315,0.73827,0.73229,0.73823,26141,12,0
2021-10-14,0.73822,0.74261,0.73714,0.7413,18854,12,0
2021-10-15,0.74131,0.74393,0.7403,0.74191,20472,12,0
2021-10-17,0.74135,0.74361,0.74109,0.74236,1529,15,0
2021-10-18,0.74239,0.74249,0.73781,0.74144,20772,12,0
2021-10-19,0.74146,0.74849,0.74146,0.74742,20823,12,0
2021-10-20,0.74743,0.75221,0.74645,0.75144,19496,12,0
2021-10-21,0.75147,0.75459,0.74578,0.74626,22966,12,0
2021-10-22,0.74628,0.75114,0.74532,0.74686,25862,12,0
2021-10-24,0.74641,0.74705,0.74633,0.7468,771,15,0
2021-10-25,0.74682,0.75046,0.7464,0.74911,19476,12,0
2021-10-26,0.74913,0.75248,0.74887,0.75119,20115,12,0
2021-10-27,0.75118,0.75352,0.74868,0.74994,24159,12,0
2021-10-28,0.74994,0.75549,0.74789,0.75304,26733,12,0
2021-10-29,0.75306,0.75546,0.74998,0.75207,25818,12,0
2021-10-31,0.75106,0.75198,0.75082,0.75171,855,15,0
2021-11-01,0.75174,0.75354,0.74855,0.75196,18727,12,0
2021-11-02,0.75198,0.75309,0.74198,0.74351,23565,12,0
2021-11-03,0.74352,0.74687,0.74119,0.74683,27677,12,0
2021-11-04,0.74684,0.74701,0.73824,0.74076,21385,12,0
2021-11-05,0.74076,0.74115,0.73593,0.74008,23135,12,0
2021-11-07,0.73932,0.74042,0.73923,0.73946,588,15,0
2021-11-08,0.73943,0.74306,0.73838,0.74138,16554,12,0
2021-11-09,0.74141,0.74309,0.73603,0.73751,22405,12,0
2021-11-10,0.7375,0.73929,0.73216,0.73327,27621,12,0
2021-11-11,0.73328,0.73404,0.72858,0.729,22252,12,0
2021-11-12,0.72901,0.73345,0.7276,0.73316,18042,12,0
2021-11-14,0.73253,0.73354,0.73229,0.73313,544,15,0
2021-11-15,0.73311,0.73701,0.73227,0.73445,17922,12,0
2021-11-16,0.73446,0.73671,0.72915,0.73004,21844,12,0
2021-11-17,0.73005,0.73042,0.72581,0.72676,21339,12,0
2021-11-18,0.72677,0.72924,0.7249,0.72758,20556,12,0
2021-11-19,0.72755,0.72907,0.72263,0.7232,25307,12,0
2021-11-21,0.72309,0.72344,0.72272,0.72305,667,15,0
2021-11-22,0.72307,0.72728,0.72203,0.72264,24736,12,0
2021-11-23,0.72266,0.72358,0.7206,0.72209,26857,12,0
2021-11-24,0.72209,0.7227,0.71834,0.72008,26494,12,0
2021-11-25,0.7201,0.72084,0.71708,0.71718,15741,12,0
2021-11-26,0.71721,0.71762,0.71046,0.71112,34333,12,0
2021-11-28,0.71282,0.71436,0.71124,0.71417,1481,15,0
2021-11-29,0.71419,0.7159,0.71131,0.71447,26122,12,0
2021-11-30,0.71446,0.717,0.70621,0.71243,42506,12,0
2021-12-01,0.71244,0.71723,0.70941,0.71067,33932,12,0
2021-12-02,0.7107,0.7119,0.7083,0.70867,32644,12,0
2021-12-03,0.70868,0.70897,0.69923,0.69977,33881,12,0
2021-12-05,0.70006,0.70194,0.69979,0.70166,1002,15,0
2021-12-06,0.70164,0.70539,0.70058,0.70484,22899,12,0
2021-12-07,0.70485,0.71234,0.70391,0.71221,22108,12,0
2021-12-08,0.71219,0.71832,0.71164,0.7168,26533,12,0
2021-12-09,0.71677,0.71862,0.71351,0.71457,19042,12,0
2021-12-10,0.71458,0.71818,0.71313,0.71707,19066,12,0
2021-12-12,0.71621,0.71715,0.71564,0.71649,783,15,0
2021-12-13,0.71651,0.71756,0.71101,0.71304,16611,12,0
2021-12-14,0.71306,0.71349,0.70894,0.71034,19369,12,0
2021-12-15,0.71037,0.7177,0.70915,0.71658,29973,12,0
2021-12-16,0.71655,0.7223,0.71451,0.71746,26990,12,0
2021-12-17,0.71747,0.71812,0.7122,0.71247,23495,12,0
2021-12-19,0.71278,0.71311,0.71079,0.71154,956,15,0
2021-12-20,0.71157,0.7127,0.70818,0.71087,25585,12,0
2021-12-21,0.71089,0.71555,0.70981,0.71467,17820,12,0
2021-12-22,0.71469,0.72197,0.71201,0.72111,16779,12,0
2021-12-23,0.7211,0.7251,0.71956,0.72312,14564,12,0
2021-12-24,0.7231,0.72421,0.72115,0.72205,6828,15,0
2021-12-26,0.72251,0.72368,0.72177,0.7229,604,15,0
2021-12-27,0.72292,0.72442,0.72051,0.72355,11342,12,0
2021-12-28,0.72356,0.72633,0.72181,0.72312,11976,12,0
2021-12-29,0.72313,0.72717,0.72125,0.72577,15307,12,0
2021-12-30,0.72579,0.72753,0.72425,0.72487,14078,12,0
2021-12-31,0.7249,0.72769,0.72435,0.7269,13335,12,0
2022-01-02,0.72634,0.72746,0.72607,0.72669,487,15,0
2022-01-03,0.72672,0.72765,0.71835,0.71951,16980,12,0
2022-01-04,0.71953,0.72481,0.71846,0.7238,17135,12,0
2022-01-05,0.72382,0.72716,0.72125,0.72197,20849,12,0
2022-01-06,0.72195,0.72201,0.71453,0.71616,24736,12,0
2022-01-07,0.71617,0.7187,0.71292,0.71807,20392,12,0
2022-01-09,0.71708,0.71834,0.71708,0.71778,832,15,0
2022-01-10,0.71776,0.72019,0.71482,0.71793,21497,12,0
2022-01-11,0.71795,0.7213,0.71542,0.72091,21881,12,0
2022-01-12,0.72089,0.7292,0.71998,0.7281,21709,12,0
2022-01-13,0.72809,0.73136,0.72728,0.72804,21670,12,0
2022-01-14,0.72802,0.7293,0.71976,0.72109,26728,12,0
2022-01-16,0.72167,0.7218,0.72067,0.72151,925,15,0
2022-01-17,0.72152,0.72288,0.71951,0.72099,16597,12,0
2022-01-18,0.72101,0.72272,0.71695,0.71861,28908,12,0
2022-01-19,0.71865,0.72376,0.71764,0.72149,27669,12,0
2022-01-20,0.72154,0.7276,0.72037,0.72155,28365,12,0
2022-01-21,0.72158,0.72178,0.71709,0.71771,35956,12,0
2022-01-23,0.71722,0.71869,0.71707,0.71864,932,15,0
2022-01-24,0.71867,0.71867,0.709,0.71532,38449,12,0
2022-01-25,0.71534,0.71759,0.71208,0.71577,37886,12,0
2022-01-26,0.71577,0.71806,0.70952,0.71205,39294,12,0
2022-01-27,0.71206,0.71206,0.70231,0.70342,40408,12,0
2022-01-28,0.70343,0.70451,0.69669,0.69922,38445,12,0
2022-01-30,0.69895,0.69964,0.69864,0.69954,958,14,0
2022-01-31,0.69957,0.70761,0.69914,0.70675,28039,11,0
2022-02-01,0.70673,0.71368,0.70327,0.71328,31661,11,0
2022-02-02,0.7133,0.71586,0.71177,0.71202,26304,11,0
2022-02-03,0.71201,0.71677,0.71091,0.71417,31526,11,0
2022-02-04,0.71415,0.71511,0.70511,0.70754,33131,11,0
2022-02-06,0.70772,0.70846,0.70734,0.70782,766,14,0
2022-02-07,0.70783,0.71297,0.70646,0.71267,26455,11,0
2022-02-08,0.71269,0.71467,0.7106,0.71467,23237,11,0
2022-02-09,0.71447,0.71939,0.71442,0.71765,18393,11,0
2022-02-10,0.71764,0.72482,0.71468,0.71605,38162,11,0
2022-02-11,0.71608,0.71846,0.71079,0.71336,49144,11,0
2022-02-13,0.71281,0.71496,0.71252,0.71436,1499,14,0
2022-02-14,0.71437,0.71459,0.70856,0.71311,42758,11,0
2022-02-15,0.71311,0.71559,0.71011,0.71473,30681,11,0
2022-02-16,0.71475,0.72073,0.7143,0.71921,28684,11,0
2022-02-17,0.71919,0.72168,0.71487,0.71865,43964,11,0
2022-02-18,0.71863,0.72272,0.71644,0.71768,31151,11,0
2022-02-20,0.71724,0.71757,0.71662,0.71711,930,14,0
2022-02-21,0.71713,0.72221,0.71668,0.71833,29241,11,0
2022-02-22,0.71836,0.72329,0.71802,0.72257,38584,11,0
2022-02-23,0.7226,0.72833,0.7218,0.72269,30188,11,0
2022-02-24,0.72272,0.72286,0.70941,0.71595,72423,11,0
2022-02-25,0.71597,0.72371,0.71387,0.72303,47841,11,0
2022-02-27,0.71795,0.71874,0.71683,0.71851,2290,14,0
2022-02-28,0.71849,0.72668,0.71671,0.7258,44375,11,0
2022-03-01,0.72582,0.72893,0.72374,0.72603,37114,11,0
2022-03-02,0.72601,0.73059,0.72428,0.72919,39987,11,0
2022-03-03,0.72923,0.73469,0.72758,0.73352,33261,11,0
2022-03-04,0.73352,0.73801,0.73001,0.73749,43165,11,0
2022-03-06,0.73715,0.73938,0.7354,0.7393,1581,14,0
2022-03-07,0.73934,0.74401,0.73087,0.73284,52944,11,0
2022-03-08,0.73282,0.73476,0.72446,0.72665,55314,11,0
2022-03-09,0.72669,0.73366,0.72662,0.73161,35177,11,0
2022-03-10,0.7316,0.73669,0.7287,0.73645,35560,11,0
2022-03-11,0.73648,0.7366,0.72816,0.72914,33471,11,0
2022-03-13,0.7289,0.72981,0.7284,0.72957,1214,14,0
2022-03-14,0.72955,0.72964,0.71857,0.71979,32356,11,0
2022-03-15,0.71979,0.72266,0.71641,0.71894,33186,11,0
2022-03-16,0.71895,0.72963,0.71799,0.72879,39954,11,0
2022-03-17,0.72882,0.73925,0.72827,0.73803,33252,11,0
2022-03-18,0.73805,0.74173,0.73599,0.74135,26944,11,0
2022-03-20,0.74087,0.7413,0.74024,0.74089,1143,14,0
2022-03-21,0.74093,0.74241,0.73732,0.73949,28844,11,0
2022-03-22,0.73951,0.74761,0.7375,0.74615,27414,11,0
2022-03-23,0.74617,0.75066,0.74496,0.74984,26212,11,0
2022-03-24,0.74982,0.7527,0.74651,0.75095,29106,11,0
2022-03-25,0.75097,0.7536,0.74945,0.75151,28058,11,0
2022-03-27,0.7505,0.75208,0.75036,0.75167,1313,14,0
2022-03-28,0.75169,0.75394,0.7466,0.74962,33721,11,0
2022-03-29,0.74966,0.75235,0.74557,0.75141,37854,11,0
2022-03-30,0.7514,0.75359,0.74934,0.75008,31384,11,0
2022-03-31,0.7501,0.75239,0.747,0.74908,32110,11,0
2022-04-01,0.74911,0.75239,0.74721,0.74975,26253,11,0
2022-04-03,0.74878,0.74938,0.74843,0.74849,748,14,0
2022-04-04,0.74852,0.75557,0.74825,0.75425,20680,11,0
2022-04-05,0.75426,0.76606,0.75354,0.75846,30864,11,0
2022-04-06,0.75848,0.75924,0.74852,0.75038,35323,11,0
2022-04-07,0.75041,0.75128,0.74662,0.74774,26557,11,0
2022-04-08,0.74775,0.74922,0.74259,0.74588,23823,11,0
2022-04-10,0.74578,0.74643,0.74446,0.74448,941,14,0
2022-04-11,0.7445,0.74599,0.74113,0.7414,25463,11,0
2022-04-12,0.74141,0.74929,0.7399,0.7453,30588,11,0
2022-04-13,0.74531,0.74743,0.73912,0.74495,29424,11,0
2022-04-14,0.74497,0.74678,0.73966,0.74052,27659,11,0
2022-04-15,0.74051,0.74113,0.73828,0.73849,5313,28,0
2022-04-17,0.73908,0.7403,0.73896,0.73958,1166,14,0
2022-04-18,0.7396,0.73966,0.73422,0.73565,18963,11,0
2022-04-19,0.73563,0.73995,0.73447,0.73928,27440,11,0
2022-04-20,0.73931,0.7457,0.73719,0.74434,28019,11,0
2022-04-21,0.74434,0.74573,0.73587,0.73595,29555,11,0
2022-04-22,0.73597,0.73685,0.72341,0.72438,31461,11,0
2022-04-24,0.72464,0.72513,0.72309,0.72316,1533,14,0
2022-04-25,0.72316,0.72328,0.71343,0.71761,45564,11,0
2022-04-26,0.71763,0.72282,0.71174,0.71408,36271,11,0
2022-04-27,0.71412,0.71901,0.71005,0.7121,41971,11,0
2022-04-28,0.71211,0.71616,0.70544,0.71086,42757,11,0
2022-04-29,0.71089,0.71793,0.70588,0.70609,37480,11,0
2022-05-01,0.7068,0.7075,0.70582,0.70621,2166,14,0
2022-05-02,0.70624,0.70814,0.70294,0.70501,36772,11,0
2022-05-03,0.70504,0.71459,0.70504,0.71,41957,11,0
2022-05-04,0.71001,0.72651,0.70881,0.72508,54172,11,0
2022-05-05,0.72508,0.72655,0.70768,0.71186,55431,11,0
2022-05-06,0.71188,0.71347,0.70578,0.70745,65313,11,0
2022-05-08,0.70677,0.70695,0.70416,0.7044,2157,14,0
2022-05-09,0.70441,0.70457,0.6942,0.69532,53964,11,0
2022-05-10,0.69531,0.69848,0.69073,0.69321,60648,11,0
2022-05-11,0.69321,0.70531,0.69257,0.69258,64914,11,0
2022-05-12,0.69259,0.69525,0.68283,0.68679,67788,11,0
2022-05-13,0.68679,0.69405,0.68626,0.69375,39129,11,0
2022-05-15,0.69261,0.69526,0.69231,0.69466,1740,14,0
2022-05-16,0.69468,0.69817,0.68717,0.69721,47367,11,0
2022-05-17,0.69722,0.704,0.69717,0.70292,43308,11,0
2022-05-18,0.70292,0.7046,0.69491,0.69575,40355,11,0
2022-05-19,0.69578,0.70721,0.6953,0.70409,62201,11,0
2022-05-20,0.70412,0.70728,0.70017,0.70414,47129,11,0
2022-05-22,0.7048,0.70686,0.70401,0.70607,1960,14,0
2022-05-23,0.70609,0.71265,0.70581,0.70858,40411,11,0
2022-05-24,0.70858,0.71185,0.70564,0.71008,42602,11,0
2022-05-25,0.71008,0.71182,0.7035,0.70889,45582,11,0
2022-05-26,0.70889,0.71091,0.70565,0.70974,35145,11,0
2022-05-27,0.70976,0.71662,0.70889,0.71595,30712,11,0
2022-05-29,0.71591,0.71651,0.71521,0.71579,1119,14,0
2022-05-30,0.71579,0.71984,0.71565,0.71936,22432,11,0
2022-05-31,0.71938,0.72031,0.71492,0.71819,37746,11,0
2022-06-01,0.71822,0.72297,0.7155,0.71708,36607,11,0
2022-06-02,0.71709,0.72701,0.71404,0.72645,31063,11,0
2022-06-03,0.72646,0.72823,0.72013,0.72073,30583,11,0
2022-06-05,0.72109,0.72156,0.71998,0.71998,1274,14,0
2022-06-06,0.72,0.72311,0.71803,0.71853,27825,11,0
2022-06-07,0.71855,0.72453,0.71566,0.72204,40674,11,0
2022-06-08,0.72206,0.72337,0.71751,0.71856,33229,11,0
2022-06-09,0.71857,0.71935,0.7093,0.70969,39333,11,0
2022-06-10,0.70972,0.71374,0.70369,0.70425,46240,11,0
2022-06-12,0.7037,0.70448,0.70149,0.70192,2249,14,0
2022-06-13,0.70194,0.70336,0.69112,0.69402,52285,11,0
2022-06-14,0.69402,0.69699,0.685,0.68867,57465,11,0
2022-06-15,0.68869,0.70237,0.68852,0.70168,73822,11,0
2022-06-16,0.70172,0.70686,0.69431,0.70393,60832,11,0
2022-06-17,0.70397,0.70424,0.68971,0.69354,51323,11,0
2022-06-19,0.69205,0.69564,0.69192,0.69503,1898,14,0
2022-06-20,0.69503,0.69953,0.69261,0.69675,31442,11,0
2022-06-21,0.69673,0.69931,0.6934,0.69591,38138,11,0
2022-06-22,0.69593,0.69609,0.68807,0.69045,42712,11,0
2022-06-23,0.69046,0.69254,0.68686,0.69017,46130,11,0
2022-06-24,0.69019,0.69567,0.68881,0.69425,37250,11,0
2022-06-26,0.69419,0.69581,0.69387,0.69435,1581,14,0
2022-06-27,0.69433,0.6948,0.69065,0.69203,37095,11,0
2022-06-28,0.69204,0.69638,0.69023,0.69027,36519,11,0
2022-06-29,0.69027,0.69194,0.68612,0.68774,40282,11,0
2022-06-30,0.68774,0.69187,0.6853,0.6897,42574,11,0
2022-07-01,0.68973,0.69028,0.67632,0.68161,46975,11,0
2022-07-03,0.68114,0.68247,0.68097,0.68124,1649,14,0
2022-07-04,0.68124,0.68879,0.67933,0.68708,26800,11,0
2022-07-05,0.68708,0.68941,0.67611,0.67933,50269,11,0
2022-07-06,0.67933,0.68254,0.67614,0.67812,54282,11,0
2022-07-07,0.67814,0.68497,0.67638,0.68469,39642,11,0
2022-07-08,0.68472,0.68738,0.67914,0.68555,44674,11,0
2022-07-10,0.68463,0.68531,0.68391,0.68443,2027,14,0
2022-07-11,0.68445,0.68454,0.67138,0.67398,40526,11,0
2022-07-12,0.67399,0.67783,0.67096,0.67452,43640,11,0
2022-07-13,0.67452,0.68028,0.67251,0.67319,60426,11,0
2022-07-14,0.6732,0.67874,0.6681,0.67555,59016,11,0
2022-07-15,0.67559,0.68055,0.67185,0.6792,43718,11,0
2022-07-17,0.67849,0.68132,0.67797,0.68124,1727,14,0
2022-07-18,0.68121,0.68538,0.67928,0.6809,35078,11,0
2022-07-19,0.68092,0.69118,0.6802,0.68947,35204,11,0
2022-07-20,0.68949,0.69296,0.68726,0.68833,37361,11,0
2022-07-21,0.68834,0.69362,0.68584,0.69214,44273,11,0
2022-07-22,0.69215,0.69767,0.68927,0.6924,41799,11,0
2022-07-24,0.69254,0.69264,0.69028,0.69031,1527,14,0
2022-07-25,0.69033,0.69645,0.6878,0.69493,34354,11,0
2022-07-26,0.69497,0.69823,0.69213,0.69441,32422,11,0
2022-07-27,0.69443,0.70118,0.69115,0.69916,44422,11,0
2022-07-28,0.6992,0.70132,0.69545,0.69967,43008,11,0
2022-07-29,0.6997,0.70312,0.69105,0.69899,40952,11,0
2022-07-31,0.69832,0.69861,0.69697,0.69701,1746,14,0
2022-08-01,0.69703,0.70465,0.69676,0.70234,35379,11,0
2022-08-02,0.70237,0.70315,0.6888,0.68899,50316,11,0
2022-08-03,0.68898,0.69551,0.68857,0.69365,39098,11,0
2022-08-04,0.69364,0.69892,0.69346,0.69583,34453,11,0
2022-08-05,0.69587,0.69736,0.68685,0.69115,35591,11,0
2022-08-07,0.69058,0.69108,0.6899,0.69027,1367,14,0
2022-08-08,0.69027,0.70088,0.68974,0.69879,24353,11,0
2022-08-09,0.69882,0.69939,0.69462,0.69473,24112,11,0
2022-08-10,0.69488,0.71083,0.69423,0.70811,36549,11,0
2022-08-11,0.70811,0.71362,0.70626,0.71007,34630,11,0
2022-08-12,0.7101,0.71277,0.70843,0.71233,29845,11,0
2022-08-14,0.71135,0.71241,0.71081,0.71149,1262,14,0
2022-08-15,0.71151,0.71243,0.70096,0.70183,28722,11,0
2022-08-16,0.70186,0.70395,0.69905,0.7019,29668,11,0
2022-08-17,0.7019,0.70257,0.69104,0.69305,41567,11,0
2022-08-18,0.69306,0.69693,0.68985,0.69106,35884,11,0
2022-08-19,0.69108,0.6919,0.68585,0.68763,32223,11,0
2022-08-21,0.68654,0.68772,0.68647,0.68765,1287,14,0
2022-08-22,0.68766,0.69283,0.68616,0.68775,31749,11,0
2022-08-23,0.68779,0.6963,0.68556,0.69206,38258,11,0
2022-08-24,0.69206,0.69282,0.68786,0.69048,34597,11,0
2022-08-25,0.69051,0.69907,0.69017,0.69614,34381,11,0
2022-08-26,0.69615,0.70083,0.68877,0.68914,42710,11,0
2022-08-28,0.68785,0.6885,0.68598,0.68639,1845,14,0
2022-08-29,0.68642,0.69254,0.68404,0.69068,37984,11,0
2022-08-30,0.69066,0.69554,0.68452,0.68539,41680,11,0
2022-08-31,0.68539,0.69033,0.68253,0.68271,40013,11,0
2022-09-01,0.68273,0.68452,0.67706,0.67946,44153,11,0
2022-09-02,0.67946,0.68543,0.67789,0.6811,42742,11,0
2022-09-04,0.67755,0.67976,0.67734,0.67876,2306,14,0
2022-09-05,0.67878,0.68146,0.67722,0.68105,25097,11,0
2022-09-06,0.68103,0.68318,0.67247,0.6727,44276,11,0
2022-09-07,0.67272,0.67719,0.66985,0.67515,40898,11,0
2022-09-08,0.67518,0.67653,0.67126,0.67638,49457,11,0
2022-09-09,0.67641,0.68766,0.67616,0.68436,37338,11,0
2022-09-11,0.68326,0.6849,0.68254,0.68452,1891,14,0
2022-09-12,0.68451,0.68991,0.68237,0.68923,32699,11,0
2022-09-13,0.68925,0.69154,0.67233,0.674,44172,11,0
2022-09-14,0.67399,0.67616,0.67044,0.67521,43688,11,0
2022-09-15,0.67522,0.67696,0.66842,0.6686,36501,11,0
2022-09-16,0.66863,0.67236,0.66694,0.67202,38184,11,0
2022-09-18,0.67164,0.67331,0.67085,0.67243,1668,14,0
2022-09-19,0.67245,0.67345,0.66715,0.67317,29240,11,0
2022-09-20,0.67318,0.67467,0.66758,0.66939,35549,11,0
2022-09-21,0.6694,0.67046,0.66069,0.66115,56111,11,0
2022-09-22,0.66117,0.66701,0.65733,0.66433,56814,11,0
2022-09-23,0.66434,0.66552,0.65109,0.65292,49585,11,0
2022-09-25,0.65136,0.65362,0.65082,0.65302,3095,14,0
2022-09-26,0.65304,0.65362,0.64371,0.64709,72224,11,0
2022-09-27,0.64709,0.65123,0.64134,0.64337,51464,11,0
2022-09-28,0.64335,0.65302,0.63626,0.65022,76598,11,0
2022-09-29,0.65025,0.65166,0.64351,0.65078,63237,11,0
2022-09-30,0.65079,0.65232,0.63909,0.63994,62349,11,0
2022-10-02,0.64023,0.64266,0.6398,0.64193,2587,14,0
2022-10-03,0.64193,0.65214,0.64111,0.65025,47840,11,0
2022-10-04,0.65023,0.65468,0.64471,0.65128,52928,11,0
2022-10-05,0.6513,0.65257,0.64161,0.65117,50740,11,0
2022-10-06,0.65118,0.65401,0.63888,0.64138,56982,11,0
2022-10-07,0.6414,0.64318,0.63537,0.63663,51635,11,0
2022-10-09,0.63612,0.63674,0.63418,0.63601,2781,14,0
2022-10-10,0.63603,0.63794,0.62742,0.62954,46378,11,0
2022-10-11,0.62956,0.63454,0.62468,0.62641,61761,11,0
2022-10-12,0.62644,0.62983,0.62355,0.6275,63018,11,0
2022-10-13,0.6275,0.63158,0.61695,0.62942,67155,11,0
2022-10-14,0.6294,0.63463,0.61935,0.62022,65911,11,0
2022-10-16,0.62065,0.62233,0.62004,0.62213,1966,14,0
2022-10-17,0.62215,0.63115,0.62093,0.62967,48661,11,0
2022-10-18,0.62968,0.63392,0.62654,0.63145,55124,11,0
2022-10-19,0.63146,0.63235,0.62506,0.62628,49496,11,0
2022-10-20,0.6263,0.63556,0.62279,0.62736,57008,11,0
2022-10-21,0.62738,0.63921,0.62097,0.63822,78917,11,0
2022-10-23,0.63898,0.64098,0.63547,0.63682,10977,14,0
2022-10-24,0.63682,0.63761,0.62718,0.6327,72698,11,0
2022-10-25,0.63272,0.64117,0.63031,0.63835,50282,11,0
2022-10-26,0.63832,0.65106,0.63718,0.64952,55427,11,0
2022-10-27,0.64952,0.65214,0.64251,0.64499,60497,11,0
2022-10-28,0.64501,0.64791,0.63887,0.64129,52476,11,0
2022-10-30,0.64008,0.64078,0.63912,0.64003,2631,14,0
2022-10-31,0.64003,0.64274,0.63676,0.64087,40156,11,0
2022-11-01,0.64089,0.64632,0.63765,0.63957,54004,11,0
2022-11-02,0.6396,0.64918,0.63312,0.63375,63286,11,0
2022-11-03,0.63375,0.63714,0.62717,0.62876,51991,11,0
2022-11-04,0.62876,0.64825,0.62845,0.64687,65380,11,0
2022-11-06,0.64192,0.64452,0.64103,0.64381,2327,19,0
2022-11-07,0.64382,0.649,0.6406,0.64735,52356,11,0
2022-11-08,0.64734,0.65507,0.64438,0.65083,46278,11,0
2022-11-09,0.65081,0.65215,0.6414,0.64301,57936,11,0
2022-11-10,0.64303,0.66312,0.63858,0.66057,69795,11,0
2022-11-11,0.6606,0.67162,0.65775,0.67048,62174,11,0
2022-11-13,0.66969,0.67007,0.66669,0.66941,2151,23,0
2022-11-14,0.66945,0.67233,0.66629,0.66918,54105,11,0
2022-11-15,0.6692,0.67967,0.6685,0.67687,79234,11,0
2022-11-16,0.6769,0.67922,0.67192,0.67373,62960,11,0
2022-11-17,0.67377,0.67505,0.66336,0.66867,56980,11,0
2022-11-18,0.66869,0.67297,0.66607,0.66733,43285,11,0
2022-11-20,0.6666,0.66815,0.66602,0.66815,1092,23,0
2022-11-21,0.66825,0.66825,0.65843,0.66066,43852,11,0
2022-11-22,0.66069,0.6651,0.66037,0.66484,37511,11,0
2022-11-23,0.66486,0.67454,0.66334,0.67454,42905,11,0
2022-11-24,0.67457,0.67778,0.67307,0.67647,27112,11,0
2022-11-25,0.67645,0.67804,0.672,0.6749,32685,11,0
2022-11-27,0.67145,0.67253,0.67082,0.67107,1429,14,0
2022-11-28,0.6711,0.6724,0.66401,0.66502,44400,11,0
2022-11-29,0.66505,0.67481,0.66398,0.66826,48196,11,0
2022-11-30,0.66829,0.68004,0.66697,0.67978,55956,11,0
2022-12-01,0.67979,0.68448,0.67823,0.681,58674,11,0
2022-12-02,0.68097,0.68356,0.67421,0.67939,52886,11,0
2022-12-04,0.67878,0.68121,0.67793,0.68118,1298,14,0
2022-12-05,0.68118,0.68503,0.66865,0.67057,45151,11,0
2022-12-06,0.67061,0.67438,0.66803,0.6697,44046,11,0
2022-12-07,0.66975,0.67415,0.66682,0.67244,47499,11,0
2022-12-08,0.67249,0.67804,0.66979,0.67744,37212,11,0
2022-12-09,0.67743,0.68132,0.67426,0.6796,39624,11,0
2022-12-11,0.67836,0.67967,0.67768,0.6778,1139,19,0
2022-12-12,0.67782,0.67947,0.67284,0.67501,33264,11,0
2022-12-13,0.67509,0.68926,0.67395,0.68409,55271,11,0
2022-12-14,0.68409,0.68811,0.68098,0.68568,60173,11,0
2022-12-15,0.68569,0.68689,0.66762,0.67049,48278,11,0
2022-12-16,0.67047,0.67354,0.66749,0.66855,42332,11,0
2022-12-18,0.66929,0.67038,0.66812,0.66861,999,23,0
2022-12-19,0.66865,0.67317,0.66842,0.67047,36951,11,0
2022-12-20,0.67044,0.67434,0.66287,0.66873,57527,11,0
2022-12-21,0.66875,0.67275,0.6656,0.67121,39684,11,0
2022-12-22,0.67122,0.67667,0.66495,0.66756,36424,11,0
2022-12-23,0.66758,0.67242,0.66602,0.67133,35959,11,0
2022-12-25,0.66936,0.67114,0.66894,0.67023,484,60,0
2022-12-26,0.67053,0.67743,0.66794,0.67393,6232,28,0
2022-12-27,0.67401,0.67754,0.67223,0.67281,32038,11,0
2022-12-28,0.6728,0.68005,0.67186,0.67461,34857,11,0
2022-12-29,0.67463,0.6787,0.67101,0.6765,29807,11,0
2022-12-30,0.67652,0.68203,0.67529,0.68171,35929,11,0
2023-01-01,0.6798,0.6808,0.67801,0.68018,359,218,0
2023-01-02,0.68103,0.6815,0.67754,0.68016,8770,77,0
2023-01-03,0.68035,0.6834,0.66873,0.67247,47769,11,0
2023-01-04,0.67245,0.68858,0.67228,0.6828,50862,11,0
2023-01-05,0.68282,0.68446,0.67346,0.6752,46997,11,0
2023-01-06,0.67521,0.68862,0.67215,0.68751,51439,11,0
2023-01-08,0.68768,0.68955,0.68726,0.68948,1190,23,0
2023-01-09,0.68954,0.69492,0.68841,0.69086,45064,11,0
2023-01-10,0.69089,0.69273,0.68591,0.68924,47211,11,0
2023-01-11,0.68926,0.6925,0.68724,0.69085,36621,11,0
2023-01-12,0.69087,0.69841,0.68694,0.69664,56723,11,0
2023-01-13,0.69666,0.69936,0.69149,0.69763,44904,11,0
2023-01-15,0.69693,0.69764,0.69662,0.69713,934,19,0
2023-01-16,0.69716,0.70185,0.69361,0.69626,30858,11,0
2023-01-17,0.69628,0.69968,0.69295,0.69873,45524,11,0
2023-01-18,0.69871,0.70627,0.69335,0.69429,56476,11,0
2023-01-19,0.69431,0.69472,0.68714,0.69112,44119,11,0
2023-01-20,0.69114,0.6973,0.69058,0.69672,35589,11,0
2023-01-22,0.69643,0.69831,0.69573,0.69824,905,24,0
2023-01-23,0.69829,0.70393,0.69615,0.70275,38225,11,0
2023-01-24,0.70281,0.70571,0.69931,0.705,36958,11,0
2023-01-25,0.705,0.7122,0.70383,0.71067,40282,11,0
2023-01-26,0.71069,0.71419,0.70787,0.7113,39159,11,0
2023-01-27,0.71133,0.71288,0.70815,0.71084,32652,11,0
2023-01-29,0.70961,0.71077,0.70915,0.71068,895,17,0
2023-01-30,0.71071,0.71195,0.70505,0.7057,36558,11,0
2023-01-31,0.70573,0.70642,0.69832,0.70504,41867,11,0
2023-02-01,0.70506,0.71561,0.70359,0.71468,51258,11,0
2023-02-02,0.71466,0.71563,0.70661,0.70723,51150,11,0
2023-02-03,0.70723,0.70723,0.69185,0.69215,49857,0,0
2023-02-05,0.68932,0.69283,0.68932,0.6918,1830,15,0
2023-02-06,0.69178,0.69478,0.68549,0.68872,38441,11,0
2023-02-07,0.68881,0.69879,0.68852,0.69629,57288,11,0
2023-02-08,0.69639,0.69955,0.69184,0.69271,36159,11,0
2023-02-09,0.69277,0.70105,0.69209,0.69378,34672,11,0
2023-02-10,0.69379,0.69596,0.69084,0.69184,39013,11,0
2023-02-12,0.69168,0.69185,0.69093,0.69114,846,22,0
2023-02-13,0.6912,0.6973,0.68898,0.69679,30172,11,0
2023-02-14,0.69678,0.70294,0.6921,0.69858,59456,11,0
2023-02-15,0.69865,0.69865,0.68642,0.69061,39736,11,0
2023-02-16,0.6906,0.69353,0.68396,0.68614,43924,11,0
2023-02-17,0.68615,0.68837,0.6811,0.68775,36794,11,0
2023-02-19,0.68683,0.68746,0.6863,0.68678,1065,19,0
2023-02-20,0.68685,0.69201,0.68619,0.69073,19069,11,0
2023-02-21,0.69081,0.69191,0.68469,0.68627,42421,11,0
2023-02-22,0.68624,0.68641,0.67941,0.68107,42685,11,0
2023-02-23,0.68109,0.68412,0.67808,0.68074,34959,11,0
2023-02-24,0.6808,0.68233,0.6718,0.67251,39609,11,0
2023-02-26,0.67266,0.67369,0.67216,0.67327,936,17,0
2023-02-27,0.67329,0.67442,0.66977,0.67391,32846,11,0
2023-02-28,0.67397,0.6757,0.67034,0.67291,34898,11,0
2023-03-01,0.67296,0.6783,0.66938,0.67588,43574,11,0
2023-03-02,0.67591,0.67653,0.6706,0.67311,39717,11,0
2023-03-03,0.6731,0.67741,0.6728,0.67686,32576,11,0
2023-03-05,0.67512,0.67586,0.67458,0.67534,987,14,0
2023-03-06,0.67531,0.6769,0.67157,0.67307,29861,11,0
2023-03-07,0.67306,0.67473,0.65797,0.65882,47300,11,0
2023-03-08,0.65885,0.66284,0.65672,0.65934,35177,11,0
2023-03-09,0.65932,0.66356,0.65755,0.65883,32067,11,0
2023-03-10,0.65885,0.66395,0.65636,0.65814,61638,11,0
2023-03-12,0.66039,0.66468,0.65957,0.66325,5811,14,0
2023-03-13,0.66326,0.67162,0.6601,0.66544,79802,11,0
2023-03-14,0.66547,0.66953,0.6631,0.66868,61221,11,0
2023-03-15,0.6687,0.67108,0.65892,0.6617,63370,11,0
2023-03-16,0.66171,0.66677,0.6613,0.66627,56247,11,0
2023-03-17,0.66628,0.67238,0.66538,0.66989,37796,11,0
2023-03-19,0.67069,0.67174,0.66971,0.67123,1916,14,0
2023-03-20,0.67125,0.67294,0.66655,0.67159,36698,11,0
2023-03-21,0.6716,0.67258,0.6649,0.66769,28445,11,0
2023-03-22,0.66771,0.67576,0.66599,0.6696,37064,22,0
2023-03-23,0.66964,0.67541,0.66686,0.66798,39066,22,0
2023-03-24,0.66801,0.66933,0.66239,0.66429,36472,22,0
2023-03-26,0.66479,0.66571,0.66239,0.66535,1662,28,0
2023-03-27,0.66537,0.66646,0.66328,0.66577,29197,22,0
2023-03-28,0.6658,0.67089,0.66528,0.67045,26196,22,0
2023-03-29,0.67053,0.6712,0.66602,0.668,27345,22,0
2023-03-30,0.66801,0.67173,0.66601,0.67141,27485,22,0
2023-03-31,0.67143,0.67366,0.66691,0.66841,28808,22,0
2023-04-02,0.668,0.66863,0.66543,0.66572,2110,28,0
2023-04-03,0.66575,0.67919,0.66497,0.67849,33591,22,0
2023-04-04,0.67848,0.67922,0.67193,0.67587,33207,22,0
2023-04-05,0.67586,0.67786,0.66757,0.67156,33736,11,0
2023-04-06,0.67155,0.67192,0.66526,0.66691,22569,11,0
2023-04-07,0.66689,0.66864,0.66404,0.66657,11916,18,0
2023-04-09,0.66554,0.66735,0.6652,0.66723,866,14,0
2023-04-10,0.66725,0.66797,0.66188,0.66475,17531,11,0
2023-04-11,0.66473,0.66791,0.66429,0.66523,23039,11,0
2023-04-12,0.66525,0.67227,0.66502,0.6696,28543,11,0
2023-04-13,0.66961,0.67961,0.66847,0.67832,26218,11,0
2023-04-14,0.67834,0.68053,0.66945,0.67088,30067,11,0
2023-04-16,0.66992,0.67073,0.66989,0.6705,678,14,0
2023-04-17,0.67051,0.67186,0.66805,0.66978,24495,11,0
2023-04-18,0.66981,0.67468,0.66969,0.67348,25266,11,0
2023-04-19,0.6735,0.67408,0.66896,0.67045,24359,11,0
2023-04-20,0.67045,0.6771,0.66964,0.67422,25819,11,0
2023-04-21,0.67422,0.67426,0.66772,0.66923,25727,11,0
2023-04-23,0.66949,0.6697,0.66884,0.66904,723,14,0
2023-04-24,0.66905,0.67043,0.66649,0.67028,21598,11,0
2023-04-25,0.6703,0.67049,0.66139,0.66356,24057,11,0
2023-04-26,0.66359,0.66386,0.65908,0.66073,30484,11,0
2023-04-27,0.66072,0.66349,0.65948,0.66296,28396,11,0
2023-04-28,0.66298,0.66417,0.65733,0.66153,30379,11,0
2023-04-30,0.66111,0.66153,0.66058,0.66095,1208,14,0
2023-05-01,0.66097,0.66676,0.66092,0.6622,23205,11,0
2023-05-02,0.6622,0.67166,0.662,0.667,33199,11,0
2023-05-03,0.66703,0.67027,0.66401,0.66409,34386,11,0
2023-05-04,0.66412,0.67059,0.66398,0.66956,36413,11,0
2023-05-05,0.66955,0.67563,0.66891,0.67515,27629,11,0
2023-05-07,0.67482,0.67544,0.67437,0.67465,986,14,0
2023-05-08,0.67467,0.6803,0.67395,0.678,19541,11,0
2023-05-09,0.67799,0.67862,0.67459,0.67659,19909,11,0
2023-05-10,0.67661,0.68175,0.67435,0.67802,26807,11,0
2023-05-11,0.67804,0.67953,0.66883,0.66987,30039,11,0
2023-05-12,0.6699,0.67056,0.66358,0.66408,23462,11,0
2023-05-14,0.66448,0.66468,0.66397,0.66463,807,14,0
2023-05-15,0.66464,0.67081,0.66414,0.67013,21381,11,0
2023-05-16,0.67011,0.6709,0.66508,0.66572,24531,11,0
2023-05-17,0.66571,0.66726,0.66285,0.66551,24908,11,0
2023-05-18,0.66552,0.6667,0.66043,0.66265,25308,11,0
2023-05-19,0.66266,0.66746,0.66162,0.66502,29769,11,0
2023-05-21,0.66449,0.66581,0.66415,0.66581,945,14,0
2023-05-22,0.66582,0.66672,0.66267,0.6648,27382,11,0
2023-05-23,0.66482,0.66612,0.66068,0.66128,27366,11,0
2023-05-24,0.6613,0.66147,0.65293,0.65426,31611,11,0
2023-05-25,0.65428,0.65438,0.64965,0.64976,28440,11,0
2023-05-26,0.64978,0.65436,0.64899,0.65174,26065,11,0
2023-05-28,0.65185,0.65278,0.65167,0.65241,997,14,0
2023-05-29,0.65243,0.65536,0.65226,0.65272,13176,11,0
2023-05-30,0.65272,0.65586,0.65024,0.6517,28055,11,0
2023-05-31,0.6517,0.6539,0.64578,0.65055,31198,11,0
2023-06-01,0.65056,0.6581,0.64839,0.65769,27852,11,0
2023-06-02,0.65772,0.66378,0.65737,0.66054,28153,11,0
2023-06-04,0.66066,0.6607,0.65947,0.65965,1222,14,0
2023-06-05,0.65967,0.66368,0.65788,0.66114,24375,11,0
2023-06-06,0.66118,0.66848,0.6609,0.66798,27835,11,0
2023-06-07,0.66799,0.67167,0.66412,0.66578,26127,11,0
2023-06-08,0.66579,0.67174,0.66546,0.67116,23773,11,0
2023-06-09,0.67117,0.67502,0.66923,0.67431,21621,11,0
2023-06-11,0.67361,0.67455,0.67306,0.6744,832,14,0
2023-06-12,0.67443,0.67729,0.67309,0.6752,19415,11,0
2023-06-13,0.6752,0.68063,0.67375,0.67695,29935,11,0
2023-06-14,0.67695,0.6835,0.67551,0.67957,30905,11,0
2023-06-15,0.6796,0.68922,0.67665,0.68789,30525,11,0
2023-06-16,0.68789,0.68988,0.68547,0.68754,27737,11,0
2023-06-18,0.68746,0.68806,0.68659,0.68716,2011,14,0
2023-06-19,0.68717,0.68774,0.68332,0.6849,29642,11,0
2023-06-20,0.68491,0.68534,0.67525,0.67888,42454,11,0
2023-06-21,0.67892,0.6804,0.67405,0.6798,45269,11,0
2023-06-22,0.67982,0.68055,0.67441,0.67586,42089,11,0
2023-06-23,0.67588,0.6767,0.66621,0.6676,42770,11,0
2023-06-25,0.6673,0.66809,0.66679,0.66802,1764,14,0
2023-06-26,0.66804,0.66933,0.66657,0.66731,37358,11,0
2023-06-27,0.66731,0.67201,0.66694,0.66815,42299,11,0
2023-06-28,0.66817,0.66885,0.6593,0.65982,42637,11,0
2023-06-29,0.65983,0.66398,0.65947,0.66162,40154,11,0
2023-06-30,0.66164,0.6671,0.66027,0.66605,40819,11,0
2023-07-02,0.66566,0.66617,0.66547,0.66575,1004,14,0
2023-07-03,0.66576,0.66913,0.66364,0.66733,34728,11,0
2023-07-04,0.66734,0.67048,0.66409,0.66926,28863,11,0
2023-07-05,0.66927,0.66978,0.66479,0.66543,35517,11,0
2023-07-06,0.66545,0.66873,0.65986,0.66278,43075,11,0
2023-07-07,0.6628,0.67,0.66191,0.66921,41644,11,0
2023-07-09,0.66784,0.66935,0.66781,0.66874,2161,14,0
2023-07-10,0.66875,0.66953,0.6623,0.6676,37979,11,0
2023-07-11,0.66762,0.66945,0.66503,0.66925,39104,11,0
2023-07-12,0.66927,0.67955,0.66823,0.67917,46465,11,0
2023-07-13,0.67919,0.68941,0.67848,0.68877,43244,11,0
2023-07-14,0.68878,0.68943,0.683,0.68373,41193,11,0
2023-07-16,0.68292,0.68391,0.68275,0.68368,1997,14,0
2023-07-17,0.68369,0.68376,0.67871,0.68093,37665,11,0
2023-07-18,0.68094,0.68365,0.67885,0.68126,47411,11,0
2023-07-19,0.68127,0.68188,0.67497,0.67703,46432,11,0
2023-07-20,0.67703,0.68461,0.67697,0.67776,46842,11,0
2023-07-21,0.67777,0.67872,0.67217,0.67301,38404,11,0
2023-07-23,0.67265,0.67311,0.67219,0.67248,2091,14,0
2023-07-24,0.6725,0.67555,0.67145,0.67312,42211,11,0
2023-07-25,0.67313,0.67943,0.67247,0.67865,40517,11,0
2023-07-26,0.67868,0.67907,0.67269,0.67603,48235,11,0
2023-07-27,0.67605,0.68206,0.66976,0.67112,50688,11,0
2023-07-28,0.67113,0.6712,0.66222,0.66464,51546,11,0
2023-07-30,0.66451,0.66645,0.6643,0.66589,2436,14,0
2023-07-31,0.6659,0.67388,0.66573,0.67151,39434,11,0
2023-08-01,0.67155,0.67228,0.66015,0.66169,41082,11,0
2023-08-02,0.66171,0.66293,0.65263,0.65407,41227,11,0
2023-08-03,0.65407,0.6568,0.65135,0.65599,45949,11,0
2023-08-04,0.656,0.66089,0.65449,0.65673,45493,11,0
2023-08-06,0.65628,0.65743,0.65626,0.65729,2212,14,0
2023-08-07,0.65732,0.65923,0.65547,0.65716,36297,11,0
2023-08-08,0.65716,0.65754,0.64962,0.65328,41361,11,0
2023-08-09,0.65325,0.65704,0.65194,0.65345,39855,11,0
2023-08-10,0.65345,0.66164,0.65098,0.65116,45603,11,0
2023-08-11,0.65114,0.65331,0.64855,0.6495,41548,11,0
2023-08-13,0.64881,0.64971,0.64881,0.64942,1698,14,0
2023-08-14,0.64943,0.65025,0.64535,0.64875,42009,11,0
2023-08-15,0.64874,0.6521,0.64456,0.64566,48596,11,0
2023-08-16,0.64568,0.64798,0.64126,0.64129,45529,11,0
2023-08-17,0.64129,0.64499,0.63643,0.64055,47703,11,0
2023-08-18,0.64052,0.64283,0.63785,0.64034,43475,11,0
2023-08-20,0.64001,0.64136,0.63973,0.64134,2245,14,0
2023-08-21,0.64136,0.64208,0.63866,0.64124,41119,11,0
2023-08-22,0.64124,0.64572,0.64028,0.64238,41503,11,0
2023-08-23,0.64237,0.64811,0.64104,0.64799,41783,11,0
2023-08-24,0.64801,0.64875,0.64097,0.64121,39967,11,0
2023-08-25,0.64122,0.64406,0.63795,0.64021,42297,11,0
2023-08-27,0.64,0.64162,0.63994,0.64153,1920,14,0
2023-08-28,0.64154,0.64392,0.64013,0.64274,35237,11,0
2023-08-29,0.64275,0.64862,0.64006,0.64753,41269,11,0
2023-08-30,0.64754,0.65216,0.64479,0.64784,42639,11,0
2023-08-31,0.64785,0.65072,0.64606,0.64858,41486,11,0
2023-09-01,0.64858,0.65212,0.64378,0.64478,42514,11,0
2023-09-03,0.64419,0.64527,0.64385,0.64511,1405,14,0
2023-09-04,0.64512,0.64799,0.64494,0.64568,24494,11,0
2023-09-05,0.64569,0.64592,0.6357,0.63738,42747,11,0
2023-09-06,0.63739,0.64038,0.63566,0.63805,41227,11,0
2023-09-07,0.63807,0.63943,0.63617,0.63771,38016,11,0
2023-09-08,0.63773,0.64135,0.63667,0.63757,34411,11,0
2023-09-10,0.63765,0.64015,0.63724,0.6396,2524,14,0
2023-09-11,0.63962,0.64488,0.63874,0.64288,36522,11,0
2023-09-12,0.64289,0.64394,0.64078,0.64274,33867,11,0
2023-09-13,0.64275,0.64336,0.63797,0.64203,41996,11,0
2023-09-14,0.64203,0.6459,0.64187,0.643,41064,11,0
2023-09-15,0.64302,0.64729,0.64241,0.64302,34571,11,0
2023-09-17,0.64303,0.64401,0.64237,0.6439,1238,14,0
2023-09-18,0.64392,0.64483,0.64161,0.64387,30815,11,0
2023-09-19,0.64388,0.64731,0.64272,0.64636,30051,11,0
2023-09-20,0.64634,0.65107,0.64348,0.64352,39947,11,0
2023-09-21,0.6435,0.64399,0.6385,0.64087,39778,11,0
2023-09-22,0.64086,0.64647,0.64021,0.64405,36221,11,0
2023-09-24,0.64356,0.64436,0.64313,0.64401,1591,14,0
2023-09-25,0.64402,0.6446,0.64036,0.64212,31284,11,0
2023-09-26,0.64214,0.64299,0.63865,0.63924,39946,11,0
2023-09-27,0.63928,0.64084,0.63309,0.63478,38213,11,0
2023-09-28,0.6348,0.64318,0.63466,0.64259,44031,11,0
2023-09-29,0.64259,0.65004,0.64205,0.6433,41614,11,0
2023-10-01,0.64185,0.64401,0.64184,0.64364,2644,14,0
2023-10-02,0.64367,0.64446,0.63554,0.63612,37464,11,0
2023-10-03,0.63614,0.63632,0.62849,0.63079,47444,11,0
2023-10-04,0.63079,0.63419,0.6286,0.6328,47660,11,0
2023-10-05,0.63281,0.63771,0.63236,0.63688,41886,11,0
2023-10-06,0.6369,0.63997,0.6312,0.6384,44925,11,0
2023-10-08,0.63572,0.6369,0.63408,0.63686,3470,14,0
2023-10-09,0.63687,0.64225,0.63421,0.64207,37002,11,0
2023-10-10,0.64207,0.64343,0.63897,0.64314,43463,11,0
2023-10-11,0.64314,0.64446,0.63875,0.64172,40896,11,0
2023-10-12,0.64174,0.64303,0.63067,0.63152,40045,11,0
2023-10-13,0.63154,0.63338,0.62857,0.62958,37742,11,0
2023-10-15,0.62931,0.63107,0.62931,0.63105,2148,14,0
2023-10-16,0.63108,0.63443,0.63022,0.63366,34140,11,0
2023-10-17,0.63367,0.63792,0.63359,0.63623,40570,11,0
2023-10-18,0.63623,0.63926,0.63263,0.63323,40297,11,0
2023-10-19,0.63323,0.63561,0.62953,0.63236,48730,11,0
2023-10-20,0.63239,0.63251,0.62968,0.6314,37299,11,0
2023-10-22,0.63097,0.63213,0.6306,0.63195,2246,14,0
2023-10-23,0.63195,0.63481,0.62883,0.63356,35421,11,0
2023-10-24,0.63358,0.63785,0.63348,0.63594,39814,11,0
2023-10-25,0.63596,0.63991,0.6281,0.62933,40800,11,0
2023-10-26,0.62933,0.63342,0.62697,0.63326,43952,11,0
2023-10-27,0.63328,0.63674,0.63239,0.63336,37562,11,0
2023-10-29,0.63281,0.63416,0.63279,0.63377,2597,14,0
2023-10-30,0.6338,0.63832,0.63362,0.63672,35099,11,0
2023-10-31,0.63673,0.63733,0.63139,0.63362,39450,11,0
2023-11-01,0.63362,0.64214,0.63176,0.64214,43207,11,0
2023-11-02,0.64219,0.64554,0.64123,0.64273,36754,11,0
2023-11-03,0.64274,0.65178,0.64192,0.65128,36921,11,0
2023-11-05,0.65023,0.65146,0.65001,0.65135,1631,41,0
2023-11-06,0.65138,0.65221,0.64817,0.64865,33624,11,0
2023-11-07,0.6488,0.65024,0.64033,0.64281,36611,11,0
2023-11-08,0.64296,0.64489,0.63928,0.64052,35800,11,0
2023-11-09,0.64069,0.64276,0.63567,0.63608,40617,11,0
2023-11-10,0.63609,0.63662,0.63383,0.63599,33469,11,0
2023-11-12,0.6344,0.63656,0.6344,0.63629,2046,43,0
2023-11-13,0.6364,0.63905,0.63516,0.63788,30135,11,0
2023-11-14,0.63791,0.65118,0.63559,0.64976,40475,11,0
2023-11-15,0.64976,0.65419,0.64829,0.65105,42535,11,0
2023-11-16,0.65108,0.65158,0.64599,0.64684,41326,11,0
2023-11-17,0.64686,0.65153,0.64519,0.65145,37359,11,0
2023-11-19,0.64988,0.65159,0.64944,0.6506,2274,44,0
2023-11-20,0.65097,0.65644,0.65004,0.65591,40164,11,0
2023-11-21,0.65593,0.6589,0.65438,0.65568,42687,11,0
2023-11-22,0.6557,0.65692,0.65209,0.65415,40568,11,0
2023-11-23,0.65417,0.65741,0.65415,0.65594,27909,11,0
2023-11-24,0.65595,0.65904,0.65494,0.65825,27057,11,0
2023-11-26,0.65756,0.65834,0.6571,0.65789,1608,43,0
2023-11-27,0.65804,0.66135,0.65661,0.66127,36587,11,0
2023-11-28,0.66129,0.6665,0.65959,0.66549,40155,11,0
2023-11-29,0.6655,0.66757,0.66053,0.66167,44698,11,0
2023-11-30,0.66166,0.66499,0.65706,0.66059,46387,11,0
2023-12-01,0.6606,0.66753,0.65988,0.66753,43393,11,0
2023-12-03,0.66596,0.66877,0.66539,0.66785,2719,44,0
2023-12-04,0.66815,0.66875,0.66042,0.66163,42997,11,0
2023-12-05,0.66164,0.6621,0.65438,0.65539,47075,11,0
2023-12-06,0.6554,0.65965,0.65424,0.65506,40253,11,0
2023-12-07,0.65507,0.66195,0.65252,0.6593,43401,11,0
2023-12-08,0.65935,0.66191,0.65576,0.65763,47891,11,0
2023-12-10,0.65609,0.65809,0.65609,0.65768,1982,44,0
2023-12-11,0.65788,0.6582,0.65495,0.65636,37293,11,0
2023-12-12,0.65637,0.66115,0.65389,0.65633,39185,11,0
2023-12-13,0.65635,0.66727,0.65412,0.66644,44307,11,0
2023-12-14,0.66647,0.67279,0.66615,0.67012,56532,11,0
2023-12-15,0.67012,0.6728,0.66626,0.67022,45376,11,0
2023-12-17,0.66917,0.66996,0.66883,0.66968,1895,45,0
2023-12-18,0.6698,0.67347,0.66899,0.6703,38003,11,0
2023-12-19,0.67032,0.67738,0.67025,0.67577,40087,11,0
2023-12-20,0.67579,0.67784,0.67232,0.67388,41907,11,0
2023-12-21,0.67393,0.68033,0.67355,0.67958,43747,11,0
2023-12-22,0.67959,0.68245,0.67725,0.67996,38081,11,0
2023-12-25,0.6788,0.6803,0.67727,0.67986,1550,121,0
2023-12-26,0.67982,0.68284,0.67943,0.68232,16855,14,0
2023-12-27,0.68234,0.68533,0.68174,0.68519,23108,14,0
2023-12-28,0.6852,0.68704,0.68218,0.6825,27633,14,0
2023-12-29,0.68251,0.68456,0.67805,0.68104,26171,14,0
2024-01-01,0.67931,0.6806,0.67861,0.68035,2086,121,0
2024-01-02,0.68035,0.68372,0.67548,0.67653,34509,14,0
2024-01-03,0.67659,0.677,0.67015,0.67337,39837,11,0
2024-01-04,0.6734,0.67591,0.6696,0.6705,33815,14,0
2024-01-05,0.67053,0.67473,0.66399,0.67156,42028,14,0
2024-01-07,0.67107,0.67145,0.67053,0.67136,1243,37,0
2024-01-08,0.67152,0.67339,0.66768,0.67157,32803,14,0
2024-01-09,0.67159,0.67339,0.66766,0.66836,32171,14,0
2024-01-10,0.66837,0.67122,0.66822,0.67012,28483,14,0
2024-01-11,0.67013,0.67258,0.66465,0.66979,38800,14,0
2024-01-12,0.66984,0.6728,0.66774,0.66853,33004,14,0
2024-01-14,0.66789,0.66887,0.6675,0.66865,1801,45,0
2024-01-15,0.66885,0.67037,0.6649,0.66495,20664,14,0
2024-01-16,0.66497,0.66501,0.65756,0.65879,40882,14,0
2024-01-17,0.65881,0.65939,0.65245,0.6551,36887,14,0
2024-01-18,0.65511,0.65811,0.65254,0.65805,36306,14,0
2024-01-19,0.65809,0.66007,0.65648,0.65961,30512,14,0
2024-01-21,0.65807,0.65974,0.65807,0.65927,2023,44,0
2024-01-22,0.65944,0.6613,0.65633,0.65699,30870,14,0
2024-01-23,0.657,0.66118,0.65511,0.65846,32858,14,0
2024-01-24,0.65853,0.66201,0.65655,0.65749,35434,14,0
2024-01-25,0.65752,0.66089,0.65656,0.65813,36154,14,0
2024-01-26,0.65812,0.66087,0.65756,0.65758,29705,14,0
2024-01-28,0.65673,0.65801,0.65651,0.65758,1921,43,0
2024-01-29,0.65769,0.66151,0.65728,0.66125,27457,14,0
2024-01-30,0.66128,0.66238,0.65745,0.6594,31441,14,0
2024-01-31,0.65944,0.66218,0.6551,0.65623,49530,14,0
2024-02-01,0.65624,0.65782,0.65075,0.65734,39870,14,0
2024-02-02,0.65736,0.66095,0.65018,0.65105,33725,14,0
2024-02-04,0.65034,0.65117,0.64827,0.65023,2209,43,0
2024-02-05,0.65041,0.65192,0.64683,0.64791,30339,14,0
2024-02-06,0.64797,0.65279,0.64792,0.65276,33464,14,0
2024-02-07,0.65273,0.65393,0.65149,0.65205,29346,14,0
2024-02-08,0.65199,0.65311,0.64799,0.64971,26234,14,0
2024-02-09,0.64979,0.65332,0.64868,0.65231,24563,14,0
2024-02-11,0.65128,0.6524,0.65034,0.65229,1920,43,0
2024-02-12,0.65242,0.65423,0.65118,0.65283,22051,14,0
2024-02-13,0.65283,0.65384,0.64421,0.64511,29263,14,0
2024-02-14,0.64526,0.64979,0.64457,0.64977,27126,14,0
2024-02-15,0.64982,0.65287,0.64772,0.65242,27617,14,0
2024-02-16,0.65247,0.65441,0.6496,0.65309,26269,14,0
2024-02-18,0.65238,0.65353,0.65188,0.65327,1768,43,0
2024-02-19,0.6536,0.6551,0.65278,0.65305,17822,14,0
2024-02-20,0.653,0.65783,0.65208,0.65528,27069,14,0
2024-02-21,0.65527,0.65724,0.65328,0.65533,28630,14,0
2024-02-22,0.65533,0.65943,0.65397,0.6558,28229,14,0
2024-02-23,0.65581,0.65795,0.65493,0.65631,23469,14,0
2024-02-25,0.65478,0.65644,0.65478,0.65617,1498,43,0
2024-02-26,0.65629,0.65647,0.65302,0.65387,22855,14,0
2024-02-27,0.65388,0.6557,0.65246,0.65427,24423,14,0
2024-02-28,0.65429,0.65488,0.64879,0.64937,26967,14,0
2024-02-29,0.6494,0.65301,0.64862,0.64978,29996,14,0
2024-03-01,0.64996,0.65331,0.6489,0.65249,26306,14,0
2024-03-03,0.65181,0.65278,0.65117,0.65251,1563,43,0
2024-03-04,0.65267,0.65345,0.65026,0.65067,22142,14,0
2024-03-05,0.65061,0.65201,0.64772,0.65039,25442,14,0
2024-03-06,0.65032,0.65809,0.64921,0.65658,29683,14,0
2024-03-07,0.65659,0.66236,0.65634,0.66205,29527,14,0
2024-03-08,0.66209,0.66668,0.66127,0.66253,32336,14,0
2024-03-10,0.66109,0.66249,0.66109,0.66243,2069,14,0
2024-03-11,0.66243,0.66261,0.65963,0.66144,26329,14,0
2024-03-12,0.66135,0.66381,0.6584,0.66067,31261,14,0
2024-03-13,0.66066,0.66342,0.65995,0.6627,24227,14,0
2024-03-14,0.66271,0.66309,0.6569,0.6578,27944,14,0
2024-03-15,0.65782,0.65788,0.65516,0.65611,22881,14,0
2024-03-17,0.6556,0.65615,0.65479,0.6557,1929,14,0
2024-03-18,0.6557,0.65733,0.65501,0.6556,20254,14,0
2024-03-19,0.65567,0.65631,0.65035,0.65245,27235,14,0
2024-03-20,0.65247,0.65981,0.65109,0.6598,29069,14,0
2024-03-21,0.65983,0.66338,0.65606,0.65709,27671,14,0
2024-03-22,0.6571,0.65761,0.65096,0.65142,23108,14,0
2024-03-24,0.65058,0.65191,0.65008,0.65149,1738,14,0
2024-03-25,0.6515,0.6546,0.65096,0.65375,21040,14,0
2024-03-26,0.65375,0.65584,0.65291,0.65379,21058,14,0
2024-03-27,0.65376,0.65377,0.65109,0.65221,22978,14,0
2024-03-28,0.65229,0.654,0.64847,0.65146,24051,14,0
2024-03-29,0.65147,0.6528,0.64982,0.65082,7685,14,0
2024-03-31,0.65126,0.65334,0.6511,0.65314,2848,14,0
2024-04-01,0.6533,0.6538,0.64804,0.64866,16935,14,0
2024-04-02,0.6487,0.6523,0.64843,0.65131,21481,14,0
2024-04-03,0.65125,0.65701,0.65029,0.65668,23102,14,0
2024-04-04,0.65673,0.6618,0.65647,0.65865,21624,14,0
2024-04-05,0.65871,0.65918,0.65487,0.65784,25516,14,0
2024-04-07,0.65697,0.6575,0.65612,0.65693,2438,14,0
2024-04-08,0.65693,0.66093,0.65591,0.66042,26025,14,0
2024-04-09,0.66044,0.66437,0.6598,0.66276,24271,14,0
2024-04-10,0.66276,0.66306,0.64983,0.65069,36211,14,0
2024-04-11,0.65069,0.6552,0.65015,0.65394,34312,14,0
2024-04-12,0.65398,0.65427,0.64555,0.64613,30313,14,0
2024-04-14,0.64488,0.64781,0.64379,0.64744,2898,14,0
2024-04-15,0.64738,0.64923,0.64371,0.64416,35298,14,0
2024-04-16,0.64411,0.64428,0.63886,0.64113,39076,14,0
2024-04-17,0.64118,0.64452,0.6402,0.6438,32966,14,0
2024-04-18,0.64378,0.64556,0.64158,0.64233,32062,14,0
2024-04-19,0.64224,0.64323,0.63617,0.6417,41348,14,0
2024-04-21,0.6411,0.6426,0.64054,0.64244,2252,14,0
2024-04-22,0.64244,0.64545,0.64227,0.64511,25421,14,0
2024-04-23,0.64511,0.64893,0.64403,0.64875,27272,14,0
2024-04-24,0.64875,0.65289,0.64828,0.64968,26021,14,0
2024-04-25,0.64968,0.6538,0.6485,0.6521,27853,14,0
2024-04-26,0.6521,0.65534,0.65168,0.65329,27753,14,0
2024-04-28,0.65239,0.65416,0.65184,0.65413,1875,14,0
2024-04-29,0.65412,0.65858,0.65357,0.65593,30426,14,0
2024-04-30,0.65594,0.65641,0.64657,0.64741,29991,14,0
2024-05-01,0.64742,0.65392,0.64647,0.65289,35042,14,0
2024-05-02,0.6529,0.65738,0.65152,0.65693,34047,14,0
2024-05-03,0.65693,0.66478,0.65638,0.66093,34917,14,0
2024-05-05,0.66047,0.66168,0.65958,0.66081,2063,14,0
2024-05-06,0.66081,0.66374,0.66044,0.66228,20766,14,0
2024-05-07,0.66227,0.66429,0.65864,0.65883,26214,14,0
2024-05-08,0.6588,0.65935,0.65573,0.65769,20784,14,0
2024-05-09,0.65769,0.66222,0.65647,0.66159,23709,14,0
2024-05-10,0.6616,0.66216,0.65957,0.66029,21071,14,0
2024-05-12,0.65968,0.66063,0.65939,0.65996,1341,14,0
2024-05-13,0.65993,0.66278,0.65853,0.66103,20024,14,0
2024-05-14,0.66102,0.66271,0.65791,0.66229,22325,14,0
2024-05-15,0.66229,0.67008,0.6621,0.66992,27515,14,0
2024-05-16,0.66991,0.67133,0.66537,0.66812,25836,14,0
2024-05-17,0.66815,0.67,0.6648,0.6693,18846,14,0
2024-05-19,0.66881,0.67027,0.66855,0.66985,1817,14,0
2024-05-20,0.66987,0.67084,0.66613,0.66711,22060,14,0
2024-05-21,0.66712,0.66782,0.66461,0.66653,24131,14,0
2024-05-22,0.66653,0.66846,0.66075,0.66176,27937,14,0
2024-05-23,0.6618,0.66521,0.65971,0.65999,31029,14,0
2024-05-24,0.65997,0.66357,0.65916,0.66278,22027,14,0
2024-05-26,0.6621,0.66319,0.66184,0.66223,1506,14,0
2024-05-27,0.66223,0.66592,0.66221,0.66552,15075,14,0
2024-05-28,0.66553,0.66789,0.66421,0.66471,25547,14,0
2024-05-29,0.6647,0.66655,0.66056,0.66131,29598,14,0
2024-05-30,0.66131,0.66469,0.65903,0.66291,29958,14,0
2024-05-31,0.66291,0.6672,0.66261,0.66526,30319,14,0
2024-06-02,0.66443,0.66559,0.66424,0.66552,2083,14,0
2024-06-03,0.66551,0.66942,0.66322,0.66887,30949,14,0
2024-06-04,0.66887,0.66979,0.66303,0.66449,33210,14,0
2024-06-05,0.66452,0.66638,0.66255,0.66547,28607,14,0
2024-06-06,0.6655,0.66828,0.66328,0.66689,26925,14,0
2024-06-07,0.66689,0.66802,0.65786,0.65791,30437,14,0
2024-06-09,0.65768,0.65827,0.65716,0.65813,1972,14,0
2024-06-10,0.65814,0.66114,0.65757,0.66066,23253,14,0
2024-06-11,0.66066,0.66127,0.6588,0.66069,26026,14,0
2024-06-12,0.66069,0.67036,0.65968,0.66628,37981,14,0
2024-06-13,0.66627,0.66744,0.66257,0.66305,29475,14,0
2024-06-14,0.66306,0.66407,0.65911,0.66147,31171,14,0
2024-06-16,0.65966,0.66173,0.65966,0.66117,1677,14,0
2024-06-17,0.66117,0.66183,0.65846,0.66169,23377,14,0
2024-06-18,0.66169,0.66612,0.65999,0.66602,28351,14,0
2024-06-19,0.66602,0.66768,0.66588,0.6673,15852,14,0
2024-06-20,0.6673,0.66785,0.66472,0.66601,25221,14,0
2024-06-21,0.66599,0.66689,0.66311,0.664,23800,14,0
2024-06-23,0.66354,0.6641,0.66317,0.66342,1857,14,0
2024-06-24,0.66344,0.66668,0.66256,0.66531,23487,14,0
2024-06-25,0.6653,0.66718,0.66346,0.66439,22759,14,0
2024-06-26,0.66438,0.66878,0.66355,0.66449,26950,14,0
2024-06-27,0.66449,0.66716,0.66394,0.66491,25678,14,0
2024-06-28,0.66493,0.66837,0.66196,0.66693,28545,14,0
2024-06-30,0.66672,0.6679,0.66642,0.6673,2412,14,0
2024-07-01,0.6673,0.6688,0.66433,0.66538,26137,14,0
2024-07-02,0.66538,0.66699,0.66336,0.66677,25867,11,0
2024-07-03,0.66678,0.67329,0.66647,0.6711,22985,11,0
2024-07-04,0.6711,0.67312,0.67096,0.67241,15452,11,0
2024-07-05,0.67242,0.6752,0.67104,0.67484,26003,14,0
2024-07-07,0.67298,0.67479,0.67281,0.67456,2206,14,0
2024-07-08,0.67456,0.67601,0.67314,0.67419,22270,14,0
2024-07-09,0.67422,0.67471,0.67236,0.67409,23226,14,0
2024-07-10,0.67409,0.67515,0.67316,0.67511,21900,14,0
2024-07-11,0.67512,0.67978,0.67467,0.6769,31714,14,0
2024-07-12,0.67691,0.67929,0.67535,0.67837,27342,14,0
2024-07-14,0.67653,0.67725,0.67584,0.67704,2489,5,0
2024-07-15,0.67704,0.67882,0.67522,0.67621,31280,7,0
2024-07-16,0.6762,0.67624,0.67143,0.67313,31654,10,0
2024-07-17,0.67312,0.67541,0.67206,0.67303,36520,10,0
2024-07-18,0.67302,0.6743,0.66973,0.67035,35517,10,0
2024-07-19,0.67034,0.67068,0.66798,0.66842,30851,10,0
2024-07-21,0.66779,0.67095,0.66762,0.66955,2629,10,0
2024-07-22,0.66955,0.66955,0.66311,0.66383,29079,10,0
2024-07-23,0.66384,0.66453,0.66106,0.66116,25048,10,0
2024-07-24,0.66114,0.66128,0.65722,0.65733,32339,10,0
2024-07-25,0.65732,0.65738,0.65135,0.65397,42060,10,0
2024-07-26,0.65396,0.65678,0.65396,0.6547,24947,10,0
2024-07-28,0.65442,0.65601,0.65417,0.65525,1973,10,0
2024-07-29,0.65524,0.65677,0.65237,0.65507,24098,10,0
2024-07-30,0.65507,0.65618,0.65286,0.65399,27120,10,0
2024-07-31,0.65398,0.65551,0.64792,0.65479,44380,10,0
2024-08-01,0.6548,0.65592,0.64885,0.64929,40414,10,0
2024-08-02,0.64929,0.65468,0.64863,0.65108,47918,10,0
2024-08-04,0.65048,0.65153,0.64941,0.64974,4209,10,0
2024-08-05,0.64974,0.65217,0.63481,0.65148,107092,10,0
2024-08-06,0.65148,0.65411,0.6472,0.6514,73487,10,0
2024-08-07,0.65142,0.65741,0.65069,0.6518,56947,10,0
2024-08-08,0.65182,0.6594,0.65096,0.65903,50933,10,0
2024-08-09,0.65901,0.66048,0.65664,0.65719,32863,10,0
2024-08-11,0.65613,0.65753,0.65603,0.65682,2127,10,0
2024-08-12,0.65682,0.66047,0.65674,0.65846,27530,10,0
2024-08-13,0.65846,0.66387,0.65785,0.66369,30092,10,0
2024-08-14,0.66369,0.66423,0.65905,0.65972,38045,10,0
2024-08-15,0.65973,0.66341,0.65637,0.66116,33353,10,0
2024-08-16,0.66116,0.66707,0.66097,0.66691,23193,10,0
2024-08-18,0.66593,0.66755,0.66494,0.66719,1092,10,0
2024-08-19,0.66721,0.67375,0.66717,0.67333,16158,10,0
2024-08-20,0.67334,0.67487,0.6713,0.67457,17310,10,0
2024-08-21,0.67455,0.67604,0.67303,0.6749,18346,10,0
2024-08-22,0.67489,0.67523,0.6697,0.67062,17543,10,0
2024-08-23,0.67064,0.67981,0.67047,0.67968,20989,10,0
2024-08-25,0.67848,0.67967,0.67842,0.67867,1129,8,0
2024-08-26,0.67869,0.67961,0.67664,0.67726,16374,8,0
2024-08-27,0.67724,0.67951,0.67613,0.67866,17041,8,0
2024-08-28,0.67867,0.68126,0.67642,0.67824,20752,8,0
2024-08-29,0.67826,0.68234,0.67826,0.67954,23131,8,0
2024-08-30,0.67953,0.6816,0.67513,0.67649,19306,8,0
2024-09-01,0.67581,0.67724,0.67577,0.67678,1543,8,0
2024-09-02,0.67676,0.67945,0.67566,0.67868,19720,8,0
2024-09-03,0.67869,0.67918,0.67067,0.67129,36999,8,0
2024-09-04,0.6713,0.67488,0.66854,0.67155,37448,8,0
2024-09-05,0.67154,0.67412,0.67132,0.67403,32679,8,0
2024-09-06,0.67401,0.67668,0.66596,0.66695,46050,8,0
2024-09-08,0.66639,0.66739,0.66629,0.66696,1951,8,0
2024-09-09,0.66695,0.66885,0.66476,0.66572,26711,8,0
2024-09-10,0.66572,0.6676,0.66408,0.66528,27707,8,0
2024-09-11,0.66526,0.66788,0.66218,0.66738,38108,8,0
2024-09-12,0.66738,0.67278,0.66564,0.67254,33056,8,0
2024-09-13,0.67254,0.67322,0.66921,0.6704,27197,8,0
2024-09-15,0.66991,0.67135,0.66932,0.67132,1796,9,0
2024-09-16,0.67132,0.67534,0.67054,0.67512,24678,9,0
2024-09-17,0.67512,0.67682,0.67412,0.67599,31171,9,0
2024-09-18,0.676,0.68199,0.67422,0.67655,55020,9,0
2024-09-19,0.67655,0.68386,0.67372,0.68088,50572,9,0
2024-09-20,0.68089,0.68284,0.67827,0.68053,36483,9,0
2024-09-22,0.67923,0.68106,0.67923,0.68093,1516,9,0
2024-09-23,0.68094,0.68532,0.68,0.68327,33825,9,0
2024-09-24,0.68328,0.69067,0.68141,0.69054,41641,9,0
2024-09-25,0.69054,0.69077,0.68176,0.68184,38854,9,0
2024-09-26,0.68184,0.69043,0.68184,0.68919,44326,9,0
2024-09-27,0.6892,0.69367,0.68679,0.6901,43888,9,0
2024-09-29,0.6898,0.692,0.68913,0.69181,2169,9,0
2024-09-30,0.69182,0.69421,0.68986,0.69149,45405,9,0
2024-10-01,0.69149,0.69342,0.68562,0.6879,55832,9,0
2024-10-02,0.6879,0.69152,0.68751,0.68838,44588,9,0
2024-10-03,0.68838,0.68857,0.68296,0.68497,46967,9,0
2024-10-04,0.68496,0.68517,0.67853,0.67936,42243,9,0
2024-10-06,0.67864,0.68059,0.67841,0.67975,2774,9,0
2024-10-07,0.67974,0.68099,0.67429,0.67551,41497,9,0
2024-10-08,0.67551,0.67688,0.67148,0.67389,49878,9,0
2024-10-09,0.67389,0.67615,0.67075,0.67157,49370,9,0
2024-10-10,0.67156,0.67435,0.67005,0.67404,49767,9,0
2024-10-11,0.67406,0.67589,0.67244,0.67513,30219,9,0
2024-10-13,0.67346,0.67405,0.67229,0.67299,3164,9,0
2024-10-14,0.673,0.67445,0.67018,0.67246,36866,9,0
2024-10-15,0.67248,0.67322,0.66731,0.66773,38671,9,0
2024-10-16,0.66771,0.67005,0.66579,0.66641,36275,9,0
2024-10-17,0.66641,0.67099,0.66633,0.6699,40973,9,0
2024-10-18,0.6699,0.67189,0.66937,0.6706,30547,9,0
2024-10-20,0.66969,0.67153,0.66944,0.67132,2033,9,0
2024-10-21,0.67133,0.67228,0.66516,0.66538,30471,9,0
2024-10-22,0.66537,0.66947,0.66503,0.66813,32036,9,0
2024-10-23,0.66812,0.66911,0.66137,0.66342,34771,9,0
2024-10-24,0.66342,0.66609,0.66207,0.66343,32158,9,0
2024-10-25,0.66345,0.66464,0.66006,0.66038,27835,9,0
2024-10-27,0.65995,0.66105,0.6598,0.66028,2424,9,0
2024-10-28,0.66027,0.66097,0.65778,0.65831,27491,9,0
2024-10-29,0.65829,0.65843,0.65448,0.65578,34450,9,0
2024-10-30,0.65578,0.65956,0.65365,0.65723,36462,9,0
2024-10-31,0.65723,0.65838,0.65392,0.65763,36259,9,0
2024-11-01,0.65763,0.65908,0.65535,0.65592,35917,9,0
2024-11-03,0.65978,0.66025,0.65782,0.65902,2092,9,0
2024-11-04,0.65902,0.66186,0.65792,0.65836,36743,9,0
2024-11-05,0.65836,0.6644,0.65785,0.664,31766,9,0
2024-11-06,0.66401,0.66417,0.65122,0.65665,101244,9,0
2024-11-07,0.65664,0.66873,0.65637,0.66745,56034,9,0
2024-11-08,0.66745,0.66752,0.65579,0.65813,46106,9,0
2024-11-10,0.65764,0.65862,0.657,0.65837,1760,9,0
2024-11-11,0.65835,0.65979,0.65624,0.65783,35589,9,0
2024-11-12,0.65784,0.65813,0.65137,0.6529,44888,9,0
2024-11-13,0.6529,0.65455,0.64798,0.6493,48907,9,0
2024-11-14,0.64932,0.64952,0.64405,0.64549,52557,9,0
2024-11-15,0.64549,0.64809,0.64425,0.6463,47019,9,0
2024-11-17,0.64555,0.64646,0.64521,0.6464,1414,9,0
2024-11-18,0.64645,0.65107,0.64476,0.65053,38523,9,0
2024-11-19,0.65053,0.65407,0.64821,0.65407,47538,9,0
2024-11-20,0.65408,0.6544,0.6484,0.65113,35424,9,0
2024-11-21,0.65113,0.65322,0.64969,0.6509,42396,9,0
2024-11-22,0.65089,0.65211,0.64709,0.65015,50805,9,0
2024-11-24,0.65293,0.6548,0.65157,0.65388,2394,9,0
2024-11-25,0.65389,0.65494,0.64545,0.64627,42909,9,0
2024-11-26,0.64629,0.65072,0.64337,0.64739,57348,9,0
2024-11-27,0.64738,0.65029,0.64591,0.64963,47711,9,0
2024-11-28,0.64964,0.6509,0.64769,0.65066,28677,9,0
2024-11-29,0.65065,0.65275,0.64954,0.65129,37691,9,0
2024-12-01,0.65063,0.65124,0.64972,0.65013,1737,9,0
2024-12-02,0.65012,0.65104,0.64427,0.64744,47428,9,0
2024-12-03,0.64744,0.65041,0.64549,0.64846,40999,9,0
2024-12-04,0.64846,0.64879,0.63991,0.64308,50134,9,0
2024-12-05,0.64311,0.64552,0.64211,0.64504,34848,9,0
2024-12-06,0.64504,0.64508,0.63725,0.63888,42744,9,0
2024-12-08,0.63771,0.64012,0.63769,0.64005,1280,9,0
2024-12-09,0.6398,0.6471,0.63795,0.64372,32695,9,0
2024-12-10,0.64372,0.64375,0.63651,0.63752,41797,9,0
2024-12-11,0.63752,0.63887,0.63362,0.63817,48047,9,0
2024-12-12,0.63817,0.6429,0.63605,0.63708,49618,9,0
2024-12-13,0.63707,0.63833,0.63514,0.63607,35847,9,0
2024-12-15,0.63427,0.63679,0.63423,0.63665,1224,9,0
2024-12-16,0.63664,0.63822,0.63447,0.63761,31681,9,0
2024-12-17,0.63761,0.63775,0.63312,0.63387,30501,9,0
2024-12-18,0.63388,0.63388,0.61995,0.62044,44798,9,0
2024-12-19,0.62048,0.62648,0.61988,0.62306,48216,9,0
2024-12-20,0.62307,0.6274,0.62147,0.62505,41141,9,0
2024-12-22,0.62435,0.62579,0.62398,0.62531,1495,9,0
2024-12-23,0.62542,0.62644,0.62186,0.62431,31447,9,0
2024-12-24,0.6243,0.62482,0.62243,0.6234,22614,9,0
2024-12-25,0.62337,0.62465,0.62284,0.62431,1143,9,0
2024-12-26,0.62431,0.62538,0.62122,0.62227,23362,9,0
2024-12-27,0.62229,0.62255,0.62002,0.62161,27511,9,0
2024-12-29,0.62133,0.62335,0.62033,0.62247,1405,9,0
2024-12-30,0.62247,0.62465,0.62014,0.62178,31212,9,0
2024-12-31,0.62178,0.62311,0.61787,0.61875,30150,9,0
2025-01-01,0.61829,0.61939,0.61811,0.61931,1529,9,0
2025-01-02,0.61931,0.62222,0.6188,0.62008,40520,9,0
2025-01-03,0.62007,0.62249,0.61976,0.62162,30119,9,0
2025-01-05,0.62097,0.62241,0.61967,0.62203,1389,9,0
2025-01-06,0.62203,0.63016,0.62184,0.62379,51076,9,0
2025-01-07,0.62381,0.62876,0.62277,0.62337,39221,9,0
2025-01-08,0.62338,0.62418,0.61871,0.62103,43381,9,0
2025-01-09,0.62104,0.62128,0.61718,0.61892,29983,9,0
2025-01-10,0.61894,0.62055,0.61391,0.61456,43788,9,0
2025-01-12,0.61379,0.61583,0.61376,0.61532,1602,9,0
2025-01-13,0.61533,0.62021,0.61307,0.61908,40466,9,0
2025-01-14,0.61908,0.62069,0.61657,0.61906,42115,9,0
2025-01-15,0.61906,0.62461,0.61808,0.6235,37581,9,0
2025-01-16,0.6235,0.62459,0.61917,0.62096,41157,9,0
2025-01-17,0.62096,0.62268,0.6164,0.61928,36809,9,0
2025-01-19,0.61869,0.6199,0.61861,0.61972,1306,9,0
2025-01-20,0.6197,0.62861,0.61963,0.62801,52889,9,0
2025-01-21,0.62801,0.62884,0.62079,0.62614,61714,9,0
2025-01-22,0.62614,0.62951,0.62527,0.62725,36853,9,0
2025-01-23,0.62725,0.62992,0.62548,0.62825,37321,9,0
2025-01-24,0.62825,0.63301,0.62783,0.63128,43137,9,0
2025-01-26,0.62955,0.63021,0.62908,0.62928,1593,9,0
2025-01-27,0.62929,0.63074,0.62557,0.62589,46200,9,0
2025-01-28,0.62592,0.62736,0.62363,0.62509,38528,9,0
2025-01-29,0.62511,0.62554,0.62097,0.62388,44869,9,0
2025-01-30,0.62388,0.6243,0.61986,0.62137,40355,9,0
2025-01-31,0.62136,0.62621,0.62036,0.62102,52422,9,0
2025-02-02,0.61583,0.61627,0.6137,0.61414,3943,9,0
2025-02-03,0.61416,0.62371,0.60873,0.62172,98929,9,0
2025-02-04,0.62171,0.62617,0.61702,0.6249,46072,9,0
2025-02-05,0.62492,0.62964,0.62398,0.62835,38339,9,0
2025-02-06,0.62835,0.62878,0.62549,0.62808,31937,9,0
2025-02-07,0.62808,0.63007,0.6253,0.62712,47783,9,0
2025-02-09,0.62371,0.62604,0.62324,0.62577,1804,9,0
2025-02-10,0.62576,0.62868,0.62518,0.62695,29521,9,0
2025-02-11,0.62696,0.63015,0.62601,0.62962,28570,9,0
2025-02-12,0.62964,0.63089,0.62347,0.62814,41723,9,0
2025-02-13,0.62813,0.63223,0.62545,0.63159,44492,9,0
2025-02-14,0.63159,0.63673,0.63101,0.63527,31841,9,0
2025-02-16,0.63391,0.63565,0.6339,0.63559,1422,9,0
2025-02-17,0.63559,0.63734,0.63495,0.63549,24234,9,0
2025-02-18,0.63549,0.63675,0.63342,0.63517,31243,9,0
2025-02-19,0.63516,0.63697,0.63364,0.63404,29870,9,0
2025-02-20,0.63404,0.6408,0.63275,0.64021,35524,9,0
2025-02-21,0.64021,0.64075,0.63516,0.63574,31295,9,0
2025-02-23,0.63541,0.63735,0.63503,0.63685,1750,9,0
2025-02-24,0.63686,0.63917,0.63363,0.6338,36911,9,0
2025-02-25,0.63382,0.63561,0.63217,0.63508,35247,9,0
2025-02-26,0.63509,0.63527,0.62956,0.63086,38302,9,0
2025-02-27,0.63088,0.63096,0.62286,0.6231,42841,9,0
2025-02-28,0.62313,0.62374,0.61924,0.62081,39406,9,0
2025-03-02,0.62017,0.62234,0.61988,0.62195,1891,9,0
2025-03-03,0.62195,0.6254,0.62036,0.62154,44768,9,0
2025-03-04,0.62154,0.6279,0.61868,0.62676,63152,9,0
2025-03-05,0.62675,0.63419,0.62337,0.63367,59855,9,0
2025-03-06,0.63366,0.63635,0.63221,0.63314,52926,9,0
2025-03-07,0.63313,0.6337,0.62818,0.63058,52060,9,0
2025-03-09,0.63013,0.63095,0.62936,0.63026,3503,9,0
2025-03-10,0.63028,0.63304,0.62642,0.62798,45071,9,0
2025-03-11,0.62799,0.63112,0.62586,0.62948,51931,9,0
2025-03-12,0.62947,0.63283,0.62759,0.63281,41409,9,0
2025-03-13,0.63283,0.63336,0.62689,0.62856,37624,9,0
2025-03-14,0.62854,0.6331,0.62777,0.63265,31663,9,0
2025-03-16,0.63196,0.63332,0.63178,0.63248,2112,9,0
2025-03-17,0.63248,0.63903,0.63209,0.63803,28028,9,0
2025-03-18,0.63803,0.63906,0.63438,0.63609,26242,9,0
2025-03-19,0.63609,0.63663,0.63202,0.63628,33077,9,0
2025-03-20,0.63628,0.63631,0.62707,0.63018,34142,9,0
2025-03-21,0.63018,0.63057,0.62575,0.62739,26074,9,0
2025-03-23,0.62583,0.62883,0.62583,0.62882,2110,9,0
2025-03-24,0.62883,0.63047,0.62674,0.62862,27965,9,0
2025-03-25,0.62862,0.6325,0.6278,0.63065,25905,9,0
2025-03-26,0.63065,0.63301,0.6278,0.62861,33188,9,0
2025-03-27,0.6286,0.63181,0.62855,0.63007,31014,9,0
2025-03-28,0.63006,0.63117,0.62805,0.62866,27267,9,0
2025-03-30,0.62798,0.6288,0.6269,0.62821,3177,9,0
2025-03-31,0.62822,0.62998,0.62184,0.62397,33823,9,0
2025-04-01,0.62397,0.62904,0.62316,0.62876,37005,9,0
2025-04-02,0.62877,0.63404,0.62257,0.62639,50734,9,0
2025-04-03,0.62637,0.63887,0.62557,0.63255,72397,9,0
2025-04-04,0.63254,0.63315,0.59864,0.60415,141156,9,0
2025-04-06,0.59942,0.60096,0.59295,0.59863,14023,9,0
2025-04-07,0.59865,0.61274,0.5944,0.59968,212309,9,0
2025-04-08,0.59966,0.60849,0.59392,0.59527,116964,9,0
2025-04-09,0.59527,0.61754,0.59137,0.61329,183638,9,0
2025-04-10,0.61328,0.6249,0.61152,0.62226,137131,9,0
2025-04-11,0.62225,0.63006,0.61807,0.62896,146090,9,0
2025-04-13,0.62874,0.63056,0.62779,0.63004,5892,9,0
2025-04-14,0.63003,0.63424,0.62749,0.63184,67824,9,0
2025-04-15,0.63186,0.63827,0.63186,0.63376,58249,9,0
2025-04-16,0.63374,0.63911,0.63305,0.63686,59635,9,0
2025-04-17,0.63688,0.63938,0.6333,0.63878,48167,9,0
2025-04-18,0.63878,0.6392,0.63642,0.63725,54672,36,0
2025-04-20,0.63669,0.63926,0.63618,0.63893,3924,9,0
2025-04-21,0.63891,0.64373,0.63834,0.64212,42547,9,0
2025-04-22,0.64213,0.6439,0.63487,0.63753,56418,9,0
2025-04-23,0.63754,0.64352,0.63517,0.63634,64965,9,0
2025-04-24,0.63635,0.64141,0.63434,0.63999,45868,9,0
2025-04-25,0.63999,0.64203,0.63745,0.63969,41134,9,0
2025-04-27,0.63833,0.64017,0.63802,0.63818,2701,9,0
2025-04-28,0.6382,0.64345,0.63674,0.64274,40425,9,0
2025-04-29,0.64274,0.64493,0.6376,0.6387,39908,9,0
2025-04-30,0.63868,0.64172,0.63557,0.64099,44920,9,0
2025-05-01,0.64099,0.64269,0.63653,0.63852,40732,9,0
2025-05-02,0.6385,0.64695,0.63816,0.64468,48660,9,0
2025-05-04,0.64415,0.64575,0.64356,0.64433,2753,9,0
2025-05-05,0.64433,0.64934,0.64341,0.64604,41128,9,0
2025-05-06,0.64604,0.65139,0.64376,0.65028,42992,9,0
2025-05-07,0.65027,0.65114,0.64194,0.64304,50162,9,0
2025-05-08,0.64305,0.6464,0.63915,0.6393,48695,9,0
2025-05-09,0.63931,0.64319,0.63709,0.64097,32034,9,0
2025-05-11,0.64061,0.64308,0.64043,0.6419,4207,9,0
2025-05-12,0.64192,0.64608,0.63564,0.6372,57822,9,0
2025-05-13,0.63721,0.64785,0.63611,0.64719,42904,9,0
2025-05-14,0.64719,0.65005,0.64213,0.64268,47364,9,0
2025-05-15,0.64268,0.64572,0.63901,0.64038,40852,9,0
2025-05-16,0.64038,0.64357,0.63874,0.64029,31280,9,0
2025-05-18,0.64013,0.64123,0.63902,0.64087,2619,9,0
2025-05-19,0.64088,0.64646,0.63978,0.64537,34068,9,0
2025-05-20,0.64537,0.64543,0.63915,0.64252,36093,9,0
2025-05-21,0.64252,0.64688,0.64226,0.64322,40755,9,0
2025-05-22,0.64322,0.64582,0.64069,0.64086,37834,9,0
2025-05-23,0.64086,0.64989,0.64081,0.64956,36956,9,0
2025-05-25,0.64817,0.65063,0.6476,0.65014,2962,9,0
2025-05-26,0.65014,0.65368,0.64796,0.64797,26010,9,0
2025-05-27,0.64797,0.6495,0.64345,0.64473,33945,9,0
2025-05-28,0.64474,0.64534,0.64097,0.64221,39777,9,0
2025-05-29,0.6422,0.64597,0.64069,0.64437,44488,9,0
2025-05-30,0.64436,0.6452,0.64071,0.64319,39972,9,0
2025-06-01,0.64284,0.64499,0.6426,0.64427,1953,9,0
2025-06-02,0.64426,0.64998,0.64423,0.64981,34577,9,0
2025-06-03,0.64981,0.64988,0.64465,0.64641,32283,9,0
2025-06-04,0.64643,0.65044,0.64503,0.64893,32047,9,0
2025-06-05,0.64893,0.65375,0.64856,0.65098,37373,9,0
2025-06-06,0.65098,0.65166,0.64793,0.64926,33848,9,0
2025-06-08,0.6486,0.65013,0.64856,0.64985,1492,9,0
2025-06-09,0.64985,0.65334,0.64937,0.65162,24865,9,0
2025-06-10,0.65163,0.65328,0.64896,0.65286,35645,9,0
2025-06-11,0.65285,0.65454,0.64955,0.65084,36312,9,0
2025-06-12,0.65085,0.65331,0.64769,0.65267,38203,9,0
2025-06-13,0.65265,0.65268,0.64561,0.64904,55966,9,0
2025-06-15,0.6477,0.6494,0.64737,0.64916,3706,9,0
2025-06-16,0.64916,0.65516,0.64662,0.65121,36513,9,0
2025-06-17,0.65122,0.65432,0.64656,0.64802,43122,9,0
2025-06-18,0.648,0.65372,0.64767,0.6506,47737,9,0
2025-06-19,0.65058,0.65089,0.64454,0.64851,35408,9,0
2025-06-20,0.6485,0.6495,0.64477,0.64487,31889,9,0
2025-06-22,0.64176,0.64484,0.64143,0.64453,3765,9,0
2025-06-23,0.64454,0.64863,0.63722,0.64766,52173,9,0
2025-06-24,0.64767,0.65188,0.64708,0.6495,40514,9,0
2025-06-25,0.6495,0.65226,0.64842,0.65206,32524,9,0
2025-06-26,0.65207,0.65634,0.65098,0.65462,40404,9,0
2025-06-27,0.65463,0.65607,0.6508,0.65295,36345,9,0
2025-06-29,0.65219,0.65378,0.65219,0.65315,2230,9,0
2025-06-30,0.65316,0.65833,0.65225,0.6576,33836,9,0
2025-07-01,0.65761,0.65898,0.65536,0.6579,35404,9,0
2025-07-02,0.6579,0.65883,0.65432,0.65816,33046,9,0
2025-07-03,0.65815,0.65863,0.65369,0.65758,33102,9,0
2025-07-04,0.65758,0.65785,0.65457,0.65519,36137,9,0
2025-07-06,0.65479,0.65558,0.65422,0.65498,1846,9,0
2025-07-07,0.65498,0.65527,0.64852,0.6506,36402,9,0
2025-07-08,0.65061,0.6558,0.65059,0.65237,41694,9,0
2025-07-09,0.65239,0.65476,0.65093,0.65357,36757,9,0
2025-07-10,0.65357,0.65947,0.65333,0.65927,29215,9,0
2025-07-11,0.65927,0.65942,0.65562,0.65768,38670,9,0
2025-07-13,0.65578,0.65771,0.65543,0.6575,2624,9,0
2025-07-14,0.65748,0.65871,0.65391,0.65434,30465,9,0
2025-07-15,0.65434,0.65753,0.65075,0.6518,36271,9,0
2025-07-16,0.6518,0.65538,0.6495,0.65223,47164,9,0
2025-07-17,0.65221,0.65232,0.64541,0.64973,33509,9,0
2025-07-18,0.64974,0.65403,0.64962,0.6508,24266,9,0
2025-07-20,0.65029,0.65143,0.65024,0.6512,2431,9,0
2025-07-21,0.6512,0.65369,0.64979,0.65269,24248,9,0
2025-07-22,0.6527,0.6559,0.65036,0.65527,27708,9,0
2025-07-23,0.65527,0.66045,0.65498,0.66011,31870,9,0
2025-07-24,0.66011,0.66247,0.65857,0.65943,31111,9,0
2025-07-25,0.65944,0.65982,0.65506,0.65653,30904,9,0
2025-07-27,0.65589,0.65763,0.65589,0.65704,1874,9,0
2025-07-28,0.65706,0.65851,0.65127,0.65215,33835,9,0
2025-07-29,0.65214,0.65295,0.64957,0.65127,31312,9,0
2025-07-30,0.65129,0.65285,0.64257,0.64451,43478,9,0
2025-07-31,0.64449,0.64759,0.64204,0.64272,38010,9,0
2025-08-01,0.64272,0.6493,0.64187,0.64692,51708,9,0
2025-08-03,0.64626,0.64722,0.64543,0.64687,2814,9,0
2025-08-04,0.64685,0.64891,0.64589,0.64737,33024,9,0
2025-08-05,0.64738,0.64789,0.64492,0.64712,33785,9,0
2025-08-06,0.64711,0.65084,0.64706,0.64994,26410,9,0
2025-08-07,0.64995,0.65408,0.64892,0.65246,32389,9,0
2025-08-08,0.65247,0.65344,0.65112,0.65208,22792,9,0
2025-08-10,0.6517,0.65226,0.65154,0.65161,1189,9,0
2025-08-11,0.65162,0.65282,0.65011,0.65129,22721,9,0
2025-08-12,0.65127,0.654,0.64815,0.65294,37734,9,0
2025-08-13,0.65294,0.65622,0.65162,0.65502,23706,9,0
2025-08-14,0.65503,0.65683,0.64822,0.64969,32486,9,0
2025-08-15,0.64969,0.65223,0.64876,0.65067,23701,9,0
2025-08-17,0.65038,0.65126,0.65016,0.65118,1186,9,0
2025-08-18,0.65118,0.65238,0.64812,0.6494,22086,9,0
2025-08-19,0.64941,0.64968,0.64494,0.64533,25748,9,0
2025-08-20,0.64533,0.64548,0.64232,0.64349,30165,9,0
2025-08-21,0.64349,0.64364,0.64142,0.6425,28045,9,0
2025-08-22,0.6425,0.65004,0.64147,0.64916,30865,9,0
2025-08-24,0.64863,0.64946,0.64834,0.64843,1796,9,0
2025-08-25,0.64844,0.65045,0.64713,0.64812,24394,9,0
2025-08-26,0.64812,0.65003,0.64696,0.6495,29719,9,0
2025-08-27,0.6495,0.65125,0.64622,0.65121,25983,9,0
2025-08-28,0.65122,0.65373,0.65054,0.65303,25114,9,0
2025-08-29,0.65303,0.65482,0.65226,0.65403,24210,9,0
2025-08-31,0.65343,0.65436,0.65294,0.65425,1557,9,0
2025-09-01,0.65427,0.65596,0.65346,0.65563,19128,9,0
2025-09-02,0.65565,0.6558,0.64829,0.65182,35170,9,0
2025-09-03,0.6518,0.65538,0.65019,0.65446,30901,9,0
2025-09-04,0.65447,0.65494,0.6501,0.65217,26897,9,0
2025-09-05,0.65217,0.65881,0.65194,0.65559,31467,9,0
2025-09-07,0.65461,0.65553,0.65454,0.65545,1899,9,0
2025-09-08,0.65543,0.65984,0.65478,0.65974,25260,9,0
2025-09-09,0.65974,0.66193,0.65793,0.65852,28700,9,0
2025-09-10,0.65852,0.66352,0.65799,0.66187,29703,9,0
2025-09-11,0.66187,0.66661,0.65897,0.66649,31026,9,0
2025-09-12,0.66648,0.66684,0.66304,0.6648,24771,9,0
2025-09-14,0.66329,0.66496,0.66306,0.66484,1546,9,0
2025-09-15,0.66484,0.66745,0.66446,0.66719,24420,9,0
2025-09-16,0.66718,0.66883,0.66595,0.66881,28247,9,0
2025-09-17,0.66882,0.67066,0.6641,0.66517,42394,9,0
2025-09-18,0.66517,0.66593,0.66067,0.66163,37256,9,0
2025-09-19,0.66163,0.66192,0.65856,0.65935,28787,9,0
2025-09-21,0.65861,0.65945,0.65814,0.65882,1623,9,0
2025-09-22,0.6588,0.6602,0.65746,0.66007,25208,9,0
2025-09-23,0.66007,0.66149,0.65808,0.65986,28365,9,0
2025-09-24,0.65987,0.66274,0.65743,0.65856,30173,9,0
2025-09-25,0.65856,0.66033,0.65255,0.65377,31441,9,0
2025-09-26,0.65377,0.6551,0.65202,0.65461,26399,9,0
2025-09-28,0.6542,0.65519,0.65409,0.65515,1242,9,0
2025-09-29,0.65514,0.65808,0.65474,0.65774,24562,9,0
2025-09-30,0.65775,0.6628,0.65708,0.66103,35277,9,0
2025-10-01,0.66103,0.66287,0.6589,0.66153,35163,9,0
2025-10-02,0.66153,0.66241,0.65766,0.65987,25890,9,0
2025-10-03,0.65986,0.66136,0.65885,0.66016,23400,9,0
2025-10-05,0.6579,0.6594,0.65768,0.65935,3436,9,0
2025-10-06,0.65936,0.66201,0.65898,0.6616,28195,9,0
2025-10-07,0.66162,0.6624,0.65782,0.65797,27205,9,0
2025-10-08,0.65799,0.65913,0.65562,0.6584,28965,9,0
2025-10-09,0.65842,0.66117,0.65396,0.65601,35827,9,0
2025-10-10,0.656,0.65724,0.64709,0.64749,42225,9,0
2025-10-12,0.64898,0.65126,0.64877,0.64976,4997,9,0
2025-10-13,0.64975,0.65322,0.64968,0.65115,34021,9,0
2025-10-14,0.65115,0.65207,0.64399,0.64906,44213,9,0
2025-10-15,0.64904,0.65229,0.64858,0.65073,34031,9,0
2025-10-16,0.65072,0.65155,0.64706,0.64814,42518,9,0
2025-10-17,0.64814,0.65021,0.64431,0.64939,44131,9,0
2025-10-19,0.64899,0.65055,0.64855,0.65009,1825,9,0
2025-10-20,0.65009,0.65208,0.64843,0.65157,26091,9,0
2025-10-21,0.65156,0.65246,0.64725,0.64905,31775,9,0
2025-10-22,0.64907,0.65116,0.64779,0.64877,34046,9,0
2025-10-23,0.64875,0.65175,0.64785,0.65143,24387,9,0
2025-10-24,0.65143,0.65283,0.64924,0.65125,25453,9,0
2025-10-26,0.65276,0.65434,0.65211,0.6533,2964,9,0
2025-10-27,0.6533,0.65604,0.65282,0.65578,23566,9,0
2025-10-28,0.65578,0.65902,0.6544,0.65845,22727,9,0
2025-10-29,0.65844,0.66171,0.65568,0.65761,42743,9,0
2025-10-30,0.6576,0.6597,0.65324,0.65587,37998,9,0
2025-10-31,0.65587,0.65597,0.65328,0.65448,24424,9,0
2025-11-02,0.65438,0.65479,0.65381,0.65449,1492,9,0
2025-11-03,0.65449,0.6562,0.65174,0.65378,22240,9,0
2025-11-04,0.65378,0.65378,0.64807,0.64845,31405,9,0
2025-11-05,0.64843,0.65124,0.64585,0.65091,28915,9,0
2025-11-06,0.65091,0.65182,0.64629,0.64833,31030,9,0
2025-11-07,0.64834,0.64986,0.64673,0.64947,31724,9,0
2025-11-09,0.64942,0.6502,0.64867,0.65019,1704,9,0
2025-11-10,0.65019,0.65399,0.64956,0.6534,22554,9,0
2025-11-11,0.6534,0.65374,0.65145,0.65288,21778,9,0
2025-11-12,0.65287,0.65499,0.65157,0.65359,23940,9,0
2025-11-13,0.6536,0.65798,0.65237,0.65264,36397,9,0
2025-11-14,0.65263,0.65508,0.65034,0.65351,38039,9,0
2025-11-16,0.65322,0.65352,0.65272,0.65323,1068,9,0
2025-11-17,0.65324,0.65369,0.64817,0.6492,29678,9,0
2025-11-18,0.6492,0.65178,0.64647,0.6508,36976,9,0
2025-11-19,0.6508,0.65086,0.64508,0.64897,34888,9,0
2025-11-20,0.64897,0.65021,0.6436,0.64487,43498,9,0
2025-11-21,0.64487,0.64603,0.6421,0.64538,42367,9,0
2025-11-23,0.64517,0.64654,0.64517,0.64613,1223,9,0
2025-11-24,0.64613,0.64683,0.6442,0.64648,27425,9,0
2025-11-25,0.64647,0.64753,0.64359,0.64699,31616,9,0
2025-11-26,0.64699,0.65272,0.64685,0.6523,32130,9,0
2025-11-27,0.65229,0.65392,0.6521,0.65353,16684,9,0
2025-11-28,0.65353,0.65573,0.65197,0.65483,118427,9,0
2025-11-30,0.65366,0.65528,0.65288,0.65508,1353,9,0
2025-12-01,0.65509,0.65659,0.65372,0.65412,31398,9,0
2025-12-02,0.65414,0.65732,0.65377,0.65732,23401,9,0
2025-12-03,0.65732,0.66037,0.65521,0.66034,26171,9,0
2025-12-04,0.66034,0.66236,0.66017,0.66061,28149,9,0
2025-12-05,0.66061,0.66484,0.66061,0.66408,22083,9,0
2025-12-07,0.66357,0.66394,0.66273,0.66343,1601,9,0
2025-12-08,0.66344,0.66486,0.66138,0.66264,23299,9,0
2025-12-09,0.66264,0.66537,0.66081,0.66392,29466,9,0
2025-12-10,0.66392,0.66852,0.66286,0.6673,37033,9,0
2025-12-11,0.66731,0.66783,0.66263,0.66619,33621,9,0
2025-12-12,0.66618,0.66765,0.66323,0.66524,29198,9,0
2025-12-14,0.6639,0.66501,0.66348,0.6647,1714,9,0
2025-12-15,0.6647,0.66561,0.66316,0.66411,28661,9,0
2025-12-16,0.66411,0.66606,0.6618,0.66321,37761,9,0
2025-12-17,0.66321,0.66328,0.65987,0.66001,32013,9,0
2025-12-18,0.66001,0.66303,0.65923,0.6613,33705,9,0
2025-12-19,0.66131,0.66243,0.65998,0.66106,24005,9,0
2025-12-21,0.66063,0.66119,0.66026,0.66118,1266,9,0
2025-12-22,0.66118,0.66609,0.66102,0.66571,21212,9,0
2025-12-23,0.66571,0.67022,0.66554,0.67017,24924,9,0
2025-12-24,0.67018,0.67169,0.66974,0.67035,24040,9,0
2025-12-25,0.66986,0.67059,0.66978,0.67048,1298,9,0
2025-12-26,0.67048,0.67243,0.66967,0.67133,22538,9,0
2025-12-28,0.67016,0.67153,0.66977,0.67139,1407,9,0
2025-12-29,0.67139,0.67269,0.66826,0.66945,29838,9,0
2025-12-30,0.66946,0.67172,0.66877,0.66956,22588,9,0
2025-12-31,0.66956,0.67009,0.66596,0.66728,24220,9,0
2026-01-01,0.66691,0.66795,0.66661,0.66779,951,9,0
2026-01-02,0.66781,0.67066,0.66763,0.66939,27675,9,0
2026-01-04,0.66799,0.66929,0.66757,0.66833,2010,9,0
2026-01-05,0.66833,0.67185,0.66623,0.67127,31981,9,0
2026-01-06,0.67127,0.67414,0.6703,0.67342,28017,9,0
2026-01-07,0.67344,0.67659,0.67168,0.67216,29565,9,0
2026-01-08,0.67216,0.6725,0.66815,0.66982,26642,9,0
2026-01-09,0.66981,0.67027,0.66632,0.6687,28655,9,0
2026-01-11,0.66781,0.66881,0.66781,0.66855,1044,9,0
2026-01-12,0.66856,0.67218,0.6683,0.67077,26190,9,0
2026-01-13,0.67077,0.67266,0.66728,0.66823,27950,9,0
2026-01-14,0.66821,0.67019,0.66728,0.66815,30497,9,0
2026-01-15,0.66815,0.67093,0.6667,0.67006,26254,9,0
2026-01-16,0.67005,0.67092,0.66708,0.66827,22445,9,0
2026-01-18,0.66695,0.66903,0.66651,0.66875,1943,9,0
2026-01-19,0.66874,0.67168,0.66765,0.67088,20818,9,0
2026-01-20,0.67089,0.67465,0.67065,0.67306,35099,9,0
2026-01-21,0.67307,0.67773,0.67271,0.67538,34960,9,0
2026-01-22,0.67539,0.68439,0.67535,0.68389,28906,9,0
2026-01-23,0.68389,0.68984,0.68338,0.68957,30056,9,0
2026-01-25,0.6921,0.69293,0.6904,0.69135,2728,9,0
2026-01-26,0.69136,0.69403,0.69059,0.69133,37671,9,0
2026-01-27,0.69133,0.70155,0.69011,0.69963,41799,9,0
2026-01-28,0.69963,0.7049,0.69766,0.70385,59008,9,0
2026-01-29,0.70391,0.70938,0.69685,0.7047,79918,9,0
2026-01-30,0.70469,0.70525,0.69399,0.69641,87252,9,0
2026-02-01,0.69454,0.6952,0.69203,0.6943,4375,9,0
2026-02-02,0.69434,0.69703,0.69083,0.6957,84274,9,0
2026-02-03,0.6957,0.70499,0.69559,0.70224,68753,9,0
2026-02-04,0.70225,0.70426,0.69711,0.69936,59884,9,0
2026-02-05,0.69942,0.70068,0.69121,0.69155,72274,9,0
2026-02-06,0.69155,0.70244,0.68968,0.70154,47329,9,0
2026-02-08,0.70114,0.70365,0.70035,0.70354,2139,9,0
2026-02-09,0.70354,0.70984,0.70135,0.7083,42093,9,0
2026-02-10,0.7083,0.709,0.70641,0.70732,37220,9,0
2026-02-11,0.70733,0.71427,0.70715,0.71242,59011,9,0
2026-02-12,0.71242,0.71467,0.70755,0.70877,56493,9,0
2026-02-13,0.70876,0.70969,0.70435,0.70722,59532,9,0
2026-02-15,0.70593,0.70717,0.70517,0.70705,1492,9,0
2026-02-16,0.70711,0.70963,0.70668,0.70719,22385,9,0
2026-02-17,0.70721,0.70896,0.7028,0.70815,50648,9,0
2026-02-18,0.70815,0.70844,0.70345,0.70424,33559,9,0
2026-02-19,0.70426,0.70798,0.70237,0.70552,44914,9,0
2026-02-20,0.70552,0.7094,0.70152,0.70834,65419,9,0
2026-02-22,0.70682,0.71114,0.70679,0.71114,2319,9,0
2026-02-23,0.71113,0.71113,0.70481,0.70594,44199,9,0
2026-02-24,0.70594,0.70733,0.70264,0.70579,37450,9,0
2026-02-25,0.70579,0.71257,0.70567,0.71195,37412,9,0
2026-02-26,0.71195,0.71362,0.70666,0.7102,44160,9,0
2026-02-27,0.71021,0.71317,0.70863,0.71148,45698,9,0
2026-03-01,0.70507,0.70855,0.7043,0.70558,4341,9,0
2026-03-02,0.70558,0.71163,0.70448,0.71021,82072,9,0
2026-03-03,0.7102,0.71223,0.69439,0.70385,119603,9,0
2026-03-04,0.70386,0.70829,0.69843,0.7075,102129,9,0
2026-03-05,0.70748,0.70887,0.69733,0.70088,100663,9,0
2026-03-06,0.70088,0.70469,0.69766,0.70289,96049,9,0
2026-03-08,0.69863,0.69907,0.69632,0.69685,7166,9,0
2026-03-09,0.69686,0.70818,0.6956,0.70675,122038,9,0
2026-03-10,0.70673,0.7168,0.7053,0.71191,89305,9,0
2026-03-11,0.71192,0.71869,0.71162,0.71288,74227,9,0
2026-03-12,0.71287,0.71604,0.70711,0.7076,71542,9,0
2026-03-13,0.70759,0.70919,0.69796,0.69805,66068,9,0
2026-03-15,0.69861,0.7006,0.69855,0.70046,4769,9,0
2026-03-16,0.70045,0.70821,0.69965,0.70668,55282,9,0
2026-03-17,0.70668,0.71178,0.70489,0.71082,54331,9,0
2026-03-18,0.71082,0.7123,0.70178,0.70289,59129,9,0
2026-03-19,0.70288,0.71083,0.69995,0.70798,103619,9,0
2026-03-20,0.70798,0.70968,0.70049,0.70209,70966,9,0
2026-03-22,0.69926,0.70132,0.69926,0.70098,4607,9,0
2026-03-23,0.70099,0.70621,0.69103,0.7008,173910,9,0
2026-03-24,0.70079,0.70143,0.69381,0.69943,110374,9,0
2026-03-25,0.69944,0.70035,0.69389,0.69423,68436,9,0
2026-03-26,0.69422,0.69565,0.68753,0.68859,60639,9,0
2026-03-27,0.68857,0.69117,0.68641,0.68752,54996,9,0
2026-03-29,0.68644,0.68667,0.68459,0.68502,4790,9,0
2026-03-30,0.68504,0.68738,0.68329,0.68449,54814,9,0
2026-03-31,0.6845,0.69209,0.68339,0.69198,80059,9,0
2026-04-01,0.69197,0.69634,0.68995,0.69228,65880,9,0
2026-04-02,0.69226,0.69404,0.68595,0.6909,72143,9,0
2026-04-03,0.6909,0.69138,0.68783,0.68926,13647,9,0
2026-04-05,0.68858,0.68904,0.68755,0.68844,3464,9,0
2026-04-06,0.68844,0.69377,0.6884,0.69161,40465,9,0
2026-04-07,0.69161,0.7077,0.68982,0.7076,73334,9,0
2026-04-08,0.70761,0.70844,0.70284,0.70386,71898,9,0
2026-04-09,0.70387,0.70945,0.70218,0.70747,45008,9,0
2026-04-10,0.70749,0.70935,0.70533,0.70669,35133,9,0
2026-04-12,0.69893,0.70217,0.69891,0.70191,3758,9,0
2026-04-13,0.70192,0.71021,0.70163,0.70987,41253,9,0
2026-04-14,0.70988,0.71475,0.70767,0.71284,36074,9,0
2026-04-15,0.71283,0.71771,0.7122,0.71749,35966,9,0
2026-04-16,0.71748,0.7197,0.7152,0.71582,39068,9,0
2026-04-17,0.7158,0.72214,0.71536,0.7169,44440,9,0
2026-04-19,0.71216,0.71443,0.71089,0.71344,3673,9,0
2026-04-20,0.71346,0.71824,0.71317,0.71732,40196,9,0
2026-04-21,0.71733,0.71855,0.71297,0.71556,47471,9,0
2026-04-22,0.71555,0.71758,0.71461,0.71573,36030,9,0
2026-04-23,0.71573,0.71664,0.71109,0.71289,54549,9,0
2026-04-24,0.71291,0.71547,0.71144,0.71514,38392,9,0
2026-04-26,0.71273,0.71463,0.71252,0.71419,1876,9,0
2026-04-27,0.71421,0.71996,0.71421,0.71901,31189,9,0
2026-04-28,0.71903,0.71942,0.71506,0.71865,40549,9,0
2026-04-29,0.71865,0.71893,0.71012,0.71275,47549,9,0
2026-04-30,0.71277,0.72044,0.71097,0.72,52992,9,0
2026-05-01,0.72002,0.72274,0.7183,0.71988,34310,9,0
2026-05-03,0.72128,0.72195,0.72073,0.72089,2055,9,0
2026-05-04,0.72088,0.72169,0.7153,0.71669,48359,9,0
2026-05-05,0.71669,0.72078,0.71354,0.72027,37044,9,0
2026-05-06,0.72028,0.72771,0.72018,0.72347,50294,9,0
2026-05-07,0.72345,0.72636,0.72007,0.7208,43914,9,0
2026-05-08,0.72081,0.72489,0.71998,0.72462,36424,9,0
2026-05-10,0.72223,0.72379,0.72149,0.72339,2130,9,0
2026-05-11,0.72339,0.72589,0.72249,0.72455,29561,9,0
2026-05-12,0.72455,0.72455,0.72086,0.72369,39170,9,0
2026-05-13,0.72367,0.72714,0.72304,0.72539,33103,9,0
2026-05-14,0.7254,0.7264,0.72128,0.72134,33615,9,0
2026-05-15,0.72135,0.72176,0.71395,0.71461,46150,9,0
2026-05-17,0.71419,0.71537,0.71274,0.71292,2865,9,0
2026-05-18,0.71293,0.71838,0.71183,0.71699,50196,9,0
2026-05-19,0.717,0.71722,0.70792,0.71037,44046,9,0
2026-05-20,0.71035,0.71736,0.70867,0.71489,47501,9,0
2026-05-21,0.7149,0.7168,0.70996,0.71476,54030,9,0
2026-05-22,0.71476,0.71476,0.7116,0.71279,33495,9,0
2026-05-24,0.71295,0.71613,0.71276,0.71562,2202,9,0
2026-05-25,0.71563,0.71815,0.7152,0.71676,19488,9,0
2026-05-26,0.71677,0.7176,0.71549,0.71702,27944,9,0
2026-05-27,0.71701,0.71791,0.71235,0.71324,37299,9,0
2026-05-28,0.71325,0.71694,0.70975,0.71627,37529,9,0
2026-05-29,0.71625,0.72,0.71489,0.71837,31131,9,0
2026-05-31,0.71658,0.71834,0.71658,0.71798,1838,9,0
2026-06-01,0.71798,0.719,0.71344,0.7164,32437,9,0
2026-06-02,0.71641,0.71875,0.71525,0.71728,26238,9,0
2026-06-03,0.71728,0.71814,0.71247,0.71336,31431,9,0
2026-06-04,0.71334,0.71483,0.71222,0.71305,29707,9,0
2026-06-05,0.71303,0.71433,0.70373,0.70416,39747,9,0
2026-06-07,0.70235,0.70429,0.70215,0.70423,3077,9,0
2026-06-08,0.70421,0.70777,0.70342,0.70385,50174,9,0
2026-06-09,0.70384,0.70701,0.70048,0.70238,51681,9,0
2026-06-10,0.70237,0.70369,0.6987,0.69935,59423,9,0
2026-06-11,0.69937,0.70547,0.69786,0.7047,59103,9,0
2026-06-12,0.70469,0.70593,0.70208,0.7044,46689,9,0
2026-06-14,0.70418,0.7087,0.70369,0.70743,3496,9,0
2026-06-15,0.70742,0.70879,0.70641,0.70713,27287,9,0
2026-06-16,0.70711,0.70792,0.70419,0.70648,26856,9,0
2026-06-17,0.70648,0.70751,0.69947,0.7018,42330,9,0
2026-06-18,0.70181,0.70411,0.70006,0.70122,37048,9,0
2026-06-19,0.70123,0.70237,0.69891,0.70113,26549,9,0
2026-06-21,0.70092,0.7011,0.69958,0.7002,1889,9,0
2026-06-22,0.70021,0.70187,0.69934,0.69938,31694,9,0
2026-06-23,0.69937,0.69937,0.69066,0.69148,35441,9,0
2026-06-24,0.69149,0.69229,0.68822,0.68981,38915,9,0
2026-06-25,0.68981,0.69269,0.68864,0.68999,40368,9,0
2026-06-26,0.69001,0.69165,0.68752,0.68941,35841,9,0
2026-06-28,0.68895,0.68972,0.68835,0.68956,1544,9,0
2026-06-29,0.68955,0.69039,0.6877,0.68818,29427,9,0
2026-06-30,0.68817,0.69294,0.68649,0.69117,29741,9,0
2026-07-01,0.69118,0.69155,0.68825,0.68893,29293,9,0
2026-07-02,0.68893,0.69427,0.68837,0.69154,42685,9,0
2026-07-03,0.69153,0.6949,0.69104,0.69377,20506,9,0
2026-07-05,0.69342,0.69417,0.69323,0.69361,1268,9,0
2026-07-06,0.69361,0.696,0.69215,0.69546,24531,9,0
2026-07-07,0.69547,0.69595,0.69178,0.69218,28133,9,0
2026-07-08,0.6922,0.69461,0.69061,0.69355,41646,9,0
2026-07-09,0.69356,0.69467,0.69247,0.69427,25740,9,0
2026-07-10,0.69427,0.69693,0.69333,0.69528,26979,9,0
2026-07-12,0.69461,0.69477,0.69318,0.69415,1957,9,0
2026-07-13,0.69417,0.69492,0.69127,0.69191,33287,9,0
2026-07-14,0.69192,0.69924,0.69125,0.69758,40202,9,0
2026-07-15,0.69759,0.70207,0.69753,0.70073,30574,9,0
2026-07-16,0.70073,0.70121,0.69858,0.69997,28351,9,0
2026-07-17,0.69996,0.70006,0.69657,0.69807,29600,9,0
2026-07-19,0.69632,0.69783,0.69603,0.69782,2060,9,0
2026-07-20,0.69783,0.70143,0.69744,0.70001,28524,9,0
2026-07-21,0.69999,0.70262,0.69959,0.70001,24279,9,0
2026-07-22,0.70001,0.7012,0.69799,0.69888,26106,9,0
2026-07-23,0.69888,0.70207,0.69618,0.69667,32929,9,0
2026-07-24,0.69666,0.70006,0.69657,0.69822,25692,9,0
2026-07-26,0.69981,0.70059,0.69884,0.69938,2084,9,0
2026-07-27,0.69938,0.70107,0.69844,0.69863,27346,9,0
2026-07-28,0.69864,0.69961,0.69622,0.69741,28696,9,0
2026-07-29,0.69741,0.69882,0.6922,0.69585,45184,9,0
2026-07-30,0.69586,0.70327,0.69459,0.70243,41114,9,0
2026-07-31,0.70244,0.70441,0.69911,0.70308,35115,9,0
2026-08-02,0.70411,0.70494,0.70336,0.70449,2469,9,0
2026-08-03,0.7045,0.70497,0.69837,0.69967,26695,9,0
2026-08-04,0.69967,0.70489,0.69965,0.70459,26597,9,0
2026-08-05,0.7046,0.70641,0.70393,0.70567,26254,9,0
2026-08-06,0.70567,0.70598,0.70225,0.70328,24107,9,0
2026-08-07,0.70328,0.70773,0.70221,0.70668,24503,9,0
2026-08-09,0.70618,0.70678,0.70547,0.70616,1316,9,0
2026-08-10,0.70617,0.70736,0.70513,0.70548,21335,9,0
2026-08-11,0.70549,0.70689,0.70392,0.70633,23813,9,0
2026-08-12,0.70633,0.70907,0.70537,0.70632,24385,9,0
2026-08-13,0.70632,0.7067,0.70435,0.70631,23097,9,0
2026-08-14,0.70631,0.70953,0.70551,0.70839,19301,9,0
2026-08-16,0.70798,0.70887,0.70774,0.70845,1035,9,0
2026-08-17,0.70845,0.71292,0.70845,0.71081,23114,9,0
2026-08-18,0.71081,0.71192,0.70792,0.70809,22505,9,0
2026-08-19,0.7081,0.71286,0.70666,0.71223,34963,9,0
2026-08-20,0.71223,0.71323,0.71023,0.71185,33195,9,0
2026-08-21,0.71185,0.71796,0.71185,0.717,26157,9,0
2026-08-23,0.7159,0.71711,0.71571,0.7171,1493,9,0
2026-08-24,0.7171,0.71764,0.71619,0.71642,5066,9,0
