time,open,high,low,close,tick_volume,spread,real_volume
2020-01-01,7170.0,7237.78,7144.28,7178.98,79506,669,0
2020-01-02,7179.0,7187.27,6900.59,6948.27,81379,611,0
2020-01-03,6948.31,7401.21,6850.08,7335.89,83253,728,0
2020-01-04,7336.26,7392.38,7264.1,7343.15,80050,709,0
2020-01-05,7342.99,7485.26,7306.86,7350.96,81088,617,0
2020-01-06,7351.0,7788.99,7340.7,7748.85,81374,538,0
2020-01-07,7749.01,8194.27,7711.92,8146.92,83745,776,0
2020-01-08,8146.42,8448.21,7859.45,8035.66,84848,354,0
2020-01-09,8035.44,8035.44,7733.96,7802.75,83576,687,0
2020-01-10,7802.62,8182.53,7663.97,8181.07,84253,403,0
2020-01-11,8182.75,8272.11,7990.09,8013.3,83331,791,0
2020-01-12,8011.36,8172.88,7945.13,8168.05,82331,739,0
2020-01-13,8168.53,8184.64,8036.9,8096.74,81984,709,0
2020-01-14,8098.21,8872.1,8093.81,8799.34,85375,723,0
2020-01-15,8796.67,8889.26,8546.28,8800.06,84322,910,0
2020-01-16,8800.22,8842.95,8573.76,8705.9,83391,937,0
2020-01-17,8705.78,9001.67,8653.55,8882.11,83633,946,0
2020-01-18,8881.83,8967.15,8793.63,8896.32,82864,722,0
2020-01-19,8894.03,9167.84,8469.28,8689.14,83801,773,0
2020-01-20,8688.29,8728.74,8502.43,8625.8,82473,860,0
2020-01-21,8625.88,8761.01,8481.61,8717.21,82392,896,0
2020-01-22,8717.41,8784.0,8562.8,8655.92,82128,902,0
2020-01-23,8655.95,8660.09,8273.11,8376.04,83407,958,0
2020-01-24,8376.4,8506.71,8213.03,8419.59,83015,867,0
2020-01-25,8419.69,8429.32,8254.15,8319.22,81884,1041,0
2020-01-26,8319.46,8594.28,8271.58,8593.46,82152,925,0
2020-01-27,8593.78,8987.03,8549.48,8889.69,83471,856,0
2020-01-28,8889.72,9404.71,8877.07,9378.7,84187,707,0
2020-01-29,9378.89,9424.98,9217.2,9281.62,83474,748,0
2020-01-30,9282.48,9555.35,9178.11,9495.76,83861,732,0
2020-01-31,9496.21,9512.53,9191.29,9331.77,83494,683,0
2020-02-01,9331.91,9449.82,9280.39,9373.55,82766,629,0
2020-02-02,9373.54,9466.26,9125.43,9320.36,82911,505,0
2020-02-03,9322.05,9594.06,9215.86,9274.25,83599,562,0
2020-02-04,9274.62,9338.71,9071.52,9162.91,83174,795,0
2020-02-05,9163.16,9746.82,9141.62,9600.42,83582,909,0
2020-02-06,9600.32,9846.4,9515.47,9744.62,83860,955,0
2020-02-07,9744.43,9857.82,9693.75,9795.36,83117,1068,0
2020-02-08,9795.7,9931.73,9641.04,9881.78,82902,595,0
2020-02-09,9881.52,10159.76,9866.72,10146.19,81869,823,0
2020-02-10,10146.24,10178.73,9728.16,9840.72,83883,748,0
2020-02-11,9840.79,10360.07,9701.49,10251.92,82158,980,0
2020-02-12,10251.84,10452.48,10237.79,10335.39,83698,996,0
2020-02-13,10335.49,10483.92,10068.81,10222.82,84904,796,0
2020-02-14,10222.73,10371.89,10098.54,10347.18,83321,792,0
2020-02-15,10347.19,10370.77,9757.18,9897.09,83683,728,0
2020-02-16,9897.27,10035.1,9611.45,9914.43,84729,812,0
2020-02-17,9911.35,9960.82,9467.72,9700.45,85603,906,0
2020-02-18,9700.77,10270.79,9605.78,10178.64,84849,859,0
2020-02-19,10179.24,10290.39,9292.78,9580.39,84929,1121,0
2020-02-20,9578.08,9682.72,9386.08,9599.34,85074,1112,0
2020-02-21,9599.63,9760.0,9563.3,9689.68,84432,1016,0
2020-02-22,9689.77,9716.35,9540.69,9658.31,83892,1274,0
2020-02-23,9658.55,10004.14,9653.2,9962.54,84517,1048,0
2020-02-24,9962.21,10021.47,9474.74,9655.47,85780,965,0
2020-02-25,9655.9,9673.95,9226.65,9302.84,85343,935,0
2020-02-26,9303.12,9365.85,8637.2,8775.22,86818,1054,0
2020-02-27,8776.68,8965.02,8527.6,8812.67,86125,820,0
2020-02-28,8812.87,8897.44,8434.99,8705.27,86127,770,0
2020-02-29,8703.6,8800.33,8520.74,8524.32,84689,1103,0
2020-03-01,8524.59,8750.12,8394.34,8523.44,85337,861,0
2020-03-02,8524.85,8973.65,8494.84,8915.58,84920,789,0
2020-03-03,8916.57,8924.89,8657.91,8759.26,85223,816,0
2020-03-04,8759.39,8849.37,8674.5,8761.82,84059,801,0
2020-03-05,8761.92,9169.1,8761.05,9063.51,84932,868,0
2020-03-06,9063.88,9178.84,8992.81,9155.21,83998,960,0
2020-03-07,9154.96,9211.7,8854.99,8894.65,83720,974,0
2020-03-08,8894.44,8894.44,7982.94,8039.63,84766,793,0
2020-03-09,8038.96,8179.94,7626.97,7933.86,89986,485,0
2020-03-10,7934.31,8156.39,7735.04,7894.81,87133,841,0
2020-03-11,7894.83,7986.64,7587.74,7938.9,86573,529,0
2020-03-12,7938.84,7970.29,4675.58,4862.26,112494,15,0
2020-03-13,4865.77,5973.58,3900.68,5620.7,118873,7,0
2020-03-14,5620.06,5654.69,5047.55,5161.84,99024,123,0
2020-03-15,5162.54,5961.3,5092.1,5354.65,98731,117,0
2020-03-16,5354.72,5358.87,4438.45,5039.43,111092,36,0
2020-03-17,5038.9,5557.44,4938.91,5329.94,101254,270,0
2020-03-18,5330.39,5449.54,5019.35,5409.64,99131,70,0
2020-03-19,5410.2,6414.07,5264.69,6176.39,98270,272,0
2020-03-20,6176.9,6929.83,5667.51,6200.68,104669,210,0
2020-03-21,6202.11,6447.78,5861.92,6184.0,99141,427,0
2020-03-22,6185.41,6404.44,5729.62,5807.86,97419,378,0
2020-03-23,5809.22,6609.87,5690.83,6490.92,99877,351,0
2020-03-24,6491.94,6851.65,6400.35,6760.12,97128,417,0
2020-03-25,6760.4,6972.88,6462.76,6679.63,93819,374,0
2020-03-26,6680.57,6787.46,6525.18,6751.71,89032,384,0
2020-03-27,6752.21,6863.64,6266.7,6366.19,87517,331,0
2020-03-28,6366.4,6366.43,6036.22,6248.23,88909,355,0
2020-03-29,6246.7,6272.91,5873.43,5875.7,86074,280,0
2020-03-30,5876.64,6616.72,5840.23,6402.53,89019,316,0
2020-03-31,6402.29,6522.26,6335.09,6422.32,86636,453,0
2020-04-01,6422.5,6695.8,6159.47,6662.43,87600,410,0
2020-04-02,6662.26,7237.82,6571.44,6796.53,89617,410,0
2020-04-03,6797.24,7041.53,6608.03,6736.96,88543,411,0
2020-04-04,6737.08,6999.9,6657.03,6869.96,87269,372,0
2020-04-05,6869.7,6908.13,6676.44,6774.64,85409,349,0
2020-04-06,6774.1,7350.31,6770.08,7330.12,88318,396,0
2020-04-07,7329.57,7456.99,7068.67,7193.32,87172,393,0
2020-04-08,7193.37,7421.56,7149.92,7360.33,87018,394,0
2020-04-09,7357.92,7368.75,7115.01,7281.38,85452,400,0
2020-04-10,7282.2,7296.21,6745.4,6865.87,86811,412,0
2020-04-11,6865.08,6952.96,6769.55,6882.63,84828,388,0
2020-04-12,6882.29,7194.63,6776.39,6906.99,84920,356,0
2020-04-13,6905.12,6905.12,6563.75,6855.71,87668,412,0
2020-04-14,6855.79,6984.7,6766.31,6874.18,85457,362,0
2020-04-15,6873.47,6938.38,6601.49,6618.4,85913,368,0
2020-04-16,6618.57,7199.61,6433.2,7107.04,96261,95,0
2020-04-17,7107.44,7154.52,6993.07,7032.12,89935,190,0
2020-04-18,7032.28,7294.02,7012.58,7256.76,88360,391,0
2020-04-19,7257.49,7272.5,7051.3,7126.57,87933,371,0
2020-04-20,7127.04,7219.77,6749.58,6834.58,93978,151,0
2020-04-21,6834.59,6947.27,6765.46,6846.16,99509,387,0
2020-04-22,6846.52,7164.0,6821.3,7132.19,101539,373,0
2020-04-23,7132.29,7728.14,7027.74,7479.9,111526,28,0
2020-04-24,7481.13,7605.39,7392.6,7504.66,101052,432,0
2020-04-25,7504.97,7696.46,7429.07,7540.06,101208,428,0
2020-04-26,7540.23,7701.29,7474.9,7696.99,102959,428,0
2020-04-27,7697.41,7786.2,7626.08,7775.38,105798,501,0
2020-04-28,7775.91,7779.37,7646.13,7743.96,97477,197,0
2020-04-29,7744.61,8920.2,7702.39,8778.8,115830,21,0
2020-04-30,8778.51,9438.65,8407.69,8630.29,134325,219,0
2020-05-01,8629.53,9064.94,8621.52,8821.9,104647,316,0
2020-05-02,8822.01,9000.53,8751.6,8974.55,92017,487,0
2020-05-03,8974.96,9193.58,8732.7,8896.75,103152,352,0
2020-05-04,8897.66,8960.27,8517.2,8865.69,102050,202,0
2020-05-05,8866.63,9112.0,8755.46,9007.41,95965,360,0
2020-05-06,9007.63,9401.93,8900.07,9147.67,103689,153,0
2020-05-07,9146.45,10046.33,9011.22,9986.17,130946,591,0
2020-05-08,9986.44,10028.61,9702.83,9797.72,117948,182,0
2020-05-09,9797.06,9905.7,9496.71,9519.06,109874,920,0
2020-05-10,9520.35,9555.68,8071.58,8721.34,172390,98,0
2020-05-11,8719.86,9161.32,8194.77,8559.68,175765,96,0
2020-05-12,8560.72,8969.67,8525.69,8811.08,128522,98,0
2020-05-13,8810.87,9403.35,8793.13,9311.03,124562,122,0
2020-05-14,9311.93,9930.26,9247.5,9793.27,129415,137,0
2020-05-15,9793.34,9836.56,9119.92,9295.71,142842,210,0
2020-05-16,9294.93,9581.32,9200.04,9373.33,118588,579,0
2020-05-17,9373.25,9881.23,9316.04,9665.7,115008,580,0
2020-05-18,9665.65,9936.63,9435.68,9721.62,116860,264,0
2020-05-19,9721.79,9884.05,9441.08,9771.05,116864,111,0
2020-05-20,9771.54,9827.74,9294.6,9504.38,112050,246,0
2020-05-21,9504.49,9562.59,8797.45,9050.38,126534,327,0
2020-05-22,9050.76,9255.41,8915.68,9160.01,111129,773,0
2020-05-23,9160.08,9305.16,9075.8,9171.68,101296,674,0
2020-05-24,9171.75,9298.19,8643.48,8701.37,109408,367,0
2020-05-25,8702.72,8974.63,8608.2,8894.57,110768,456,0
2020-05-26,8895.08,9009.9,8683.69,8841.06,106523,482,0
2020-05-27,8840.73,9221.53,8808.84,9201.31,89592,458,0
2020-05-28,9200.93,9619.19,9101.56,9577.34,93234,56,0
2020-05-29,9577.95,9607.38,9314.71,9414.36,89685,334,0
2020-05-30,9414.33,9731.58,9309.86,9697.03,91524,76,0
2020-05-31,9697.38,9699.12,9360.76,9435.25,92437,258,0
2020-06-01,9431.97,10377.05,9405.31,10202.55,94289,310,0
2020-06-02,10203.35,10226.12,9266.29,9515.02,93676,33,0
2020-06-03,9515.41,9677.25,9370.09,9664.47,90605,74,0
2020-06-04,9665.04,9879.02,9443.76,9779.72,92750,262,0
2020-06-05,9778.79,9846.28,9586.77,9605.12,93571,431,0
2020-06-06,9604.62,9727.07,9523.06,9659.04,87963,246,0
2020-06-07,9660.2,9804.75,9374.49,9740.63,92828,420,0
2020-06-08,9741.6,9800.06,9639.39,9777.37,88832,675,0
2020-06-09,9776.78,9877.22,9537.12,9769.68,90115,814,0
2020-06-10,9771.01,9994.47,9678.67,9884.92,89348,415,0
2020-06-11,9885.03,9960.33,9068.35,9263.73,95215,188,0
2020-06-12,9263.9,9543.5,9221.73,9454.98,88572,587,0
2020-06-13,9455.46,9485.16,9340.29,9470.45,86760,504,0
2020-06-14,9470.49,9477.07,9237.88,9323.0,86902,570,0
2020-06-15,9321.97,9499.89,8891.14,9429.82,94571,228,0
2020-06-16,9429.96,9592.32,9375.47,9522.83,90907,172,0
2020-06-17,9522.94,9552.51,9222.1,9455.79,89933,528,0
2020-06-18,9456.44,9478.25,9263.15,9369.19,87755,584,0
2020-06-19,9369.24,9420.74,9219.43,9293.08,89263,399,0
2020-06-20,9293.06,9389.45,9145.05,9351.85,89127,580,0
2020-06-21,9351.21,9410.7,9258.41,9280.62,89001,289,0
2020-06-22,9280.05,9777.36,9257.75,9688.43,89005,266,0
2020-06-23,9689.03,9718.82,9569.09,9626.15,87477,421,0
2020-06-24,9626.22,9667.56,9185.78,9276.28,89826,547,0
2020-06-25,9276.95,9330.97,8981.17,9236.26,90559,252,0
2020-06-26,9235.48,9288.15,9017.83,9150.55,88653,427,0
2020-06-27,9150.58,9182.67,8821.37,8998.68,88257,1073,0
2020-06-28,8998.65,9187.78,8920.68,9108.42,85981,1139,0
2020-06-29,9104.56,9231.6,9006.17,9184.89,86919,1037,0
2020-06-30,9185.36,9198.81,9049.2,9133.54,84760,809,0
2020-07-01,9133.46,9293.8,9072.72,9236.41,85167,538,0
2020-07-02,9236.53,9260.98,8925.13,9085.87,86701,580,0
2020-07-03,9085.96,9128.04,9030.88,9054.41,83909,865,0
2020-07-04,9055.09,9192.31,9037.21,9133.8,82893,993,0
2020-07-05,9134.06,9144.86,8883.48,9075.5,87407,861,0
2020-07-06,9074.36,9371.39,9063.13,9342.89,89929,75,0
2020-07-07,9343.27,9378.66,9191.98,9253.46,86110,453,0
2020-07-08,9252.7,9477.99,9225.64,9434.48,87330,493,0
2020-07-09,9434.23,9445.5,9155.03,9231.09,85117,661,0
2020-07-10,9230.34,9312.73,9096.97,9287.96,84137,505,0
2020-07-11,9288.29,9297.92,9172.62,9229.66,82783,646,0
2020-07-12,9229.81,9339.66,9150.88,9291.32,84433,495,0
2020-07-13,9294.76,9337.38,9191.34,9235.84,84334,391,0
2020-07-14,9235.59,9277.28,9101.48,9252.1,83034,119,0
2020-07-15,9252.08,9271.57,9152.75,9189.49,82666,457,0
2020-07-16,9189.64,9214.69,9018.12,9129.83,84448,787,0
2020-07-17,9129.97,9180.79,9051.71,9153.96,81382,737,0
2020-07-18,9154.11,9205.67,9119.14,9173.26,81754,661,0
2020-07-19,9173.57,9230.47,9099.29,9209.8,82590,632,0
2020-07-20,9209.74,9223.16,9126.63,9156.4,82915,662,0
2020-07-21,9156.33,9441.06,9149.52,9388.46,85429,365,0
2020-07-22,9388.6,9559.42,9263.81,9533.72,83763,355,0
2020-07-23,9533.91,9677.56,9445.56,9612.06,87349,716,0
2020-07-24,9611.11,9643.8,9462.96,9545.77,86758,697,0
2020-07-25,9545.81,9743.89,9530.58,9705.15,87217,601,0
2020-07-26,9704.66,10151.29,9652.81,9930.53,89619,137,0
2020-07-27,9927.25,11391.13,9920.4,11032.95,100784,582,0
2020-07-28,11033.31,11250.85,10579.93,10923.24,98087,575,0
2020-07-29,10923.58,11335.1,10837.49,11101.98,91965,326,0
2020-07-30,11101.29,11183.15,10827.76,11111.53,87098,1154,0
2020-07-31,11111.64,11440.75,10973.36,11340.89,88751,1078,0
2020-08-01,11341.07,11853.98,11219.49,11793.99,91758,642,0
2020-08-02,11794.2,12087.92,10528.42,11055.68,99739,1389,0
2020-08-03,11058.5,11462.91,10919.42,11221.96,90606,1431,0
2020-08-04,11222.12,11398.59,11007.49,11186.67,90495,1461,0
2020-08-05,11186.83,11785.1,11070.32,11739.7,89304,1304,0
2020-08-06,11739.75,11897.41,11566.6,11760.36,89289,1180,0
2020-08-07,11760.42,11897.74,11329.79,11594.76,89124,608,0
2020-08-08,11594.9,11804.53,11515.23,11764.6,85239,574,0
2020-08-09,11764.46,11797.34,11522.22,11677.92,85844,529,0
2020-08-10,11678.26,12062.9,11478.34,11892.14,90015,302,0
2020-08-11,11892.05,11937.06,11118.27,11373.81,92439,360,0
2020-08-12,11374.63,11615.13,11143.82,11568.64,87991,838,0
2020-08-13,11568.88,11793.72,11269.24,11789.7,88386,439,0
2020-08-14,11789.8,11862.64,11646.76,11769.14,86077,655,0
2020-08-15,11769.08,11981.77,11699.66,11856.84,88503,521,0
2020-08-16,11856.97,11929.65,11673.78,11915.27,87140,470,0
2020-08-17,11915.73,12467.41,11745.4,12293.95,91036,581,0
2020-08-18,12293.91,12394.04,11821.54,11948.26,90230,915,0
2020-08-19,11948.51,12017.85,11580.0,11760.01,92320,463,0
2020-08-20,11760.09,11890.39,11665.85,11862.64,85428,829,0
2020-08-21,11863.15,11884.8,11485.19,11518.92,87253,1003,0
2020-08-22,11519.08,11689.88,11362.33,11671.04,85950,547,0
2020-08-23,11671.12,11715.03,11522.84,11650.8,84981,661,0
2020-08-24,11651.17,11827.17,11585.9,11750.92,84194,571,0
2020-08-25,11750.1,11765.89,11113.5,11319.33,89057,590,0
2020-08-26,11319.39,11535.48,11243.79,11462.15,87712,1143,0
2020-08-27,11462.43,11589.87,11124.97,11322.94,90773,1070,0
2020-08-28,11323.37,11547.81,11273.84,11530.6,86357,1124,0
2020-08-29,11530.63,11583.82,11413.51,11469.57,82852,998,0
2020-08-30,11469.93,11719.27,11456.33,11714.93,84223,1066,0
2020-08-31,11715.13,11776.63,11569.95,11652.19,84786,785,0
2020-09-01,11652.79,12056.45,11511.58,11922.62,87342,599,0
2020-09-02,11921.83,11951.69,11171.96,11383.65,90737,705,0
2020-09-03,11383.82,11460.38,9958.24,10150.79,97270,475,0
2020-09-04,10152.97,10630.16,9899.51,10466.71,96381,247,0
2020-09-05,10466.81,10571.34,9826.74,10163.57,105134,531,0
2020-09-06,10161.16,10352.74,9986.51,10255.3,95346,591,0
2020-09-07,10256.93,10408.53,9865.19,10378.15,93407,593,0
2020-09-08,10378.28,10441.42,9830.86,10122.39,95795,431,0
2020-09-09,10121.59,10346.54,9968.59,10222.06,87171,900,0
2020-09-10,10222.49,10492.55,10215.27,10340.02,88904,696,0
2020-09-11,10338.67,10406.76,10199.43,10391.09,86326,600,0
2020-09-12,10390.77,10475.44,10266.17,10433.32,85137,555,0
2020-09-13,10433.62,10569.14,10207.07,10320.41,86147,562,0
2020-09-14,10321.01,10754.9,10239.66,10679.07,87555,357,0
2020-09-15,10680.54,10931.15,10609.38,10779.29,87552,580,0
2020-09-16,10779.51,11086.56,10658.23,10946.19,88101,623,0
2020-09-17,10947.81,11039.96,10740.93,10941.39,86870,680,0
2020-09-18,10941.67,11043.03,10812.57,10933.87,84812,594,0
2020-09-19,10933.93,11177.02,10888.67,11076.55,82817,505,0
2020-09-20,11076.55,11077.28,10758.68,10917.51,83565,563,0
2020-09-21,10917.62,10986.34,10224.43,10419.15,88934,311,0
2020-09-22,10419.55,10576.25,10357.74,10531.61,86467,604,0
2020-09-23,10531.62,10538.96,10135.42,10239.96,86432,491,0
2020-09-24,10240.22,10796.56,10197.11,10738.16,87442,543,0
2020-09-25,10735.58,10762.73,10556.62,10696.1,85997,719,0
2020-09-26,10695.47,10805.63,10656.19,10736.63,84000,576,0
2020-09-27,10736.32,10804.49,10591.19,10781.25,83677,743,0
2020-09-28,10782.09,10950.85,10629.81,10695.36,86469,638,0
2020-09-29,10695.39,10861.27,10632.37,10834.83,84551,1012,0
2020-09-30,10835.32,10845.5,10658.54,10779.58,84682,818,0
2020-10-01,10779.95,10929.44,10435.44,10618.01,86809,640,0
2020-10-02,10615.51,10668.96,10379.24,10573.5,86188,674,0
2020-10-03,10573.86,10601.71,10497.95,10549.77,81448,647,0
2020-10-04,10548.09,10697.0,10518.45,10667.52,81703,571,0
2020-10-05,10667.08,10800.31,10621.7,10795.32,81344,332,0
2020-10-06,10796.07,10802.32,10522.76,10599.09,83794,564,0
2020-10-07,10598.87,10679.72,10543.07,10670.45,81738,580,0
2020-10-08,10670.21,10949.74,10530.58,10925.57,83223,586,0
2020-10-09,10925.74,11107.62,10831.17,11050.74,82789,578,0
2020-10-10,11050.05,11473.06,11048.13,11297.4,84320,650,0
2020-10-11,11297.34,11435.14,11252.24,11374.63,83305,628,0
2020-10-12,11374.77,11718.4,11156.97,11532.55,87206,190,0
2020-10-13,11532.66,11555.55,11312.72,11427.26,86314,710,0
2020-10-14,11427.18,11545.92,11288.53,11421.55,84759,686,0
2020-10-15,11421.39,11600.65,11253.9,11499.57,85189,686,0
2020-10-16,11499.5,11538.88,11185.09,11318.21,85556,597,0
2020-10-17,11318.32,11404.51,11257.94,11358.4,80065,631,0
2020-10-18,11358.69,11502.77,11344.11,11500.65,80013,786,0
2020-10-19,11499.98,11818.85,11404.12,11745.91,84583,518,0
2020-10-20,11745.73,12034.92,11673.33,11909.46,87746,536,0
2020-10-21,11909.36,13205.67,11890.11,12805.56,95787,351,0
2020-10-22,12802.1,13188.86,12690.2,12968.22,91505,408,0
2020-10-23,12969.63,13019.96,12719.58,12925.87,87876,682,0
2020-10-24,12926.16,13156.84,12872.5,13096.32,85131,631,0
2020-10-25,13095.8,13328.72,12876.1,13026.4,87148,605,0
2020-10-26,13026.65,13229.97,12765.98,13053.35,89514,566,0
2020-10-27,13053.31,13750.4,13045.15,13657.87,90267,658,0
2020-10-28,13657.9,13818.53,12887.22,13256.06,92916,202,0
2020-10-29,13257.15,13623.32,12964.48,13435.43,91803,884,0
2020-10-30,13434.74,13649.29,13116.36,13519.93,92492,663,0
2020-10-31,13520.26,14005.35,13402.89,13756.33,92781,2135,0
2020-11-01,13757.01,13849.0,13596.12,13734.92,87805,2170,0
2020-11-02,13735.05,13799.03,13198.48,13549.58,91334,702,0
2020-11-03,13550.37,14039.64,13285.75,14004.85,92614,800,0
2020-11-04,14004.97,14239.92,13520.49,14142.52,95156,979,0
2020-11-05,14143.04,15731.18,14094.95,15584.41,100445,638,0
2020-11-06,15585.3,15918.66,15188.55,15580.86,99282,696,0
2020-11-07,15580.63,15746.88,14324.99,14823.53,98622,272,0
2020-11-08,14824.79,15636.71,14728.68,15475.92,92919,1257,0
2020-11-09,15475.42,15824.78,14818.82,15324.93,100984,476,0
2020-11-10,15326.09,15466.73,15075.14,15302.2,93221,758,0
2020-11-11,15302.24,15960.5,15276.88,15690.66,94380,693,0
2020-11-12,15690.74,16320.45,15449.75,16273.0,94760,264,0
2020-11-13,16271.16,16448.34,15959.1,16305.47,90860,1232,0
2020-11-14,16305.95,16310.48,15706.05,16056.32,90415,822,0
2020-11-15,16057.15,16132.0,15780.65,15944.82,89773,949,0
2020-11-16,15949.34,16840.68,15863.74,16681.45,91656,1037,0
2020-11-17,16683.47,17814.71,16531.81,17641.39,97604,1422,0
2020-11-18,17642.51,18436.31,17198.53,17763.55,108864,266,0
2020-11-19,17765.61,18151.86,17337.41,17788.41,102277,1380,0
2020-11-20,17788.62,18776.33,17741.56,18629.01,98248,1780,0
2020-11-21,18630.2,18914.5,18299.25,18656.45,96353,3557,0
2020-11-22,18656.82,18708.96,17606.73,18393.49,104116,546,0
2020-11-23,18397.55,18735.09,17985.39,18363.15,101336,1627,0
2020-11-24,18362.1,19403.55,18051.29,19140.56,102569,1512,0
2020-11-25,19139.24,19463.12,18478.72,18716.02,98220,1438,0
2020-11-26,18712.28,18894.23,16212.15,17168.14,123549,282,0
2020-11-27,17168.02,17474.83,16391.28,17143.54,101740,86,0
2020-11-28,17144.08,17868.37,16875.25,17723.1,93354,854,0
2020-11-29,17718.52,18324.52,17524.28,18172.46,94280,1760,0
2020-11-30,18173.73,19810.38,18173.13,19659.11,102464,1826,0
2020-12-01,19660.06,19888.68,18074.02,18778.19,108760,498,0
2020-12-02,18781.32,19311.91,18333.55,19211.37,102335,196,0
2020-12-03,19209.17,19597.64,18863.01,19431.95,95162,1306,0
2020-12-04,19432.2,19524.62,18560.72,18645.36,95711,499,0
2020-12-05,18643.96,19159.93,18476.29,19127.67,90889,1681,0
2020-12-06,19128.54,19389.43,18865.44,19356.93,90416,1510,0
2020-12-07,19357.06,19398.33,18892.03,19171.92,89389,949,0
2020-12-08,19172.34,19284.26,18186.23,18318.8,92838,279,0
2020-12-09,18318.59,18632.87,17633.38,18540.37,93685,429,0
2020-12-10,18540.43,18552.48,17898.23,18236.76,93824,1184,0
2020-12-11,18237.97,18278.42,17572.86,18025.43,95827,1089,0
2020-12-12,18029.25,18923.58,18015.12,18806.86,90132,136,0
2020-12-13,18807.5,19382.1,18711.53,19142.23,91019,1046,0
2020-12-14,19147.03,19321.43,18973.56,19252.11,89939,1289,0
2020-12-15,19252.3,19534.81,19024.69,19412.27,90789,1540,0
2020-12-16,19411.18,21485.07,19275.75,21298.59,96677,922,0
2020-12-17,21302.29,23677.39,21196.61,22780.3,115946,364,0
2020-12-18,22780.12,23239.83,22329.16,23085.32,98162,744,0
2020-12-19,23082.89,24123.23,22740.05,23813.17,99820,1168,0
2020-12-20,23811.13,24260.12,23067.51,23440.05,99761,863,0
2020-12-21,23438.31,24084.66,21908.33,22695.26,104911,151,0
2020-12-22,22699.63,23814.72,22354.09,23792.06,102870,1350,0
2020-12-23,23793.09,24080.29,22586.25,23191.47,106903,153,0
2020-12-24,23190.78,23759.33,22694.34,23687.94,99596,792,0
2020-12-25,23690.22,24720.84,23394.83,24661.96,98013,1580,0
2020-12-26,24661.88,26756.12,24433.74,26430.77,101052,1360,0
2020-12-27,26432.37,28307.45,25748.09,26222.99,113378,98,0
2020-12-28,26224.77,27461.99,26046.93,27031.92,104175,9,0
2020-12-29,27033.32,27365.6,25804.21,27330.98,97902,1511,0
2020-12-30,27331.57,28982.09,27312.67,28878.24,99222,625,0
2020-12-31,28878.55,29288.51,27754.38,28953.81,95025,70,0
2021-01-01,28956.13,29627.02,28690.07,29376.48,91824,2184,0
2021-01-02,29375.96,33241.01,29009.09,32181.44,101644,131,0
2021-01-03,32184.82,34754.87,31962.73,33025.6,107254,194,0
2021-01-04,33030.87,33606.88,28018.06,31981.48,114239,560,0
2021-01-05,31980.51,34476.43,29865.72,33987.44,116852,883,0
2021-01-06,34001.91,36956.53,33302.31,36818.94,111365,698,0
2021-01-07,36824.04,40358.89,36205.43,39439.47,116025,1490,0
2021-01-08,39433.73,41928.97,36523.17,40570.64,125465,1155,0
2021-01-09,40581.62,41381.46,38721.21,40217.14,110248,1421,0
2021-01-10,40206.56,41425.05,34698.37,38137.0,113427,207,0
2021-01-11,38137.97,38243.65,30267.36,35399.29,155784,371,0
2021-01-12,35402.66,36575.75,32478.25,34011.95,130557,387,0
2021-01-13,34011.51,37786.13,32337.96,37343.28,125710,745,0
2021-01-14,37349.15,40037.79,36708.95,39079.81,109675,964,0
2021-01-15,39077.97,39680.62,34346.19,36719.43,120041,286,0
2021-01-16,36719.71,37947.15,35354.24,35991.45,114682,132,0
2021-01-17,35990.76,36857.8,33841.73,35827.84,116651,371,0
2021-01-18,35817.74,37424.75,34760.83,36615.72,110749,691,0
2021-01-19,36609.71,37837.27,35857.46,35895.74,106511,398,0
2021-01-20,35885.55,36421.04,33344.17,35458.18,113634,1737,0
2021-01-21,35456.37,35599.45,30016.85,30820.35,129860,1628,0
2021-01-22,30825.94,33846.94,28685.64,32950.1,117441,802,0
2021-01-23,32955.3,33466.53,31393.08,32085.13,107409,557,0
2021-01-24,32083.98,33075.38,30944.56,32258.67,103965,2371,0
2021-01-25,32272.7,34850.4,31919.94,32241.95,109250,128,0
2021-01-26,32232.82,32903.87,30809.19,32481.08,114883,2458,0
2021-01-27,32471.31,32548.26,29138.75,30375.06,119245,495,0
2021-01-28,30377.91,33822.95,29840.36,33435.17,111175,133,0
2021-01-29,33439.08,38596.92,31929.93,34246.84,130889,61,0
2021-01-30,34249.14,34904.9,32782.35,34302.97,116869,311,0
2021-01-31,34305.56,34363.2,32187.1,33102.22,106340,862,0
2021-02-01,33105.24,34699.99,32286.01,33533.37,108346,250,0
2021-02-02,33533.28,35989.18,33426.54,35507.69,103285,1175,0
2021-02-03,35509.21,37648.29,35383.44,37626.17,101604,1185,0
2021-02-04,37627.67,38671.75,36164.51,36939.83,106399,1937,0
2021-02-05,36936.49,38306.75,36553.36,38233.71,99036,2421,0
2021-02-06,38239.4,40947.9,38155.37,39209.03,103780,2618,0
2021-02-07,39195.84,39695.38,37315.65,38809.1,105761,325,0
2021-02-08,38812.51,46637.52,37998.08,46348.9,111942,403,0
2021-02-09,46356.39,48181.14,44970.2,46500.29,114573,311,0
2021-02-10,46492.29,47345.22,43683.15,44779.93,108511,1695,0
2021-02-11,44774.58,48635.23,43943.65,47985.47,107029,1001,0
2021-02-12,47984.48,48893.28,46101.76,47376.75,103992,247,0
2021-02-13,47358.84,48191.78,46181.44,47195.4,101090,1297,0
2021-02-14,47198.59,49608.0,47032.66,48583.92,99681,2871,0
2021-02-15,48589.4,48994.12,45673.68,47906.74,102590,1087,0
2021-02-16,47915.45,50515.38,46971.78,49100.21,106562,1035,0
2021-02-17,49082.96,52531.86,48879.75,52047.29,102574,3305,0
2021-02-18,52038.13,52476.89,50821.11,51547.74,95759,1679,0
2021-02-19,51545.94,56288.36,50633.01,55864.67,97833,229,0
2021-02-20,55870.0,57533.99,54029.5,55837.43,100444,3243,0
2021-02-21,55815.76,58348.73,55420.88,57441.54,97415,2465,0
2021-02-22,57438.18,57535.97,47106.15,54101.76,116320,196,0
2021-02-23,54115.79,54170.34,44892.31,48854.72,147829,1284,0
2021-02-24,48867.07,51369.11,46941.09,49677.05,116797,650,0
2021-02-25,49686.74,52080.76,46659.13,47055.23,112356,622,0
2021-02-26,47056.91,48415.16,44027.8,46251.87,128081,491,0
2021-02-27,46257.57,48338.18,44965.59,46168.13,110218,1232,0
2021-02-28,46160.28,46648.35,43006.41,45257.98,117845,1174,0
2021-03-01,45211.02,49778.68,45016.5,49599.79,106204,141,0
2021-03-02,49592.84,50205.6,47042.43,48475.91,105242,2194,0
2021-03-03,48469.89,52618.37,48131.59,50305.48,103775,842,0
2021-03-04,50320.77,51759.34,47462.23,48300.91,115223,567,0
2021-03-05,48310.71,49466.54,46195.41,48745.61,110287,1200,0
2021-03-06,48742.83,49175.13,47005.49,48866.71,101067,171,0
2021-03-07,48869.42,51426.15,48869.42,50880.93,99733,2960,0
2021-03-08,50928.63,52381.73,49250.42,52381.73,102274,928,0
2021-03-09,52377.79,54877.31,51795.09,54875.84,98718,2385,0
2021-03-10,54877.12,57335.26,52966.29,55843.75,106112,1204,0
2021-03-11,55849.75,58089.27,54273.02,57745.58,105510,1227,0
2021-03-12,57747.27,58019.85,54977.94,57208.48,106225,799,0
2021-03-13,57215.46,61655.54,56006.4,61062.82,103785,592,0
2021-03-14,61070.28,61565.57,58857.85,58884.41,98404,926,0
2021-03-15,58865.19,60521.49,54555.54,55560.34,110830,3986,0
2021-03-16,55553.23,56928.91,53213.6,56902.56,110737,2973,0
2021-03-17,56904.36,58909.89,54076.25,58843.11,105975,3285,0
2021-03-18,58843.03,60072.6,56934.78,57582.39,100024,2195,0
2021-03-19,57576.9,59408.89,56203.12,57985.93,100363,1007,0
2021-03-20,57985.76,59840.15,57726.96,58099.18,96667,815,0
2021-03-21,58100.11,58580.51,55380.6,57308.9,97818,4809,0
2021-03-22,57316.29,58387.45,53629.19,53985.55,105292,5303,0
2021-03-23,53987.72,55827.82,52854.06,54257.15,106686,5515,0
2021-03-24,54263.38,57234.48,51577.61,52207.58,108114,3361,0
2021-03-25,52214.44,53145.4,50218.65,51261.93,116115,5280,0
2021-03-26,51260.78,55064.92,51159.24,55025.17,104200,1681,0
2021-03-27,55018.02,56600.07,53880.93,55786.66,99994,2618,0
2021-03-28,55780.13,56497.12,54661.51,55785.46,98565,1870,0
2021-03-29,55798.72,58315.28,54832.87,57558.31,99811,1505,0
2021-03-30,57559.56,59325.06,56961.03,58741.38,94474,3583,0
2021-03-31,58737.85,59736.28,56782.62,58743.14,100649,599,0
2021-04-01,58729.39,59407.0,57897.5,58671.75,95382,1757,0
2021-04-02,58671.06,60009.91,58345.8,58921.12,94603,1042,0
2021-04-03,58914.06,59724.38,56793.66,56985.49,94805,1209,0
2021-04-04,56990.6,58506.86,56351.48,58179.92,94028,2615,0
2021-04-05,58177.83,59260.49,56728.18,59108.82,95143,4491,0
2021-04-06,59120.81,59437.09,57297.23,57976.29,93894,421,0
2021-04-07,57975.21,58598.85,55332.68,55896.58,101065,5798,0
2021-04-08,55896.09,58137.35,55622.94,58059.29,95453,3798,0
2021-04-09,58051.66,58878.41,57636.22,58071.04,93512,3487,0
2021-04-10,58069.35,61065.18,57803.7,59756.55,94890,916,0
2021-04-11,59761.66,60598.89,59131.72,59918.94,94267,2438,0
2021-04-12,59930.3,61109.52,59343.1,59769.51,94934,3317,0
2021-04-13,59769.05,63620.51,59722.03,63458.29,95895,3508,0
2021-04-14,63464.16,64754.19,61215.7,62900.29,102391,1727,0
2021-04-15,62909.75,63757.76,61968.0,63134.21,95966,3094,0
2021-04-16,63141.5,63503.39,59922.36,61331.08,99983,5426,0
2021-04-17,61335.55,62510.2,59590.53,59948.47,92694,3492,0
2021-04-18,59948.64,60367.22,51171.65,56211.36,120035,121,0
2021-04-19,56191.95,57573.6,54150.92,55591.66,104415,250,0
2021-04-20,55606.24,57063.98,53287.22,56444.25,108234,2476,0
2021-04-21,56435.22,56769.38,53486.02,53710.05,103582,3322,0
2021-04-22,53707.92,55441.52,50345.06,51586.83,117858,3002,0
2021-04-23,51571.03,52053.81,47418.86,51126.08,124566,3508,0
2021-04-24,51126.19,51179.85,48646.86,50067.54,108741,2526,0
2021-04-25,50071.81,50585.14,46979.73,49101.36,105433,1862,0
2021-04-26,49108.87,54375.61,48767.85,54018.24,108076,453,0
2021-04-27,54019.26,55444.15,53245.69,55012.7,100014,496,0
2021-04-28,55015.01,56398.82,53787.62,54824.3,102790,1404,0
2021-04-29,54841.99,55196.63,52309.78,53525.59,100851,4509,0
2021-04-30,53526.48,57906.14,53010.03,57675.49,98968,1310,0
2021-05-01,57676.79,58445.58,56977.65,57779.59,95412,1163,0
2021-05-02,57782.29,57904.26,56003.77,56568.41,97237,1828,0
2021-05-03,56575.06,58927.44,56431.74,57168.79,99307,1077,0
2021-05-04,57184.58,57216.91,52955.78,53177.77,112805,3809,0
2021-05-05,53165.17,57948.14,52881.16,57511.41,107087,649,0
2021-05-06,57510.27,58391.36,55197.37,56418.18,103932,186,0
2021-05-07,56419.28,58694.88,55213.21,57340.74,103792,1910,0
2021-05-08,57336.4,59496.1,56913.44,58893.05,100141,848,0
2021-05-09,58894.75,59245.18,56159.95,58258.25,101750,1416,0
2021-05-10,58276.82,59553.08,53717.99,55814.83,105660,4188,0
2021-05-11,55820.12,56913.65,54389.9,56716.35,106169,5943,0
2021-05-12,56716.19,58016.15,49511.34,49811.8,113205,3337,0
2021-05-13,49821.04,51576.6,46927.59,49695.6,130670,972,0
2021-05-14,49690.98,51534.03,48813.27,49867.38,113638,963,0
2021-05-15,49866.9,50739.69,46516.2,46739.72,127090,5855,0
2021-05-16,46745.76,49787.66,43796.62,46454.83,127068,3012,0
2021-05-17,46449.38,46650.55,42058.44,43511.35,136936,4363,0
2021-05-18,43509.54,45787.45,42263.71,42816.43,129184,4443,0
2021-05-19,42818.15,43540.08,29874.24,36702.88,188979,24,0
2021-05-20,36704.68,42527.8,34947.28,40560.1,155509,315,0
2021-05-21,40562.61,42221.65,33717.5,37310.33,155039,117,0
2021-05-22,37318.69,38856.34,35252.7,37474.51,146980,289,0
2021-05-23,37474.47,38301.45,31107.82,34704.16,182070,390,0
2021-05-24,34730.47,39938.67,34416.82,38810.41,151491,334,0
2021-05-25,38812.54,39829.98,36431.86,38344.69,144899,397,0
2021-05-26,38353.41,40870.07,37825.89,39286.72,128243,722,0
2021-05-27,39287.16,40445.85,37172.47,38543.15,128147,546,0
2021-05-28,38541.21,38868.68,34664.11,35639.84,146821,582,0
2021-05-29,35642.28,37278.17,33568.6,34550.66,148942,995,0
2021-05-30,34562.19,36448.42,33305.55,35633.47,118047,688,0
2021-05-31,35630.36,37486.94,34112.79,37255.17,122181,510,0
2021-06-01,37256.7,37879.42,35654.97,36671.1,122195,1555,0
2021-06-02,36671.44,38224.19,35883.21,37572.02,106494,361,0
2021-06-03,37576.08,39456.86,37154.02,39187.78,107230,422,0
2021-06-04,39195.37,39238.3,35543.09,36828.08,120614,2683,0
2021-06-05,36827.74,37908.76,34798.61,35496.98,116236,2452,0
2021-06-06,35493.09,36454.38,35210.05,35752.17,105557,2410,0
2021-06-07,35758.73,36771.55,33289.01,33517.18,108969,1931,0
2021-06-08,33514.03,33992.14,30995.84,33389.27,127743,3454,0
2021-06-09,33381.3,37515.16,32376.09,37374.79,121635,298,0
2021-06-10,37375.13,38391.88,35787.76,36664.57,118345,185,0
2021-06-11,36666.02,37630.13,35902.14,37328.56,112149,1229,0
2021-06-12,37321.5,37419.58,34623.4,35505.27,112282,2435,0
2021-06-13,35499.92,39349.34,34736.24,38983.96,108189,352,0
2021-06-14,38981.33,40981.2,38685.53,40480.5,106975,284,0
2021-06-15,40482.83,41264.4,39474.65,40131.93,105386,763,0
2021-06-16,40132.86,40448.47,38049.63,38312.67,108503,1002,0
2021-06-17,38314.6,39505.04,37340.84,38060.65,103439,1458,0
2021-06-18,38064.71,38177.42,35098.36,35797.31,106448,2860,0
2021-06-19,35803.45,36423.21,34790.82,35472.56,103085,915,0
2021-06-20,35475.14,36124.87,33338.81,35581.87,107077,197,0
2021-06-21,35584.85,35729.09,31205.02,31573.28,135529,369,0
2021-06-22,31582.11,33315.08,28923.81,32525.57,136795,239,0
2021-06-23,32526.24,34805.19,31683.25,33672.83,123368,332,0
2021-06-24,33675.23,35236.91,32315.22,34637.96,109858,494,0
2021-06-25,34636.15,35467.74,31281.63,31570.59,115844,285,0
2021-06-26,31570.94,32639.71,30139.79,32246.12,127294,769,0
2021-06-27,32248.6,34724.46,31997.21,34704.73,110563,144,0
2021-06-28,34716.81,35290.58,33843.41,34494.97,108529,522,0
2021-06-29,34493.69,36592.82,34231.45,35876.39,107752,1720,0
2021-06-30,35884.51,36077.91,33969.09,35011.87,93909,593,0
2021-07-01,35017.11,35042.45,32678.47,33471.05,102968,675,0
2021-07-02,33478.48,33941.1,32632.56,33775.87,106755,1741,0
2021-07-03,33775.21,34955.09,33258.84,34685.93,99788,189,0
2021-07-04,34686.87,35950.56,34358.07,35279.03,95410,229,0
2021-07-05,35281.78,35286.02,33098.09,33661.31,102773,960,0
2021-07-06,33663.78,35096.0,33491.43,34226.15,105930,588,0
2021-07-07,34224.32,35063.21,33770.72,33855.86,98826,2118,0
2021-07-08,33857.09,33913.17,32060.77,32855.47,102803,1284,0
2021-07-09,32862.6,34077.92,32235.05,33787.71,99657,1899,0
2021-07-10,33791.48,34262.52,32997.07,33487.51,94889,1032,0
2021-07-11,33475.13,34587.45,33311.79,34253.18,93405,190,0
2021-07-12,34255.04,34641.84,32607.4,33046.65,94848,1845,0
2021-07-13,33044.0,33317.65,32173.85,32693.87,96729,2496,0
2021-07-14,32692.96,33080.5,31569.01,32785.42,99880,1724,0
2021-07-15,32788.99,33156.57,31083.19,31831.85,101154,1284,0
2021-07-16,31831.38,32245.96,31005.37,31375.87,100174,2071,0
2021-07-17,31375.6,31931.87,31172.45,31531.1,95396,1314,0
2021-07-18,31532.01,32401.82,31092.73,31776.13,94934,1664,0
2021-07-19,31786.87,31872.43,30377.4,30833.6,95359,1426,0
2021-07-20,30835.25,31042.03,29280.52,29759.58,101026,2624,0
2021-07-21,29766.71,32788.29,29460.6,32135.29,102870,312,0
2021-07-22,32142.66,32594.2,31713.15,32298.15,97952,315,0
2021-07-23,32299.03,33654.71,31976.13,33654.71,95345,700,0
2021-07-24,33658.38,34511.96,33391.35,34272.33,97952,1678,0
2021-07-25,34273.82,35412.93,33858.16,35386.72,98606,2489,0
2021-07-26,35388.62,40517.72,35210.18,37211.4,125977,283,0
2021-07-27,37216.42,39509.96,36362.4,39435.66,115884,428,0
2021-07-28,39435.47,40849.3,38746.49,40006.94,119166,900,0
2021-07-29,40009.2,40596.29,39214.91,40003.17,104065,264,0
2021-07-30,40002.69,42269.42,38276.05,42186.25,104874,139,0
2021-07-31,42186.98,42334.58,40996.4,41434.33,97987,2066,0
2021-08-01,41437.48,42521.61,39392.88,39838.26,102893,585,0
2021-08-02,39826.83,40414.05,38650.17,39107.52,104451,3099,0
2021-08-03,39110.38,39760.84,37583.29,38143.44,108169,1781,0
2021-08-04,38144.0,39936.27,37456.77,39703.88,101381,2263,0
2021-08-05,39701.89,41388.68,37257.42,40875.81,108259,1556,0
2021-08-06,40877.38,43335.74,39827.61,42861.49,109839,250,0
2021-08-07,42862.38,44670.38,42378.31,44559.64,109346,336,0
2021-08-08,44564.83,45264.54,43216.91,43755.23,110190,1446,0
2021-08-09,43756.39,46459.77,42721.31,46245.5,106599,248,0
2021-08-10,46245.47,46665.82,44591.92,45574.73,103881,2181,0
2021-08-11,45575.13,46696.33,45280.6,45472.71,99686,1424,0
2021-08-12,45476.09,46145.27,43675.61,44366.59,103103,1132,0
2021-08-13,44368.54,47863.96,44180.96,47777.1,97359,2811,0
2021-08-14,47777.92,48105.92,45983.02,47080.72,97580,614,0
2021-08-15,47075.59,47363.17,45464.73,46958.9,100738,1054,0
2021-08-16,46963.26,48014.62,45609.24,45870.36,100343,2661,0
2021-08-17,45873.52,47158.64,44307.41,44594.79,106307,2478,0
2021-08-18,44599.87,46030.1,44111.09,44620.96,104323,2366,0
2021-08-19,44605.38,47008.55,43867.05,46729.78,104666,679,0
2021-08-20,46729.63,49336.86,46600.49,49287.73,96929,2589,0
2021-08-21,49293.74,49758.14,48238.37,48812.53,96225,2806,0
2021-08-22,48814.0,49481.93,48040.45,49263.62,94880,1241,0
2021-08-23,49256.0,50466.66,49000.08,49471.7,93727,1439,0
2021-08-24,49451.95,49858.07,47482.59,47624.11,97287,162,0
2021-08-25,47638.25,49222.74,47077.22,48929.5,99498,2631,0
2021-08-26,48938.03,49333.25,46244.58,46800.2,101130,1366,0
2021-08-27,46801.17,49143.22,46276.83,49072.15,97477,3009,0
2021-08-28,49073.64,49318.39,48337.73,48886.77,91455,1672,0
2021-08-29,48888.18,49664.61,47700.96,48746.82,95157,1947,0
2021-08-30,48750.29,48883.93,46792.34,46937.83,95682,2004,0
2021-08-31,46930.5,48219.18,46645.52,47082.9,96271,1976,0
2021-09-01,47078.06,49074.03,46491.55,48818.43,94717,220,0
2021-09-02,48820.26,50357.73,48580.41,49218.1,93824,2426,0
2021-09-03,49222.74,51017.61,48310.13,50023.74,96200,2131,0
2021-09-04,50021.29,50528.03,49346.12,49902.99,90529,786,0
2021-09-05,49891.39,51812.88,49409.67,51714.53,90415,2903,0
2021-09-06,51716.42,52737.2,50962.65,52641.69,89960,3138,0
2021-09-07,52636.88,52863.64,42835.92,46843.88,107189,560,0
2021-09-08,46852.63,47349.0,44349.48,46015.04,115330,625,0
2021-09-09,46024.45,47389.55,45482.61,46362.88,104383,1028,0
2021-09-10,46368.92,47031.42,44006.16,44844.79,106772,1898,0
2021-09-11,44846.89,45975.31,44682.09,45150.77,97815,3977,0
2021-09-12,45151.07,46403.94,44696.12,45995.42,97088,2335,0
2021-09-13,46005.93,46843.9,43372.04,44907.88,112735,2044,0
2021-09-14,44909.57,47236.08,44607.52,47100.25,98207,167,0
2021-09-15,47085.02,48448.3,46643.09,48117.12,94019,1175,0
2021-09-16,48116.28,48485.08,46977.69,47748.68,95027,97,0
2021-09-17,47749.43,48161.4,46702.64,47283.85,95679,1002,0
2021-09-18,47286.67,48784.88,47018.94,48284.63,94265,2851,0
2021-09-19,48288.83,48365.43,46799.48,47244.52,94891,2712,0
2021-09-20,47250.44,47342.19,42439.41,42999.33,118003,1745,0
2021-09-21,43000.41,43615.41,39562.77,40689.07,127448,407,0
2021-09-22,40696.92,44025.84,40519.75,43575.52,111518,503,0
2021-09-23,43576.06,44947.8,43097.47,44868.78,104403,184,0
2021-09-24,44856.85,45144.59,40589.57,42840.75,118584,216,0
2021-09-25,42845.05,42979.83,41650.96,42683.64,104389,605,0
2021-09-26,42681.33,43930.92,40712.77,43165.92,107277,231,0
2021-09-27,43149.81,44362.66,42044.91,42137.51,104907,573,0
2021-09-28,42146.37,42775.03,40845.81,40980.51,108223,1331,0
2021-09-29,40991.11,42590.44,40704.29,41479.2,101924,1449,0
2021-09-30,41465.98,44054.06,41359.45,43756.71,99692,147,0
2021-10-01,43759.96,48433.33,43225.57,48096.02,104388,279,0
2021-10-02,48099.9,48307.48,47408.25,47636.14,92473,3572,0
2021-10-03,47640.51,49170.81,47033.52,48181.41,94167,2059,0
2021-10-04,48181.06,49475.96,46845.42,49186.39,103637,1609,0
2021-10-05,49196.07,51857.01,48981.07,51393.07,102461,3613,0
2021-10-06,51394.49,55652.42,50323.6,55290.08,104607,2207,0
2021-10-07,55288.92,55311.21,53319.85,53754.17,102224,660,0
2021-10-08,53758.55,55991.14,53560.33,53916.25,101419,1878,0
2021-10-09,53914.51,55394.98,53589.4,54895.82,96809,2631,0
2021-10-10,54888.26,56414.96,53999.84,54630.85,103402,874,0
2021-10-11,54619.89,57779.43,54357.15,57401.52,99642,4029,0
2021-10-12,57411.03,57609.7,53821.99,55948.23,103154,716,0
2021-10-13,55933.11,57743.27,54192.3,57324.28,93783,207,0
2021-10-14,57326.54,58488.59,56734.54,57314.31,95533,714,0
2021-10-15,57314.26,62787.29,56782.19,61629.82,106073,1948,0
2021-10-16,61620.56,62259.75,60090.28,60799.55,95744,2977,0
2021-10-17,60798.32,61631.18,58872.55,61451.92,98587,1952,0
2021-10-18,61457.09,62603.85,59825.33,61943.01,103476,1663,0
2021-10-19,61946.13,64428.16,61220.45,64230.04,103159,1989,0
2021-10-20,64223.82,66983.32,63412.12,66011.3,96667,1599,0
2021-10-21,66009.66,66614.48,61882.27,62109.92,113293,578,0
2021-10-22,62128.1,63673.89,59883.72,60604.98,104193,1203,0
2021-10-23,60596.02,61704.16,59560.75,61233.66,97223,1383,0
2021-10-24,61240.73,61430.64,59415.78,60783.71,97693,2638,0
2021-10-25,60789.13,63667.27,60571.49,63072.93,96465,1393,0
2021-10-26,63071.49,63250.0,59757.31,60248.03,98212,3453,0
2021-10-27,60256.5,61434.79,58080.79,58401.11,102909,2327,0
2021-10-28,58405.54,62402.51,57565.14,60537.75,105231,90,0
2021-10-29,60543.33,62936.05,60014.46,62263.23,102048,400,0
2021-10-30,62269.61,62379.12,60665.63,61841.25,96445,1313,0
2021-10-31,61841.44,62385.6,59911.77,61290.59,97245,2904,0
2021-11-01,61295.0,62441.45,59405.44,60874.02,101937,1363,0
2021-11-02,60879.81,64255.28,60603.88,63248.98,97424,2927,0
2021-11-03,63248.59,63512.58,60125.45,62899.44,96654,2331,0
2021-11-04,62902.27,63076.16,60630.02,61388.74,96354,2807,0
2021-11-05,61385.44,62586.6,60686.43,60939.17,94597,3182,0
2021-11-06,60946.07,61549.27,60042.52,61520.08,91388,2911,0
2021-11-07,61514.32,63264.18,61315.7,63251.44,90969,497,0
2021-11-08,63251.47,67738.01,63241.42,67511.4,96069,3588,0
2021-11-09,67513.46,68470.37,66193.43,66888.67,94504,2795,0
2021-11-10,66893.54,68983.73,62832.43,64789.99,102377,728,0
2021-11-11,64806.83,65558.54,64031.95,64724.8,95814,4976,0
2021-11-12,64719.9,65430.52,62166.8,64105.8,102218,3288,0
2021-11-13,64108.96,64931.76,63260.4,64345.65,91178,4282,0
2021-11-14,64340.49,65472.5,63499.78,65472.5,92600,2878,0
2021-11-15,65477.82,66292.92,63245.06,63537.96,95186,2644,0
2021-11-16,63531.19,63535.71,58562.11,60017.13,112470,2469,0
2021-11-17,60014.14,60832.4,58304.01,60305.91,108770,2658,0
2021-11-18,60303.29,60943.31,56444.38,56850.32,112236,2391,0
2021-11-19,56859.75,58363.8,55542.11,58048.02,104676,2835,0
2021-11-20,58048.16,59892.49,57308.92,59687.08,95411,1270,0
2021-11-21,59682.71,60037.49,58443.21,58608.47,97912,1211,0
2021-11-22,58620.97,59377.87,55582.16,56224.75,110113,3325,0
2021-11-23,56226.52,57860.23,55198.57,57530.17,108387,2553,0
2021-11-24,57533.41,57697.73,55757.67,57096.07,102170,2491,0
2021-11-25,57094.98,59456.98,56917.03,58977.09,96057,392,0
2021-11-26,58976.68,59193.75,53462.22,53722.99,99422,2414,0
2021-11-27,53724.88,55261.45,53565.58,54713.16,96524,3730,0
2021-11-28,54703.95,57471.62,53244.19,57297.43,98793,1276,0
2021-11-29,57294.22,58874.22,56679.12,57808.51,98071,3109,0
2021-11-30,57808.72,59227.81,55807.86,56953.44,112534,1482,0
2021-12-01,56964.91,59072.57,56368.5,57224.38,102751,1472,0
2021-12-02,57225.2,57394.25,55734.18,56489.4,103756,2350,0
2021-12-03,56489.38,57632.88,51623.37,53609.3,109142,2140,0
2021-12-04,53612.69,53855.05,41938.16,49205.02,130555,1915,0
2021-12-05,49212.31,49732.67,47817.14,49437.33,109130,1167,0
2021-12-06,49443.92,50968.03,47139.61,50513.64,119182,225,0
2021-12-07,50516.2,51945.36,50017.6,50588.62,104982,3364,0
2021-12-08,50590.13,51199.02,48561.49,50475.51,106251,2106,0
2021-12-09,50479.76,50818.23,47278.95,47507.22,112771,2190,0
2021-12-10,47498.85,50090.8,46842.5,47115.52,113646,2351,0
2021-12-11,47124.03,49499.28,46692.12,49374.14,104873,2189,0
2021-12-12,49381.86,50762.53,48644.55,50031.07,98493,1944,0
2021-12-13,50038.51,50183.93,45664.37,46685.53,110473,2026,0
2021-12-14,46695.54,48660.27,46227.48,48339.6,107149,2273,0
2021-12-15,48343.54,49497.62,46454.6,48878.43,107067,1957,0
2021-12-16,48880.24,49428.45,47500.25,47627.78,98738,2416,0
2021-12-17,47632.41,48008.52,45380.59,46102.75,104551,2084,0
2021-12-18,46095.66,47379.05,45409.85,46827.31,99440,1716,0
2021-12-19,46830.82,48262.85,46364.62,46633.27,97972,1818,0
2021-12-20,46636.49,47520.82,45506.24,46878.13,103108,2283,0
2021-12-21,46882.27,49276.14,46608.75,48876.83,99123,413,0
2021-12-22,48879.82,49545.9,48382.66,48570.0,92512,495,0
2021-12-23,48571.74,51374.27,48034.7,50780.35,94679,1952,0
2021-12-24,50802.09,51810.37,50391.45,50773.05,92701,1005,0
2021-12-25,50781.57,51138.75,50109.11,50372.65,90284,1292,0
2021-12-26,50372.84,51215.38,49396.85,50746.2,91649,3188,0
2021-12-27,50748.78,52033.87,50415.65,50664.36,93026,308,0
2021-12-28,50667.79,50678.7,47252.98,47496.41,99932,2443,0
2021-12-29,47497.41,48106.81,46017.54,46424.72,96313,3551,0
2021-12-30,46423.56,47877.31,45876.77,47063.55,96222,2172,0
2021-12-31,47068.3,48532.12,45574.89,46138.53,98084,4670,0
2022-01-01,46159.12,47909.24,46128.33,47706.75,94440,2141,0
2022-01-02,47707.84,47934.86,46614.48,47276.37,90668,2749,0
2022-01-03,47270.24,47547.0,45655.95,46404.62,92208,1579,0
2022-01-04,46409.97,47497.57,45502.18,45768.79,94391,1999,0
2022-01-05,45766.81,47030.97,42446.08,43386.35,101838,1806,0
2022-01-06,43399.69,43750.76,42372.49,43068.88,97971,4068,0
2022-01-07,43071.43,43118.25,40552.07,41513.07,105799,1997,0
2022-01-08,41514.84,42269.23,40438.0,41639.76,95669,1731,0
2022-01-09,41640.1,42734.35,41011.98,41823.99,85966,1915,0
2022-01-10,41824.77,42215.74,39568.51,41761.14,89272,1710,0
2022-01-11,41764.9,43107.32,41222.77,42703.12,116541,1721,0
2022-01-12,42701.98,44275.85,42416.28,43893.21,125976,3453,0
2022-01-13,43891.6,44414.06,42292.07,42546.23,123239,4073,0
2022-01-14,42540.88,43430.62,41724.19,43078.65,125465,2330,0
2022-01-15,43078.5,43774.97,42529.6,43063.44,106673,4197,0
2022-01-16,43065.5,43450.86,42581.15,43075.01,107228,4162,0
2022-01-17,43076.86,43193.8,41540.76,42189.67,120815,1880,0
2022-01-18,42188.53,42635.2,41250.57,42357.86,123086,3168,0
2022-01-19,42357.7,42565.28,41122.38,41648.54,130244,2317,0
2022-01-20,41645.25,43500.55,40520.7,40627.4,132043,2085,0
2022-01-21,40630.02,41101.47,35393.49,36430.24,225709,1702,0
2022-01-22,36426.92,36751.95,33978.21,35043.72,227891,1061,0
2022-01-23,35043.63,36501.81,34616.82,36245.0,155078,1389,0
2022-01-24,36240.36,37479.79,32925.89,36655.84,220273,1338,0
2022-01-25,36654.8,37509.72,35686.51,36935.47,179498,1960,0
2022-01-26,36937.39,38868.85,36238.1,36811.49,183829,1740,0
2022-01-27,36819.63,37221.91,35509.07,37166.19,165184,2098,0
2022-01-28,37161.57,37994.63,36144.65,37709.23,157519,1922,0
2022-01-29,37714.36,38657.9,37314.83,38162.79,119568,844,0
2022-01-30,38174.24,38328.28,37374.72,37915.62,111057,1556,0
2022-01-31,37909.53,38703.56,36649.74,38465.86,135382,897,0
2022-02-01,38466.96,39248.3,37974.96,38695.25,140249,591,0
2022-02-02,38691.92,38851.12,36591.29,36914.46,136477,1166,0
2022-02-03,36914.88,37358.13,36250.29,37314.61,134395,2415,0
2022-02-04,37315.32,41694.96,37051.24,41551.27,152134,388,0
2022-02-05,41551.98,41917.36,40922.97,41401.97,115453,983,0
2022-02-06,41399.06,42651.51,41124.39,42391.57,117264,945,0
2022-02-07,42385.35,44496.24,41657.56,43873.17,150214,1538,0
2022-02-08,43875.69,45397.31,42647.36,44208.73,156983,1592,0
2022-02-09,44213.54,44836.33,43105.07,44406.57,132062,2164,0
2022-02-10,44404.74,45801.76,43193.81,43502.54,161001,2244,0
2022-02-11,43506.2,43931.49,41912.25,42358.58,162314,1738,0
2022-02-12,42359.95,42999.74,41682.57,42188.2,126347,1842,0
2022-02-13,42187.62,42735.31,41841.83,42014.28,115071,2025,0
2022-02-14,42020.64,42832.09,41467.61,42525.48,147543,1836,0
2022-02-15,42525.1,44767.07,42377.51,44561.62,135953,367,0
2022-02-16,44562.76,44570.26,43296.59,43886.21,121774,1145,0
2022-02-17,43887.9,44192.56,40070.71,40516.64,141673,1830,0
2022-02-18,40518.29,40958.47,39438.98,39966.23,145366,1913,0
2022-02-19,39968.2,40442.54,39634.18,40095.58,112892,3118,0
2022-02-20,40096.71,40138.34,37983.76,38381.35,129244,1852,0
2022-02-21,38386.99,39461.7,36802.85,37033.3,171691,1100,0
2022-02-22,37028.14,38460.95,36322.52,38268.22,174574,1423,0
2022-02-23,38264.35,39259.63,37054.06,37265.02,147244,766,0
2022-02-24,37268.12,39701.76,34316.23,38338.12,222017,75,0
2022-02-25,38338.94,39710.97,38036.58,39225.74,169679,619,0
2022-02-26,39227.83,40238.87,38547.22,39099.2,134543,2057,0
2022-02-27,39099.1,39866.11,36977.44,37695.74,151661,1635,0
2022-02-28,37704.78,44138.46,37443.24,43176.75,171900,759,0
2022-03-01,43177.91,44938.03,42816.02,44420.54,166921,885,0
2022-03-02,44420.99,45263.12,43289.54,43893.13,157301,1250,0
2022-03-03,43895.57,44085.5,41782.98,42459.68,142039,998,0
2022-03-04,42455.53,42512.88,38558.14,39144.56,160396,96,0
2022-03-05,39144.86,39574.54,38560.11,39370.56,117246,1643,0
2022-03-06,39371.59,39635.04,38088.71,38368.1,136600,79,0
2022-03-07,38370.2,39513.81,37142.21,37968.2,165590,1452,0
2022-03-08,37962.42,39366.56,37822.92,38730.41,171255,750,0
2022-03-09,38732.74,42597.76,38644.85,41955.91,152055,550,0
2022-03-10,41952.02,42048.47,38561.17,39411.43,158519,1613,0
2022-03-11,39410.1,40226.68,38184.35,38713.23,154223,1700,0
2022-03-12,38710.73,39410.37,38623.65,38770.88,110885,1910,0
2022-03-13,38769.31,39278.59,37562.39,37795.59,116576,1336,0
2022-03-14,37797.33,39865.87,37537.03,39654.62,140595,2146,0
2022-03-15,39655.64,39870.53,38101.19,39278.66,142574,1968,0
2022-03-16,39281.21,41695.84,38830.86,41118.96,178785,587,0
2022-03-17,41120.09,41427.0,40507.64,40938.22,127762,729,0
2022-03-18,40938.14,42343.98,40119.5,41749.88,128152,846,0
2022-03-19,41748.08,42388.82,41473.7,42208.07,110384,2081,0
2022-03-20,42207.18,42286.08,40883.72,41251.24,119426,2108,0
2022-03-21,41247.62,41564.76,40472.51,40989.18,128089,1398,0
2022-03-22,40991.85,43293.5,40874.06,42367.84,139764,2100,0
2022-03-23,42367.55,42992.32,41733.67,42871.33,127222,3601,0
2022-03-24,42869.34,44249.32,42611.74,44001.14,140511,2311,0
2022-03-25,44001.78,45136.4,43593.56,44316.96,138763,208,0
2022-03-26,44314.14,44814.17,44071.23,44517.79,110101,2046,0
2022-03-27,44521.87,46911.75,44406.71,46856.88,117623,2215,0
2022-03-28,46862.85,48212.72,46692.62,47123.94,127697,2213,0
2022-03-29,47123.92,48104.95,46600.59,47448.42,125275,822,0
2022-03-30,47449.09,47708.11,46523.09,47054.62,125199,2575,0
2022-03-31,47054.49,47591.53,45149.19,45450.86,129668,2711,0
2022-04-01,45453.25,46729.82,44184.55,46266.04,148516,1833,0
2022-04-02,46268.44,47189.98,45610.93,45793.65,131910,329,0
2022-04-03,45793.6,47396.67,45483.78,46404.32,126778,2554,0
2022-04-04,46398.22,46882.65,45081.3,46569.7,141514,2889,0
2022-04-05,46572.12,47175.54,45361.1,45486.75,125927,375,0
2022-04-06,45487.54,45512.71,43099.75,43164.01,163205,1824,0
2022-04-07,43167.48,43871.63,42695.95,43433.39,141416,3782,0
2022-04-08,43428.32,43945.68,42095.3,42239.49,136321,3255,0
2022-04-09,42234.99,42779.73,42091.42,42731.03,106616,3707,0
2022-04-10,42732.91,43416.57,41847.74,42121.35,110374,2487,0
2022-04-11,42128.31,42412.36,39170.93,39499.32,143580,1651,0
2022-04-12,39500.63,40650.68,39232.36,40052.95,142962,1588,0
2022-04-13,40054.87,41515.83,39530.22,41123.08,127521,1778,0
2022-04-14,41123.85,41479.9,39536.28,39906.17,119102,1731,0
2022-04-15,39907.84,40797.79,39729.81,40534.41,108299,1838,0
2022-04-16,40537.49,40658.09,39949.73,40361.12,99830,3177,0
2022-04-17,40358.52,40579.29,39486.04,39671.3,104350,3195,0
2022-04-18,39666.7,41059.64,38511.82,40795.6,128782,1672,0
2022-04-19,40797.05,41729.39,40541.08,41481.46,112672,2160,0
2022-04-20,41484.25,42183.05,40861.05,41350.64,127751,1569,0
2022-04-21,41349.27,42961.7,39750.54,40475.97,139823,1230,0
2022-04-22,40479.8,40778.24,39097.01,39685.02,134426,1905,0
2022-04-23,39686.28,39960.04,39233.71,39429.52,102951,2486,0
2022-04-24,39431.05,39931.06,38931.61,39444.9,108151,1825,0
2022-04-25,39441.04,40576.62,38160.94,40438.77,153880,1232,0
2022-04-26,40439.76,40798.56,37664.05,38106.58,141304,1361,0
2022-04-27,38101.18,39451.84,37856.33,39234.6,148001,1588,0
2022-04-28,39230.66,40370.2,38866.9,39736.8,136232,1654,0
2022-04-29,39738.24,39913.7,38151.01,38594.64,131993,1592,0
2022-04-30,38595.87,38769.5,37555.82,37612.99,108691,3073,0
2022-05-01,37609.23,38663.35,37353.57,38472.22,116920,1608,0
2022-05-02,38466.65,39132.26,38011.35,38492.45,135169,933,0
2022-05-03,38495.76,38651.81,37505.28,37711.32,117936,828,0
2022-05-04,37707.73,40004.39,37626.95,39689.89,129807,1690,0
2022-05-05,39689.03,39824.85,35540.01,36537.0,138746,187,0
2022-05-06,36533.83,36645.81,35235.19,35992.41,147685,1603,0
2022-05-07,35993.44,36093.41,34753.73,35447.82,109094,2286,0
2022-05-08,35448.98,35466.13,33700.08,34023.75,137545,1379,0
2022-05-09,34024.91,34214.79,30012.65,30068.52,207167,1341,0
2022-05-10,30066.41,32633.74,29744.23,31012.65,223228,1264,0
2022-05-11,31012.45,32146.66,27725.39,29028.13,238922,1151,0
2022-05-12,29033.49,30118.7,25843.1,28957.94,307257,939,0
2022-05-13,28959.14,30987.13,28706.08,29247.5,156855,1034,0
2022-05-14,29248.99,30272.31,28573.98,30049.92,136042,1462,0
2022-05-15,30046.32,31379.02,29401.25,31293.57,119757,1219,0
2022-05-16,31288.98,31289.04,29042.81,29841.8,130440,1250,0
2022-05-17,29843.45,30737.94,29423.21,30409.18,118905,1312,0
2022-05-18,30410.72,30676.27,28607.83,28645.76,123078,1209,0
2022-05-19,28649.38,30510.85,28622.73,30288.5,121488,535,0
2022-05-20,30286.82,30708.95,28659.23,29158.97,133313,640,0
2022-05-21,29160.05,29627.12,28875.44,29427.87,105053,1833,0
2022-05-22,29425.55,30443.26,29179.9,30265.22,109547,488,0
2022-05-23,30261.69,30635.08,28806.98,29064.44,132762,1172,0
2022-05-24,29065.85,29812.13,28613.44,29632.39,121882,1286,0
2022-05-25,29630.52,30194.21,29298.52,29511.88,124363,1580,0
2022-05-26,29508.9,29848.16,28005.81,29173.77,137969,1176,0
2022-05-27,29169.12,29372.35,28230.37,28595.6,142323,1302,0
2022-05-28,28593.0,29232.65,28469.33,29018.53,100352,1177,0
2022-05-29,29018.7,29558.96,28809.45,29461.94,97192,877,0
2022-05-30,29461.62,32114.64,29286.52,31691.74,121870,120,0
2022-05-31,31693.49,32347.09,31163.39,31762.54,120516,2147,0
2022-06-01,31763.33,31928.22,29319.32,29788.4,128430,1277,0
2022-06-02,29785.16,30639.53,29558.29,30422.62,118932,1597,0
2022-06-03,30420.94,30656.28,29241.53,29678.01,119960,2610,0
2022-06-04,29679.35,29946.75,29460.2,29832.5,99929,2589,0
2022-06-05,29834.68,30146.1,29506.03,29895.5,100940,2094,0
2022-06-06,29893.82,31736.29,29855.55,31337.68,126455,724,0
2022-06-07,31337.54,31535.09,29192.75,31109.43,151195,1735,0
2022-06-08,31106.87,31291.64,29815.64,30182.6,146714,804,0
2022-06-09,30180.27,30672.56,29913.02,30092.32,118723,2698,0
2022-06-10,30093.22,30318.7,28822.77,29061.67,134971,1204,0
2022-06-11,29061.41,29418.26,28073.99,28377.64,124995,1399,0
2022-06-12,28383.54,28509.0,26550.96,26562.41,144637,1246,0
2022-06-13,26552.72,26847.66,21904.81,22454.29,264149,919,0
2022-06-14,22451.21,23267.18,20801.67,22118.7,241473,590,0
2022-06-15,22119.19,22733.01,20057.84,22562.05,261926,519,0
2022-06-16,22563.61,22940.92,20207.37,20373.62,181640,794,0
2022-06-17,20373.74,21327.7,20196.9,20408.4,160516,1027,0
2022-06-18,20407.99,20718.47,17580.4,18955.52,206841,586,0
2022-06-19,18955.36,20749.8,17910.29,20528.35,205560,398,0
2022-06-20,20527.21,21012.61,19607.61,20554.11,189592,632,0
2022-06-21,20552.51,21678.52,20324.08,20687.29,162952,268,0
2022-06-22,20686.67,20845.58,19737.99,19958.65,171709,563,0
2022-06-23,19962.42,21167.91,19867.54,21082.62,148335,616,0
2022-06-24,21084.31,21498.74,20701.59,21215.19,142579,771,0
2022-06-25,21214.91,21541.97,20887.04,21464.93,119598,918,0
2022-06-26,21464.24,21837.95,20951.23,21018.97,114071,858,0
2022-06-27,21017.66,21491.47,20505.97,20717.21,121467,399,0
2022-06-28,20715.85,21176.94,20170.94,20247.22,120828,667,0
2022-06-29,20247.49,20392.1,19819.37,20089.72,130699,1467,0
2022-06-30,20090.14,20133.34,18609.28,19936.42,147449,414,0
2022-07-01,19933.53,20825.54,18924.9,19253.22,151816,221,0
2022-07-02,19253.96,19407.76,18954.99,19214.85,94570,953,0
2022-07-03,19212.27,19615.2,18738.07,19304.65,88280,969,0
2022-07-04,19303.69,20311.08,19034.71,20216.04,91227,795,0
2022-07-05,20215.95,20716.51,19273.24,20158.48,94486,799,0
2022-07-06,20157.23,20648.09,19733.31,20539.81,95724,846,0
2022-07-07,20540.06,21818.56,20242.07,21597.06,91176,587,0
2022-07-08,21599.97,22385.6,21181.37,21584.79,98097,348,0
2022-07-09,21591.85,21939.76,21314.79,21584.72,92109,748,0
2022-07-10,21582.35,21592.51,20656.25,20853.12,91928,917,0
2022-07-11,20855.44,20859.33,19849.18,19939.14,92875,1120,0
2022-07-12,19940.88,20029.66,19223.49,19310.27,94372,811,0
2022-07-13,19307.67,20290.6,18907.49,20209.34,101603,484,0
2022-07-14,20205.2,20868.43,19618.35,20571.1,97930,475,0
2022-07-15,20570.63,21171.57,20365.36,20828.24,95152,773,0
2022-07-16,20825.54,21574.46,20459.01,21193.77,92131,195,0
2022-07-17,21193.75,21626.2,20735.19,20786.64,91579,740,0
2022-07-18,20785.96,22725.23,20755.1,22408.57,101835,71,0
2022-07-19,22409.54,23756.79,21573.38,23376.71,111037,246,0
2022-07-20,23374.94,24257.74,22880.66,23203.33,92698,91,0
2022-07-21,23204.89,23401.56,22330.0,23137.17,83503,297,0
2022-07-22,23137.48,23749.4,22497.7,22674.69,92158,468,0
2022-07-23,22674.88,22979.56,21944.75,22434.98,92466,711,0
2022-07-24,22436.32,22990.91,22251.58,22563.17,93272,166,0
2022-07-25,22561.99,22650.2,21236.18,21301.13,95926,974,0
2022-07-26,21304.66,21322.22,20714.07,21251.58,95044,852,0
2022-07-27,21255.53,23082.34,21028.8,22950.43,96198,169,0
2022-07-28,22948.81,24203.87,22593.9,23847.56,100784,156,0
2022-07-29,23847.63,24389.58,23428.86,23783.53,101186,419,0
2022-07-30,23785.25,24629.55,23508.35,23633.64,93356,259,0
2022-07-31,23635.96,24179.56,23231.96,23300.17,92766,542,0
2022-08-01,23294.68,23493.29,22862.76,23267.13,94224,1021,0
2022-08-02,23265.96,23436.98,22664.42,22980.72,96162,888,0
2022-08-03,22982.93,23607.89,22692.11,22817.53,93545,1031,0
2022-08-04,22817.02,23218.77,22398.24,22629.96,92908,877,0
2022-08-05,22630.79,23468.17,22592.6,23311.09,93002,583,0
2022-08-06,23308.9,23358.41,22903.83,22945.37,86402,1141,0
2022-08-07,22945.75,23387.8,22831.52,23182.31,86163,848,0
2022-08-08,23182.58,24239.46,23150.71,23802.68,91534,231,0
2022-08-09,23802.62,23910.6,22889.85,23151.47,90575,339,0
2022-08-10,23152.36,24176.78,22636.34,23946.87,94297,138,0
2022-08-11,23947.37,24878.59,23858.22,23934.13,96348,225,0
2022-08-12,23933.51,24445.16,23594.76,24397.08,91835,418,0
2022-08-13,24397.22,24858.06,24289.2,24428.47,89243,375,0
2022-08-14,24436.83,24994.95,24157.48,24313.07,89036,845,0
2022-08-15,24310.69,25166.76,23784.22,24098.81,94317,1004,0
2022-08-16,24094.54,24243.55,23669.86,23854.75,91645,1205,0
2022-08-17,23852.62,24427.46,23178.97,23332.39,92550,882,0
2022-08-18,23333.34,23582.66,23102.09,23195.99,87977,993,0
2022-08-19,23193.14,23202.39,20770.3,20830.16,98490,989,0
2022-08-20,20829.68,21361.01,20739.63,21122.74,91894,577,0
2022-08-21,21122.97,21756.19,21042.81,21506.87,90912,510,0
2022-08-22,21509.01,21516.89,20893.61,21400.85,94448,866,0
2022-08-23,21401.0,21676.55,20873.74,21521.01,92230,468,0
2022-08-24,21522.79,21870.72,21144.01,21356.56,90330,937,0
2022-08-25,21358.27,21806.48,21301.23,21546.96,88065,1045,0
2022-08-26,21547.92,21833.51,20088.75,20226.09,96528,322,0
2022-08-27,20222.36,20342.29,19779.64,20018.91,89587,545,0
2022-08-28,20018.4,20148.09,19515.07,19544.99,88379,907,0
2022-08-29,19543.68,20405.13,19535.18,20288.82,90553,922,0
2022-08-30,20285.24,20558.0,19563.17,19810.79,91777,608,0
2022-08-31,19812.74,20471.86,19791.03,20052.93,92160,463,0
2022-09-01,20054.71,20201.86,19574.66,20127.38,91854,818,0
2022-09-02,20127.49,20430.53,19760.07,19953.84,90260,414,0
2022-09-03,19952.97,20056.64,19657.73,19829.54,85726,1205,0
2022-09-04,19829.71,20023.36,19586.66,20006.7,86177,968,0
2022-09-05,20004.11,20047.64,19637.79,19792.07,86142,894,0
2022-09-06,19792.14,20172.03,18663.53,18786.11,93077,981,0
2022-09-07,18786.83,19457.33,18543.45,19288.53,89033,804,0
2022-09-08,19287.06,19455.66,19021.85,19324.96,89602,810,0
2022-09-09,19325.78,21543.5,19294.73,21353.58,95115,205,0
2022-09-10,21353.84,21799.93,21112.67,21653.41,89183,236,0
2022-09-11,21651.62,21834.86,21353.8,21822.13,88418,731,0
2022-09-12,21817.92,22476.02,21552.99,22399.3,97974,221,0
2022-09-13,22399.82,22768.92,19872.72,20162.36,102070,23,0
2022-09-14,20164.75,20502.89,19620.96,20224.25,94112,847,0
2022-09-15,20223.4,20317.86,19504.51,19688.82,97074,833,0
2022-09-16,19688.79,19887.42,19338.69,19803.53,90757,683,0
2022-09-17,19801.11,20178.0,19755.86,20103.81,86591,733,0
2022-09-18,20104.49,20107.42,19346.05,19415.56,88539,879,0
2022-09-19,19416.87,19665.78,18247.46,19540.06,97641,1235,0
2022-09-20,19540.97,19619.92,18725.15,18871.39,95552,634,0
2022-09-21,18872.51,19878.02,18166.47,18451.31,103078,452,0
2022-09-22,18452.81,19505.85,18341.48,19405.8,97710,390,0
2022-09-23,19407.34,19497.76,18525.6,19294.42,96530,555,0
2022-09-24,19295.06,19316.85,18792.9,18919.06,88639,130,0
2022-09-25,18919.87,19165.94,18626.15,18803.5,87118,617,0
2022-09-26,18803.83,19321.5,18680.12,19232.67,93431,403,0
2022-09-27,19230.05,20368.23,18825.71,19080.2,98719,395,0
2022-09-28,19079.35,19760.33,18481.72,19417.39,97843,794,0
2022-09-29,19419.24,19630.57,18851.08,19584.78,97546,462,0
2022-09-30,19586.43,20164.98,19162.53,19429.57,97971,148,0
2022-10-01,19429.5,19493.4,19160.95,19314.4,85009,625,0
2022-10-02,19313.99,19402.75,18919.7,19052.82,86997,623,0
2022-10-03,19054.72,19699.5,18959.45,19633.15,90424,594,0
2022-10-04,19633.64,20436.7,19504.36,20339.56,90606,454,0
2022-10-05,20337.94,20360.68,19753.28,20157.53,90990,243,0
2022-10-06,20157.25,20441.22,19863.89,19948.71,92487,120,0
2022-10-07,19950.42,20049.04,19330.21,19535.46,89100,252,0
2022-10-08,19534.88,19629.7,19250.8,19419.71,82520,580,0
2022-10-09,19419.68,19563.62,19321.8,19441.65,83687,248,0
2022-10-10,19440.91,19530.3,19033.44,19128.66,87516,960,0
2022-10-11,19130.97,19268.24,18853.13,19059.55,87641,1184,0
2022-10-12,19057.23,19235.16,18965.29,19154.05,84716,428,0
2022-10-13,19151.43,19513.16,18151.6,19382.6,92373,534,0
2022-10-14,19384.05,19938.62,19077.85,19186.33,90923,242,0
2022-10-15,19183.89,19234.61,18977.06,19068.08,83509,577,0
2022-10-16,19064.9,19431.8,19057.76,19267.78,84221,168,0
2022-10-17,19265.67,19676.99,19157.21,19559.32,86712,599,0
2022-10-18,19557.75,19701.07,19093.76,19336.56,87805,647,0
2022-10-19,19334.76,19365.69,19076.33,19126.97,85370,794,0
2022-10-20,19125.97,19347.98,18900.57,19044.45,86419,859,0
2022-10-21,19041.46,19257.74,18673.5,19175.51,85755,926,0
2022-10-22,19173.54,19266.76,19116.38,19214.19,81821,702,0
2022-10-23,19212.23,19688.14,19062.42,19578.43,82786,729,0
2022-10-24,19579.09,19607.86,19173.44,19330.38,85721,814,0
2022-10-25,19331.34,20412.28,19233.79,20084.23,87977,412,0
2022-10-26,20084.35,21001.97,20053.67,20760.11,90024,681,0
2022-10-27,20761.44,20870.53,20202.48,20293.54,88532,552,0
2022-10-28,20294.37,20743.36,19995.23,20591.49,87726,665,0
2022-10-29,20593.13,21053.0,20552.89,20809.24,86473,386,0
2022-10-30,20810.33,20927.82,20511.28,20624.49,84176,739,0
2022-10-31,20626.65,20817.75,20235.47,20485.27,86519,712,0
2022-11-01,20485.6,20667.27,20325.69,20477.38,85273,716,0
2022-11-02,20477.81,20799.92,20052.01,20145.36,88461,102,0
2022-11-03,20144.61,20381.54,20032.88,20204.55,85061,767,0
2022-11-04,20204.69,21284.99,20180.56,21139.03,87849,130,0
2022-11-05,21137.58,21467.73,21076.94,21293.89,83977,739,0
2022-11-06,21291.71,21354.07,20881.82,20900.04,83357,716,0
2022-11-07,20899.87,21059.3,20405.39,20586.28,86332,1296,0
2022-11-08,20587.51,20669.63,17257.3,18543.4,111795,245,0
2022-11-09,18544.46,18582.28,15606.68,15909.18,121869,377,0
2022-11-10,15911.33,18118.79,15742.34,17556.0,111180,252,0
2022-11-11,17555.18,17640.93,16359.78,17017.28,104352,148,0
2022-11-12,17019.84,17075.16,16605.89,16792.79,88799,681,0
2022-11-13,16794.89,16934.76,16229.15,16311.85,88081,675,0
2022-11-14,16316.91,17153.02,15797.16,16602.47,98879,125,0
2022-11-15,16601.64,17105.64,16514.99,16877.43,88095,254,0
2022-11-16,16878.15,16982.11,16362.82,16649.6,89401,475,0
2022-11-17,16649.1,16727.4,16399.83,16679.63,85781,215,0
2022-11-18,16679.39,16968.27,16535.13,16675.93,85131,603,0
2022-11-19,16675.34,16800.25,16540.22,16689.14,82309,520,0
2022-11-20,16690.37,16738.22,16174.85,16263.78,83862,556,0
2022-11-21,16265.42,16277.07,15480.29,15758.93,91216,872,0
2022-11-22,15760.49,16291.09,15608.06,16214.86,86683,252,0
2022-11-23,16215.71,16666.7,16164.05,16616.57,84787,231,0
2022-11-24,16615.09,16799.66,16469.72,16614.46,83027,69,0
2022-11-25,16613.78,16623.15,16348.32,16524.98,82733,80,0
2022-11-26,16523.94,16697.22,16386.86,16464.75,82067,290,0
2022-11-27,16465.16,16605.26,16411.66,16440.51,81279,513,0
2022-11-28,16440.61,16496.86,16004.31,16211.37,84399,649,0
2022-11-29,16211.41,16539.13,16099.65,16446.87,83352,462,0
2022-11-30,16447.84,17239.65,16435.52,17168.88,84594,249,0
2022-12-01,17170.43,17255.83,16846.49,16975.94,83076,173,0
2022-12-02,16975.49,17102.04,16802.21,17092.13,82041,450,0
2022-12-03,17089.39,17143.52,16866.01,16892.71,80884,758,0
2022-12-04,16892.84,17190.37,16885.9,17114.9,81202,342,0
2022-12-05,17115.88,17421.05,16879.45,16968.72,83199,623,0
2022-12-06,16970.55,17107.69,16899.59,17088.13,82583,777,0
2022-12-07,17090.14,17141.86,16695.28,16853.27,81086,143,0
2022-12-08,16852.89,17303.36,16751.14,17229.29,81950,458,0
2022-12-09,17229.2,17342.37,17063.05,17127.7,81661,495,0
2022-12-10,17127.18,17219.46,17085.27,17124.04,78309,508,0
2022-12-11,17123.98,17272.54,17068.77,17092.27,78843,457,0
2022-12-12,17084.84,17242.14,16879.83,17213.88,82866,733,0
2022-12-13,17214.45,17961.92,17093.95,17767.94,84932,442,0
2022-12-14,17767.85,18363.11,17670.37,17803.75,86651,102,0
2022-12-15,17804.13,17851.4,17276.76,17356.78,85165,538,0
2022-12-16,17359.38,17524.83,16532.06,16625.77,86948,370,0
2022-12-17,16624.28,16793.39,16587.1,16772.91,83401,1033,0
2022-12-18,16771.69,16837.11,16659.79,16733.05,82061,522,0
2022-12-19,16735.7,16812.99,16261.96,16438.93,84520,404,0
2022-12-20,16439.47,17047.94,16394.01,16901.3,85050,817,0
2022-12-21,16902.62,16928.27,16733.51,16831.4,83275,826,0
2022-12-22,16827.65,16865.67,16564.36,16821.04,81672,513,0
2022-12-23,16820.79,16932.39,16753.87,16782.65,80765,388,0
2022-12-24,16784.18,16864.3,16779.78,16842.82,79201,696,0
2022-12-25,16841.88,16857.76,16713.48,16833.64,80809,155,0
2022-12-26,16834.68,16939.48,16799.76,16926.02,81333,695,0
2022-12-27,16925.65,16971.41,16594.0,16702.79,82172,712,0
2022-12-28,16701.64,16780.3,16461.04,16542.27,83529,872,0
2022-12-29,16542.59,16657.67,16483.2,16632.56,82455,868,0
2022-12-30,16633.49,16651.38,16328.68,16593.62,82341,917,0
2022-12-31,16594.44,16631.52,16469.72,16529.71,78621,612,0
2023-01-01,16529.87,16617.17,16488.95,16598.07,80170,684,0
2023-01-02,16597.69,16765.21,16529.69,16661.37,82600,1194,0
2023-01-03,16661.13,16770.29,16590.06,16659.66,82329,920,0
2023-01-04,16658.23,16985.08,16635.72,16835.37,83412,595,0
2023-01-05,16836.8,16865.74,16747.57,16812.2,82392,827,0
2023-01-06,16813.06,17026.22,16633.56,16940.52,82866,814,0
2023-01-07,16940.36,16966.35,16891.16,16935.4,80199,674,0
2023-01-08,16932.69,17150.19,16897.25,17114.05,80185,639,0
2023-01-09,17114.76,17387.53,17089.93,17165.66,83997,739,0
2023-01-10,17164.94,17485.63,17132.04,17438.09,83738,788,0
2023-01-11,17437.66,17985.47,17301.61,17925.05,84399,669,0
2023-01-12,17927.21,19083.83,17894.15,18833.81,91388,249,0
2023-01-13,18834.68,19962.89,18696.15,19901.8,89551,656,0
2023-01-14,19899.29,21260.52,19860.87,20950.68,98229,558,0
2023-01-15,20947.35,21034.2,20542.02,20855.95,88237,1306,0
2023-01-16,20856.16,21440.37,20606.39,21172.21,91628,992,0
2023-01-17,21173.53,21570.93,20849.26,21122.52,90465,1053,0
2023-01-18,21123.61,21627.63,20388.5,20650.17,92803,622,0
2023-01-19,20650.35,21172.36,20631.21,21064.67,86657,877,0
2023-01-20,21064.32,22715.35,20846.9,22651.7,89837,1202,0
2023-01-21,22651.27,23317.54,22420.1,22777.16,93267,650,0
2023-01-22,22777.46,23061.87,22310.11,22706.77,90527,997,0
2023-01-23,22706.2,23141.98,22497.89,22905.45,89769,1288,0
2023-01-24,22905.85,23135.85,22466.36,22627.43,89377,1577,0
2023-01-25,22628.42,23793.42,22313.49,23033.48,92920,1101,0
2023-01-26,23037.03,23260.71,22841.54,22984.16,90995,994,0
2023-01-27,22980.83,23472.61,22516.89,23049.18,89369,1141,0
2023-01-28,23049.6,23178.13,22857.02,22999.93,83951,1601,0
2023-01-29,23000.04,23932.73,22951.99,23714.68,88611,924,0
2023-01-30,23712.36,23773.03,22502.24,22804.52,90139,915,0
2023-01-31,22802.81,23269.84,22699.09,23113.91,87058,1148,0
2023-02-01,23115.57,23788.89,22761.19,23711.54,89317,1167,0
2023-02-02,23708.32,24223.5,23351.15,23470.65,90247,1749,0
2023-02-03,23472.03,23689.0,23207.58,23416.6,85921,934,0
2023-02-04,23417.89,23570.26,23236.38,23317.04,83468,1618,0
2023-02-05,23313.56,23406.2,22761.81,22937.66,85528,1193,0
2023-02-06,22935.33,23141.14,22640.18,22766.88,87067,1123,0
2023-02-07,22766.95,23324.57,22750.46,23231.24,86734,1564,0
2023-02-08,23231.29,23423.13,22690.88,22961.5,85942,1568,0
2023-02-09,22961.3,22997.8,21698.14,21803.71,91050,939,0
2023-02-10,21804.44,21942.01,21465.78,21616.69,87509,1465,0
2023-02-11,21616.76,21894.31,21593.79,21856.02,83085,952,0
2023-02-12,21854.57,22077.39,21632.22,21773.05,83987,686,0
2023-02-13,21772.56,21885.17,21357.73,21769.01,87581,1106,0
2023-02-14,21767.52,22318.15,21543.37,22190.4,89179,715,0
2023-02-15,22184.96,24349.09,22032.92,24305.37,90870,1038,0
2023-02-16,24305.03,25212.76,23501.42,23509.02,93499,988,0
2023-02-17,23510.22,24986.69,23346.77,24547.7,93775,624,0
2023-02-18,24551.1,24839.13,24419.13,24605.56,85339,830,0
2023-02-19,24606.11,25161.31,24176.45,24256.58,88625,863,0
2023-02-20,24252.25,25077.76,23848.12,24809.92,90780,927,0
2023-02-21,24807.76,25218.5,24140.67,24439.57,91215,864,0
2023-02-22,24440.83,24467.0,23566.38,24157.73,91888,985,0
2023-02-23,24158.38,24590.08,23590.14,23931.76,93074,726,0
2023-02-24,23931.86,24118.03,22826.51,23177.97,91061,1063,0
2023-02-25,23176.32,23207.45,22751.21,23144.48,85233,1137,0
2023-02-26,23147.62,23672.93,23047.42,23545.06,86087,671,0
2023-02-27,23549.09,23887.88,23100.62,23490.19,89850,1020,0
2023-02-28,23490.83,23592.38,23026.08,23128.58,87478,1074,0
2023-03-01,23131.1,23972.93,23011.32,23623.11,89427,1162,0
2023-03-02,23624.74,23789.18,23183.2,23467.56,87428,1094,0
2023-03-03,23467.73,23479.08,21975.94,22342.61,90964,1003,0
2023-03-04,22344.46,22391.44,22160.58,22329.65,80769,1437,0
2023-03-05,22329.65,22625.94,22189.04,22420.44,83218,1460,0
2023-03-06,22420.4,22583.61,22239.79,22390.39,84157,1447,0
2023-03-07,22389.28,22541.94,21929.5,22195.35,87038,1393,0
2023-03-08,22195.77,22272.1,21585.4,21696.01,87989,1071,0
2023-03-09,21697.09,21818.21,20046.55,20352.93,91987,815,0
2023-03-10,20353.26,20355.21,19552.34,20208.05,97394,376,0
2023-03-11,20210.2,20861.98,19874.33,20584.05,92516,393,0
2023-03-12,20584.48,22174.9,20412.95,22103.69,91393,26,0
2023-03-13,22103.32,24582.15,21869.35,24185.38,95476,112,0
2023-03-14,24184.64,26484.03,24041.55,24712.07,106301,310,0
2023-03-15,24708.59,25231.11,23903.87,24338.39,101818,308,0
2023-03-16,24337.26,25197.12,24177.32,25046.04,96968,400,0
2023-03-17,25043.36,27758.17,24922.94,27415.1,103148,160,0
2023-03-18,27414.91,27705.14,26633.91,26944.48,95603,885,0
2023-03-19,26946.61,28405.85,26864.23,28002.38,95608,182,0
2023-03-20,28005.99,28504.02,27177.41,27761.21,101563,235,0
2023-03-21,27760.34,28467.7,27363.36,28148.47,95785,90,0
2023-03-22,28141.7,28856.75,26623.69,27277.59,95485,230,0
2023-03-23,27277.85,28778.32,27134.33,28312.82,92097,349,0
2023-03-24,28314.29,28385.09,27000.49,27459.86,91534,450,0
2023-03-25,27461.88,27783.07,27168.34,27471.01,86623,988,0
2023-03-26,27471.48,28203.73,27423.0,27974.28,86337,995,0
2023-03-27,27975.81,28027.98,26504.11,27114.6,89710,169,0
2023-03-28,27112.82,27487.58,26627.06,27256.25,88841,597,0
2023-03-29,27255.5,28642.99,27231.47,28331.38,87011,276,0
2023-03-30,28332.43,29168.23,27665.93,28011.11,90456,84,0
2023-03-31,28009.79,28647.48,27509.02,28453.24,89709,502,0
2023-04-01,28455.2,28807.54,28198.08,28453.21,84464,972,0
2023-04-02,28454.09,28533.24,27859.74,28170.22,85065,1015,0
2023-04-03,28172.44,28488.62,27188.24,27810.43,88852,1286,0
2023-04-04,27809.86,28432.67,27667.67,28164.56,87135,1219,0
2023-04-05,28164.67,28768.97,27810.95,28162.42,88021,1414,0
2023-04-06,28162.21,28183.89,27692.11,28027.03,85555,1297,0
2023-04-07,28025.72,28099.97,27762.03,27898.72,83383,2254,0
2023-04-08,27898.03,28147.64,27857.64,27925.17,82047,1438,0
2023-04-09,27926.95,28524.18,27793.97,28323.15,83552,1204,0
2023-04-10,28321.69,29740.85,28147.81,29610.44,86818,1052,0
2023-04-11,29611.28,30531.03,29569.18,30202.13,87506,1051,0
2023-04-12,30198.38,30470.89,29646.69,29894.57,86974,1015,0
2023-04-13,29894.53,30586.96,29863.03,30386.42,85186,1076,0
2023-04-14,30388.0,30995.58,29986.52,30483.75,87358,994,0
2023-04-15,30483.68,30602.06,30213.99,30311.18,82332,1029,0
2023-04-16,30305.91,30550.87,30124.66,30300.59,82903,1033,0
2023-04-17,30297.09,30320.62,29231.05,29451.89,85720,522,0
2023-04-18,29452.57,30485.57,29110.27,30386.86,86772,909,0
2023-04-19,30387.65,30416.5,28581.77,28793.2,91322,164,0
2023-04-20,28788.47,29077.26,27982.87,28228.01,89821,1990,0
2023-04-21,28225.55,28349.06,27122.37,27234.46,90375,1221,0
2023-04-22,27234.78,27865.35,27108.87,27797.65,84915,2006,0
2023-04-23,27800.23,27801.4,27310.83,27584.55,85019,2074,0
2023-04-24,27579.48,27978.21,26959.71,27498.43,88187,2088,0
2023-04-25,27499.21,28387.84,27176.76,28303.58,86840,1289,0
2023-04-26,28299.53,30035.48,27211.41,28416.97,96828,76,0
2023-04-27,28419.74,29874.91,28382.01,29497.24,96880,131,0
2023-04-28,29498.3,29613.7,28908.72,29346.24,89769,440,0
2023-04-29,29346.34,29476.75,29044.19,29250.37,84876,1007,0
2023-04-30,29252.26,29949.31,29103.83,29255.02,86757,1062,0
2023-05-01,29256.02,29364.49,27642.93,28073.81,91258,793,0
2023-05-02,28075.02,28891.9,27858.63,28669.42,89138,1824,0
2023-05-03,28671.32,29280.26,28113.74,29035.18,92807,602,0
2023-05-04,29032.73,29377.9,28676.55,28840.21,87612,1462,0
2023-05-05,28842.13,29688.97,28819.7,29530.0,94479,1048,0
2023-05-06,29531.27,29850.81,28377.18,28908.73,117908,1158,0
2023-05-07,28908.55,29189.51,28411.64,28462.5,113939,1152,0
2023-05-08,28462.62,28669.49,27267.42,27681.43,140597,1460,0
2023-05-09,27681.28,27829.39,27359.39,27634.83,120265,1278,0
2023-05-10,27633.32,28320.14,26809.48,27607.33,135713,695,0
2023-05-11,27608.64,27634.46,26716.69,26989.72,133263,1268,0
2023-05-12,26989.5,27095.7,25814.1,26801.14,135050,1099,0
2023-05-13,26802.26,27042.91,26693.58,26781.74,103702,999,0
2023-05-14,26783.36,27197.68,26573.39,26922.97,101660,1017,0
2023-05-15,26923.45,27680.11,26716.22,27169.06,114672,352,0
2023-05-16,27168.17,27296.47,26853.0,27042.51,113413,773,0
2023-05-17,27042.22,27490.76,26546.51,27414.48,118465,1272,0
2023-05-18,27415.56,27492.34,26357.28,26820.5,122540,851,0
2023-05-19,26821.82,27184.07,26634.34,26889.73,108704,1980,0
2023-05-20,26888.1,27152.06,26836.46,27119.69,90828,1183,0
2023-05-21,27118.07,27274.84,26656.22,26751.94,98936,1212,0
2023-05-22,26752.14,27088.87,26529.7,26845.45,97555,1937,0
2023-05-23,26843.2,27490.37,26794.04,27222.88,106324,1192,0
2023-05-24,27223.86,27225.1,26055.34,26309.72,116685,1099,0
2023-05-25,26307.96,26612.24,25863.96,26476.18,112848,1898,0
2023-05-26,26476.19,26931.55,26323.11,26706.98,103670,1728,0
2023-05-27,26707.21,26897.69,26544.51,26874.26,90667,1113,0
2023-05-28,26875.45,28257.21,26769.85,28077.22,107769,400,0
2023-05-29,28076.31,28475.79,27528.6,27752.11,111370,625,0
2023-05-30,27753.35,28073.26,27566.49,27711.66,108900,1115,0
2023-05-31,27710.13,27857.71,26838.63,27220.49,116062,1576,0
2023-06-01,27221.6,27353.52,26614.13,26825.68,108008,1163,0
2023-06-02,26826.14,27298.16,26479.62,27244.72,111015,1556,0
2023-06-03,27242.93,27328.62,26919.23,27072.31,92423,1798,0
2023-06-04,27073.74,27463.37,26945.78,27113.7,95756,1957,0
2023-06-05,27110.59,27134.62,25375.87,25732.16,129892,1079,0
2023-06-06,25734.03,27367.18,25336.06,27247.12,126921,1168,0
2023-06-07,27248.2,27392.35,26129.41,26341.67,136711,1723,0
2023-06-08,26342.71,26820.08,26197.75,26511.33,110125,1557,0
2023-06-09,26509.8,26784.04,26279.32,26484.78,103037,1868,0
2023-06-10,26483.94,26533.78,25393.06,25863.92,137256,1086,0
2023-06-11,25862.41,26221.99,25647.59,25932.64,107754,1524,0
2023-06-12,25933.75,26113.77,25618.31,25901.23,110593,1619,0
2023-06-13,25902.05,26425.33,25698.6,25928.88,119870,748,0
2023-06-14,25926.98,26080.96,24805.37,25117.79,127798,1018,0
2023-06-15,25115.99,25746.25,24756.01,25586.65,120880,1687,0
2023-06-16,25585.53,26484.16,25180.23,26346.19,118552,719,0
2023-06-17,26346.24,26772.42,26179.25,26516.42,104937,702,0
2023-06-18,26516.74,26693.64,26244.63,26343.91,105505,357,0
2023-06-19,26344.89,27051.2,26254.16,26846.07,112399,615,0
2023-06-20,26847.24,28418.11,26646.23,28325.58,131946,150,0
2023-06-21,28325.7,30739.6,28271.77,29987.77,154227,88,0
2023-06-22,29988.4,30496.74,29565.51,29880.65,139888,126,0
2023-06-23,29882.02,31401.59,29800.55,30707.95,132149,131,0
2023-06-24,30709.49,30814.95,30260.91,30544.55,101809,1053,0
2023-06-25,30545.47,31048.14,30290.26,30472.31,117315,423,0
2023-06-26,30473.22,30655.12,29923.05,30268.55,134800,1429,0
2023-06-27,30267.1,31017.07,30222.92,30705.15,127188,1436,0
2023-06-28,30703.38,30719.18,29845.53,30068.89,127395,1425,0
2023-06-29,30068.56,30834.35,30037.1,30447.49,120466,1267,0
2023-06-30,30448.6,31269.15,29450.17,30468.62,162938,379,0
2023-07-01,30469.44,30660.5,30309.21,30592.83,104296,748,0
2023-07-02,30591.29,30797.63,30147.74,30621.29,115055,841,0
2023-07-03,30623.25,31378.97,30571.31,31147.59,127700,442,0
2023-07-04,31147.37,31316.17,30613.35,30763.83,119508,311,0
2023-07-05,30764.72,30880.98,30199.34,30500.15,124403,1368,0
2023-07-06,30500.82,31487.64,29850.72,29889.76,162716,478,0
2023-07-07,29887.9,30456.86,29697.03,30351.36,129181,1316,0
2023-07-08,30351.37,30388.44,30032.07,30292.07,98249,1275,0
2023-07-09,30292.61,30428.6,30057.86,30162.05,100829,767,0
2023-07-10,30159.16,31052.24,29938.47,30413.02,119973,1104,0
2023-07-11,30412.55,30806.57,30295.79,30630.68,115646,1117,0
2023-07-12,30629.27,30969.19,30197.64,30372.51,119154,619,0
2023-07-13,30371.04,31797.84,30240.5,31457.04,136159,498,0
2023-07-14,31458.57,31617.64,29901.9,30307.75,134682,1227,0
2023-07-15,30308.21,30389.02,30226.2,30274.14,92110,1098,0
2023-07-16,30275.01,30440.42,30040.99,30227.59,98595,883,0
2023-07-17,30228.37,30327.3,29657.89,30130.61,121270,1186,0
2023-07-18,30131.61,30247.53,29504.4,29837.42,123745,1168,0
2023-07-19,29837.71,30180.85,29736.03,29896.52,115553,1178,0
2023-07-20,29896.45,30406.86,29552.33,29787.96,115623,1108,0
2023-07-21,29787.77,30051.91,29707.93,29891.66,107414,995,0
2023-07-22,29892.02,29988.87,29600.59,29776.19,95972,867,0
2023-07-23,29777.1,30341.99,29711.25,30073.04,102995,670,0
2023-07-24,30073.15,30088.12,28839.09,29180.91,119927,955,0
2023-07-25,29179.91,29367.34,29046.83,29219.29,100452,1350,0
2023-07-26,29220.27,29669.7,29093.26,29352.79,111151,1225,0
2023-07-27,29352.7,29547.0,29071.16,29215.56,103749,1172,0
2023-07-28,29215.86,29518.89,29112.92,29311.04,100510,996,0
2023-07-29,29311.27,29400.15,29250.79,29348.25,89949,741,0
2023-07-30,29345.6,29442.48,29027.75,29276.81,94300,861,0
2023-07-31,29277.28,29501.94,29086.07,29213.93,104129,881,0
2023-08-01,29214.48,29706.82,28559.35,29681.21,115613,479,0
2023-08-02,29682.27,30029.31,28923.69,29168.14,116425,545,0
2023-08-03,29166.95,29388.0,28928.9,29167.45,99513,998,0
2023-08-04,29167.84,29300.51,28786.33,29085.78,91840,939,0
2023-08-05,29085.96,29118.84,28949.71,29043.59,75003,945,0
2023-08-06,29043.84,29171.97,28962.96,29055.84,73608,694,0
2023-08-07,29052.71,29246.89,28671.28,29188.82,86981,714,0
2023-08-08,29185.85,30198.89,29124.88,29746.85,92186,713,0
2023-08-09,29746.85,30116.58,29324.54,29550.64,99713,842,0
2023-08-10,29549.57,29696.34,29297.68,29402.45,91273,716,0
2023-08-11,29401.46,29509.43,29206.52,29381.49,85029,1062,0
2023-08-12,29381.67,29461.07,29328.11,29393.24,74644,648,0
2023-08-13,29393.34,29428.25,29234.39,29269.2,78694,804,0
2023-08-14,29270.04,29649.21,29057.52,29394.8,96558,1099,0
2023-08-15,29394.45,29444.1,29037.58,29177.81,90427,1089,0
2023-08-16,29177.9,29217.39,28678.48,28686.44,103846,557,0
2023-08-17,28686.09,28740.95,25692.45,26630.75,228756,151,0
2023-08-18,26630.79,26849.1,25622.59,26050.42,139288,211,0
2023-08-19,26049.17,26276.55,25785.27,26089.48,107358,586,0
2023-08-20,26088.3,26297.56,25954.38,26191.17,97315,647,0
2023-08-21,26192.7,26238.22,25809.55,26111.98,111453,721,0
2023-08-22,26112.8,26132.48,25352.01,26053.66,114731,723,0
2023-08-23,26054.99,26826.08,25795.41,26434.75,121364,802,0
2023-08-24,26434.47,26577.12,25857.69,26168.96,117617,482,0
2023-08-25,26168.65,26293.16,25753.58,26030.1,116077,615,0
2023-08-26,26028.92,26093.44,25953.97,25988.97,84072,866,0
2023-08-27,25989.44,26156.95,25937.14,26068.86,85963,514,0
2023-08-28,26069.01,26221.12,25838.89,26089.55,100522,681,0
2023-08-29,26088.03,28143.33,25887.56,27715.24,127808,170,0
2023-08-30,27714.09,27765.0,27035.53,27316.1,112051,505,0
2023-08-31,27316.07,27538.33,25671.17,25936.87,130252,232,0
2023-09-01,25936.41,26135.31,25293.37,25790.83,119862,278,0
2023-09-02,25788.5,25987.19,25735.15,25859.12,92213,688,0
2023-09-03,25860.38,26121.49,25783.12,25964.15,96019,433,0
2023-09-04,25964.99,26096.79,25615.1,25811.38,101224,736,0
2023-09-05,25813.21,25872.74,25538.26,25776.33,100195,996,0
2023-09-06,25777.54,26006.75,25361.66,25739.57,113414,442,0
2023-09-07,25740.08,26438.12,25585.55,26271.08,110173,228,0
2023-09-08,26271.58,26455.58,25637.0,25900.18,106132,300,0
2023-09-09,25899.87,25931.97,25783.62,25894.41,84282,562,0
2023-09-10,25894.83,26020.56,25569.3,25834.69,96601,618,0
2023-09-11,25834.83,25898.33,24881.68,25143.04,125366,504,0
2023-09-12,25142.8,26534.53,25115.9,25829.75,134310,179,0
2023-09-13,25828.59,26410.15,25755.81,26222.89,115940,187,0
2023-09-14,26222.45,26839.87,26125.86,26514.36,117629,275,0
2023-09-15,26515.33,26875.76,26220.5,26606.63,103141,48,0
2023-09-16,26607.12,26775.07,26452.14,26557.64,87225,624,0
2023-09-17,26558.36,26615.23,26409.8,26519.39,84787,588,0
2023-09-18,26519.77,27431.35,26406.09,26766.27,116194,403,0
2023-09-19,26761.11,27490.31,26675.43,27222.15,121329,830,0
2023-09-20,27222.19,27404.89,26822.57,27120.2,118615,809,0
2023-09-21,27121.92,27160.47,26369.17,26574.89,111895,819,0
2023-09-22,26575.53,26736.58,26481.02,26576.29,99626,859,0
2023-09-23,26576.55,26636.79,26510.29,26575.69,81401,715,0
2023-09-24,26575.76,26727.75,26136.85,26259.14,87161,769,0
2023-09-25,26255.45,26442.22,25995.42,26298.96,105049,1074,0
2023-09-26,26298.73,26401.68,26078.46,26221.54,96542,1013,0
2023-09-27,26221.52,26836.11,26096.82,26374.25,103689,362,0
2023-09-28,26373.3,27294.67,26326.35,27026.02,116498,785,0
2023-09-29,27025.78,27238.43,26690.04,26897.94,106180,308,0
2023-09-30,26899.22,27092.98,26877.54,26951.25,85174,662,0
2023-10-01,26951.24,28044.91,26945.68,27987.01,98061,346,0
2023-10-02,27985.58,28577.7,27301.74,27493.48,134567,135,0
2023-10-03,27493.59,27666.62,27156.14,27416.33,110295,724,0
2023-10-04,27416.94,27822.7,27199.64,27782.17,108847,346,0
2023-10-05,27780.74,28108.95,27347.3,27399.28,112050,749,0
2023-10-06,27399.4,28248.13,27177.18,27914.68,116265,164,0
2023-10-07,27916.27,28000.87,27815.46,27941.82,91705,744,0
2023-10-08,27941.6,28083.11,27681.31,27904.41,94583,665,0
2023-10-09,27905.53,27974.82,27281.86,27577.34,105070,754,0
2023-10-10,27578.52,27700.56,27281.61,27384.09,103790,776,0
2023-10-11,27385.13,27468.97,26512.03,26851.46,113558,551,0
2023-10-12,26851.34,26925.04,26552.68,26752.19,90686,699,0
2023-10-13,26750.95,27103.63,26648.58,26842.95,90011,670,0
2023-10-14,26842.91,26967.24,26787.18,26837.11,70500,669,0
2023-10-15,26837.07,27276.76,26792.55,27132.73,73586,758,0
2023-10-16,27132.65,29975.32,27089.48,28490.49,133136,330,0
2023-10-17,28490.55,28593.14,28066.11,28375.34,103670,568,0
2023-10-18,28374.54,28952.86,28127.17,28304.27,100377,565,0
2023-10-19,28304.15,28905.02,28110.97,28716.16,103929,694,0
2023-10-20,28716.65,30213.5,28575.12,29662.24,122600,447,0
2023-10-21,29662.55,30327.52,29433.19,29886.77,97462,628,0
2023-10-22,29887.92,30190.85,29642.81,29988.98,94146,792,0
2023-10-23,29987.41,33737.62,29882.26,33043.34,161597,104,0
2023-10-24,33045.88,35123.95,32823.3,33915.03,175532,226,0
2023-10-25,33912.94,35114.46,33683.29,34467.19,133679,497,0
2023-10-26,34467.35,34809.42,33728.6,34146.03,119386,384,0
2023-10-27,34146.09,34235.53,33391.45,33892.14,112264,841,0
2023-10-28,33892.51,34480.49,33863.26,34068.81,88491,566,0
2023-10-29,34068.83,34742.05,33924.27,34513.84,93771,299,0
2023-10-30,34513.38,34834.95,34071.79,34461.41,103694,808,0
2023-10-31,34461.48,34698.06,34065.01,34623.64,104292,564,0
2023-11-01,34623.5,35579.78,34075.27,35408.69,117654,347,0
2023-11-02,35408.93,35922.68,34292.32,34913.05,120755,270,0
2023-11-03,34914.64,34919.38,34112.32,34719.63,112843,910,0
2023-11-04,34719.7,35266.81,34589.56,35066.44,87064,563,0
2023-11-05,35066.47,35378.18,34448.51,35019.3,97890,639,0
2023-11-06,35019.2,35287.66,34746.45,35028.34,99892,500,0
2023-11-07,35026.59,35882.94,34510.73,35391.52,109366,543,0
2023-11-08,35392.95,36067.98,35052.66,35594.31,101260,701,0
2023-11-09,35591.09,37922.54,35513.4,36664.33,142843,243,0
2023-11-10,36665.89,37492.16,36300.49,37263.76,112705,638,0
2023-11-11,37263.29,37365.97,36578.43,37092.19,91907,736,0
2023-11-12,37088.24,37177.95,36703.81,37000.55,82505,570,0
2023-11-13,36999.67,37376.82,36329.08,36446.31,105066,948,0
2023-11-14,36447.79,36720.83,34898.92,35524.13,119145,300,0
2023-11-15,35525.3,37914.85,35333.08,37807.12,126547,269,0
2023-11-16,37807.46,37890.91,35478.28,36139.97,128699,895,0
2023-11-17,36139.38,36780.4,35861.35,36603.57,138507,506,0
2023-11-18,36605.78,36854.74,36177.43,36560.29,104312,924,0
2023-11-19,36561.16,37510.53,36365.44,37379.4,110181,912,0
2023-11-20,37379.59,37760.83,36708.56,37434.82,149241,361,0
2023-11-21,37441.79,37660.52,35692.19,35717.77,164174,627,0
2023-11-22,35722.02,37857.02,35616.25,37394.54,150647,755,0
2023-11-23,37401.89,37644.1,36841.45,37251.81,125031,595,0
2023-11-24,37255.25,38441.4,37201.04,37705.78,142462,535,0
2023-11-25,37710.4,37905.61,37548.91,37779.73,96232,507,0
2023-11-26,37782.53,37823.71,37115.86,37451.25,108525,945,0
2023-11-27,37454.28,37562.68,36679.7,37235.16,133655,1093,0
2023-11-28,37232.27,38389.4,36851.25,37817.29,131338,732,0
2023-11-29,37813.69,38422.81,37553.12,37847.33,131618,1219,0
2023-11-30,37848.22,38148.09,37474.61,37696.94,115889,1040,0
2023-12-01,37702.56,38952.14,37591.49,38674.9,130506,1004,0
2023-12-02,38677.3,39687.83,38632.6,39430.05,104668,844,0
2023-12-03,39429.88,40155.42,39250.01,39944.05,105874,1008,0
2023-12-04,39944.5,42356.3,39933.44,41920.29,152271,1151,0
2023-12-05,41911.5,44495.01,41161.18,44061.54,163040,958,0
2023-12-06,44066.79,44291.77,43357.53,43740.1,159810,1371,0
2023-12-07,43740.59,44060.99,42792.52,43232.1,150460,978,0
2023-12-08,43229.86,44722.75,43018.55,44159.46,147852,1271,0
2023-12-09,44160.45,44352.18,43542.2,43690.86,116089,1466,0
2023-12-10,43693.69,44025.71,43522.06,43742.47,104366,1660,0
2023-12-11,43747.68,43776.55,40159.47,41228.17,203187,749,0
2023-12-12,41226.19,42076.84,40635.39,41479.5,168153,873,0
2023-12-13,41477.36,43436.92,40573.13,42845.49,156905,1093,0
2023-12-14,42849.01,43394.2,41428.97,43000.99,154345,918,0
2023-12-15,43003.6,43067.57,41643.94,41905.58,135150,914,0
2023-12-16,41908.02,42670.23,41604.22,42212.81,109645,1207,0
2023-12-17,42205.81,42339.74,41197.45,41351.74,127014,1427,0
2023-12-18,41351.34,42717.47,40481.34,42624.75,159505,1194,0
2023-12-19,42620.57,43464.13,41774.7,42242.07,131520,1020,0
2023-12-20,42246.3,44314.34,42157.07,43663.4,143965,743,0
2023-12-21,43651.99,44241.89,43269.88,43862.3,135803,926,0
2023-12-22,43861.68,44428.18,43390.91,43988.09,130351,812,0
2023-12-23,43992.04,44029.68,43286.71,43724.13,104763,1127,0
2023-12-24,43720.37,43951.45,42649.31,42991.39,106692,683,0
2023-12-25,42989.9,43819.88,42706.32,43578.95,119131,502,0
2023-12-26,43581.95,43598.93,41607.38,42491.16,140111,1634,0
2023-12-27,42493.85,43687.94,42075.37,43444.49,138356,1589,0
2023-12-28,43447.57,43809.12,42242.4,42555.89,141787,1250,0
2023-12-29,42556.62,43117.93,41267.03,42047.06,142905,1491,0
2023-12-30,42051.8,42627.34,41477.79,42087.98,112456,1158,0
2023-12-31,42088.61,42895.6,41921.87,42243.48,113315,823,0
2024-01-01,42244.09,44253.22,42141.93,44243.46,123801,1047,0
2024-01-02,44238.93,45912.73,44197.18,44936.39,182561,655,0
2024-01-03,44951.68,45517.65,41142.58,42834.93,248321,1226,0
2024-01-04,42835.73,44779.43,42592.05,44186.39,173081,1272,0
2024-01-05,44185.2,44351.44,42529.58,44171.09,190868,1070,0
2024-01-06,44170.42,44246.69,43414.92,43951.07,118800,1877,0
2024-01-07,43943.12,44492.52,43603.55,43921.07,127580,1260,0
2024-01-08,43924.49,47281.96,43203.28,46976.34,201101,764,0
2024-01-09,46977.63,47864.1,44821.63,46085.01,228790,763,0
2024-01-10,46079.04,47673.05,44277.92,46639.33,289970,1244,0
2024-01-11,46652.26,48983.91,45515.8,46298.5,228207,846,0
2024-01-12,46296.44,46479.46,41447.6,42763.83,227722,1801,0
2024-01-13,42772.08,43260.46,42404.08,42832.7,143733,1633,0
2024-01-14,42821.26,43076.17,41647.53,41656.99,137437,2769,0
2024-01-15,41655.69,43339.01,41650.66,42480.67,164863,3435,0
2024-01-16,42476.14,43570.17,42024.17,43126.94,163551,3130,0
2024-01-17,43134.68,43206.31,42145.5,42737.53,150011,3298,0
2024-01-18,42732.23,42903.51,40581.81,41291.6,163564,3177,0
2024-01-19,41290.35,42181.98,40253.78,41617.43,168621,3395,0
2024-01-20,41621.2,41860.25,41404.88,41665.53,111344,2710,0
2024-01-21,41672.42,41881.09,41475.16,41569.2,97600,2649,0
2024-01-22,41571.93,41670.96,39366.39,39496.76,188754,3001,0
2024-01-23,39498.55,40162.64,38489.63,39841.0,181771,3057,0
2024-01-24,39858.44,40535.18,39384.81,40091.35,157384,2931,0
2024-01-25,40079.78,40294.66,39485.32,39913.12,134116,2942,0
2024-01-26,39959.94,42230.28,39800.85,41788.61,157089,2601,0
2024-01-27,41813.1,42202.34,41368.68,42122.77,106156,2600,0
2024-01-28,42113.24,42836.91,41585.65,42030.33,120985,2600,0
2024-01-29,42030.61,43313.47,41774.31,43295.77,132608,2602,0
2024-01-30,43297.48,43847.49,42653.86,42949.17,134095,2600,0
2024-01-31,42946.94,43735.71,42260.73,42560.23,152172,2868,0
2024-02-01,42552.06,43283.97,41830.32,43091.6,151114,2986,0
2024-02-02,43095.35,43438.4,42537.25,43168.51,127148,3003,0
2024-02-03,43170.39,43330.33,42834.27,42977.34,97225,2842,0
2024-02-04,42976.47,43089.09,42245.67,42595.5,102970,2798,0
2024-02-05,42559.89,43529.26,42212.73,42678.9,134498,2710,0
2024-02-06,42668.84,43355.42,42522.72,43058.32,123766,2741,0
2024-02-07,43068.62,44374.38,42717.11,44297.09,125958,2602,0
2024-02-08,44317.23,45595.45,44301.93,45278.89,140763,2601,0
2024-02-09,45272.51,48206.76,45207.65,47094.26,170222,2600,0
2024-02-10,47101.84,48160.42,46830.62,47733.57,116600,2604,0
2024-02-11,47725.34,48561.32,47524.22,48278.46,127305,2600,0
2024-02-12,48298.64,50255.96,47646.54,49901.26,164715,2600,0
2024-02-13,49888.68,50316.93,48268.87,49726.26,163272,2603,0
2024-02-14,49704.87,52010.24,49232.78,51733.7,172112,2603,0
2024-02-15,51760.38,52771.77,51245.27,51902.2,172247,2641,0
2024-02-16,51879.21,52551.85,51537.03,52112.97,154566,2637,0
2024-02-17,52105.78,52170.19,50570.03,51613.87,134006,2874,0
2024-02-18,51571.32,52353.36,51105.88,52041.66,126581,2604,0
2024-02-19,52063.68,52474.46,51603.76,51704.75,144321,2602,0
2024-02-20,51708.52,52925.83,50675.25,52190.49,166497,2604,0
2024-02-21,52194.48,52321.5,50494.96,51777.37,161887,3150,0
2024-02-22,51821.75,52022.5,50865.26,51277.17,146152,3090,0
2024-02-23,51207.08,51508.89,50446.2,50690.89,140060,3851,0
2024-02-24,50702.09,51654.64,50502.44,51542.29,104180,3267,0
2024-02-25,51529.22,51927.6,51187.07,51670.05,105027,3132,0
2024-02-26,51664.27,54851.06,50848.85,54467.25,137264,2602,0
2024-02-27,54448.23,57617.27,54404.79,57053.72,187629,2613,0
2024-02-28,57055.67,63943.85,56658.1,62462.43,230822,2859,0
2024-02-29,62446.66,63646.15,60290.2,61153.39,256878,3151,0
2024-03-01,61147.19,63175.38,60690.87,62355.61,194419,3276,0
2024-03-02,62372.59,62437.59,61550.34,61984.41,138482,2847,0
2024-03-03,61975.98,63258.19,61296.11,63157.06,144721,2926,0
2024-03-04,63136.54,68482.17,62331.47,68270.82,253255,2688,0
2024-03-05,68250.79,69156.59,59187.03,63731.53,304975,2600,0
2024-03-06,63738.64,67651.82,62741.94,66032.92,300054,3939,0
2024-03-07,66056.28,68066.72,65542.9,66862.06,220384,4447,0
2024-03-08,66851.84,69991.55,66135.02,68211.4,190324,4221,0
2024-03-09,68189.64,68632.27,67927.18,68400.0,113437,4661,0
2024-03-10,68390.03,69952.4,68109.12,68962.05,156108,3911,0
2024-03-11,68965.01,72750.75,67033.38,72062.28,216634,3416,0
2024-03-12,72046.88,72873.86,68434.43,71378.57,210685,4743,0
2024-03-13,71357.03,73657.74,71162.07,73004.54,177620,4521,0
2024-03-14,73030.99,73706.92,68436.14,71294.13,218845,4894,0
2024-03-15,71310.12,72395.27,65465.36,69384.39,344778,5194,0
2024-03-16,69490.33,70102.88,64721.77,65251.93,222113,4635,0
2024-03-17,65193.9,68884.25,64464.39,68362.74,238184,4199,0
2024-03-18,68361.54,68904.26,66515.62,67552.59,261308,4566,0
2024-03-19,67576.46,68118.46,61477.86,61930.35,325740,4867,0
2024-03-20,61908.96,68156.83,60724.29,67926.03,316111,4081,0
2024-03-21,67838.42,68230.93,64526.86,65458.98,263208,3215,0
2024-03-22,65476.34,66664.7,62223.46,63773.02,239437,3675,0
2024-03-23,63790.2,66032.34,62968.86,64097.51,168702,2616,0
2024-03-24,64007.16,67617.85,63771.82,67218.24,176142,2600,0
2024-03-25,67224.22,71133.81,66368.85,69888.2,204535,2930,0
2024-03-26,69881.0,71488.21,69277.86,69978.77,189144,3577,0
2024-03-27,69970.66,71656.94,68299.03,69422.83,204189,4437,0
2024-03-28,69404.3,71541.01,68836.41,70697.09,188329,4719,0
2024-03-29,70752.58,70916.31,68993.14,69870.16,147934,5356,0
2024-03-30,69860.12,70341.25,69530.41,69639.56,107604,5365,0
2024-03-31,69595.55,71356.0,69573.55,71288.82,114777,5292,0
2024-04-01,71243.47,71259.93,67983.42,69683.7,172424,5326,0
2024-04-02,69654.27,69698.62,64551.27,65368.58,227547,5046,0
2024-04-03,65406.5,66888.69,64519.21,65935.11,187918,5110,0
2024-04-04,65947.75,69350.38,65041.33,68485.13,175066,5200,0
2024-04-05,68501.25,68750.73,65888.29,67796.3,205152,5160,0
2024-04-06,67822.0,69656.53,67431.49,68887.81,125545,5295,0
2024-04-07,68875.92,70244.75,68793.08,69319.6,129301,5362,0
2024-04-08,69323.16,72688.68,69002.47,71567.18,155554,5288,0
2024-04-09,71573.84,71722.54,68117.61,69071.4,172334,5344,0
2024-04-10,69062.97,71154.58,67403.75,70535.87,184115,5298,0
2024-04-11,70596.82,71275.73,69502.47,69996.24,168277,5358,0
2024-04-12,69993.4,71202.41,65090.19,67088.85,172523,5130,0
2024-04-13,67044.66,67935.58,61450.2,63860.61,196129,4288,0
2024-04-14,64020.53,65874.72,62099.44,65745.66,194938,3704,0
2024-04-15,65742.42,66864.4,62254.18,63438.52,210772,4024,0
2024-04-16,63474.99,64390.87,61529.21,63846.43,218255,4312,0
2024-04-17,63800.43,64516.91,59619.97,61256.42,212563,4459,0
2024-04-18,61244.14,64168.81,60725.45,63515.28,170559,3934,0
2024-04-19,63489.45,65499.93,59537.38,63828.51,183653,3481,0
2024-04-20,63866.15,65438.54,63081.98,64954.61,121850,3558,0
2024-04-21,64961.77,65696.48,64199.66,64916.3,110047,3906,0
2024-04-22,64922.35,67252.41,64489.05,66827.93,128984,3427,0
2024-04-23,66825.46,67189.92,65777.95,66389.33,117403,3296,0
2024-04-24,66391.03,67065.78,63524.68,64237.79,130006,3711,0
2024-04-25,64247.95,65283.9,62726.45,64480.33,136018,3804,0
2024-04-26,64478.86,64801.66,63252.21,63730.84,115172,3676,0
2024-04-27,63735.5,63917.39,62338.59,63433.17,106648,4136,0
2024-04-28,63424.65,64359.16,62737.18,63103.67,100111,3508,0
2024-04-29,63109.02,64246.19,61766.12,63860.67,125612,4103,0
2024-04-30,63852.46,64715.81,59066.44,60604.29,169225,3661,0
2024-05-01,60611.58,60802.63,56551.68,58297.11,178280,3713,0
2024-05-02,58300.85,59617.79,56908.86,59054.9,140978,3885,0
2024-05-03,59062.82,63365.34,58808.13,62896.29,153725,2799,0
2024-05-04,62898.14,64515.53,62548.12,63905.08,129405,2061,0
2024-05-05,63893.52,64607.73,62915.65,64024.5,120604,2035,0
2024-05-06,64021.1,65496.77,62695.56,63160.65,150112,2234,0
2024-05-07,63160.1,64404.71,62246.1,62335.88,147863,2591,0
2024-05-08,62339.0,63028.82,60867.26,61173.81,149692,3022,0
2024-05-09,61178.77,63442.0,60607.51,63089.41,139078,2934,0
2024-05-10,63090.53,63489.67,60160.32,60771.96,138177,3051,0
2024-05-11,60768.83,61486.47,60447.25,60821.49,105419,2958,0
2024-05-12,60824.03,61875.6,60571.23,61463.38,106748,2645,0
2024-05-13,61465.16,63477.51,60750.24,62913.63,143356,2170,0
2024-05-14,62908.95,63100.09,61054.53,61534.57,153429,2210,0
2024-05-15,61529.62,66447.84,61288.18,66201.93,164901,2085,0
2024-05-16,66209.54,66712.88,64590.85,65231.58,130473,2062,0
2024-05-17,65232.79,67494.23,65085.4,67032.58,129929,2369,0
2024-05-18,67029.44,67425.75,66532.55,66895.69,107027,2272,0
2024-05-19,66885.17,67671.51,65809.0,66227.31,112648,2309,0
2024-05-20,66231.8,71474.06,66007.15,71434.82,155733,2450,0
2024-05-21,71438.86,71900.36,69097.12,70129.83,136838,2405,0
2024-05-22,70133.95,70637.14,68770.03,69120.41,137764,2802,0
2024-05-23,69125.67,70008.17,66209.74,67954.42,169699,2842,0
2024-05-24,67959.57,69300.48,66564.97,68508.48,142796,2868,0
2024-05-25,68511.86,69633.28,68471.67,69311.9,104022,2290,0
2024-05-26,69311.78,69538.3,67970.64,68445.01,107336,2865,0
2024-05-27,68444.67,70602.04,68174.47,69379.9,127755,2937,0
2024-05-28,69379.34,69544.18,67189.73,68294.33,104386,3347,0
2024-05-29,68300.44,68891.08,67044.46,67566.22,185221,3325,0
2024-05-30,67573.36,69547.1,67052.83,68291.97,295594,3316,0
2024-05-31,68298.38,69018.62,66574.58,67480.18,272723,3427,0
2024-06-01,67473.67,67834.02,67333.38,67693.79,175627,3321,0
2024-06-02,67701.38,68434.5,67228.19,67729.62,125859,3331,0
2024-06-03,67733.47,70260.26,67532.92,68789.71,130968,2729,0
2024-06-04,68783.65,71086.3,68522.39,70524.08,134363,2673,0
2024-06-05,70520.69,71707.06,70323.91,71073.84,129272,2416,0
2024-06-06,71080.35,71626.77,70070.76,70757.21,119197,2866,0
2024-06-07,70750.49,71914.83,68343.41,69308.25,134349,2411,0
2024-06-08,69303.45,69577.81,69126.74,69309.38,99835,2781,0
2024-06-09,69311.64,69849.13,69089.06,69597.6,99784,2707,0
2024-06-10,69604.19,70184.16,69109.22,69489.4,104663,2851,0
2024-06-11,69489.71,69541.42,66051.91,67251.56,145266,3154,0
2024-06-12,67260.35,70033.92,66831.17,68244.71,144727,2661,0
2024-06-13,68247.16,68398.04,66192.77,66741.3,155306,3067,0
2024-06-14,66739.79,67314.61,65003.16,65963.93,145046,3298,0
2024-06-15,65960.37,66413.31,65808.68,66175.05,103589,3305,0
2024-06-16,66167.17,66928.16,65989.08,66618.2,97285,3000,0
2024-06-17,66614.42,67252.92,65036.22,66476.44,135988,3145,0
2024-06-18,66469.98,66564.1,64020.43,65157.12,171865,3046,0
2024-06-19,65158.14,65726.11,64628.79,64943.37,118731,3111,0
2024-06-20,64939.63,66474.36,64512.83,64841.84,132039,3153,0
2024-06-21,64837.94,65043.42,63357.35,64119.78,137751,3262,0
2024-06-22,64120.36,64477.83,63926.98,64214.91,91914,3174,0
2024-06-23,64220.87,64483.12,63137.87,63192.11,97778,3266,0
2024-06-24,63195.16,63369.47,58459.78,60227.12,175128,3170,0
2024-06-25,60227.0,62425.94,60185.45,61802.41,147279,3143,0
2024-06-26,61806.61,62450.45,60670.98,60832.58,124441,3176,0
2024-06-27,60836.36,62392.72,60563.03,61654.05,121840,3044,0
2024-06-28,61650.31,62190.86,59957.52,60370.46,134636,3174,0
2024-06-29,60370.77,61186.26,60337.53,60928.23,100145,3024,0
2024-06-30,60929.26,63009.89,60641.63,62720.81,115975,2293,0
2024-07-01,62717.5,63844.82,62463.84,62857.52,139054,2656,0
2024-07-02,62852.81,63245.01,61726.0,62075.48,127705,3018,0
2024-07-03,62073.21,62248.38,59309.59,60162.36,159387,3185,0
2024-07-04,60163.19,60456.25,56702.85,56996.88,206124,3132,0
2024-07-05,56996.44,57505.88,53535.2,56639.39,231833,3010,0
2024-07-06,56633.39,58513.67,56034.0,58269.95,120774,2949,0
2024-07-07,58268.55,58478.99,55735.54,55890.94,150721,2911,0
2024-07-08,55885.6,58242.06,54288.33,56734.76,220163,2229,0
2024-07-09,56740.74,58317.05,56305.32,58073.91,159743,2497,0
2024-07-10,58074.19,59492.76,57179.84,57749.85,154080,2301,0
2024-07-11,57747.34,59461.59,57083.92,57381.13,167784,2669,0
2024-07-12,57378.24,58591.69,56540.47,57922.53,157934,2694,0
2024-07-13,57921.84,59901.45,57776.96,59242.34,120520,2211,0
2024-07-14,59234.4,61466.2,59224.36,60838.36,154766,2053,0
2024-07-15,60839.52,64945.99,60683.2,64767.74,226632,2001,0
2024-07-16,64764.88,65378.98,62423.96,65075.37,245423,2236,0
2024-07-17,65081.57,66094.72,63869.87,64128.18,216999,2616,0
2024-07-18,64122.42,65113.3,63226.17,64023.01,189452,2711,0
2024-07-19,64027.72,67487.7,63306.17,66662.47,223446,2153,0
2024-07-20,66667.47,67649.77,66249.76,67108.03,153544,2352,0
2024-07-21,67113.38,68399.76,65823.08,68193.77,191971,2245,0
2024-07-22,68191.96,68510.4,66526.99,67548.21,226829,2250,0
2024-07-23,67550.47,67781.74,65425.09,65944.76,231331,2170,0
2024-07-24,65946.47,67101.0,65111.94,65366.38,185102,2770,0
2024-07-25,65367.05,66126.9,63410.12,65788.32,250666,2382,0
2024-07-26,65784.78,68235.05,65686.82,67927.61,209649,2375,0
2024-07-27,67924.65,69411.37,66572.52,67885.39,148350,2000,0
2024-07-28,67886.84,68320.4,66976.17,68215.16,116300,2272,0
2024-07-29,68204.9,70044.56,66459.8,66754.98,209104,2000,0
2024-07-30,66749.6,66987.6,65331.86,66190.13,254205,2837,0
2024-07-31,66190.59,66838.75,64490.5,64616.02,219464,2916,0
2024-08-01,64614.88,65601.47,62202.66,65300.37,270111,3172,0
2024-08-02,65295.61,65577.39,61326.0,61443.38,300161,2649,0
2024-08-03,61445.52,62222.86,59782.74,60672.85,231579,2000,0
2024-08-04,60673.15,61095.87,56976.48,58091.28,317364,2591,0
2024-08-05,58091.28,58231.9,48941.34,54049.51,715003,2076,0
2024-08-06,54042.56,57137.16,53977.92,56093.43,454794,2000,0
2024-08-07,56094.33,57780.1,54568.01,55134.19,393232,2000,0
2024-08-08,55134.79,62800.0,54736.7,61707.13,388293,2017,0
2024-08-09,61707.13,61772.38,59532.84,60850.64,325069,2238,0
2024-08-10,60850.64,61492.9,60242.07,60928.52,223262,2305,0
2024-08-11,60928.53,61997.68,58305.95,58747.53,249498,2090,0
2024-08-12,58747.53,60708.39,57652.44,59370.06,357431,2296,0
2024-08-13,59370.04,61615.99,58434.84,60601.8,300126,2229,0
2024-08-14,60601.8,61913.97,58434.1,58714.16,283524,2436,0
2024-08-15,58714.16,59881.99,55980.97,57542.99,320960,2455,0
2024-08-16,57543.7,59887.51,57069.58,58910.5,317269,2374,0
2024-08-17,58910.5,59767.49,58814.75,59528.7,203339,2538,0
2024-08-18,59528.71,60327.99,58437.68,58460.51,208856,2671,0
2024-08-19,58460.59,59657.93,57830.52,59471.8,243729,2593,0
2024-08-20,59471.51,61446.7,58569.06,59047.2,253983,2430,0
2024-08-21,59047.2,61841.93,58811.88,61139.17,272998,2292,0
2024-08-22,61139.17,61400.58,59708.1,60373.32,239524,2365,0
2024-08-23,60373.32,65098.91,60322.45,64091.7,275655,2137,0
2024-08-24,64091.7,64553.71,63584.66,64196.34,231726,2132,0
2024-08-25,64196.33,65230.97,63794.72,64258.44,181134,2160,0
2024-08-26,64258.44,64515.04,62799.91,62827.96,233257,2465,0
2024-08-27,62827.96,63225.41,57990.06,59441.12,246707,2404,0
2024-08-28,59441.61,60260.47,57881.76,59077.36,293117,2221,0
2024-08-29,59077.36,61203.5,58739.17,59401.51,267867,2261,0
2024-08-30,59401.5,59979.59,57693.71,59186.79,277032,2215,0
2024-08-31,59186.79,59526.63,58770.88,59019.93,191570,1853,0
2024-09-01,59015.54,59137.86,57187.74,57335.56,240385,2520,0
2024-09-02,57335.66,59478.66,57151.29,59185.75,234207,2079,0
2024-09-03,59185.75,59869.09,57390.48,57503.58,230619,2079,0
2024-09-04,57503.58,58571.01,55619.2,58007.24,279158,2031,0
2024-09-05,58007.24,58386.69,55654.92,56201.35,263940,2214,0
2024-09-06,56201.35,57044.11,52549.38,53994.23,337239,2237,0
2024-09-07,53993.93,54917.75,53788.33,54184.7,236887,1938,0
2024-09-08,54184.68,55362.98,53651.49,54911.39,216668,1970,0
2024-09-09,54911.19,58195.21,54605.89,57067.1,289854,1780,0
2024-09-10,57067.51,58088.86,56416.92,57675.19,264518,1998,0
2024-09-11,57675.46,58052.28,55584.21,57376.69,298733,1890,0
2024-09-12,57376.39,58600.17,57353.46,58171.7,255673,1890,0
2024-09-13,58171.7,60674.74,57648.93,60531.23,234004,1868,0
2024-09-14,60531.2,60651.28,59423.55,60023.16,196863,1892,0
2024-09-15,60023.5,60410.88,58716.2,59166.65,187311,2038,0
2024-09-16,59159.63,59243.81,57495.41,58238.52,244231,2233,0
2024-09-17,58238.52,61379.97,57641.35,60336.11,255231,1780,0
2024-09-18,60335.98,61802.18,59179.01,61765.54,273519,2004,0
2024-09-19,61765.54,63911.07,61574.84,62963.58,274134,1800,0
2024-09-20,62963.58,64150.24,62318.03,63176.07,265544,1933,0
2024-09-21,63176.07,63557.43,62693.29,63341.42,174209,2353,0
2024-09-22,63341.42,64021.86,62367.73,63580.13,188849,2246,0
2024-09-23,63580.13,64761.62,62557.8,63333.9,229346,2088,0
2024-09-24,63333.9,64690.07,62697.63,64260.35,200956,2232,0
2024-09-25,64260.35,64825.65,62918.11,63115.39,190513,2515,0
2024-09-26,63118.25,65864.04,62641.7,65185.15,222770,1984,0
2024-09-27,65185.15,66512.63,64841.05,65788.1,218716,2069,0
2024-09-28,65788.11,66284.98,65428.49,65870.51,165060,2170,0
2024-09-29,65870.31,66105.86,65439.77,65607.1,140101,2108,0
2024-09-30,65607.1,65620.44,62831.6,63314.34,233981,2873,0
2024-10-01,63314.34,64110.56,60133.15,60783.7,276133,2660,0
2024-10-02,60783.7,62381.08,59943.2,60610.94,292576,2635,0
2024-10-03,60610.94,61468.98,59831.67,60719.66,273960,2518,0
2024-10-04,60719.66,62506.61,60420.94,62095.17,236443,2125,0
2024-10-05,62095.17,62370.98,61669.12,62026.12,184449,1889,0
2024-10-06,62026.12,63004.01,61772.65,62824.79,177065,1780,0
2024-10-07,62824.89,64476.17,62111.3,62200.22,246819,1782,0
2024-10-08,62200.23,63193.62,61812.74,62128.91,237041,2338,0
2024-10-09,62128.8,62546.18,60224.2,60585.43,212703,2286,0
2024-10-10,60585.43,61258.88,58857.02,60296.87,232012,2385,0
2024-10-11,60296.87,63469.36,60042.67,62543.26,222991,1781,0
2024-10-12,62543.32,63536.7,62492.16,63225.04,212713,1780,0
2024-10-13,63225.02,63313.78,62059.52,62895.84,197878,1958,0
2024-10-14,62895.84,66512.67,62471.09,66057.46,261231,1781,0
2024-10-15,66057.46,67947.76,64756.96,67061.31,298241,1780,0
2024-10-16,67061.31,68433.78,66741.74,67607.99,284988,1787,0
2024-10-17,67607.99,67942.95,66623.05,67398.05,248449,1970,0
2024-10-18,67398.05,69002.18,67157.75,68402.67,253264,1826,0
2024-10-19,68403.04,68669.51,67983.99,68347.48,156547,2539,0
2024-10-20,68350.97,69388.62,68047.09,68965.77,162142,1810,0
2024-10-21,68965.77,69498.36,66777.73,67340.15,222615,2330,0
2024-10-22,67340.15,67791.4,66508.04,67356.76,236971,2479,0
2024-10-23,67356.76,67395.5,65146.99,66586.72,230189,2573,0
2024-10-24,66586.72,68828.6,66425.52,68130.38,240761,2132,0
2024-10-25,68130.38,68740.33,65483.14,66579.57,285077,2308,0
2024-10-26,66579.57,67387.77,66325.8,67002.03,246889,1857,0
2024-10-27,67002.05,68287.23,66816.26,67967.64,204153,1781,0
2024-10-28,67967.63,70307.5,67549.08,69910.87,249707,1781,0
2024-10-29,69910.88,73626.94,69705.3,72674.74,293815,1782,0
2024-10-30,72674.08,72929.24,71359.89,72304.86,249981,2234,0
2024-10-31,72304.86,72630.16,69543.23,70199.91,233878,2246,0
2024-11-01,70199.9,71576.38,68735.69,69460.02,293254,2252,0
2024-11-02,69460.02,69885.41,68952.63,69296.65,205678,2423,0
2024-11-03,69296.64,69325.56,67450.17,68704.96,262677,1947,0
2024-11-04,68704.95,69450.38,66806.81,67801.12,286148,2071,0
2024-11-05,67801.12,70570.35,67417.57,69389.34,284476,1916,0
2024-11-06,69389.34,76470.03,69300.55,75589.85,430735,1800,0
2024-11-07,75589.85,76935.25,74402.63,75892.62,325955,2090,0
2024-11-08,75893.73,77248.97,75584.38,76483.04,298186,1784,0
2024-11-09,76484.12,76900.85,75686.63,76665.37,242554,1780,0
2024-11-10,76665.37,81607.05,76482.85,80360.51,363466,1780,0
2024-11-11,80360.51,89724.85,80214.84,88698.08,423679,1780,0
2024-11-12,88698.06,90009.79,85062.81,87987.94,500998,2295,0
2024-11-13,87987.94,93487.89,86193.09,90456.32,473773,1780,0
2024-11-14,90456.24,91827.49,86648.79,87314.05,425037,2382,0
2024-11-15,87314.05,91921.93,87056.21,91015.04,387184,2040,0
2024-11-16,91014.46,91806.28,90021.17,90545.29,297655,1789,0
2024-11-17,90572.86,91433.02,88648.52,89833.48,305568,1780,0
2024-11-18,89833.48,92670.21,89327.72,90465.1,370792,1907,0
2024-11-19,90465.13,93996.88,90359.14,92348.72,346091,1781,0
2024-11-20,92359.93,94919.73,91490.84,94343.04,345355,1780,0
2024-11-21,94342.68,99093.55,94052.99,98402.98,387956,1780,0
2024-11-22,98402.95,99728.71,97120.46,98924.26,338875,2325,0
2024-11-23,98924.25,98949.22,97169.33,97713.35,254455,3624,0
2024-11-24,97713.38,98607.07,95750.78,97978.32,271991,3604,0
2024-11-25,97978.32,98958.73,92586.31,93009.27,364143,3312,0
2024-11-26,93009.42,95086.2,90685.18,91912.29,427054,3311,0
2024-11-27,91912.3,97391.01,91752.59,96009.09,351008,1955,0
2024-11-28,96009.09,96732.95,94710.57,95723.82,315255,2213,0
2024-11-29,95723.8,98797.08,95429.17,97549.1,308272,1780,0
2024-11-30,97549.1,97559.05,96173.27,96489.24,248719,2951,0
2024-12-01,96489.23,97973.44,95730.32,97317.63,246214,1783,0
2024-12-02,97317.63,98298.6,94419.52,95895.9,343800,2252,0
2024-12-03,95895.91,96383.55,93573.91,95998.34,323219,1970,0
2024-12-04,95998.34,99187.82,94685.96,98688.94,327820,1780,0
2024-12-05,98688.94,104320.4,90806.09,96986.04,447203,1780,0
2024-12-06,96986.04,102019.66,96406.55,99828.04,351287,1782,0
2024-12-07,99827.87,100563.85,98926.68,99899.52,266790,1780,0
2024-12-08,99899.04,101194.92,98666.37,101119.39,246185,1781,0
2024-12-09,99327.01,100491.59,93994.63,97353.71,342999,1780,0
2024-12-10,97355.33,98344.12,94206.25,96650.99,391232,1895,0
2024-12-11,96650.99,101953.4,95682.41,101163.64,353734,1787,0
2024-12-12,101168.2,102537.43,99225.29,99989.04,326003,1780,0
2024-12-13,99989.38,101919.04,99185.3,101385.87,292326,1805,0
2024-12-14,101388.53,102622.73,100544.81,101395.91,265783,2883,0
2024-12-15,101395.89,105294.95,101213.12,104397.6,259187,2881,0
2024-12-16,104396.69,107776.83,103164.0,106004.75,323087,2881,0
2024-12-17,106004.75,108320.63,105219.98,106051.22,308618,2881,0
2024-12-18,106050.93,106465.19,99870.92,100075.77,386864,2984,0
2024-12-19,100075.77,102739.54,95489.35,97283.2,437223,2956,0
2024-12-20,97283.2,98051.92,92112.33,97738.03,462033,2902,0
2024-12-21,97738.03,99479.68,96364.7,97238.41,327358,2880,0
2024-12-22,97238.41,97409.39,94147.51,95097.12,319984,2880,0
2024-12-23,95097.13,96485.16,92369.94,94798.48,380033,2880,0
2024-12-24,94798.48,99544.91,93410.54,98624.51,338582,2880,0
2024-12-25,98623.92,99524.73,97530.55,99366.73,295942,2880,0
2024-12-26,99366.74,99931.99,95045.52,95672.93,313869,2880,0
2024-12-27,95673.16,97429.47,93317.81,94172.19,333599,2898,0
2024-12-28,94172.19,95601.47,94009.32,95186.57,230869,2898,0
2024-12-29,95186.6,95230.11,92875.09,93627.63,231078,2898,0
2024-12-30,93627.63,94949.06,91282.62,92670.27,330698,2898,0
2024-12-31,92670.27,96200.73,91914.9,93440.45,317310,2898,0
2025-01-01,93440.45,95077.71,92724.57,94449.47,255191,2898,0
2025-01-02,94449.63,97757.52,94212.26,96885.76,318118,2880,0
2025-01-03,96885.75,98947.68,96046.95,98105.15,315039,2880,0
2025-01-04,98105.15,98764.52,97476.28,98190.73,254956,2880,0
2025-01-05,98190.72,98834.02,97214.13,98354.62,238650,2880,0
2025-01-06,98354.55,102496.21,97889.71,102247.32,292807,2880,0
2025-01-07,102247.32,102777.55,96088.58,96957.34,316157,2880,0
2025-01-08,96955.08,97262.68,92438.92,95036.76,381203,2898,0
2025-01-09,95034.96,95366.09,91120.14,92516.82,373799,2898,0
2025-01-10,92516.82,95853.66,92171.72,94688.44,377003,2898,0
2025-01-11,94688.44,94994.3,93760.42,94565.35,275372,2898,0
2025-01-12,94565.34,95436.36,93619.32,94490.25,254053,2898,0
2025-01-13,94490.25,95911.78,88988.99,94517.17,404341,2897,0
2025-01-14,94517.17,97439.42,94329.11,96574.36,355264,2880,0
2025-01-15,96574.37,100743.87,96496.21,100506.91,319099,2880,0
2025-01-16,100506.91,100904.03,97268.93,99977.95,346249,2880,0
2025-01-17,99975.45,105888.62,99934.87,104094.96,329863,2880,0
2025-01-18,104094.96,104981.36,102178.21,104466.33,333771,2880,0
2025-01-19,104466.3,106380.54,99474.02,101188.55,361155,2880,0
2025-01-20,101188.1,109867.12,99396.91,102131.96,535999,2880,0
2025-01-21,102132.46,107295.29,99961.17,106169.81,435183,2880,0
2025-01-22,106169.81,106455.99,103264.79,103651.23,336352,2880,0
2025-01-23,103651.23,106917.02,101164.91,103921.38,428269,2880,0
2025-01-24,103921.37,107186.88,102691.83,104781.93,328917,2880,0
2025-01-25,104781.95,105283.43,104011.43,104698.94,246340,2880,0
2025-01-26,104698.94,105472.43,102442.03,102548.61,211939,2880,0
2025-01-27,102548.61,103213.03,97654.45,102128.42,504511,2899,0
2025-01-28,102128.42,103859.66,100213.25,101302.12,474291,2900,0
2025-01-29,101302.12,104794.19,101292.5,103743.95,476945,2900,0
2025-01-30,103742.61,106497.07,103259.41,104721.3,470908,2880,0
2025-01-31,104720.85,106094.65,101499.17,102416.09,488555,2880,0
2025-02-01,102413.96,102804.05,100194.81,100591.75,483835,2900,0
2025-02-02,100592.36,101446.77,95986.22,97591.4,502482,2899,0
2025-02-03,97591.4,102563.52,91078.24,101383.6,605354,2898,0
2025-02-04,101380.08,101742.28,96152.05,97745.97,544971,2899,0
2025-02-05,97745.77,99146.47,96154.39,96616.64,499560,2899,0
2025-02-06,96616.07,99126.52,95705.95,96613.2,497909,2899,0
2025-02-07,96612.55,100133.96,95603.15,96559.42,511018,2899,0
2025-02-08,96560.19,96950.36,95659.64,96528.79,490935,2880,0
2025-02-09,96529.75,97353.2,94701.54,96507.72,481717,2898,0
2025-02-10,96508.09,98371.15,95264.13,97413.43,524277,2899,0
2025-02-11,97414.96,98514.43,94839.22,95826.88,514334,2898,0
2025-02-12,95826.67,98144.39,94075.43,97823.71,522950,2898,0
2025-02-13,97825.51,98093.11,95213.65,96646.97,502372,2899,0
2025-02-14,96655.46,98790.57,96249.15,97458.92,496212,2899,0
2025-02-15,97459.06,97914.97,97199.1,97526.95,470625,2880,0
2025-02-16,97526.89,97657.11,96045.37,96114.71,464083,2880,0
2025-02-17,96118.5,97088.87,95159.78,95829.02,497492,2899,0
2025-02-18,95828.55,96799.12,93316.25,95683.48,521802,2898,0
2025-02-19,95683.47,96935.64,95033.06,96655.76,523177,2899,0
2025-02-20,96655.76,98745.96,96428.24,98295.2,517822,2880,0
2025-02-21,98294.15,99481.06,94764.49,96195.96,539248,2880,0
2025-02-22,96195.89,97052.91,95796.27,96618.3,506178,2880,0
2025-02-23,96617.7,96727.8,95228.19,96331.2,498914,2880,0
2025-02-24,96331.34,96587.7,91353.45,91576.75,517284,2898,0
2025-02-25,91579.46,92595.31,85935.93,88645.9,586765,2897,0
2025-02-26,88645.89,89377.28,82224.37,84200.82,574252,2896,0
2025-02-27,84201.06,87083.53,82621.4,84690.42,552298,2896,0
2025-02-28,84690.42,85161.38,78212.6,84347.28,619378,2895,0
2025-03-01,84347.29,86590.4,83812.84,86082.3,515727,2880,0
2025-03-02,86081.54,95153.38,85080.59,94269.67,558728,2880,0
2025-03-03,94269.97,94428.84,85029.72,86199.19,610788,2880,0
2025-03-04,86199.19,88951.81,81471.33,87223.0,632364,2880,0
2025-03-05,87222.98,91064.77,86334.56,90645.3,569268,2880,0
2025-03-06,90645.29,92903.0,87835.46,89965.47,563130,2880,0
2025-03-07,89965.46,91327.73,84610.31,86802.82,619438,2880,0
2025-03-08,86803.58,86920.69,85203.94,86236.45,490457,2880,0
2025-03-09,86236.41,86528.33,79982.56,80733.48,501077,2880,0
2025-03-10,80737.0,84080.43,77444.04,78630.85,618432,2315,0
2025-03-11,78630.85,83658.77,76587.33,82931.74,611930,2315,0
2025-03-12,82932.2,84545.54,80635.71,83701.61,566528,2316,0
2025-03-13,83702.32,84362.59,79932.43,81180.65,552372,2316,0
2025-03-14,81180.64,85346.15,80864.86,83991.41,545462,2316,0
2025-03-15,83991.4,84698.07,83616.09,84343.62,505419,2300,0
2025-03-16,84348.79,85168.99,81997.71,82591.16,493437,2880,0
2025-03-17,82591.09,84771.39,82409.3,84013.42,535153,2896,0
2025-03-18,84013.41,84040.25,81143.61,82732.67,522862,2896,0
2025-03-19,82732.66,87096.75,82546.41,86921.18,551434,2896,0
2025-03-20,86920.64,87554.67,83628.48,84213.86,535260,2896,0
2025-03-21,84213.45,84839.45,83151.91,84088.78,528843,2896,0
2025-03-22,84088.75,84537.57,83625.8,83847.55,514943,2880,0
2025-03-23,83847.21,86205.72,83810.19,86123.04,512476,2880,0
2025-03-24,86123.04,88801.34,85539.31,87498.57,542349,2880,0
2025-03-25,87499.12,88579.75,86291.67,87435.29,538595,2880,0
2025-03-26,87433.54,88312.35,85874.54,86969.55,527676,2880,0
2025-03-27,86969.55,87803.76,85777.11,87201.2,531380,2880,0
2025-03-28,87201.01,87501.0,83572.85,84417.77,528110,2880,0
2025-03-29,84417.4,84626.19,81639.93,82660.69,516679,2880,0
2025-03-30,82660.83,83576.48,81540.36,82426.79,509872,2896,0
2025-03-31,82428.01,83955.36,81267.39,82539.11,540510,2896,0
2025-04-01,82538.09,85595.75,82402.8,85183.46,537536,2896,0
2025-04-02,85183.55,88517.18,82226.91,82417.0,573290,2880,0
2025-04-03,82417.06,83854.4,81109.37,83149.04,566852,2880,0
2025-04-04,83155.92,84729.33,81569.09,83851.36,589439,2880,0
2025-04-05,83851.31,84257.67,82345.73,83526.66,510696,2880,0
2025-04-06,83535.1,83800.74,77020.55,78301.66,546521,2880,0
2025-04-07,78301.96,81150.91,74360.24,79170.09,674197,2880,0
2025-04-08,79168.26,80858.35,76112.24,76190.89,578046,2880,0
2025-04-09,76191.76,83676.65,74468.3,82677.78,628195,2880,0
2025-04-10,82677.89,82809.89,78355.14,79530.17,570559,2880,0
2025-04-11,79529.57,84356.17,78893.78,83430.12,555224,2880,0
2025-04-12,83421.94,85969.18,82773.25,85260.94,532088,2880,0
2025-04-13,85262.79,86147.82,82977.72,83705.35,537456,2880,0
2025-04-14,83705.62,85799.35,83619.03,84572.44,528118,2880,0
2025-04-15,84571.09,86496.42,83589.85,83646.48,513597,2880,0
2025-04-16,83646.2,85568.68,83085.62,84019.53,530677,2880,0
2025-04-17,84019.56,85484.32,83677.41,84924.89,514448,2880,0
2025-04-18,84924.83,85110.55,84247.83,84434.8,493878,2880,0
2025-04-19,84434.5,85652.16,84329.41,85049.09,504686,2880,0
2025-04-20,85046.78,85290.22,83872.86,85134.14,503183,2880,0
2025-04-21,85134.4,88499.47,85092.56,87525.79,531056,2880,0
2025-04-22,87527.01,94094.54,87079.71,93422.18,551491,2880,0
2025-04-23,93421.96,94742.51,91887.62,93678.67,545562,2880,0
2025-04-24,93679.12,94031.08,91630.78,93972.65,522656,2880,0
2025-04-25,93973.5,95881.29,92806.11,94648.4,536923,2880,0
2025-04-26,94648.39,95213.65,93855.76,94625.89,526556,2880,0
2025-04-27,94626.27,95326.68,93553.65,93701.54,514469,2880,0
2025-04-28,93701.52,95619.04,92762.51,94993.58,529792,2880,0
2025-04-29,94992.82,95446.84,93714.03,94259.16,517119,2880,0
2025-04-30,94259.12,95224.18,92927.69,94142.34,514411,2880,0
2025-05-01,94142.54,97462.1,94093.22,96408.44,516654,2880,0
2025-05-02,96410.77,97894.19,96277.08,96836.93,535119,2880,0
2025-05-03,96836.54,96886.89,95734.39,95870.73,538065,2880,0
2025-05-04,95872.97,96330.45,94184.99,94308.65,532850,2880,0
2025-05-05,94308.73,95235.01,93553.74,94752.26,554341,2898,0
2025-05-06,94751.37,96909.72,93320.67,96821.77,556415,2880,0
2025-05-07,96821.77,97737.58,95760.97,97014.79,548237,2880,0
2025-05-08,97015.17,104298.93,96837.15,103233.97,570941,2880,0
2025-05-09,103233.97,104396.84,102276.3,102924.3,575813,2880,0
2025-05-10,102923.97,104983.38,102770.66,104758.12,563274,2880,0
2025-05-11,104756.46,104931.62,103254.41,104066.78,554975,2880,0
2025-05-12,104066.59,105834.92,100673.65,102831.56,564172,2900,0
2025-05-13,102831.65,105002.73,101452.71,104121.64,556600,2880,0
2025-05-14,104120.46,104374.87,102575.27,103489.96,535150,2880,0
2025-05-15,103490.76,104199.37,101360.71,103770.96,538639,2880,0
2025-05-16,103762.67,104580.88,103104.13,103457.92,534638,2880,0
2025-05-17,103452.91,103715.31,102611.63,103149.3,494625,2880,0
2025-05-18,103139.43,106672.24,103096.66,106444.85,530640,2880,0
2025-05-19,106445.25,107131.97,102019.38,105549.55,540559,2880,0
2025-05-20,105550.01,107315.27,104157.87,106820.34,539184,2880,0
2025-05-21,106820.38,110793.28,106030.34,109609.66,553587,2880,0
2025-05-22,109609.66,111908.95,109133.59,111600.61,559157,2880,0
2025-05-23,111600.46,111709.17,106711.99,107243.18,559075,2880,0
2025-05-24,107243.46,109445.0,106801.0,107664.59,520011,2880,0
2025-05-25,107666.43,109268.01,106463.02,108919.75,515835,2901,0
2025-05-26,108920.55,110411.64,108584.69,109390.57,521571,2901,0
2025-05-27,109391.21,110686.82,107457.83,108909.46,555282,2901,0
2025-05-28,108905.18,109270.93,106733.6,107785.95,525736,2901,0
2025-05-29,107784.9,108907.0,105198.53,105553.67,549602,2901,0
2025-05-30,105553.62,106346.67,103589.44,103990.92,558427,2900,0
2025-05-31,103992.06,104948.64,103046.88,104613.74,544149,2900,0
2025-06-01,104613.03,105929.28,103724.24,105697.66,535339,2900,0
2025-06-02,105697.75,106019.47,103654.09,105939.22,539841,2900,0
2025-06-03,105939.22,106883.43,104844.92,105383.7,548723,2181,0
2025-06-04,105383.23,106024.44,104141.21,104677.72,534756,2180,0
2025-06-05,104677.79,105962.08,100367.83,101544.63,544458,2180,0
2025-06-06,101548.95,105457.23,101106.98,104374.04,545783,2160,0
2025-06-07,104374.09,106042.71,103937.81,105658.98,531509,2160,0
2025-06-08,105658.67,106618.6,105010.93,105777.82,522172,2160,0
2025-06-09,105778.01,110770.84,105358.93,110245.4,545705,2160,0
2025-06-10,110245.19,110397.92,108337.65,110198.06,549501,2160,0
2025-06-11,110197.84,110346.67,108032.94,108643.62,547275,2181,0
2025-06-12,108643.42,108837.33,105665.93,105682.86,543416,2181,0
2025-06-13,105682.85,106269.13,102653.26,106135.82,569405,2180,0
2025-06-14,106135.81,106284.9,104294.65,105481.71,517498,2180,0
2025-06-15,105483.17,106260.11,104490.05,105651.69,524231,2160,0
2025-06-16,105651.23,109035.36,105016.46,106876.47,544864,2180,0
2025-06-17,106876.02,107859.23,103226.8,104559.89,547306,2180,0
2025-06-18,104559.36,105634.25,103463.35,104922.71,543917,2180,0
2025-06-19,104923.94,105299.46,103873.85,104671.02,564152,2160,0
2025-06-20,104670.97,106645.15,102218.05,103192.49,529896,2160,0
2025-06-21,103192.49,103971.27,100805.81,102070.34,528540,2160,0
2025-06-22,102079.55,103327.53,98231.72,100951.58,550318,2160,0
2025-06-23,100951.41,106203.64,99595.1,105495.43,558406,2160,0
2025-06-24,105495.23,106358.57,104713.12,106142.85,529202,2160,0
2025-06-25,106143.17,108203.29,105872.76,107372.0,537240,2160,0
2025-06-26,107372.7,108350.68,106576.22,107017.27,535324,2160,0
2025-06-27,107017.74,107802.05,106394.43,107112.6,541641,2160,0
2025-06-28,107112.68,107604.91,106867.51,107361.62,526865,2160,0
2025-06-29,107362.22,108546.08,107210.27,108336.31,529826,2160,0
2025-06-30,108336.51,108808.25,106739.59,107194.73,526355,2160,0
2025-07-01,107194.61,107622.44,105318.23,105789.27,539445,2160,0
2025-07-02,105789.66,109805.97,105201.87,108886.07,556704,2160,0
2025-07-03,108885.82,110587.61,108568.24,109615.64,540828,2160,0
2025-07-04,109615.36,109832.08,107280.98,108047.34,543217,2160,0
2025-07-05,108047.42,108476.27,107797.92,108266.44,565124,2160,0
2025-07-06,108266.62,109761.89,107841.0,109232.19,531364,2160,0
2025-07-07,109233.45,109760.81,107502.25,108284.67,558530,2160,0
2025-07-08,108284.37,109273.45,107461.13,108950.54,574225,2160,0
2025-07-09,108950.55,112053.84,108334.02,111235.4,569206,2160,0
2025-07-10,111238.06,117478.31,110476.65,115924.7,562368,2160,0
2025-07-11,115924.88,118899.42,115125.36,117484.52,612940,2160,0
2025-07-12,117484.75,118187.95,116808.84,117381.68,636580,2160,0
2025-07-13,117381.05,119526.72,117147.48,119024.6,600722,2160,0
2025-07-14,119023.7,123249.44,118824.36,119829.72,563320,2160,0
2025-07-15,119828.35,119929.93,115609.57,117714.24,592748,2160,0
2025-07-16,117714.68,120125.6,116974.58,118602.33,635079,2160,0
2025-07-17,118602.7,120978.2,117376.01,119226.11,619180,2160,0
2025-07-18,119226.11,120879.12,116864.32,117976.17,587102,2160,0
2025-07-19,117975.54,118504.26,117293.23,117856.27,545178,2160,0
2025-07-20,117854.91,118880.31,116418.0,117271.98,542251,2160,0
2025-07-21,117271.98,119708.2,116507.41,117394.12,573028,2160,0
2025-07-22,117394.03,120342.73,116042.56,119984.61,629852,2160,0
2025-07-23,119984.48,120140.28,117313.26,118819.21,647984,2160,0
2025-07-24,118819.19,119543.85,117122.45,118355.75,637141,2160,0
2025-07-25,118357.86,118483.28,114719.89,117645.58,600685,2160,0
2025-07-26,117645.58,118388.34,117158.22,117954.41,563648,2160,0
2025-07-27,117957.21,119812.32,117848.15,119468.0,552549,2160,0
2025-07-28,119466.79,119857.93,117407.12,118116.35,568059,2160,0
2025-07-29,118117.02,119358.29,116925.37,117982.39,555551,2160,0
2025-07-30,117980.99,118876.2,115794.28,117871.58,547912,2160,0
2025-07-31,117871.74,118991.62,115574.44,115853.95,555136,2160,0
2025-08-01,115854.16,116201.06,112663.2,113264.62,572859,2160,0
2025-08-02,113264.7,114082.48,111954.9,112568.31,554378,2160,0
2025-08-03,112566.61,114909.08,111909.33,114291.41,526183,2160,0
2025-08-04,114290.88,115828.57,114155.59,115126.41,546874,2160,0
2025-08-05,115126.36,115181.66,112599.95,114141.37,544049,2160,0
2025-08-06,114141.64,115831.88,113320.41,115112.62,542857,2160,0
2025-08-07,115112.14,117710.53,114325.97,117531.32,553376,2160,0
2025-08-08,117531.46,117683.18,115872.04,116672.4,553112,2160,0
2025-08-09,116672.39,117943.58,116317.92,116431.36,539313,2160,0
2025-08-10,116431.47,119357.84,116410.74,119294.9,558089,2160,0
2025-08-11,119295.37,122346.93,118134.18,118720.34,570668,2160,0
2025-08-12,118720.58,120320.77,118166.78,120118.39,491905,2160,0
2025-08-13,120118.39,123749.62,118902.99,123354.37,386506,2160,0
2025-08-14,123354.25,124553.5,117184.64,118371.02,435354,2160,0
2025-08-15,118370.99,119313.38,116832.15,117404.77,393782,2160,0
2025-08-16,117404.49,117981.03,117202.13,117448.36,295074,2160,0
2025-08-17,117446.06,118631.79,117238.95,117474.83,280335,2160,0
2025-08-18,117475.54,117614.01,114681.0,116286.49,380329,2160,0
2025-08-19,116286.23,116774.13,112691.31,112855.3,392279,2160,0
2025-08-20,112854.9,114631.71,112343.17,114271.66,403758,2160,0
2025-08-21,114271.67,114819.5,111950.85,112470.88,384909,2160,0
2025-08-22,112471.09,117429.4,111642.37,116894.01,413858,2160,0
2025-08-23,116894.34,116995.23,114508.96,115375.24,357713,2160,0
2025-08-24,115375.26,115628.05,110532.66,113476.75,420606,2160,0
2025-08-25,113475.1,113643.47,109258.17,110127.83,516626,2160,0
2025-08-26,110127.4,112401.58,108674.52,111785.47,496717,2160,0
2025-08-27,111785.48,112649.54,110352.63,111244.67,490956,2160,0
2025-08-28,111244.63,113489.27,110849.75,112568.71,473206,2160,0
2025-08-29,112568.59,112641.59,107448.7,108380.14,514653,1121,0
2025-08-30,108380.2,108933.54,107325.83,108812.76,434196,2160,0
2025-08-31,108812.82,109501.38,108059.47,108255.1,414602,2160,0
2025-09-01,108255.1,109912.82,107247.18,109226.45,505592,2160,0
2025-09-02,109226.39,111798.18,108388.54,111235.54,500731,2160,0
2025-09-03,111234.37,112617.65,110530.01,111752.62,471356,2160,0
2025-09-04,111752.61,112226.87,109322.73,110720.81,460682,2160,0
2025-09-05,110720.81,113400.7,110192.36,110673.45,489102,2160,0
2025-09-06,110673.56,111316.31,109938.71,110217.02,367747,2160,0
2025-09-07,110216.79,111616.32,110195.05,111124.22,365642,1800,0
2025-09-08,111123.39,112939.86,110593.79,112076.7,450374,1800,0
2025-09-09,112076.63,113283.9,110750.54,111539.41,451957,1800,0
2025-09-10,111539.41,114349.91,110907.35,113972.55,458367,1800,0
2025-09-11,113972.41,115545.5,113429.87,115523.25,454144,1800,0
2025-09-12,115523.24,116803.64,114766.98,116112.95,471064,1800,0
2025-09-13,116113.02,116372.21,115167.74,115967.47,408988,1800,0
2025-09-14,115967.52,116219.3,115165.76,115315.7,398238,1800,0
2025-09-15,115316.68,116809.8,114405.18,115385.56,474212,1800,0
2025-09-16,115385.86,117009.28,114717.55,116824.78,455460,1800,0
2025-09-17,116824.55,117342.37,114728.02,116481.96,465107,1800,0
2025-09-18,116481.88,117993.49,116105.12,117113.45,461166,1800,0
2025-09-19,117113.74,117516.03,115132.63,115686.72,463586,1800,0
2025-09-20,115687.14,116193.34,115461.52,115740.39,351282,1800,0
2025-09-21,115740.0,115900.4,115237.7,115286.65,354986,1800,0
2025-09-22,115287.29,115448.42,111666.53,112735.04,490380,1800,0
2025-09-23,112734.33,113373.21,111488.01,112026.48,473469,1800,0
2025-09-24,112026.72,114004.01,111059.13,113350.82,449274,1800,0
2025-09-25,113351.13,113566.28,108644.87,109029.48,520473,1800,0
2025-09-26,109029.44,110381.18,108663.46,109691.01,493578,1800,0
2025-09-27,109690.78,109814.6,109115.04,109673.87,364068,1800,0
2025-09-28,109673.88,112389.75,109223.75,112208.84,379591,1800,0
2025-09-29,112206.4,114495.1,111585.22,114362.61,460121,1800,0
2025-09-30,114368.87,114882.48,112698.21,114066.39,467146,1800,0
2025-10-01,114066.03,118726.78,113970.35,118654.06,488277,1800,0
2025-10-02,118650.14,121122.22,118330.28,120622.85,488085,1800,0
2025-10-03,120622.49,124001.4,119322.93,122324.68,476570,1800,0
2025-10-04,122324.68,122910.81,121557.63,122451.57,216413,1800,0
2025-10-05,122450.78,125882.56,122193.1,123521.82,183763,1800,0
2025-10-06,123520.19,126302.7,123105.0,124713.58,125530,1800,0
2025-10-07,124716.24,125249.61,120630.15,121392.99,75980,1800,0
2025-10-08,121398.36,124254.22,121088.93,123324.34,72629,1800,0
2025-10-09,123332.76,123818.13,119709.44,121687.65,72051,1800,0
2025-10-10,121689.81,122573.11,103597.89,112951.75,267059,1800,0
2025-10-11,112943.42,113450.28,109673.2,110766.41,118097,1800,0
2025-10-12,110773.53,115864.65,109683.07,115061.46,115476,1800,0
2025-10-13,115062.01,116075.27,113742.75,115265.74,101044,1800,0
2025-10-14,115267.44,115513.05,109938.98,113080.82,128900,1800,0
2025-10-15,113077.25,113665.21,110199.71,110795.6,104092,1800,0
2025-10-16,110794.7,112035.45,107437.21,108197.28,125962,1800,0
2025-10-17,108192.38,109267.66,103506.14,106470.03,139970,1800,0
2025-10-18,106469.91,107544.74,106354.33,107205.49,41887,1800,0
2025-10-19,107204.87,109491.99,106115.23,108681.66,59701,1800,0
2025-10-20,108677.06,111737.57,107459.01,110567.14,83234,1800,0
2025-10-21,110567.26,114080.27,107485.43,108359.21,121616,1800,0
2025-10-22,108350.09,109193.68,106639.24,107578.19,105844,1800,0
2025-10-23,107580.77,111338.25,107504.09,110099.55,73862,1800,0
2025-10-24,110104.24,112153.86,109706.9,111031.02,66895,1800,0
2025-10-25,111030.82,111963.55,110682.18,111654.22,31053,1800,0
2025-10-26,111654.87,115546.78,111261.22,114553.11,50210,1800,0
2025-10-27,114552.83,116411.9,113828.69,114101.78,65945,1800,0
2025-10-28,114099.57,116103.15,112197.24,112897.58,73339,1800,0
2025-10-29,112897.7,113670.2,109112.6,110034.13,96036,1800,0
2025-10-30,110034.24,111610.99,106237.9,108294.84,119086,1800,0
2025-10-31,108296.56,111094.96,108258.57,109550.35,85939,1800,0
2025-11-01,109548.53,110516.98,109336.18,110042.56,34096,1800,0
2025-11-02,110042.12,111196.85,109411.19,110523.1,47751,1800,0
2025-11-03,110525.78,110749.52,105296.97,106559.86,129018,1800,0
2025-11-04,106560.45,107277.65,98880.19,101459.69,206247,1800,0
2025-11-05,101470.9,104535.64,98931.63,103877.9,133823,1800,0
2025-11-06,103865.37,104200.44,100210.33,101293.68,123164,1800,0
2025-11-07,101298.13,104054.55,99163.83,103285.03,132065,1800,0
2025-11-08,103282.37,103339.16,101406.08,102282.35,59272,1800,0
2025-11-09,102282.86,105456.45,101319.2,104689.19,70472,1800,0
2025-11-10,104686.16,106665.69,104225.62,105976.37,91736,1800,0
2025-11-11,105978.77,107472.57,102430.95,103012.8,98890,1800,0
2025-11-12,103016.47,105320.3,100735.13,101635.63,96702,1800,0
2025-11-13,101634.23,104037.13,97922.67,99618.43,147497,1800,0
2025-11-14,99614.68,99833.66,93910.56,94502.61,201009,1800,0
2025-11-15,94496.62,96739.86,94475.9,95536.79,70574,1800,0
2025-11-16,95539.19,96549.21,92906.24,94175.63,101901,1800,0
2025-11-17,94173.84,95954.86,91156.04,92101.54,151040,1800,0
2025-11-18,92101.45,93765.15,89062.53,92910.39,158551,1800,0
2025-11-19,92911.38,92932.3,88484.73,91460.45,141485,1800,0
2025-11-20,91449.88,93074.05,85986.49,86523.44,169111,1800,0
2025-11-21,86525.91,87395.88,80533.26,85060.74,283728,1800,0
2025-11-22,85064.64,85565.94,83425.06,84680.39,89388,1800,0
2025-11-23,84684.52,88117.56,84614.19,86805.11,91795,1800,0
2025-11-24,86805.55,89217.36,85213.78,88264.91,129783,1800,0
2025-11-25,88264.5,88483.88,86060.58,87326.03,90228,1800,0
2025-11-26,87328.46,90625.8,86277.75,90475.14,84524,1800,0
2025-11-27,90473.25,91944.46,90057.72,91322.61,62971,1800,0
2025-11-28,91314.69,93117.15,90213.2,90911.65,78079,1800,0
2025-11-29,90908.86,91188.56,90170.86,90827.79,40231,1800,0
2025-11-30,90827.85,91972.24,90349.22,90371.36,43782,1800,0
2025-12-01,90370.03,90431.81,83795.41,86279.95,144803,1800,0
2025-12-02,86278.73,92336.98,86181.02,91309.11,111965,1800,0
2025-12-03,91309.27,94218.46,91015.52,93453.53,127727,1800,0
2025-12-04,93450.66,94089.29,90886.5,92092.61,100295,1800,0
2025-12-05,92093.31,92726.1,88050.58,89335.05,106135,1800,0
2025-12-06,89335.3,90313.74,88914.91,89234.67,45688,1800,0
2025-12-07,89258.79,91780.9,87730.22,90395.72,82098,1800,0
2025-12-08,90394.57,92306.97,89600.45,90663.31,103856,1800,0
2025-12-09,90663.2,94605.64,89463.44,92688.76,105690,1800,0
2025-12-10,92688.84,94506.41,91565.29,92031.06,114798,1800,0
2025-12-11,92026.19,93594.99,89254.51,92544.83,113516,1800,0
2025-12-12,92542.3,92782.05,89471.64,90280.73,91882,1800,0
2025-12-13,90282.05,90653.85,89756.45,90256.42,30436,1800,0
2025-12-14,90242.82,90495.75,87561.42,88173.2,62281,1800,0
2025-12-15,88165.27,90027.37,85095.95,86406.54,117837,1800,0
2025-12-16,86416.47,88145.47,85244.17,87842.14,109567,1800,0
2025-12-17,87838.75,90360.34,85270.35,86200.3,134939,1800,0
2025-12-18,86199.62,89441.01,84393.64,85442.61,142602,1800,0
2025-12-19,85442.63,89358.98,85048.98,88091.48,120529,1800,0
2025-12-20,88092.02,88546.62,87753.01,88316.14,36107,1800,0
2025-12-21,88316.33,89047.09,87547.34,88630.96,55535,1800,0
2025-12-22,88638.51,90572.93,87858.85,88559.82,104292,1800,0
2025-12-23,88563.08,88885.36,86527.94,87437.03,84428,1800,0
2025-12-24,87437.78,88002.87,86355.52,87610.26,60502,1800,0
2025-12-25,87610.33,88549.11,86892.64,87166.93,47370,1800,0
2025-12-26,87164.76,89506.62,86583.02,87286.73,83049,1800,0
2025-12-27,87283.51,87931.57,87156.98,87798.76,29626,1800,0
2025-12-28,87798.88,88038.42,87352.49,87874.51,32199,1800,0
2025-12-29,87870.04,90321.29,86681.38,87107.53,83943,1800,0
2025-12-30,87107.65,89314.05,86709.89,88408.99,68118,1800,0
2025-12-31,88408.89,89123.33,87081.88,87507.73,56440,1800,0
2026-01-01,87507.82,88801.89,87378.88,88733.79,34228,1800,0
2026-01-02,88733.95,90942.72,88253.88,89954.96,86496,1800,0
2026-01-03,89947.1,90694.22,89263.73,90582.24,41780,1800,0
2026-01-04,90581.29,91779.69,90581.29,91487.77,54650,1800,0
2026-01-05,91485.34,94817.0,91465.24,93870.84,91001,1800,0
2026-01-06,93872.83,94430.93,91197.99,93713.2,85023,1800,0
2026-01-07,93713.03,93718.53,90578.14,91279.55,80797,1800,0
2026-01-08,91284.85,91604.46,89174.25,91025.25,84964,1800,0
2026-01-09,91025.85,91943.97,89585.89,90513.14,81275,1800,0
2026-01-10,90509.17,90709.72,90267.29,90388.59,28402,1800,0
2026-01-11,90388.43,91166.78,90093.73,90865.01,34881,1800,0
2026-01-12,90867.18,92399.79,89998.18,91193.84,84148,1800,0
2026-01-13,91187.84,96731.07,90929.17,95376.1,90251,1800,0
2026-01-14,95376.45,97968.49,94426.45,96955.27,91257,1800,0
2026-01-15,96955.15,97179.19,95092.85,95587.59,82914,1800,0
2026-01-16,95590.0,95834.54,94230.11,95504.72,58766,1800,0
2026-01-17,95501.68,95633.01,94977.11,95118.69,28066,1800,0
2026-01-18,95118.55,95496.25,93565.6,93639.75,37223,1800,0
2026-01-19,93639.83,93639.83,91858.97,92570.84,66044,1800,0
2026-01-20,92562.82,92809.01,87696.18,88322.47,96215,1800,0
2026-01-21,88323.63,90499.43,87168.66,89358.62,116248,1800,0
2026-01-22,89358.71,90272.25,88410.38,89469.86,74620,1800,0
2026-01-23,89470.72,91139.72,88442.52,89484.24,73877,1800,0
2026-01-24,89486.07,89796.66,89014.98,89092.8,23568,1800,0
2026-01-25,89092.6,89180.68,85966.18,86569.02,64061,1800,0
2026-01-26,86568.11,88779.7,86401.16,88241.15,76688,1800,0
2026-01-27,88242.77,89429.32,87188.71,89126.74,69590,1800,0
2026-01-28,89126.3,90496.15,88707.09,89160.41,78005,1800,0
2026-01-29,89159.31,89220.02,83223.37,84508.25,95011,1800,0
2026-01-30,84504.9,84604.22,80937.29,84106.72,152888,1800,0
2026-01-31,84107.52,84147.89,75480.52,78631.26,171269,1800,0
2026-02-01,78654.77,79349.55,75613.06,76899.28,146994,1800,0
2026-02-02,76897.88,79317.84,74525.09,78664.72,220592,1800,0
2026-02-03,78662.85,79133.07,72843.69,75658.95,176876,1800,0
2026-02-04,75658.69,76893.35,71696.79,72998.16,192859,1800,0
2026-02-05,72995.9,73180.92,62111.7,62790.82,412461,1800,0
2026-02-06,62791.15,71689.21,59779.75,70521.16,350209,1800,0
2026-02-07,70521.24,71657.79,67273.22,69239.12,177483,1800,0
2026-02-08,69241.91,72254.57,68831.69,70273.03,114001,1800,0
2026-02-09,70267.85,71390.59,68227.8,70105.74,159358,1800,0
2026-02-10,70105.97,70500.61,67849.65,68794.99,129422,1800,0
2026-02-11,68795.46,69248.48,65703.93,67016.61,172468,1800,0
2026-02-12,67025.04,68381.68,65059.73,66213.8,150554,1800,0
2026-02-13,66213.74,69441.31,65794.59,68807.07,129744,1800,0
2026-02-14,68816.48,70553.3,68682.09,69792.63,67299,1800,0
2026-02-15,69793.24,70937.11,68031.33,68787.84,87343,1800,0
2026-02-16,68786.21,70099.92,67237.98,68845.39,92805,1800,0
2026-02-17,68845.73,69210.6,66558.86,67469.81,108976,1800,0
2026-02-18,67468.75,68438.66,65819.96,66411.81,95305,1800,0
2026-02-19,66410.37,67295.56,65596.38,66972.32,87571,1800,0
2026-02-20,66966.19,68298.03,66412.98,67973.21,100831,1800,0
2026-02-21,67981.37,68694.17,67492.62,67950.14,40959,1800,0
2026-02-22,67950.28,68227.95,67138.79,67608.95,39952,1800,0
2026-02-23,67617.61,67650.41,63851.71,64624.14,116885,1800,0
2026-02-24,64620.51,64984.33,62406.98,64058.57,115424,1800,0
2026-02-25,64059.56,70052.69,63892.8,67990.15,134732,1800,0
2026-02-26,67989.47,68865.49,66483.35,67485.35,113574,1800,0
2026-02-27,67479.95,68213.12,64900.42,65856.17,104414,1800,0
2026-02-28,65853.49,67768.14,63007.63,66969.94,123397,1800,0
2026-03-01,66959.28,68208.89,65018.19,65766.16,114302,1800,0
2026-03-02,65766.27,70143.67,65239.87,68827.44,162681,1800,0
2026-03-03,68829.13,69256.71,66093.25,68331.69,165517,1800,0
2026-03-04,68329.08,74123.3,67376.66,72682.03,178900,1800,0
2026-03-05,72684.83,73578.31,70640.9,70865.92,139414,1800,0
2026-03-06,70875.12,71427.58,67729.19,68108.2,127356,1800,0
2026-03-07,68107.1,68547.86,66888.12,67265.1,55290,1800,0
2026-03-08,67263.06,68191.65,65607.69,65971.88,83237,1800,0
2026-03-09,65972.11,69542.04,65798.43,68429.36,139226,1800,0
2026-03-10,68428.42,71786.56,68382.78,69947.25,137775,1800,0
2026-03-11,69954.4,71336.32,68957.65,70201.33,114575,1800,0
2026-03-12,70203.14,70814.01,69191.41,70523.87,104455,1800,0
2026-03-13,70520.46,73939.98,70387.93,70935.24,119620,1800,0
2026-03-14,70937.65,71310.21,70301.97,71213.44,45375,1800,0
2026-03-15,71219.34,73229.45,70860.28,72811.32,62522,1800,0
2026-03-16,72818.48,74924.23,72277.14,74873.5,110376,1800,0
2026-03-17,74867.53,76015.65,73387.22,73936.94,99670,1800,0
2026-03-18,73929.62,74691.93,70481.04,71230.55,96574,1800,0
2026-03-19,71240.37,71618.5,68782.39,69912.63,106297,1800,0
2026-03-20,69913.19,71359.77,69357.2,70489.94,100502,1400,0
2026-03-21,70487.34,71094.51,68544.28,68906.59,47785,1400,0
2026-03-22,68919.18,69580.09,67323.3,67845.73,81936,1400,0
2026-03-23,67844.7,71815.48,67421.45,70866.76,165834,1400,0
2026-03-24,70873.71,71389.03,68880.22,70519.4,115366,1400,0
2026-03-25,70526.98,72037.48,70365.34,71308.39,89968,1400,0
2026-03-26,71297.5,71405.34,68098.71,68768.83,91797,1400,0
2026-03-27,68769.16,69133.54,65480.33,66353.09,92881,1400,0
2026-03-28,66346.15,67261.24,65865.61,66320.68,45986,1400,0
2026-03-29,66319.74,67074.23,64925.79,65959.43,62008,1400,0
2026-03-30,65961.48,68130.06,65727.61,66744.43,102292,1400,0
2026-03-31,66735.83,68535.66,65914.41,68220.13,114722,1400,0
2026-04-01,68209.62,69290.34,67505.18,68110.47,90747,1400,0
2026-04-02,68107.92,68651.95,65682.9,66886.99,98083,1400,0
2026-04-03,66889.52,67371.31,66264.71,66945.34,54033,1400,0
2026-04-04,66946.49,67571.23,66764.4,67290.7,29790,1400,0
2026-04-05,67296.12,69114.05,66587.93,68998.46,47740,1400,0
2026-04-06,69000.06,70368.57,68263.53,68834.55,83856,1400,0
2026-04-07,68832.48,72763.21,67711.68,71895.51,103800,1400,0
2026-04-08,71893.94,72884.85,70682.03,71073.11,83432,1400,0
2026-04-09,71067.77,73174.3,70451.49,71779.15,86517,1400,0
2026-04-10,71780.3,73485.81,71417.08,72982.15,73585,1400,0
2026-04-11,72982.07,73847.75,72545.34,73084.66,43208,1400,0
2026-04-12,73084.13,73163.25,70504.09,70743.56,60836,1400,0
2026-04-13,70746.38,74933.9,70567.35,74449.54,87487,1400,0
2026-04-14,74448.73,76109.38,73840.2,74169.06,82464,1400,0
2026-04-15,74171.54,75466.29,73534.37,74831.31,77321,1400,0
2026-04-16,74829.58,75553.02,73309.62,75161.09,86636,1400,0
2026-04-17,75161.47,78403.19,74527.11,77097.59,103337,1400,0
2026-04-18,77095.16,77453.23,75456.58,75730.32,53594,1400,0
2026-04-19,75729.68,76274.3,73782.62,73824.25,75721,1400,0
2026-04-20,73826.95,76613.55,73730.14,75868.18,92768,1400,0
2026-04-21,75868.91,76958.4,74824.84,76348.34,90447,1400,0
2026-04-22,76352.77,79519.63,76144.4,78211.51,83636,1400,0
2026-04-23,78209.31,78701.81,76749.4,78270.4,89668,1400,0
2026-04-24,78275.98,78618.96,77269.97,77458.68,67159,1400,0
2026-04-25,77450.58,77905.63,77164.88,77637.96,32775,1400,0
2026-04-26,77639.57,78986.79,77337.08,78666.82,45601,1400,0
2026-04-27,78668.0,79504.52,76425.03,77352.15,73139,1400,0
2026-04-28,77353.33,77489.5,75641.09,76312.59,60850,1400,0
2026-04-29,76314.59,77909.56,74881.73,75752.86,71276,1400,0
2026-04-30,75752.94,76645.79,75275.99,76314.45,62238,1400,0
2026-05-01,76315.47,78928.12,76269.07,78229.72,57830,1400,0
2026-05-02,78223.67,79176.49,78013.42,78678.7,30684,1400,0
2026-05-03,78684.57,79449.54,78057.54,78558.12,40362,1400,0
2026-05-04,78560.67,80789.42,78176.1,79848.73,94655,1400,0
2026-05-05,79845.98,81785.74,79776.05,80901.61,63976,1400,0
2026-05-06,80897.64,82838.25,80708.02,81424.03,71161,1400,0
2026-05-07,81425.19,81714.76,79475.8,80009.84,67385,1400,0
2026-05-08,80009.75,80512.21,79156.19,80187.85,62244,1400,0
2026-05-09,80189.58,81072.2,80113.62,80655.42,33611,1400,0
2026-05-10,80651.28,82472.16,80252.45,82199.24,50902,1400,0
2026-05-11,82193.59,82373.49,80411.78,81717.21,67424,1400,0
2026-05-12,81718.36,81776.85,79801.54,80485.2,55571,1400,0
2026-05-13,80483.57,81292.71,78705.93,79292.06,55443,1400,0
2026-05-14,79292.86,82051.58,78875.99,81076.63,69783,1400,0
2026-05-15,81076.89,81650.54,78592.34,79067.75,70175,1400,0
2026-05-16,79069.02,79187.34,77601.15,78102.91,41854,1400,0
2026-05-17,78103.05,78575.82,76677.12,77401.2,46298,1400,0
2026-05-18,77412.7,77759.85,75988.48,76937.92,83577,1400,0
2026-05-19,76934.82,77364.61,76069.81,76775.38,59229,1400,0
2026-05-20,76772.6,77794.99,76444.51,77470.77,58452,1400,0
2026-05-21,77473.9,78144.49,76649.89,77555.1,59488,1400,0
2026-05-22,77555.53,77830.46,75257.37,75456.22,54627,1400,0
2026-05-23,75455.27,77317.65,74156.6,76638.13,53864,1400,0
2026-05-24,76657.63,77529.75,75993.72,76981.99,49103,1400,0
2026-05-25,76984.09,77848.45,76822.02,77242.9,44155,1400,0
2026-05-26,77243.51,78001.56,75551.08,75831.57,64871,1400,0
2026-05-27,75833.94,76057.61,74114.68,74323.57,63573,1400,0
2026-05-28,74318.14,74462.77,72446.99,73510.38,70477,1400,0
2026-05-29,73516.58,74228.91,72378.42,73364.56,61794,1400,0
2026-05-30,73373.4,74032.47,73081.39,73782.04,30560,1400,0
2026-05-31,73776.95,74170.77,73285.84,73583.21,35878,1400,0
2026-06-01,73583.82,73991.98,70564.38,71317.11,77451,1400,0
2026-06-02,71322.33,71324.25,66085.98,66660.04,123486,1400,0
2026-06-03,66658.23,67424.63,63989.27,64055.82,134922,1400,0
2026-06-04,64049.4,64699.03,61307.53,63804.36,227131,1008,0
2026-06-05,63801.02,63907.72,59073.29,61028.97,313245,1008,0
2026-06-06,61030.66,61509.89,59467.12,60847.77,136623,1008,0
2026-06-07,60845.46,64251.47,60715.1,63296.51,126641,1008,0
2026-06-08,63297.53,64193.13,62369.99,63065.75,136242,1000,0
2026-06-09,63064.97,63494.91,60727.56,61682.34,127050,1000,0
2026-06-10,61687.04,62817.15,60677.19,61449.09,134018,1000,0
2026-06-11,61450.28,63871.95,61450.28,63562.96,100918,1000,0
2026-06-12,63561.92,64347.83,62750.19,63542.52,85706,1000,0
2026-06-13,63538.58,64738.64,63357.85,64429.47,41185,1000,0
2026-06-14,64417.71,65772.55,63633.46,65693.86,56851,1000,0
2026-06-15,65697.54,67263.16,65309.86,66279.89,75951,1000,0
2026-06-16,66279.36,66948.74,65301.07,65614.73,75804,1000,0
2026-06-17,65613.07,66398.5,63850.94,64442.93,104428,1000,0
2026-06-18,64445.71,64752.78,62180.46,62877.01,87202,1000,0
2026-06-19,62877.02,63617.51,62238.63,63479.62,65225,1000,0
2026-06-20,63480.63,64329.08,63108.04,64224.77,53351,1000,0
2026-06-21,64225.1,64516.42,63179.7,63242.58,50178,1000,0
2026-06-22,63253.34,65566.57,63229.94,63947.29,89564,1000,0
2026-06-23,63944.92,64206.13,61849.44,62654.24,89201,1000,0
2026-06-24,62654.3,63146.18,59012.31,60984.51,135776,1000,0
2026-06-25,60983.47,61866.64,58001.72,59707.4,155177,1000,0
2026-06-26,59710.21,60676.63,58238.47,60017.03,160899,1000,0
2026-06-27,60018.84,60857.31,59749.51,59943.44,49598,1000,0
2026-06-28,59943.49,60469.2,58821.49,59481.67,67318,1000,0
2026-06-29,59488.62,60707.66,58782.15,60165.86,133607,1000,0
2026-06-30,60160.64,60189.19,58084.91,58538.71,91855,1000,0
2026-07-01,58539.82,61288.48,57703.42,59966.8,108460,1000,0
2026-07-02,59972.89,62147.41,59518.18,61488.7,104391,1000,0
2026-07-03,61482.83,62910.96,61164.75,62520.57,64821,1000,0
2026-07-04,62522.31,63420.49,62269.23,63093.29,47605,1000,0
2026-07-05,63090.06,63954.96,62370.87,63581.09,50750,1000,0
2026-07-06,63581.63,64669.63,61251.98,64001.85,100895,1000,0
2026-07-07,64001.57,64278.55,62605.24,63323.07,93249,1000,0
2026-07-08,63324.22,63727.55,61471.43,62237.97,89363,1000,0
2026-07-09,62237.14,63456.42,61633.32,63171.5,92298,1000,0
2026-07-10,63171.94,64658.28,62864.4,64117.15,112483,1000,0
2026-07-11,64118.36,64470.28,63761.24,63772.93,88329,1000,0
2026-07-12,63772.95,64259.17,63585.46,63746.94,91803,1000,0
2026-07-13,63739.6,64399.87,61750.05,62265.85,123605,1000,0
2026-07-14,62262.24,65086.59,62189.11,64982.9,118176,1000,0
2026-07-15,64995.1,65553.1,64429.19,64715.48,111686,1000,0
2026-07-16,64710.25,64949.34,63689.39,63775.43,110825,1000,0
2026-07-17,63774.61,64351.89,62468.57,63895.46,118233,1000,0
2026-07-18,63889.85,64829.92,63834.41,64794.58,82872,1000,0
2026-07-19,64795.29,64930.05,64236.95,64675.48,89718,1000,0
2026-07-20,64678.18,65756.02,63702.03,65206.25,126755,1000,0
2026-07-21,65205.56,66919.05,65101.18,66512.65,107925,1000,0
2026-07-22,66512.65,66704.98,65488.94,66076.33,107122,1000,0
2026-07-23,66076.38,66280.37,64593.18,65042.05,102847,1000,0
2026-07-24,65048.4,65764.94,63644.73,64084.28,104657,1000,0
2026-07-25,64084.26,64388.16,63725.93,64300.09,81455,1000,0
2026-07-26,64303.56,65523.37,64225.51,65340.89,85686,1000,0
2026-07-27,65341.6,65694.33,63537.94,63695.08,116524,1000,0
2026-07-28,63695.07,64038.6,62627.64,63843.34,111966,1000,0
2026-07-29,63844.58,64670.08,63183.26,63893.02,130140,1000,0
2026-07-30,63893.44,65106.75,63508.16,64715.81,103521,1000,0
2026-07-31,64717.75,65355.88,62359.21,62826.29,111670,1000,0
2026-08-01,62824.69,63089.56,62192.27,62756.82,84262,1000,0
2026-08-02,62757.25,63727.16,62739.53,63501.22,90745,1000,0
2026-08-03,63500.93,64035.39,62209.32,63458.06,107471,1000,0
2026-08-04,63457.59,64493.07,63253.17,64051.28,105966,1000,0
2026-08-05,64053.36,64994.0,63811.89,64599.9,103478,1000,0
2026-08-06,64599.91,64936.46,64087.47,64268.64,96541,1000,0
2026-08-07,64266.78,65346.89,64096.31,64880.55,101585,1000,0
2026-08-08,64880.19,65143.47,64782.1,64908.62,77711,1000,0
2026-08-09,64908.64,65438.78,64669.72,64844.33,80514,1000,0
2026-08-10,64843.2,65348.07,63731.6,63910.16,98258,1000,0
2026-08-11,63905.23,64434.2,63162.04,63533.04,91978,1000,0
2026-08-12,63532.86,64421.86,63229.69,63404.32,97887,1000,0
2026-08-13,63403.22,63941.66,62761.71,63414.21,96198,1000,0
2026-08-14,63415.26,63554.91,62444.51,62977.68,94715,1000,0
2026-08-15,62977.68,63121.61,62843.81,63018.58,78608,1000,0
2026-08-16,63017.71,63323.72,62636.74,62831.38,78797,1000,0
2026-08-17,62831.54,64578.34,62674.28,64471.75,94889,1000,0
2026-08-18,64477.6,65008.83,63955.76,64678.84,91119,1000,0
2026-08-19,64683.9,70383.09,64097.5,69287.13,154532,1000,0
2026-08-20,69287.24,73406.07,68838.24,73004.31,187854,1000,0
2026-08-21,73003.67,79514.38,72993.64,78320.72,289839,1000,0
2026-08-22,78322.34,78836.76,76506.39,77055.06,150195,1000,0
2026-08-23,77056.92,78051.37,75561.93,77731.76,132630,1000,0
2026-08-24,77729.6,77743.15,76865.24,77043.24,26369,1000,0
