time,open,high,low,close,tick_volume,spread,real_volume
2020-01-01,128.42,132.37,127.84,130.07,43677,53,0
2020-01-02,130.07,130.07,125.69,126.64,47164,48,0
2020-01-03,126.65,134.56,125.25,133.98,50936,51,0
2020-01-04,133.99,135.44,132.13,133.79,40615,50,0
2020-01-05,133.79,137.93,133.75,134.92,46216,56,0
2020-01-06,134.94,143.92,134.35,143.73,50725,58,0
2020-01-07,143.73,144.57,138.42,142.54,53063,62,0
2020-01-08,142.54,147.37,136.62,140.17,55736,57,0
2020-01-09,140.18,140.89,134.79,137.25,49915,61,0
2020-01-10,137.26,144.59,134.77,144.16,52742,59,0
2020-01-11,144.18,147.29,141.57,141.91,54008,62,0
2020-01-12,141.92,145.83,141.26,145.82,47960,55,0
2020-01-13,145.84,146.39,141.7,143.12,39397,50,0
2020-01-14,143.12,169.69,143.01,164.86,61897,52,0
2020-01-15,164.61,170.98,158.29,165.64,67070,75,0
2020-01-16,165.65,166.77,157.5,163.56,62510,72,0
2020-01-17,163.57,173.71,161.28,168.83,65029,70,0
2020-01-18,168.83,178.72,164.25,173.34,67964,78,0
2020-01-19,173.37,177.32,160.89,166.16,65262,73,0
2020-01-20,166.16,168.79,160.51,166.17,57241,68,0
2020-01-21,166.18,169.41,164.12,168.7,57434,70,0
2020-01-22,168.71,170.6,165.13,167.17,58169,67,0
2020-01-23,167.18,167.34,158.04,162.08,61903,68,0
2020-01-24,162.08,163.8,154.73,161.82,63031,65,0
2020-01-25,161.82,161.98,156.98,159.68,58682,65,0
2020-01-26,159.68,167.35,158.64,167.21,59144,63,0
2020-01-27,167.22,171.29,164.44,169.37,58775,69,0
2020-01-28,169.37,175.9,169.35,175.33,62970,73,0
2020-01-29,175.38,178.03,172.55,172.94,61491,69,0
2020-01-30,172.93,186.07,169.9,183.81,64002,74,0
2020-01-31,183.82,184.89,174.61,179.46,62892,74,0
2020-02-01,179.46,183.58,178.71,183.1,63595,73,0
2020-02-02,183.1,192.77,178.29,187.72,66316,84,0
2020-02-03,187.75,194.59,185.91,189.02,65412,85,0
2020-02-04,189.0,190.86,183.69,187.92,64077,79,0
2020-02-05,187.92,206.93,187.09,203.04,65462,83,0
2020-02-06,203.0,215.3,199.76,212.14,69172,104,0
2020-02-07,212.13,223.34,212.1,222.3,68218,81,0
2020-02-08,222.29,227.24,212.41,222.24,70111,97,0
2020-02-09,222.24,229.52,222.05,227.79,68191,88,0
2020-02-10,227.81,228.59,215.55,222.13,69796,90,0
2020-02-11,222.14,238.58,215.49,236.86,61774,96,0
2020-02-12,236.83,274.23,236.66,264.93,74003,126,0
2020-02-13,264.99,276.26,252.39,267.45,75509,131,0
2020-02-14,267.52,286.0,259.03,284.3,73815,114,0
2020-02-15,284.29,287.31,259.1,263.52,75736,125,0
2020-02-16,263.49,272.75,233.16,257.54,76783,141,0
2020-02-17,257.4,267.61,241.69,267.09,75931,128,0
2020-02-18,267.1,285.38,258.11,282.22,75703,141,0
2020-02-19,282.19,285.82,249.47,257.12,75232,141,0
2020-02-20,257.16,263.15,244.33,256.2,74586,141,0
2020-02-21,256.22,267.52,252.87,264.6,72355,134,0
2020-02-22,264.65,265.96,255.14,260.72,73436,149,0
2020-02-23,260.74,275.39,260.22,274.18,72811,148,0
2020-02-24,274.26,276.87,255.18,264.53,73236,153,0
2020-02-25,264.54,265.22,243.61,245.74,74078,147,0
2020-02-26,245.76,249.13,214.47,222.87,74367,123,0
2020-02-27,222.91,237.3,208.87,226.94,73123,111,0
2020-02-28,226.94,233.66,212.86,226.68,72327,120,0
2020-02-29,226.68,232.31,216.49,216.78,70879,108,0
2020-03-01,216.73,227.21,211.34,216.75,72344,107,0
2020-03-02,216.68,233.72,215.1,231.42,69222,100,0
2020-03-03,231.42,232.12,219.47,223.31,66854,106,0
2020-03-04,223.27,228.26,219.87,223.89,62145,96,0
2020-03-05,223.9,233.7,223.82,228.03,65167,114,0
2020-03-06,228.03,244.96,226.77,244.65,65569,120,0
2020-03-07,244.66,251.9,235.86,236.87,66296,114,0
2020-03-08,236.86,237.0,195.23,198.69,66427,103,0
2020-03-09,198.77,207.97,189.17,202.27,73852,108,0
2020-03-10,202.28,205.72,193.96,200.2,69306,84,0
2020-03-11,200.19,202.52,180.9,194.29,69134,82,0
2020-03-12,194.29,195.21,100.85,108.46,79199,89,0
2020-03-13,108.2,141.91,87.57,134.53,79884,95,0
2020-03-14,134.42,134.88,120.58,121.96,70213,63,0
2020-03-15,121.98,133.45,119.6,123.13,73395,89,0
2020-03-16,123.2,123.62,100.49,110.99,73424,62,0
2020-03-17,110.99,120.98,109.34,115.66,70005,57,0
2020-03-18,115.69,118.37,109.84,118.02,66101,58,0
2020-03-19,118.03,142.84,115.36,135.89,67806,62,0
2020-03-20,135.88,152.3,114.76,132.86,74644,77,0
2020-03-21,132.86,137.07,125.36,132.38,73213,73,0
2020-03-22,132.34,136.84,120.29,121.76,69398,67,0
2020-03-23,121.82,137.36,118.72,136.13,68825,61,0
2020-03-24,136.11,143.43,132.55,138.37,69492,74,0
2020-03-25,138.38,142.15,132.02,135.68,66768,67,0
2020-03-26,135.68,139.61,133.01,138.5,59308,66,0
2020-03-27,138.49,141.4,128.93,130.86,59577,62,0
2020-03-28,130.87,132.83,124.52,130.8,62207,64,0
2020-03-29,130.79,131.61,122.09,124.01,55612,60,0
2020-03-30,124.05,134.97,123.76,131.9,59520,63,0
2020-03-31,131.86,134.87,130.09,132.74,55014,67,0
2020-04-01,132.71,136.82,128.62,135.82,53289,61,0
2020-04-02,135.82,149.67,135.17,140.97,61454,60,0
2020-04-03,140.97,146.29,137.45,140.99,63733,68,0
2020-04-04,140.98,146.1,138.65,144.06,58357,64,0
2020-04-05,144.05,145.5,140.21,142.39,55012,63,0
2020-04-06,142.42,171.32,142.35,170.71,65639,70,0
2020-04-07,170.75,175.6,161.3,163.85,68728,82,0
2020-04-08,163.85,173.82,162.86,172.66,66922,83,0
2020-04-09,172.67,172.85,164.39,169.13,60525,79,0
2020-04-10,169.06,169.62,151.87,157.39,64667,73,0
2020-04-11,157.39,160.92,153.65,157.92,60873,79,0
2020-04-12,157.91,164.8,154.62,158.17,60510,79,0
2020-04-13,158.08,158.71,148.81,156.18,63823,81,0
2020-04-14,156.13,161.55,154.79,157.95,64590,74,0
2020-04-15,157.95,160.87,151.37,152.28,61278,78,0
2020-04-16,152.27,174.49,147.59,171.81,70832,87,0
2020-04-17,171.83,174.47,167.83,170.36,66792,83,0
2020-04-18,170.37,189.44,170.17,186.96,63756,86,0
2020-04-19,186.97,188.01,175.81,179.61,68552,89,0
2020-04-20,179.64,185.93,165.94,169.83,70386,89,0
2020-04-21,169.8,174.25,167.67,170.49,69321,85,0
2020-04-22,170.45,183.62,169.38,182.43,63704,81,0
2020-04-23,182.43,193.86,177.83,185.03,67102,79,0
2020-04-24,185.05,189.29,184.47,187.09,66143,93,0
2020-04-25,187.09,197.2,185.25,193.56,67994,94,0
2020-04-26,193.58,199.18,191.7,197.15,65745,99,0
2020-04-27,197.08,198.51,188.77,195.79,65845,88,0
2020-04-28,195.82,197.07,191.63,195.87,58348,83,0
2020-04-29,195.89,218.03,195.88,214.55,59788,79,0
2020-04-30,214.55,226.28,201.25,205.72,68826,83,0
2020-05-01,205.73,216.76,205.66,211.06,60404,71,0
2020-05-02,211.06,214.76,209.71,213.49,53667,77,0
2020-05-03,213.49,218.7,202.33,209.43,58716,75,0
2020-05-04,209.44,210.15,194.49,205.99,62839,79,0
2020-05-05,206.0,211.35,200.38,204.62,58909,81,0
2020-05-06,204.64,210.26,197.44,198.22,64131,73,0
2020-05-07,198.21,214.69,195.8,211.59,68974,96,0
2020-05-08,211.55,216.19,206.37,210.57,66297,105,0
2020-05-09,210.49,213.95,207.38,209.08,63925,92,0
2020-05-10,209.09,209.17,172.0,186.91,72950,98,0
2020-05-11,186.83,192.95,175.1,185.06,72961,98,0
2020-05-12,185.07,191.67,184.82,189.23,66980,91,0
2020-05-13,189.15,200.61,187.7,199.22,64056,91,0
2020-05-14,199.22,205.43,195.08,202.75,65790,97,0
2020-05-15,202.75,203.41,190.48,193.81,65603,101,0
2020-05-16,193.81,202.53,192.35,199.69,64680,95,0
2020-05-17,199.7,209.12,198.04,206.15,60459,96,0
2020-05-18,206.16,216.11,206.03,213.99,62996,105,0
2020-05-19,214.0,214.99,208.28,214.05,58516,87,0
2020-05-20,214.05,214.89,204.26,209.11,57124,78,0
2020-05-21,209.1,210.82,190.82,197.79,61476,94,0
2020-05-22,197.82,208.66,195.47,206.68,61768,90,0
2020-05-23,206.71,210.68,203.8,206.06,57706,88,0
2020-05-24,206.07,210.0,198.65,198.76,61037,98,0
2020-05-25,198.88,204.83,197.18,203.37,61663,95,0
2020-05-26,203.36,204.27,196.11,200.16,60576,85,0
2020-05-27,200.18,208.21,200.01,208.2,43804,18,0
2020-05-28,208.21,220.43,204.5,220.24,44556,16,0
2020-05-29,220.2,224.62,217.35,220.29,47304,18,0
2020-05-30,220.25,246.69,218.44,243.46,62530,20,0
2020-05-31,243.42,245.05,229.12,231.12,63013,18,0
2020-06-01,231.17,251.17,230.1,248.51,68966,21,0
2020-06-02,248.46,253.16,224.96,237.56,57733,18,0
2020-06-03,237.56,245.04,233.05,244.5,56972,17,0
2020-06-04,244.48,246.4,235.91,242.97,57579,16,0
2020-06-05,242.97,247.54,239.04,239.88,58985,18,0
2020-06-06,239.86,244.26,237.53,241.67,51985,18,0
2020-06-07,241.66,245.1,234.53,244.48,54235,19,0
2020-06-08,244.49,247.55,240.7,246.36,41673,19,0
2020-06-09,246.38,249.65,230.18,243.83,45326,10,0
2020-06-10,243.84,249.99,241.92,247.74,39585,18,0
2020-06-11,247.76,249.94,225.29,229.99,56600,19,0
2020-06-12,230.02,239.37,227.54,237.44,50111,17,0
2020-06-13,237.45,238.77,234.09,238.12,45878,17,0
2020-06-14,238.13,238.56,229.52,231.43,43967,17,0
2020-06-15,231.38,233.48,217.98,230.74,57976,16,0
2020-06-16,230.76,235.7,228.29,235.14,45262,17,0
2020-06-17,235.14,236.92,227.62,233.54,47815,17,0
2020-06-18,233.55,234.36,227.36,231.03,36762,16,0
2020-06-19,231.01,231.68,226.21,228.61,42962,17,0
2020-06-20,228.62,230.56,225.42,228.9,39483,16,0
2020-06-21,228.88,231.2,226.76,227.78,36188,16,0
2020-06-22,227.76,246.49,227.16,243.0,42387,18,0
2020-06-23,243.02,244.69,240.59,242.95,37817,19,0
2020-06-24,242.93,248.71,230.62,234.48,42845,17,0
2020-06-25,234.47,235.19,227.09,232.36,42884,17,0
2020-06-26,232.37,233.34,227.29,229.43,40488,16,0
2020-06-27,229.44,231.05,215.43,220.65,42838,14,0
2020-06-28,220.61,227.6,217.45,224.45,42707,17,0
2020-06-29,224.6,229.65,220.84,227.59,43268,16,0
2020-06-30,227.62,228.45,222.7,225.42,33172,15,0
2020-07-01,225.43,232.57,223.95,230.82,33896,14,0
2020-07-02,230.85,231.98,222.8,226.34,38783,16,0
2020-07-03,226.34,227.98,223.91,224.79,29028,16,0
2020-07-04,224.8,230.51,224.32,229.18,32956,16,0
2020-07-05,229.19,229.87,223.51,227.52,41778,5,0
2020-07-06,227.47,241.83,226.95,241.6,50220,5,0
2020-07-07,241.6,243.52,234.46,239.43,41905,17,0
2020-07-08,239.45,248.42,237.83,246.51,53848,18,0
2020-07-09,246.5,246.97,237.17,241.4,42600,120,0
2020-07-10,241.38,241.51,234.45,240.66,39668,120,0
2020-07-11,240.68,241.09,236.94,238.62,37778,120,0
2020-07-12,238.61,243.33,236.04,242.21,36620,120,0
2020-07-13,242.16,244.58,236.55,238.8,42415,120,0
2020-07-14,238.78,241.39,236.19,239.79,35044,120,0
2020-07-15,239.78,240.86,236.01,237.82,32735,120,0
2020-07-16,237.83,238.55,229.25,233.01,36826,120,0
2020-07-17,233.02,234.0,230.01,232.15,26669,121,0
2020-07-18,232.14,236.36,231.59,235.18,27615,121,0
2020-07-19,235.19,239.27,232.76,238.65,27173,121,0
2020-07-20,238.67,239.26,233.65,235.65,28852,120,0
2020-07-21,235.64,246.47,235.23,245.09,36638,120,0
2020-07-22,245.06,269.55,241.27,263.69,36162,120,0
2020-07-23,263.68,280.34,259.51,274.77,51603,120,0
2020-07-24,274.83,286.88,267.46,278.87,55756,120,0
2020-07-25,278.86,308.88,278.57,305.06,60708,120,0
2020-07-26,305.07,319.79,299.37,311.05,69023,120,0
2020-07-27,311.0,332.97,310.78,321.87,80066,120,0
2020-07-28,321.85,326.73,305.51,317.01,73710,120,0
2020-07-29,317.0,325.01,312.2,317.66,65889,120,0
2020-07-30,317.64,341.67,313.96,334.78,64531,120,0
2020-07-31,334.74,348.84,327.77,345.76,65297,120,0
2020-08-01,345.89,392.41,342.66,386.69,76978,120,0
2020-08-02,386.61,414.53,328.18,371.48,98607,62,0
2020-08-03,371.44,397.37,365.77,385.34,81694,121,0
2020-08-04,385.4,402.05,379.59,389.03,83129,121,0
2020-08-05,389.02,406.85,383.02,400.4,73600,121,0
2020-08-06,400.38,403.04,389.81,394.35,72160,121,0
2020-08-07,394.4,397.68,360.48,378.79,75758,120,0
2020-08-08,378.76,396.18,375.13,395.87,67997,120,0
2020-08-09,396.06,399.44,383.02,389.79,73535,120,0
2020-08-10,389.82,399.17,382.34,395.03,67268,121,0
2020-08-11,395.0,397.32,365.41,378.22,74356,120,0
2020-08-12,378.18,388.67,364.53,386.22,70677,120,0
2020-08-13,386.26,430.73,375.3,423.64,80633,120,0
2020-08-14,423.73,443.42,416.87,437.76,82093,121,0
2020-08-15,437.77,442.41,425.63,431.86,82914,121,0
2020-08-16,431.89,436.35,411.74,433.14,81137,121,0
2020-08-17,433.17,446.14,419.93,430.36,81896,121,0
2020-08-18,430.37,433.75,413.74,421.51,84121,122,0
2020-08-19,421.4,426.25,391.04,407.06,90558,121,0
2020-08-20,407.15,418.34,401.45,415.4,85357,121,0
2020-08-21,415.39,418.0,381.46,386.87,83494,121,0
2020-08-22,386.81,396.31,378.19,394.85,83777,121,0
2020-08-23,394.74,396.49,382.07,389.96,83310,121,0
2020-08-24,390.09,409.63,386.63,407.11,80774,121,0
2020-08-25,407.17,408.37,368.59,382.73,81855,121,0
2020-08-26,382.59,392.49,376.29,385.51,78133,121,0
2020-08-27,385.53,396.54,368.94,382.61,85901,121,0
2020-08-28,382.71,397.44,379.22,394.78,78980,120,0
2020-08-29,394.82,405.17,391.1,398.28,74566,120,0
2020-08-30,398.37,429.02,397.18,428.2,76098,120,0
2020-08-31,428.19,438.26,416.87,433.31,83581,120,0
2020-09-01,433.33,487.61,428.56,474.38,89364,120,0
2020-09-02,474.5,480.64,416.16,438.88,94689,120,0
2020-09-03,439.01,450.04,370.28,381.32,101639,120,0
2020-09-04,381.46,399.71,356.14,385.3,95980,120,0
2020-09-05,385.32,394.08,308.08,334.62,109439,120,0
2020-09-06,334.59,359.45,315.21,351.74,100791,120,0
2020-09-07,351.84,357.82,321.94,352.88,87458,120,0
2020-09-08,352.89,355.85,324.76,336.85,88001,120,0
2020-09-09,336.86,358.33,329.33,350.14,78340,120,0
2020-09-10,350.07,377.29,348.72,367.41,91974,120,0
2020-09-11,367.56,374.66,354.84,373.1,85270,120,0
2020-09-12,373.15,387.61,363.73,386.88,83901,120,0
2020-09-13,386.92,389.37,352.01,365.37,87542,120,0
2020-09-14,365.5,383.94,354.83,376.63,87745,120,0
2020-09-15,376.65,381.83,361.46,363.53,83141,120,0
2020-09-16,363.61,372.9,354.47,364.62,81264,120,0
2020-09-17,364.58,393.52,362.22,388.76,85213,120,0
2020-09-18,388.74,391.8,374.58,383.85,84088,120,0
2020-09-19,383.87,387.56,376.01,384.55,80286,120,0
2020-09-20,384.56,384.83,363.47,370.12,74954,120,0
2020-09-21,370.12,375.96,330.89,339.35,87617,121,0
2020-09-22,339.41,346.04,334.84,343.45,81307,121,0
2020-09-23,343.46,343.92,312.64,320.26,78981,120,0
2020-09-24,320.28,352.53,315.96,348.19,81346,120,0
2020-09-25,348.25,357.52,336.68,351.21,81694,120,0
2020-09-26,351.33,355.98,344.86,353.28,81429,120,0
2020-09-27,353.18,361.56,346.12,357.0,77811,121,0
2020-09-28,356.92,367.24,350.73,353.29,74760,120,0
2020-09-29,353.31,359.99,349.13,359.33,74394,120,0
2020-09-30,359.31,360.68,350.68,359.06,69588,120,0
2020-10-01,359.18,368.86,344.25,352.31,76245,120,0
2020-10-02,352.0,353.73,333.36,344.79,75766,120,0
2020-10-03,344.72,350.79,342.85,345.74,63321,120,0
2020-10-04,345.73,353.69,343.3,351.77,57993,120,0
2020-10-05,351.43,355.27,347.75,352.93,59749,120,0
2020-10-06,352.93,354.39,336.03,340.04,68112,120,0
2020-10-07,340.08,342.12,331.57,341.06,73367,120,0
2020-10-08,341.08,352.7,333.04,350.43,68693,120,0
2020-10-09,350.44,368.07,345.88,364.85,73424,121,0
2020-10-10,364.85,377.91,363.8,370.43,75734,120,0
2020-10-11,370.45,376.72,368.43,373.88,73405,121,0
2020-10-12,373.85,394.26,364.69,385.84,75176,120,0
2020-10-13,385.93,387.0,373.69,380.61,78483,120,0
2020-10-14,380.65,387.01,371.73,378.45,75805,120,0
2020-10-15,378.52,381.01,368.9,377.25,78332,121,0
2020-10-16,377.23,379.35,360.13,365.03,82421,121,0
2020-10-17,365.3,369.99,362.57,368.1,77151,121,0
2020-10-18,368.02,377.95,366.27,377.44,74046,121,0
2020-10-19,377.73,383.77,371.72,378.48,78596,121,0
2020-10-20,378.54,380.31,361.74,368.52,82998,121,0
2020-10-21,368.44,400.87,366.83,390.29,87971,121,0
2020-10-22,390.16,420.3,389.75,413.4,88673,120,0
2020-10-23,413.53,418.75,400.57,408.41,86326,120,0
2020-10-24,408.48,415.95,405.86,411.52,83621,120,0
2020-10-25,411.56,417.0,402.02,405.66,82387,121,0
2020-10-26,405.54,410.63,379.55,392.35,89952,121,0
2020-10-27,392.11,409.92,388.9,403.55,88055,121,0
2020-10-28,403.52,408.58,379.3,387.89,85498,121,0
2020-10-29,387.93,393.24,380.12,386.38,79507,121,0
2020-10-30,386.54,391.21,372.04,382.2,79713,121,0
2020-10-31,382.16,392.81,379.69,385.88,70825,121,0
2020-11-01,385.57,396.96,383.64,396.18,69736,121,0
2020-11-02,396.04,403.76,377.13,382.69,81827,120,0
2020-11-03,382.69,389.74,369.23,387.25,77740,121,0
2020-11-04,387.29,407.8,375.3,402.13,84060,121,0
2020-11-05,402.11,420.15,395.4,416.11,86900,121,0
2020-11-06,416.22,457.65,413.55,455.39,91450,121,0
2020-11-07,455.38,467.45,422.7,435.07,95562,122,0
2020-11-08,435.09,459.58,430.75,454.06,87819,122,0
2020-11-09,454.16,458.33,433.12,444.19,89667,122,0
2020-11-10,444.06,454.56,438.29,449.8,85313,122,0
2020-11-11,449.87,475.91,448.85,462.78,90359,122,0
2020-11-12,462.94,469.89,450.16,462.12,86669,122,0
2020-11-13,462.1,477.26,456.15,475.82,82625,122,0
2020-11-14,475.81,476.9,450.72,459.92,83412,122,0
2020-11-15,459.95,462.59,439.35,447.37,81681,122,0
2020-11-16,447.73,465.26,444.83,460.09,83571,122,0
2020-11-17,460.01,484.27,458.93,481.52,86490,122,0
2020-11-18,481.63,493.85,452.42,477.83,97481,121,0
2020-11-19,477.71,480.02,464.12,470.8,89447,123,0
2020-11-20,470.71,513.73,470.02,509.39,90777,122,0
2020-11-21,509.44,552.16,501.13,551.02,93336,122,0
2020-11-22,551.3,579.82,509.59,558.47,103948,122,0
2020-11-23,558.61,609.7,546.58,607.76,104941,124,0
2020-11-24,607.75,621.32,585.34,604.3,102991,124,0
2020-11-25,604.22,605.29,553.54,568.45,97243,126,0
2020-11-26,568.25,575.99,478.71,519.49,122039,123,0
2020-11-27,519.37,530.47,493.11,517.9,96723,122,0
2020-11-28,518.09,547.76,505.11,536.54,89573,122,0
2020-11-29,536.49,575.94,529.68,574.66,89661,123,0
2020-11-30,575.35,615.2,568.42,615.2,97775,123,0
2020-12-01,615.13,635.55,557.69,583.97,105741,123,0
2020-12-02,584.9,604.11,574.14,595.33,98911,126,0
2020-12-03,596.35,622.57,585.28,615.7,89360,124,0
2020-12-04,615.54,619.62,561.96,566.08,91148,131,0
2020-12-05,566.39,596.97,559.07,596.13,90597,144,0
2020-12-06,596.16,606.72,581.79,600.99,88337,129,0
2020-12-07,600.8,602.27,583.11,590.66,85044,123,0
2020-12-08,590.67,594.28,545.85,553.79,89050,123,0
2020-12-09,553.62,576.97,529.05,572.21,92458,124,0
2020-12-10,571.73,574.29,546.86,557.5,89106,123,0
2020-12-11,557.42,559.29,533.99,543.38,90987,123,0
2020-12-12,543.45,573.57,541.75,567.24,85769,123,0
2020-12-13,567.23,593.8,561.84,589.65,87728,124,0
2020-12-14,589.64,590.75,573.74,585.49,86493,132,0
2020-12-15,585.41,595.69,577.41,588.42,84981,125,0
2020-12-16,588.36,638.02,580.14,636.41,89443,126,0
2020-12-17,636.43,674.75,623.49,642.32,102203,128,0
2020-12-18,642.38,662.59,626.88,654.06,94977,136,0
2020-12-19,654.13,669.67,644.87,657.46,92630,132,0
2020-12-20,657.2,659.55,618.98,637.3,93328,136,0
2020-12-21,637.27,647.1,593.92,606.88,96771,136,0
2020-12-22,606.81,636.72,586.47,634.95,100145,136,0
2020-12-23,635.76,637.36,547.48,583.41,106471,140,0
2020-12-24,583.83,613.64,562.72,611.06,102330,154,0
2020-12-25,611.11,632.29,594.82,625.36,98078,151,0
2020-12-26,625.45,650.68,613.28,634.96,98043,146,0
2020-12-27,635.03,711.0,622.26,682.94,106728,138,0
2020-12-28,683.15,745.97,679.03,728.88,105014,167,0
2020-12-29,728.53,737.76,686.44,730.12,99578,174,0
2020-12-30,730.16,756.84,715.02,750.96,94783,174,0
2020-12-31,751.05,754.32,718.25,736.08,92075,156,0
2021-01-01,736.14,748.29,714.69,729.35,87835,143,0
2021-01-02,729.4,786.35,714.33,773.26,94080,149,0
2021-01-03,772.89,1008.7,766.41,975.95,107506,190,0
2021-01-04,976.86,1158.84,879.9,1039.19,120997,260,0
2021-01-05,1039.54,1131.37,968.73,1099.74,111701,261,0
2021-01-06,1100.3,1211.87,1056.08,1207.17,106260,265,0
2021-01-07,1208.31,1288.38,1143.65,1221.65,103033,279,0
2021-01-08,1221.49,1273.42,1060.93,1214.52,112525,275,0
2021-01-09,1214.8,1305.61,1167.43,1278.19,100685,264,0
2021-01-10,1278.85,1348.47,1158.72,1254.31,105205,295,0
2021-01-11,1253.81,1258.44,909.27,1085.19,126175,286,0
2021-01-12,1085.46,1147.58,1003.97,1049.08,114512,224,0
2021-01-13,1049.2,1134.44,982.48,1127.42,107195,221,0
2021-01-14,1127.44,1243.69,1083.61,1228.95,100289,207,0
2021-01-15,1229.11,1253.31,1067.49,1165.99,108821,236,0
2021-01-16,1166.67,1291.28,1149.38,1226.19,105450,241,0
2021-01-17,1226.49,1268.57,1161.42,1232.4,107193,235,0
2021-01-18,1229.87,1259.62,1180.76,1256.86,97581,206,0
2021-01-19,1257.09,1436.39,1250.9,1365.62,106197,233,0
2021-01-20,1365.03,1404.98,1231.74,1374.9,107989,243,0
2021-01-21,1375.1,1386.37,1080.48,1109.53,115639,253,0
2021-01-22,1109.73,1273.06,1040.51,1231.27,109593,261,0
2021-01-23,1231.76,1270.17,1193.33,1232.02,100887,249,0
2021-01-24,1231.84,1398.03,1218.14,1389.17,97092,253,0
2021-01-25,1391.02,1474.59,1291.67,1316.08,104682,271,0
2021-01-26,1315.65,1376.23,1244.39,1364.65,106285,273,0
2021-01-27,1364.65,1371.52,1205.1,1237.99,110121,267,0
2021-01-28,1239.36,1359.19,1217.82,1329.72,104895,252,0
2021-01-29,1330.0,1439.0,1283.94,1375.77,110113,242,0
2021-01-30,1377.18,1404.72,1324.39,1377.47,101169,262,0
2021-01-31,1377.75,1380.54,1281.39,1312.21,96749,282,0
2021-02-01,1312.03,1376.65,1269.42,1372.81,97378,270,0
2021-02-02,1373.43,1546.89,1358.89,1511.99,102541,279,0
2021-02-03,1511.95,1668.69,1507.6,1663.53,98952,310,0
2021-02-04,1663.8,1695.32,1554.73,1594.27,103720,329,0
2021-02-05,1594.4,1758.17,1588.21,1717.32,98574,336,0
2021-02-06,1717.98,1741.63,1644.02,1676.03,97671,352,0
2021-02-07,1675.81,1691.66,1488.79,1611.58,97982,346,0
2021-02-08,1611.63,1777.0,1561.93,1749.71,99000,350,0
2021-02-09,1749.81,1822.8,1708.65,1768.35,98228,346,0
2021-02-10,1768.63,1836.14,1677.92,1739.44,98125,349,0
2021-02-11,1739.76,1816.89,1702.18,1784.32,94225,326,0
2021-02-12,1783.53,1864.35,1737.4,1841.91,92815,336,0
2021-02-13,1841.92,1872.72,1761.86,1814.8,94830,317,0
2021-02-14,1814.85,1851.62,1782.64,1801.46,89811,303,0
2021-02-15,1801.54,1836.37,1652.95,1776.02,95227,316,0
2021-02-16,1776.32,1824.51,1721.11,1781.05,93142,333,0
2021-02-17,1781.05,1855.2,1730.93,1848.09,91507,331,0
2021-02-18,1848.12,1947.66,1846.79,1934.67,90626,312,0
2021-02-19,1934.92,1971.24,1887.26,1954.16,88369,347,0
2021-02-20,1954.08,2036.49,1810.8,1910.97,94923,382,0
2021-02-21,1909.87,1974.15,1880.11,1931.37,92611,379,0
2021-02-22,1931.91,1934.66,1531.05,1774.72,104025,376,0
2021-02-23,1774.8,1779.01,1358.87,1574.69,120270,369,0
2021-02-24,1574.81,1711.03,1497.01,1623.12,106807,378,0
2021-02-25,1623.27,1670.4,1456.27,1479.44,104421,373,0
2021-02-26,1479.96,1560.28,1398.45,1442.42,110318,337,0
2021-02-27,1442.23,1524.17,1422.84,1457.63,102906,332,0
2021-02-28,1457.86,1468.26,1292.96,1419.72,109660,285,0
2021-03-01,1419.05,1570.62,1409.94,1567.5,98740,328,0
2021-03-02,1568.04,1600.92,1453.58,1485.84,101457,312,0
2021-03-03,1485.49,1653.24,1474.25,1567.46,97567,350,0
2021-03-04,1567.79,1623.29,1501.48,1535.49,105679,366,0
2021-03-05,1536.18,1547.47,1439.32,1526.97,100334,359,0
2021-03-06,1527.47,1669.53,1509.07,1647.85,95743,353,0
2021-03-07,1648.77,1731.34,1628.47,1724.04,95656,356,0
2021-03-08,1724.92,1840.33,1663.89,1831.39,96877,365,0
2021-03-09,1831.69,1870.01,1798.12,1870.01,93130,379,0
2021-03-10,1870.25,1876.32,1756.44,1792.05,98595,428,0
2021-03-11,1792.97,1845.86,1724.34,1825.05,97376,423,0
2021-03-12,1825.46,1839.91,1718.55,1765.42,96577,386,0
2021-03-13,1763.75,1941.4,1726.34,1919.49,95330,389,0
2021-03-14,1919.45,1929.49,1832.76,1846.47,92044,415,0
2021-03-15,1846.48,1887.39,1731.95,1791.38,97384,378,0
2021-03-16,1791.55,1817.47,1709.38,1802.83,94627,411,0
2021-03-17,1803.08,1834.94,1736.92,1820.2,93600,421,0
2021-03-18,1819.81,1845.64,1757.09,1774.09,90347,391,0
2021-03-19,1774.08,1838.31,1731.14,1807.23,90131,367,0
2021-03-20,1807.03,1867.0,1797.91,1803.48,88279,364,0
2021-03-21,1803.99,1815.47,1745.0,1781.92,87675,383,0
2021-03-22,1781.73,1804.72,1654.73,1679.68,92261,377,0
2021-03-23,1679.35,1719.83,1648.84,1665.51,94448,405,0
2021-03-24,1666.02,1738.24,1543.93,1579.67,96555,388,0
2021-03-25,1579.93,1619.52,1544.65,1584.89,99501,368,0
2021-03-26,1584.39,1697.62,1584.39,1695.97,91841,342,0
2021-03-27,1696.11,1730.47,1663.57,1711.81,91198,391,0
2021-03-28,1711.27,1724.18,1659.65,1684.73,89982,383,0
2021-03-29,1684.82,1836.37,1673.47,1814.13,89319,378,0
2021-03-30,1814.21,1857.82,1783.58,1839.79,88550,341,0
2021-03-31,1839.83,1945.83,1769.33,1917.35,92225,375,0
2021-04-01,1917.6,1979.15,1885.14,1966.05,90568,375,0
2021-04-02,1966.06,2139.97,1946.21,2129.94,90899,376,0
2021-04-03,2130.22,2135.36,1997.54,2004.86,93708,465,0
2021-04-04,2004.39,2089.48,1975.74,2073.84,89635,492,0
2021-04-05,2073.6,2127.14,2000.31,2104.05,91722,483,0
2021-04-06,2104.0,2148.68,2043.75,2109.38,91961,460,0
2021-04-07,2109.61,2126.21,1927.52,1961.6,97006,508,0
2021-04-08,1961.64,2080.52,1946.4,2078.06,90672,476,0
2021-04-09,2077.95,2097.17,2045.27,2063.96,88675,466,0
2021-04-10,2063.5,2193.63,2053.93,2131.65,90602,457,0
2021-04-11,2131.27,2161.24,2108.67,2147.36,89559,548,0
2021-04-12,2146.77,2196.53,2097.81,2134.89,90413,536,0
2021-04-13,2134.94,2313.1,2132.65,2295.33,92169,544,0
2021-04-14,2295.09,2442.86,2279.14,2428.59,95668,582,0
2021-04-15,2428.59,2541.23,2396.72,2512.7,93312,677,0
2021-04-16,2512.91,2542.97,2299.34,2420.25,98111,727,0
2021-04-17,2418.77,2494.41,2307.36,2310.96,93083,765,0
2021-04-18,2311.18,2334.2,1967.57,2237.1,106631,555,0
2021-04-19,2235.54,2277.82,2071.03,2158.09,99321,500,0
2021-04-20,2158.13,2345.31,2051.59,2329.58,102693,531,0
2021-04-21,2328.84,2465.96,2233.98,2354.77,99912,587,0
2021-04-22,2354.28,2640.22,2299.75,2396.27,106179,643,0
2021-04-23,2395.73,2440.5,2105.73,2364.68,111560,704,0
2021-04-24,2363.62,2366.3,2156.11,2213.0,101419,612,0
2021-04-25,2214.01,2353.88,2162.49,2318.89,97961,647,0
2021-04-26,2319.73,2539.79,2301.89,2533.31,99050,639,0
2021-04-27,2533.58,2676.8,2482.38,2663.22,93150,627,0
2021-04-28,2662.78,2756.77,2557.29,2745.07,96067,757,0
2021-04-29,2745.97,2795.06,2669.09,2754.44,92697,763,0
2021-04-30,2754.62,2793.37,2722.98,2769.37,89158,818,0
2021-05-01,2768.98,2952.14,2751.2,2945.35,88033,692,0
2021-05-02,2945.41,2980.47,2850.63,2947.88,88640,715,0
2021-05-03,2948.17,3448.04,2948.17,3428.08,92933,738,0
2021-05-04,3429.12,3525.94,3169.15,3236.83,104267,828,0
2021-05-05,3236.63,3546.66,3206.55,3524.4,97662,758,0
2021-05-06,3524.64,3602.98,3378.41,3489.38,94083,786,0
2021-05-07,3489.88,3588.86,3353.0,3482.61,93561,742,0
2021-05-08,3482.6,3952.55,3452.42,3910.15,93845,741,0
2021-05-09,3910.54,3976.06,3722.93,3923.76,100402,841,0
2021-05-10,3924.06,4204.95,3663.57,3945.79,106280,918,0
2021-05-11,3946.01,4176.4,3769.58,4171.72,100875,849,0
2021-05-12,4171.5,4376.78,3827.26,3854.49,109377,959,0
2021-05-13,3853.1,4039.1,3543.85,3714.93,128342,1065,0
2021-05-14,3714.67,4170.48,3690.86,4077.23,106093,1139,0
2021-05-15,4076.95,4129.82,3629.41,3645.2,111068,1188,0
2021-05-16,3645.71,3876.12,3340.76,3579.29,110180,1389,0
2021-05-17,3578.62,3583.46,3113.66,3276.33,117471,1266,0
2021-05-18,3276.58,3560.03,3236.76,3373.05,107814,1286,0
2021-05-19,3373.03,3436.46,1950.2,2434.78,167035,366,0
2021-05-20,2436.09,2991.84,2153.54,2770.68,125995,659,0
2021-05-21,2771.19,2939.6,2137.61,2431.46,119920,596,0
2021-05-22,2431.39,2484.07,2154.5,2295.18,123446,523,0
2021-05-23,2295.43,2380.28,1737.32,2094.41,134915,465,0
2021-05-24,2095.92,2670.8,2079.75,2644.93,125731,486,0
2021-05-25,2645.19,2748.41,2384.42,2702.6,124490,512,0
2021-05-26,2703.23,2909.66,2645.68,2885.17,113377,518,0
2021-05-27,2884.39,2886.65,2638.68,2741.24,109930,522,0
2021-05-28,2739.87,2758.63,2327.34,2410.86,124041,275,0
2021-05-29,2411.05,2572.44,2206.86,2274.68,136949,265,0
2021-05-30,2274.93,2470.89,2179.15,2385.74,119241,248,0
2021-05-31,2386.14,2717.43,2272.66,2705.83,124016,266,0
2021-06-01,2705.95,2740.57,2526.59,2632.63,119852,292,0
2021-06-02,2632.8,2799.95,2551.86,2705.17,108382,290,0
2021-06-03,2705.47,2888.0,2661.77,2853.75,106819,285,0
2021-06-04,2854.13,2856.99,2553.02,2689.57,115799,279,0
2021-06-05,2689.79,2812.8,2548.14,2624.76,106006,277,0
2021-06-06,2624.6,2743.95,2610.47,2708.99,96587,472,0
2021-06-07,2709.29,2843.96,2570.88,2589.94,100023,458,0
2021-06-08,2589.33,2619.01,2304.73,2505.35,112650,468,0
2021-06-09,2505.66,2621.94,2404.41,2606.49,105532,454,0
2021-06-10,2606.5,2619.74,2423.89,2468.38,100139,471,0
2021-06-11,2468.09,2493.23,2317.52,2352.27,99993,402,0
2021-06-12,2351.45,2451.11,2255.67,2368.53,106355,256,0
2021-06-13,2368.63,2547.59,2306.37,2508.04,102552,233,0
2021-06-14,2507.92,2605.28,2460.84,2579.3,99074,237,0
2021-06-15,2579.45,2638.37,2506.54,2541.8,98123,239,0
2021-06-16,2541.51,2552.89,2348.48,2365.66,100045,261,0
2021-06-17,2365.82,2457.3,2302.62,2370.8,95945,205,0
2021-06-18,2370.86,2374.34,2137.29,2233.45,101840,221,0
2021-06-19,2233.86,2276.09,2160.78,2163.78,99631,220,0
2021-06-20,2164.05,2274.3,2041.25,2242.02,103365,210,0
2021-06-21,2242.1,2257.63,1866.63,1886.03,130209,202,0
2021-06-22,1885.86,1996.08,1703.93,1880.48,132872,197,0
2021-06-23,1881.29,2043.07,1823.95,1967.22,115527,175,0
2021-06-24,1967.35,2033.89,1883.18,1987.38,103670,171,0
2021-06-25,1987.46,2018.07,1789.27,1807.19,111133,171,0
2021-06-26,1807.28,1849.97,1716.94,1827.37,114443,183,0
2021-06-27,1827.37,1981.76,1805.26,1981.2,102771,184,0
2021-06-28,1981.73,2141.27,1958.81,2081.43,108107,177,0
2021-06-29,2081.57,2244.66,2073.18,2165.02,103932,166,0
2021-06-30,2165.3,2284.44,2086.16,2275.22,92910,208,0
2021-07-01,2275.03,2276.07,2071.57,2105.88,103122,198,0
2021-07-02,2106.38,2156.65,2015.5,2155.09,102438,177,0
2021-07-03,2155.2,2238.07,2109.44,2223.89,96029,196,0
2021-07-04,2223.66,2385.75,2186.08,2321.25,92000,182,0
2021-07-05,2320.81,2321.89,2157.38,2194.11,100647,212,0
2021-07-06,2194.44,2347.25,2192.49,2319.44,102194,218,0
2021-07-07,2319.78,2404.61,2292.68,2315.13,94410,165,0
2021-07-08,2315.06,2322.86,2081.73,2113.0,97874,214,0
2021-07-09,2113.84,2183.6,2046.76,2144.69,97227,234,0
2021-07-10,2144.62,2189.03,2073.72,2109.24,93223,260,0
2021-07-11,2109.33,2172.76,2079.41,2138.75,89138,187,0
2021-07-12,2139.17,2166.36,2006.9,2029.34,90550,221,0
2021-07-13,2029.48,2044.09,1915.15,1939.52,95274,242,0
2021-07-14,1939.59,2018.18,1863.34,1993.49,97501,180,0
2021-07-15,1993.59,2038.7,1880.21,1916.84,98774,238,0
2021-07-16,1917.09,1962.79,1848.71,1876.0,97403,212,0
2021-07-17,1876.12,1916.62,1846.89,1898.04,93326,215,0
2021-07-18,1898.08,1991.91,1878.26,1890.12,93660,196,0
2021-07-19,1890.41,1915.14,1804.86,1818.53,92748,197,0
2021-07-20,1818.41,1838.92,1719.49,1785.15,97925,225,0
2021-07-21,1785.44,2030.26,1754.65,1992.93,99903,188,0
2021-07-22,1993.11,2043.87,1947.17,2021.97,99049,204,0
2021-07-23,2021.61,2128.17,1994.82,2123.0,96137,213,0
2021-07-24,2122.68,2198.15,2104.54,2183.3,95258,227,0
2021-07-25,2183.65,2195.2,2105.01,2190.54,94636,203,0
2021-07-26,2189.91,2431.1,2171.01,2226.93,110243,241,0
2021-07-27,2227.12,2318.03,2149.49,2297.29,104129,236,0
2021-07-28,2297.41,2343.76,2241.57,2297.96,103072,239,0
2021-07-29,2298.47,2397.76,2266.03,2381.46,92614,222,0
2021-07-30,2381.73,2469.7,2315.27,2462.11,96942,249,0
2021-07-31,2461.95,2551.31,2420.64,2530.78,91531,245,0
2021-08-01,2530.67,2697.4,2512.17,2553.28,98666,234,0
2021-08-02,2552.26,2664.04,2506.61,2607.14,99799,239,0
2021-08-03,2606.58,2630.27,2442.96,2505.95,103091,270,0
2021-08-04,2506.09,2767.82,2455.2,2722.85,98879,260,0
2021-08-05,2723.02,2840.71,2530.14,2827.5,106874,266,0
2021-08-06,2827.58,2946.43,2719.56,2890.01,98911,293,0
2021-08-07,2889.98,3169.78,2865.28,3160.49,104510,244,0
2021-08-08,3160.78,3187.17,2946.26,3008.69,104968,272,0
2021-08-09,3008.7,3184.92,2891.22,3161.82,102354,264,0
2021-08-10,3161.9,3229.66,3047.92,3138.95,102501,251,0
2021-08-11,3139.2,3270.57,3120.84,3160.32,97042,323,0
2021-08-12,3160.02,3236.52,2979.9,3043.31,99012,374,0
2021-08-13,3043.53,3325.59,3032.22,3321.1,95206,344,0
2021-08-14,3320.98,3327.84,3203.11,3263.02,93690,393,0
2021-08-15,3263.19,3321.0,3109.18,3309.95,94916,371,0
2021-08-16,3308.64,3335.45,3133.06,3144.18,95608,367,0
2021-08-17,3144.58,3288.27,2988.13,3007.67,101130,329,0
2021-08-18,3008.1,3122.25,2949.07,3012.61,99336,380,0
2021-08-19,3012.56,3185.21,2957.67,3181.4,97980,436,0
2021-08-20,3181.66,3298.36,3176.31,3284.41,91296,322,0
2021-08-21,3284.53,3307.14,3207.26,3224.05,90780,397,0
2021-08-22,3224.2,3271.05,3125.31,3239.23,90462,445,0
2021-08-23,3238.86,3376.92,3230.88,3321.92,89581,476,0
2021-08-24,3321.84,3358.26,3144.24,3166.84,91267,487,0
2021-08-25,3166.81,3248.5,3076.28,3227.29,94018,563,0
2021-08-26,3227.44,3249.43,3052.86,3090.22,95145,462,0
2021-08-27,3090.09,3278.99,3053.73,3272.64,92654,525,0
2021-08-28,3273.05,3284.08,3210.68,3243.52,86539,440,0
2021-08-29,3243.85,3284.58,3151.96,3224.81,88414,499,0
2021-08-30,3225.06,3347.31,3145.02,3226.8,91278,394,0
2021-08-31,3227.21,3473.98,3187.05,3429.05,95481,336,0
2021-09-01,3428.81,3837.63,3382.44,3824.85,94257,302,0
2021-09-02,3824.74,3832.41,3723.55,3785.82,91206,334,0
2021-09-03,3786.04,4025.06,3712.23,3938.39,95401,333,0
2021-09-04,3938.53,3967.78,3832.14,3884.49,91132,461,0
2021-09-05,3884.59,3980.91,3831.9,3950.62,88552,619,0
2021-09-06,3950.75,3970.6,3870.31,3926.19,88104,546,0
2021-09-07,3925.99,3944.14,3026.83,3431.1,123132,459,0
2021-09-08,3431.6,3558.78,3212.95,3497.66,115521,380,0
2021-09-09,3496.9,3563.68,3392.67,3422.76,99924,334,0
2021-09-10,3423.04,3512.5,3144.73,3206.37,102799,432,0
2021-09-11,3205.87,3344.85,3197.1,3264.59,96385,378,0
2021-09-12,3264.88,3470.68,3228.36,3401.17,96824,353,0
2021-09-13,3401.92,3427.33,3110.53,3283.57,106523,500,0
2021-09-14,3283.68,3435.32,3268.11,3433.76,94606,377,0
2021-09-15,3433.45,3612.9,3357.73,3609.83,91833,325,0
2021-09-16,3610.29,3673.99,3481.08,3565.23,93142,313,0
2021-09-17,3565.33,3591.02,3349.18,3396.59,95001,390,0
2021-09-18,3396.84,3541.42,3367.79,3434.85,92087,377,0
2021-09-19,3434.45,3455.08,3278.41,3327.23,92663,487,0
2021-09-20,3326.75,3343.61,2916.57,2971.36,111115,524,0
2021-09-21,2971.3,3100.2,2651.87,2761.41,117202,411,0
2021-09-22,2761.67,3087.75,2734.09,3076.54,108662,326,0
2021-09-23,3076.08,3172.25,3032.57,3152.23,99252,421,0
2021-09-24,3151.98,3157.35,2732.99,2928.22,113016,328,0
2021-09-25,2928.48,2967.88,2804.65,2921.9,104273,286,0
2021-09-26,2921.72,3116.07,2738.32,3061.93,106455,279,0
2021-09-27,3061.43,3165.58,2924.12,2925.8,101451,276,0
2021-09-28,2925.22,2968.07,2785.13,2801.51,104758,319,0
2021-09-29,2802.01,2946.24,2780.96,2847.88,98774,305,0
2021-09-30,2847.65,3046.79,2834.68,2997.37,97796,326,0
2021-10-01,2997.59,3329.7,2966.68,3306.43,99457,331,0
2021-10-02,3306.68,3464.96,3258.57,3386.31,93341,284,0
2021-10-03,3386.16,3486.12,3343.02,3419.41,94451,277,0
2021-10-04,3418.93,3435.85,3271.62,3384.44,100215,309,0
2021-10-05,3384.7,3543.44,3362.72,3515.18,95517,402,0
2021-10-06,3515.44,3628.11,3340.32,3575.09,100763,407,0
2021-10-07,3575.3,3651.77,3468.17,3585.22,100864,383,0
2021-10-08,3585.05,3666.69,3534.62,3562.21,96070,373,0
2021-10-09,3561.69,3631.5,3538.66,3573.79,92031,325,0
2021-10-10,3573.94,3603.14,3406.01,3411.89,96924,388,0
2021-10-11,3411.85,3619.43,3370.78,3539.0,96244,426,0
2021-10-12,3538.73,3546.37,3401.77,3487.61,99901,438,0
2021-10-13,3486.84,3609.38,3410.33,3604.47,87607,426,0
2021-10-14,3604.55,3824.82,3585.5,3789.78,91371,479,0
2021-10-15,3789.89,3897.62,3734.43,3870.52,94902,569,0
2021-10-16,3870.46,3967.98,3804.02,3830.19,90168,418,0
2021-10-17,3829.88,3916.32,3642.45,3846.03,94471,474,0
2021-10-18,3846.14,3893.01,3675.93,3745.11,97322,461,0
2021-10-19,3744.72,3884.67,3731.19,3874.98,93696,439,0
2021-10-20,3875.21,4164.94,3828.22,4158.4,91611,460,0
2021-10-21,4158.64,4371.18,4008.12,4051.15,112513,349,0
2021-10-22,4050.89,4164.3,3884.81,3967.83,98118,642,0
2021-10-23,3967.71,4169.06,3934.51,4163.53,90469,521,0
2021-10-24,4162.85,4180.34,3958.62,4078.7,92736,457,0
2021-10-25,4078.76,4231.84,4065.0,4215.88,90462,402,0
2021-10-26,4216.13,4291.47,4087.94,4126.84,93992,331,0
2021-10-27,4127.35,4304.67,3912.16,3923.29,102492,376,0
2021-10-28,3923.53,4293.4,3889.72,4288.35,102119,390,0
2021-10-29,4288.1,4457.36,4264.06,4417.32,100884,311,0
2021-10-30,4418.09,4431.35,4234.65,4322.01,94291,369,0
2021-10-31,4321.76,4393.96,4165.74,4289.29,94266,468,0
2021-11-01,4288.78,4379.1,4148.71,4320.97,92976,442,0
2021-11-02,4321.22,4600.92,4285.7,4592.75,92233,309,0
2021-11-03,4592.51,4665.93,4454.09,4604.62,94558,307,0
2021-11-04,4604.55,4608.04,4421.77,4533.69,93435,390,0
2021-11-05,4533.71,4571.88,4446.43,4479.9,90162,579,0
2021-11-06,4479.45,4533.1,4325.99,4521.44,90501,734,0
2021-11-07,4521.89,4635.78,4507.39,4615.83,89204,482,0
2021-11-08,4616.08,4823.12,4614.43,4809.76,91733,392,0
2021-11-09,4809.84,4840.04,4713.3,4729.1,90470,441,0
2021-11-10,4729.85,4862.67,4468.94,4628.81,99342,515,0
2021-11-11,4628.06,4778.23,4575.68,4717.57,92266,623,0
2021-11-12,4717.07,4806.34,4508.55,4666.2,99102,561,0
2021-11-13,4666.05,4704.56,4583.54,4643.3,88877,707,0
2021-11-14,4643.44,4691.5,4513.33,4625.65,91571,781,0
2021-11-15,4626.42,4766.31,4540.57,4564.64,91828,657,0
2021-11-16,4563.87,4564.13,4107.32,4205.07,118784,750,0
2021-11-17,4205.09,4295.07,4060.29,4286.31,105886,697,0
2021-11-18,4286.56,4341.76,3956.84,3995.61,112353,709,0
2021-11-19,3995.86,4311.87,3972.64,4294.63,104374,497,0
2021-11-20,4294.54,4434.93,4203.78,4412.66,91762,383,0
2021-11-21,4412.9,4422.33,4245.15,4260.6,92964,506,0
2021-11-22,4261.38,4317.76,4021.67,4081.86,107072,712,0
2021-11-23,4082.09,4386.02,4059.34,4340.25,105309,509,0
2021-11-24,4340.14,4364.7,4162.93,4270.08,106322,453,0
2021-11-25,4270.14,4556.5,4248.19,4526.2,94460,509,0
2021-11-26,4525.67,4555.67,3922.2,4041.68,101901,503,0
2021-11-27,4041.42,4182.96,4029.78,4095.35,93203,568,0
2021-11-28,4095.13,4300.53,3961.27,4295.23,98402,620,0
2021-11-29,4295.29,4458.34,4280.09,4444.87,98690,498,0
2021-11-30,4444.58,4754.18,4347.78,4633.48,107846,430,0
2021-12-01,4634.24,4781.01,4524.69,4583.08,103753,353,0
2021-12-02,4582.83,4633.18,4434.32,4510.89,101423,553,0
2021-12-03,4510.39,4655.14,4042.78,4211.17,109587,570,0
2021-12-04,4211.42,4234.02,3520.68,4121.78,142705,381,0
2021-12-05,4122.41,4252.08,4034.65,4199.35,111551,328,0
2021-12-06,4200.14,4375.7,3922.04,4351.67,121360,350,0
2021-12-07,4351.25,4426.05,4257.62,4306.22,109147,396,0
2021-12-08,4305.97,4454.06,4226.07,4438.43,106116,392,0
2021-12-09,4438.69,4488.41,4074.29,4103.01,111709,401,0
2021-12-10,4103.26,4228.28,3885.09,3894.72,108280,499,0
2021-12-11,3894.87,4095.84,3831.97,4086.55,100420,456,0
2021-12-12,4087.32,4174.9,3985.65,4131.52,93243,365,0
2021-12-13,4130.99,4142.59,3667.66,3780.09,103505,409,0
2021-12-14,3779.84,3879.19,3684.62,3858.03,98992,483,0
2021-12-15,3857.31,4090.72,3641.7,4019.6,103264,359,0
2021-12-16,4019.7,4111.88,3953.42,3955.56,96232,334,0
2021-12-17,3955.31,3992.67,3697.04,3874.06,101171,358,0
2021-12-18,3874.82,3996.94,3765.9,3959.63,95275,357,0
2021-12-19,3959.44,4028.88,3883.26,3921.75,94819,399,0
2021-12-20,3921.71,3979.83,3753.3,3943.58,99400,361,0
2021-12-21,3943.33,4063.17,3913.18,4014.78,93953,307,0
2021-12-22,4014.14,4073.66,3936.34,3980.69,87697,335,0
2021-12-23,3980.44,4148.72,3893.63,4112.02,91707,365,0
2021-12-24,4111.22,4134.52,4017.75,4045.7,87727,444,0
2021-12-25,4046.5,4137.58,4021.84,4093.21,88262,504,0
2021-12-26,4092.97,4103.94,4003.54,4060.75,84997,512,0
2021-12-27,4061.5,4125.93,4031.14,4037.47,85629,507,0
2021-12-28,4037.7,4037.7,3756.55,3790.27,91243,647,0
2021-12-29,3789.85,3824.24,3602.18,3624.67,89518,771,0
2021-12-30,3624.19,3767.03,3582.83,3705.01,89001,641,0
2021-12-31,3705.27,3812.4,3615.18,3670.48,89796,617,0
2022-01-01,3670.79,3773.94,3670.3,3762.63,87549,662,0
2022-01-02,3762.38,3852.44,3715.16,3827.38,85804,591,0
2022-01-03,3827.14,3849.98,3680.86,3761.79,87431,596,0
2022-01-04,3762.26,3888.94,3712.0,3780.44,88990,530,0
2022-01-05,3780.19,3843.48,3409.43,3532.11,93235,579,0
2022-01-06,3532.88,3541.26,3294.56,3399.21,93576,724,0
2022-01-07,3399.18,3409.38,3064.02,3194.15,101044,686,0
2022-01-08,3194.33,3243.8,2995.67,3075.87,114345,677,0
2022-01-09,3075.8,3208.58,3052.37,3151.27,92618,728,0
2022-01-10,3151.27,3177.91,2922.57,3078.95,108008,555,0
2022-01-11,3079.01,3260.84,3048.77,3237.59,123737,463,0
2022-01-12,3237.33,3408.77,3204.08,3370.95,134890,444,0
2022-01-13,3371.11,3411.33,3230.31,3237.68,130100,476,0
2022-01-14,3237.43,3342.27,3186.5,3309.14,126798,453,0
2022-01-15,3309.35,3373.32,3262.48,3325.61,120807,479,0
2022-01-16,3325.54,3392.95,3273.92,3349.58,121453,459,0
2022-01-17,3349.67,3358.18,3139.62,3207.82,129108,494,0
2022-01-18,3207.74,3241.45,3081.05,3157.34,131121,550,0
2022-01-19,3157.17,3172.45,3045.03,3082.31,144905,493,0
2022-01-20,3082.05,3271.5,2982.76,2996.05,140530,466,0
2022-01-21,2996.41,3029.73,2465.61,2565.27,252582,463,0
2022-01-22,2565.67,2622.67,2299.79,2409.36,285179,370,0
2022-01-23,2409.4,2546.74,2370.58,2538.31,187238,369,0
2022-01-24,2538.21,2538.62,2158.84,2441.38,251932,307,0
2022-01-25,2441.0,2506.54,2350.26,2457.0,198529,294,0
2022-01-26,2457.38,2720.27,2399.75,2461.88,207524,289,0
2022-01-27,2461.91,2520.01,2314.97,2423.42,184177,256,0
2022-01-28,2423.15,2556.32,2357.99,2545.49,173727,258,0
2022-01-29,2545.61,2636.36,2520.05,2600.62,144877,285,0
2022-01-30,2600.37,2637.82,2542.2,2602.77,137708,280,0
2022-01-31,2602.5,2706.09,2477.49,2687.16,160459,284,0
2022-02-01,2687.41,2813.57,2674.89,2788.24,157730,275,0
2022-02-02,2788.47,2810.39,2612.1,2679.89,160447,286,0
2022-02-03,2680.43,2725.28,2575.06,2697.59,163280,241,0
2022-02-04,2697.34,2994.49,2672.63,2991.93,174407,286,0
2022-02-05,2992.19,3060.13,2958.75,3010.43,142238,306,0
2022-02-06,3010.81,3074.37,2950.4,3056.35,143293,288,0
2022-02-07,3057.55,3185.88,2993.68,3138.21,164346,288,0
2022-02-08,3138.37,3228.92,3025.21,3128.74,170325,247,0
2022-02-09,3124.73,3272.94,3054.36,3244.44,152470,317,0
2022-02-10,3244.51,3282.88,3058.77,3073.2,185511,315,0
2022-02-11,3073.19,3138.7,2877.52,2926.11,171382,349,0
2022-02-12,2926.13,2987.73,2856.38,2917.91,158952,324,0
2022-02-13,2917.98,2954.47,2835.68,2868.32,141296,361,0
2022-02-14,2869.01,2963.51,2829.35,2928.01,160862,312,0
2022-02-15,2927.72,3195.91,2909.93,3185.09,146946,300,0
2022-02-16,3185.21,3186.62,3044.49,3123.56,148752,292,0
2022-02-17,3123.3,3160.57,2852.78,2893.16,168296,320,0
2022-02-18,2893.18,2942.74,2751.87,2778.91,162743,323,0
2022-02-19,2779.05,2829.54,2693.03,2761.39,129839,376,0
2022-02-20,2761.21,2761.99,2573.84,2620.81,143862,392,0
2022-02-21,2620.56,2757.06,2559.06,2568.59,187076,308,0
2022-02-22,2568.36,2666.72,2500.88,2638.63,186252,320,0
2022-02-23,2638.18,2754.64,2576.26,2579.15,147014,270,0
2022-02-24,2579.25,2736.31,2299.06,2598.74,240546,271,0
2022-02-25,2598.34,2833.43,2571.57,2766.95,183813,273,0
2022-02-26,2766.96,2874.35,2727.71,2778.07,142265,294,0
2022-02-27,2778.04,2834.21,2557.91,2617.1,166422,251,0
2022-02-28,2616.56,2948.3,2568.46,2919.66,187075,304,0
2022-03-01,2919.91,3037.01,2852.67,2975.15,180657,341,0
2022-03-02,2975.33,3041.75,2912.07,2945.66,185333,306,0
2022-03-03,2946.1,2969.81,2783.91,2833.65,143918,287,0
2022-03-04,2833.66,2834.37,2574.61,2620.1,154249,251,0
2022-03-05,2619.92,2684.46,2588.34,2663.98,120549,222,0
2022-03-06,2663.62,2675.21,2532.45,2547.93,125689,236,0
2022-03-07,2547.99,2645.92,2443.01,2490.74,150530,254,0
2022-03-08,2490.54,2624.43,2477.59,2575.32,164246,278,0
2022-03-09,2575.52,2771.51,2566.33,2726.67,146795,290,0
2022-03-10,2726.74,2731.55,2551.26,2607.45,141283,270,0
2022-03-11,2607.44,2677.45,2519.95,2555.67,143642,269,0
2022-03-12,2555.62,2613.81,2551.15,2566.95,106900,259,0
2022-03-13,2567.06,2600.16,2491.38,2514.22,111640,270,0
2022-03-14,2514.7,2608.52,2497.42,2588.22,131009,262,0
2022-03-15,2588.36,2667.38,2506.47,2617.81,128513,235,0
2022-03-16,2617.57,2786.75,2602.06,2771.5,163592,273,0
2022-03-17,2771.56,2835.99,2744.04,2812.18,128425,265,0
2022-03-18,2812.61,2981.78,2766.31,2937.14,123514,251,0
2022-03-19,2937.16,2982.56,2892.43,2948.57,110726,211,0
2022-03-20,2948.74,2962.88,2815.32,2860.26,131370,307,0
2022-03-21,2859.65,2961.16,2829.87,2889.88,136758,275,0
2022-03-22,2889.93,3050.02,2886.82,2969.21,133052,283,0
2022-03-23,2968.79,3043.62,2918.97,3032.84,129642,292,0
2022-03-24,3032.81,3128.05,3001.52,3109.9,138155,291,0
2022-03-25,3110.15,3187.72,3074.83,3104.06,137316,296,0
2022-03-26,3104.17,3152.74,3085.3,3144.21,116029,287,0
2022-03-27,3144.06,3294.21,3125.07,3290.62,119613,260,0
2022-03-28,3291.02,3429.23,3271.04,3329.1,144307,292,0
2022-03-29,3329.26,3479.02,3325.67,3399.33,150559,328,0
2022-03-30,3398.96,3444.06,3332.41,3383.48,140846,370,0
2022-03-31,3383.23,3441.75,3259.17,3279.66,150370,368,0
2022-04-01,3279.91,3479.4,3209.35,3453.82,158719,332,0
2022-04-02,3453.54,3526.76,3429.04,3440.96,166948,347,0
2022-04-03,3440.79,3578.04,3410.94,3519.83,164427,305,0
2022-04-04,3520.09,3543.67,3406.29,3517.91,176069,409,0
2022-04-05,3518.1,3551.71,3397.03,3406.1,145635,347,0
2022-04-06,3406.04,3407.25,3160.39,3167.95,203036,367,0
2022-04-07,3167.69,3266.78,3142.92,3225.4,159920,354,0
2022-04-08,3225.43,3313.28,3171.93,3189.37,157798,358,0
2022-04-09,3189.15,3267.38,3178.67,3258.25,115343,350,0
2022-04-10,3258.43,3307.11,3190.41,3201.02,105907,304,0
2022-04-11,3201.38,3213.28,2950.14,2979.08,158610,450,0
2022-04-12,2979.11,3085.26,2948.65,3027.45,150088,448,0
2022-04-13,3027.45,3127.46,2995.45,3116.19,137788,347,0
2022-04-14,3116.21,3142.03,2973.58,3020.78,123159,333,0
2022-04-15,3020.78,3058.39,2990.7,3040.41,104998,370,0
2022-04-16,3040.32,3084.02,3009.04,3059.81,98753,362,0
2022-04-17,3059.83,3080.63,2981.09,2986.44,105968,387,0
2022-04-18,2986.23,3068.07,2882.98,3052.7,128835,371,0
2022-04-19,3052.5,3128.87,3028.31,3099.69,112579,368,0
2022-04-20,3099.94,3166.58,3034.89,3074.88,127816,335,0
2022-04-21,3075.07,3175.65,2939.44,2981.57,135676,359,0
2022-04-22,2981.76,3032.84,2931.73,2961.4,127908,319,0
2022-04-23,2961.39,2978.47,2916.42,2932.4,102032,322,0
2022-04-24,2932.31,2966.15,2912.22,2921.03,107392,331,0
2022-04-25,2921.09,3024.17,2796.5,3006.29,136816,300,0
2022-04-26,3006.62,3035.45,2764.41,2808.77,140180,291,0
2022-04-27,2809.26,2918.16,2793.04,2888.98,146835,269,0
2022-04-28,2889.07,2978.93,2852.77,2934.91,144225,276,0
2022-04-29,2935.1,2945.92,2773.94,2817.2,138862,283,0
2022-04-30,2817.2,2842.42,2712.5,2724.29,125990,294,0
2022-05-01,2724.44,2847.28,2713.38,2825.09,124384,271,0
2022-05-02,2824.49,2881.03,2774.97,2855.42,137598,268,0
2022-05-03,2855.41,2860.12,2751.94,2778.77,120941,240,0
2022-05-04,2778.62,2964.14,2768.8,2938.3,126230,266,0
2022-05-05,2938.67,2952.21,2686.86,2744.91,130288,244,0
2022-05-06,2745.03,2754.11,2632.86,2691.24,136642,269,0
2022-05-07,2691.26,2701.65,2587.59,2635.86,105864,235,0
2022-05-08,2635.87,2642.23,2482.26,2517.27,132329,260,0
2022-05-09,2517.75,2527.64,2224.05,2228.51,217188,256,0
2022-05-10,2228.24,2456.86,2199.79,2342.48,222884,241,0
2022-05-11,2342.14,2451.56,2006.18,2081.47,313670,246,0
2022-05-12,2081.21,2190.89,1728.62,1953.88,500963,247,0
2022-05-13,1953.93,2144.87,1935.65,2005.68,176523,226,0
2022-05-14,2005.38,2065.28,1947.22,2053.51,149726,203,0
2022-05-15,2053.09,2160.84,1996.84,2139.72,122242,221,0
2022-05-16,2139.68,2139.74,1975.11,2020.04,144790,235,0
2022-05-17,2020.1,2118.08,2004.7,2087.87,119555,204,0
2022-05-18,2087.73,2106.62,1905.04,1911.82,128533,197,0
2022-05-19,1911.78,2038.35,1899.86,2017.94,133113,205,0
2022-05-20,2018.0,2062.0,1919.38,1957.5,130733,193,0
2022-05-21,1957.59,1988.87,1934.4,1973.56,111874,201,0
2022-05-22,1973.52,2053.96,1963.77,2041.42,109436,191,0
2022-05-23,2041.26,2086.15,1954.61,1971.71,126765,182,0
2022-05-24,1971.79,1991.54,1909.49,1978.3,120701,169,0
2022-05-25,1978.3,2017.84,1932.21,1940.87,122120,198,0
2022-05-26,1940.57,1964.21,1732.91,1790.49,154200,205,0
2022-05-27,1790.11,1820.21,1701.94,1723.81,170492,198,0
2022-05-28,1723.59,1807.91,1718.2,1790.63,117248,208,0
2022-05-29,1790.56,1825.17,1761.02,1811.89,104616,187,0
2022-05-30,1811.84,2009.07,1801.04,1996.95,125760,188,0
2022-05-31,1996.82,2012.84,1922.15,1939.9,125421,208,0
2022-06-01,1939.98,1971.17,1760.51,1818.24,137171,212,0
2022-06-02,1818.38,1852.49,1780.03,1833.38,121615,178,0
2022-06-03,1833.39,1843.02,1734.06,1773.41,129489,181,0
2022-06-04,1773.57,1814.67,1745.71,1803.27,101906,163,0
2022-06-05,1803.29,1829.88,1770.5,1805.19,99212,191,0
2022-06-06,1805.41,1918.52,1803.02,1858.76,123668,180,0
2022-06-07,1858.81,1872.48,1723.58,1812.41,152510,195,0
2022-06-08,1812.85,1837.25,1762.78,1790.89,138980,191,0
2022-06-09,1790.82,1832.47,1775.22,1787.51,115503,189,0
2022-06-10,1787.54,1802.13,1652.49,1660.27,142738,190,0
2022-06-11,1660.25,1679.0,1498.14,1530.11,153395,200,0
2022-06-12,1530.36,1543.45,1422.0,1433.7,172447,166,0
2022-06-13,1433.2,1452.63,1162.29,1209.29,295816,135,0
2022-06-14,1209.18,1265.74,1074.41,1206.49,279109,126,0
2022-06-15,1206.73,1246.3,1013.11,1237.29,289994,116,0
2022-06-16,1237.51,1256.55,1050.42,1067.54,224564,119,0
2022-06-17,1067.64,1116.64,1049.08,1084.48,182889,118,0
2022-06-18,1084.57,1095.27,879.22,993.58,233806,103,0
2022-06-19,993.54,1154.3,933.38,1125.7,232640,109,0
2022-06-20,1125.85,1165.72,1049.88,1126.02,189787,113,0
2022-06-21,1126.15,1191.28,1106.57,1123.63,160902,106,0
2022-06-22,1123.52,1124.98,1041.13,1047.73,162761,104,0
2022-06-23,1048.14,1151.02,1042.6,1143.48,141393,92,0
2022-06-24,1143.44,1243.44,1130.21,1222.83,145875,98,0
2022-06-25,1222.92,1253.9,1177.67,1240.49,130040,103,0
2022-06-26,1240.71,1277.69,1193.73,1196.44,124209,102,0
2022-06-27,1196.62,1236.33,1172.31,1190.7,124037,106,0
2022-06-28,1190.78,1233.95,1135.01,1142.77,129005,109,0
2022-06-29,1142.71,1154.19,1085.37,1097.9,140367,99,0
2022-06-30,1097.98,1104.61,994.89,1068.3,157346,98,0
2022-07-01,1068.1,1113.04,1030.82,1057.45,160434,104,0
2022-07-02,1057.72,1076.47,1026.18,1064.96,93574,44,0
2022-07-03,1064.96,1085.37,1038.73,1072.32,81860,108,0
2022-07-04,1072.38,1158.91,1042.75,1149.44,83779,101,0
2022-07-05,1149.46,1171.45,1076.62,1130.67,86328,85,0
2022-07-06,1130.7,1201.82,1109.72,1185.63,87892,91,0
2022-07-07,1185.65,1251.78,1161.44,1235.49,83673,95,0
2022-07-08,1235.83,1272.53,1191.04,1212.47,86709,91,0
2022-07-09,1212.71,1232.84,1203.65,1216.18,80890,81,0
2022-07-10,1216.23,1218.86,1152.68,1166.56,82280,93,0
2022-07-11,1166.68,1169.46,1085.27,1094.5,84505,83,0
2022-07-12,1094.51,1095.97,1030.87,1037.49,84411,73,0
2022-07-13,1037.36,1117.42,1006.08,1114.04,88087,69,0
2022-07-14,1114.17,1211.69,1070.26,1191.83,88056,88,0
2022-07-15,1191.79,1284.45,1179.44,1230.38,86819,90,0
2022-07-16,1230.22,1421.67,1190.96,1354.0,87685,85,0
2022-07-17,1353.82,1384.32,1318.62,1336.73,89138,116,0
2022-07-18,1336.94,1594.6,1334.34,1580.26,96568,105,0
2022-07-19,1579.59,1629.67,1491.63,1540.99,103020,127,0
2022-07-20,1541.27,1618.02,1484.15,1521.15,86283,108,0
2022-07-21,1520.83,1602.73,1460.67,1573.94,79234,213,0
2022-07-22,1573.99,1644.5,1516.21,1535.48,87353,116,0
2022-07-23,1535.5,1595.96,1487.9,1548.26,87477,94,0
2022-07-24,1548.17,1662.91,1545.9,1597.14,89530,90,0
2022-07-25,1597.1,1608.89,1434.0,1438.56,94334,103,0
2022-07-26,1438.91,1452.32,1354.49,1447.03,93851,104,0
2022-07-27,1447.32,1642.85,1419.35,1635.07,92481,97,0
2022-07-28,1635.24,1782.35,1594.32,1723.86,95228,110,0
2022-07-29,1723.91,1764.17,1655.18,1720.77,95133,120,0
2022-07-30,1721.1,1743.25,1673.46,1696.92,88489,112,0
2022-07-31,1696.99,1752.01,1666.94,1678.86,88231,121,0
2022-08-01,1679.11,1704.59,1605.76,1629.49,89902,114,0
2022-08-02,1629.69,1677.29,1560.55,1630.12,94924,112,0
2022-08-03,1630.0,1682.93,1589.09,1617.23,88439,128,0
2022-08-04,1617.12,1661.49,1580.14,1606.28,86263,116,0
2022-08-05,1606.26,1740.02,1604.72,1735.51,86713,124,0
2022-08-06,1735.79,1748.82,1684.38,1688.9,80861,140,0
2022-08-07,1689.06,1727.59,1667.68,1699.55,80315,124,0
2022-08-08,1699.29,1815.28,1693.35,1775.88,84499,111,0
2022-08-09,1775.7,1789.05,1669.39,1702.22,85387,122,0
2022-08-10,1702.28,1882.96,1655.15,1853.52,88765,125,0
2022-08-11,1853.57,1941.13,1850.53,1880.35,88702,108,0
2022-08-12,1880.43,1963.79,1852.85,1958.18,85684,103,0
2022-08-13,1958.28,2019.42,1945.07,1983.28,82549,120,0
2022-08-14,1983.31,2029.32,1905.33,1935.4,82434,126,0
2022-08-15,1935.58,2012.26,1872.21,1898.73,89475,125,0
2022-08-16,1898.49,1913.87,1851.21,1875.74,85932,159,0
2022-08-17,1875.81,1955.24,1818.78,1833.74,86474,132,0
2022-08-18,1833.88,1881.6,1821.19,1846.65,85620,131,0
2022-08-19,1846.25,1848.26,1602.78,1609.15,93070,122,0
2022-08-20,1609.05,1655.2,1524.09,1575.85,89720,103,0
2022-08-21,1575.86,1645.76,1562.52,1618.35,87864,109,0
2022-08-22,1618.51,1628.16,1529.4,1624.29,91145,120,0
2022-08-23,1624.61,1673.37,1563.52,1665.72,88317,114,0
2022-08-24,1665.84,1693.11,1604.71,1657.14,87165,120,0
2022-08-25,1657.18,1721.71,1653.93,1695.22,84645,107,0
2022-08-26,1695.17,1704.08,1486.73,1507.55,92706,98,0
2022-08-27,1507.99,1518.93,1447.69,1492.38,88197,96,0
2022-08-28,1492.41,1510.42,1424.44,1426.94,84608,97,0
2022-08-29,1427.02,1559.58,1422.01,1552.36,88449,90,0
2022-08-30,1551.95,1605.29,1474.55,1524.46,89662,90,0
2022-08-31,1524.27,1618.13,1524.27,1554.86,92617,89,0
2022-09-01,1554.88,1597.93,1512.72,1585.49,88931,85,0
2022-09-02,1585.44,1647.58,1546.37,1576.12,87515,86,0
2022-09-03,1576.21,1582.41,1535.36,1558.22,77669,73,0
2022-09-04,1558.22,1580.71,1541.72,1578.79,73484,70,0
2022-09-05,1578.27,1628.19,1557.37,1616.54,77821,73,0
2022-09-06,1616.76,1684.9,1555.53,1559.4,87232,92,0
2022-09-07,1559.43,1655.15,1491.62,1629.0,84409,83,0
2022-09-08,1628.94,1660.5,1594.36,1634.44,84063,82,0
2022-09-09,1634.49,1744.14,1629.92,1718.61,84512,95,0
2022-09-10,1718.64,1787.68,1706.87,1774.03,78446,100,0
2022-09-11,1774.02,1787.71,1720.34,1765.64,77748,99,0
2022-09-12,1765.33,1781.66,1692.98,1715.92,84467,97,0
2022-09-13,1716.0,1759.15,1561.33,1574.65,89385,97,0
2022-09-14,1574.72,1646.39,1554.39,1638.23,86446,109,0
2022-09-15,1638.01,1652.71,1459.08,1473.12,91105,111,0
2022-09-16,1473.25,1483.78,1405.78,1434.13,88557,114,0
2022-09-17,1434.03,1476.55,1409.14,1469.54,81567,107,0
2022-09-18,1469.76,1470.23,1325.95,1334.65,84338,118,0
2022-09-19,1334.8,1392.81,1281.43,1376.12,90928,112,0
2022-09-20,1375.76,1384.12,1312.82,1323.04,88227,106,0
2022-09-21,1322.97,1408.58,1219.24,1246.78,92903,102,0
2022-09-22,1246.33,1347.03,1237.07,1327.14,89099,81,0
2022-09-23,1327.02,1358.28,1262.46,1327.42,91817,84,0
2022-09-24,1327.48,1348.54,1307.98,1318.04,80968,79,0
2022-09-25,1317.87,1336.11,1270.73,1295.55,80022,70,0
2022-09-26,1295.39,1340.24,1279.65,1336.37,85261,73,0
2022-09-27,1336.36,1399.88,1304.61,1328.43,84776,81,0
2022-09-28,1328.52,1354.24,1254.55,1336.54,86277,87,0
2022-09-29,1336.76,1350.96,1288.9,1335.34,84373,83,0
2022-09-30,1335.4,1371.63,1314.23,1328.95,82858,82,0
2022-10-01,1328.98,1334.09,1301.79,1312.85,68043,68,0
2022-10-02,1312.86,1318.28,1269.56,1277.24,72433,89,0
2022-10-03,1277.23,1329.92,1263.08,1323.41,79934,74,0
2022-10-04,1323.46,1368.71,1319.48,1360.77,77751,70,0
2022-10-05,1360.77,1363.37,1317.27,1351.72,77053,84,0
2022-10-06,1351.79,1383.07,1345.33,1351.56,80325,84,0
2022-10-07,1351.49,1360.97,1318.13,1331.71,75954,77,0
2022-10-08,1331.61,1337.41,1304.31,1316.23,64599,66,0
2022-10-09,1316.23,1328.64,1308.02,1324.14,67018,67,0
2022-10-10,1324.0,1337.78,1288.24,1290.71,74434,74,0
2022-10-11,1290.65,1298.58,1267.73,1280.42,76937,93,0
2022-10-12,1280.39,1306.48,1275.13,1294.67,70502,86,0
2022-10-13,1294.59,1299.57,1189.9,1286.65,77687,91,0
2022-10-14,1286.61,1342.36,1283.27,1296.86,79621,90,0
2022-10-15,1296.56,1302.06,1263.82,1275.48,71809,76,0
2022-10-16,1275.46,1315.11,1274.82,1305.66,73893,75,0
2022-10-17,1305.73,1338.39,1295.59,1331.35,78039,90,0
2022-10-18,1331.37,1340.99,1287.49,1310.43,78369,80,0
2022-10-19,1310.64,1313.3,1280.79,1285.26,76542,88,0
2022-10-20,1285.33,1310.73,1270.85,1283.03,76051,88,0
2022-10-21,1283.03,1306.56,1254.84,1299.57,73136,83,0
2022-10-22,1299.6,1320.07,1294.33,1313.77,69762,83,0
2022-10-23,1313.8,1370.02,1299.7,1363.37,70015,88,0
2022-10-24,1363.43,1369.67,1323.98,1343.62,77169,93,0
2022-10-25,1343.66,1522.24,1334.72,1459.63,81842,105,0
2022-10-26,1459.64,1591.98,1456.61,1564.41,84669,106,0
2022-10-27,1564.08,1576.19,1502.37,1513.42,84402,121,0
2022-10-28,1513.6,1574.28,1479.52,1553.82,83324,121,0
2022-10-29,1553.76,1662.04,1546.91,1619.49,82681,101,0
2022-10-30,1619.59,1639.71,1575.96,1589.96,78597,127,0
2022-10-31,1590.05,1634.44,1545.92,1572.33,82033,121,0
2022-11-01,1572.34,1610.54,1562.9,1577.82,80776,115,0
2022-11-02,1578.05,1619.37,1503.18,1518.59,83876,124,0
2022-11-03,1518.66,1558.11,1515.53,1531.48,78826,108,0
2022-11-04,1531.58,1673.59,1528.76,1644.03,81253,107,0
2022-11-05,1643.83,1664.59,1621.63,1627.0,76162,127,0
2022-11-06,1626.92,1637.5,1565.5,1569.08,76323,89,0
2022-11-07,1569.05,1608.11,1546.98,1568.33,80346,122,0
2022-11-08,1568.42,1579.5,1219.66,1334.12,98665,111,0
2022-11-09,1334.16,1337.45,1071.35,1099.8,103607,124,0
2022-11-10,1099.96,1347.16,1083.83,1296.15,92393,133,0
2022-11-11,1295.79,1307.1,1199.22,1285.39,92525,120,0
2022-11-12,1285.66,1288.81,1236.92,1255.65,82712,92,0
2022-11-13,1255.85,1272.88,1201.09,1221.51,81376,87,0
2022-11-14,1221.29,1288.3,1171.31,1241.77,87815,96,0
2022-11-15,1241.75,1288.34,1232.23,1252.55,80937,103,0
2022-11-16,1252.46,1266.59,1186.03,1215.49,81577,109,0
2022-11-17,1215.46,1227.53,1180.87,1199.89,80255,100,0
2022-11-18,1199.89,1230.9,1198.65,1211.16,77620,99,0
2022-11-19,1211.23,1231.26,1196.99,1216.67,72124,80,0
2022-11-20,1216.89,1225.33,1131.92,1141.36,75595,102,0
2022-11-21,1141.1,1144.66,1079.63,1105.32,84934,107,0
2022-11-22,1105.28,1140.65,1074.38,1137.98,79322,108,0
2022-11-23,1138.06,1188.37,1127.4,1183.35,76091,99,0
2022-11-24,1183.34,1215.47,1179.28,1203.09,74184,95,0
2022-11-25,1203.14,1205.07,1171.06,1198.46,73086,79,0
2022-11-26,1198.61,1232.99,1196.18,1204.82,72582,85,0
2022-11-27,1204.89,1222.42,1189.65,1193.61,69220,76,0
2022-11-28,1193.73,1198.94,1150.34,1168.16,75261,88,0
2022-11-29,1168.16,1226.8,1158.11,1216.49,73305,85,0
2022-11-30,1216.36,1308.08,1212.82,1294.79,73293,89,0
2022-12-01,1294.72,1297.41,1263.7,1276.55,71805,94,0
2022-12-02,1276.58,1295.93,1265.81,1295.19,70902,90,0
2022-12-03,1295.12,1303.81,1236.6,1241.3,71744,103,0
2022-12-04,1241.3,1285.19,1240.82,1279.65,72135,104,0
2022-12-05,1279.67,1304.45,1246.95,1259.08,70721,101,0
2022-12-06,1259.09,1273.63,1242.88,1270.8,71183,91,0
2022-12-07,1270.81,1276.68,1218.79,1231.77,72548,92,0
2022-12-08,1231.88,1290.99,1222.9,1280.26,76222,96,0
2022-12-09,1280.25,1295.05,1255.53,1262.94,73297,95,0
2022-12-10,1262.9,1282.61,1259.93,1266.08,68059,76,0
2022-12-11,1266.03,1283.49,1255.93,1263.53,68324,83,0
2022-12-12,1263.25,1278.6,1240.9,1275.49,74711,88,0
2022-12-13,1275.65,1345.35,1256.42,1319.43,76486,90,0
2022-12-14,1319.44,1350.09,1300.39,1306.84,76070,105,0
2022-12-15,1306.99,1310.76,1259.66,1266.44,76993,104,0
2022-12-16,1266.37,1279.26,1156.4,1167.08,79292,93,0
2022-12-17,1167.13,1190.15,1162.81,1187.77,75774,82,0
2022-12-18,1187.92,1197.18,1172.77,1183.97,72325,76,0
2022-12-19,1183.91,1195.66,1150.58,1167.31,77423,92,0
2022-12-20,1166.97,1230.09,1162.58,1217.35,78451,112,0
2022-12-21,1217.25,1222.38,1204.68,1213.98,74427,104,0
2022-12-22,1214.04,1236.52,1183.7,1217.82,73977,95,0
2022-12-23,1217.83,1230.61,1211.96,1220.53,65680,125,0
2022-12-24,1220.55,1227.58,1215.3,1221.29,62034,114,0
2022-12-25,1221.34,1224.93,1195.74,1218.95,69120,95,0
2022-12-26,1218.88,1230.28,1210.76,1228.05,73074,105,0
2022-12-27,1228.35,1233.46,1201.09,1212.03,74827,107,0
2022-12-28,1211.99,1215.61,1182.76,1190.33,75576,102,0
2022-12-29,1190.37,1205.9,1186.8,1200.92,74043,114,0
2022-12-30,1200.94,1202.62,1181.42,1200.03,74148,113,0
2022-12-31,1200.12,1208.26,1191.84,1196.44,68613,105,0
2023-01-01,1196.43,1204.7,1191.7,1199.81,68020,111,0
2023-01-02,1199.87,1221.53,1192.69,1212.88,74292,263,0
2023-01-03,1213.0,1220.16,1205.44,1214.51,72365,121,0
2023-01-04,1214.46,1270.0,1212.41,1256.41,75992,121,0
2023-01-05,1256.31,1259.56,1242.12,1251.01,74145,121,0
2023-01-06,1251.04,1275.26,1233.23,1268.59,74258,116,0
2023-01-07,1268.53,1270.89,1260.96,1263.91,68953,137,0
2023-01-08,1263.78,1293.62,1258.05,1289.01,69771,141,0
2023-01-09,1289.02,1344.15,1284.87,1319.61,78927,134,0
2023-01-10,1319.69,1346.47,1316.44,1335.04,77754,132,0
2023-01-11,1334.94,1395.21,1320.65,1389.08,78035,133,0
2023-01-12,1388.93,1434.94,1363.89,1414.74,80903,178,0
2023-01-13,1414.8,1461.62,1400.04,1449.56,79437,184,0
2023-01-14,1449.38,1602.71,1447.94,1549.04,84328,229,0
2023-01-15,1548.95,1565.25,1515.82,1551.27,79271,201,0
2023-01-16,1551.52,1602.36,1521.06,1574.89,81307,191,0
2023-01-17,1575.12,1605.79,1541.07,1564.65,80941,188,0
2023-01-18,1564.93,1608.32,1500.6,1511.3,82126,175,0
2023-01-19,1511.23,1562.32,1509.36,1549.95,78432,165,0
2023-01-20,1549.98,1665.52,1541.07,1657.57,80309,184,0
2023-01-21,1657.55,1678.09,1617.89,1626.03,80016,193,0
2023-01-22,1626.11,1662.59,1604.07,1627.66,79389,207,0
2023-01-23,1627.7,1646.7,1585.99,1625.72,79864,186,0
2023-01-24,1625.98,1640.4,1533.66,1556.73,79684,188,0
2023-01-25,1556.62,1639.09,1515.87,1611.23,82357,177,0
2023-01-26,1611.5,1631.36,1578.18,1599.71,80978,193,0
2023-01-27,1599.57,1619.98,1551.81,1597.29,79164,181,0
2023-01-28,1597.27,1605.95,1557.12,1572.06,75016,197,0
2023-01-29,1572.02,1659.66,1566.65,1643.27,80025,175,0
2023-01-30,1643.63,1645.98,1535.22,1565.87,80841,196,0
2023-01-31,1565.95,1603.13,1561.13,1584.74,78163,194,0
2023-02-01,1584.74,1646.39,1555.14,1640.23,78621,169,0
2023-02-02,1640.23,1712.01,1626.3,1643.44,80350,174,0
2023-02-03,1643.47,1673.04,1624.98,1662.95,77191,83,0
2023-02-04,1662.98,1693.34,1644.39,1665.69,73428,152,0
2023-02-05,1665.71,1672.86,1609.64,1628.71,75015,173,0
2023-02-06,1628.75,1657.28,1604.56,1614.02,77539,184,0
2023-02-07,1614.08,1676.58,1613.02,1669.14,77571,200,0
2023-02-08,1669.3,1695.02,1630.19,1649.61,77209,184,0
2023-02-09,1649.56,1655.03,1524.84,1544.9,80295,153,0
2023-02-10,1545.09,1553.73,1493.29,1513.25,78508,146,0
2023-02-11,1513.1,1543.12,1505.71,1538.53,71533,141,0
2023-02-12,1538.58,1547.5,1494.06,1514.75,70083,125,0
2023-02-13,1514.95,1526.19,1462.93,1506.02,80059,143,0
2023-02-14,1505.93,1568.86,1489.21,1556.63,79377,133,0
2023-02-15,1556.36,1679.02,1542.83,1673.25,77530,137,0
2023-02-16,1673.22,1739.16,1633.48,1637.39,79831,140,0
2023-02-17,1637.54,1719.86,1630.07,1694.55,80218,134,0
2023-02-18,1694.07,1711.86,1679.43,1691.51,73444,133,0
2023-02-19,1691.52,1723.76,1665.89,1680.3,74528,132,0
2023-02-20,1680.12,1718.05,1651.17,1702.54,78198,132,0
2023-02-21,1702.55,1715.31,1637.03,1659.16,79377,129,0
2023-02-22,1659.3,1666.48,1595.0,1643.48,80682,133,0
2023-02-23,1643.25,1678.75,1629.8,1650.61,79583,156,0
2023-02-24,1650.74,1663.27,1576.48,1607.73,78932,142,0
2023-02-25,1607.76,1609.06,1558.23,1594.68,75704,134,0
2023-02-26,1594.69,1649.26,1588.26,1640.5,74812,121,0
2023-02-27,1640.37,1664.22,1607.77,1632.17,76653,142,0
2023-02-28,1632.19,1646.51,1597.37,1605.25,75394,140,0
2023-03-01,1605.36,1667.96,1594.59,1663.78,77809,146,0
2023-03-02,1663.7,1677.01,1618.24,1647.26,76805,143,0
2023-03-03,1647.26,1648.8,1542.57,1569.79,79275,148,0
2023-03-04,1569.78,1577.57,1549.54,1566.66,69712,170,0
2023-03-05,1566.63,1588.11,1553.4,1564.79,70369,144,0
2023-03-06,1564.8,1581.32,1554.56,1566.14,68283,128,0
2023-03-07,1566.22,1582.16,1535.75,1562.13,69533,130,0
2023-03-08,1561.87,1570.43,1523.3,1532.9,70329,124,0
2023-03-09,1532.91,1545.91,1408.83,1436.8,74138,128,0
2023-03-10,1436.79,1438.79,1369.59,1429.81,80612,116,0
2023-03-11,1429.8,1486.9,1416.4,1479.47,80495,118,0
2023-03-12,1479.38,1603.25,1457.22,1586.9,75945,122,0
2023-03-13,1586.64,1699.67,1569.19,1680.13,81756,169,0
2023-03-14,1679.67,1781.56,1663.45,1703.03,83451,135,0
2023-03-15,1702.92,1719.97,1612.79,1654.52,81046,135,0
2023-03-16,1654.54,1694.48,1637.52,1675.96,80741,156,0
2023-03-17,1675.81,1798.23,1665.51,1791.19,81951,163,0
2023-03-18,1791.13,1839.9,1749.91,1761.92,80198,149,0
2023-03-19,1761.53,1842.07,1761.12,1783.69,78941,139,0
2023-03-20,1783.63,1805.58,1726.74,1736.2,81753,155,0
2023-03-21,1736.28,1836.18,1721.56,1804.3,80090,153,0
2023-03-22,1804.26,1820.87,1714.35,1737.12,79620,141,0
2023-03-23,1737.08,1857.41,1731.35,1815.25,77927,144,0
2023-03-24,1815.22,1819.97,1728.22,1751.56,77328,151,0
2023-03-25,1751.57,1763.62,1715.13,1742.49,75927,165,0
2023-03-26,1742.42,1799.2,1740.47,1774.66,75342,152,0
2023-03-27,1774.55,1780.99,1687.38,1716.15,77496,151,0
2023-03-28,1715.77,1794.18,1701.63,1773.05,75978,153,0
2023-03-29,1773.02,1825.46,1772.22,1792.02,70932,146,0
2023-03-30,1791.85,1827.45,1762.07,1792.02,73936,150,0
2023-03-31,1791.88,1845.62,1779.48,1820.74,72157,141,0
2023-04-01,1820.72,1841.31,1807.43,1820.16,67168,106,0
2023-04-02,1820.16,1823.9,1772.53,1794.32,69413,115,0
2023-04-03,1794.31,1838.16,1763.39,1809.43,73805,106,0
2023-04-04,1809.39,1888.59,1801.21,1869.43,74653,134,0
2023-04-05,1869.43,1938.01,1863.33,1907.41,76742,166,0
2023-04-06,1906.91,1908.4,1853.9,1870.86,76212,181,0
2023-04-07,1870.62,1880.71,1840.48,1862.46,74309,239,0
2023-04-08,1862.43,1877.43,1845.33,1847.07,66190,191,0
2023-04-09,1846.93,1871.51,1824.45,1857.37,69937,191,0
2023-04-10,1857.34,1917.45,1845.48,1909.1,72031,227,0
2023-04-11,1909.17,1936.07,1881.77,1889.25,73383,199,0
2023-04-12,1889.33,1930.72,1853.06,1918.03,75562,190,0
2023-04-13,1917.98,2021.04,1899.03,2011.43,75836,164,0
2023-04-14,2011.48,2126.89,2008.67,2101.13,79805,152,0
2023-04-15,2101.15,2110.43,2072.68,2091.12,73800,130,0
2023-04-16,2091.02,2139.47,2073.57,2118.02,72791,122,0
2023-04-17,2117.66,2119.81,2057.7,2074.63,75337,129,0
2023-04-18,2074.77,2121.96,2053.07,2104.16,74480,129,0
2023-04-19,2103.94,2105.12,1925.07,1935.42,78570,141,0
2023-04-20,1934.83,1982.27,1916.46,1943.24,79056,135,0
2023-04-21,1943.24,1956.35,1825.17,1846.88,79290,181,0
2023-04-22,1846.96,1886.82,1842.91,1873.81,72441,176,0
2023-04-23,1873.88,1881.96,1836.94,1861.93,73842,180,0
2023-04-24,1861.94,1889.77,1806.37,1840.92,76580,164,0
2023-04-25,1841.06,1877.0,1802.44,1865.59,75698,190,0
2023-04-26,1865.54,1964.17,1786.69,1866.08,80429,158,0
2023-04-27,1866.1,1937.63,1861.46,1909.3,82451,161,0
2023-04-28,1909.31,1924.5,1874.75,1892.38,78154,142,0
2023-04-29,1892.54,1918.46,1883.72,1908.37,74089,140,0
2023-04-30,1908.31,1938.82,1866.06,1869.78,76081,161,0
2023-05-01,1870.98,1886.99,1806.02,1830.99,77924,144,0
2023-05-02,1831.02,1881.21,1822.49,1870.08,76911,156,0
2023-05-03,1870.02,1915.15,1842.39,1903.89,78389,169,0
2023-05-04,1904.19,1916.05,1867.51,1877.15,74014,178,0
2023-05-05,1877.39,1998.19,1875.45,1993.93,77818,182,0
2023-05-06,1994.06,2017.04,1863.2,1899.92,77975,231,0
2023-05-07,1900.03,1935.45,1871.51,1873.12,76116,185,0
2023-05-08,1873.36,1885.84,1811.32,1847.38,79089,169,0
2023-05-09,1847.47,1860.71,1830.69,1846.12,75718,175,0
2023-05-10,1846.11,1886.85,1791.57,1840.66,77652,158,0
2023-05-11,1840.64,1841.28,1771.32,1793.49,78275,155,0
2023-05-12,1793.45,1815.15,1739.17,1806.96,78901,157,0
2023-05-13,1807.08,1815.15,1785.38,1794.82,73834,162,0
2023-05-14,1794.88,1823.39,1790.23,1799.42,72594,144,0
2023-05-15,1798.9,1845.89,1783.89,1815.6,73766,163,0
2023-05-16,1815.67,1830.76,1795.82,1823.85,73186,147,0
2023-05-17,1823.83,1835.97,1783.99,1821.88,75375,123,0
2023-05-18,1821.87,1831.23,1772.07,1800.4,72923,130,0
2023-05-19,1800.47,1827.67,1796.64,1812.1,71570,172,0
2023-05-20,1812.09,1828.23,1806.55,1819.05,64382,155,0
2023-05-21,1819.0,1827.97,1797.63,1804.62,69465,119,0
2023-05-22,1804.49,1826.48,1791.68,1816.54,67867,121,0
2023-05-23,1816.58,1869.31,1814.46,1852.72,73309,210,0
2023-05-24,1852.75,1853.15,1775.33,1798.05,74259,132,0
2023-05-25,1798.1,1816.45,1759.36,1804.87,71835,130,0
2023-05-26,1805.0,1837.48,1796.42,1827.69,68227,145,0
2023-05-27,1827.68,1835.89,1812.38,1830.4,63352,122,0
2023-05-28,1830.29,1916.17,1823.45,1907.97,68003,152,0
2023-05-29,1907.48,1926.27,1872.95,1892.13,72592,175,0
2023-05-30,1892.05,1917.1,1879.63,1900.34,72301,181,0
2023-05-31,1900.34,1907.04,1847.1,1873.25,72725,117,0
2023-06-01,1873.3,1887.74,1838.67,1861.22,71497,115,0
2023-06-02,1861.24,1910.15,1846.08,1906.46,74100,211,0
2023-06-03,1906.43,1908.61,1880.43,1890.54,64264,156,0
2023-06-04,1890.39,1913.49,1883.39,1889.82,64392,113,0
2023-06-05,1889.87,1890.22,1776.99,1812.0,78707,116,0
2023-06-06,1811.97,1896.65,1798.19,1884.66,74802,109,0
2023-06-07,1884.72,1896.29,1820.62,1833.56,76854,136,0
2023-06-08,1833.55,1861.3,1829.7,1846.67,68814,138,0
2023-06-09,1846.72,1856.17,1828.21,1840.39,69023,100,0
2023-06-10,1840.41,1845.02,1716.96,1751.6,85615,111,0
2023-06-11,1751.59,1777.31,1738.51,1752.84,73130,125,0
2023-06-12,1752.79,1757.49,1719.36,1741.63,74967,115,0
2023-06-13,1741.65,1763.88,1722.74,1739.35,75032,114,0
2023-06-14,1739.38,1749.35,1629.79,1651.33,76347,113,0
2023-06-15,1651.37,1677.83,1624.32,1665.76,78162,105,0
2023-06-16,1665.69,1726.94,1649.3,1716.82,75559,118,0
2023-06-17,1716.85,1765.13,1712.52,1727.95,68634,113,0
2023-06-18,1727.96,1746.69,1712.67,1720.04,67167,111,0
2023-06-19,1720.04,1748.45,1699.95,1735.68,68985,107,0
2023-06-20,1735.73,1794.23,1713.56,1791.0,74601,98,0
2023-06-21,1791.04,1900.05,1786.53,1888.37,84030,127,0
2023-06-22,1888.53,1932.52,1866.54,1871.84,80655,128,0
2023-06-23,1871.84,1934.42,1861.93,1893.3,77825,107,0
2023-06-24,1893.29,1905.61,1865.17,1875.58,70791,122,0
2023-06-25,1875.49,1929.1,1869.05,1899.34,76783,146,0
2023-06-26,1899.38,1906.35,1836.66,1858.55,78417,125,0
2023-06-27,1858.53,1911.51,1854.5,1889.67,75515,127,0
2023-06-28,1889.66,1889.99,1816.1,1827.46,79868,124,0
2023-06-29,1827.41,1878.78,1826.96,1851.78,76314,125,0
2023-06-30,1851.93,1945.54,1825.27,1934.08,91364,131,0
2023-07-01,1934.11,1943.64,1909.08,1924.0,74813,125,0
2023-07-02,1924.01,1959.36,1886.7,1937.91,75439,119,0
2023-07-03,1937.92,1976.18,1933.65,1955.19,80063,128,0
2023-07-04,1955.2,1965.63,1930.87,1935.59,75495,134,0
2023-07-05,1935.72,1941.87,1893.86,1909.92,77511,139,0
2023-07-06,1909.84,1957.36,1846.63,1846.63,86121,137,0
2023-07-07,1846.7,1877.12,1826.94,1870.58,78301,129,0
2023-07-08,1870.64,1872.93,1843.47,1864.78,68980,134,0
2023-07-09,1864.86,1878.31,1856.72,1862.42,67242,109,0
2023-07-10,1862.41,1904.43,1847.31,1880.56,74359,123,0
2023-07-11,1880.64,1889.79,1862.88,1878.43,71662,130,0
2023-07-12,1878.42,1901.1,1865.35,1871.61,73783,126,0
2023-07-13,1871.61,2011.76,1863.38,2004.61,81467,123,0
2023-07-14,2004.67,2027.59,1899.05,1938.91,84005,129,0
2023-07-15,1938.66,1946.71,1927.12,1931.72,67855,125,0
2023-07-16,1931.71,1943.35,1915.43,1923.11,69657,120,0
2023-07-17,1923.13,1936.05,1874.26,1911.95,77430,133,0
2023-07-18,1911.96,1917.73,1876.28,1897.56,78067,127,0
2023-07-19,1897.56,1921.3,1883.1,1889.41,76139,132,0
2023-07-20,1889.32,1927.61,1879.17,1892.81,75751,130,0
2023-07-21,1892.9,1905.54,1885.88,1892.96,72437,122,0
2023-07-22,1892.98,1897.94,1855.07,1867.58,67164,120,0
2023-07-23,1867.57,1904.99,1859.9,1889.41,72606,122,0
2023-07-24,1889.46,1891.71,1835.12,1851.18,76252,129,0
2023-07-25,1851.2,1868.27,1846.44,1858.51,70325,132,0
2023-07-26,1858.55,1887.21,1849.12,1872.06,72366,131,0
2023-07-27,1872.1,1885.96,1855.29,1861.58,69909,146,0
2023-07-28,1861.46,1882.01,1856.88,1875.26,67326,132,0
2023-07-29,1875.33,1885.75,1870.26,1880.37,58953,125,0
2023-07-30,1880.68,1884.44,1849.38,1861.41,62903,119,0
2023-07-31,1861.39,1876.56,1850.59,1855.61,68478,120,0
2023-08-01,1855.6,1873.45,1813.64,1871.81,72413,116,0
2023-08-02,1872.0,1878.51,1820.63,1838.89,67348,108,0
2023-08-03,1838.73,1857.6,1825.14,1836.04,68212,118,0
2023-08-04,1836.06,1849.97,1816.09,1829.2,58996,107,0
2023-08-05,1829.21,1838.2,1826.42,1835.58,45394,111,0
2023-08-06,1835.6,1837.72,1825.15,1828.86,42435,118,0
2023-08-07,1828.9,1844.39,1802.2,1828.53,56239,118,0
2023-08-08,1828.39,1874.79,1826.42,1855.62,60392,111,0
2023-08-09,1855.64,1870.55,1844.74,1854.44,68097,138,0
2023-08-10,1854.46,1864.89,1845.18,1850.86,63783,126,0
2023-08-11,1850.86,1855.61,1837.13,1847.53,60967,112,0
2023-08-12,1847.6,1853.03,1845.5,1849.61,48245,110,0
2023-08-13,1849.57,1860.64,1833.68,1839.82,38286,105,0
2023-08-14,1839.84,1854.38,1834.24,1844.63,53297,92,0
2023-08-15,1844.65,1846.35,1813.13,1828.04,47987,94,0
2023-08-16,1828.06,1830.56,1795.89,1806.34,58872,108,0
2023-08-17,1806.41,1808.21,1534.48,1681.22,90930,102,0
2023-08-18,1681.2,1697.94,1641.88,1661.35,82600,113,0
2023-08-19,1661.51,1695.57,1653.97,1670.05,66633,109,0
2023-08-20,1670.1,1694.83,1661.73,1685.64,65697,100,0
2023-08-21,1685.48,1688.41,1650.24,1667.33,72022,107,0
2023-08-22,1667.36,1669.89,1583.09,1635.34,74127,102,0
2023-08-23,1635.39,1699.81,1629.79,1679.82,77406,109,0
2023-08-24,1679.76,1683.76,1635.74,1662.05,68125,89,0
2023-08-25,1662.08,1676.05,1636.24,1654.22,76947,98,0
2023-08-26,1654.06,1655.73,1643.85,1647.44,59079,93,0
2023-08-27,1647.44,1660.48,1646.23,1658.05,55843,88,0
2023-08-28,1658.05,1663.08,1623.96,1653.13,68702,93,0
2023-08-29,1653.15,1746.34,1640.17,1731.87,76481,92,0
2023-08-30,1731.49,1734.03,1697.81,1708.69,66045,100,0
2023-08-31,1708.64,1727.81,1630.92,1646.61,69242,105,0
2023-09-01,1646.61,1655.78,1602.28,1629.29,69446,102,0
2023-09-02,1629.28,1645.73,1627.48,1636.61,54602,106,0
2023-09-03,1636.43,1645.93,1625.77,1636.1,52354,107,0
2023-09-04,1636.02,1644.24,1616.52,1630.15,58396,99,0
2023-09-05,1629.95,1646.78,1609.11,1634.82,59258,96,0
2023-09-06,1634.65,1666.54,1609.05,1633.73,59247,91,0
2023-09-07,1633.73,1659.48,1623.57,1648.59,60799,99,0
2023-09-08,1648.32,1658.29,1615.8,1637.12,59554,88,0
2023-09-09,1637.12,1637.87,1629.57,1636.47,36395,80,0
2023-09-10,1636.33,1636.5,1597.61,1617.51,54694,88,0
2023-09-11,1617.51,1619.54,1530.39,1551.59,74861,100,0
2023-09-12,1551.6,1622.62,1549.52,1593.32,75549,94,0
2023-09-13,1593.28,1617.66,1581.71,1608.14,68896,94,0
2023-09-14,1608.18,1643.69,1606.81,1627.92,68325,91,0
2023-09-15,1627.93,1652.41,1611.58,1641.64,61733,92,0
2023-09-16,1641.53,1652.03,1631.93,1635.0,50368,93,0
2023-09-17,1635.01,1635.17,1612.35,1622.73,50790,95,0
2023-09-18,1622.91,1670.0,1605.26,1638.8,66606,100,0
2023-09-19,1638.05,1660.29,1627.72,1643.8,66448,99,0
2023-09-20,1643.82,1649.86,1605.97,1621.16,68705,98,0
2023-09-21,1621.17,1624.84,1568.66,1585.15,66510,101,0
2023-09-22,1584.98,1602.29,1577.76,1593.35,61484,101,0
2023-09-23,1593.29,1598.3,1588.24,1594.35,44139,92,0
2023-09-24,1594.36,1600.81,1571.62,1581.5,48517,91,0
2023-09-25,1581.41,1596.93,1564.23,1588.05,61397,93,0
2023-09-26,1588.05,1598.54,1580.51,1593.99,59814,95,0
2023-09-27,1594.02,1634.29,1583.35,1598.03,65727,94,0
2023-09-28,1598.15,1668.3,1597.7,1654.46,72381,101,0
2023-09-29,1654.26,1689.23,1649.43,1668.73,66049,93,0
2023-09-30,1668.69,1693.34,1667.62,1672.35,52934,86,0
2023-10-01,1672.31,1748.86,1669.86,1734.18,58177,84,0
2023-10-02,1733.95,1743.8,1637.7,1663.12,80623,102,0
2023-10-03,1662.79,1670.67,1642.09,1656.57,73641,106,0
2023-10-04,1656.57,1657.26,1624.73,1646.76,72468,100,0
2023-10-05,1646.53,1654.28,1607.96,1612.03,68361,103,0
2023-10-06,1612.17,1659.71,1611.66,1645.19,69467,101,0
2023-10-07,1645.24,1647.54,1629.6,1633.98,58764,111,0
2023-10-08,1634.03,1641.75,1616.75,1633.41,64128,118,0
2023-10-09,1633.29,1635.58,1548.29,1581.28,72609,116,0
2023-10-10,1581.31,1595.51,1551.63,1568.44,74547,112,0
2023-10-11,1568.46,1578.35,1545.67,1567.26,74480,108,0
2023-10-12,1567.26,1569.65,1520.19,1541.35,61243,101,0
2023-10-13,1541.25,1574.11,1538.22,1552.65,61529,100,0
2023-10-14,1552.45,1561.58,1545.42,1555.3,46359,100,0
2023-10-15,1555.26,1566.15,1549.34,1558.05,49965,106,0
2023-10-16,1558.01,1638.1,1554.73,1599.72,70938,102,0
2023-10-17,1599.57,1600.57,1551.12,1564.9,61659,90,0
2023-10-18,1564.9,1584.84,1556.01,1563.47,63629,90,0
2023-10-19,1563.36,1573.72,1541.98,1566.87,64637,88,0
2023-10-20,1566.99,1630.82,1561.71,1604.61,72519,98,0
2023-10-21,1604.6,1644.0,1592.84,1629.48,60202,100,0
2023-10-22,1629.4,1668.68,1621.45,1664.32,64484,101,0
2023-10-23,1664.34,1794.77,1658.2,1764.96,84465,107,0
2023-10-24,1764.93,1853.02,1756.11,1785.17,88653,111,0
2023-10-25,1785.15,1816.04,1760.82,1786.69,79903,108,0
2023-10-26,1786.67,1863.57,1760.72,1803.39,83247,107,0
2023-10-27,1803.29,1804.01,1743.94,1779.55,75698,104,0
2023-10-28,1779.5,1802.48,1771.51,1776.98,57786,102,0
2023-10-29,1776.82,1810.9,1764.0,1795.24,58351,105,0
2023-10-30,1795.32,1829.44,1777.22,1809.11,69211,101,0
2023-10-31,1809.15,1818.96,1782.18,1815.02,68627,105,0
2023-11-01,1814.87,1857.01,1782.62,1846.41,75842,106,0
2023-11-02,1846.42,1873.82,1783.93,1800.3,76509,103,0
2023-11-03,1800.48,1834.71,1776.64,1832.94,74363,104,0
2023-11-04,1832.99,1869.46,1824.74,1856.65,56808,97,0
2023-11-05,1856.66,1912.87,1847.23,1892.61,70699,91,0
2023-11-06,1892.41,1914.65,1869.87,1900.05,71217,101,0
2023-11-07,1900.0,1906.34,1851.4,1885.41,71297,102,0
2023-11-08,1885.32,1902.52,1873.45,1887.28,57328,102,0
2023-11-09,1887.26,2127.49,1881.17,2116.45,88754,109,0
2023-11-10,2117.16,2131.27,2064.26,2075.42,75693,119,0
2023-11-11,2075.43,2087.12,2029.56,2051.59,74247,129,0
2023-11-12,2051.66,2062.62,2011.47,2042.75,62411,131,0
2023-11-13,2042.83,2115.72,2028.15,2052.54,81042,122,0
2023-11-14,2052.71,2062.85,1932.68,1978.26,80587,94,0
2023-11-15,1978.41,2060.56,1966.53,2056.08,82288,114,0
2023-11-16,2055.8,2088.81,1939.09,1961.13,84929,111,0
2023-11-17,1961.02,1989.48,1903.96,1961.25,87371,117,0
2023-11-18,1961.07,1971.68,1917.81,1962.08,79930,150,0
2023-11-19,1962.23,2016.17,1942.77,2012.19,78674,135,0
2023-11-20,2012.2,2067.29,1992.31,2021.35,91375,158,0
2023-11-21,2021.46,2034.9,1930.57,1933.47,95185,159,0
2023-11-22,1933.32,2092.16,1929.11,2063.5,87532,143,0
2023-11-23,2063.72,2088.94,2039.44,2062.6,82278,152,0
2023-11-24,2062.47,2132.59,2058.74,2082.37,83710,152,0
2023-11-25,2082.41,2091.88,2066.12,2083.67,72120,151,0
2023-11-26,2083.68,2094.7,2036.11,2062.23,77564,163,0
2023-11-27,2062.09,2071.62,1984.59,2027.51,84973,154,0
2023-11-28,2027.3,2074.76,1994.35,2047.2,83827,146,0
2023-11-29,2047.35,2074.51,2017.84,2028.11,80485,154,0
2023-11-30,2028.16,2053.85,2020.43,2051.49,78952,160,0
2023-12-01,2051.68,2109.15,2044.43,2087.76,85044,154,0
2023-12-02,2087.64,2184.77,2085.78,2164.82,76279,161,0
2023-12-03,2164.58,2215.29,2148.72,2192.93,75765,163,0
2023-12-04,2192.61,2271.12,2191.0,2240.51,87209,211,0
2023-12-05,2240.76,2306.02,2187.72,2291.75,88927,219,0
2023-12-06,2291.94,2308.38,2220.22,2232.31,87666,172,0
2023-12-07,2232.48,2381.86,2222.37,2354.2,88391,169,0
2023-12-08,2354.37,2389.7,2335.77,2356.6,85567,186,0
2023-12-09,2356.62,2401.4,2327.53,2338.41,80022,177,0
2023-12-10,2338.33,2376.56,2320.68,2349.95,75206,162,0
2023-12-11,2349.97,2352.9,2134.79,2223.34,104780,165,0
2023-12-12,2223.36,2243.23,2165.44,2201.69,89915,157,0
2023-12-13,2201.79,2282.47,2144.27,2260.03,91646,154,0
2023-12-14,2260.19,2331.34,2228.94,2314.8,88199,175,0
2023-12-15,2314.7,2317.25,2201.36,2220.32,85313,178,0
2023-12-16,2220.47,2261.89,2210.99,2228.53,77398,170,0
2023-12-17,2228.65,2246.17,2187.7,2195.91,81975,179,0
2023-12-18,2196.09,2222.41,2117.34,2218.33,88121,160,0
2023-12-19,2218.13,2253.88,2135.53,2177.88,83743,170,0
2023-12-20,2178.05,2264.84,2157.85,2202.62,84231,202,0
2023-12-21,2202.52,2279.16,2183.98,2238.86,84173,195,0
2023-12-22,2238.86,2342.58,2229.35,2325.7,91251,182,0
2023-12-23,2325.4,2332.57,2266.5,2307.45,80192,191,0
2023-12-24,2306.73,2324.1,2244.92,2264.68,79706,196,0
2023-12-25,2264.78,2303.93,2253.13,2271.3,78625,174,0
2023-12-26,2271.28,2274.78,2178.74,2231.0,82261,192,0
2023-12-27,2230.97,2394.26,2212.23,2380.89,85874,166,0
2023-12-28,2380.76,2447.49,2334.34,2343.34,90103,167,0
2023-12-29,2343.48,2385.62,2258.2,2299.26,87201,184,0
2023-12-30,2299.5,2321.65,2268.14,2291.51,76838,175,0
2023-12-31,2291.15,2320.29,2258.64,2281.8,78313,175,0
2024-01-01,2281.64,2350.58,2265.33,2350.51,78177,157,0
2024-01-02,2350.31,2430.26,2342.35,2355.33,90071,192,0
2024-01-03,2355.1,2383.89,2103.88,2209.73,109675,182,0
2024-01-04,2209.63,2297.08,2203.76,2268.2,89807,181,0
2024-01-05,2268.48,2277.77,2207.57,2269.39,93713,173,0
2024-01-06,2269.12,2270.99,2218.11,2241.93,78787,176,0
2024-01-07,2241.44,2257.17,2205.81,2222.69,79847,182,0
2024-01-08,2222.76,2359.03,2168.33,2330.62,92647,173,0
2024-01-09,2330.83,2370.05,2230.01,2342.84,94641,186,0
2024-01-10,2342.65,2636.91,2338.38,2582.9,113796,167,0
2024-01-11,2584.11,2685.0,2566.04,2616.36,102452,213,0
2024-01-12,2616.48,2713.71,2457.65,2522.23,109499,185,0
2024-01-13,2522.34,2588.88,2497.84,2576.38,89712,167,0
2024-01-14,2576.21,2577.86,2469.46,2472.72,87930,176,0
2024-01-15,2472.7,2551.87,2470.21,2512.09,87337,182,0
2024-01-16,2512.12,2614.0,2499.56,2586.77,89700,174,0
2024-01-17,2586.86,2592.96,2504.47,2528.1,90299,189,0
2024-01-18,2528.12,2547.12,2423.99,2468.83,91288,192,0
2024-01-19,2468.76,2503.9,2412.85,2491.59,89471,183,0
2024-01-20,2491.42,2491.46,2453.11,2471.43,76783,177,0
2024-01-21,2471.17,2482.36,2452.18,2457.23,69680,168,0
2024-01-22,2456.83,2464.66,2301.92,2313.14,95029,191,0
2024-01-23,2312.91,2350.53,2165.54,2241.83,97574,172,0
2024-01-24,2241.5,2263.62,2195.72,2233.08,88318,175,0
2024-01-25,2234.12,2241.86,2168.75,2216.51,86039,165,0
2024-01-26,2217.87,2280.67,2195.86,2265.96,85051,176,0
2024-01-27,2266.16,2282.76,2249.89,2266.96,74977,152,0
2024-01-28,2267.26,2308.27,2238.74,2256.45,80593,185,0
2024-01-29,2256.34,2322.05,2232.52,2318.07,81721,196,0
2024-01-30,2317.83,2392.19,2296.77,2343.32,83804,189,0
2024-01-31,2343.11,2351.83,2261.91,2281.81,85900,209,0
2024-02-01,2281.53,2310.0,2238.54,2302.5,83837,195,0
2024-02-02,2302.27,2323.57,2279.32,2307.21,78165,182,0
2024-02-03,2307.29,2328.07,2290.54,2295.57,72808,187,0
2024-02-04,2295.69,2309.18,2266.97,2288.52,73941,177,0
2024-02-05,2288.02,2336.36,2267.81,2298.99,78713,180,0
2024-02-06,2299.26,2390.8,2295.6,2371.82,82178,164,0
2024-02-07,2371.96,2446.04,2351.16,2422.79,84822,138,0
2024-02-08,2424.48,2461.07,2410.34,2418.31,85160,172,0
2024-02-09,2418.93,2523.7,2417.65,2487.45,87797,207,0
2024-02-10,2488.32,2516.96,2473.93,2502.14,77896,187,0
2024-02-11,2502.13,2540.53,2495.15,2508.96,78966,158,0
2024-02-12,2509.44,2663.32,2473.05,2656.31,87264,208,0
2024-02-13,2659.27,2684.64,2590.23,2643.04,91440,205,0
2024-02-14,2641.7,2785.38,2618.76,2774.89,90241,209,0
2024-02-15,2775.11,2862.21,2758.39,2822.43,92888,229,0
2024-02-16,2822.65,2854.47,2745.31,2802.19,88537,251,0
2024-02-17,2802.03,2804.59,2718.46,2784.85,82912,251,0
2024-02-18,2784.52,2893.07,2762.33,2875.27,83285,255,0
2024-02-19,2877.98,2979.54,2856.26,2941.59,89825,225,0
2024-02-20,2942.74,3027.52,2871.52,3010.03,95892,272,0
2024-02-21,3010.73,3014.74,2865.23,2967.92,97171,250,0
2024-02-22,2966.36,3031.06,2905.95,2970.5,96253,292,0
2024-02-23,2967.18,2990.73,2904.12,2919.53,90890,304,0
2024-02-24,2919.86,3003.47,2904.96,2991.26,80975,216,0
2024-02-25,2990.74,3112.79,2982.9,3110.87,86271,163,0
2024-02-26,3110.17,3192.38,3034.79,3175.72,89989,177,0
2024-02-27,3174.64,3282.32,3163.43,3242.09,93740,248,0
2024-02-28,3240.96,3479.74,3179.66,3380.76,127183,330,0
2024-02-29,3380.02,3517.56,3299.0,3338.73,110066,387,0
2024-03-01,3338.43,3449.16,3336.06,3432.11,97056,442,0
2024-03-02,3431.86,3459.34,3393.12,3419.55,88577,246,0
2024-03-03,3420.62,3493.7,3363.72,3487.21,89213,506,0
2024-03-04,3485.62,3636.82,3432.13,3626.1,106658,495,0
2024-03-05,3627.01,3816.93,3204.49,3551.38,196809,452,0
2024-03-06,3556.01,3899.89,3501.79,3817.3,122220,474,0
2024-03-07,3821.06,3931.41,3735.39,3870.57,101625,521,0
2024-03-08,3869.69,3994.67,3824.48,3885.7,106072,584,0
2024-03-09,3885.85,3944.06,3873.66,3908.68,81862,593,0
2024-03-10,3906.43,3966.4,3791.45,3878.54,88323,576,0
2024-03-11,3878.1,4084.11,3733.03,4061.7,103826,599,0
2024-03-12,4061.11,4088.26,3820.45,3973.54,119284,633,0
2024-03-13,3972.87,4080.5,3927.66,4000.85,99466,633,0
2024-03-14,4004.28,4009.95,3716.23,3877.84,110138,629,0
2024-03-15,3878.0,3927.36,3564.33,3734.52,137647,578,0
2024-03-16,3740.55,3778.74,3466.26,3521.43,105450,560,0
2024-03-17,3517.09,3675.7,3413.41,3640.67,105521,497,0
2024-03-18,3640.37,3641.4,3453.56,3518.4,108282,560,0
2024-03-19,3519.59,3547.67,3148.47,3160.09,136235,422,0
2024-03-20,3157.35,3537.18,3056.06,3514.57,137774,367,0
2024-03-21,3517.27,3585.93,3411.07,3493.99,109263,277,0
2024-03-22,3493.64,3543.64,3249.93,3333.12,114100,351,0
2024-03-23,3335.32,3436.52,3270.31,3336.67,101540,324,0
2024-03-24,3329.97,3469.44,3297.75,3454.46,97575,356,0
2024-03-25,3454.84,3654.94,3419.22,3587.47,96679,434,0
2024-03-26,3587.68,3675.2,3541.62,3585.32,96690,490,0
2024-03-27,3586.14,3661.5,3455.62,3498.49,101093,488,0
2024-03-28,3499.16,3611.14,3461.44,3557.92,95225,523,0
2024-03-29,3558.61,3583.12,3470.53,3508.85,86939,546,0
2024-03-30,3508.1,3566.6,3484.8,3505.74,81855,542,0
2024-03-31,3506.55,3653.65,3504.28,3647.3,82411,554,0
2024-04-01,3643.62,3645.05,3412.41,3500.78,94173,483,0
2024-04-02,3502.66,3504.89,3212.14,3275.7,112214,458,0
2024-04-03,3277.54,3367.56,3197.93,3309.43,96798,389,0
2024-04-04,3310.29,3441.62,3250.59,3329.44,90633,426,0
2024-04-05,3328.15,3348.52,3210.71,3317.58,97945,439,0
2024-04-06,3318.1,3395.84,3305.87,3351.81,81952,507,0
2024-04-07,3351.52,3456.2,3342.58,3451.74,82786,536,0
2024-04-08,3451.86,3725.12,3404.07,3689.98,92010,517,0
2024-04-09,3691.38,3722.02,3451.19,3502.27,94638,549,0
2024-04-10,3501.47,3559.58,3410.89,3541.88,98165,525,0
2024-04-11,3544.19,3615.84,3471.26,3502.73,93366,524,0
2024-04-12,3500.94,3549.93,3096.09,3239.04,123847,414,0
2024-04-13,3236.8,3298.22,2856.91,3002.62,162038,361,0
2024-04-14,3008.03,3176.01,2907.45,3156.15,117871,316,0
2024-04-15,3156.83,3277.63,3023.43,3100.75,112470,321,0
2024-04-16,3103.3,3127.65,2989.86,3083.23,114414,308,0
2024-04-17,3084.57,3122.75,2914.65,2986.31,108726,286,0
2024-04-18,2985.54,3093.79,2952.61,3064.91,96892,307,0
2024-04-19,3064.5,3126.0,2865.17,3058.58,107045,301,0
2024-04-20,3058.36,3170.22,3018.82,3157.85,86854,326,0
2024-04-21,3157.49,3195.77,3117.82,3148.36,84400,381,0
2024-04-22,3148.23,3234.29,3130.78,3200.34,85924,393,0
2024-04-23,3200.41,3261.79,3153.18,3219.1,82271,417,0
2024-04-24,3219.13,3289.9,3103.99,3138.34,88145,391,0
2024-04-25,3138.31,3191.43,3072.14,3155.53,88541,335,0
2024-04-26,3155.55,3165.73,3102.02,3131.4,84110,338,0
2024-04-27,3131.66,3281.67,3070.58,3253.64,85151,315,0
2024-04-28,3253.18,3354.26,3247.57,3263.4,85515,301,0
2024-04-29,3263.44,3287.24,3115.58,3215.77,89288,394,0
2024-04-30,3216.14,3248.69,2918.47,3014.11,102651,372,0
2024-05-01,3014.02,3021.78,2815.81,2970.59,106466,273,0
2024-05-02,2970.59,3016.43,2894.12,2987.59,88599,292,0
2024-05-03,2987.67,3126.87,2958.04,3105.51,85514,292,0
2024-05-04,3105.52,3166.8,3094.08,3120.23,78276,266,0
2024-05-05,3120.08,3167.38,3075.14,3139.37,79304,262,0
2024-05-06,3139.3,3219.67,3047.24,3062.62,84586,298,0
2024-05-07,3062.64,3129.45,3000.03,3006.08,85354,320,0
2024-05-08,3006.08,3038.0,2937.12,2974.35,87673,335,0
2024-05-09,2974.31,3056.19,2949.07,3037.1,82420,319,0
2024-05-10,3037.07,3054.38,2877.58,2909.38,83877,373,0
2024-05-11,2909.39,2943.87,2884.38,2913.86,78940,352,0
2024-05-12,2913.81,2956.73,2901.45,2930.24,77535,350,0
2024-05-13,2930.26,2997.11,2865.35,2952.23,85875,369,0
2024-05-14,2952.29,2961.48,2860.77,2881.97,88931,351,0
2024-05-15,2882.18,3039.37,2863.26,3032.08,86359,463,0
2024-05-16,3031.88,3040.78,2924.09,2945.38,81744,473,0
2024-05-17,2945.5,3120.62,2932.76,3093.46,79465,485,0
2024-05-18,3093.14,3147.59,3085.08,3122.82,76613,480,0
2024-05-19,3122.46,3136.19,3053.84,3070.69,77167,461,0
2024-05-20,3070.66,3685.41,3048.5,3657.73,114210,472,0
2024-05-21,3658.05,3831.42,3620.87,3784.71,98012,626,0
2024-05-22,3784.86,3807.66,3652.79,3733.49,94936,576,0
2024-05-23,3733.59,3945.4,3527.03,3781.49,220046,523,0
2024-05-24,3781.04,3827.14,3626.57,3726.51,96528,529,0
2024-05-25,3726.51,3773.6,3706.9,3747.2,80155,541,0
2024-05-26,3747.31,3880.55,3726.1,3823.47,83502,547,0
2024-05-27,3823.47,3972.15,3819.91,3890.38,86255,595,0
2024-05-28,3890.37,3924.78,3767.27,3838.84,100107,670,0
2024-05-29,3838.91,3880.57,3739.32,3761.24,87401,651,0
2024-05-30,3761.15,3821.37,3699.75,3744.7,85846,594,0
2024-05-31,3744.68,3842.34,3718.38,3756.26,83761,597,0
2024-06-01,3756.46,3829.06,3744.8,3812.09,75717,517,0
2024-06-02,3811.67,3834.84,3750.3,3776.04,78089,479,0
2024-06-03,3776.26,3847.4,3754.37,3764.64,80139,631,0
2024-06-04,3764.36,3827.11,3730.19,3807.03,82578,599,0
2024-06-05,3806.55,3882.42,3772.0,3863.56,79918,604,0
2024-06-06,3863.11,3876.37,3755.4,3810.11,80782,612,0
2024-06-07,3809.65,3837.95,3584.66,3676.99,97241,564,0
2024-06-08,3677.01,3706.22,3655.28,3677.5,76733,545,0
2024-06-09,3677.44,3718.73,3660.33,3703.57,73952,536,0
2024-06-10,3703.17,3708.71,3639.94,3665.11,79339,562,0
2024-06-11,3664.68,3669.17,3427.93,3494.35,97211,511,0
2024-06-12,3494.4,3653.76,3456.77,3556.73,94725,447,0
2024-06-13,3556.79,3558.07,3423.55,3466.55,89294,515,0
2024-06-14,3466.53,3527.65,3360.95,3476.72,90036,511,0
2024-06-15,3476.66,3587.68,3466.66,3564.95,81794,237,0
2024-06-16,3564.92,3647.69,3535.26,3620.28,79150,344,0
2024-06-17,3620.06,3635.09,3462.17,3509.74,88656,416,0
2024-06-18,3509.76,3513.91,3353.62,3479.28,96902,461,0
2024-06-19,3479.45,3584.17,3463.32,3559.47,86793,417,0
2024-06-20,3559.02,3622.04,3483.36,3512.4,89125,461,0
2024-06-21,3512.15,3545.22,3446.3,3516.74,89887,542,0
2024-06-22,3516.27,3520.48,3472.64,3495.28,78308,540,0
2024-06-23,3494.9,3519.52,3404.59,3418.4,81132,539,0
2024-06-24,3418.36,3433.86,3237.24,3347.83,104757,498,0
2024-06-25,3347.97,3428.6,3335.0,3394.01,87329,417,0
2024-06-26,3394.26,3423.0,3326.24,3371.19,84191,439,0
2024-06-27,3371.26,3475.0,3361.73,3449.24,82450,420,0
2024-06-28,3449.26,3485.67,3360.06,3377.57,86001,451,0
2024-06-29,3377.46,3405.14,3366.99,3375.59,76505,500,0
2024-06-30,3375.51,3454.45,3349.99,3433.97,78403,492,0
2024-07-01,3433.53,3519.12,3421.89,3439.73,83271,514,0
2024-07-02,3439.43,3460.87,3397.14,3416.8,82725,531,0
2024-07-03,3416.31,3428.89,3249.18,3294.82,90872,484,0
2024-07-04,3294.76,3312.11,3050.6,3059.19,96280,487,0
2024-07-05,3059.49,3106.53,2818.05,2982.32,129564,353,0
2024-07-06,2981.87,3080.03,2957.46,3066.49,83111,331,0
2024-07-07,3065.98,3073.02,2924.95,2934.33,86506,301,0
2024-07-08,2933.99,3093.85,2826.88,3018.28,108036,304,0
2024-07-09,3018.27,3112.55,3005.29,3068.77,90812,298,0
2024-07-10,3068.4,3150.28,3026.82,3103.74,88193,313,0
2024-07-11,3103.91,3214.52,3057.95,3101.88,93980,294,0
2024-07-12,3101.81,3158.59,3047.65,3135.28,97003,321,0
2024-07-13,3134.82,3202.2,3115.9,3177.16,81591,207,0
2024-07-14,3177.12,3270.21,3166.0,3246.92,87681,289,0
2024-07-15,3247.2,3493.93,3235.48,3482.96,97405,272,0
2024-07-16,3482.49,3498.2,3349.05,3448.97,101844,367,0
2024-07-17,3448.49,3518.29,3376.34,3388.67,95574,351,0
2024-07-18,3388.83,3489.53,3369.04,3427.08,93530,334,0
2024-07-19,3426.61,3540.41,3376.19,3505.28,96004,343,0
2024-07-20,3504.88,3540.21,3481.25,3519.81,85373,330,0
2024-07-21,3519.9,3546.59,3414.9,3536.65,90053,351,0
2024-07-22,3536.21,3562.16,3424.27,3442.67,94257,369,0
2024-07-23,3442.93,3538.84,3392.69,3482.01,102913,263,0
2024-07-24,3482.27,3489.05,3299.82,3337.07,94269,394,0
2024-07-25,3337.26,3343.22,3088.74,3175.87,110094,330,0
2024-07-26,3175.45,3287.29,3171.1,3274.79,93384,358,0
2024-07-27,3274.9,3328.05,3186.81,3246.98,90824,351,0
2024-07-28,3247.08,3281.64,3195.49,3267.6,83786,465,0
2024-07-29,3267.92,3396.79,3257.52,3319.95,96531,410,0
2024-07-30,3320.17,3366.92,3235.2,3279.46,95241,377,0
2024-07-31,3279.0,3349.63,3213.78,3234.65,95481,382,0
2024-08-01,3234.63,3244.07,3077.97,3200.46,102495,372,0
2024-08-02,3200.01,3217.17,2972.5,2986.94,101685,351,0
2024-08-03,2986.88,3015.49,2859.81,2903.87,107341,319,0
2024-08-04,2903.5,2933.27,2631.48,2688.36,100925,298,0
2024-08-05,2688.57,2697.04,2108.08,2422.6,249054,227,0
2024-08-06,2422.56,2555.6,2417.59,2463.48,107300,206,0
2024-08-07,2463.3,2551.54,2310.95,2344.52,106468,221,0
2024-08-08,2344.47,2721.83,2321.38,2683.85,108546,217,0
2024-08-09,2683.58,2706.53,2554.41,2600.09,98926,225,0
2024-08-10,2600.12,2645.19,2579.48,2612.01,83189,207,0
2024-08-11,2612.1,2718.69,2542.86,2557.65,89773,217,0
2024-08-12,2557.67,2748.71,2511.11,2724.26,103194,225,0
2024-08-13,2724.26,2740.16,2614.1,2704.51,95377,229,0
2024-08-14,2704.51,2778.24,2637.56,2663.86,93233,223,0
2024-08-15,2663.92,2677.28,2519.7,2571.9,104141,206,0
2024-08-16,2571.51,2631.96,2552.72,2595.5,100070,194,0
2024-08-17,2595.17,2628.33,2590.73,2615.82,79467,196,0
2024-08-18,2615.64,2686.45,2596.18,2614.79,83171,211,0
2024-08-19,2614.88,2650.13,2565.86,2638.26,92138,200,0
2024-08-20,2637.91,2696.44,2556.01,2575.89,93379,202,0
2024-08-21,2575.61,2663.82,2539.81,2633.36,96501,196,0
2024-08-22,2632.99,2646.14,2587.05,2625.29,89984,206,0
2024-08-23,2624.95,2799.29,2623.19,2764.72,95527,196,0
2024-08-24,2764.97,2818.07,2734.77,2769.78,87592,162,0
2024-08-25,2769.52,2792.53,2736.75,2749.35,85580,184,0
2024-08-26,2749.24,2764.43,2669.26,2682.72,90908,221,0
2024-08-27,2682.77,2702.12,2396.3,2459.51,102858,212,0
2024-08-28,2459.14,2555.8,2421.42,2530.03,107222,196,0
2024-08-29,2530.03,2598.01,2507.8,2530.28,96852,192,0
2024-08-30,2529.95,2550.83,2436.16,2528.86,97377,185,0
2024-08-31,2528.5,2536.23,2495.64,2515.66,80769,174,0
2024-09-01,2515.61,2519.67,2403.28,2427.79,92789,213,0
2024-09-02,2427.43,2565.2,2425.01,2540.69,95122,185,0
2024-09-03,2540.31,2556.2,2413.89,2427.78,92884,182,0
2024-09-04,2427.55,2491.2,2312.39,2453.07,101004,179,0
2024-09-05,2452.65,2468.77,2349.08,2369.88,92547,186,0
2024-09-06,2369.56,2409.16,2152.95,2224.84,113363,185,0
2024-09-07,2224.85,2311.58,2222.57,2273.61,91944,173,0
2024-09-08,2273.91,2332.63,2241.42,2298.52,91867,169,0
2024-09-09,2298.21,2380.71,2274.54,2361.03,102167,189,0
2024-09-10,2360.69,2400.43,2321.27,2390.14,92942,178,0
2024-09-11,2390.06,2390.96,2278.03,2341.52,98744,174,0
2024-09-12,2341.28,2391.62,2316.42,2362.99,93502,177,0
2024-09-13,2362.91,2464.97,2338.77,2443.5,91165,180,0
2024-09-14,2443.43,2444.57,2382.48,2420.81,79355,166,0
2024-09-15,2420.88,2433.73,2286.88,2318.38,82462,152,0
2024-09-16,2318.33,2335.89,2253.52,2296.9,97165,187,0
2024-09-17,2296.92,2393.52,2263.55,2344.48,92126,180,0
2024-09-18,2344.2,2376.35,2278.21,2374.2,95835,173,0
2024-09-19,2374.36,2495.45,2373.97,2467.18,94576,197,0
2024-09-20,2466.85,2573.52,2440.3,2560.18,92504,208,0
2024-09-21,2559.84,2620.23,2529.35,2609.59,82225,190,0
2024-09-22,2609.05,2630.14,2526.79,2579.39,88243,227,0
2024-09-23,2579.33,2705.02,2541.23,2649.63,98190,214,0
2024-09-24,2649.35,2671.58,2592.27,2653.56,94956,239,0
2024-09-25,2653.71,2673.97,2555.77,2580.15,91827,242,0
2024-09-26,2580.28,2667.34,2560.43,2633.89,92629,231,0
2024-09-27,2633.95,2728.3,2616.65,2697.8,90111,242,0
2024-09-28,2697.46,2706.11,2653.02,2677.08,83756,259,0
2024-09-29,2676.46,2683.55,2637.25,2658.44,83559,263,0
2024-09-30,2658.44,2663.44,2576.57,2603.44,94183,240,0
2024-10-01,2603.15,2658.34,2415.75,2448.52,106704,219,0
2024-10-02,2448.21,2499.97,2353.42,2365.66,106658,227,0
2024-10-03,2365.35,2405.28,2310.82,2349.87,107026,227,0
2024-10-04,2349.68,2442.44,2339.0,2416.58,96592,236,0
2024-10-05,2416.63,2430.63,2390.44,2414.73,82620,244,0
2024-10-06,2414.91,2457.28,2405.86,2440.13,81995,251,0
2024-10-07,2440.15,2520.1,2403.84,2421.66,94706,238,0
2024-10-08,2421.27,2464.61,2401.0,2439.46,90222,222,0
2024-10-09,2439.13,2472.11,2351.32,2369.35,91087,204,0
2024-10-10,2369.35,2418.38,2330.28,2383.69,93395,204,0
2024-10-11,2383.8,2471.29,2379.35,2440.14,88286,213,0
2024-10-12,2439.87,2490.94,2433.73,2476.45,78206,229,0
2024-10-13,2476.46,2486.54,2439.36,2469.45,80774,227,0
2024-10-14,2469.16,2652.81,2445.04,2629.25,92055,221,0
2024-10-15,2628.9,2683.82,2538.06,2607.34,101075,220,0
2024-10-16,2606.98,2644.21,2589.75,2612.29,91667,272,0
2024-10-17,2612.26,2646.86,2576.54,2604.69,90177,248,0
2024-10-18,2604.6,2671.82,2596.43,2641.13,89329,240,0
2024-10-19,2641.14,2659.68,2630.43,2647.64,76600,289,0
2024-10-20,2647.7,2754.73,2635.12,2742.97,80256,276,0
2024-10-21,2743.06,2764.46,2654.2,2665.98,86027,314,0
2024-10-22,2665.62,2671.05,2603.63,2621.87,87745,284,0
2024-10-23,2622.17,2626.48,2447.56,2522.46,90545,252,0
2024-10-24,2522.03,2559.11,2503.88,2534.12,85913,262,0
2024-10-25,2533.67,2563.39,2380.09,2437.19,89887,282,0
2024-10-26,2437.12,2504.05,2425.68,2480.29,85800,241,0
2024-10-27,2480.02,2525.07,2462.29,2507.35,81348,261,0
2024-10-28,2507.06,2587.41,2471.01,2567.51,92976,249,0
2024-10-29,2567.2,2678.64,2560.75,2637.28,92580,280,0
2024-10-30,2636.98,2717.26,2601.01,2658.62,87473,305,0
2024-10-31,2658.59,2668.26,2502.3,2518.16,91456,265,0
2024-11-01,2517.82,2584.66,2466.99,2510.91,97126,248,0
2024-11-02,2510.63,2523.52,2469.68,2494.43,82135,278,0
2024-11-03,2494.46,2496.27,2410.89,2456.87,94052,285,0
2024-11-04,2456.97,2489.7,2357.41,2397.01,96568,243,0
2024-11-05,2396.71,2478.61,2380.03,2423.88,94787,249,0
2024-11-06,2423.59,2740.18,2420.57,2722.47,106217,306,0
2024-11-07,2722.75,2914.44,2700.52,2893.54,103423,403,0
2024-11-08,2893.8,2978.67,2887.59,2957.86,98712,438,0
2024-11-09,2958.04,3151.22,2950.4,3123.6,92878,447,0
2024-11-10,3122.98,3242.43,3068.76,3180.59,103186,507,0
2024-11-11,3180.65,3384.61,3104.02,3369.47,118227,505,0
2024-11-12,3369.72,3440.18,3207.2,3242.11,149286,555,0
2024-11-13,3242.55,3334.29,3116.98,3187.53,128953,504,0
2024-11-14,3187.56,3237.33,3028.01,3056.73,118231,380,0
2024-11-15,3056.84,3130.15,3010.6,3088.52,110906,298,0
2024-11-16,3088.38,3215.26,3070.57,3131.66,97677,478,0
2024-11-17,3131.94,3159.29,3033.79,3075.69,105110,492,0
2024-11-18,3075.21,3220.17,3050.46,3204.91,102028,486,0
2024-11-19,3204.64,3217.56,3065.48,3106.93,99623,497,0
2024-11-20,3106.79,3156.9,3028.49,3071.18,101345,471,0
2024-11-21,3070.89,3385.13,3032.68,3358.86,110445,486,0
2024-11-22,3358.54,3424.13,3259.23,3324.15,105906,528,0
2024-11-23,3324.43,3495.14,3307.74,3391.16,99153,544,0
2024-11-24,3391.57,3446.22,3282.49,3358.86,94263,569,0
2024-11-25,3359.05,3541.31,3297.99,3414.87,109698,569,0
2024-11-26,3414.4,3461.05,3252.52,3321.37,112351,579,0
2024-11-27,3321.46,3683.81,3300.76,3652.9,105225,579,0
2024-11-28,3652.38,3661.1,3529.88,3577.4,107159,554,0
2024-11-29,3576.93,3646.83,3536.23,3592.27,108493,406,0
2024-11-30,3592.27,3739.21,3567.03,3704.06,125419,392,0
2024-12-01,3704.06,3747.54,3659.2,3707.8,111702,393,0
2024-12-02,3707.8,3762.18,3556.64,3640.81,198468,391,0
2024-12-03,3640.81,3668.55,3501.64,3613.82,171101,250,0
2024-12-04,3613.82,3894.99,3613.82,3844.11,215726,252,0
2024-12-05,3844.11,3957.78,3623.85,3785.89,248698,253,0
2024-12-06,3785.89,4091.87,3778.25,4000.53,185471,255,0
2024-12-07,4000.53,4026.3,3968.47,3997.19,86446,259,0
2024-12-08,3997.19,4012.46,3923.3,3999.72,86974,258,0
2024-12-09,3946.22,3956.5,3480.14,3712.14,231424,180,0
2024-12-10,3712.14,3779.75,3516.87,3628.39,299429,186,0
2024-12-11,3628.39,3847.75,3563.96,3831.71,172804,186,0
2024-12-12,3831.71,3987.71,3795.64,3880.76,183643,187,0
2024-12-13,3880.76,3968.86,3852.58,3904.96,138452,187,0
2024-12-14,3904.96,3944.21,3820.79,3867.63,103285,187,0
2024-12-15,3867.64,3971.28,3828.1,3956.27,106755,187,0
2024-12-16,3956.27,4108.2,3877.99,3981.87,181306,187,0
2024-12-17,3981.87,4035.71,3843.73,3889.76,163607,187,0
2024-12-18,3889.76,3905.69,3612.33,3622.39,224743,186,0
2024-12-19,3622.39,3716.92,3321.21,3413.66,308790,186,0
2024-12-20,3413.66,3497.47,3098.24,3471.56,411618,185,0
2024-12-21,3471.56,3553.03,3291.19,3337.61,241507,180,0
2024-12-22,3337.64,3402.25,3219.51,3279.95,220799,180,0
2024-12-23,3279.95,3465.35,3214.42,3421.29,266824,180,0
2024-12-24,3421.29,3540.4,3355.27,3493.24,162405,180,0
2024-12-25,3493.24,3547.16,3440.2,3495.5,139214,180,0
2024-12-26,3495.5,3514.25,3301.5,3332.7,169300,180,0
2024-12-27,3332.7,3442.77,3305.38,3331.21,183850,180,0
2024-12-28,3331.09,3427.56,3319.69,3403.32,107273,180,0
2024-12-29,3402.97,3413.14,3323.0,3354.04,96819,180,0
2024-12-30,3354.04,3434.07,3298.13,3359.13,173779,180,0
2024-12-31,3359.13,3450.25,3313.22,3334.97,143194,180,0
2025-01-01,3334.98,3371.73,3311.1,3356.76,92010,180,0
2025-01-02,3356.76,3509.54,3351.01,3454.58,140515,180,0
2025-01-03,3454.58,3631.33,3421.68,3608.08,127595,180,0
2025-01-04,3608.08,3669.82,3571.69,3656.65,102856,180,0
2025-01-05,3656.65,3674.96,3592.49,3634.75,83082,180,0
2025-01-06,3634.75,3744.77,3609.84,3688.41,138421,180,0
2025-01-07,3688.41,3702.51,3353.81,3380.01,165105,180,0
2025-01-08,3380.01,3414.92,3206.9,3327.01,228541,180,0
2025-01-09,3327.01,3356.61,3157.9,3222.12,206391,180,0
2025-01-10,3222.29,3323.52,3196.97,3269.19,194747,180,0
2025-01-11,3269.19,3321.4,3219.43,3284.74,92586,180,0
2025-01-12,3284.74,3300.39,3224.56,3267.18,85192,180,0
2025-01-13,3267.18,3339.58,2911.02,3139.46,287832,180,0
2025-01-14,3139.46,3258.7,3127.07,3226.55,171130,180,0
2025-01-15,3226.55,3471.57,3187.44,3449.4,176519,180,0
2025-01-16,3449.4,3458.39,3263.93,3306.38,178197,180,0
2025-01-17,3306.38,3522.94,3306.11,3472.67,158729,180,0
2025-01-18,3472.67,3493.51,3223.47,3303.67,221456,180,0
2025-01-19,3303.67,3446.48,3123.83,3210.32,348439,180,0
2025-01-20,3210.37,3450.56,3138.69,3280.09,459426,180,0
2025-01-21,3280.09,3367.8,3199.35,3327.39,271066,180,0
2025-01-22,3327.4,3365.7,3219.64,3240.01,147130,180,0
2025-01-23,3240.01,3349.28,3178.2,3338.93,223534,180,0
2025-01-24,3338.93,3429.42,3272.4,3308.4,180636,180,0
2025-01-25,3308.4,3350.0,3265.67,3317.57,110272,180,0
2025-01-26,3317.57,3360.76,3226.15,3230.2,89646,180,0
2025-01-27,3229.99,3252.14,3019.54,3182.84,306346,180,0
2025-01-28,3183.04,3224.8,3038.02,3074.91,176926,180,0
2025-01-29,3074.91,3179.83,3052.7,3113.4,200526,180,0
2025-01-30,3113.4,3283.92,3089.57,3246.24,153983,180,0
2025-01-31,3246.24,3436.25,3211.43,3300.01,195641,180,0
2025-02-01,3300.02,3332.02,3099.71,3115.32,167541,180,0
2025-02-02,3115.32,3161.59,2742.71,2866.45,336725,180,0
2025-02-03,2866.45,2921.04,2088.84,2880.71,627948,180,0
2025-02-04,2880.71,2890.1,2630.48,2729.91,427348,180,0
2025-02-05,2730.13,2829.38,2698.01,2787.95,308485,180,0
2025-02-06,2787.95,2859.97,2653.83,2685.53,272622,180,0
2025-02-07,2685.53,2798.32,2562.06,2621.27,277956,180,0
2025-02-08,2621.27,2666.84,2587.01,2631.11,166645,180,0
2025-02-09,2631.11,2698.29,2520.69,2626.76,162159,180,0
2025-02-10,2626.83,2694.18,2559.25,2660.65,192234,180,0
2025-02-11,2660.65,2725.13,2558.26,2602.78,186835,180,0
2025-02-12,2602.78,2796.05,2546.45,2738.93,223892,180,0
2025-02-13,2738.93,2757.63,2612.51,2675.68,188334,180,0
2025-02-14,2675.68,2790.74,2664.01,2724.82,159701,180,0
2025-02-15,2724.97,2738.33,2659.53,2691.91,107680,180,0
2025-02-16,2691.91,2725.55,2649.55,2660.97,98512,180,0
2025-02-17,2660.97,2850.53,2636.25,2744.36,204900,180,0
2025-02-18,2744.36,2757.07,2605.26,2672.02,224065,180,0
2025-02-19,2672.02,2738.12,2656.42,2717.07,150776,180,0
2025-02-20,2717.07,2771.99,2708.28,2739.32,127997,180,0
2025-02-21,2739.32,2846.1,2614.85,2663.16,227205,180,0
2025-02-22,2663.16,2799.03,2653.05,2764.13,141983,180,0
2025-02-23,2764.13,2860.64,2745.77,2819.89,150723,180,0
2025-02-24,2819.89,2840.23,2470.29,2514.79,263846,180,0
2025-02-25,2514.79,2531.9,2317.24,2493.76,443488,180,0
2025-02-26,2493.73,2505.64,2252.89,2335.39,305189,180,0
2025-02-27,2335.39,2381.82,2228.62,2306.59,289039,180,0
2025-02-28,2306.59,2313.67,2075.43,2236.4,480213,180,0
2025-03-01,2236.46,2280.92,2143.58,2218.19,230897,180,0
2025-03-02,2218.48,2551.79,2174.24,2518.28,342362,180,0
2025-03-03,2518.28,2524.53,2096.72,2150.83,403918,180,0
2025-03-04,2150.84,2222.44,1990.76,2171.49,484562,180,0
2025-03-05,2171.49,2274.69,2155.47,2242.71,279983,180,0
2025-03-06,2242.71,2322.57,2177.2,2203.91,256860,180,0
2025-03-07,2203.91,2260.29,2103.22,2142.7,331133,180,0
2025-03-08,2142.7,2236.7,2104.92,2205.23,166991,180,0
2025-03-09,2205.23,2213.87,1990.79,2023.16,237719,180,0
2025-03-10,2023.17,2154.27,1810.27,1866.78,410996,180,0
2025-03-11,1866.84,1964.93,1755.49,1924.5,413850,180,0
2025-03-12,1924.49,1957.46,1830.61,1909.03,315651,180,0
2025-03-13,1909.03,1922.7,1822.68,1865.08,238469,180,0
2025-03-14,1865.08,1948.12,1861.4,1913.64,153387,180,0
2025-03-15,1913.64,1960.19,1905.07,1939.63,90761,180,0
2025-03-16,1939.63,1943.03,1860.13,1887.9,133881,180,0
2025-03-17,1887.9,1953.96,1880.2,1928.33,137126,180,0
2025-03-18,1928.33,1937.56,1872.85,1932.25,130411,180,0
2025-03-19,1932.25,2071.66,1929.09,2057.87,191344,180,0
2025-03-20,2057.87,2069.61,1952.28,1984.56,138734,180,0
2025-03-21,1984.56,1997.04,1936.82,1966.51,116905,180,0
2025-03-22,1966.56,2007.18,1965.19,1982.15,78391,180,0
2025-03-23,1982.15,2022.07,1978.27,2007.15,76062,180,0
2025-03-24,2007.15,2104.29,1978.86,2081.42,122073,180,0
2025-03-25,2081.42,2098.28,2036.82,2066.7,109572,180,0
2025-03-26,2066.7,2079.32,1983.03,2010.94,106485,180,0
2025-03-27,2010.94,2038.54,1987.11,2004.17,95571,180,0
2025-03-28,2004.17,2016.78,1861.34,1897.56,143830,180,0
2025-03-29,1897.56,1914.79,1796.88,1827.49,134557,180,0
2025-03-30,1827.75,1849.31,1766.91,1808.03,123195,180,0
2025-03-31,1808.03,1854.48,1776.91,1822.12,169588,180,0
2025-04-01,1822.12,1928.07,1817.43,1905.78,138183,180,0
2025-04-02,1905.78,1956.86,1779.7,1793.41,203398,180,0
2025-04-03,1793.37,1844.29,1746.59,1815.47,182760,180,0
2025-04-04,1815.54,1833.59,1757.02,1815.39,214313,180,0
2025-04-05,1815.39,1826.12,1762.83,1805.43,74378,180,0
2025-04-06,1805.57,1816.92,1534.39,1578.94,225140,180,0
2025-04-07,1578.94,1636.99,1408.94,1551.09,505785,180,0
2025-04-08,1551.09,1617.1,1442.86,1471.97,285308,180,0
2025-04-09,1471.97,1688.1,1382.9,1668.3,392936,180,0
2025-04-10,1668.3,1668.81,1470.88,1519.35,258328,180,0
2025-04-11,1519.35,1589.18,1501.93,1563.85,193119,180,0
2025-04-12,1563.85,1668.38,1543.37,1642.48,162236,180,0
2025-04-13,1642.26,1648.39,1559.56,1596.68,196509,180,0
2025-04-14,1596.68,1690.08,1594.59,1622.8,204360,180,0
2025-04-15,1622.8,1660.39,1582.19,1587.7,160376,180,0
2025-04-16,1587.7,1614.1,1537.34,1575.82,185217,180,0
2025-04-17,1575.82,1615.4,1560.54,1581.76,123605,180,0
2025-04-18,1581.76,1598.78,1571.35,1587.08,70740,180,0
2025-04-19,1587.08,1630.34,1583.11,1610.33,63829,180,0
2025-04-20,1610.12,1616.83,1563.38,1584.67,67210,180,0
2025-04-21,1584.69,1655.94,1560.02,1578.12,135907,180,0
2025-04-22,1578.14,1778.08,1535.58,1755.03,189522,180,0
2025-04-23,1755.03,1835.78,1743.92,1794.39,199998,180,0
2025-04-24,1794.39,1802.38,1721.03,1768.93,129777,180,0
2025-04-25,1768.93,1826.91,1737.53,1785.32,142254,180,0
2025-04-26,1785.32,1840.94,1778.38,1820.65,111070,180,0
2025-04-27,1820.66,1858.36,1781.35,1789.99,102310,180,0
2025-04-28,1790.0,1826.96,1744.31,1798.95,131804,180,0
2025-04-29,1798.98,1843.0,1779.94,1797.53,118422,180,0
2025-04-30,1797.53,1816.41,1731.93,1793.78,122742,180,0
2025-05-01,1793.78,1872.94,1792.66,1837.45,108115,180,0
2025-05-02,1837.45,1870.79,1811.57,1841.67,95115,180,0
2025-05-03,1841.67,1849.23,1808.64,1834.07,67276,180,0
2025-05-04,1834.07,1850.5,1802.87,1809.74,74746,180,0
2025-05-05,1809.74,1833.83,1781.63,1820.25,94685,180,0
2025-05-06,1820.25,1821.06,1751.83,1816.2,104962,180,0
2025-05-07,1816.2,1851.2,1785.81,1810.61,107780,180,0
2025-05-08,1810.61,2225.12,1807.7,2205.09,242316,180,0
2025-05-09,2205.09,2488.49,2181.97,2343.24,329721,180,0
2025-05-10,2343.24,2599.24,2313.43,2580.86,291875,180,0
2025-05-11,2579.9,2605.7,2434.76,2512.41,267195,180,0
2025-05-12,2512.41,2622.41,2407.0,2494.64,289938,180,0
2025-05-13,2494.64,2739.78,2415.31,2679.82,263366,180,0
2025-05-14,2679.82,2724.16,2546.97,2609.4,221262,180,0
2025-05-15,2609.4,2646.06,2477.37,2548.02,250511,180,0
2025-05-16,2548.02,2648.67,2527.89,2536.62,180634,180,0
2025-05-17,2536.62,2537.6,2443.94,2474.73,175411,180,0
2025-05-18,2474.75,2586.86,2317.58,2498.18,217320,180,0
2025-05-19,2498.19,2547.1,2348.22,2526.93,257380,180,0
2025-05-20,2526.99,2587.85,2442.0,2522.93,199796,180,0
2025-05-21,2522.92,2616.68,2453.1,2552.76,258341,180,0
2025-05-22,2552.76,2692.96,2546.23,2663.86,231586,180,0
2025-05-23,2663.86,2732.21,2496.56,2524.64,246254,180,0
2025-05-24,2524.57,2573.85,2513.37,2527.62,127246,180,0
2025-05-25,2528.0,2552.87,2460.17,2549.61,142918,180,0
2025-05-26,2549.61,2597.32,2524.01,2562.52,114000,180,0
2025-05-27,2562.52,2711.53,2508.8,2658.81,169022,180,0
2025-05-28,2658.81,2688.32,2606.79,2681.66,140474,180,0
2025-05-29,2681.66,2788.96,2615.67,2629.17,176502,180,0
2025-05-30,2629.17,2647.01,2505.66,2529.65,208307,180,0
2025-05-31,2529.65,2550.71,2474.26,2528.11,148277,180,0
2025-06-01,2528.11,2547.34,2468.24,2538.38,120633,180,0
2025-06-02,2538.38,2615.36,2473.83,2607.26,150643,180,0
2025-06-03,2607.26,2655.69,2570.28,2592.97,133913,180,0
2025-06-04,2592.97,2679.67,2583.09,2605.89,122150,180,0
2025-06-05,2605.89,2640.12,2392.55,2415.97,188268,180,0
2025-06-06,2415.97,2532.36,2384.93,2477.59,144934,180,0
2025-06-07,2477.59,2545.74,2458.72,2525.44,97608,180,0
2025-06-08,2525.24,2549.94,2491.04,2510.05,76910,180,0
2025-06-09,2510.05,2694.48,2478.16,2680.6,120912,180,0
2025-06-10,2680.6,2824.93,2655.25,2814.21,196394,180,0
2025-06-11,2814.18,2877.95,2742.64,2769.68,203630,180,0
2025-06-12,2769.68,2783.86,2615.37,2641.8,182679,180,0
2025-06-13,2641.8,2644.83,2438.34,2579.76,257134,180,0
2025-06-14,2579.76,2579.87,2489.13,2532.44,116660,180,0
2025-06-15,2532.44,2561.71,2493.64,2550.07,110917,180,0
2025-06-16,2550.07,2682.03,2516.11,2545.77,159472,180,0
2025-06-17,2545.77,2618.94,2452.58,2510.16,188034,180,0
2025-06-18,2510.16,2548.44,2466.17,2525.26,164081,180,0
2025-06-19,2525.26,2548.04,2484.63,2520.52,88830,180,0
2025-06-20,2520.52,2569.2,2365.69,2408.03,147045,180,0
2025-06-21,2408.03,2449.23,2217.18,2296.08,143239,180,0
2025-06-22,2296.32,2314.97,2112.71,2229.0,294615,180,0
2025-06-23,2229.0,2441.29,2189.05,2413.11,239860,180,0
2025-06-24,2413.11,2482.99,2378.0,2449.39,164161,180,0
2025-06-25,2449.39,2470.37,2389.92,2419.42,140987,180,0
2025-06-26,2419.42,2521.67,2393.65,2415.29,143659,180,0
2025-06-27,2415.08,2464.17,2379.0,2423.98,113126,180,0
2025-06-28,2423.98,2449.2,2407.03,2437.13,56320,180,0
2025-06-29,2437.13,2525.29,2411.54,2500.33,75457,180,0
2025-06-30,2500.33,2525.12,2434.78,2487.09,112154,180,0
2025-07-01,2487.09,2502.4,2385.88,2406.25,101212,180,0
2025-07-02,2406.25,2619.28,2373.65,2571.11,122881,180,0
2025-07-03,2571.11,2636.9,2556.21,2591.47,113964,180,0
2025-07-04,2591.47,2603.54,2475.11,2508.6,99234,180,0
2025-07-05,2508.6,2530.1,2489.37,2517.33,69508,180,0
2025-07-06,2517.33,2605.57,2505.33,2570.09,82534,180,0
2025-07-07,2570.09,2590.83,2511.95,2542.03,96197,180,0
2025-07-08,2542.13,2627.98,2523.49,2614.9,89222,180,0
2025-07-09,2614.9,2795.93,2589.34,2768.23,124471,180,0
2025-07-10,2768.23,3005.38,2754.66,2949.25,147805,180,0
2025-07-11,2949.25,3039.08,2912.31,2955.58,192318,180,0
2025-07-12,2955.58,2977.82,2901.71,2941.59,111369,180,0
2025-07-13,2941.59,3018.11,2934.07,2969.76,107676,180,0
2025-07-14,2969.76,3081.95,2960.24,3013.39,174877,180,0
2025-07-15,3013.39,3145.47,2930.17,3139.49,215494,180,0
2025-07-16,3139.49,3425.37,3099.71,3370.83,212790,180,0
2025-07-17,3370.83,3525.09,3311.32,3477.74,250407,180,0
2025-07-18,3477.74,3675.76,3458.85,3548.65,289280,180,0
2025-07-19,3548.65,3612.25,3508.52,3592.63,161817,180,0
2025-07-20,3592.63,3823.2,3579.32,3757.29,219552,180,0
2025-07-21,3757.29,3860.43,3701.95,3762.49,218205,180,0
2025-07-22,3762.49,3801.38,3618.1,3747.29,229295,180,0
2025-07-23,3747.29,3765.59,3526.34,3628.93,186770,180,0
2025-07-24,3628.93,3774.74,3505.48,3709.64,208606,180,0
2025-07-25,3709.79,3747.88,3572.79,3725.75,230224,180,0
2025-07-26,3725.75,3796.5,3700.23,3743.89,109974,180,0
2025-07-27,3743.89,3880.46,3732.34,3873.53,142894,180,0
2025-07-28,3873.53,3940.1,3753.98,3798.51,181112,180,0
2025-07-29,3798.51,3886.39,3714.46,3793.31,183690,180,0
2025-07-30,3793.31,3834.65,3676.29,3811.47,190921,180,0
2025-07-31,3811.47,3880.38,3683.88,3698.01,157901,180,0
2025-08-01,3698.01,3725.75,3431.32,3487.82,290044,180,0
2025-08-02,3487.82,3540.09,3368.55,3395.2,219254,180,0
2025-08-03,3395.2,3525.28,3355.22,3499.82,150904,180,0
2025-08-04,3499.82,3738.85,3493.67,3723.92,170825,180,0
2025-08-05,3723.92,3724.59,3545.37,3611.17,186748,180,0
2025-08-06,3611.17,3699.74,3563.58,3683.57,154379,180,0
2025-08-07,3683.57,3928.63,3647.17,3910.68,155585,180,0
2025-08-08,3910.66,4071.01,3877.88,4010.05,178288,180,0
2025-08-09,4010.05,4326.84,4005.35,4260.29,198611,180,0
2025-08-10,4260.29,4333.49,4159.84,4249.68,197924,180,0
2025-08-11,4249.68,4367.36,4163.26,4222.14,242454,180,0
2025-08-12,4222.14,4640.44,4217.33,4588.77,212165,180,0
2025-08-13,4588.77,4785.89,4562.35,4748.67,231743,180,0
2025-08-14,4748.67,4793.43,4454.53,4547.97,270426,180,0
2025-08-15,4547.97,4675.52,4369.17,4441.84,238192,180,0
2025-08-16,4441.84,4492.56,4374.47,4423.84,150167,180,0
2025-08-17,4424.14,4578.02,4396.9,4472.8,154356,180,0
2025-08-18,4472.8,4482.04,4227.74,4314.96,244895,180,0
2025-08-19,4314.96,4357.16,4068.14,4077.43,246595,180,0
2025-08-20,4077.43,4382.18,4063.04,4340.01,250800,180,0
2025-08-21,4340.01,4343.19,4204.59,4226.0,205545,180,0
2025-08-22,4226.0,4888.75,4208.14,4828.11,275218,180,0
2025-08-23,4828.59,4828.75,4660.05,4776.8,167325,180,0
2025-08-24,4776.8,4958.84,4707.46,4780.45,207949,180,0
2025-08-25,4780.45,4798.23,4334.8,4379.53,290220,180,0
2025-08-26,4379.53,4636.9,4314.07,4604.36,255282,180,0
2025-08-27,4604.36,4666.62,4481.57,4506.3,221316,180,0
2025-08-28,4506.3,4635.76,4426.71,4512.01,183865,180,0
2025-08-29,4512.01,4517.59,4269.07,4362.24,225830,180,0
2025-08-30,4362.24,4417.0,4257.63,4374.98,139935,180,0
2025-08-31,4374.98,4500.27,4373.25,4394.18,136821,180,0
2025-09-01,4394.18,4492.13,4209.68,4313.74,202847,180,0
2025-09-02,4313.74,4419.26,4258.14,4327.89,207553,180,0
2025-09-03,4327.88,4491.16,4284.58,4451.84,151325,180,0
2025-09-04,4451.84,4484.46,4266.3,4299.24,158716,180,0
2025-09-05,4299.24,4495.83,4254.92,4307.18,178855,180,0
2025-09-06,4307.18,4326.55,4231.36,4272.9,89975,180,0
2025-09-07,4273.27,4336.79,4268.57,4304.93,78686,180,0
2025-09-08,4304.93,4382.85,4277.85,4304.78,121409,180,0
2025-09-09,4304.78,4380.13,4275.97,4309.24,114167,180,0
2025-09-10,4309.24,4451.78,4285.17,4351.03,123056,180,0
2025-09-11,4351.03,4480.83,4339.68,4455.93,129489,180,0
2025-09-12,4455.93,4749.93,4447.28,4709.26,140341,180,0
2025-09-13,4709.26,4765.5,4604.26,4666.67,116911,180,0
2025-09-14,4667.17,4692.48,4574.65,4605.06,107475,180,0
2025-09-15,4605.06,4673.28,4464.91,4522.94,143690,180,0
2025-09-16,4522.94,4537.26,4423.22,4501.7,112730,180,0
2025-09-17,4501.7,4617.42,4407.14,4589.32,147410,180,0
2025-09-18,4589.32,4644.48,4552.18,4585.82,103714,180,0
2025-09-19,4585.82,4621.16,4438.27,4472.03,98340,180,0
2025-09-20,4472.03,4511.78,4456.94,4482.77,60548,180,0
2025-09-21,4482.77,4500.71,4443.75,4447.27,59305,140,0
2025-09-22,4447.27,4457.7,4043.14,4201.85,205665,140,0
2025-09-23,4201.85,4232.1,4116.71,4165.06,158606,140,0
2025-09-24,4165.06,4207.59,4074.41,4153.45,126634,140,0
2025-09-25,4153.45,4162.32,3823.91,3875.66,277826,140,0
2025-09-26,3875.66,4070.55,3868.94,4034.0,219135,140,0
2025-09-27,4034.0,4041.83,3974.22,4019.96,103434,140,0
2025-09-28,4020.15,4146.29,3966.38,4142.62,117416,140,0
2025-09-29,4142.62,4238.44,4083.21,4217.38,141727,140,0
2025-09-30,4217.38,4247.48,4092.53,4145.68,154389,140,0
2025-10-01,4145.68,4358.47,4123.39,4350.37,158538,140,0
2025-10-02,4350.39,4521.04,4334.24,4486.88,167413,140,0
2025-10-03,4486.88,4595.85,4430.23,4515.64,177174,140,0
2025-10-04,4515.64,4520.95,4442.13,4488.92,74937,140,0
2025-10-05,4488.93,4620.41,4468.96,4514.77,88672,140,0
2025-10-06,4514.77,4739.19,4488.82,4685.47,103053,140,0
2025-10-07,4685.47,4759.05,4429.55,4449.19,111637,140,0
2025-10-08,4449.66,4559.53,4412.88,4526.86,90734,140,0
2025-10-09,4526.86,4532.48,4266.16,4369.9,97794,140,0
2025-10-10,4370.0,4395.89,3432.79,3831.08,337081,140,0
2025-10-11,3831.09,3884.17,3645.54,3749.83,211113,140,0
2025-10-12,3750.31,4200.79,3697.81,4155.12,181254,140,0
2025-10-13,4155.09,4296.42,4045.48,4244.28,161453,140,0
2025-10-14,4244.31,4266.9,3891.25,4126.25,209945,140,0
2025-10-15,4126.12,4217.98,3927.93,3986.97,150519,140,0
2025-10-16,3986.94,4090.07,3825.72,3894.36,171787,140,0
2025-10-17,3894.35,3950.76,3673.95,3832.47,183745,140,0
2025-10-18,3832.5,3928.54,3819.95,3889.6,61131,140,0
2025-10-19,3889.57,4032.86,3820.8,3983.64,80280,140,0
2025-10-20,3983.43,4085.92,3909.54,3979.83,100863,140,0
2025-10-21,3979.82,4111.88,3840.65,3874.73,130454,140,0
2025-10-22,3874.72,3890.88,3709.8,3805.62,131207,140,0
2025-10-23,3805.81,3935.25,3796.4,3857.64,84701,140,0
2025-10-24,3857.79,4027.58,3846.66,3935.38,83127,140,0
2025-10-25,3935.37,3966.43,3912.24,3954.28,33058,140,0
2025-10-26,3954.24,4179.13,3917.17,4158.04,62672,140,0
2025-10-27,4158.21,4253.18,4094.28,4119.68,93610,140,0
2025-10-28,4119.67,4175.61,3929.5,3979.42,98100,140,0
2025-10-29,3979.13,4037.01,3838.11,3903.02,112643,140,0
2025-10-30,3903.03,3948.78,3677.65,3803.46,127806,140,0
2025-10-31,3803.65,3903.81,3795.03,3846.17,89647,140,0
2025-11-01,3846.14,3907.09,3828.13,3871.63,37425,140,0
2025-11-02,3871.63,3916.64,3837.65,3905.06,46058,140,0
2025-11-03,3905.1,3913.77,3556.15,3602.42,137687,140,0
2025-11-04,3602.34,3653.97,3054.87,3285.33,232263,140,0
2025-11-05,3285.46,3480.16,3165.58,3424.07,148870,140,0
2025-11-06,3423.93,3455.76,3243.39,3313.07,128347,140,0
2025-11-07,3313.23,3472.2,3191.19,3433.63,150524,140,0
2025-11-08,3433.58,3488.44,3354.2,3400.42,78525,140,0
2025-11-09,3400.6,3622.77,3356.62,3581.76,82302,140,0
2025-11-10,3581.67,3658.6,3505.49,3566.01,101842,140,0
2025-11-11,3566.04,3646.91,3403.14,3415.98,118901,140,0
2025-11-12,3416.21,3587.43,3370.64,3413.89,121107,140,0
2025-11-13,3413.89,3564.95,3150.89,3228.85,179840,140,0
2025-11-14,3228.86,3254.73,3067.0,3109.78,237571,140,0
2025-11-15,3109.67,3228.32,3107.66,3165.64,76402,140,0
2025-11-16,3165.64,3246.91,2999.73,3092.21,128898,140,0
2025-11-17,3091.92,3220.13,2955.32,3027.72,174269,140,0
2025-11-18,3027.6,3168.46,2941.1,3121.36,170549,140,0
2025-11-19,3121.34,3123.46,2869.76,3022.47,156871,140,0
2025-11-20,3022.72,3060.93,2785.8,2830.1,160020,140,0
2025-11-21,2830.02,2882.53,2617.18,2763.33,244363,140,0
2025-11-22,2763.51,2796.84,2701.61,2768.21,83260,140,0
2025-11-23,2768.21,2856.43,2766.22,2800.73,81817,140,0
2025-11-24,2800.71,2987.05,2760.82,2952.22,122433,140,0
2025-11-25,2952.1,2978.54,2854.91,2957.73,100223,140,0
2025-11-26,2957.72,3044.33,2886.66,3026.05,86417,140,0
2025-11-27,3026.03,3070.65,2984.81,3014.43,61194,140,0
2025-11-28,3014.32,3098.81,2992.6,3031.58,75942,140,0
2025-11-29,3031.57,3053.19,2962.6,2989.7,45021,140,0
2025-11-30,2989.69,3053.15,2975.55,2991.5,46233,140,0
2025-12-01,2991.33,2999.69,2718.42,2797.78,124964,140,0
2025-12-02,2797.83,3034.23,2781.02,2996.19,101767,140,0
2025-12-03,2996.27,3216.74,2985.27,3188.5,111252,140,0
2025-12-04,3188.53,3240.31,3066.71,3133.21,99692,140,0
2025-12-05,3133.21,3193.5,2980.17,3022.11,107515,140,0
2025-12-06,3022.39,3069.46,3012.57,3038.1,47210,140,0
2025-12-07,3038.11,3150.89,2906.38,3059.54,84998,140,0
2025-12-08,3059.57,3179.96,3040.05,3124.43,104226,140,0
2025-12-09,3124.56,3397.71,3090.26,3318.21,113214,140,0
2025-12-10,3318.1,3447.43,3288.11,3324.49,125204,140,0
2025-12-11,3324.55,3327.92,3144.54,3237.62,116234,140,0
2025-12-12,3237.62,3266.69,3042.47,3084.45,101575,140,0
2025-12-13,3084.62,3135.81,3078.1,3114.23,38198,140,0
2025-12-14,3114.04,3130.11,3024.15,3063.47,62890,140,0
2025-12-15,3063.03,3177.67,2893.45,2963.52,122451,140,0
2025-12-16,2963.64,2982.18,2874.57,2961.46,111907,140,0
2025-12-17,2961.36,3029.15,2789.11,2832.13,118349,140,0
2025-12-18,2832.14,2996.34,2773.11,2826.27,129332,140,0
2025-12-19,2826.27,3016.98,2806.12,2977.44,114332,140,0
2025-12-20,2977.44,2992.45,2964.77,2975.99,27921,140,0
2025-12-21,2975.99,3011.71,2943.13,3000.62,46185,140,0
2025-12-22,3000.62,3076.37,2961.35,3007.56,95848,140,0
2025-12-23,3007.56,3034.04,2899.18,2962.38,77141,140,0
2025-12-24,2962.53,2975.76,2886.41,2945.09,57197,140,0
2025-12-25,2945.07,2969.23,2888.39,2901.45,39255,140,0
2025-12-26,2901.2,2992.18,2891.82,2925.38,63800,140,0
2025-12-27,2925.4,2958.62,2914.95,2946.3,21942,140,0
2025-12-28,2946.15,2958.64,2922.11,2947.85,28002,140,0
2025-12-29,2948.02,3054.26,2906.12,2934.02,76200,140,0
2025-12-30,2934.06,3005.51,2914.24,2969.75,58868,140,0
2025-12-31,2969.82,3024.24,2954.88,2966.43,46433,140,0
2026-01-01,2966.51,3005.68,2966.24,2999.57,27055,140,0
2026-01-02,2999.56,3148.76,2988.07,3123.67,82546,140,0
2026-01-03,3123.66,3134.86,3074.07,3124.8,35758,140,0
2026-01-04,3124.75,3165.51,3114.96,3142.53,47202,140,0
2026-01-05,3142.37,3265.09,3132.45,3224.54,85943,140,0
2026-01-06,3224.74,3308.09,3181.15,3294.6,79933,140,0
2026-01-07,3294.67,3294.99,3120.9,3164.93,77010,140,0
2026-01-08,3165.12,3181.58,3050.07,3103.76,78493,140,0
2026-01-09,3103.76,3145.56,3054.67,3084.03,74054,140,0
2026-01-10,3084.03,3099.15,3073.31,3081.53,21588,140,0
2026-01-11,3081.55,3142.7,3079.57,3118.07,32112,140,0
2026-01-12,3117.97,3166.67,3061.15,3091.57,72861,140,0
2026-01-13,3091.58,3380.07,3087.51,3323.42,79289,140,0
2026-01-14,3323.42,3403.91,3278.55,3354.56,82929,140,0
2026-01-15,3354.55,3383.24,3270.66,3317.58,78603,140,0
2026-01-16,3317.64,3325.7,3250.77,3294.35,53963,140,0
2026-01-17,3294.73,3328.28,3281.39,3308.6,24529,140,0
2026-01-18,3308.42,3367.64,3277.08,3282.61,37391,140,0
2026-01-19,3282.61,3283.02,3163.31,3186.98,63680,140,0
2026-01-20,3186.9,3198.28,2907.11,2936.02,93104,140,0
2026-01-21,2936.17,3066.82,2862.83,2979.34,108154,140,0
2026-01-22,2979.1,3035.44,2902.95,2948.95,76529,140,0
2026-01-23,2948.94,3016.12,2887.88,2952.71,76399,140,0
2026-01-24,2952.7,2965.61,2939.05,2948.75,22966,140,0
2026-01-25,2948.66,2955.38,2782.85,2813.43,65480,140,0
2026-01-26,2813.43,2948.1,2808.75,2926.5,82381,140,0
2026-01-27,2926.58,3031.9,2895.36,3021.64,69547,140,0
2026-01-28,3021.63,3041.2,2978.5,3005.67,68478,140,0
2026-01-29,3005.69,3008.36,2749.11,2817.47,88080,140,0
2026-01-30,2817.46,2823.84,2631.72,2702.29,141971,140,0
2026-01-31,2702.28,2709.88,2225.23,2448.6,176841,140,0
2026-02-01,2448.69,2473.54,2217.43,2268.05,156683,140,0
2026-02-02,2268.08,2395.17,2154.91,2344.57,218480,140,0
2026-02-03,2344.45,2357.72,2105.67,2230.37,168697,140,0
2026-02-04,2230.39,2292.5,2070.01,2142.96,182531,140,0
2026-02-05,2142.77,2168.61,1811.64,1823.19,320345,140,0
2026-02-06,1823.1,2092.25,1739.38,2061.36,245008,140,0
2026-02-07,2061.44,2123.52,1992.65,2085.06,156657,140,0
2026-02-08,2085.14,2150.61,2064.45,2088.06,85171,140,0
2026-02-09,2088.2,2147.04,2006.63,2103.11,113921,140,0
2026-02-10,2103.11,2122.91,1985.16,2021.24,92519,140,0
2026-02-11,2020.96,2030.55,1900.85,1939.31,116497,140,0
2026-02-12,1939.32,1999.37,1893.8,1945.79,98616,140,0
2026-02-13,1945.7,2071.81,1922.26,2047.11,87231,140,0
2026-02-14,2047.02,2106.05,2040.5,2084.97,50795,140,0
2026-02-15,2085.15,2101.6,1927.04,1964.55,79780,140,0
2026-02-16,1964.69,2022.22,1935.38,1996.68,73619,140,0
2026-02-17,1996.73,2014.45,1939.37,1990.27,76899,140,0
2026-02-18,1990.27,2037.59,1921.08,1954.71,68655,140,0
2026-02-19,1954.6,1986.58,1905.11,1947.63,67075,140,0
2026-02-20,1947.61,1980.23,1921.95,1967.58,67810,140,0
2026-02-21,1967.18,1995.31,1954.63,1972.59,31432,140,0
2026-02-22,1972.4,1982.2,1933.26,1956.39,31388,140,0
2026-02-23,1956.39,1956.83,1836.11,1855.3,79968,140,0
2026-02-24,1855.27,1868.44,1798.68,1851.58,76962,140,0
2026-02-25,1851.63,2148.99,1845.81,2057.22,96372,140,0
2026-02-26,2056.96,2083.7,1974.94,2027.29,85182,140,0
2026-02-27,2027.29,2063.68,1886.04,1929.12,81454,140,0
2026-02-28,1928.92,1984.85,1834.54,1964.28,88152,140,0
2026-03-01,1964.18,2054.5,1907.21,1939.09,93140,140,0
2026-03-02,1939.29,2089.79,1917.37,2026.9,112765,140,0
2026-03-03,2027.07,2041.28,1926.58,1982.07,109798,140,0
2026-03-04,1982.09,2200.0,1944.5,2127.06,123223,140,0
2026-03-05,2126.84,2163.94,2054.04,2072.56,101416,140,0
2026-03-06,2072.76,2093.09,1954.93,1978.23,86714,140,0
2026-03-07,1978.19,1995.71,1947.16,1968.72,36740,140,0
2026-03-08,1968.72,1979.49,1909.07,1936.1,60187,140,0
2026-03-09,1936.07,2053.22,1928.33,1992.52,98733,140,0
2026-03-10,1992.36,2088.56,1990.45,2036.46,89950,140,0
2026-03-11,2036.37,2085.48,2006.68,2051.73,75247,140,0
2026-03-12,2051.86,2095.38,2016.87,2073.19,71659,140,0
2026-03-13,2073.0,2210.69,2069.65,2092.05,91093,140,0
2026-03-14,2091.91,2105.96,2060.82,2095.99,32908,140,0
2026-03-15,2096.0,2203.02,2082.61,2178.4,48402,140,0
2026-03-16,2178.4,2385.68,2164.08,2352.54,99637,140,0
2026-03-17,2352.54,2376.63,2294.32,2317.41,82794,140,0
2026-03-18,2317.39,2350.35,2152.42,2202.47,82203,140,0
2026-03-19,2202.49,2233.1,2098.23,2137.08,88629,140,0
2026-03-20,2136.9,2176.0,2114.95,2145.52,73316,140,0
2026-03-21,2145.51,2167.71,2069.53,2084.13,30605,140,0
2026-03-22,2083.81,2126.41,2024.52,2053.04,64497,140,0
2026-03-23,2052.99,2197.35,2021.53,2151.0,116275,140,0
2026-03-24,2151.01,2174.53,2101.23,2154.66,78319,140,0
2026-03-25,2154.69,2199.64,2144.43,2167.65,61464,140,0
2026-03-26,2167.57,2170.83,2032.37,2058.14,62459,140,0
2026-03-27,2058.18,2075.64,1966.42,1990.87,63033,140,0
2026-03-28,1990.74,2044.7,1980.48,1992.71,34638,140,0
2026-03-29,1992.68,2018.04,1936.43,1982.15,39868,140,0
2026-03-30,1982.36,2083.97,1977.56,2024.05,68681,140,0
2026-03-31,2024.18,2123.42,2010.02,2102.92,80395,140,0
2026-04-01,2102.74,2167.03,2079.78,2139.46,66389,140,0
2026-04-02,2139.46,2158.87,2015.34,2056.16,71820,140,0
2026-04-03,2056.19,2081.75,2039.37,2052.67,38287,140,0
2026-04-04,2052.67,2083.17,2043.31,2064.68,19074,140,0
2026-04-05,2064.76,2122.42,2020.77,2108.63,35964,140,0
2026-04-06,2108.93,2174.37,2086.99,2106.34,60804,140,0
2026-04-07,2106.21,2273.02,2058.83,2239.27,79735,140,0
2026-04-08,2239.45,2270.28,2178.94,2189.55,64937,140,0
2026-04-09,2189.61,2246.26,2156.23,2189.84,61053,140,0
2026-04-10,2190.0,2258.59,2175.6,2245.68,50457,140,0
2026-04-11,2245.71,2330.91,2228.79,2285.39,36646,140,0
2026-04-12,2285.32,2289.04,2174.2,2191.1,44572,140,0
2026-04-13,2191.0,2396.24,2174.74,2369.64,64149,140,0
2026-04-14,2369.83,2418.93,2303.55,2322.82,63088,140,0
2026-04-15,2322.73,2385.96,2308.22,2359.93,56676,140,0
2026-04-16,2360.13,2369.76,2283.44,2348.14,60592,140,0
2026-04-17,2348.04,2466.18,2316.51,2419.4,72967,140,0
2026-04-18,2419.36,2428.06,2339.02,2350.78,39241,140,0
2026-04-19,2350.9,2355.41,2252.59,2263.44,55440,140,0
2026-04-20,2263.65,2347.42,2260.24,2314.42,66192,140,0
2026-04-21,2314.42,2339.55,2284.26,2327.68,61758,140,0
2026-04-22,2327.81,2424.59,2313.02,2374.18,60951,140,0
2026-04-23,2374.41,2382.5,2284.86,2330.73,60661,140,0
2026-04-24,2330.86,2338.06,2299.91,2315.5,43371,140,0
2026-04-25,2315.49,2323.48,2300.17,2319.51,18891,140,0
2026-04-26,2319.51,2380.79,2306.23,2369.41,29435,140,0
2026-04-27,2369.46,2405.07,2264.41,2303.24,50639,140,0
2026-04-28,2303.08,2310.19,2256.7,2288.74,41801,140,0
2026-04-29,2288.67,2346.14,2218.54,2251.19,56364,140,0
2026-04-30,2251.22,2277.87,2229.61,2256.19,44849,140,0
2026-05-01,2256.22,2325.54,2255.6,2294.92,36714,140,0
2026-05-02,2294.93,2342.15,2291.69,2316.33,21402,140,0
2026-05-03,2316.33,2356.67,2296.52,2321.7,28816,140,0
2026-05-04,2321.53,2398.77,2308.11,2346.4,64098,140,0
2026-05-05,2346.6,2399.78,2344.42,2360.14,43004,140,0
2026-05-06,2360.02,2423.66,2335.81,2350.38,52126,140,0
2026-05-07,2350.38,2351.66,2278.38,2290.45,51431,140,0
2026-05-08,2290.61,2320.67,2264.29,2306.73,43100,140,0
2026-05-09,2306.73,2337.85,2297.69,2325.57,22873,140,0
2026-05-10,2325.57,2382.37,2310.29,2370.58,34802,140,0
2026-05-11,2370.57,2374.36,2302.28,2338.94,41566,140,0
2026-05-12,2339.09,2339.97,2254.56,2273.87,41224,140,0
2026-05-13,2273.88,2322.33,2232.42,2257.47,40463,140,0
2026-05-14,2257.47,2318.99,2237.01,2282.58,44427,140,0
2026-05-15,2282.61,2299.56,2202.65,2222.52,46318,140,0
2026-05-16,2222.41,2229.95,2159.85,2179.02,29110,140,0
2026-05-17,2179.11,2197.42,2087.04,2129.33,31413,140,0
2026-05-18,2129.3,2156.29,2074.27,2128.29,56977,140,0
2026-05-19,2128.21,2145.24,2091.72,2109.8,41257,140,0
2026-05-20,2109.79,2147.52,2100.4,2126.7,38925,140,0
2026-05-21,2126.77,2155.05,2102.29,2131.02,39401,140,0
2026-05-22,2131.02,2138.73,2053.85,2062.68,38925,140,0
2026-05-23,2063.01,2146.79,2005.59,2114.39,41972,140,0
2026-05-24,2114.53,2129.14,2059.22,2096.76,34004,140,0
2026-05-25,2096.89,2140.15,2088.82,2110.57,30039,140,0
2026-05-26,2110.6,2137.85,2051.51,2070.26,45048,140,0
2026-05-27,2070.44,2094.0,2012.33,2021.34,46397,140,0
2026-05-28,2021.15,2026.92,1962.71,2006.49,52053,140,0
2026-05-29,2006.48,2042.91,1972.64,2011.08,44311,140,0
2026-05-30,2011.08,2029.06,1999.03,2019.29,21983,140,0
2026-05-31,2019.42,2034.86,1990.76,2003.64,26473,140,0
2026-06-01,2003.61,2018.25,1952.07,2003.26,52334,140,0
2026-06-02,2003.33,2003.69,1835.36,1857.03,79251,140,0
2026-06-03,1856.89,1890.19,1765.74,1810.48,81341,140,0
2026-06-04,1810.48,1817.91,1714.05,1768.18,126944,101,0
2026-06-05,1768.17,1772.64,1538.39,1582.5,211127,101,0
2026-06-06,1582.58,1600.42,1504.36,1568.72,102498,101,0
2026-06-07,1568.59,1720.87,1562.88,1689.62,95114,101,0
2026-06-08,1689.58,1713.76,1643.73,1689.38,102047,100,0
2026-06-09,1689.33,1695.84,1612.21,1638.24,92366,100,0
2026-06-10,1638.33,1666.33,1601.36,1619.87,97128,100,0
2026-06-11,1619.93,1691.74,1619.93,1671.6,68815,100,0
2026-06-12,1671.6,1689.58,1649.75,1664.93,55557,100,0
2026-06-13,1664.73,1696.77,1660.54,1680.22,26223,100,0
2026-06-14,1680.23,1731.53,1653.31,1724.39,36558,100,0
2026-06-15,1724.59,1848.31,1708.18,1794.45,63913,100,0
2026-06-16,1794.46,1837.77,1756.95,1791.12,64493,100,0
2026-06-17,1791.12,1808.51,1723.8,1748.72,79744,100,0
2026-06-18,1748.53,1761.24,1668.93,1708.6,65859,100,0
2026-06-19,1708.68,1717.48,1677.17,1709.05,47473,100,0
2026-06-20,1708.74,1747.67,1701.92,1738.33,38150,100,0
2026-06-21,1738.34,1739.02,1699.28,1704.78,34950,100,0
2026-06-22,1704.81,1777.56,1704.63,1725.77,61471,100,0
2026-06-23,1725.75,1734.17,1632.0,1664.95,62673,100,0
2026-06-24,1664.93,1690.1,1549.95,1619.55,96476,100,0
2026-06-25,1619.56,1657.95,1529.67,1564.91,102774,100,0
2026-06-26,1565.06,1592.55,1509.28,1576.2,105468,100,0
2026-06-27,1576.24,1608.36,1559.58,1571.53,35087,100,0
2026-06-28,1571.46,1586.48,1545.23,1569.28,45058,100,0
2026-06-29,1569.3,1635.28,1547.5,1610.44,83478,100,0
2026-06-30,1610.44,1611.79,1547.48,1569.58,56139,100,0
2026-07-01,1569.66,1644.51,1550.13,1607.81,71423,100,0
2026-07-02,1607.89,1722.91,1594.74,1698.19,74210,100,0
2026-07-03,1698.04,1774.09,1692.45,1756.22,58204,100,0
2026-07-04,1756.22,1806.05,1741.84,1778.87,44251,100,0
2026-07-05,1778.8,1806.55,1747.16,1783.98,42604,100,0
2026-07-06,1784.14,1831.96,1726.7,1797.96,76348,100,0
2026-07-07,1797.95,1811.72,1755.69,1770.08,69952,100,0
2026-07-08,1769.91,1783.44,1711.12,1741.73,67781,100,0
2026-07-09,1741.73,1760.58,1719.64,1743.64,51908,100,0
2026-07-10,1743.85,1810.59,1735.64,1795.25,47576,100,0
2026-07-11,1795.26,1828.78,1784.9,1786.33,30553,100,0
2026-07-12,1786.35,1825.38,1777.87,1805.35,34621,100,0
2026-07-13,1805.31,1846.35,1747.55,1774.02,62524,100,0
2026-07-14,1774.04,1895.67,1770.71,1890.38,59192,100,0
2026-07-15,1890.5,1944.75,1862.78,1916.11,56012,100,0
2026-07-16,1916.01,1927.55,1855.46,1862.84,54962,100,0
2026-07-17,1862.7,1869.21,1801.09,1840.25,57823,100,0
2026-07-18,1840.32,1865.88,1835.57,1861.28,22311,100,0
2026-07-19,1861.37,1877.64,1850.03,1870.32,31111,100,0
2026-07-20,1870.36,1916.9,1840.67,1902.97,67573,100,0
2026-07-21,1902.92,1952.0,1898.91,1928.56,43833,100,0
2026-07-22,1928.55,1955.32,1909.08,1933.09,49556,100,0
2026-07-23,1933.14,1940.33,1867.04,1876.69,42566,100,0
2026-07-24,1876.76,1908.21,1845.31,1859.49,43730,100,0
2026-07-25,1859.47,1874.99,1849.05,1872.66,19568,100,0
2026-07-26,1872.49,1965.18,1871.52,1952.35,27929,100,0
2026-07-27,1952.52,1979.85,1880.37,1890.55,61155,100,0
2026-07-28,1890.48,1927.14,1854.39,1919.17,57718,100,0
2026-07-29,1918.92,1933.05,1870.29,1908.05,69545,100,0
2026-07-30,1908.03,1935.07,1891.09,1916.56,42727,100,0
2026-07-31,1916.64,1934.45,1845.66,1860.35,48943,100,0
2026-08-01,1860.48,1873.48,1819.66,1842.81,24776,100,0
2026-08-02,1842.78,1896.36,1841.47,1882.96,31369,100,0
2026-08-03,1883.01,1883.84,1825.63,1858.68,43879,100,0
2026-08-04,1858.67,1879.91,1846.01,1867.89,42881,100,0
2026-08-05,1867.89,1925.53,1853.25,1906.75,41013,100,0
2026-08-06,1906.83,1918.23,1889.79,1902.0,35018,100,0
2026-08-07,1901.82,1940.72,1892.0,1912.9,36997,100,0
2026-08-08,1912.9,1925.09,1910.98,1914.88,12698,100,0
2026-08-09,1914.88,1936.02,1905.34,1908.81,15671,100,0
2026-08-10,1908.69,1929.71,1865.21,1870.98,36845,100,0
2026-08-11,1871.1,1895.93,1851.41,1880.4,30393,100,0
2026-08-12,1880.41,1923.25,1870.16,1877.36,34895,100,0
2026-08-13,1877.17,1897.95,1861.27,1884.04,30812,100,0
2026-08-14,1884.06,1889.4,1861.57,1879.8,27584,100,0
2026-08-15,1879.86,1884.44,1873.42,1880.49,12082,100,0
2026-08-16,1880.55,1890.25,1866.8,1873.55,15422,100,0
2026-08-17,1873.66,1916.87,1870.09,1911.35,30432,100,0
2026-08-18,1911.43,1921.23,1883.19,1915.91,26708,100,0
2026-08-19,1916.52,2335.48,1904.12,2251.03,112065,100,0
2026-08-20,2250.93,2358.79,2220.77,2325.84,106417,100,0
2026-08-21,2325.85,2547.5,2323.92,2515.36,170270,100,0
2026-08-22,2515.54,2529.28,2384.2,2421.61,104590,100,0
2026-08-23,2421.76,2484.93,2355.2,2462.92,89543,100,0
2026-08-24,2462.97,2466.58,2423.98,2437.14,16841,100,0
