time,open,high,low,close,tick_volume,spread,real_volume
2020-01-02,1.12179,1.12241,1.11632,1.11704,19945,10,0
2020-01-03,1.11704,1.11793,1.11246,1.11571,22601,10,0
2020-01-05,1.11616,1.11661,1.11562,1.11597,799,25,0
2020-01-06,1.116,1.1205,1.11568,1.1195,18722,10,0
2020-01-07,1.1195,1.11966,1.11332,1.11524,22489,10,0
2020-01-08,1.11533,1.11677,1.11014,1.11124,26928,10,0
2020-01-09,1.11125,1.112,1.10925,1.11086,19122,10,0
2020-01-10,1.11088,1.11286,1.10848,1.1118999999999999,18258,10,0
2020-01-12,1.11145,1.11175,1.1112,1.11158,492,10,0
2020-01-13,1.11158,1.11464,1.11122,1.11342,16252,10,0
2020-01-14,1.11341,1.1144,1.11038,1.11272,18823,10,0
2020-01-15,1.11272,1.11628,1.11182,1.11519,17043,10,0
2020-01-16,1.1152,1.11719,1.11276,1.11366,17582,10,0
2020-01-17,1.11366,1.11421,1.10859,1.10892,16155,10,0
2020-01-19,1.10896,1.1094,1.10869,1.1094,587,10,0
2020-01-20,1.10941,1.11018,1.10764,1.10958,11400,10,0
2020-01-21,1.10958,1.11174,1.10785,1.10847,17234,10,0
2020-01-22,1.10847,1.10978,1.10697,1.10952,16970,10,0
2020-01-23,1.10953,1.11081,1.1036,1.10538,21180,10,0
2020-01-24,1.10545,1.10608,1.10194,1.10225,17440,10,0
2020-01-26,1.10279,1.10332,1.10235,1.10238,1285,10,0
2020-01-27,1.1024,1.10371,1.10093,1.1019,15435,10,0
2020-01-28,1.1019,1.10246,1.09976,1.10217,14173,10,0
2020-01-29,1.10217,1.10272,1.0992,1.10134,15203,10,0
2020-01-30,1.10133,1.10387,1.10065,1.10284,16497,10,0
2020-01-31,1.10283,1.10948,1.10165,1.10946,17564,10,0
2020-02-02,1.10895,1.10901,1.108,1.10887,944,10,0
2020-02-03,1.10887,1.10887,1.10357,1.10618,17303,10,0
2020-02-04,1.10619,1.10636,1.10325,1.10443,16089,10,0
2020-02-05,1.10443,1.10473,1.09932,1.09998,16218,10,0
2020-02-06,1.09999,1.10133,1.09641,1.09804,14949,10,0
2020-02-07,1.09804,1.09845,1.09416,1.09443,17777,10,0
2020-02-09,1.09398,1.09498,1.09397,1.09488,569,10,0
2020-02-10,1.09488,1.0957,1.09073,1.09098,14163,10,0
2020-02-11,1.09098,1.09242,1.0890900000000001,1.09185,15841,10,0
2020-02-12,1.09185,1.09251,1.08651,1.0874,17000,10,0
2020-02-13,1.08748,1.08882,1.08337,1.08411,16984,10,0
2020-02-14,1.0841,1.08607,1.08271,1.08301,15402,10,0
2020-02-16,1.08385,1.08411,1.08336,1.08408,778,10,0
2020-02-17,1.08408,1.08504,1.08282,1.08363,11157,10,0
2020-02-18,1.08363,1.08368,1.07853,1.07945,18822,10,0
2020-02-19,1.07945,1.08113,1.07819,1.08093,17350,10,0
2020-02-20,1.08093,1.0820400000000001,1.07773,1.07873,21799,10,0
2020-02-21,1.07872,1.08629,1.07868,1.08474,20726,10,0
2020-02-23,1.08214,1.08398,1.08214,1.0838,1276,10,0
2020-02-24,1.08381,1.08715,1.08049,1.08485,26760,10,0
2020-02-25,1.08483,1.08896,1.083,1.08783,27422,10,0
2020-02-26,1.0879,1.09081,1.08547,1.08847,30236,10,0
2020-02-27,1.08856,1.10057,1.08845,1.09955,36258,10,0
2020-02-28,1.09958,1.10524,1.09506,1.10255,43473,10,0
2020-03-01,1.10411,1.10709,1.1037,1.10515,1769,10,0
2020-03-02,1.10513,1.11839,1.10359,1.11429,50725,10,0
2020-03-03,1.11435,1.12124,1.1095,1.11763,54212,10,0
2020-03-04,1.11762,1.11869,1.10953,1.11377,38833,10,0
2020-03-05,1.11378,1.12443,1.11192,1.1221700000000001,38004,10,0
2020-03-06,1.1222,1.13542,1.12113,1.12889,66051,10,0
2020-03-08,1.13423,1.13959,1.13333,1.13873,5764,10,0
2020-03-09,1.13873,1.1496,1.13557,1.13988,124977,10,0
2020-03-10,1.13988,1.14247,1.12747,1.13136,94359,10,0
2020-03-11,1.13136,1.1366100000000001,1.12496,1.12609,65616,10,0
2020-03-12,1.12609,1.13329,1.1055,1.11822,123333,10,0
2020-03-13,1.11822,1.12208,1.10548,1.1102400000000001,89928,10,0
2020-03-15,1.11221,1.11936,1.11221,1.11572,22980,10,0
2020-03-16,1.11571,1.12362,1.10852,1.11632,117233,10,0
2020-03-17,1.11631,1.11887,1.09547,1.10159,92919,10,0
2020-03-18,1.10161,1.10447,1.08017,1.09437,110505,10,0
2020-03-19,1.09439,1.09488,1.0653,1.06545,159764,10,0
2020-03-20,1.06544,1.08304,1.06374,1.06883,136675,10,0
2020-03-22,1.07015,1.07031,1.06335,1.06887,6799,10,0
2020-03-23,1.06887,1.08276,1.0658,1.07634,118110,10,0
2020-03-24,1.07632,1.08874,1.07456,1.07979,94928,10,0
2020-03-25,1.0798,1.08934,1.07594,1.08882,79847,10,0
2020-03-26,1.08882,1.10582,1.08743,1.10472,82652,10,0
2020-03-27,1.10473,1.11468,1.09531,1.11364,79039,10,0
2020-03-29,1.11157,1.11438,1.11037,1.11362,3318,10,0
2020-03-30,1.11361,1.1138,1.10097,1.10286,66589,10,0
2020-03-31,1.10286,1.10423,1.09263,1.10255,75392,10,0
2020-04-01,1.10257,1.10357,1.09025,1.0951,57819,10,0
2020-04-02,1.0951,1.09639,1.08203,1.08457,58906,10,0
2020-04-03,1.08455,1.08548,1.07725,1.08005,48099,10,0
2020-04-05,1.08089,1.08186,1.07995,1.08051,3447,10,0
2020-04-06,1.0805,1.08347,1.0768,1.07985,46862,10,0
2020-04-07,1.07985,1.09255,1.07901,1.08933,46212,10,0
2020-04-08,1.08932,1.08963,1.08296,1.08594,43082,10,0
2020-04-09,1.08595,1.09513,1.08406,1.0921,46884,10,0
2020-04-10,1.09216,1.09504,1.09169,1.09303,28954,25,0
2020-04-12,1.09366,1.09387,1.09301,1.09312,1732,10,0
2020-04-13,1.09312,1.09673,1.08924,1.09195,28747,10,0
2020-04-14,1.09193,1.09884,1.09147,1.09832,37565,10,0
2020-04-15,1.0983,1.09868,1.08564,1.09033,38039,10,0
2020-04-16,1.09033,1.09068,1.08162,1.08584,68300,10,0
2020-04-17,1.08584,1.08921,1.08117,1.08704,59507,10,0
2020-04-19,1.08659,1.08719,1.08623,1.08634,1876,10,0
2020-04-20,1.08633,1.08961,1.08408,1.08634,48372,10,0
2020-04-21,1.08634,1.08797,1.08163,1.0856,58333,10,0
2020-04-22,1.0856,1.08846,1.08027,1.08058,47102,10,0
2020-04-23,1.08058,1.08461,1.07556,1.07741,72075,10,0
2020-04-24,1.0774,1.08284,1.07267,1.08218,56688,10,0
2020-04-26,1.08178,1.08209,1.08118,1.08205,1481,10,0
2020-04-27,1.08205,1.08596,1.08109,1.0824,48680,10,0
2020-04-28,1.08239,1.0888,1.08093,1.08322,51345,10,0
2020-04-29,1.08322,1.0885,1.08305,1.0877,52602,10,0
2020-04-30,1.08768,1.09721,1.0832600000000001,1.09445,78534,10,0
2020-05-01,1.09445,1.10182,1.09342,1.09781,47826,10,0
2020-05-03,1.09655,1.09691,1.0950199999999999,1.09603,2340,10,0
2020-05-04,1.09604,1.09605,1.0895299999999999,1.09028,48857,10,0
2020-05-05,1.09029,1.09254,1.08255,1.08382,57496,10,0
2020-05-06,1.08381,1.08433,1.07815,1.07977,51266,10,0
2020-05-07,1.07976,1.08398,1.07662,1.0836,58652,10,0
2020-05-08,1.08359,1.08751,1.08148,1.08364,43507,10,0
2020-05-10,1.08224,1.08392,1.08223,1.08375,1916,10,0
2020-05-11,1.08374,1.085,1.07991,1.08089,45394,10,0
2020-05-12,1.08088,1.08847,1.0784,1.08451,48970,10,0
2020-05-13,1.08451,1.08959,1.08113,1.08207,55546,10,0
2020-05-14,1.08207,1.08235,1.07745,1.08057,50750,10,0
2020-05-15,1.08057,1.08506,1.07885,1.0818699999999999,48192,10,0
2020-05-17,1.08085,1.08227,1.0806,1.08184,1590,10,0
2020-05-18,1.08183,1.09265,1.07994,1.0913599999999999,51412,10,0
2020-05-19,1.09135,1.09755,1.09018,1.09255,52391,10,0
2020-05-20,1.09255,1.09985,1.09255,1.09794,46096,10,0
2020-05-21,1.09794,1.10078,1.0937000000000001,1.09487,50611,10,0
2020-05-22,1.09487,1.09532,1.08849,1.08973,40935,10,0
2020-05-24,1.08936,1.09079,1.08919,1.09077,1333,10,0
2020-05-25,1.09076,1.0914,1.08702,1.09012,24216,10,0
2020-05-26,1.09012,1.09954,1.08964,1.09781,45166,10,0
2020-05-27,1.0977999999999999,1.10302,1.09335,1.10162,81256,10,0
2020-05-28,1.10162,1.1093,1.09913,1.10777,68111,10,0
2020-05-29,1.10777,1.11447,1.10696,1.10957,81635,10,0
2020-05-31,1.11114,1.11191,1.10987,1.11153,2513,10,0
2020-06-01,1.11153,1.11534,1.11,1.11249,60933,10,0
2020-06-02,1.1125,1.11955,1.11147,1.11847,72314,10,0
2020-06-03,1.11847,1.12573,1.11794,1.12346,81280,10,0
2020-06-04,1.12346,1.13619,1.11943,1.13351,99183,10,0
2020-06-05,1.13352,1.13832,1.12781,1.12908,88079,10,0
2020-06-07,1.12938,1.13192,1.1290499999999999,1.13157,2093,10,0
2020-06-08,1.13157,1.1318,1.12679,1.13038,60917,10,0
2020-06-09,1.13038,1.13633,1.12406,1.13319,71532,10,0
2020-06-10,1.13318,1.14219,1.13204,1.13664,99171,10,0
2020-06-11,1.13665,1.14031,1.1284399999999999,1.12875,111588,10,0
2020-06-12,1.12876,1.134,1.12122,1.12548,94366,10,0
2020-06-14,1.12324,1.12578,1.12238,1.12513,4030,10,0
2020-06-15,1.12513,1.13377,1.12264,1.13372,88199,10,0
2020-06-16,1.13372,1.13529,1.12273,1.12646,92078,10,0
2020-06-17,1.12646,1.12935,1.12067,1.12416,77786,10,0
2020-06-18,1.12415,1.12609,1.11853,1.12073,71747,10,0
2020-06-19,1.12073,1.12539,1.1167799999999999,1.11768,64101,10,0
2020-06-21,1.11784,1.11848,1.11682,1.11762,2550,10,0
2020-06-22,1.11762,1.12805,1.11734,1.12774,55929,10,0
2020-06-23,1.1277300000000001,1.13481,1.12327,1.13122,71997,10,0
2020-06-24,1.13121,1.13253,1.12468,1.1249500000000001,66405,10,0
2020-06-25,1.1249500000000001,1.1259299999999999,1.119,1.12176,61864,10,0
2020-06-26,1.12175,1.12388,1.11949,1.12184,43750,10,0
2020-06-28,1.12191,1.12263,1.12144,1.12216,1455,10,0
2020-06-29,1.12216,1.12873,1.1219,1.12463,47930,10,0
2020-06-30,1.12464,1.12614,1.11907,1.12332,58298,10,0
2020-07-01,1.12332,1.12746,1.11841,1.12508,53370,10,0
2020-07-02,1.12507,1.13022,1.1223,1.1237,53144,10,0
2020-07-03,1.12371,1.12519,1.1219,1.12425,39788,10,0
2020-07-05,1.12421,1.12491,1.12394,1.12463,1144,10,0
2020-07-06,1.12463,1.13449,1.12463,1.13121,49927,10,0
2020-07-07,1.13121,1.1332,1.12585,1.12741,54867,10,0
2020-07-08,1.12741,1.13512,1.12619,1.13369,52553,10,0
2020-07-09,1.13369,1.13702,1.12791,1.12875,63910,10,0
2020-07-10,1.12875,1.13243,1.12545,1.1299,46389,10,0
2020-07-12,1.13002,1.13168,1.12992,1.13082,1831,10,0
2020-07-13,1.13082,1.13744,1.13005,1.13445,48696,10,0
2020-07-14,1.13445,1.14111,1.13248,1.1409799999999999,56501,10,0
2020-07-15,1.14097,1.14514,1.13907,1.14165,52189,10,0
2020-07-16,1.14165,1.14413,1.13701,1.13875,56552,10,0
2020-07-17,1.13875,1.14432,1.13772,1.14272,38572,10,0
2020-07-19,1.14146,1.14452,1.14132,1.14418,2426,10,0
2020-07-20,1.14418,1.14673,1.14022,1.14554,59351,10,0
2020-07-21,1.14554,1.15417,1.14226,1.15348,67091,10,0
2020-07-22,1.15347,1.16007,1.15064,1.15643,76044,10,0
2020-07-23,1.15642,1.16262,1.154,1.15948,65480,10,0
2020-07-24,1.15949,1.16575,1.15809,1.16509,66176,10,0
2020-07-26,1.16407,1.1655,1.16385,1.16494,4055,10,0
2020-07-27,1.16493,1.17808,1.16492,1.17677,71514,10,0
2020-07-28,1.17677,1.17732,1.16983,1.17181,71474,10,0
2020-07-29,1.17182,1.18058,1.17137,1.17804,73388,10,0
2020-07-30,1.17803,1.18759,1.17304,1.18715,77310,10,0
2020-07-31,1.18716,1.19083,1.1761300000000001,1.17746,95463,10,0
2020-08-02,1.1770100000000001,1.17962,1.1768,1.17808,2728,10,0
2020-08-03,1.17808,1.17884,1.16955,1.17598,71007,10,0
2020-08-04,1.17598,1.18144,1.1721,1.18132,66117,10,0
2020-08-05,1.18132,1.19044,1.1799,1.1871800000000001,66391,10,0
2020-08-06,1.18717,1.19156,1.18176,1.18749,87907,10,0
2020-08-07,1.18749,1.18814,1.1755,1.17824,82533,10,0
2020-08-09,1.17853,1.17856,1.17706,1.17808,1828,10,0
2020-08-10,1.17808,1.18002,1.17324,1.17357,51750,10,0
2020-08-11,1.17357,1.18072,1.17218,1.1734499999999999,76532,10,0
2020-08-12,1.17346,1.18161,1.17107,1.17937,72332,10,0
2020-08-13,1.17936,1.18636,1.17931,1.18151,65889,10,0
2020-08-14,1.18152,1.18499,1.17814,1.18372,54368,10,0
2020-08-16,1.1837,1.18525,1.18295,1.18516,1446,10,0
2020-08-17,1.18515,1.18805,1.18283,1.18743,46717,10,0
2020-08-18,1.18743,1.19651,1.18738,1.19459,63184,10,0
2020-08-19,1.19458,1.19523,1.18299,1.18433,72798,10,0
2020-08-20,1.18433,1.18706,1.18018,1.18692,72430,10,0
2020-08-21,1.18693,1.18824,1.17537,1.1791,64084,10,0
2020-08-23,1.17911,1.18062,1.17907,1.17978,1814,10,0
2020-08-24,1.1797900000000001,1.18491,1.17829,1.17932,48011,10,0
2020-08-25,1.17932,1.18429,1.17838,1.18337,59418,10,0
2020-08-26,1.18337,1.184,1.1772,1.18395,54393,10,0
2020-08-27,1.18397,1.19006,1.17621,1.182,100889,10,0
2020-08-28,1.18201,1.19193,1.18106,1.18985,67842,10,0
2020-08-30,1.19006,1.19197,1.18973,1.19169,2519,10,0
2020-08-31,1.19168,1.19655,1.18836,1.19363,54850,10,0
2020-09-01,1.19363,1.20105,1.1901,1.19221,83490,10,0
2020-09-02,1.19222,1.19234,1.18219,1.18453,70348,10,0
2020-09-03,1.18454,1.18641,1.17886,1.18409,73642,10,0
2020-09-04,1.18409,1.18648,1.17805,1.18352,74070,10,0
2020-09-06,1.18414,1.18431,1.18331,1.1834,1532,10,0
2020-09-07,1.18342,1.18482,1.18093,1.18183,34917,10,0
2020-09-08,1.18183,1.18269,1.17542,1.17664,74851,10,0
2020-09-09,1.17663,1.18334,1.17524,1.18032,65254,10,0
2020-09-10,1.18032,1.19169,1.18002,1.1823,67202,10,0
2020-09-11,1.18231,1.18736,1.18231,1.1841599999999999,38371,10,0
2020-09-13,1.18338,1.18461,1.18315,1.18401,1204,10,0
2020-09-14,1.184,1.18874,1.18317,1.18667,31591,10,0
2020-09-15,1.18667,1.1899899999999999,1.18391,1.1841599999999999,36622,10,0
2020-09-16,1.1841599999999999,1.18819,1.17875,1.18039,57546,10,0
2020-09-17,1.18041,1.18557,1.17372,1.18466,55613,10,0
2020-09-18,1.18466,1.18698,1.1825700000000001,1.18351,37957,10,0
2020-09-20,1.18429,1.18495,1.1837,1.18452,1321,10,0
2020-09-21,1.1844999999999999,1.18712,1.17314,1.17624,50032,10,0
2020-09-22,1.17624,1.1771099999999999,1.16915,1.17059,52535,10,0
2020-09-23,1.17058,1.17185,1.1651,1.16564,52971,10,0
2020-09-24,1.16566,1.16864,1.16261,1.16732,51280,10,0
2020-09-25,1.16731,1.16844,1.16119,1.16263,43584,10,0
2020-09-27,1.16194,1.16355,1.1619,1.16338,1382,10,0
2020-09-28,1.16338,1.16795,1.16147,1.16765,38006,10,0
2020-09-29,1.16766,1.17453,1.16647,1.17413,40094,10,0
2020-09-30,1.17413,1.17542,1.16842,1.17229,58268,10,0
2020-10-01,1.17229,1.17692,1.17168,1.17436,56465,10,0
2020-10-02,1.17436,1.17441,1.16954,1.17136,59812,10,0
2020-10-04,1.1710099999999999,1.17196,1.1705,1.17192,1883,10,0
2020-10-05,1.17193,1.1797,1.17174,1.17887,36390,10,0
2020-10-06,1.17887,1.1807,1.17275,1.17367,48827,10,0
2020-10-07,1.17367,1.17814,1.1724700000000001,1.17653,39980,10,0
2020-10-08,1.17653,1.17812,1.17325,1.17665,33917,10,0
2020-10-09,1.17664,1.18302,1.17574,1.18217,32639,10,0
2020-10-11,1.18121,1.18212,1.18073,1.18154,1575,10,0
2020-10-12,1.18154,1.18262,1.17864,1.18125,28311,10,0
2020-10-13,1.18125,1.1813500000000001,1.17302,1.17417,35946,10,0
2020-10-14,1.17416,1.17705,1.1718600000000001,1.17442,34352,10,0
2020-10-15,1.17443,1.17573,1.1688,1.17061,38019,10,0
2020-10-16,1.17061,1.17456,1.16937,1.1712500000000001,33257,10,0
2020-10-18,1.17156,1.17172,1.17095,1.17151,1261,10,0
2020-10-19,1.17151,1.17932,1.17028,1.1768,31464,10,0
2020-10-20,1.1768,1.18403,1.17596,1.18286,32099,10,0
2020-10-21,1.18285,1.18803,1.18277,1.18513,38900,10,0
2020-10-22,1.1851099999999999,1.18664,1.1811099999999999,1.18142,34120,10,0
2020-10-23,1.18142,1.18643,1.17864,1.18561,33211,10,0
2020-10-25,1.18514,1.1857,1.18385,1.1847699999999999,2129,10,0
2020-10-26,1.18476,1.185,1.18029,1.18086,32980,10,0
2020-10-27,1.18086,1.18383,1.17668,1.17811,30296,10,0
2020-10-28,1.17813,1.17876,1.17174,1.17478,40417,10,0
2020-10-29,1.17478,1.17582,1.16498,1.16779,45988,10,0
2020-10-30,1.16777,1.17038,1.1639599999999999,1.16429,40651,10,0
2020-11-01,1.16449,1.16464,1.16358,1.16404,1188,25,0
2020-11-02,1.16412,1.16552,1.16209,1.16392,34078,10,0
2020-11-03,1.164,1.17624,1.16369,1.17606,33544,10,0
2020-11-04,1.17614,1.1770100000000001,1.16022,1.17311,120906,10,0
2020-11-05,1.17318,1.18592,1.17104,1.18136,64725,10,0
2020-11-06,1.18164,1.18905,1.1795,1.18701,59128,10,0
2020-11-08,1.1883,1.1892,1.18794,1.18895,1070,60,0
2020-11-09,1.18921,1.19196,1.1795,1.1823,82373,10,0
2020-11-10,1.18238,1.18428,1.17793,1.18173,64058,10,0
2020-11-11,1.1818,1.18323,1.17451,1.17781,38639,10,0
2020-11-12,1.17789,1.18226,1.17583,1.18029,39842,10,0
2020-11-13,1.18036,1.18369,1.17991,1.18306,28983,10,0
2020-11-15,1.18305,1.18458,1.18283,1.18418,927,60,0
2020-11-16,1.18443,1.18683,1.18138,1.18581,38920,10,0
2020-11-17,1.18589,1.18933,1.18422,1.18624,30377,10,0
2020-11-18,1.18632,1.18905,1.1842,1.18441,32884,10,0
2020-11-19,1.18449,1.1882,1.18159,1.18641,34604,10,0
2020-11-20,1.1865,1.18903,1.18494,1.18513,29654,10,0
2020-11-22,1.18507,1.18631,1.18498,1.18626,804,60,0
2020-11-23,1.18652,1.19055,1.17997,1.18411,35480,10,0
2020-11-24,1.18419,1.18966,1.18381,1.18963,36093,10,0
2020-11-25,1.18971,1.19293,1.18814,1.19152,41297,10,0
2020-11-26,1.1916,1.19404,1.1885,1.19098,23592,10,0
2020-11-27,1.19106,1.19619,1.19091,1.19588,26177,10,0
2020-11-29,1.19583,1.19709,1.19583,1.19679,762,60,0
2020-11-30,1.19708,1.20027,1.19193,1.19362,37938,10,0
2020-12-01,1.19369,1.20762,1.1935,1.20695,42669,10,0
2020-12-02,1.20703,1.2118,1.20396,1.21128,44779,10,0
2020-12-03,1.21136,1.21741,1.21007,1.2142,41651,10,0
2020-12-04,1.21447,1.2177,1.21097,1.21156,44316,10,0
2020-12-06,1.21219,1.21288,1.2115,1.21172,947,60,0
2020-12-07,1.21197,1.21658,1.20781,1.21083,40616,10,0
2020-12-08,1.21091,1.21336,1.20951,1.21084,40693,10,0
2020-12-09,1.21091,1.2147000000000001,1.20584,1.20773,39337,10,0
2020-12-10,1.2078,1.21585,1.2078,1.21422,51747,10,0
2020-12-11,1.2143,1.21624,1.21049,1.21064,38535,10,0
2020-12-13,1.213,1.21366,1.2128,1.21303,1020,60,0
2020-12-14,1.21328,1.21762,1.21152,1.21475,34309,10,0
2020-12-15,1.21483,1.21684,1.21213,1.2153100000000001,34567,10,0
2020-12-16,1.21539,1.22117,1.21247,1.2195,46455,10,0
2020-12-17,1.21957,1.22722,1.21894,1.22603,37846,10,0
2020-12-18,1.2261,1.22681,1.22251,1.22527,32858,10,0
2020-12-20,1.22226,1.22301,1.22075,1.22088,1118,60,0
2020-12-21,1.2211400000000001,1.22525,1.21292,1.22338,62480,10,0
2020-12-22,1.22345,1.22567,1.21518,1.21848,43136,10,0
2020-12-23,1.2187000000000001,1.22206,1.21536,1.21928,44231,10,0
2020-12-24,1.21936,1.22152,1.2177,1.21818,24782,10,0
2020-12-27,1.21859,1.22036,1.21769,1.22011,936,60,0
2020-12-28,1.22036,1.225,1.21807,1.22184,37149,10,0
2020-12-29,1.22192,1.22747,1.22191,1.22511,34144,10,0
2020-12-30,1.22519,1.23094,1.22509,1.22957,40296,10,0
2020-12-31,1.22982,1.23089,1.2208,1.22161,36648,10,0
2021-01-03,1.22287,1.22498,1.22266,1.22471,1370,60,0
2021-01-04,1.22495,1.23094,1.22383,1.22515,51001,10,0
2021-01-05,1.22523,1.23052,1.22468,1.22957,44349,10,0
2021-01-06,1.22982,1.2349,1.22652,1.23372,71006,10,0
2021-01-07,1.23379,1.2343899999999999,1.22447,1.22662,54208,10,0
2021-01-08,1.22687,1.22841,1.21926,1.22166,64817,10,0
2021-01-10,1.22128,1.2221899999999999,1.21789,1.21842,1456,60,0
2021-01-11,1.21867,1.21993,1.21319,1.21594,47569,10,0
2021-01-12,1.21601,1.22092,1.21368,1.22075,44596,10,0
2021-01-13,1.22083,1.22223,1.21395,1.21608,41919,10,0
2021-01-14,1.21615,1.21779,1.21106,1.21478,49114,10,0
2021-01-15,1.21503,1.2162,1.20701,1.20701,39989,10,0
2021-01-17,1.20743,1.20835,1.20632,1.20634,1102,60,0
2021-01-18,1.20659,1.20863,1.20532,1.2076500000000001,28186,10,0
2021-01-19,1.20773,1.21444,1.2077,1.2138200000000001,33679,10,0
2021-01-20,1.21389,1.21577,1.20763,1.21134,36872,10,0
2021-01-21,1.21142,1.2172399999999999,1.2109,1.21644,41315,10,0
2021-01-22,1.21652,1.2189,1.21511,1.21673,34334,10,0
2021-01-24,1.21621,1.21678,1.21571,1.21641,811,60,0
2021-01-25,1.21666,1.21828,1.21156,1.21401,36994,10,0
2021-01-26,1.21425,1.21755,1.21074,1.21621,35743,10,0
2021-01-27,1.21629,1.21693,1.20581,1.20999,52175,10,0
2021-01-28,1.21025,1.21416,1.20804,1.2119900000000001,51024,10,0
2021-01-29,1.21206,1.21554,1.2094,1.21325,51875,10,0
2021-01-31,1.21268,1.21283,1.21177,1.212,1388,25,0
2021-02-01,1.21224,1.2136,1.2055500000000001,1.20666,41558,10,0
2021-02-02,1.20673,1.20873,1.20112,1.20354,39824,10,0
2021-02-03,1.20363,1.20496,1.20037,1.20401,32256,10,0
2021-02-04,1.2040899999999999,1.20423,1.19554,1.19651,34260,10,0
2021-02-05,1.19659,1.2049400000000001,1.19519,1.20448,33669,10,0
2021-02-07,1.20367,1.20488,1.20318,1.20455,1093,60,0
2021-02-08,1.2048,1.2065299999999999,1.20193,1.20511,29299,10,0
2021-02-09,1.20518,1.21213,1.20489,1.2115,33587,10,0
2021-02-10,1.21158,1.21435,1.21085,1.21178,32779,10,0
2021-02-11,1.21186,1.21489,1.21131,1.21295,24538,10,0
2021-02-12,1.21302,1.21327,1.20812,1.2115,25515,10,0
2021-02-14,1.21189,1.21223,1.2115,1.21192,821,25,0
2021-02-15,1.2119900000000001,1.21446,1.21164,1.21309,19693,10,0
2021-02-16,1.21317,1.21689,1.20831,1.20868,33589,10,0
2021-02-17,1.20876,1.20979,1.20228,1.20442,36064,10,0
2021-02-18,1.2045,1.20946,1.20353,1.20906,32014,10,0
2021-02-19,1.20914,1.2144,1.2082,1.2114099999999999,29994,10,0
2021-02-21,1.21151,1.21262,1.21121,1.21219,942,25,0
2021-02-22,1.21242,1.21689,1.20908,1.21628,37468,10,0
2021-02-23,1.21635,1.21795,1.2135,1.21481,36931,10,0
2021-02-24,1.21503,1.21742,1.21087,1.21683,44718,10,0
2021-02-25,1.21691,1.22425,1.21549,1.21549,58382,10,0
2021-02-26,1.21574,1.21821,1.20618,1.2068,69519,10,0
2021-02-28,1.20688,1.20906,1.20669,1.20892,1489,25,0
2021-03-01,1.209,1.21007,1.20272,1.20474,42960,10,0
2021-03-02,1.20482,1.20939,1.19913,1.2082,42172,10,0
2021-03-03,1.20845,1.21128,1.20408,1.20437,44331,10,0
2021-03-04,1.20461,1.2062599999999999,1.19579,1.1966,58162,10,0
2021-03-05,1.1966,1.19681,1.1892800000000001,1.19071,66108,10,0
2021-03-07,1.19132,1.19292,1.19122,1.1923300000000001,1143,25,0
2021-03-08,1.19258,1.19318,1.18422,1.18497,46819,10,0
2021-03-09,1.18505,1.19152,1.18352,1.18943,44726,10,0
2021-03-10,1.18966,1.19292,1.1868400000000001,1.19232,43047,10,0
2021-03-11,1.1924,1.19894,1.1915,1.19797,42780,10,0
2021-03-12,1.19805,1.1988,1.19096,1.1948400000000001,37493,10,0
2021-03-14,1.19435,1.19525,1.19409,1.19497,1593,10,0
2021-03-15,1.19497,1.1967,1.19099,1.19258,31838,10,0
2021-03-16,1.19258,1.19514,1.18819,1.19017,32583,10,0
2021-03-17,1.19017,1.19852,1.18858,1.19822,40203,10,0
2021-03-18,1.19822,1.19882,1.19058,1.19171,44919,10,0
2021-03-19,1.1917200000000001,1.19367,1.18734,1.19041,35627,10,0
2021-03-21,1.1874500000000001,1.18896,1.18693,1.18834,1433,10,0
2021-03-22,1.18833,1.19463,1.18743,1.19319,30866,10,0
2021-03-23,1.19318,1.19402,1.18358,1.18391,32669,10,0
2021-03-24,1.18393,1.18505,1.18062,1.18124,34185,10,0
2021-03-25,1.18124,1.18272,1.17583,1.17752,35729,10,0
2021-03-26,1.17752,1.18045,1.17713,1.17936,25783,10,0
2021-03-28,1.179,1.17915,1.17853,1.1787,1208,10,0
2021-03-29,1.1787,1.17933,1.17597,1.17681,29847,10,0
2021-03-30,1.17681,1.17733,1.17107,1.17228,28684,10,0
2021-03-31,1.17228,1.17594,1.17037,1.17267,31352,10,0
2021-04-01,1.17266,1.17812,1.17123,1.1776,33452,8,0
2021-04-02,1.1776,1.17853,1.1748,1.17543,10485,25,0
2021-04-04,1.17529,1.1767400000000001,1.17519,1.17672,1843,10,0
2021-04-05,1.17673,1.18191,1.17374,1.18165,20592,8,0
2021-04-06,1.18166,1.18773,1.17948,1.18734,34611,8,0
2021-04-07,1.18735,1.19143,1.18605,1.1872,36489,8,0
2021-04-08,1.1872099999999999,1.19269,1.18603,1.19149,33752,8,0
2021-04-09,1.19149,1.19197,1.18667,1.18991,33536,8,0
2021-04-11,1.18885,1.19031,1.18878,1.18956,1279,10,0
2021-04-12,1.18956,1.19187,1.18708,1.19113,32383,8,0
2021-04-13,1.19114,1.19555,1.18776,1.19533,40998,8,0
2021-04-14,1.19535,1.19868,1.19506,1.19828,34767,8,0
2021-04-15,1.19829,1.19929,1.19558,1.19689,35735,8,0
2021-04-16,1.19689,1.19942,1.19501,1.19817,31093,8,0
2021-04-18,1.19695,1.1973,1.19666,1.19684,1281,10,0
2021-04-19,1.19684,1.20475,1.19421,1.2042,37459,8,0
2021-04-20,1.20421,1.20794,1.20221,1.2032,38916,8,0
2021-04-21,1.2032,1.2043300000000001,1.19981,1.20369,31978,8,0
2021-04-22,1.20369,1.20691,1.19932,1.2014,42019,8,0
2021-04-23,1.20141,1.20995,1.20125,1.20968,32576,8,0
2021-04-25,1.20882,1.20945,1.20877,1.20889,1111,10,0
2021-04-26,1.20891,1.21164,1.20607,1.20791,33500,8,0
2021-04-27,1.20792,1.20924,1.20564,1.20889,31810,8,0
2021-04-28,1.20889,1.21349,1.20558,1.21344,45895,8,0
2021-04-29,1.21344,1.21494,1.21018,1.21242,38222,8,0
2021-04-30,1.21242,1.2126000000000001,1.20161,1.20197,38968,8,0
2021-05-02,1.20236,1.20297,1.20214,1.20268,1019,10,0
2021-05-03,1.20269,1.20757,1.20127,1.20585,31156,8,0
2021-05-04,1.20585,1.20596,1.19986,1.20141,41645,8,0
2021-05-05,1.20142,1.20261,1.19855,1.2006999999999999,34022,8,0
2021-05-06,1.20071,1.20711,1.19928,1.20647,35630,8,0
2021-05-07,1.20648,1.2171,1.20525,1.21632,50714,8,0
2021-05-09,1.21599,1.21764,1.21584,1.21701,1337,10,0
2021-05-10,1.21702,1.21778,1.2125,1.21399,40337,8,0
2021-05-11,1.21401,1.21811,1.21227,1.21438,43846,8,0
2021-05-12,1.21437,1.21517,1.20652,1.20772,61663,8,0
2021-05-13,1.20773,1.21057,1.2051,1.20764,50271,8,0
2021-05-14,1.20764,1.21472,1.20705,1.21452,39714,8,0
2021-05-16,1.21368,1.21507,1.21368,1.21495,898,10,0
2021-05-17,1.21495,1.21684,1.21257,1.2156,34910,8,0
2021-05-18,1.2156,1.22336,1.21532,1.2222,35692,8,0
2021-05-19,1.22221,1.22448,1.21596,1.21701,54652,8,0
2021-05-20,1.21702,1.22287,1.21686,1.22245,38285,8,0
2021-05-21,1.22247,1.22393,1.21604,1.21803,41616,8,0
2021-05-23,1.21756,1.21838,1.21676,1.21802,1012,10,0
2021-05-24,1.21802,1.22296,1.21745,1.22137,35132,8,0
2021-05-25,1.22138,1.22659,1.22112,1.22466,40048,8,0
2021-05-26,1.22467,1.22624,1.21807,1.21916,38209,8,0
2021-05-27,1.21916,1.22145,1.21747,1.21924,39935,8,0
2021-05-28,1.21924,1.22045,1.21322,1.21919,38359,8,0
2021-05-30,1.21949,1.21956,1.21874,1.2189,907,10,0
2021-05-31,1.21892,1.22338,1.21829,1.22321,23488,8,0
2021-06-01,1.22322,1.22539,1.22093,1.2217,34330,8,0
2021-06-02,1.22171,1.22261,1.21637,1.22091,33227,8,0
2021-06-03,1.2209,1.22137,1.21178,1.21296,38947,8,0
2021-06-04,1.2129699999999999,1.21851,1.21035,1.21664,45897,8,0
2021-06-06,1.2159,1.21672,1.2157,1.21662,773,10,0
2021-06-07,1.2166299999999999,1.22014,1.21445,1.21902,26978,8,0
2021-06-08,1.21902,1.21937,1.21639,1.21721,31784,8,0
2021-06-09,1.21721,1.22176,1.21709,1.2178,25681,8,0
2021-06-10,1.21781,1.21942,1.21429,1.21723,54111,8,0
2021-06-11,1.21721,1.21926,1.20924,1.21072,30756,8,0
2021-06-13,1.21027,1.21109,1.20998,1.21092,1229,10,0
2021-06-14,1.21093,1.213,1.20938,1.21214,27194,8,0
2021-06-15,1.21215,1.21468,1.21009,1.21242,30043,8,0
2021-06-16,1.21243,1.21341,1.19863,1.19946,62522,8,0
2021-06-17,1.19947,1.20059,1.18914,1.19125,57234,8,0
2021-06-18,1.19125,1.19246,1.18468,1.18616,56999,8,0
2021-06-20,1.18541,1.1875,1.18535,1.18701,1489,10,0
2021-06-21,1.18702,1.19209,1.18472,1.19115,48740,8,0
2021-06-22,1.19116,1.19522,1.18805,1.19359,42032,8,0
2021-06-23,1.1936,1.19696,1.19112,1.19293,39336,8,0
2021-06-24,1.19292,1.19559,1.1917200000000001,1.19275,36325,8,0
2021-06-25,1.19276,1.19747,1.19258,1.1935,32584,8,0
2021-06-27,1.19311,1.19415,1.19303,1.19412,954,10,0
2021-06-28,1.19413,1.19442,1.19019,1.19282,34869,8,0
2021-06-29,1.19283,1.1929400000000001,1.18773,1.1899899999999999,35187,8,0
2021-06-30,1.19,1.19086,1.18447,1.18556,39271,8,0
2021-07-01,1.18557,1.18839,1.1837,1.18452,38415,8,0
2021-07-02,1.18452,1.18738,1.18066,1.18645,45232,8,0
2021-07-04,1.18585,1.18643,1.18553,1.18553,1063,10,0
2021-07-05,1.18554,1.188,1.18509,1.18622,23533,8,0
2021-07-06,1.1862300000000001,1.18947,1.18068,1.18219,45975,8,0
2021-07-07,1.1822,1.18357,1.17809,1.17926,48052,8,0
2021-07-08,1.17927,1.18674,1.17832,1.18459,51479,8,0
2021-07-09,1.18461,1.18808,1.18246,1.1877,35683,8,0
2021-07-11,1.18719,1.18757,1.18643,1.18719,1476,10,0
2021-07-12,1.1872,1.18798,1.18357,1.18624,32394,8,0
2021-07-13,1.18625,1.18748,1.17703,1.1774499999999999,52719,8,0
2021-07-14,1.1774499999999999,1.18383,1.17715,1.18326,37653,8,0
2021-07-15,1.18327,1.18502,1.17959,1.1811099999999999,37596,8,0
2021-07-16,1.1811099999999999,1.18219,1.17917,1.1804999999999999,35604,8,0
2021-07-18,1.1804000000000001,1.18134,1.18002,1.1812,1089,10,0
2021-07-19,1.18121,1.18239,1.17634,1.17917,44688,8,0
2021-07-20,1.17915,1.1802,1.1755200000000001,1.17809,44155,8,0
2021-07-21,1.1781,1.18044,1.17514,1.1791800000000001,36162,8,0
2021-07-22,1.1792,1.183,1.1757,1.1772,46495,8,0
2021-07-23,1.17721,1.17859,1.17541,1.17714,31287,8,0
2021-07-25,1.17687,1.17739,1.1764999999999999,1.17725,446,10,0
2021-07-26,1.17728,1.18168,1.1763,1.18044,22078,8,0
2021-07-27,1.18042,1.18407,1.17696,1.18201,23442,8,0
2021-07-28,1.18201,1.18492,1.17719,1.18453,41006,8,0
2021-07-29,1.18452,1.1893799999999999,1.18404,1.18898,20106,8,0
2021-07-30,1.189,1.19083,1.18512,1.18671,22319,8,0
2021-08-01,1.18631,1.18678,1.1859,1.18656,633,10,0
2021-08-02,1.18658,1.18964,1.18586,1.18736,19956,8,0
2021-08-03,1.18737,1.18929,1.18534,1.18689,18674,8,0
2021-08-04,1.18687,1.18993,1.18305,1.18368,21185,8,0
2021-08-05,1.1837,1.18568,1.18274,1.18327,19519,8,0
2021-08-06,1.1832799999999999,1.1832799999999999,1.17541,1.17608,38574,8,0
2021-08-08,1.1757,1.1758899999999999,1.17421,1.17471,1878,10,0
2021-08-09,1.17472,1.17685,1.17321,1.17357,19029,8,0
2021-08-10,1.17355,1.17424,1.17092,1.17192,16206,8,0
2021-08-11,1.17195,1.17532,1.17056,1.17414,25869,8,0
2021-08-12,1.17413,1.17478,1.17233,1.17352,14335,8,0
2021-08-13,1.17354,1.18043,1.173,1.1795,13011,8,0
2021-08-15,1.1795,1.18004,1.17908,1.17938,491,10,0
2021-08-16,1.17938,1.18003,1.1767,1.17774,14142,8,0
2021-08-17,1.17774,1.17842,1.17012,1.17087,20204,8,0
2021-08-18,1.17089,1.17424,1.16925,1.17023,24032,8,0
2021-08-19,1.17025,1.17038,1.16647,1.16759,23196,8,0
2021-08-20,1.16761,1.17041,1.16637,1.16997,16848,8,0
2021-08-22,1.1693500000000001,1.17002,1.16916,1.16965,1012,10,0
2021-08-23,1.16966,1.17498,1.16948,1.17437,17801,8,0
2021-08-24,1.17437,1.17647,1.17268,1.17523,16393,8,0
2021-08-25,1.17526,1.17741,1.17258,1.17714,18432,8,0
2021-08-26,1.17713,1.17785,1.17458,1.17531,20487,8,0
2021-08-27,1.17533,1.18017,1.1734499999999999,1.17959,28849,8,0
2021-08-29,1.17931,1.18001,1.17912,1.17978,462,10,0
2021-08-30,1.1797900000000001,1.18095,1.17822,1.1796,13226,8,0
2021-08-31,1.17959,1.18446,1.17949,1.18095,23535,8,0
2021-09-01,1.18094,1.18567,1.17933,1.18403,19815,8,0
2021-09-02,1.18404,1.18756,1.1834,1.18733,14608,8,0
2021-09-03,1.18735,1.19086,1.18654,1.18783,25559,8,0
2021-09-05,1.18783,1.18858,1.1877,1.18851,470,10,0
2021-09-06,1.18853,1.18853,1.18554,1.18729,9905,8,0
2021-09-07,1.18729,1.18848,1.1837,1.18427,20839,8,0
2021-09-08,1.18426,1.18507,1.18017,1.18184,20913,8,0
2021-09-09,1.18181,1.18409,1.18048,1.18228,24663,8,0
2021-09-10,1.18228,1.18507,1.18091,1.18103,17753,8,0
2021-09-12,1.18107,1.18144,1.18085,1.1811,516,10,0
2021-09-13,1.18112,1.18166,1.17698,1.18093,17227,8,0
2021-09-14,1.18092,1.18453,1.17997,1.18022,20784,8,0
2021-09-15,1.18022,1.18314,1.17987,1.18185,19374,8,0
2021-09-16,1.18183,1.18201,1.1750099999999999,1.17644,21151,8,0
2021-09-17,1.17644,1.17885,1.17243,1.1724999999999999,19752,8,0
2021-09-19,1.17262,1.17289,1.17229,1.17288,526,10,0
2021-09-20,1.1729,1.1736,1.16998,1.17265,18716,8,0
2021-09-21,1.17265,1.17482,1.17144,1.17224,19786,8,0
2021-09-22,1.17226,1.1755200000000001,1.16831,1.16868,39848,8,0
2021-09-23,1.16869,1.17497,1.1683,1.17394,23891,8,0
2021-09-24,1.17395,1.17471,1.17003,1.17202,15850,8,0
2021-09-26,1.17226,1.17234,1.17109,1.17221,741,10,0
2021-09-27,1.1722299999999999,1.1724700000000001,1.1684,1.16952,21716,8,0
2021-09-28,1.1695,1.17028,1.16679,1.1685699999999999,29332,8,0
2021-09-29,1.16858,1.16896,1.15889,1.16009,26710,8,0
2021-09-30,1.16011,1.16092,1.15622,1.15734,31441,8,0
2021-10-01,1.15733,1.16069,1.15626,1.15928,26074,8,0
2021-10-03,1.15954,1.16106,1.15934,1.16062,704,10,0
2021-10-04,1.16063,1.16395,1.15873,1.16158,19074,8,0
2021-10-05,1.1616,1.16195,1.15801,1.15953,19967,8,0
2021-10-06,1.15953,1.15974,1.15288,1.15547,25010,8,0
2021-10-07,1.15546,1.1571500000000001,1.1547,1.15588,17713,8,0
2021-10-08,1.15587,1.15855,1.15409,1.15739,23400,8,0
2021-10-10,1.15675,1.15758,1.15633,1.1565,619,10,0
2021-10-11,1.15651,1.1586400000000001,1.15473,1.15529,16001,8,0
2021-10-12,1.1553200000000001,1.15698,1.1524,1.15301,18931,8,0
2021-10-13,1.15303,1.15989,1.15296,1.15965,23847,8,0
2021-10-14,1.15965,1.16238,1.15836,1.159,16760,8,0
2021-10-15,1.15902,1.16183,1.15877,1.1599,18976,8,0
2021-10-17,1.15952,1.16049,1.15941,1.15961,908,10,0
2021-10-18,1.15961,1.1622,1.15714,1.16128,19572,8,0
2021-10-19,1.1613,1.16689,1.16128,1.16309,18712,8,0
2021-10-20,1.16312,1.16581,1.16164,1.1652,18811,8,0
2021-10-21,1.1651799999999999,1.1667,1.16193,1.16245,19447,8,0
2021-10-22,1.16243,1.16553,1.16208,1.16439,21413,8,0
2021-10-24,1.16404,1.1644700000000001,1.16355,1.1638600000000001,597,10,0
2021-10-25,1.16389,1.16646,1.15902,1.16083,19275,8,0
2021-10-26,1.16084,1.16252,1.15844,1.15958,17880,8,0
2021-10-27,1.1595900000000001,1.16256,1.15846,1.1598,23489,8,0
2021-10-28,1.15982,1.16917,1.15819,1.16817,37547,8,0
2021-10-29,1.16819,1.16895,1.15347,1.15614,29047,8,0
2021-10-31,1.15572,1.15641,1.1555,1.1555900000000001,1000,8,0
2021-11-01,1.1555900000000001,1.16088,1.15457,1.1599,20387,8,0
2021-11-02,1.15991,1.1613,1.1574200000000001,1.15786,21006,8,0
2021-11-03,1.15787,1.1616,1.15619,1.16149,36401,8,0
2021-11-04,1.16148,1.16156,1.15279,1.1555,25466,8,0
2021-11-05,1.15548,1.1573,1.1513,1.15676,26986,8,0
2021-11-07,1.15607,1.15694,1.15537,1.15678,1143,10,0
2021-11-08,1.15677,1.15945,1.15501,1.1587399999999999,19119,8,0
2021-11-09,1.15873,1.16083,1.15695,1.1593499999999999,24035,8,0
2021-11-10,1.15937,1.15948,1.14733,1.14851,36170,8,0
2021-11-11,1.14849,1.14871,1.14428,1.14472,22046,8,0
2021-11-12,1.14473,1.14615,1.14322,1.1443,21023,8,0
2021-11-14,1.1443699999999999,1.14442,1.14408,1.14409,172,10,0
2021-11-15,1.1441,1.14635,1.13558,1.13665,24611,8,0
2021-11-16,1.13667,1.13852,1.13084,1.1317599999999999,29380,8,0
2021-11-17,1.13178,1.13318,1.12605,1.1317300000000001,30379,8,0
2021-11-18,1.13175,1.13737,1.13134,1.13675,24696,8,0
2021-11-19,1.13674,1.13687,1.12496,1.12809,39358,8,0
2021-11-21,1.12865,1.12867,1.12714,1.1275,797,10,0
2021-11-22,1.12751,1.12901,1.12303,1.12411,37336,8,0
2021-11-23,1.1241,1.12746,1.12257,1.12442,34729,8,0
2021-11-24,1.1244,1.12549,1.11857,1.12024,37720,8,0
2021-11-25,1.12025,1.12291,1.12025,1.12086,15338,8,0
2021-11-26,1.12084,1.13269,1.12065,1.13131,43470,8,0
2021-11-28,1.13047,1.13105,1.12802,1.12919,2360,10,0
2021-11-29,1.12917,1.12999,1.12581,1.1292200000000001,30025,8,0
2021-11-30,1.12924,1.13824,1.12346,1.13296,58792,8,0
2021-12-01,1.13297,1.13592,1.13023,1.13186,39572,8,0
2021-12-02,1.13187,1.13472,1.12949,1.13052,29881,8,0
2021-12-03,1.13055,1.13331,1.12662,1.13092,42723,8,0
2021-12-05,1.13019,1.13114,1.13013,1.13037,936,10,0
2021-12-06,1.13036,1.13097,1.1266,1.12831,23415,8,0
2021-12-07,1.12832,1.1298,1.12272,1.12725,25350,8,0
2021-12-08,1.12726,1.13543,1.12665,1.13437,29874,8,0
2021-12-09,1.13438,1.13438,1.12781,1.12931,23065,8,0
2021-12-10,1.1293,1.13235,1.12647,1.13162,26458,8,0
2021-12-12,1.13117,1.13188,1.1306,1.13101,469,10,0
2021-12-13,1.13099,1.13136,1.12597,1.12829,21096,8,0
2021-12-14,1.12827,1.1323400000000001,1.12534,1.12571,21394,8,0
2021-12-15,1.12569,1.12988,1.12214,1.129,41464,8,0
2021-12-16,1.12902,1.13598,1.12809,1.1333199999999999,34446,8,0
2021-12-17,1.13334,1.13485,1.12346,1.1236,25165,8,0
2021-12-19,1.12364,1.12437,1.12343,1.12423,597,10,0
2021-12-20,1.12421,1.13033,1.12361,1.12769,26541,8,0
2021-12-21,1.1277,1.13023,1.12604,1.12869,24676,8,0
2021-12-22,1.1287099999999999,1.13418,1.12639,1.1326,23337,8,0
2021-12-23,1.13258,1.13416,1.12898,1.13221,22615,8,0
2021-12-24,1.13223,1.1342,1.1304,1.13065,8016,10,0
2021-12-26,1.13103,1.13254,1.13059,1.13227,731,10,0
2021-12-27,1.13226,1.13341,1.13025,1.13291,15311,8,0
2021-12-28,1.13289,1.13329,1.12892,1.13127,16607,8,0
2021-12-29,1.13125,1.13683,1.12733,1.13593,22656,8,0
2021-12-30,1.13591,1.13591,1.12981,1.13217,21223,8,0
2021-12-31,1.13216,1.13859,1.13029,1.13829,21037,8,0
2022-01-02,1.13716,1.1378,1.13648,1.13724,838,10,0
2022-01-03,1.13726,1.13752,1.12793,1.13012,26923,8,0
2022-01-04,1.13015,1.13221,1.12718,1.12824,28661,8,0
2022-01-05,1.12823,1.1346,1.12767,1.13103,29170,8,0
2022-01-06,1.13104,1.13315,1.12842,1.12946,31674,8,0
2022-01-07,1.12944,1.13643,1.12896,1.13611,27930,8,0
2022-01-09,1.13554,1.13605,1.13491,1.13532,766,10,0
2022-01-10,1.1353,1.1357599999999999,1.12846,1.13296,27057,8,0
2022-01-11,1.13297,1.13747,1.13125,1.13655,25926,8,0
2022-01-12,1.13657,1.14523,1.13543,1.14392,29778,8,0
2022-01-13,1.14391,1.14812,1.14352,1.14562,29716,8,0
2022-01-14,1.1456,1.14824,1.13982,1.14146,31131,8,0
2022-01-16,1.14123,1.1416,1.14055,1.14109,755,10,0
2022-01-17,1.1411,1.14339,1.13914,1.14096,18892,8,0
2022-01-18,1.14095,1.1421000000000001,1.13144,1.13282,36560,8,0
2022-01-19,1.13284,1.13567,1.13186,1.13425,27028,8,0
2022-01-20,1.13426,1.13685,1.1302699999999999,1.13125,28303,8,0
2022-01-21,1.13126,1.13593,1.13006,1.13437,26399,8,0
2022-01-23,1.13394,1.1344400000000001,1.13364,1.13407,673,10,0
2022-01-24,1.13405,1.13405,1.12901,1.13232,31633,8,0
2022-01-25,1.1323400000000001,1.13236,1.12629,1.13025,25459,8,0
2022-01-26,1.1302699999999999,1.13102,1.1235,1.12403,38427,8,0
2022-01-27,1.12402,1.12429,1.11309,1.11441,37033,8,0
2022-01-28,1.11442,1.11732,1.1121,1.11481,32833,8,0
2022-01-30,1.11424,1.1152,1.11381,1.11517,724,10,0
2022-01-31,1.11516,1.12473,1.11437,1.12289,31317,8,0
2022-02-01,1.12288,1.1278299999999999,1.12205,1.12726,30120,8,0
2022-02-02,1.12728,1.1329799999999999,1.12663,1.1299,25274,8,0
2022-02-03,1.12988,1.1451,1.1267,1.14353,52858,8,0
2022-02-04,1.14352,1.14832,1.14113,1.14507,44203,8,0
2022-02-06,1.14545,1.14574,1.14511,1.1454,611,10,0
2022-02-07,1.14542,1.14584,1.14148,1.14405,32662,8,0
2022-02-08,1.14407,1.14483,1.13959,1.14186,26876,8,0
2022-02-09,1.14161,1.14475,1.14022,1.14207,24073,8,0
2022-02-10,1.14204,1.14945,1.13745,1.14108,52841,8,0
2022-02-11,1.14107,1.14176,1.13293,1.13472,61430,8,0
2022-02-13,1.13376,1.13667,1.13369,1.13641,1304,10,0
2022-02-14,1.13642,1.13687,1.12798,1.1305399999999999,47912,8,0
2022-02-15,1.13055,1.13678,1.13028,1.1354899999999999,35585,8,0
2022-02-16,1.13547,1.13953,1.13447,1.13724,32121,8,0
2022-02-17,1.13725,1.13857,1.13228,1.13636,50950,8,0
2022-02-18,1.13634,1.13765,1.13142,1.13228,31522,8,0
2022-02-20,1.1318,1.1324,1.13129,1.1316,921,10,0
2022-02-21,1.13161,1.13902,1.12959,1.13087,27090,8,0
2022-02-22,1.13086,1.13663,1.12876,1.13286,42639,8,0
2022-02-23,1.13284,1.13585,1.12998,1.1305,26451,8,0
2022-02-24,1.13052,1.13056,1.1106,1.119,104924,8,0
2022-02-25,1.11902,1.12736,1.11656,1.12711,60585,8,0
2022-02-27,1.11351,1.11874,1.1135,1.1179999999999999,4392,10,0
2022-02-28,1.11798,1.1246,1.11418,1.1214,75208,8,0
2022-03-01,1.12138,1.12326,1.10893,1.1132,60162,8,0
2022-03-02,1.11318,1.1143399999999999,1.10571,1.11119,75952,8,0
2022-03-03,1.11121,1.11149,1.10331,1.10654,47131,8,0
2022-03-04,1.10652,1.10662,1.08853,1.09305,72152,8,0
2022-03-06,1.09254,1.09261,1.08628,1.0873,3543,10,0
2022-03-07,1.08731,1.0932,1.08056,1.08657,107009,8,0
2022-03-08,1.08658,1.09579,1.08488,1.08972,104234,8,0
2022-03-09,1.08974,1.10947,1.08963,1.1073,68248,8,0
2022-03-10,1.1072899999999999,1.1120700000000001,1.0976,1.1013,88414,8,0
2022-03-11,1.10129,1.10431,1.09017,1.09127,67988,8,0
2022-03-13,1.09198,1.09383,1.091,1.09315,2786,10,0
2022-03-14,1.09314,1.09935,1.09002,1.09424,52529,8,0
2022-03-15,1.09425,1.10189,1.0925799999999999,1.09664,60960,8,0
2022-03-16,1.09666,1.10463,1.09497,1.10211,82248,8,0
2022-03-17,1.10214,1.1137,1.10199,1.10986,47929,8,0
2022-03-18,1.10987,1.11183,1.10027,1.10508,44332,8,0
2022-03-20,1.10548,1.1057,1.10406,1.10422,1350,10,0
2022-03-21,1.1042,1.10698,1.10098,1.10163,37318,8,0
2022-03-22,1.10164,1.10452,1.09605,1.1029,44877,8,0
2022-03-23,1.10291,1.10394,1.09637,1.10056,34215,8,0
2022-03-24,1.10056,1.10133,1.09648,1.10081,40544,8,0
2022-03-25,1.10082,1.10374,1.09806,1.09837,39181,8,0
2022-03-27,1.09844,1.09859,1.09771,1.09811,1272,10,0
2022-03-28,1.0981,1.0999,1.09443,1.09908,47036,8,0
2022-03-29,1.0991,1.11367,1.09685,1.10911,74669,8,0
2022-03-30,1.10909,1.11705,1.10877,1.11608,53470,8,0
2022-03-31,1.1160700000000001,1.11845,1.10606,1.10723,57372,8,0
2022-04-01,1.10725,1.10754,1.10276,1.1048499999999999,40137,8,0
2022-04-03,1.10377,1.10453,1.10347,1.10453,803,10,0
2022-04-04,1.10453,1.10541,1.096,1.09746,29497,8,0
2022-04-05,1.09748,1.09875,1.08996,1.09055,33066,8,0
2022-04-06,1.09057,1.09376,1.0874,1.08974,46147,8,0
2022-04-07,1.08973,1.09379,1.08599,1.08638,43691,8,0
2022-04-08,1.0864,1.08913,1.08361,1.08757,33021,8,0
2022-04-10,1.08993,1.09118,1.08839,1.0884,2719,10,0
2022-04-11,1.08839,1.09327,1.08723,1.08766,32883,8,0
2022-04-12,1.08767,1.09033,1.08209,1.08256,43852,8,0
2022-04-13,1.08257,1.08968,1.08085,1.08946,36050,8,0
2022-04-14,1.08948,1.09228,1.0757,1.08199,62152,8,0
2022-04-15,1.08198,1.08221,1.07952,1.08095,9405,20,0
2022-04-17,1.08045,1.08212,1.08026,1.08136,2286,10,0
2022-04-18,1.08138,1.08156,1.07695,1.07797,21567,8,0
2022-04-19,1.07797,1.0814,1.07608,1.07937,36149,8,0
2022-04-20,1.07939,1.08663,1.07837,1.08491,39954,8,0
2022-04-21,1.08491,1.09343,1.08233,1.08346,48229,8,0
2022-04-22,1.08348,1.08511,1.07702,1.0798,42168,8,0
2022-04-24,1.08031,1.0814300000000001,1.07955,1.08091,2274,10,0
2022-04-25,1.08093,1.08117,1.06954,1.07121,61143,8,0
2022-04-26,1.07122,1.07381,1.06335,1.0642,44294,8,0
2022-04-27,1.06422,1.06544,1.05141,1.0554,59821,8,0
2022-04-28,1.05538,1.05643,1.04709,1.05026,73751,8,0
2022-04-29,1.05027,1.05926,1.05017,1.05447,58456,8,0
2022-05-01,1.05474,1.05508,1.05341,1.05346,2364,10,0
2022-05-02,1.05346,1.05681,1.04901,1.05091,41241,8,0
2022-05-03,1.05094,1.05773,1.04919,1.05249,44420,8,0
2022-05-04,1.05247,1.06305,1.0505,1.06202,80079,8,0
2022-05-05,1.06202,1.06406,1.04923,1.05392,72053,8,0
2022-05-06,1.05394,1.05983,1.04816,1.05456,91945,8,0
2022-05-08,1.05417,1.0542,1.05305,1.05321,1469,10,0
2022-05-09,1.0532,1.05922,1.04949,1.05628,57788,8,0
2022-05-10,1.0563,1.05849,1.05243,1.05287,56251,8,0
2022-05-11,1.05287,1.0576699999999999,1.05015,1.05115,75440,8,0
2022-05-12,1.05117,1.05288,1.03535,1.0378,72193,8,0
2022-05-13,1.03779,1.0419,1.0349,1.04077,47070,8,0
2022-05-15,1.04024,1.04141,1.03952,1.03976,2262,10,0
2022-05-16,1.03978,1.04426,1.03887,1.04388,37653,8,0
2022-05-17,1.04386,1.05553,1.04315,1.05485,53837,8,0
2022-05-18,1.05482,1.05634,1.04565,1.04726,39842,8,0
2022-05-19,1.04728,1.06067,1.04647,1.0579,60410,8,0
2022-05-20,1.05791,1.05987,1.05325,1.05598,43956,8,0
2022-05-22,1.05604,1.05775,1.05552,1.05687,1383,10,0
2022-05-23,1.05688,1.06968,1.05676,1.06833,47676,8,0
2022-05-24,1.06833,1.07481,1.06606,1.07324,51910,8,0
2022-05-25,1.07325,1.07363,1.0642,1.06866,49278,8,0
2022-05-26,1.06865,1.07341,1.06621,1.07321,38737,8,0
2022-05-27,1.07323,1.07647,1.06966,1.07335,35347,8,0
2022-05-29,1.0735,1.07358,1.0726,1.07288,828,10,0
2022-05-30,1.0729,1.0786,1.07265,1.07724,25220,8,0
2022-05-31,1.0772599999999999,1.07742,1.06787,1.07336,49726,8,0
2022-06-01,1.07339,1.07388,1.06267,1.06505,39818,8,0
2022-06-02,1.06503,1.07502,1.06445,1.07498,31232,8,0
2022-06-03,1.075,1.07641,1.07037,1.07188,30569,8,0
2022-06-05,1.07178,1.07292,1.07141,1.07248,1250,10,0
2022-06-06,1.0725,1.07515,1.06836,1.06893,28603,8,0
2022-06-07,1.06894,1.07139,1.06517,1.06968,36522,8,0
2022-06-08,1.0697,1.0748,1.06711,1.07166,34988,8,0
2022-06-09,1.07168,1.07733,1.06107,1.06187,67212,8,0
2022-06-10,1.0619,1.06418,1.05054,1.05181,54183,8,0
2022-06-12,1.05149,1.05196,1.04861,1.04904,3545,10,0
2022-06-13,1.04904,1.04952,1.03993,1.04145,63900,8,0
2022-06-14,1.04144,1.04844,1.03967,1.04366,64708,8,0
2022-06-15,1.04366,1.05074,1.03587,1.04571,126581,8,0
2022-06-16,1.04572,1.06009,1.03807,1.05461,92230,8,0
2022-06-17,1.05463,1.05517,1.04441,1.04944,70208,8,0
2022-06-19,1.04812,1.04924,1.04738,1.04896,2002,10,0
2022-06-20,1.04899,1.05455,1.04846,1.05171,36153,8,0
2022-06-21,1.05171,1.05822,1.05128,1.05308,43065,8,0
2022-06-22,1.0531,1.06055,1.04684,1.05643,53513,8,0
2022-06-23,1.05642,1.05807,1.04824,1.0519,64852,8,0
2022-06-24,1.05191,1.05707,1.05118,1.05542,43950,8,0
2022-06-26,1.05489,1.05744,1.05485,1.05661,2271,10,0
2022-06-27,1.05664,1.06146,1.055,1.05794,39025,8,0
2022-06-28,1.05794,1.06056,1.05028,1.05218,44276,8,0
2022-06-29,1.05217,1.0535,1.04349,1.04453,50302,8,0
2022-06-30,1.04455,1.04884,1.03821,1.04778,55633,8,0
2022-07-01,1.04781,1.04781,1.0365,1.04271,54005,8,0
2022-07-03,1.04197,1.04367,1.04155,1.0432,1877,10,0
2022-07-04,1.04318,1.04623,1.04168,1.04323,29437,8,0
2022-07-05,1.04325,1.04482,1.02348,1.02564,62194,8,0
2022-07-06,1.02565,1.02761,1.01611,1.01839,67651,8,0
2022-07-07,1.01841,1.02207,1.01439,1.01681,51584,8,0
2022-07-08,1.01683,1.01909,1.00708,1.01849,67447,8,0
2022-07-10,1.01775,1.01832,1.01647,1.01668,1918,10,0
2022-07-11,1.0167,1.01671,1.00333,1.00456,51159,8,0
2022-07-12,1.00456,1.00733,0.99997,1.00298,66388,8,0
2022-07-13,1.00299,1.01218,0.99971,1.00336,93139,8,0
2022-07-14,1.00338,1.00501,0.99519,1.00261,82535,8,0
2022-07-15,1.00263,1.00974,1.00064,1.00874,61268,8,0
2022-07-17,1.00791,1.00975,1.00785,1.0097,1881,10,0
2022-07-18,1.00971,1.02009,1.00809,1.01461,52623,8,0
2022-07-19,1.01462,1.02687,1.01191,1.02302,73302,8,0
2022-07-20,1.02304,1.02725,1.01552,1.01804,68066,8,0
2022-07-21,1.01802,1.02777,1.01521,1.02197,100661,8,0
2022-07-22,1.02197,1.02547,1.01294,1.02146,75386,8,0
2022-07-24,1.0212,1.02181,1.01987,1.01989,1739,10,0
2022-07-25,1.0199,1.02575,1.01784,1.02227,58158,8,0
2022-07-26,1.0223,1.02499,1.01073,1.01283,52451,8,0
2022-07-27,1.01283,1.02203,1.00962,1.02048,72233,8,0
2022-07-28,1.02047,1.02339,1.01136,1.01915,78041,8,0
2022-07-29,1.01918,1.02539,1.01457,1.02259,69889,8,0
2022-07-31,1.02155,1.02228,1.02052,1.02099,2183,10,0
2022-08-01,1.02101,1.02749,1.02074,1.02625,57649,8,0
2022-08-02,1.02627,1.02936,1.01543,1.01562,72235,8,0
2022-08-03,1.01561,1.02098,1.01223,1.01563,62707,8,0
2022-08-04,1.01563,1.02533,1.01538,1.02469,54456,8,0
2022-08-05,1.02472,1.02479,1.01412,1.01803,54086,8,0
2022-08-07,1.01732,1.01775,1.01688,1.01717,1318,10,0
2022-08-08,1.01719,1.02215,1.01589,1.01974,38016,8,0
2022-08-09,1.01977,1.02471,1.01884,1.02077,31418,8,0
2022-08-10,1.02077,1.03681,1.02017,1.02984,55892,8,0
2022-08-11,1.02983,1.0364,1.0275,1.03201,48450,8,0
2022-08-12,1.03203,1.03249,1.02379,1.02587,40846,8,0
2022-08-14,1.02555,1.02626,1.02532,1.02532,944,10,0
2022-08-15,1.02532,1.02679,1.01533,1.0161,37915,8,0
2022-08-16,1.01612,1.01945,1.01222,1.01692,39749,8,0
2022-08-17,1.01691,1.02026,1.01452,1.01771,49987,8,0
2022-08-18,1.01772,1.01926,1.00793,1.00888,43568,8,0
2022-08-19,1.00889,1.0095,1.00316,1.0039,35968,8,0
2022-08-21,1.0039,1.00404,1.00299,1.00358,1423,10,0
2022-08-22,1.00357,1.00461,0.99258,0.9938,40157,8,0
2022-08-23,0.9938,1.00178,0.98981,0.9966,57153,8,0
2022-08-24,0.99661,0.9999,0.99097,0.99674,48825,8,0
2022-08-25,0.99674,1.00328,0.99487,0.99703,46730,8,0
2022-08-26,0.99702,1.00895,0.99461,0.99641,61676,8,0
2022-08-28,0.99636,0.99639,0.99345,0.99356,2458,10,0
2022-08-29,0.99358,1.00289,0.99138,1.00105,52173,8,0
2022-08-30,1.00105,1.00543,0.99816,1.00231,60042,8,0
2022-08-31,1.00229,1.00786,0.9971,1.00372,60065,8,0
2022-09-01,1.00374,1.00484,0.99097,0.99514,59810,8,0
2022-09-02,0.99514,1.00332,0.99448,0.99551,61192,8,0
2022-09-04,0.99256,0.99282,0.98984,0.99076,2473,10,0
2022-09-05,0.99076,0.99515,0.98774,0.99497,41909,8,0
2022-09-06,0.99498,0.99858,0.98636,0.98968,65500,8,0
2022-09-07,0.98969,1.00109,0.98751,0.99974,55884,8,0
2022-09-08,0.99976,1.00288,0.99304,1.00094,75774,8,0
2022-09-09,1.00094,1.01129,1.00081,1.00453,56507,8,0
2022-09-11,1.00892,1.00928,1.00559,1.00699,2012,10,0
2022-09-12,1.00697,1.01975,1.00627,1.01287,55567,8,0
2022-09-13,1.01286,1.01866,0.99539,0.99776,75170,8,0
2022-09-14,0.99777,1.00232,0.99591,0.99817,66476,8,0
2022-09-15,0.99817,1.00173,0.99553,0.99871,47113,8,0
2022-09-16,0.99873,1.00361,0.9943,1.00132,55442,8,0
2022-09-18,1.0011,1.00282,1.00035,1.00217,1528,10,0
2022-09-19,1.00219,1.00318,0.99655,1.00294,42151,8,0
2022-09-20,1.00296,1.005,0.99548,0.99708,52088,8,0
2022-09-21,0.9971,0.99748,0.98122,0.98311,94122,8,0
2022-09-22,0.98311,0.9907,0.98069,0.98382,95235,8,0
2022-09-23,0.98383,0.98516,0.96678,0.96906,83763,8,0
2022-09-25,0.96703,0.97079,0.96672,0.96853,3744,10,0
2022-09-26,0.96854,0.97011,0.95496,0.96195,149354,8,0
2022-09-27,0.96197,0.96705,0.95687,0.95952,83897,8,0
2022-09-28,0.95952,0.97504,0.95355,0.97051,129139,8,0
2022-09-29,0.97054,0.98418,0.96353,0.98288,107183,8,0
2022-09-30,0.9829,0.98534,0.97342,0.98013,108332,8,0
2022-10-02,0.97962,0.98068,0.97886,0.9793,2727,10,0
2022-10-03,0.9793,0.98441,0.97524,0.98332,88602,8,0
2022-10-04,0.98334,0.99992,0.98058,0.99833,87715,8,0
2022-10-05,0.99835,0.99944,0.98343,0.99114,78307,8,0
2022-10-06,0.99115,0.99261,0.97848,0.97887,80531,8,0
2022-10-07,0.97889,0.98164,0.9725,0.97404,78404,8,0
2022-10-09,0.97319,0.97376,0.97273,0.97341,2056,10,0
2022-10-10,0.97343,0.97528,0.96814,0.97108,61562,8,0
2022-10-11,0.9711,0.97742,0.96702,0.97001,77705,8,0
2022-10-12,0.97,0.97338,0.96674,0.97047,79756,8,0
2022-10-13,0.97046,0.98055,0.96313,0.97665,107161,8,0
2022-10-14,0.97667,0.98082,0.97055,0.97229,95110,8,0
2022-10-16,0.97207,0.97428,0.97171,0.97394,2131,10,0
2022-10-17,0.97394,0.98517,0.97198,0.98432,63312,8,0
2022-10-18,0.98434,0.98752,0.98123,0.98622,70409,8,0
2022-10-19,0.98621,0.98665,0.9757,0.9765,65169,8,0
2022-10-20,0.97652,0.98451,0.97542,0.97781,74016,8,0
2022-10-21,0.97783,0.98687,0.97046,0.98588,129480,8,0
2022-10-23,0.98677,0.9897,0.98309,0.98594,14620,10,0
2022-10-24,0.98594,0.98933,0.98064,0.98838,93832,8,0
2022-10-25,0.9884,0.99764,0.98483,0.99614,66005,8,0
2022-10-26,0.99616,1.00931,0.9943,1.00928,74401,8,0
2022-10-27,1.0093,1.00931,0.99573,0.99664,86610,8,0
2022-10-28,0.99666,0.99976,0.99265,0.99661,71740,8,0
2022-10-30,0.99546,0.99617,0.99453,0.99541,1765,10,0
2022-10-31,0.99543,0.99653,0.98727,0.98853,47356,8,0
2022-11-01,0.98855,0.99536,0.98526,0.98768,61219,8,0
2022-11-02,0.9877,0.99755,0.98096,0.98138,83009,8,0
2022-11-03,0.98137,0.98391,0.97296,0.97488,68842,8,0
2022-11-04,0.97488,0.99661,0.97471,0.99582,88334,8,0
2022-11-06,0.99073,0.99428,0.99058,0.99272,1821,25,0
2022-11-07,0.9928,1.00338,0.99174,1.0017,64734,8,0
2022-11-08,1.00171,1.00958,0.99713,1.008,55578,8,0
2022-11-09,1.00799,1.00878,0.99925,1.00188,70398,8,0
2022-11-10,1.00189,1.02213,0.99352,1.01908,107012,8,0
2022-11-11,1.01909,1.03638,1.01629,1.03548,92913,8,0
2022-11-13,1.03299,1.03339,1.03117,1.03265,1642,10,0
2022-11-14,1.03267,1.03581,1.02711,1.03193,76518,8,0
2022-11-15,1.03195,1.04804,1.02797,1.0357,129756,8,0
2022-11-16,1.03571,1.04379,1.03305,1.03929,91173,8,0
2022-11-17,1.0393,1.04062,1.0305,1.03603,72669,8,0
2022-11-18,1.03605,1.03956,1.03134,1.03233,56151,8,0
2022-11-20,1.0322,1.03313,1.03211,1.03288,453,40,0
2022-11-21,1.03303,1.03325,1.02223,1.02448,59882,8,0
2022-11-22,1.02446,1.03101,1.02417,1.03101,49680,8,0
2022-11-23,1.03102,1.04175,1.02962,1.04175,62848,8,0
2022-11-24,1.04173,1.04481,1.03814,1.04074,41377,8,0
2022-11-25,1.04072,1.04289,1.03544,1.03918,46056,8,0
2022-11-27,1.03694,1.0378,1.03641,1.03666,1003,10,0
2022-11-28,1.03668,1.04964,1.03298,1.03429,67605,8,0
2022-11-29,1.0343,1.0394,1.03152,1.03228,67523,8,0
2022-11-30,1.0323,1.04282,1.02898,1.04192,85277,8,0
2022-12-01,1.04223,1.05353,1.03928,1.05276,89545,8,0
2022-12-02,1.05274,1.05445,1.04279,1.05403,80760,8,0
2022-12-04,1.05318,1.05432,1.05293,1.05431,940,10,0
2022-12-05,1.05432,1.05944,1.04799,1.04954,63601,8,0
2022-12-06,1.04956,1.05325,1.04589,1.04669,57566,8,0
2022-12-07,1.04671,1.05494,1.04429,1.051,65023,8,0
2022-12-08,1.05115,1.05645,1.04891,1.05552,50874,8,0
2022-12-09,1.0555,1.05877,1.05044,1.05325,56583,8,0
2022-12-11,1.05305,1.0534,1.05164,1.05205,663,10,0
2022-12-12,1.05204,1.05798,1.05055,1.05393,45423,8,0
2022-12-13,1.05408,1.06727,1.05277,1.06241,76270,8,0
2022-12-14,1.0624,1.06946,1.06186,1.06755,91855,8,0
2022-12-15,1.06756,1.07357,1.05921,1.06382,79526,8,0
2022-12-16,1.06384,1.06627,1.05847,1.05858,56559,8,0
2022-12-18,1.05846,1.05938,1.05809,1.0584,937,10,0
2022-12-19,1.05842,1.06574,1.05755,1.06106,46577,8,0
2022-12-20,1.0612,1.06582,1.05786,1.06248,79020,8,0
2022-12-21,1.06246,1.06444,1.059,1.06075,46951,8,0
2022-12-22,1.06073,1.06591,1.05728,1.06009,47627,8,0
2022-12-23,1.06007,1.06325,1.05863,1.06159,46491,8,0
2022-12-25,1.06107,1.06184,1.06054,1.06157,869,41,0
2022-12-26,1.06186,1.06427,1.05951,1.06369,15112,20,0
2022-12-27,1.0636700000000001,1.06691,1.06111,1.06351,37379,8,0
2022-12-28,1.06366,1.06742,1.06062,1.06285,40067,8,0
2022-12-29,1.06284,1.069,1.06108,1.066,38916,8,0
2022-12-30,1.06599,1.07127,1.0638,1.07025,53029,8,0
2023-01-01,1.06871,1.06982,1.06782,1.06982,958,118,0
2023-01-02,1.06978,1.07066,1.06357,1.06683,12873,41,0
2023-01-03,1.06686,1.06797,1.05192,1.05452,65834,8,0
2023-01-04,1.05453,1.06351,1.05449,1.06058,64209,8,0
2023-01-05,1.06056,1.06311,1.05148,1.05204,60569,8,0
2023-01-06,1.05206,1.06476,1.04791,1.06443,64177,8,0
2023-01-08,1.06386,1.06608,1.06338,1.06608,868,40,0
2023-01-09,1.06623,1.07602,1.06512,1.07324,51075,8,0
2023-01-10,1.07322,1.07589,1.07118,1.07381,50993,8,0
2023-01-11,1.0738,1.07759,1.0725,1.0765,42586,8,0
2023-01-12,1.07652,1.0866500000000001,1.07273,1.08592,84150,8,0
2023-01-13,1.08591,1.08674,1.078,1.0832,53059,8,0
2023-01-15,1.08315,1.08329,1.08185,1.08222,844,10,0
2023-01-16,1.08223,1.08738,1.08012,1.08282,30697,8,0
2023-01-17,1.08283,1.0869,1.07741,1.07891,61118,8,0
2023-01-18,1.07892,1.08869,1.07657,1.0796999999999999,80310,8,0
2023-01-19,1.07971,1.08395,1.07819,1.08317,53158,8,0
2023-01-20,1.08331,1.08584,1.08019,1.0855299999999999,41216,8,0
2023-01-22,1.08612,1.08676,1.08586,1.08637,844,10,0
2023-01-23,1.0864,1.09262,1.08458,1.08709,45589,8,0
2023-01-24,1.08712,1.08974,1.08348,1.08895,43114,8,0
2023-01-25,1.08894,1.0923,1.08569,1.09203,41720,8,0
2023-01-26,1.09205,1.0929,1.08501,1.08927,43518,8,0
2023-01-27,1.08929,1.08998,1.08374,1.08678,36375,8,0
2023-01-29,1.08581,1.08714,1.08579,1.08714,449,10,0
2023-01-30,1.08716,1.09132,1.08389,1.08495,38689,8,0
2023-01-31,1.08496,1.08744,1.08016,1.08603,43376,8,0
2023-02-01,1.08602,1.1031,1.08519,1.10108,66466,8,0
2023-02-02,1.10123,1.10263,1.08851,1.09027,68486,8,0
2023-02-03,1.09042,1.09396,1.07923,1.07931,60606,0,0
2023-02-05,1.07835,1.07964,1.07819,1.07891,1137,10,0
2023-02-06,1.07889,1.07984,1.07089,1.07269,41624,8,0
2023-02-07,1.07285,1.07661,1.06689,1.0729899999999999,63495,8,0
2023-02-08,1.07297,1.07602,1.07075,1.07151,35255,8,0
2023-02-09,1.0715,1.07902,1.07094,1.07388,36146,8,0
2023-02-10,1.07389,1.07522,1.0666,1.06769,41452,8,0
2023-02-12,1.06805,1.06805,1.06694,1.06768,688,10,0
2023-02-13,1.06769,1.07306,1.06552,1.07306,31553,8,0
2023-02-14,1.07305,1.08043,1.07065,1.07332,74087,8,0
2023-02-15,1.07348,1.07441,1.06602,1.0691,43534,8,0
2023-02-16,1.06912,1.07218,1.06541,1.06653,47022,8,0
2023-02-17,1.06651,1.06979,1.06124,1.06941,38919,8,0
2023-02-19,1.06852,1.06908,1.06808,1.06835,584,10,0
2023-02-20,1.06836,1.07041,1.06698,1.06819,18429,8,0
2023-02-21,1.06818,1.06976,1.06371,1.06508,43688,8,0
2023-02-22,1.06507,1.06635,1.05987,1.0605,42171,8,0
2023-02-23,1.06052,1.06273,1.05768,1.05971,36706,8,0
2023-02-24,1.05973,1.06138,1.05357,1.05451,46808,8,0
2023-02-26,1.05444,1.05533,1.0544,1.05529,399,10,0
2023-02-27,1.0553,1.06194,1.05326,1.06076,34232,8,0
2023-02-28,1.06092,1.06446,1.05725,1.05764,39912,8,0
2023-03-01,1.05765,1.0691,1.05649,1.0668,48074,8,0
2023-03-02,1.06682,1.06723,1.05761,1.05981,43855,8,0
2023-03-03,1.05979,1.06382,1.05879,1.06336,36585,8,0
2023-03-05,1.06252,1.06269,1.06202,1.06238,514,40,0
2023-03-06,1.06253,1.06939,1.06218,1.06837,36057,8,0
2023-03-07,1.06851,1.06939,1.05456,1.05464,52536,8,0
2023-03-08,1.05479,1.05734,1.0524,1.0547,42147,8,0
2023-03-09,1.05485,1.05907,1.05377,1.05836,34704,8,0
2023-03-10,1.05851,1.07003,1.05736,1.06389,74637,8,0
2023-03-12,1.06727,1.07022,1.06722,1.06807,7564,10,0
2023-03-13,1.0681,1.07481,1.06498,1.07226,98770,8,0
2023-03-14,1.07228,1.07491,1.06784,1.07265,74242,8,0
2023-03-15,1.07266,1.07593,1.05158,1.05813,90238,8,0
2023-03-16,1.05812,1.06352,1.05508,1.06131,81731,8,0
2023-03-17,1.06133,1.06847,1.06112,1.06652,43050,8,0
2023-03-19,1.06798,1.06866,1.06645,1.06802,1446,10,0
2023-03-20,1.06803,1.07303,1.06309,1.07181,52116,8,0
2023-03-21,1.07183,1.07881,1.07036,1.07722,33679,8,0
2023-03-22,1.07722,1.09119,1.07587,1.08684,57307,8,0
2023-03-23,1.08686,1.09293,1.08238,1.08342,48642,8,0
2023-03-24,1.08344,1.08366,1.07128,1.07596,55266,8,0
2023-03-26,1.07686,1.07782,1.07637,1.07771,1528,10,0
2023-03-27,1.07772,1.08072,1.07447,1.08058,31781,8,0
2023-03-28,1.0806,1.0848,1.08032,1.08385,28519,8,0
2023-03-29,1.08386,1.08709,1.08173,1.08422,29842,8,0
2023-03-30,1.08425,1.0925799999999999,1.08231,1.09038,32211,8,0
2023-03-31,1.09037,1.09251,1.08365,1.0842,34744,8,0
2023-04-02,1.08405,1.08425,1.08009,1.08024,2157,10,0
2023-04-03,1.08023,1.09162,1.07878,1.09064,36240,8,0
2023-04-04,1.09066,1.09726,1.08825,1.09573,35780,8,0
2023-04-05,1.09575,1.09691,1.08906,1.09026,32003,8,0
2023-04-06,1.09028,1.09371,1.08843,1.09157,24982,8,0
2023-04-07,1.09158,1.09207,1.08754,1.08899,8307,20,0
2023-04-09,1.08971,1.0913,1.08965,1.09126,741,10,0
2023-04-10,1.09127,1.09168,1.0831,1.08685,20775,8,0
2023-04-11,1.08686,1.09275,1.08667,1.09158,24136,8,0
2023-04-12,1.09159,1.09999,1.09143,1.09964,33028,8,0
2023-04-13,1.0996299999999999,1.10673,1.09763,1.10512,28771,8,0
2023-04-14,1.10514,1.10751,1.09721,1.09922,33604,8,0
2023-04-16,1.09884,1.09937,1.0983,1.0984,772,10,0
2023-04-17,1.09842,1.09994,1.09088,1.09241,28646,8,0
2023-04-18,1.09242,1.09824,1.0922,1.09745,26298,8,0
2023-04-19,1.09747,1.09836,1.09169,1.09513,29392,8,0
2023-04-20,1.09514,1.09893,1.0933,1.09674,30736,8,0
2023-04-21,1.09673,1.09932,1.09376,1.09885,30877,8,0
2023-04-23,1.09878,1.09957,1.09859,1.09914,498,10,0
2023-04-24,1.09914,1.10566,1.09655,1.10566,27695,8,0
2023-04-25,1.10567,1.10667,1.09566,1.09776,32483,8,0
2023-04-26,1.09778,1.10948,1.09681,1.10448,42184,8,0
2023-04-27,1.10448,1.1063,1.09917,1.10312,37525,8,0
2023-04-28,1.10312,1.10446,1.0962,1.1017,46330,8,0
2023-04-30,1.10174,1.10195,1.1009,1.10102,871,10,0
2023-05-01,1.10105,1.1035,1.0964,1.09683,25797,8,0
2023-05-02,1.09681,1.10133,1.09417,1.10103,36205,8,0
2023-05-03,1.10104,1.1091,1.10045,1.10681,45658,8,0
2023-05-04,1.10683,1.1091199999999999,1.09856,1.10225,55325,8,0
2023-05-05,1.10225,1.10473,1.09663,1.10181,34854,8,0
2023-05-07,1.10159,1.10215,1.10126,1.10178,708,10,0
2023-05-08,1.1018,1.10533,1.0995,1.09962,21679,8,0
2023-05-09,1.0996,1.10004,1.09407,1.09642,25225,8,0
2023-05-10,1.09643,1.10064,1.09412,1.09826,33394,8,0
2023-05-11,1.09824,1.09976,1.08997,1.09119,35125,8,0
2023-05-12,1.09121,1.09349,1.08475,1.08491,24768,8,0
2023-05-14,1.08511,1.08531,1.08437,1.08523,586,10,0
2023-05-15,1.08525,1.08902,1.08478,1.08732,20571,8,0
2023-05-16,1.08734,1.09042,1.08546,1.0865,25274,8,0
2023-05-17,1.08652,1.08731,1.08099,1.08374,26435,8,0
2023-05-18,1.08373,1.08475,1.07621,1.07745,23901,8,0
2023-05-19,1.07746,1.08283,1.07597,1.08058,30986,8,0
2023-05-21,1.08051,1.08238,1.08044,1.08215,682,10,0
2023-05-22,1.08216,1.08308,1.0795,1.081,28262,8,0
2023-05-23,1.08102,1.08201,1.07599,1.07688,31231,8,0
2023-05-24,1.07686,1.08008,1.07403,1.07552,33582,8,0
2023-05-25,1.07553,1.07553,1.0707,1.07232,29653,8,0
2023-05-26,1.07232,1.07582,1.07013,1.07256,29222,8,0
2023-05-28,1.07187,1.07273,1.07164,1.07212,585,10,0
2023-05-29,1.07212,1.07431,1.0705,1.07064,10257,8,0
2023-05-30,1.07062,1.07461,1.06721,1.07313,30314,8,0
2023-05-31,1.07311,1.07352,1.06349,1.0693,36257,8,0
2023-06-01,1.06931,1.07679,1.06614,1.07601,32549,8,0
2023-06-02,1.07599,1.07786,1.07048,1.07074,29374,8,0
2023-06-04,1.07064,1.07079,1.06935,1.06965,802,10,0
2023-06-05,1.06965,1.07219,1.06741,1.07109,25431,8,0
2023-06-06,1.07108,1.07324,1.06666,1.06981,25228,8,0
2023-06-07,1.06982,1.07392,1.06679,1.07065,25651,8,0
2023-06-08,1.07067,1.07866,1.07006,1.07814,25973,8,0
2023-06-09,1.07815,1.0784799999999999,1.07424,1.0748199999999999,22749,8,0
2023-06-11,1.07461,1.07509,1.07413,1.07495,545,10,0
2023-06-12,1.07497,1.07896,1.07328,1.07618,23116,8,0
2023-06-13,1.07617,1.0823,1.07589,1.0789,31553,8,0
2023-06-14,1.07891,1.08636,1.07737,1.08424,34526,8,0
2023-06-15,1.08425,1.09521,1.08035,1.09444,34233,8,0
2023-06-16,1.09447,1.09701,1.09176,1.09414,28801,8,0
2023-06-18,1.09323,1.09425,1.09298,1.09394,1251,10,0
2023-06-19,1.09395,1.09459,1.09067,1.09231,27337,8,0
2023-06-20,1.09233,1.09458,1.08916,1.09194,41499,8,0
2023-06-21,1.09195,1.09917,1.09052,1.09911,45010,8,0
2023-06-22,1.09912,1.10119,1.09481,1.09551,43838,8,0
2023-06-23,1.09552,1.09581,1.08441,1.0893,48087,8,0
2023-06-25,1.08973,1.09062,1.08938,1.09059,1395,10,0
2023-06-26,1.0906,1.0919699999999999,1.08869,1.09095,37053,8,0
2023-06-27,1.09096,1.09763,1.09016,1.09571,42887,8,0
2023-06-28,1.0957,1.09618,1.08964,1.09147,43913,8,0
2023-06-29,1.09148,1.09409,1.08585,1.0867,46851,8,0
2023-06-30,1.08671,1.09313,1.08349,1.09105,44358,8,0
2023-07-02,1.09099,1.09114,1.09063,1.09072,839,10,0
2023-07-03,1.09073,1.09322,1.08699,1.09124,37185,8,0
2023-07-04,1.09125,1.0916,1.08754,1.0882,25104,8,0
2023-07-05,1.08821,1.09074,1.08502,1.08547,39755,8,0
2023-07-06,1.08548,1.09002,1.08333,1.08893,53641,8,0
2023-07-07,1.08894,1.09728,1.08666,1.09685,49161,8,0
2023-07-09,1.09601,1.09678,1.09589,1.09665,1010,10,0
2023-07-10,1.09666,1.10054,1.0943,1.10049,39429,8,0
2023-07-11,1.1005,1.10265,1.09766,1.10132,38264,8,0
2023-07-12,1.10133,1.11401,1.10116,1.114,48663,8,0
2023-07-13,1.11402,1.12276,1.11295,1.1223,46567,8,0
2023-07-14,1.12231,1.1244399999999999,1.12039,1.12281,44774,8,0
2023-07-16,1.12268,1.12297,1.12214,1.12269,1162,10,0
2023-07-17,1.1227,1.12482,1.12031,1.1237,34381,8,0
2023-07-18,1.12371,1.12754,1.12086,1.12279,51084,8,0
2023-07-19,1.12279,1.12398,1.1174,1.12046,46384,8,0
2023-07-20,1.12047,1.12286,1.1118,1.11341,43849,8,0
2023-07-21,1.11341,1.11446,1.11074,1.11249,38680,8,0
2023-07-23,1.11225,1.11297,1.11225,1.1124,1221,10,0
2023-07-24,1.11241,1.11465,1.10579,1.10625,46965,8,0
2023-07-25,1.10627,1.10864,1.10205,1.10495,38081,8,0
2023-07-26,1.10496,1.11062,1.10375,1.10775,51755,8,0
2023-07-27,1.10776,1.11492,1.09654,1.09777,67805,8,0
2023-07-28,1.09777,1.1047,1.09432,1.10165,67329,8,0
2023-07-30,1.10158,1.10266,1.10142,1.10233,1334,10,0
2023-07-31,1.10235,1.10453,1.0992,1.09962,42316,8,0
2023-08-01,1.09962,1.10162,1.09519,1.10072,44044,8,0
2023-08-02,1.10073,1.1007500000000001,1.09176,1.0943,49652,8,0
2023-08-03,1.0943100000000001,1.09623,1.0912,1.09506,54185,8,0
2023-08-04,1.09507,1.10415,1.09332,1.10077,48815,8,0
2023-08-06,1.10133,1.10141,1.09995,1.1002,1358,10,0
2023-08-07,1.10021,1.10114,1.0965,1.10022,35687,8,0
2023-08-08,1.1002399999999999,1.10105,1.09287,1.09588,42645,8,0
2023-08-09,1.09588,1.09949,1.0955,1.09768,37072,8,0
2023-08-10,1.09768,1.10643,1.09669,1.09812,55599,8,0
2023-08-11,1.09813,1.10046,1.09426,1.09468,44766,8,0
2023-08-13,1.09495,1.09506,1.09383,1.09428,1123,10,0
2023-08-14,1.09429,1.09596,1.08743,1.09073,44329,8,0
2023-08-15,1.09073,1.0952,1.08969,1.09034,50860,8,0
2023-08-16,1.09035,1.09341,1.08711,1.0874,46803,8,0
2023-08-17,1.08742,1.09177,1.08559,1.08739,48092,8,0
2023-08-18,1.08739,1.08935,1.08446,1.08724,43255,8,0
2023-08-20,1.08669,1.08766,1.08669,1.08744,1024,10,0
2023-08-21,1.08746,1.09131,1.08692,1.08972,39739,8,0
2023-08-22,1.08972,1.09299,1.08325,1.0846,40314,8,0
2023-08-23,1.08461,1.08711,1.0802100000000001,1.0865,48284,8,0
2023-08-24,1.08651,1.08761,1.07885,1.07981,41650,8,0
2023-08-25,1.07979,1.08412,1.07654,1.07947,48305,8,0
2023-08-27,1.0794,1.07991,1.07915,1.07965,1303,10,0
2023-08-28,1.07966,1.08293,1.07956,1.08252,34510,8,0
2023-08-29,1.08252,1.08915,1.07818,1.08687,44753,8,0
2023-08-30,1.08688,1.09451,1.08548,1.09291,45934,8,0
2023-08-31,1.09292,1.09391,1.08347,1.08419,45927,8,0
2023-09-01,1.08418,1.08815,1.07717,1.07737,47888,8,0
2023-09-03,1.07756,1.07761,1.07698,1.07752,851,10,0
2023-09-04,1.07753,1.08084,1.07729,1.07908,22667,8,0
2023-09-05,1.0790899999999999,1.07979,1.07059,1.07241,40893,8,0
2023-09-06,1.07242,1.07483,1.07023,1.07235,43391,8,0
2023-09-07,1.07235,1.07314,1.06857,1.0697,37691,8,0
2023-09-08,1.06972,1.07434,1.06938,1.07,36237,8,0
2023-09-10,1.07106,1.07201,1.07065,1.07158,1599,10,0
2023-09-11,1.07159,1.07588,1.07096,1.07471,37404,8,0
2023-09-12,1.07471,1.07687,1.07051,1.07527,36095,8,0
2023-09-13,1.07528,1.07644,1.071,1.07324,50165,8,0
2023-09-14,1.07324,1.07517,1.06314,1.06346,50283,8,0
2023-09-15,1.06346,1.06874,1.06329,1.06603,39264,8,0
2023-09-17,1.06607,1.06681,1.06606,1.06676,874,10,0
2023-09-18,1.06676,1.06983,1.06543,1.06916,30950,8,0
2023-09-19,1.06917,1.07175,1.06746,1.0681,33151,8,0
2023-09-20,1.06811,1.07363,1.06474,1.06493,46451,8,0
2023-09-21,1.06495,1.06731,1.06164,1.06599,49057,8,0
2023-09-22,1.06599,1.06713,1.06146,1.06455,39830,8,0
2023-09-24,1.06506,1.06514,1.06418,1.06479,1132,10,0
2023-09-25,1.0648,1.06549,1.0575,1.05909,36118,8,0
2023-09-26,1.05909,1.06086,1.05617,1.05687,36883,8,0
2023-09-27,1.05686,1.05735,1.04877,1.05049,43553,8,0
2023-09-28,1.05051,1.0578400000000001,1.04907,1.05618,51050,8,0
2023-09-29,1.05619,1.06166,1.05576,1.05735,50456,8,0
2023-10-01,1.05676,1.05697,1.05559,1.0563,1595,10,0
2023-10-02,1.05636,1.05915,1.0473,1.04794,45213,8,0
2023-10-03,1.04795,1.04931,1.04478,1.04682,57465,8,0
2023-10-04,1.04683,1.05318,1.04509,1.05065,54258,8,0
2023-10-05,1.05064,1.05514,1.04996,1.05459,48863,8,0
2023-10-06,1.0546,1.05995,1.04822,1.05856,57454,8,0
2023-10-08,1.05494,1.05679,1.05469,1.05658,2359,10,0
2023-10-09,1.0566,1.05792,1.05191,1.05782,44090,8,0
2023-10-10,1.05782,1.06194,1.05541,1.06038,54261,8,0
2023-10-11,1.06039,1.06343,1.05808,1.06232,51406,8,0
2023-10-12,1.06231,1.06392,1.05252,1.05354,50793,8,0
2023-10-13,1.05352,1.0558,1.04952,1.05076,46704,8,0
2023-10-15,1.0511,1.05235,1.0506199999999999,1.05216,1525,10,0
2023-10-16,1.05217,1.05623,1.05151,1.05535,40680,8,0
2023-10-17,1.05538,1.05944,1.05325,1.05724,48303,8,0
2023-10-18,1.05724,1.05937,1.05227,1.05375,47055,8,0
2023-10-19,1.05376,1.0616,1.05277,1.05859,59209,8,0
2023-10-20,1.05861,1.06032,1.05646,1.05934,44942,8,0
2023-10-22,1.05931,1.05956,1.05869,1.05891,1178,10,0
2023-10-23,1.0588899999999999,1.06775,1.05711,1.06695,43482,8,0
2023-10-24,1.06696,1.06941,1.05827,1.05945,46779,8,0
2023-10-25,1.05945,1.06062,1.05584,1.05659,41701,8,0
2023-10-26,1.05658,1.05687,1.05216,1.05635,49847,8,0
2023-10-27,1.05635,1.05966,1.05348,1.0564,44222,8,0
2023-10-29,1.05653,1.05671,1.05571,1.05617,1337,10,0
2023-10-30,1.05617,1.06246,1.05467,1.06135,39440,8,0
2023-10-31,1.06136,1.06745,1.05573,1.05776,51112,8,0
2023-11-01,1.05777,1.05861,1.05163,1.05858,57929,8,0
2023-11-02,1.0586,1.06673,1.05832,1.06153,48024,8,0
2023-11-03,1.06155,1.07463,1.06144,1.07297,48818,8,0
2023-11-05,1.07243,1.07315,1.07214,1.0729,989,40,0
2023-11-06,1.0729,1.07559,1.07128,1.07171,40005,8,0
2023-11-07,1.07181,1.07191,1.06636,1.06941,45361,8,0
2023-11-08,1.06953,1.07154,1.06591,1.07088,44502,8,0
2023-11-09,1.07107,1.07248,1.06597,1.06666,51016,8,0
2023-11-10,1.06669,1.06922,1.06559,1.06844,42021,8,0
2023-11-12,1.06834,1.06886,1.06793,1.06883,1109,40,0
2023-11-13,1.06901,1.07057,1.06646,1.07009,38613,8,0
2023-11-14,1.0701100000000001,1.0887,1.06925,1.08774,54957,8,0
2023-11-15,1.08775,1.08856,1.08314,1.08534,50468,8,0
2023-11-16,1.08536,1.0895,1.08299,1.08521,46866,8,0
2023-11-17,1.08524,1.09133,1.08246,1.09131,46910,8,0
2023-11-19,1.09091,1.09094,1.0903,1.0903100000000001,1105,40,0
2023-11-20,1.09051,1.09515,1.08972,1.09439,46706,8,0
2023-11-21,1.0944099999999999,1.09648,1.08997,1.09167,53516,8,0
2023-11-22,1.09169,1.09224,1.0852,1.08872,51092,8,0
2023-11-23,1.08874,1.09301,1.08868,1.09035,34978,8,0
2023-11-24,1.09036,1.09479,1.08944,1.09369,38192,7,0
2023-11-26,1.09394,1.0946,1.09355,1.09372,1268,40,0
2023-11-27,1.09392,1.09588,1.09247,1.09583,50869,8,0
2023-11-28,1.09585,1.10086,1.09342,1.10035,59081,7,0
2023-11-29,1.10038,1.10167,1.09595,1.09729,63284,8,0
2023-11-30,1.0973,1.09834,1.08788,1.08913,66815,8,0
2023-12-01,1.08914,1.09123,1.08283,1.08818,64256,7,0
2023-12-03,1.0876,1.0893,1.08738,1.08838,2348,39,0
2023-12-04,1.08854,1.08863,1.08035,1.08366,61386,7,0
2023-12-05,1.08368,1.0847,1.0777700000000001,1.07929,64088,7,0
2023-12-06,1.0793,1.08044,1.07577,1.07658,55205,8,0
2023-12-07,1.07659,1.08172,1.07549,1.07892,61973,8,0
2023-12-08,1.07895,1.08002,1.07224,1.076,67642,8,0
2023-12-10,1.07567,1.07656,1.07565,1.07636,1151,40,0
2023-12-11,1.07648,1.07785,1.07412,1.07646,49220,8,0
2023-12-12,1.07647,1.08278,1.07609,1.07975,57545,7,0
2023-12-13,1.07977,1.08961,1.07729,1.0882,67340,7,0
2023-12-14,1.08821,1.10087,1.08788,1.09926,85519,7,0
2023-12-15,1.09931,1.10031,1.08883,1.08945,67909,7,0
2023-12-17,1.08906,1.08961,1.089,1.08926,1133,40,0
2023-12-18,1.08944,1.09308,1.08936,1.09227,52294,8,0
2023-12-19,1.09229,1.0987,1.09146,1.0979,55638,8,0
2023-12-20,1.09791,1.09791,1.09295,1.09429,55725,8,0
2023-12-21,1.09429,1.10122,1.09349,1.10051,61739,7,0
2023-12-22,1.10051,1.10399,1.09933,1.1013,55534,8,0
2023-12-25,1.0971,1.10165,1.0971,1.10115,878,156,0
2023-12-26,1.10127,1.10447,1.10035,1.10417,25093,10,0
2023-12-27,1.10419,1.11223,1.10281,1.11077,41172,10,0
2023-12-28,1.11079,1.11391,1.10547,1.10673,48302,10,0
2023-12-29,1.10676,1.1084,1.10336,1.10369,47679,10,0
2024-01-01,1.10193,1.10369,1.10193,1.10306,1275,127,0
2024-01-02,1.10304,1.10385,1.09361,1.09411,51585,10,0
2024-01-03,1.09413,1.0965,1.08924,1.09253,62533,8,0
2024-01-04,1.09254,1.09718,1.09156,1.09457,53517,10,0
2024-01-05,1.09456,1.09981,1.08759,1.0942,69551,10,0
2024-01-07,1.09398,1.09445,1.09329,1.09394,1073,40,0
2024-01-08,1.0941,1.09785,1.09222,1.09491,49586,10,0
2024-01-09,1.09493,1.09659,1.09097,1.09311,50930,10,0
2024-01-10,1.09313,1.09743,1.09222,1.09735,43782,10,0
2024-01-11,1.09737,1.0998,1.09297,1.09818,70401,10,0
2024-01-12,1.0982,1.09865,1.09354,1.09499,53613,10,0
2024-01-14,1.09466,1.09494,1.09421,1.09432,918,40,0
2024-01-15,1.09448,1.09671,1.0933,1.09446,35336,10,0
2024-01-16,1.09447,1.0946,1.08616,1.08777,66514,10,0
2024-01-17,1.08779,1.0884800000000001,1.08441,1.08847,58466,10,0
2024-01-18,1.08857,1.09064,1.08464,1.08792,58770,10,0
2024-01-19,1.08793,1.08973,1.08654,1.08968,47772,10,0
2024-01-21,1.08869,1.0895299999999999,1.08835,1.08903,1649,40,0
2024-01-22,1.08916,1.09089,1.08765,1.0877,44051,10,0
2024-01-23,1.08771,1.09157,1.08209,1.08567,47643,10,0
2024-01-24,1.08566,1.0931899999999999,1.0851,1.08812,55955,10,0
2024-01-25,1.08808,1.09015,1.08212,1.08452,60715,10,0
2024-01-26,1.08449,1.08855,1.08123,1.08544,47432,10,0
2024-01-28,1.08399,1.08471,1.08375,1.08409,1788,40,0
2024-01-29,1.08421,1.08496,1.07954,1.08331,41205,10,0
2024-01-30,1.08333,1.08568,1.08115,1.08425,47587,10,0
2024-01-31,1.08424,1.08871,1.07944,1.08035,84067,10,0
2024-02-01,1.08037,1.08756,1.07794,1.08735,60876,10,0
2024-02-02,1.08737,1.08971,1.07801,1.0787,54127,10,0
2024-02-04,1.07824,1.07849,1.07686,1.07785,1549,40,0
2024-02-05,1.07794,1.07855,1.07228,1.07405,45765,10,0
2024-02-06,1.07405,1.07619,1.0722,1.07558,45617,10,0
2024-02-07,1.07562,1.07835,1.07554,1.0775,44470,10,0
2024-02-08,1.07752,1.07884,1.07413,1.07767,40930,10,0
2024-02-09,1.07774,1.07946,1.07617,1.07851,41022,10,0
2024-02-11,1.07816,1.07966,1.07804,1.07955,1373,40,0
2024-02-12,1.07974,1.0805,1.07554,1.0771,35412,10,0
2024-02-13,1.07712,1.0798,1.07001,1.0708,48986,10,0
2024-02-14,1.07081,1.07339,1.06946,1.07311,42482,10,0
2024-02-15,1.07317,1.07844,1.07242,1.07727,42152,10,0
2024-02-16,1.07723,1.07869,1.0731600000000001,1.07767,42389,10,0
2024-02-18,1.07734,1.07827,1.07669,1.07812,1180,40,0
2024-02-19,1.07834,1.07889,1.07616,1.07754,26842,10,0
2024-02-20,1.07751,1.08385,1.07614,1.08102,41657,10,0
2024-02-21,1.08092,1.08239,1.07897,1.08198,42236,10,0
2024-02-22,1.08198,1.08878,1.08024,1.08244,49225,10,0
2024-02-23,1.0824799999999999,1.0839,1.08114,1.08205,38809,10,0
2024-02-25,1.08252,1.08252,1.08151,1.08177,1316,40,0
2024-02-26,1.08188,1.08594,1.08122,1.08497,34984,10,0
2024-02-27,1.08499,1.08655,1.0832600000000001,1.0841,37082,10,0
2024-02-28,1.08408,1.08453,1.0796000000000001,1.08376,39319,10,0
2024-02-29,1.08378,1.08554,1.07955,1.08046,50887,10,0
2024-03-01,1.08054,1.08427,1.07977,1.08389,41713,10,0
2024-03-03,1.08341,1.0842,1.08337,1.0838700000000001,1289,40,0
2024-03-04,1.08411,1.0866500000000001,1.08374,1.08541,35293,10,0
2024-03-05,1.08537,1.08758,1.08398,1.08554,38005,10,0
2024-03-06,1.08551,1.09148,1.08419,1.08979,43028,10,0
2024-03-07,1.0899,1.09498,1.08676,1.09498,46425,10,0
2024-03-08,1.09507,1.09807,1.09172,1.09379,48316,10,0
2024-03-10,1.09329,1.0943100000000001,1.09329,1.09421,1984,10,0
2024-03-11,1.09422,1.09477,1.09141,1.09302,35203,10,0
2024-03-12,1.09301,1.09435,1.09016,1.09264,41764,10,0
2024-03-13,1.09262,1.09634,1.0919699999999999,1.09525,34356,10,0
2024-03-14,1.09526,1.09542,1.08799,1.08821,38149,10,0
2024-03-15,1.08823,1.08992,1.08723,1.08866,30884,10,0
2024-03-17,1.08879,1.08898,1.08797,1.08826,1863,10,0
2024-03-18,1.0883,1.09055,1.08657,1.0873,27740,10,0
2024-03-19,1.0873,1.08762,1.08343,1.08616,34171,10,0
2024-03-20,1.0861399999999999,1.09367,1.08361,1.09366,42879,10,0
2024-03-21,1.09367,1.09421,1.0855,1.08615,40466,10,0
2024-03-22,1.0861399999999999,1.08674,1.08013,1.0808200000000001,30078,10,0
2024-03-24,1.08067,1.08096,1.08028,1.08069,1335,10,0
2024-03-25,1.0807,1.08419,1.08018,1.08364,25253,10,0
2024-03-26,1.08366,1.08638,1.08238,1.08316,28788,10,0
2024-03-27,1.08321,1.08385,1.08071,1.0812,29637,10,0
2024-03-28,1.08122,1.08261,1.07746,1.07903,36325,10,0
2024-03-29,1.07903,1.0802,1.07631,1.07743,19288,10,0
2024-03-31,1.07887,1.07942,1.07832,1.07913,2289,10,0
2024-04-01,1.07927,1.07984,1.07307,1.07364,27315,10,0
2024-04-02,1.0737,1.07785,1.07241,1.07678,32172,10,0
2024-04-03,1.07677,1.08403,1.07635,1.08375,33157,10,0
2024-04-04,1.08372,1.08762,1.08316,1.08357,31887,10,0
2024-04-05,1.08361,1.08475,1.0791,1.08366,35615,10,0
2024-04-07,1.08362,1.08369,1.08255,1.0829,1665,10,0
2024-04-08,1.08295,1.0863,1.0820400000000001,1.08612,33056,10,0
2024-04-09,1.08616,1.08845,1.08472,1.0858,30845,10,0
2024-04-10,1.08583,1.0866,1.07283,1.0741,49221,10,0
2024-04-11,1.07409,1.07559,1.06988,1.07258,47513,10,0
2024-04-12,1.07258,1.07278,1.06221,1.06403,42471,10,0
2024-04-14,1.06289,1.06496,1.06266,1.06468,2677,10,0
2024-04-15,1.06459,1.06647,1.06197,1.06244,46386,10,0
2024-04-16,1.06245,1.06531,1.06004,1.062,53824,10,0
2024-04-17,1.06207,1.06791,1.06056,1.0668,46212,10,0
2024-04-18,1.06685,1.06897,1.06397,1.06427,39685,10,0
2024-04-19,1.0642,1.06774,1.06099,1.06561,54960,10,0
2024-04-21,1.06524,1.06608,1.0648,1.06571,1750,10,0
2024-04-22,1.06571,1.067,1.06236,1.0653299999999999,34486,10,0
2024-04-23,1.0653299999999999,1.07108,1.06381,1.07018,41234,10,0
2024-04-24,1.07018,1.07138,1.06775,1.06995,34495,10,0
2024-04-25,1.06998,1.07402,1.0678,1.07264,43222,10,0
2024-04-26,1.07264,1.07524,1.06734,1.06925,39430,10,0
2024-04-28,1.0689899999999999,1.07067,1.06874,1.07066,1836,10,0
2024-04-29,1.07065,1.07331,1.06897,1.07144,43597,10,0
2024-04-30,1.07144,1.07347,1.06575,1.06656,44011,10,0
2024-05-01,1.06658,1.07322,1.06491,1.07166,50936,10,0
2024-05-02,1.07166,1.07304,1.06738,1.07293,42978,10,0
2024-05-03,1.07296,1.08116,1.0723799999999999,1.07623,48372,10,0
2024-05-05,1.07608,1.07644,1.0757,1.0758,1467,10,0
2024-05-06,1.07579,1.07902,1.07549,1.0767,28819,10,0
2024-05-07,1.07669,1.07869,1.07471,1.07495,33823,10,0
2024-05-08,1.07493,1.07569,1.07344,1.07465,29224,10,0
2024-05-09,1.07465,1.07851,1.07234,1.07811,31862,10,0
2024-05-10,1.07811,1.07894,1.07598,1.07703,29292,10,0
2024-05-12,1.07703,1.07747,1.07654,1.07696,1558,10,0
2024-05-13,1.07696,1.08063,1.07654,1.07916,26835,10,0
2024-05-14,1.07917,1.08251,1.07668,1.08133,31797,10,0
2024-05-15,1.08132,1.08898,1.08127,1.08878,38829,10,0
2024-05-16,1.08878,1.08946,1.08539,1.08674,31316,10,0
2024-05-17,1.08674,1.08779,1.08353,1.08686,25461,10,0
2024-05-19,1.08672,1.08738,1.08651,1.08717,1236,10,0
2024-05-20,1.08717,1.08839,1.08536,1.086,25668,10,0
2024-05-21,1.086,1.08743,1.08421,1.08535,30818,10,0
2024-05-22,1.08535,1.08631,1.0817,1.08246,32892,10,0
2024-05-23,1.08247,1.08603,1.08043,1.08112,39311,10,0
2024-05-24,1.08112,1.08573,1.08051,1.08456,27763,10,0
2024-05-26,1.08472,1.085,1.08403,1.08462,1487,10,0
2024-05-27,1.08462,1.08669,1.08403,1.08608,20590,10,0
2024-05-28,1.0861,1.08885,1.08508,1.08509,32272,10,0
2024-05-29,1.08509,1.08583,1.07947,1.08009,36128,10,0
2024-05-30,1.08008,1.08447,1.07878,1.0830899999999999,35620,10,0
2024-05-31,1.0831,1.0882,1.08108,1.0848,37973,10,0
2024-06-02,1.0846,1.08526,1.08448,1.08524,1660,10,0
2024-06-03,1.08522,1.09091,1.08274,1.09066,36230,10,0
2024-06-04,1.09068,1.09154,1.08585,1.08814,39124,10,0
2024-06-05,1.08814,1.08911,1.08541,1.0873599999999999,34887,10,0
2024-06-06,1.08737,1.09015,1.08616,1.08911,34800,10,0
2024-06-07,1.0890900000000001,1.09016,1.0799,1.0801,39407,10,0
2024-06-09,1.07621,1.07794,1.07553,1.07784,2521,10,0
2024-06-10,1.07782,1.0781,1.07322,1.07628,34613,10,0
2024-06-11,1.07628,1.07731,1.0719,1.07396,34667,10,0
2024-06-12,1.07393,1.08519,1.07342,1.08124,53533,10,0
2024-06-13,1.08124,1.08158,1.07322,1.07372,39996,10,0
2024-06-14,1.07372,1.07445,1.06671,1.07016,43207,10,0
2024-06-16,1.07009,1.0707200000000001,1.06983,1.07022,1781,10,0
2024-06-17,1.07022,1.07405,1.0686,1.07394,38303,10,0
2024-06-18,1.07395,1.07609,1.07094,1.0738,38735,10,0
2024-06-19,1.07383,1.07528,1.07243,1.07466,26182,10,0
2024-06-20,1.07468,1.0748,1.06977,1.07057,35740,10,0
2024-06-21,1.07057,1.07202,1.06706,1.06918,36380,10,0
2024-06-23,1.06875,1.06952,1.06845,1.06874,1639,10,0
2024-06-24,1.06875,1.07458,1.06834,1.07317,32538,10,0
2024-06-25,1.07315,1.07436,1.06901,1.07088,31377,10,0
2024-06-26,1.07087,1.07174,1.0665499999999999,1.06795,35501,10,0
2024-06-27,1.06795,1.07259,1.06766,1.0707200000000001,36737,10,0
2024-06-28,1.07071,1.07242,1.0685,1.07131,39863,10,0
2024-06-30,1.07347,1.07405,1.07301,1.07344,2644,10,0
2024-07-01,1.07345,1.07759,1.07193,1.07359,40482,10,0
2024-07-02,1.0735999999999999,1.07487,1.07096,1.07475,34193,10,0
2024-07-03,1.07476,1.08163,1.07357,1.07904,32662,10,0
2024-07-04,1.07905,1.08133,1.07832,1.081,22520,10,0
2024-07-05,1.08101,1.08421,1.08011,1.0839,34767,10,0
2024-07-07,1.08009,1.08316,1.07989,1.08252,2671,10,0
2024-07-08,1.08252,1.08448,1.0814300000000001,1.083,32353,10,0
2024-07-09,1.083,1.08328,1.08052,1.08139,31255,10,0
2024-07-10,1.08139,1.08362,1.08102,1.08327,28184,10,0
2024-07-11,1.08327,1.08994,1.08317,1.08734,44411,10,0
2024-07-12,1.08734,1.09108,1.0861399999999999,1.0906,36043,10,0
2024-07-14,1.08852,1.08917,1.08799,1.08855,2508,3,0
2024-07-15,1.08855,1.0922,1.0883099999999999,1.08978,35359,7,0
2024-07-16,1.08979,1.0905,1.08713,1.09018,35082,10,0
2024-07-17,1.09018,1.09477,1.08948,1.09396,40743,10,0
2024-07-18,1.09396,1.09402,1.08925,1.08996,36629,10,0
2024-07-19,1.08996,1.08997,1.08753,1.08827,34082,10,0
2024-07-21,1.08807,1.09022,1.08807,1.08983,3004,10,0
2024-07-22,1.08983,1.08992,1.0872600000000001,1.08883,31759,10,0
2024-07-23,1.08885,1.0896,1.08435,1.08493,30714,10,0
2024-07-24,1.08493,1.0866,1.08254,1.08376,35000,10,0
2024-07-25,1.08375,1.08695,1.08279,1.08508,43702,10,0
2024-07-26,1.08508,1.08676,1.08417,1.08551,29652,10,0
2024-07-28,1.08563,1.08596,1.08524,1.08525,1864,10,0
2024-07-29,1.08525,1.08694,1.08022,1.08188,28616,10,0
2024-07-30,1.08188,1.08353,1.07977,1.08153,31370,10,0
2024-07-31,1.08153,1.08488,1.08015,1.08235,46315,10,0
2024-08-01,1.08235,1.08348,1.07768,1.07861,45370,10,0
2024-08-02,1.0786,1.09261,1.07815,1.09103,52873,8,0
2024-08-04,1.09165,1.09207,1.09012,1.09099,4021,10,0
2024-08-05,1.091,1.10083,1.08922,1.09501,99859,8,0
2024-08-06,1.09501,1.09625,1.09034,1.09255,59867,10,0
2024-08-07,1.09255,1.09362,1.0905,1.09271,46762,10,0
2024-08-08,1.09274,1.09446,1.08811,1.09142,44969,8,0
2024-08-09,1.09143,1.09307,1.09085,1.0915,30141,10,0
2024-08-11,1.09133,1.09186,1.09095,1.09122,1817,10,0
2024-08-12,1.09122,1.09389,1.09114,1.09356,28527,10,0
2024-08-13,1.09356,1.09992,1.09133,1.09954,34267,8,0
2024-08-14,1.09954,1.1047,1.0986,1.10112,36229,8,0
2024-08-15,1.10112,1.10151,1.0949200000000001,1.09721,32716,8,0
2024-08-16,1.09721,1.10291,1.09714,1.10272,27078,8,0
2024-08-18,1.10239,1.10334,1.10221,1.10242,1118,10,0
2024-08-19,1.1024,1.10871,1.10228,1.10848,20876,10,0
2024-08-20,1.1085099999999999,1.1131199999999999,1.10714,1.11269,24449,8,0
2024-08-21,1.1127,1.11738,1.10987,1.11545,31126,10,0
2024-08-22,1.11546,1.11648,1.10978,1.11155,25945,8,0
2024-08-23,1.11152,1.12004,1.11048,1.11925,29910,8,0
2024-08-25,1.11884,1.11936,1.1186,1.11888,1423,8,0
2024-08-26,1.11891,1.12013,1.1149499999999999,1.11639,25841,7,0
2024-08-27,1.11641,1.11902,1.11494,1.11766,24564,8,0
2024-08-28,1.11767,1.11797,1.11046,1.11241,28258,8,0
2024-08-29,1.11239,1.11394,1.10553,1.10796,33521,7,0
2024-08-30,1.108,1.10945,1.10434,1.10474,30353,8,0
2024-09-01,1.10468,1.10494,1.10437,1.10442,1522,8,0
2024-09-02,1.10443,1.10769,1.10414,1.1067,25789,8,0
2024-09-03,1.1067,1.10697,1.10259,1.1048,43202,7,0
2024-09-04,1.10478,1.10949,1.10396,1.10798,40250,7,0
2024-09-05,1.10798,1.11195,1.10743,1.11108,42272,7,0
2024-09-06,1.11108,1.11546,1.10653,1.1085099999999999,57190,7,0
2024-09-08,1.10817,1.10905,1.10809,1.10863,2149,8,0
2024-09-09,1.10864,1.10906,1.1032,1.1035,35550,8,0
2024-09-10,1.1035,1.10492,1.10147,1.102,31527,8,0
2024-09-11,1.10198,1.10545,1.10015,1.101,43964,7,0
2024-09-12,1.101,1.10786,1.10051,1.10784,39424,7,0
2024-09-13,1.10781,1.11014,1.10722,1.10752,35009,7,0
2024-09-15,1.1076,1.10891,1.10714,1.10868,1552,9,0
2024-09-16,1.1087,1.11371,1.10863,1.11286,33723,9,0
2024-09-17,1.11286,1.11458,1.11101,1.11214,40350,8,0
2024-09-18,1.11214,1.11887,1.10964,1.11135,61241,8,0
2024-09-19,1.11137,1.11782,1.1068,1.11589,58635,8,0
2024-09-20,1.11589,1.11814,1.11356,1.11626,44952,9,0
2024-09-22,1.11602,1.11644,1.1157,1.11587,1796,9,0
2024-09-23,1.11585,1.1166800000000001,1.10828,1.11106,46639,8,0
2024-09-24,1.11105,1.11905,1.11029,1.11903,43084,8,0
2024-09-25,1.11903,1.12137,1.1121,1.11292,45041,8,0
2024-09-26,1.11292,1.11889,1.11252,1.11764,52593,8,0
2024-09-27,1.11764,1.12026,1.11242,1.11632,54762,8,0
2024-09-29,1.11576,1.11721,1.11566,1.11686,2045,9,0
2024-09-30,1.11686,1.12087,1.11133,1.11362,54304,9,0
2024-10-01,1.11363,1.11436,1.10453,1.10642,59257,8,0
2024-10-02,1.10643,1.10824,1.10324,1.10456,45348,8,0
2024-10-03,1.10455,1.10463,1.1008,1.10346,51036,8,0
2024-10-04,1.10346,1.10391,1.09509,1.09743,48834,8,0
2024-10-06,1.09663,1.09714,1.09609,1.09702,2497,9,0
2024-10-07,1.09701,1.09864,1.0954,1.0974,45266,9,0
2024-10-08,1.0974,1.09968,1.09605,1.09753,40505,9,0
2024-10-09,1.09751,1.09782,1.09357,1.09413,39169,9,0
2024-10-10,1.09413,1.09539,1.08998,1.09331,51835,8,0
2024-10-11,1.0933,1.09536,1.09257,1.09357,34063,8,0
2024-10-13,1.09311,1.09322,1.09219,1.09229,1481,9,0
2024-10-14,1.09229,1.09362,1.08876,1.09086,34983,9,0
2024-10-15,1.09089,1.09166,1.08814,1.08829,38791,8,0
2024-10-16,1.08828,1.09013,1.08528,1.08586,36386,8,0
2024-10-17,1.08586,1.0873,1.08106,1.08287,43442,8,0
2024-10-18,1.08288,1.08693,1.08268,1.08673,32918,8,0
2024-10-20,1.08602,1.08694,1.08587,1.08678,1678,9,0
2024-10-21,1.08679,1.08685,1.08107,1.08152,32468,9,0
2024-10-22,1.08151,1.08376,1.07922,1.07961,34209,9,0
2024-10-23,1.07959,1.08062,1.07607,1.07798,36960,9,0
2024-10-24,1.07799,1.08295,1.07702,1.08234,41376,8,0
2024-10-25,1.08234,1.0839,1.07927,1.07953,32872,8,0
2024-10-27,1.07919,1.08015,1.07849,1.07958,2554,9,0
2024-10-28,1.07957,1.08274,1.07818,1.08171,34450,9,0
2024-10-29,1.08172,1.08259,1.07682,1.08195,44027,8,0
2024-10-30,1.08194,1.0871,1.08075,1.08576,44809,8,0
2024-10-31,1.08576,1.08876,1.08439,1.08833,50505,8,0
2024-11-01,1.08834,1.09051,1.08314,1.08333,42689,8,0
2024-11-03,1.08781,1.08812,1.08717,1.08724,2088,9,0
2024-11-04,1.08724,1.09143,1.08694,1.08733,41459,8,0
2024-11-05,1.08734,1.09369,1.08719,1.09336,35127,8,0
2024-11-06,1.09336,1.09336,1.0682,1.07314,141890,9,0
2024-11-07,1.07314,1.0824799999999999,1.07125,1.07952,69931,8,0
2024-11-08,1.07952,1.07971,1.06864,1.07179,57196,8,0
2024-11-10,1.07085,1.07166,1.07041,1.07128,2019,9,0
2024-11-11,1.0713,1.07275,1.0628,1.06626,47881,9,0
2024-11-12,1.06627,1.06627,1.05943,1.06163,54540,9,0
2024-11-13,1.06163,1.06534,1.05537,1.05654,68398,8,0
2024-11-14,1.05654,1.05823,1.04956,1.05293,71140,8,0
2024-11-15,1.05293,1.05926,1.05159,1.05375,63949,8,0
2024-11-17,1.05272,1.05374,1.05271,1.05361,1704,9,0
2024-11-18,1.05363,1.06068,1.05299,1.05941,51056,9,0
2024-11-19,1.05941,1.06074,1.05227,1.06066,67376,9,0
2024-11-20,1.06066,1.06093,1.05061,1.05452,52509,9,0
2024-11-21,1.05452,1.05545,1.04617,1.04685,61063,8,0
2024-11-22,1.04683,1.04977,1.03316,1.0418,82319,9,0
2024-11-24,1.04747,1.05007,1.04608,1.04789,4763,9,0
2024-11-25,1.04788,1.05299,1.04423,1.0443500000000001,74076,8,0
2024-11-26,1.04436,1.05446,1.04246,1.04911,86145,8,0
2024-11-27,1.04913,1.05871,1.0474,1.05618,74033,8,0
2024-11-28,1.05618,1.05624,1.05273,1.05596,48143,8,0
2024-11-29,1.05596,1.0596700000000001,1.05411,1.05764,62380,9,0
2024-12-01,1.05682,1.05704,1.0533,1.05436,3222,9,0
2024-12-02,1.05436,1.05462,1.04601,1.05003,83438,8,0
2024-12-03,1.0500099999999999,1.05347,1.04802,1.05097,63767,8,0
2024-12-04,1.05097,1.05436,1.04719,1.05121,74273,8,0
2024-12-05,1.05122,1.05891,1.05078,1.05859,60084,9,0
2024-12-06,1.05859,1.06289,1.0542,1.05672,63613,8,0
2024-12-08,1.05567,1.0569,1.05534,1.05659,1615,9,0
2024-12-09,1.05516,1.05939,1.05318,1.0554,48642,9,0
2024-12-10,1.05542,1.05676,1.04981,1.05306,52200,9,0
2024-12-11,1.05308,1.05388,1.04797,1.05048,66141,9,0
2024-12-12,1.05049,1.05305,1.04607,1.04735,71762,9,0
2024-12-13,1.04735,1.05238,1.04527,1.05027,55278,9,0
2024-12-15,1.04858,1.05105,1.04824,1.05091,1866,9,0
2024-12-16,1.05091,1.0524499999999999,1.04743,1.05163,52045,9,0
2024-12-17,1.05163,1.05342,1.04786,1.04939,51523,9,0
2024-12-18,1.04938,1.0512299999999999,1.03435,1.03503,71323,9,0
2024-12-19,1.03503,1.0422,1.03503,1.03643,76422,8,0
2024-12-20,1.03643,1.0447,1.03427,1.0428,65392,8,0
2024-12-22,1.04277,1.04433,1.04261,1.04333,2155,9,0
2024-12-23,1.04334,1.0445,1.03837,1.04039,45798,8,0
2024-12-24,1.0404,1.04095,1.03831,1.03927,31830,8,0
2024-12-25,1.03992,1.04028,1.03958,1.03986,1459,9,0
2024-12-26,1.03986,1.04297,1.03901,1.04214,30049,9,0
2024-12-27,1.04214,1.0443500000000001,1.04047,1.04253,37646,8,0
2024-12-29,1.0427,1.04338,1.04254,1.04292,1438,9,0
2024-12-30,1.04292,1.04578,1.03713,1.04052,50158,9,0
2024-12-31,1.04052,1.0424,1.03434,1.03526,46761,9,0
2025-01-01,1.03501,1.03565,1.03461,1.03507,1705,9,0
2025-01-02,1.03508,1.03751,1.02235,1.02676,68375,8,0
2025-01-03,1.02675,1.03094,1.02643,1.03083,41823,9,0
2025-01-05,1.03038,1.03075,1.02959,1.03046,1427,9,0
2025-01-06,1.03046,1.04365,1.02953,1.0383,85395,8,0
2025-01-07,1.03829,1.04341,1.03357,1.03414,63553,8,0
2025-01-08,1.03416,1.03572,1.02726,1.03129,65180,8,0
2025-01-09,1.03129,1.0321,1.02833,1.0296,44247,9,0
2025-01-10,1.0296,1.03115,1.02127,1.02448,68535,8,0
2025-01-12,1.02371,1.02465,1.02358,1.02428,1502,9,0
2025-01-13,1.02428,1.0277,1.01767,1.02637,67455,9,0
2025-01-14,1.02634,1.03083,1.0238,1.03057,67047,8,0
2025-01-15,1.03057,1.03536,1.02576,1.02948,62427,9,0
2025-01-16,1.02945,1.03147,1.02601,1.03011,64150,9,0
2025-01-17,1.03011,1.03302,1.02649,1.02702,56838,9,0
2025-01-19,1.02769,1.02801,1.02653,1.02799,1896,9,0
2025-01-20,1.028,1.04343,1.02777,1.04206,89188,9,0
2025-01-21,1.04206,1.04352,1.03413,1.04054,88041,9,0
2025-01-22,1.04053,1.04569,1.03994,1.04074,56977,9,0
2025-01-23,1.04074,1.04375,1.03715,1.04153,63730,9,0
2025-01-24,1.04155,1.05211,1.0411299999999999,1.04942,66988,8,0
2025-01-26,1.04789,1.04852,1.04648,1.04672,2102,9,0
2025-01-27,1.04672,1.05327,1.04277,1.04368,74735,8,0
2025-01-28,1.04371,1.04561,1.04134,1.04268,62817,8,0
2025-01-29,1.04269,1.04432,1.03818,1.04243,70506,8,0
2025-01-30,1.04243,1.04673,1.03826,1.03963,70586,9,0
2025-01-31,1.03963,1.04335,1.03495,1.03585,85387,9,0
2025-02-02,1.02379,1.02693,1.02337,1.02464,5437,22,0
2025-02-03,1.02469,1.03501,1.02103,1.03279,138576,9,0
2025-02-04,1.03279,1.03873,1.02715,1.03713,70943,9,0
2025-02-05,1.03714,1.04421,1.03695,1.03984,62257,9,0
2025-02-06,1.03986,1.04049,1.03523,1.03846,54335,9,0
2025-02-07,1.03846,1.04122,1.03049,1.03264,79075,9,0
2025-02-09,1.02813,1.03131,1.02793,1.03094,2350,9,0
2025-02-10,1.03094,1.03361,1.02982,1.03003,45674,9,0
2025-02-11,1.03005,1.03811,1.02918,1.03627,45166,9,0
2025-02-12,1.03629,1.04297,1.03166,1.0392,69222,9,0
2025-02-13,1.03918,1.04669,1.03727,1.04612,82100,8,0
2025-02-14,1.04612,1.05136,1.04469,1.04908,51753,9,0
2025-02-16,1.0484,1.04939,1.04829,1.04879,1741,9,0
2025-02-17,1.04879,1.05059,1.04667,1.04846,36815,9,0
2025-02-18,1.04846,1.04858,1.04347,1.04479,44682,9,0
2025-02-19,1.04479,1.0461,1.04005,1.04205,46083,9,0
2025-02-20,1.04205,1.05053,1.04183,1.04998,51895,9,0
2025-02-21,1.04998,1.05044,1.04489,1.04602,51138,9,0
2025-02-23,1.04657,1.04842,1.04589,1.04736,2515,9,0
2025-02-24,1.04737,1.05278,1.04526,1.0461,59169,9,0
2025-02-25,1.04612,1.05224,1.04559,1.052,52716,9,0
2025-02-26,1.0520100000000001,1.05284,1.04745,1.04876,60720,9,0
2025-02-27,1.04876,1.0489,1.03871,1.03935,60582,9,0
2025-02-28,1.03938,1.04195,1.03594,1.03749,63295,9,0
2025-03-02,1.03974,1.04205,1.03949,1.04116,2498,9,0
2025-03-03,1.04116,1.05037,1.03882,1.04849,74092,9,0
2025-03-04,1.0485,1.06366,1.04706,1.06228,92965,9,0
2025-03-05,1.06228,1.07966,1.06017,1.07936,111846,9,0
2025-03-06,1.07936,1.08534,1.0765500000000001,1.07869,107717,9,0
2025-03-07,1.07866,1.08884,1.07808,1.08327,89692,9,0
2025-03-09,1.08305,1.0865,1.08289,1.08598,4028,9,0
2025-03-10,1.08598,1.08742,1.08046,1.08389,82977,9,0
2025-03-11,1.0839,1.09466,1.08354,1.09138,81253,9,0
2025-03-12,1.0913599999999999,1.09311,1.08751,1.08853,72605,8,0
2025-03-13,1.08853,1.08967,1.08222,1.08546,71908,8,0
2025-03-14,1.08546,1.09124,1.08302,1.08784,66097,9,0
2025-03-16,1.08792,1.0884800000000001,1.08735,1.08794,2243,9,0
2025-03-17,1.08794,1.09293,1.08681,1.09179,51155,9,0
2025-03-18,1.09179,1.09544,1.08923,1.09383,54001,9,0
2025-03-19,1.09383,1.09447,1.08602,1.09115,62351,8,0
2025-03-20,1.09115,1.09168,1.08144,1.08529,57744,9,0
2025-03-21,1.08532,1.0861,1.07965,1.08146,50981,9,0
2025-03-23,1.08133,1.08366,1.08119,1.08355,2532,9,0
2025-03-24,1.08355,1.08578,1.07811,1.08022,56476,9,0
2025-03-25,1.08022,1.083,1.07765,1.07885,49783,9,0
2025-03-26,1.07886,1.08022,1.07319,1.07409,56470,9,0
2025-03-27,1.07412,1.08208,1.07403,1.08006,57853,9,0
2025-03-28,1.08005,1.08442,1.07639,1.08301,52559,9,0
2025-03-30,1.08267,1.08289,1.08035,1.08233,3901,9,0
2025-03-31,1.08233,1.0849,1.07836,1.08172,63585,9,0
2025-04-01,1.08172,1.08295,1.0778,1.07941,58695,9,0
2025-04-02,1.07941,1.09243,1.07796,1.09037,88818,9,0
2025-04-03,1.09036,1.11466,1.08794,1.10449,163723,9,0
2025-04-04,1.10449,1.11074,1.09239,1.09632,199166,9,0
2025-04-06,1.08912,1.10012,1.0873599999999999,1.0983,17656,9,0
2025-04-07,1.09832,1.10498,1.0899,1.09144,207151,9,0
2025-04-08,1.09146,1.09916,1.0888,1.09771,134109,9,0
2025-04-09,1.09774,1.10948,1.09129,1.09506,253958,9,0
2025-04-10,1.09505,1.12621,1.09497,1.12573,176909,9,0
2025-04-11,1.1257,1.14738,1.12462,1.13571,288037,9,0
2025-04-13,1.13145,1.13535,1.13132,1.1341700000000001,9041,9,0
2025-04-14,1.13416,1.14242,1.12955,1.13357,139044,9,0
2025-04-15,1.13355,1.13785,1.12636,1.12933,105701,9,0
2025-04-16,1.12931,1.14124,1.12924,1.13954,118965,9,0
2025-04-17,1.13956,1.1396600000000001,1.13352,1.13693,104594,9,0
2025-04-18,1.13694,1.13924,1.13562,1.13853,27746,57,0
2025-04-20,1.13928,1.1458,1.13922,1.14485,8647,9,0
2025-04-21,1.1448800000000001,1.1573,1.1448800000000001,1.15137,102887,9,0
2025-04-22,1.15138,1.15468,1.13075,1.13502,124726,9,0
2025-04-23,1.13499,1.14396,1.13079,1.13291,136762,9,0
2025-04-24,1.13294,1.13979,1.1320999999999999,1.13723,88029,9,0
2025-04-25,1.13721,1.13882,1.13153,1.13611,80919,9,0
2025-04-27,1.13605,1.13647,1.1339,1.13446,4818,9,0
2025-04-28,1.13448,1.14247,1.1329,1.14073,78897,9,0
2025-04-29,1.14075,1.14195,1.13697,1.13902,80976,9,0
2025-04-30,1.13902,1.13989,1.13168,1.13217,86287,9,0
2025-05-01,1.13218,1.13407,1.12655,1.12953,70382,9,0
2025-05-02,1.12953,1.13804,1.12738,1.12998,87112,9,0
2025-05-04,1.12987,1.13273,1.12926,1.13209,4063,9,0
2025-05-05,1.1320999999999999,1.13646,1.12965,1.13117,72283,9,0
2025-05-06,1.13117,1.13806,1.12793,1.13397,84724,9,0
2025-05-07,1.13396,1.13778,1.12913,1.13025,89063,9,0
2025-05-08,1.13025,1.13358,1.12117,1.12265,92152,9,0
2025-05-09,1.12268,1.12926,1.11961,1.1248,61124,9,0
2025-05-11,1.11945,1.1236,1.11858,1.12274,5024,9,0
2025-05-12,1.12276,1.12423,1.10647,1.10951,111983,9,0
2025-05-13,1.10953,1.11968,1.10946,1.11855,72846,9,0
2025-05-14,1.11856,1.12654,1.11641,1.11811,89720,9,0
2025-05-15,1.1181,1.1228,1.11697,1.11918,71515,9,0
2025-05-16,1.11917,1.12191,1.11305,1.1162,62988,9,0
2025-05-18,1.11721,1.11936,1.11703,1.11884,4340,9,0
2025-05-19,1.11886,1.12879,1.1172,1.12321,75958,9,0
2025-05-20,1.12321,1.12899,1.12177,1.12878,67766,9,0
2025-05-21,1.1288,1.13625,1.12865,1.13315,83876,9,0
2025-05-22,1.13315,1.13448,1.12553,1.12817,79121,9,0
2025-05-23,1.1282,1.13755,1.12786,1.13621,83971,9,0
2025-05-25,1.13641,1.13815,1.13591,1.13744,5984,9,0
2025-05-26,1.13744,1.14186,1.13685,1.1388099999999999,45569,9,0
2025-05-27,1.1388099999999999,1.14069,1.13224,1.13366,63695,9,0
2025-05-28,1.13366,1.1345399999999999,1.12097,1.12297,75318,9,0
2025-05-29,1.12295,1.13843,1.12229,1.13764,85380,9,0
2025-05-30,1.13762,1.13896,1.13123,1.13473,75293,9,0
2025-06-01,1.13466,1.13601,1.13452,1.13527,3641,9,0
2025-06-02,1.13527,1.14535,1.13523,1.14528,65698,9,0
2025-06-03,1.14527,1.14544,1.13634,1.13839,60109,9,0
2025-06-04,1.13837,1.1434199999999999,1.13567,1.14206,62169,9,0
2025-06-05,1.14208,1.14947,1.14043,1.14531,79750,9,0
2025-06-06,1.14531,1.14568,1.13714,1.1394199999999999,64207,8,0
2025-06-08,1.13947,1.14111,1.13901,1.1406,2408,9,0
2025-06-09,1.1406,1.14387,1.13862,1.14259,45834,9,0
2025-06-10,1.14258,1.14474,1.13727,1.1437,59060,9,0
2025-06-11,1.14371,1.15128,1.1405,1.15096,63176,8,0
2025-06-12,1.15096,1.16314,1.15015,1.16082,79570,9,0
2025-06-13,1.1608100000000001,1.1614200000000001,1.14884,1.15497,93001,9,0
2025-06-15,1.1528,1.15471,1.15252,1.15375,5374,9,0
2025-06-16,1.15375,1.16145,1.15233,1.15534,65682,9,0
2025-06-17,1.1553499999999999,1.158,1.14738,1.14815,69440,9,0
2025-06-18,1.14814,1.15299,1.14605,1.14758,77198,9,0
2025-06-19,1.14756,1.15123,1.14459,1.15112,55578,9,0
2025-06-20,1.15111,1.15435,1.14948,1.15213,55655,9,0
2025-06-22,1.14539,1.1507100000000001,1.14539,1.14993,7326,9,0
2025-06-23,1.14995,1.16082,1.14531,1.15975,83971,9,0
2025-06-24,1.15978,1.16416,1.15795,1.1611799999999999,71225,9,0
2025-06-25,1.16117,1.16843,1.15895,1.16829,53538,9,0
2025-06-26,1.16831,1.17451,1.16672,1.16928,72660,9,0
2025-06-27,1.16929,1.17539,1.16829,1.17181,63181,9,0
2025-06-29,1.17252,1.17384,1.1719,1.17265,3759,9,0
2025-06-30,1.17267,1.17904,1.17073,1.17859,61306,9,0
2025-07-01,1.17859,1.18296,1.1761,1.18047,62694,9,0
2025-07-02,1.18045,1.18098,1.17463,1.17981,56839,9,0
2025-07-03,1.1797900000000001,1.18097,1.17172,1.17685,56806,9,0
2025-07-04,1.17686,1.17873,1.17557,1.17775,37706,9,0
2025-07-06,1.1782,1.17821,1.17721,1.17798,2503,9,0
2025-07-07,1.178,1.17899,1.16861,1.17361,56324,9,0
2025-07-08,1.17363,1.17651,1.1682,1.17231,55496,9,0
2025-07-09,1.17232,1.17392,1.16894,1.17375,49498,9,0
2025-07-10,1.17375,1.17492,1.16621,1.17013,48484,9,0
2025-07-11,1.17014,1.17136,1.16644,1.16902,55019,9,0
2025-07-13,1.16662,1.16832,1.16582,1.1682299999999999,4673,9,0
2025-07-14,1.16824,1.16974,1.16539,1.16648,46355,9,0
2025-07-15,1.16648,1.16922,1.15926,1.1607,52505,9,0
2025-07-16,1.16071,1.17212,1.15617,1.16351,97616,9,0
2025-07-17,1.1635,1.1635900000000001,1.15563,1.16145,51544,9,0
2025-07-18,1.16146,1.16715,1.16115,1.16242,44442,9,0
2025-07-20,1.1625,1.16341,1.16219,1.16293,3858,9,0
2025-07-21,1.16292,1.17165,1.16141,1.16944,45186,9,0
2025-07-22,1.1694499999999999,1.17601,1.16782,1.17374,46969,9,0
2025-07-23,1.17375,1.17783,1.17107,1.17727,57921,9,0
2025-07-24,1.17726,1.17886,1.17301,1.17541,54042,9,0
2025-07-25,1.17543,1.17604,1.17027,1.174,51397,9,0
2025-07-27,1.17533,1.17676,1.1750099999999999,1.17549,3499,9,0
2025-07-28,1.17548,1.177,1.15819,1.1595900000000001,60860,9,0
2025-07-29,1.1596,1.15988,1.15185,1.15504,63359,9,0
2025-07-30,1.15501,1.15722,1.13982,1.14276,76691,9,0
2025-07-31,1.14276,1.14604,1.14052,1.14213,64958,9,0
2025-08-01,1.14215,1.15966,1.13909,1.15872,98854,8,0
2025-08-03,1.1588,1.15952,1.15777,1.15871,4943,9,0
2025-08-04,1.15871,1.15884,1.15491,1.15835,65989,9,0
2025-08-05,1.15835,1.15875,1.15271,1.1578,57209,9,0
2025-08-06,1.15781,1.16681,1.15639,1.16625,51006,9,0
2025-08-07,1.16624,1.16984,1.16105,1.16763,65243,9,0
2025-08-08,1.16766,1.16789,1.16282,1.16413,46290,9,0
2025-08-10,1.1645699999999999,1.1650800000000001,1.16418,1.16471,2558,9,0
2025-08-11,1.16472,1.16751,1.15896,1.16159,42556,9,0
2025-08-12,1.16158,1.1696900000000001,1.15983,1.16774,67116,9,0
2025-08-13,1.16772,1.17299,1.16702,1.1712,45586,9,0
2025-08-14,1.1712,1.17146,1.16306,1.16503,53548,9,0
2025-08-15,1.16503,1.17149,1.16462,1.17043,40689,9,0
2025-08-17,1.1708,1.17157,1.17035,1.17059,2343,9,0
2025-08-18,1.17059,1.17105,1.16556,1.1667399999999999,42795,9,0
2025-08-19,1.1667399999999999,1.16925,1.16388,1.16411,42862,9,0
2025-08-20,1.16411,1.16733,1.16215,1.16505,48002,9,0
2025-08-21,1.16505,1.16625,1.1599599999999999,1.16121,47338,9,0
2025-08-22,1.16121,1.17421,1.15823,1.17206,56935,9,0
2025-08-24,1.17199,1.17245,1.17071,1.17078,2737,9,0
2025-08-25,1.17076,1.17202,1.16023,1.1614200000000001,43719,9,0
2025-08-26,1.16143,1.1665,1.16016,1.16369,62122,9,0
2025-08-27,1.16369,1.16474,1.15738,1.1647,47254,9,0
2025-08-28,1.1647,1.1697,1.16285,1.16781,47504,9,0
2025-08-29,1.16782,1.17085,1.16507,1.16851,44699,9,0
2025-08-31,1.16915,1.16931,1.16852,1.16897,1728,9,0
2025-09-01,1.16895,1.17359,1.16876,1.17143,34226,9,0
2025-09-02,1.17145,1.17154,1.16126,1.1632500000000001,63515,9,0
2025-09-03,1.1632500000000001,1.16818,1.16075,1.16605,51644,9,0
2025-09-04,1.16607,1.16692,1.16295,1.16562,48187,9,0
2025-09-05,1.16562,1.17593,1.16521,1.17182,57600,9,0
2025-09-07,1.17114,1.1718899999999999,1.17034,1.17119,3547,9,0
2025-09-08,1.1712,1.17724,1.17043,1.17682,48118,9,0
2025-09-09,1.17682,1.17797,1.16968,1.17021,54133,9,0
2025-09-10,1.1702,1.17303,1.16819,1.17023,51945,9,0
2025-09-11,1.17022,1.1745700000000001,1.16602,1.17329,60154,9,0
2025-09-12,1.17327,1.17474,1.17008,1.17341,42456,9,0
2025-09-14,1.17314,1.1734499999999999,1.17248,1.17254,2023,8,0
2025-09-15,1.17252,1.17743,1.17158,1.17625,41128,8,0
2025-09-16,1.17625,1.18783,1.17571,1.18706,59582,8,0
2025-09-17,1.18706,1.19183,1.18076,1.18249,76282,8,0
2025-09-18,1.18251,1.18478,1.17498,1.17885,67347,8,0
2025-09-19,1.17886,1.17921,1.17285,1.17449,54186,8,0
2025-09-21,1.17383,1.17487,1.17355,1.17362,2245,8,0
2025-09-22,1.1736,1.18037,1.17257,1.18002,47342,8,0
2025-09-23,1.18002,1.18198,1.17791,1.18152,54607,8,0
2025-09-24,1.18151,1.1816200000000001,1.17278,1.17418,51697,8,0
2025-09-25,1.17416,1.17537,1.16452,1.16616,59230,8,0
2025-09-26,1.16616,1.1707,1.16574,1.16999,49318,8,0
2025-09-28,1.17012,1.17094,1.16986,1.17045,1971,8,0
2025-09-29,1.17045,1.17542,1.17041,1.17303,48422,8,0
2025-09-30,1.17301,1.17612,1.17119,1.17347,54647,8,0
2025-10-01,1.17344,1.17782,1.17149,1.17324,74217,8,0
2025-10-02,1.17323,1.1758,1.16828,1.17241,50239,8,0
2025-10-03,1.17241,1.1759,1.17147,1.17408,45163,8,0
2025-10-05,1.17239,1.17286,1.17061,1.17115,6173,8,0
2025-10-06,1.17117,1.17305,1.16515,1.1709100000000001,62444,8,0
2025-10-07,1.17092,1.1711,1.16471,1.16525,47851,8,0
2025-10-08,1.16525,1.16529,1.1598,1.16288,57276,8,0
2025-10-09,1.16286,1.16479,1.15417,1.15651,62116,8,0
2025-10-10,1.15649,1.16303,1.15587,1.16217,61394,8,0
2025-10-12,1.16077,1.16133,1.15917,1.16012,5975,8,0
2025-10-13,1.16012,1.16295,1.15572,1.1565400000000001,52918,8,0
2025-10-14,1.1565400000000001,1.16147,1.15421,1.16029,67570,8,0
2025-10-15,1.16027,1.16516,1.16014,1.16455,54991,8,0
2025-10-16,1.16454,1.16994,1.16426,1.16988,58189,8,0
2025-10-17,1.16988,1.1728,1.16485,1.16505,61871,8,0
2025-10-19,1.16626,1.16638,1.16513,1.16576,2754,8,0
2025-10-20,1.16578,1.16751,1.1638,1.16438,41490,8,0
2025-10-21,1.16437,1.16549,1.15967,1.1599,50302,8,0
2025-10-22,1.15992,1.16221,1.15765,1.16069,44870,8,0
2025-10-23,1.16069,1.16209,1.15851,1.16167,36937,8,0
2025-10-24,1.16166,1.16538,1.16004,1.16258,43834,8,0
2025-10-26,1.16327,1.16351,1.16253,1.16307,3359,8,0
2025-10-27,1.16305,1.16547,1.16174,1.16507,34300,8,0
2025-10-28,1.16507,1.16686,1.16252,1.16568,39973,8,0
2025-10-29,1.16567,1.16655,1.15772,1.16025,63511,8,0
2025-10-30,1.16025,1.16372,1.15468,1.15714,53575,8,0
2025-10-31,1.15714,1.15771,1.15211,1.15364,39798,8,0
2025-11-02,1.15287,1.15381,1.15251,1.15273,2393,8,0
2025-11-03,1.15272,1.15409,1.15048,1.15182,36468,8,0
2025-11-04,1.15182,1.15333,1.14726,1.14848,39923,8,0
2025-11-05,1.14847,1.1497600000000001,1.14683,1.14955,38251,8,0
2025-11-06,1.14955,1.15519,1.14927,1.15484,38971,8,0
2025-11-07,1.15486,1.15909,1.15292,1.15642,35331,8,0
2025-11-09,1.15555,1.15598,1.15414,1.15431,2767,8,0
2025-11-10,1.1543,1.15827,1.15409,1.15565,38271,8,0
2025-11-11,1.15566,1.16056,1.15468,1.15866,36783,8,0
2025-11-12,1.1586400000000001,1.15974,1.15625,1.15913,34745,8,0
2025-11-13,1.15915,1.16558,1.15786,1.16297,44118,8,0
2025-11-14,1.16295,1.16532,1.16058,1.16202,47665,8,0
2025-11-16,1.16184,1.16243,1.16111,1.16144,1574,8,0
2025-11-17,1.16145,1.16148,1.15815,1.15897,35925,8,0
2025-11-18,1.15897,1.16075,1.15711,1.15799,40110,8,0
2025-11-19,1.15799,1.15968,1.15174,1.15391,44978,8,0
2025-11-20,1.15391,1.15499,1.15008,1.15332,49740,8,0
2025-11-21,1.15332,1.15521,1.14907,1.15139,49043,8,0
2025-11-23,1.15122,1.15145,1.15051,1.1507,1437,8,0
2025-11-24,1.1507,1.155,1.15016,1.15201,36874,8,0
2025-11-25,1.15201,1.15855,1.15113,1.15643,49055,8,0
2025-11-26,1.15644,1.16017,1.15466,1.16016,52665,8,0
2025-11-27,1.16016,1.16129,1.15762,1.15992,28842,8,0
2025-11-28,1.15992,1.16063,1.15545,1.15946,54074,8,0
2025-11-30,1.15906,1.16075,1.15893,1.16004,1918,8,0
2025-12-01,1.16006,1.16519,1.15891,1.16065,43039,8,0
2025-12-02,1.16067,1.16287,1.1591,1.16278,34068,8,0
2025-12-03,1.16278,1.16775,1.1627399999999999,1.16659,35540,8,0
2025-12-04,1.16659,1.16816,1.16405,1.16431,35201,8,0
2025-12-05,1.16432,1.16714,1.16277,1.16427,33994,8,0
2025-12-07,1.16383,1.16461,1.16343,1.16399,1500,8,0
2025-12-08,1.16401,1.16716,1.16161,1.16404,36451,8,0
2025-12-09,1.16403,1.1657,1.16148,1.16278,37327,8,0
2025-12-10,1.16278,1.17023,1.1621299999999999,1.17011,56071,8,0
2025-12-11,1.17011,1.1762299999999999,1.16819,1.17404,44005,8,0
2025-12-12,1.1740599999999999,1.17494,1.17192,1.1739600000000001,37248,8,0
2025-12-14,1.17378,1.17402,1.17322,1.17365,1259,8,0
2025-12-15,1.17368,1.17685,1.17259,1.1753,38109,8,0
2025-12-16,1.1753,1.18038,1.17344,1.17489,50549,8,0
2025-12-17,1.1749,1.17577,1.17027,1.17414,43470,8,0
2025-12-18,1.17414,1.17625,1.17119,1.17244,50297,8,0
2025-12-19,1.17243,1.17374,1.17018,1.17087,38906,8,0
2025-12-21,1.17073,1.17149,1.17059,1.17097,1883,8,0
2025-12-22,1.17095,1.17691,1.17092,1.17632,35698,8,0
2025-12-23,1.17632,1.1801599999999999,1.17624,1.17942,39349,8,0
2025-12-24,1.17942,1.18076,1.17709,1.17748,31170,8,0
2025-12-25,1.17781,1.17847,1.17757,1.17832,2700,8,0
2025-12-26,1.1783299999999999,1.17963,1.17609,1.17705,37190,8,0
2025-12-28,1.17723,1.17774,1.17676,1.17724,1478,8,0
2025-12-29,1.17725,1.17887,1.17492,1.17721,43011,8,0
2025-12-30,1.17721,1.17794,1.17429,1.17453,34193,8,0
2025-12-31,1.17453,1.1758899999999999,1.17197,1.17455,36352,8,0
2026-01-01,1.1743999999999999,1.17504,1.1743999999999999,1.17504,1164,8,0
2026-01-02,1.17504,1.17646,1.17129,1.17196,38127,8,0
2026-01-04,1.17224,1.17239,1.16985,1.17048,2115,8,0
2026-01-05,1.1705,1.17285,1.16587,1.17142,47143,8,0
2026-01-06,1.17142,1.17425,1.16835,1.16869,43130,8,0
2026-01-07,1.1687,1.17023,1.16726,1.16766,39853,8,0
2026-01-08,1.16766,1.16827,1.16424,1.16575,35090,8,0
2026-01-09,1.16577,1.1660300000000001,1.16178,1.16328,43095,8,0
2026-01-11,1.16318,1.16346,1.16228,1.16236,1076,8,0
2026-01-12,1.16234,1.16982,1.1621299999999999,1.16672,45530,8,0
2026-01-13,1.16672,1.16771,1.16341,1.16418,39957,8,0
2026-01-14,1.16418,1.1661299999999999,1.16348,1.16446,37264,8,0
2026-01-15,1.1644700000000001,1.16453,1.15928,1.16089,37639,8,0
2026-01-16,1.16086,1.1627,1.15841,1.15983,36802,8,0
2026-01-18,1.1577,1.16268,1.15749,1.16239,4239,8,0
2026-01-19,1.16238,1.1648399999999999,1.16044,1.1639,36725,8,0
2026-01-20,1.16392,1.17692,1.16323,1.17269,60874,8,0
2026-01-21,1.17267,1.17428,1.16694,1.16727,56441,8,0
2026-01-22,1.16726,1.1759,1.16724,1.17535,44069,8,0
2026-01-23,1.17535,1.18331,1.17281,1.18275,50150,8,0
2026-01-25,1.18601,1.18973,1.18468,1.18597,5891,8,0
2026-01-26,1.186,1.19066,1.18346,1.18733,69216,8,0
2026-01-27,1.18733,1.20829,1.18497,1.20227,95134,8,0
2026-01-28,1.2022599999999999,1.20254,1.18957,1.19796,103113,8,0
2026-01-29,1.19805,1.19963,1.19057,1.19671,93666,8,0
2026-01-30,1.19671,1.19729,1.18495,1.18495,110775,8,0
2026-02-01,1.18448,1.18561,1.18392,1.18455,4443,8,0
2026-02-02,1.18458,1.18744,1.17754,1.17983,89600,8,0
2026-02-03,1.17984,1.18287,1.1779600000000001,1.18154,55669,8,0
2026-02-04,1.18152,1.18378,1.17902,1.1801,54895,8,0
2026-02-05,1.18012,1.18214,1.17744,1.1776200000000001,61854,8,0
2026-02-06,1.1776200000000001,1.18259,1.17655,1.1815,39706,8,0
2026-02-08,1.18116,1.18275,1.18093,1.18264,2525,8,0
2026-02-09,1.18264,1.19262,1.18158,1.19034,53293,8,0
2026-02-10,1.19034,1.19284,1.18863,1.18876,46517,8,0
2026-02-11,1.18876,1.1927,1.1832799999999999,1.18744,61195,8,0
2026-02-12,1.18744,1.18897,1.18521,1.1869,51739,8,0
2026-02-13,1.18689,1.18844,1.1846700000000001,1.1868400000000001,43982,8,0
2026-02-15,1.18696,1.18716,1.18618,1.18664,1395,8,0
2026-02-16,1.18664,1.18702,1.18458,1.18499,24195,8,0
2026-02-17,1.185,1.18571,1.18046,1.18503,39863,8,0
2026-02-18,1.18503,1.18532,1.17801,1.17883,36779,8,0
2026-02-19,1.17883,1.18072,1.17416,1.1768,42631,8,0
2026-02-20,1.17683,1.1807,1.17432,1.17805,57476,8,0
2026-02-22,1.17822,1.18343,1.17811,1.1832799999999999,3200,8,0
2026-02-23,1.18326,1.18341,1.17741,1.17925,46902,8,0
2026-02-24,1.17925,1.17959,1.17655,1.17738,39564,8,0
2026-02-25,1.17739,1.1816,1.17708,1.18147,38362,8,0
2026-02-26,1.18147,1.18286,1.1773500000000001,1.18026,41097,8,0
2026-02-27,1.18026,1.18266,1.17886,1.18139,44139,8,0
2026-03-01,1.1763,1.17869,1.1754,1.17591,3887,8,0
2026-03-02,1.1758899999999999,1.1795499999999999,1.16715,1.1694499999999999,79378,8,0
2026-03-03,1.1694499999999999,1.17064,1.15297,1.16102,106138,8,0
2026-03-04,1.16104,1.16544,1.15744,1.16345,81412,8,0
2026-03-05,1.16345,1.16471,1.15584,1.1606,93931,8,0
2026-03-06,1.16061,1.16211,1.15456,1.16164,88845,8,0
2026-03-08,1.15536,1.15537,1.15209,1.1524,11017,8,0
2026-03-09,1.15238,1.16452,1.15068,1.16161,125015,8,0
2026-03-10,1.16162,1.16669,1.16024,1.16112,86823,8,0
2026-03-11,1.16112,1.16453,1.15396,1.15426,74995,8,0
2026-03-12,1.15424,1.15658,1.15078,1.15204,63196,8,0
2026-03-13,1.1520299999999999,1.15292,1.14106,1.1414900000000001,64188,8,0
2026-03-15,1.1417,1.14383,1.14169,1.14349,5780,8,0
2026-03-16,1.14348,1.15245,1.14139,1.14981,58865,8,0
2026-03-17,1.14981,1.15471,1.14656,1.15385,53289,8,0
2026-03-18,1.15387,1.15551,1.14466,1.14632,66720,8,0
2026-03-19,1.14629,1.16163,1.14423,1.15762,109327,8,0
2026-03-20,1.15762,1.1580300000000001,1.15244,1.1569099999999999,69578,8,0
2026-03-22,1.1534200000000001,1.15643,1.15338,1.15617,4759,8,0
2026-03-23,1.15619,1.16395,1.1484,1.16078,168918,8,0
2026-03-24,1.16079,1.16279,1.15568,1.16132,102800,8,0
2026-03-25,1.16134,1.16305,1.15549,1.15612,71454,8,0
2026-03-26,1.15612,1.15719,1.15191,1.1534200000000001,62071,8,0
2026-03-27,1.1534200000000001,1.15473,1.15016,1.1508099999999999,52347,8,0
2026-03-29,1.15013,1.15022,1.14869,1.14913,4282,8,0
2026-03-30,1.1491500000000001,1.15207,1.14428,1.14563,52564,8,0
2026-03-31,1.14566,1.15743,1.14469,1.15736,76911,8,0
2026-04-01,1.15735,1.16268,1.15546,1.15894,73241,8,0
2026-04-02,1.15892,1.16052,1.15086,1.15351,74106,8,0
2026-04-03,1.15351,1.15458,1.15107,1.1514,18000,8,0
2026-04-05,1.15196,1.15212,1.15048,1.15095,4284,8,0
2026-04-06,1.15095,1.1571500000000001,1.1506,1.15405,46884,8,0
2026-04-07,1.15405,1.16904,1.15238,1.16858,79032,8,0
2026-04-08,1.1686,1.17214,1.16432,1.16587,84824,8,0
2026-04-09,1.16589,1.17231,1.165,1.16913,48060,8,0
2026-04-10,1.16913,1.17394,1.16771,1.1724999999999999,41044,8,0
2026-04-12,1.16637,1.1679,1.16622,1.16747,4949,8,0
2026-04-13,1.16749,1.17664,1.16706,1.17662,46037,8,0
2026-04-14,1.17663,1.18109,1.1756,1.1797900000000001,42110,8,0
2026-04-15,1.17977,1.1807699999999999,1.17718,1.18062,41629,8,0
2026-04-16,1.18064,1.18235,1.17666,1.1780599999999999,41253,8,0
2026-04-17,1.17805,1.18487,1.176,1.17637,52206,8,0
2026-04-19,1.17391,1.17452,1.17281,1.17386,4195,8,0
2026-04-20,1.17388,1.17906,1.17366,1.17836,45911,8,0
2026-04-21,1.17837,1.1786,1.17187,1.17438,53191,8,0
2026-04-22,1.17436,1.17622,1.17021,1.17053,40143,8,0
2026-04-23,1.17055,1.17161,1.16687,1.16833,55659,8,0
2026-04-24,1.16835,1.17225,1.1672500000000001,1.17178,42579,8,0
2026-04-26,1.16965,1.17095,1.16958,1.17052,1684,8,0
2026-04-27,1.17054,1.17545,1.17054,1.17228,33499,8,0
2026-04-28,1.17228,1.17266,1.1677,1.17174,41398,8,0
2026-04-29,1.17175,1.17202,1.16609,1.1684,46963,8,0
2026-04-30,1.16843,1.17415,1.16547,1.1728399999999999,65339,8,0
2026-05-01,1.17286,1.17851,1.17144,1.172,45836,8,0
2026-05-03,1.17428,1.17462,1.1724700000000001,1.17256,3054,8,0
2026-05-04,1.17254,1.17385,1.16807,1.16912,53169,8,0
2026-05-05,1.16912,1.17251,1.1676199999999999,1.17146,39032,8,0
2026-05-06,1.17148,1.17964,1.1711,1.17477,55648,8,0
2026-05-07,1.17477,1.17779,1.17198,1.17302,50864,8,0
2026-05-08,1.17304,1.17876,1.17242,1.17848,38244,8,0
2026-05-10,1.17485,1.17696,1.17465,1.17668,2559,8,0
2026-05-11,1.17668,1.17875,1.17484,1.1778,32393,8,0
2026-05-12,1.17778,1.17778,1.1721300000000001,1.17349,40290,8,0
2026-05-13,1.17349,1.17414,1.16951,1.17153,33724,8,0
2026-05-14,1.17153,1.1721,1.16611,1.16616,35884,8,0
2026-05-15,1.16618,1.1663000000000001,1.16164,1.16246,43898,8,0
2026-05-17,1.16167,1.16241,1.16115,1.16134,2204,8,0
2026-05-18,1.16136,1.16612,1.16078,1.16545,48263,8,0
2026-05-19,1.16545,1.16557,1.15917,1.16064,43619,8,0
2026-05-20,1.16062,1.1645,1.15822,1.16245,51058,8,0
2026-05-21,1.16245,1.16354,1.15758,1.16173,55573,8,0
2026-05-22,1.16173,1.16188,1.15879,1.1602000000000001,36182,8,0
2026-05-24,1.1622,1.1645699999999999,1.1622,1.16414,2521,8,0
2026-05-25,1.16412,1.16525,1.16293,1.16356,25144,8,0
2026-05-26,1.16358,1.1645,1.1616,1.16361,31804,8,0
2026-05-27,1.16361,1.16614,1.16157,1.16171,40475,8,0
2026-05-28,1.1616900000000001,1.1661,1.15859,1.16521,42875,8,0
2026-05-29,1.16519,1.16854,1.16247,1.16601,36172,8,0
2026-05-31,1.16535,1.16602,1.16482,1.16483,1973,8,0
2026-06-01,1.16483,1.16644,1.16064,1.16349,37286,8,0
2026-06-02,1.16349,1.16552,1.1613,1.1621,29282,8,0
2026-06-03,1.16209,1.1633,1.15942,1.16086,34692,8,0
2026-06-04,1.16088,1.16449,1.15983,1.1612,31153,8,0
2026-06-05,1.1611799999999999,1.1644,1.15166,1.15221,43367,8,0
2026-06-07,1.15119,1.15226,1.15068,1.15215,2883,8,0
2026-06-08,1.15215,1.15543,1.14993,1.15279,48606,8,0
2026-06-09,1.15277,1.15775,1.15267,1.15344,42967,8,0
2026-06-10,1.15343,1.15728,1.15253,1.15348,51127,8,0
2026-06-11,1.1535,1.15894,1.15026,1.15751,59151,8,0
2026-06-12,1.15753,1.15892,1.15567,1.15668,45725,8,0
2026-06-14,1.1572,1.16171,1.15711,1.16026,4177,8,0
2026-06-15,1.16024,1.16217,1.15834,1.1590799999999999,35344,8,0
2026-06-16,1.15906,1.16196,1.15744,1.16095,33923,8,0
2026-06-17,1.16095,1.16163,1.14776,1.15065,53612,8,0
2026-06-18,1.15069,1.1528,1.14508,1.14581,52502,8,0
2026-06-19,1.14581,1.1480299999999999,1.14173,1.14685,34185,8,0
2026-06-21,1.14606,1.1467100000000001,1.14544,1.14619,2313,8,0
2026-06-22,1.14621,1.1473200000000001,1.14187,1.14267,44003,8,0
2026-06-23,1.14266,1.14386,1.13751,1.13788,40194,8,0
2026-06-24,1.13788,1.13819,1.13242,1.13535,47306,8,0
2026-06-25,1.13535,1.13877,1.13329,1.13612,45908,8,0
2026-06-26,1.13614,1.14336,1.1353900000000001,1.13849,44706,8,0
2026-06-28,1.13809,1.13873,1.13799,1.13851,1569,8,0
2026-06-29,1.13851,1.14303,1.13806,1.14188,37241,8,0
2026-06-30,1.14186,1.14363,1.13821,1.14128,42602,8,0
2026-07-01,1.14128,1.14139,1.13614,1.13772,44785,8,0
2026-07-02,1.13772,1.14723,1.13746,1.14222,55112,8,0
2026-07-03,1.1421999999999999,1.14619,1.14203,1.14356,28408,8,0
2026-07-05,1.14347,1.14381,1.14326,1.14365,1556,8,0
2026-07-06,1.14364,1.14476,1.14081,1.14411,33201,8,0
2026-07-07,1.1441,1.1447,1.13973,1.1401,36877,8,0
2026-07-08,1.14012,1.14313,1.13908,1.14209,49875,8,0
2026-07-09,1.14211,1.14491,1.14197,1.14329,33597,8,0
2026-07-10,1.14329,1.14603,1.14112,1.14143,37785,8,0
2026-07-12,1.13997,1.14045,1.13879,1.1403699999999999,2735,8,0
2026-07-13,1.14039,1.1445400000000001,1.13768,1.13831,45651,8,0
2026-07-14,1.13833,1.14621,1.13779,1.14241,52234,8,0
2026-07-15,1.14242,1.14821,1.14058,1.14693,43075,8,0
2026-07-16,1.14693,1.1476,1.14307,1.14448,36671,8,0
2026-07-17,1.14449,1.14519,1.14242,1.14373,32423,8,0
2026-07-19,1.14253,1.1431,1.14234,1.1427,2189,8,0
2026-07-20,1.1427100000000001,1.14493,1.14021,1.14154,32076,8,0
2026-07-21,1.14154,1.14284,1.13949,1.14019,29011,8,0
2026-07-22,1.14021,1.14213,1.13984,1.14108,30886,8,0
2026-07-23,1.1411,1.14354,1.13635,1.1375899999999999,38402,8,0
2026-07-24,1.1375899999999999,1.14007,1.13644,1.1371,31541,8,0
2026-07-26,1.13873,1.13996,1.13841,1.13941,2592,8,0
2026-07-27,1.13944,1.14178,1.13633,1.13689,35091,8,0
2026-07-28,1.13687,1.1405,1.13529,1.13858,31168,8,0
2026-07-29,1.1386,1.14746,1.13742,1.14664,49549,8,0
2026-07-30,1.14662,1.15365,1.14339,1.15226,55560,8,0
2026-07-31,1.15228,1.1547,1.14547,1.15284,58780,8,0
2026-08-02,1.15467,1.15573,1.15417,1.15433,4046,8,0
2026-08-03,1.15435,1.1555900000000001,1.15,1.15066,42983,8,0
2026-08-04,1.15066,1.15337,1.15017,1.1531500000000001,35943,8,0
2026-08-05,1.15314,1.15592,1.1526399999999999,1.15564,37106,8,0
2026-08-06,1.15566,1.15594,1.15144,1.15239,30252,8,0
2026-08-07,1.15238,1.15807,1.15173,1.15581,35188,8,0
2026-08-09,1.15609,1.15633,1.15538,1.15551,1528,8,0
2026-08-10,1.15553,1.15652,1.15397,1.15456,28431,8,0
2026-08-11,1.15456,1.15494,1.15311,1.1543,27554,8,0
2026-08-12,1.1543,1.15628,1.15194,1.15274,33220,8,0
2026-08-13,1.15274,1.1545,1.15115,1.15334,29630,8,0
2026-08-14,1.15332,1.15852,1.15318,1.15699,29491,8,0
2026-08-16,1.15644,1.15754,1.15618,1.15732,1340,8,0
2026-08-17,1.15732,1.16137,1.15705,1.15824,32465,8,0
2026-08-18,1.15824,1.15881,1.15663,1.15759,30122,8,0
2026-08-19,1.15761,1.168,1.15696,1.16738,45974,8,0
2026-08-20,1.16738,1.17103,1.16687,1.16871,45632,8,0
2026-08-21,1.16871,1.17113,1.16685,1.16763,36454,8,0
2026-08-23,1.16749,1.1682,1.16723,1.1682,1470,8,0
2026-08-24,1.1682,1.16869,1.16763,1.16789,5079,8,0
