time,open,high,low,close,tick_volume,spread,real_volume
2020-01-02,1.3256299999999999,1.32653,1.31149,1.31459,34021,15,0
2020-01-03,1.31463,1.31596,1.3053,1.30766,33599,15,0
2020-01-05,1.3081800000000001,1.30823,1.30649,1.30754,1006,28,0
2020-01-06,1.30763,1.31752,1.30632,1.31701,30457,15,0
2020-01-07,1.31705,1.32115,1.30949,1.31118,33004,15,0
2020-01-08,1.31128,1.31687,1.30801,1.31041,36914,15,0
2020-01-09,1.31047,1.31231,1.30125,1.30682,31062,15,0
2020-01-10,1.30688,1.30964,1.3041800000000001,1.3062,29425,15,0
2020-01-12,1.30358,1.30434,1.30332,1.30432,864,15,0
2020-01-13,1.30432,1.30443,1.29607,1.29856,28863,15,0
2020-01-14,1.29857,1.30323,1.29538,1.3020399999999999,28852,15,0
2020-01-15,1.30205,1.30522,1.2983799999999999,1.30393,27598,15,0
2020-01-16,1.30392,1.30823,1.30249,1.30759,27501,15,0
2020-01-17,1.3075999999999999,1.31176,1.30058,1.30083,28076,15,0
2020-01-19,1.29975,1.30056,1.2995,1.30053,867,15,0
2020-01-20,1.30051,1.30095,1.29616,1.30027,19782,15,0
2020-01-21,1.30031,1.30826,1.29951,1.30451,27404,15,0
2020-01-22,1.30451,1.31521,1.30338,1.31429,29370,15,0
2020-01-23,1.31432,1.31505,1.30963,1.31182,25139,15,0
2020-01-24,1.3118400000000001,1.31711,1.30566,1.30707,28362,15,0
2020-01-26,1.30749,1.30749,1.30599,1.30605,1067,15,0
2020-01-27,1.30606,1.31041,1.304,1.30584,22306,15,0
2020-01-28,1.30586,1.30644,1.2974999999999999,1.30226,21194,15,0
2020-01-29,1.30228,1.30271,1.29893,1.30202,19180,15,0
2020-01-30,1.30205,1.31093,1.29775,1.30847,28280,15,0
2020-01-31,1.30846,1.32088,1.30836,1.32044,23841,15,0
2020-02-02,1.31739,1.31823,1.31739,1.31803,756,21,0
2020-02-03,1.3180399999999999,1.31818,1.2982,1.29962,27331,15,0
2020-02-04,1.29963,1.3045200000000001,1.29402,1.303,27042,15,0
2020-02-05,1.303,1.30689,1.2955999999999999,1.29945,26618,15,0
2020-02-06,1.29945,1.29978,1.29209,1.2929,23801,15,0
2020-02-07,1.29295,1.29581,1.28814,1.28845,24419,15,0
2020-02-09,1.2887,1.28902,1.28837,1.28894,830,15,0
2020-02-10,1.28892,1.29452,1.28714,1.29152,22862,15,0
2020-02-11,1.29152,1.29674,1.28943,1.29551,24687,15,0
2020-02-12,1.29554,1.2990599999999999,1.29511,1.29556,23718,15,0
2020-02-13,1.29565,1.30686,1.29433,1.30443,27072,15,0
2020-02-14,1.30444,1.30626,1.30007,1.30466,21729,15,0
2020-02-16,1.3038,1.30522,1.30349,1.30508,562,17,0
2020-02-17,1.3050899999999999,1.3050899999999999,1.29966,1.3005200000000001,17507,15,0
2020-02-18,1.3005200000000001,1.3047900000000001,1.29705,1.29987,25647,15,0
2020-02-19,1.29988,1.30227,1.2907199999999999,1.29248,25000,15,0
2020-02-20,1.2925,1.29278,1.2849,1.28802,27521,15,0
2020-02-21,1.28803,1.29799,1.28784,1.29579,25534,15,0
2020-02-23,1.2944200000000001,1.29526,1.2944200000000001,1.29511,799,15,0
2020-02-24,1.29512,1.29536,1.28861,1.2924,29377,15,0
2020-02-25,1.29239,1.30169,1.2913700000000001,1.30019,29943,15,0
2020-02-26,1.3002,1.30073,1.28956,1.2905,31135,15,0
2020-02-27,1.29053,1.29456,1.28598,1.28868,35930,15,0
2020-02-28,1.28869,1.29188,1.27256,1.28165,39746,15,0
2020-03-01,1.28019,1.2815699999999999,1.27953,1.28036,1442,21,0
2020-03-02,1.28038,1.28499,1.2739500000000001,1.27657,42808,15,0
2020-03-03,1.2765900000000001,1.2843200000000001,1.27579,1.2819,43573,15,0
2020-03-04,1.28193,1.28717,1.2769599999999999,1.2870300000000001,36287,15,0
2020-03-05,1.28705,1.29677,1.28604,1.29483,31421,15,0
2020-03-06,1.29487,1.30518,1.29485,1.30463,45320,15,0
2020-03-08,1.30752,1.31052,1.30747,1.30956,3648,15,0
2020-03-09,1.30956,1.31997,1.30344,1.30725,79160,15,0
2020-03-10,1.30725,1.3088,1.28726,1.2904900000000001,59004,15,0
2020-03-11,1.2904900000000001,1.29757,1.28041,1.28168,53515,15,0
2020-03-12,1.28169,1.28483,1.24903,1.25718,75176,15,0
2020-03-13,1.25718,1.26234,1.22677,1.22793,72825,15,0
2020-03-15,1.22965,1.24207,1.22965,1.23976,10201,15,0
2020-03-16,1.23975,1.23986,1.22017,1.22661,96291,15,0
2020-03-17,1.22661,1.22693,1.20011,1.2116,86713,15,0
2020-03-18,1.2116,1.2129,1.1449799999999999,1.16086,96401,15,0
2020-03-19,1.16089,1.1793,1.14118,1.14906,114271,15,0
2020-03-20,1.14906,1.1934,1.1476600000000001,1.16237,106444,15,0
2020-03-22,1.16645,1.16741,1.15321,1.16194,11734,15,0
2020-03-23,1.16196,1.17137,1.14468,1.15951,99318,15,0
2020-03-24,1.15949,1.1798899999999999,1.1580300000000001,1.17887,91134,15,0
2020-03-25,1.17887,1.19725,1.16384,1.1847699999999999,94839,15,0
2020-03-26,1.18473,1.22286,1.18183,1.21923,91566,15,0
2020-03-27,1.21926,1.24848,1.2143,1.24523,97492,15,0
2020-03-29,1.24293,1.24549,1.2389999999999999,1.2450700000000001,3592,15,0
2020-03-30,1.2450700000000001,1.24663,1.2316799999999999,1.23681,72338,15,0
2020-03-31,1.23682,1.24707,1.22427,1.2406,84467,15,0
2020-04-01,1.24061,1.2438,1.23296,1.23798,59506,15,0
2020-04-02,1.23798,1.24745,1.23476,1.23913,58595,15,0
2020-04-03,1.23909,1.23941,1.22047,1.22666,51153,15,0
2020-04-05,1.22289,1.22595,1.22108,1.2217,3263,15,0
2020-04-06,1.22172,1.23262,1.21606,1.22301,52564,15,0
2020-04-07,1.22301,1.23836,1.22182,1.23364,54556,15,0
2020-04-08,1.23363,1.2419,1.22876,1.23901,42166,15,0
2020-04-09,1.23901,1.24828,1.236,1.24512,47097,15,0
2020-04-10,1.24506,1.24834,1.24408,1.24464,16184,35,0
2020-04-12,1.24601,1.24722,1.24494,1.2459,1750,15,0
2020-04-13,1.2459,1.2536,1.24529,1.25199,28326,15,0
2020-04-14,1.25201,1.2646600000000001,1.25095,1.2624,39119,15,0
2020-04-15,1.2624,1.26241,1.2436,1.2518,40768,15,0
2020-04-16,1.2518099999999999,1.25243,1.24076,1.2487300000000001,68824,15,0
2020-04-17,1.24872,1.25214,1.24058,1.2502,62370,15,0
2020-04-19,1.24966,1.24966,1.24842,1.24842,1137,15,0
2020-04-20,1.24842,1.24914,1.2416,1.24398,54331,15,0
2020-04-21,1.24399,1.24415,1.22466,1.23008,67220,15,0
2020-04-22,1.23008,1.23852,1.22742,1.23218,55185,15,0
2020-04-23,1.23218,1.24132,1.23074,1.23513,67093,15,0
2020-04-24,1.23512,1.23765,1.22977,1.23618,52568,15,0
2020-04-26,1.23618,1.23684,1.236,1.23665,1070,15,0
2020-04-27,1.23665,1.24537,1.2359,1.24208,46467,15,0
2020-04-28,1.24207,1.25175,1.24034,1.24338,47972,15,0
2020-04-29,1.24338,1.24847,1.23882,1.24695,49767,15,0
2020-04-30,1.24696,1.26413,1.24284,1.25804,67575,15,0
2020-05-01,1.25804,1.2581,1.24824,1.24958,48440,15,0
2020-05-03,1.24811,1.2482,1.24489,1.24547,2213,15,0
2020-05-04,1.24547,1.2475100000000001,1.24048,1.24439,49945,15,0
2020-05-05,1.24441,1.24827,1.24198,1.24433,53343,15,0
2020-05-06,1.24435,1.24495,1.2321900000000001,1.23237,48689,15,0
2020-05-07,1.23237,1.24156,1.22647,1.2373,61278,15,0
2020-05-08,1.2373,1.24663,1.23557,1.24061,40443,15,0
2020-05-10,1.2404600000000001,1.2416800000000001,1.23916,1.2416,1833,15,0
2020-05-11,1.2416,1.24368,1.2281900000000001,1.23309,55398,15,0
2020-05-12,1.23308,1.23766,1.22508,1.22511,60591,15,0
2020-05-13,1.22512,1.23389,1.22096,1.22378,66851,15,0
2020-05-14,1.22377,1.22404,1.21644,1.22328,61027,15,0
2020-05-15,1.22328,1.22381,1.21011,1.21088,59570,15,0
2020-05-17,1.2082600000000001,1.20959,1.2071399999999999,1.20845,2885,15,0
2020-05-18,1.20847,1.22267,1.20839,1.21989,57650,15,0
2020-05-19,1.21988,1.22955,1.21835,1.22549,59306,15,0
2020-05-20,1.2255,1.22869,1.22197,1.2235800000000001,52442,15,0
2020-05-21,1.2235800000000001,1.2248999999999999,1.2184300000000001,1.22215,52190,15,0
2020-05-22,1.22216,1.22329,1.2161,1.21672,46396,15,0
2020-05-24,1.21673,1.21872,1.21622,1.21855,1517,15,0
2020-05-25,1.21854,1.22028,1.21634,1.22011,31817,15,0
2020-05-26,1.2201,1.23623,1.21967,1.2331,52556,15,0
2020-05-27,1.23311,1.23533,1.22036,1.22626,73951,15,0
2020-05-28,1.22624,1.2343899999999999,1.22333,1.23179,62821,15,0
2020-05-29,1.23181,1.23933,1.22899,1.23401,85066,15,0
2020-05-31,1.23271,1.23513,1.23226,1.23445,2895,15,0
2020-06-01,1.23447,1.2505899999999999,1.23431,1.24857,62745,15,0
2020-06-02,1.24856,1.25823,1.2477800000000001,1.25804,72047,15,0
2020-06-03,1.25803,1.26142,1.25531,1.25732,73888,15,0
2020-06-04,1.25732,1.26324,1.25001,1.26053,77357,15,0
2020-06-05,1.26053,1.27305,1.2582499999999999,1.26672,80304,15,0
2020-06-07,1.26777,1.27289,1.26698,1.27185,3014,15,0
2020-06-08,1.27183,1.27399,1.26276,1.27337,57345,15,0
2020-06-09,1.27338,1.2755,1.2616800000000001,1.27089,68174,15,0
2020-06-10,1.27088,1.28124,1.27058,1.27111,93873,15,0
2020-06-11,1.2711299999999999,1.27497,1.25675,1.25726,107770,15,0
2020-06-12,1.25724,1.2652700000000001,1.24732,1.25389,99742,15,0
2020-06-14,1.25115,1.25157,1.24836,1.25079,3876,15,0
2020-06-15,1.2508,1.26377,1.24537,1.26369,95745,15,0
2020-06-16,1.26371,1.26867,1.25518,1.25815,98323,15,0
2020-06-17,1.25815,1.2588,1.25103,1.25492,79937,15,0
2020-06-18,1.2549299999999999,1.25623,1.24003,1.24241,82008,15,0
2020-06-19,1.24241,1.2455,1.23423,1.2347299999999999,63136,15,0
2020-06-21,1.23405,1.23528,1.23371,1.23452,2589,15,0
2020-06-22,1.23453,1.25065,1.23349,1.24999,60489,15,0
2020-06-23,1.24997,1.25312,1.24317,1.2523900000000001,76732,15,0
2020-06-24,1.25238,1.25417,1.24103,1.24113,78324,15,0
2020-06-25,1.24114,1.24637,1.23885,1.24238,64372,15,0
2020-06-26,1.2424,1.24363,1.23139,1.23348,49080,15,0
2020-06-28,1.23385,1.23446,1.2321,1.23398,1733,15,0
2020-06-29,1.23398,1.23888,1.22509,1.23103,50352,15,0
2020-06-30,1.23104,1.2401,1.2257,1.23874,55386,15,0
2020-07-01,1.2387299999999999,1.24894,1.23589,1.24638,52940,15,0
2020-07-02,1.2463899999999999,1.25292,1.24557,1.24653,52544,15,0
2020-07-03,1.24652,1.249,1.24363,1.24758,39332,15,0
2020-07-05,1.24697,1.24769,1.24609,1.24737,1416,15,0
2020-07-06,1.24737,1.25196,1.24731,1.24942,48649,15,0
2020-07-07,1.24941,1.25915,1.24616,1.2540499999999999,55347,15,0
2020-07-08,1.2540499999999999,1.26224,1.25079,1.26123,57571,15,0
2020-07-09,1.26123,1.26689,1.25974,1.26047,59825,15,0
2020-07-10,1.26048,1.26634,1.2564600000000001,1.26212,48937,15,0
2020-07-12,1.26235,1.26369,1.26206,1.26255,1834,15,0
2020-07-13,1.26255,1.26655,1.2549000000000001,1.2551,52871,15,0
2020-07-14,1.2551,1.25718,1.24792,1.25682,66737,15,0
2020-07-15,1.25683,1.26488,1.25629,1.25898,57491,15,0
2020-07-16,1.25898,1.2624,1.25193,1.25579,56821,15,0
2020-07-17,1.2557800000000001,1.2573699999999999,1.2511,1.25665,40208,15,0
2020-07-19,1.25496,1.25719,1.2545600000000001,1.2570000000000001,1614,15,0
2020-07-20,1.25701,1.26647,1.25174,1.26605,50002,15,0
2020-07-21,1.26606,1.27672,1.2649599999999999,1.27316,57859,15,0
2020-07-22,1.27316,1.27428,1.26434,1.27265,67389,15,0
2020-07-23,1.27265,1.27594,1.26724,1.27291,69242,15,0
2020-07-24,1.27292,1.28026,1.27166,1.27929,61623,15,0
2020-07-26,1.27834,1.28009,1.27769,1.27935,2706,15,0
2020-07-27,1.27934,1.2902,1.27931,1.28875,60196,15,0
2020-07-28,1.28875,1.29519,1.28375,1.2923499999999999,63123,15,0
2020-07-29,1.2923499999999999,1.30125,1.2911299999999999,1.29785,65311,15,0
2020-07-30,1.2978399999999999,1.3119399999999999,1.29439,1.31148,67699,15,0
2020-07-31,1.31146,1.31694,1.30698,1.30822,82486,15,0
2020-08-02,1.30738,1.31041,1.30667,1.30989,3133,15,0
2020-08-03,1.30989,1.3112,1.30042,1.30773,64558,15,0
2020-08-04,1.30772,1.3107,1.29807,1.30839,60448,15,0
2020-08-05,1.3084,1.31607,1.30571,1.31242,59698,15,0
2020-08-06,1.31242,1.31849,1.31181,1.31369,81143,15,0
2020-08-07,1.31371,1.3146900000000001,1.3008899999999999,1.30501,68628,15,0
2020-08-09,1.3058,1.30598,1.30383,1.305,2145,15,0
2020-08-10,1.305,1.31025,1.3018399999999999,1.30758,47917,15,0
2020-08-11,1.30758,1.3131300000000001,1.30409,1.30504,61368,15,0
2020-08-12,1.30506,1.3066900000000001,1.30048,1.30451,65276,15,0
2020-08-13,1.30453,1.31241,1.30429,1.3069,54385,15,0
2020-08-14,1.30691,1.31419,1.3047900000000001,1.30831,46502,15,0
2020-08-16,1.30866,1.31061,1.30866,1.31046,1782,15,0
2020-08-17,1.31046,1.31209,1.30734,1.31058,42799,15,0
2020-08-18,1.31057,1.32539,1.3105,1.32519,52376,15,0
2020-08-19,1.32519,1.32663,1.3090899999999999,1.31089,66630,15,0
2020-08-20,1.3109,1.3223799999999999,1.30639,1.3218,70222,15,0
2020-08-21,1.32182,1.3254299999999999,1.30584,1.3087,66926,15,0
2020-08-23,1.30789,1.31007,1.30789,1.30919,1531,15,0
2020-08-24,1.30919,1.31482,1.30529,1.30702,51800,15,0
2020-08-25,1.30702,1.317,1.3058,1.31494,56002,15,0
2020-08-26,1.3149199999999999,1.32185,1.31166,1.32181,51878,15,0
2020-08-27,1.32183,1.32836,1.31608,1.31997,84007,15,0
2020-08-28,1.31995,1.33556,1.31857,1.33479,61309,15,0
2020-08-30,1.3339400000000001,1.33575,1.33364,1.33545,2399,15,0
2020-08-31,1.33545,1.3395000000000001,1.33007,1.33628,51945,15,0
2020-09-01,1.33628,1.34816,1.33556,1.33992,78417,15,0
2020-09-02,1.33992,1.34,1.32829,1.33473,66800,15,0
2020-09-03,1.33474,1.33474,1.3241800000000001,1.32629,75218,15,0
2020-09-04,1.32629,1.33182,1.31752,1.32783,77048,15,0
2020-09-06,1.32547,1.32607,1.32344,1.3246,2304,15,0
2020-09-07,1.32462,1.3256999999999999,1.31395,1.31601,42892,15,0
2020-09-08,1.31601,1.3165,1.29471,1.2964,74986,15,0
2020-09-09,1.2964,1.30224,1.28844,1.29976,74461,15,0
2020-09-10,1.29975,1.30331,1.27724,1.28063,72134,15,0
2020-09-11,1.28063,1.2864900000000001,1.27613,1.2793999999999999,53719,15,0
2020-09-13,1.27735,1.2809300000000001,1.27719,1.28063,1654,15,0
2020-09-14,1.28061,1.29184,1.27904,1.28481,45329,15,0
2020-09-15,1.28481,1.29256,1.28144,1.2882500000000001,46083,15,0
2020-09-16,1.28824,1.30064,1.28744,1.2959800000000001,61302,15,0
2020-09-17,1.2959800000000001,1.29981,1.28644,1.29745,71320,15,0
2020-09-18,1.29745,1.2999,1.29125,1.29129,50117,15,0
2020-09-20,1.29178,1.2937400000000001,1.29175,1.29317,1615,15,0
2020-09-21,1.29317,1.29657,1.27748,1.28172,57116,15,0
2020-09-22,1.28173,1.28664,1.27102,1.27416,64802,15,0
2020-09-23,1.27416,1.27763,1.26748,1.27132,59960,15,0
2020-09-24,1.27133,1.27806,1.2690000000000001,1.27552,65445,15,0
2020-09-25,1.27552,1.2805,1.26868,1.27423,47963,15,0
2020-09-27,1.27553,1.27664,1.27514,1.27634,1636,15,0
2020-09-28,1.27634,1.29284,1.27506,1.2873,48308,15,0
2020-09-29,1.2873,1.29022,1.28221,1.2864200000000001,51023,15,0
2020-09-30,1.2864200000000001,1.2941799999999999,1.28038,1.29155,60701,15,0
2020-10-01,1.29155,1.29779,1.2819099999999999,1.28852,70739,15,0
2020-10-02,1.28852,1.2953299999999999,1.2835,1.29315,71751,15,0
2020-10-04,1.29247,1.29311,1.29124,1.29285,1487,15,0
2020-10-05,1.29287,1.29931,1.28992,1.29921,38057,15,0
2020-10-06,1.29921,1.30063,1.2864499999999999,1.28829,59106,15,0
2020-10-07,1.2883,1.29288,1.28444,1.29155,48833,15,0
2020-10-08,1.29157,1.29696,1.28906,1.29388,41278,15,0
2020-10-09,1.29389,1.30488,1.29208,1.30324,38913,15,0
2020-10-11,1.30222,1.3037,1.3021099999999999,1.30298,1350,15,0
2020-10-12,1.30298,1.30819,1.30048,1.30639,34474,15,0
2020-10-13,1.30639,1.30674,1.29214,1.29338,47856,15,0
2020-10-14,1.29338,1.30636,1.28622,1.30111,50957,15,0
2020-10-15,1.30111,1.30291,1.28898,1.29025,53541,15,0
2020-10-16,1.29025,1.29607,1.2857,1.29134,56898,15,0
2020-10-18,1.2898399999999999,1.29277,1.2891599999999999,1.2925200000000001,1863,15,0
2020-10-19,1.2925200000000001,1.30239,1.29218,1.2946900000000001,46568,15,0
2020-10-20,1.2946900000000001,1.29789,1.2910599999999999,1.29554,41287,15,0
2020-10-21,1.29551,1.3176,1.29535,1.3128600000000001,50224,15,0
2020-10-22,1.31283,1.3149,1.307,1.30772,41636,15,0
2020-10-23,1.3077,1.3122,1.30185,1.30403,41061,15,0
2020-10-25,1.30481,1.30546,1.30371,1.30525,2236,15,0
2020-10-26,1.30522,1.30744,1.29916,1.30148,43329,15,0
2020-10-27,1.30148,1.30789,1.30003,1.30297,37560,15,0
2020-10-28,1.30297,1.3063,1.29159,1.29884,54302,15,0
2020-10-29,1.29882,1.30244,1.28803,1.29304,54062,15,0
2020-10-30,1.29304,1.29873,1.28972,1.29492,51770,15,0
2020-11-01,1.29205,1.29353,1.29148,1.2922799999999999,1100,59,0
2020-11-02,1.29251,1.2942,1.28533,1.29203,43618,15,0
2020-11-03,1.29213,1.31285,1.29144,1.31162,41330,15,0
2020-11-04,1.31186,1.31398,1.2913999999999999,1.29643,111300,15,0
2020-11-05,1.29653,1.31541,1.29392,1.31365,73872,15,0
2020-11-06,1.3137699999999999,1.31764,1.30922,1.31454,65406,15,0
2020-11-08,1.31531,1.31792,1.31467,1.31761,1774,59,0
2020-11-09,1.31792,1.32073,1.31177,1.3167,74405,15,0
2020-11-10,1.31681,1.32775,1.31565,1.32577,69898,15,0
2020-11-11,1.3260100000000001,1.33124,1.31908,1.32206,53039,15,0
2020-11-12,1.3222800000000001,1.32277,1.31057,1.31185,48338,15,0
2020-11-13,1.31207,1.31996,1.31087,1.3195299999999999,35093,15,0
2020-11-15,1.31769,1.32211,1.31762,1.32171,1020,59,0
2020-11-16,1.3219,1.32417,1.31651,1.3218,42688,15,0
2020-11-17,1.32209,1.32718,1.31927,1.32537,39482,15,0
2020-11-18,1.32559,1.33107,1.32431,1.32488,35125,15,0
2020-11-19,1.3251,1.32786,1.3195299999999999,1.32444,42649,15,0
2020-11-20,1.32467,1.32973,1.32467,1.32833,35387,15,0
2020-11-22,1.32871,1.33019,1.32798,1.33005,1193,59,0
2020-11-23,1.33029,1.33969,1.32633,1.33236,41503,15,0
2020-11-24,1.33258,1.33796,1.32925,1.33601,40858,15,0
2020-11-25,1.3361100000000001,1.33927,1.33036,1.33807,42909,15,0
2020-11-26,1.3382800000000001,1.33971,1.33212,1.33505,24830,15,0
2020-11-27,1.33527,1.3381,1.32863,1.33036,33105,15,0
2020-11-29,1.33198,1.33289,1.3317,1.33259,670,111,0
2020-11-30,1.3330199999999999,1.33847,1.33044,1.3332600000000001,45423,15,0
2020-12-01,1.33348,1.34416,1.33148,1.34188,49362,15,0
2020-12-02,1.3421,1.3440400000000001,1.3287,1.33656,52208,15,0
2020-12-03,1.33678,1.34993,1.33528,1.34489,45686,15,0
2020-12-04,1.34511,1.3538700000000001,1.34083,1.34299,57239,15,0
2020-12-06,1.3409499999999999,1.34162,1.34069,1.34119,1459,62,0
2020-12-07,1.34143,1.34372,1.32237,1.33529,66126,15,0
2020-12-08,1.33545,1.33928,1.32888,1.33619,59957,15,0
2020-12-09,1.3364099999999999,1.34769,1.33319,1.33628,46951,15,0
2020-12-10,1.33649,1.3389,1.32452,1.32993,55477,15,0
2020-12-11,1.33015,1.33237,1.31339,1.32217,53723,15,0
2020-12-13,1.33311,1.33405,1.33097,1.3311,1540,118,0
2020-12-14,1.33156,1.34448,1.32895,1.33227,48156,15,0
2020-12-15,1.33249,1.34661,1.32795,1.34443,53518,15,0
2020-12-16,1.3446500000000001,1.35531,1.3434,1.34994,51871,15,0
2020-12-17,1.35015,1.36237,1.34951,1.35659,45926,15,0
2020-12-18,1.35681,1.35725,1.34711,1.35114,43038,15,0
2020-12-20,1.34148,1.34368,1.33895,1.33954,1571,118,0
2020-12-21,1.34005,1.34988,1.31873,1.34444,78350,15,0
2020-12-22,1.34466,1.34567,1.33035,1.33991,65298,15,0
2020-12-23,1.3401100000000001,1.357,1.33708,1.35099,71060,15,0
2020-12-24,1.3512,1.36185,1.3502100000000001,1.35436,43360,15,0
2020-12-27,1.3545,1.35696,1.35407,1.35669,808,59,0
2020-12-28,1.35691,1.3575300000000001,1.34286,1.34615,42009,15,0
2020-12-29,1.34638,1.35221,1.34589,1.34946,44921,15,0
2020-12-30,1.34968,1.3626800000000001,1.3492899999999999,1.36263,46755,15,0
2020-12-31,1.36285,1.36856,1.36033,1.36655,45084,15,0
2021-01-03,1.3648,1.36804,1.36456,1.36779,1078,59,0
2021-01-04,1.36802,1.37032,1.35409,1.35682,61140,15,0
2021-01-05,1.35704,1.36414,1.3553600000000001,1.36242,55455,15,0
2021-01-06,1.36264,1.3670200000000001,1.3538299999999999,1.36211,71611,15,0
2021-01-07,1.36232,1.36326,1.35321,1.35659,57810,15,0
2021-01-08,1.35681,1.36351,1.35379,1.35561,62301,15,0
2021-01-10,1.3559999999999999,1.35674,1.35063,1.35155,1159,60,0
2021-01-11,1.35178,1.35342,1.34503,1.3520400000000001,50549,15,0
2021-01-12,1.35226,1.36697,1.35036,1.36645,46738,15,0
2021-01-13,1.36664,1.37003,1.36109,1.36446,43060,15,0
2021-01-14,1.36468,1.37094,1.3616,1.36799,46315,15,0
2021-01-15,1.36821,1.36974,1.35717,1.358,42394,15,0
2021-01-17,1.35869,1.35952,1.35667,1.35678,1243,59,0
2021-01-18,1.357,1.3589,1.35191,1.35798,30751,15,0
2021-01-19,1.3582,1.36445,1.35807,1.36413,33765,15,0
2021-01-20,1.36435,1.37176,1.36227,1.36642,37851,15,0
2021-01-21,1.36661,1.37451,1.36581,1.37259,37504,15,0
2021-01-22,1.37282,1.37352,1.36352,1.36804,33592,15,0
2021-01-24,1.36775,1.36883,1.36696,1.36826,1020,59,0
2021-01-25,1.36849,1.37228,1.3648,1.36741,37170,15,0
2021-01-26,1.36762,1.37436,1.36083,1.37382,33020,15,0
2021-01-27,1.37404,1.3758,1.36585,1.3667799999999999,46033,15,0
2021-01-28,1.367,1.37453,1.36295,1.37218,46817,15,0
2021-01-29,1.3724,1.37507,1.36566,1.36963,52354,15,0
2021-01-31,1.36978,1.37035,1.36895,1.36947,1397,59,0
2021-02-01,1.36969,1.37571,1.36543,1.36728,42565,15,0
2021-02-02,1.36751,1.37097,1.36105,1.36561,38635,15,0
2021-02-03,1.3658299999999999,1.3682699999999999,1.3618700000000001,1.36468,34905,15,0
2021-02-04,1.3649,1.36971,1.35659,1.36692,41682,15,0
2021-02-05,1.36716,1.37392,1.36653,1.3731499999999999,32828,15,0
2021-02-07,1.37173,1.37369,1.37167,1.37351,1472,59,0
2021-02-08,1.3737300000000001,1.37487,1.36795,1.37427,28078,15,0
2021-02-09,1.37449,1.38197,1.37417,1.38125,31892,15,0
2021-02-10,1.38147,1.38653,1.38018,1.38278,33675,15,0
2021-02-11,1.383,1.38586,1.37999,1.3808500000000001,26877,15,0
2021-02-12,1.38107,1.38617,1.37751,1.38517,25513,15,0
2021-02-14,1.3848,1.38678,1.38465,1.3866100000000001,1345,59,0
2021-02-15,1.38683,1.3918300000000001,1.3865,1.3911,21337,15,0
2021-02-16,1.39132,1.39508,1.38686,1.38824,35128,15,0
2021-02-17,1.38845,1.3902999999999999,1.38288,1.38629,35855,15,0
2021-02-18,1.38651,1.3985,1.3839000000000001,1.3964400000000001,34030,15,0
2021-02-19,1.39666,1.40354,1.39508,1.40035,30100,15,0
2021-02-21,1.40102,1.40285,1.40032,1.40245,1813,59,0
2021-02-22,1.40267,1.40857,1.39799,1.40647,34292,15,0
2021-02-23,1.40669,1.41177,1.40536,1.41165,33765,15,0
2021-02-24,1.41185,1.42393,1.40816,1.41435,43125,15,0
2021-02-25,1.4145699999999999,1.41812,1.39995,1.40008,54309,15,0
2021-02-26,1.4003,1.4021,1.38873,1.39144,72649,15,0
2021-02-28,1.39241,1.39759,1.39234,1.3970500000000001,2268,62,0
2021-03-01,1.39731,1.39984,1.39035,1.39258,43997,15,0
2021-03-02,1.39279,1.3976199999999999,1.38584,1.39512,43930,15,0
2021-03-03,1.39534,1.40055,1.39189,1.39189,47688,15,0
2021-03-04,1.39205,1.4016199999999999,1.38796,1.3890500000000001,57565,15,0
2021-03-05,1.3890500000000001,1.39059,1.37779,1.3826100000000001,61362,15,0
2021-03-07,1.38069,1.38616,1.38058,1.38462,1765,59,0
2021-03-08,1.38501,1.38584,1.37989,1.38188,48422,15,0
2021-03-09,1.3820999999999999,1.39248,1.38013,1.38846,47586,15,0
2021-03-10,1.38868,1.3937300000000001,1.38448,1.3927399999999999,41327,15,0
2021-03-11,1.39296,1.39948,1.39182,1.39848,34897,15,0
2021-03-12,1.3987,1.40042,1.38628,1.3915199999999999,36035,15,0
2021-03-14,1.3912200000000001,1.39314,1.39118,1.3929,1483,15,0
2021-03-15,1.3929,1.39489,1.38523,1.38977,33974,15,0
2021-03-16,1.38977,1.39054,1.38084,1.39017,32570,15,0
2021-03-17,1.39016,1.39754,1.38503,1.39746,39119,15,0
2021-03-18,1.39745,1.40006,1.38967,1.39224,46681,15,0
2021-03-19,1.39224,1.3958599999999999,1.383,1.38649,40154,15,0
2021-03-21,1.3838599999999999,1.38445,1.38289,1.38327,1331,15,0
2021-03-22,1.38328,1.38762,1.38172,1.38586,29985,15,0
2021-03-23,1.38586,1.38618,1.37233,1.37305,35173,15,0
2021-03-24,1.37306,1.37419,1.36724,1.36878,33699,15,0
2021-03-25,1.3688,1.37477,1.36681,1.37458,34476,15,0
2021-03-26,1.37458,1.38118,1.37416,1.3791,26714,15,0
2021-03-28,1.37847,1.37942,1.37799,1.37894,1138,15,0
2021-03-29,1.37897,1.38461,1.37544,1.37735,33003,15,0
2021-03-30,1.37735,1.37826,1.37054,1.37451,32732,15,0
2021-03-31,1.37451,1.3811200000000001,1.37158,1.3785,33128,15,0
2021-04-01,1.3785,1.38362,1.37452,1.3832,38806,8,0
2021-04-02,1.3832,1.3850799999999999,1.38107,1.38222,18116,35,0
2021-04-04,1.38229,1.38311,1.38131,1.3829799999999999,1181,15,0
2021-04-05,1.38301,1.39145,1.38124,1.39119,23188,8,0
2021-04-06,1.39119,1.39182,1.38014,1.38296,43122,8,0
2021-04-07,1.3829500000000001,1.38395,1.37238,1.3740700000000001,50539,8,0
2021-04-08,1.3740700000000001,1.3782,1.37175,1.37327,42046,8,0
2021-04-09,1.37332,1.3750200000000001,1.36687,1.3705,39001,8,0
2021-04-11,1.37048,1.37134,1.36958,1.3706800000000001,1523,15,0
2021-04-12,1.37072,1.3776,1.36677,1.3753,37174,8,0
2021-04-13,1.37533,1.37684,1.36936,1.37582,43187,8,0
2021-04-14,1.37582,1.38083,1.37493,1.37771,39316,8,0
2021-04-15,1.37775,1.3808500000000001,1.37609,1.37828,42876,8,0
2021-04-16,1.37831,1.38407,1.37143,1.38404,41957,8,0
2021-04-18,1.38263,1.38312,1.38166,1.38168,1473,15,0
2021-04-19,1.38172,1.3992499999999999,1.38084,1.39907,51975,8,0
2021-04-20,1.3991,1.40088,1.39256,1.3937300000000001,42769,8,0
2021-04-21,1.3937599999999999,1.39489,1.38849,1.3930500000000001,38208,8,0
2021-04-22,1.3930799999999999,1.39489,1.3822999999999999,1.3838,44328,8,0
2021-04-23,1.3838300000000001,1.3895,1.38351,1.38807,38843,8,0
2021-04-25,1.38705,1.38758,1.3864,1.38642,976,15,0
2021-04-26,1.38646,1.39287,1.38646,1.38941,40146,8,0
2021-04-27,1.38941,1.39234,1.38579,1.39022,38587,8,0
2021-04-28,1.39025,1.39547,1.38601,1.39537,47444,8,0
2021-04-29,1.3954,1.39759,1.3931499999999999,1.39494,45979,8,0
2021-04-30,1.3949799999999999,1.3957899999999999,1.38021,1.38147,50111,8,0
2021-05-02,1.3808,1.38219,1.38065,1.38178,959,15,0
2021-05-03,1.38182,1.3931200000000001,1.3799000000000001,1.39024,36251,8,0
2021-05-04,1.3902700000000001,1.39049,1.38378,1.38867,52467,8,0
2021-05-05,1.3887,1.3926,1.38757,1.39079,36854,8,0
2021-05-06,1.39083,1.39402,1.38561,1.38948,54524,8,0
2021-05-07,1.38951,1.40052,1.38896,1.39866,56434,8,0
2021-05-09,1.39981,1.4043700000000001,1.39916,1.40397,1613,15,0
2021-05-10,1.40401,1.41574,1.40143,1.4129800000000001,51628,8,0
2021-05-11,1.4129800000000001,1.41657,1.41036,1.41348,52318,8,0
2021-05-12,1.41351,1.41523,1.4048,1.40618,67752,8,0
2021-05-13,1.4062000000000001,1.4077600000000001,1.40049,1.40455,58893,8,0
2021-05-14,1.40459,1.41106,1.40355,1.4097,45775,8,0
2021-05-16,1.4095,1.41033,1.409,1.41002,909,15,0
2021-05-17,1.41002,1.4147,1.40766,1.41468,42722,8,0
2021-05-18,1.41473,1.42201,1.41449,1.41867,45838,8,0
2021-05-19,1.4187,1.4200300000000001,1.40985,1.41069,67983,8,0
2021-05-20,1.41069,1.41921,1.41007,1.41842,50282,8,0
2021-05-21,1.41844,1.4233500000000001,1.414,1.41493,50865,8,0
2021-05-23,1.4148399999999999,1.41538,1.4133499999999999,1.41395,1213,12,0
2021-05-24,1.41395,1.41711,1.41106,1.41547,42642,8,0
2021-05-25,1.41548,1.42102,1.41151,1.4142000000000001,50772,8,0
2021-05-26,1.41422,1.41756,1.41119,1.41146,46854,8,0
2021-05-27,1.4114900000000001,1.42187,1.4090500000000001,1.42025,53767,8,0
2021-05-28,1.42027,1.42051,1.4136,1.41879,57252,8,0
2021-05-30,1.41784,1.4188,1.4176199999999999,1.4179,664,12,0
2021-05-31,1.41792,1.42279,1.4163299999999999,1.42264,37440,8,0
2021-06-01,1.42266,1.4247,1.41426,1.4155,59626,8,0
2021-06-02,1.41552,1.41828,1.41102,1.41703,48859,8,0
2021-06-03,1.41706,1.42025,1.40859,1.41075,60616,8,0
2021-06-04,1.41078,1.41998,1.40822,1.41577,61257,8,0
2021-06-06,1.41505,1.41648,1.4148,1.4163700000000001,1265,12,0
2021-06-07,1.41639,1.41903,1.41094,1.4175200000000001,43237,8,0
2021-06-08,1.41753,1.41841,1.41204,1.41487,44278,8,0
2021-06-09,1.4148800000000001,1.4188399999999999,1.41071,1.41106,38461,8,0
2021-06-10,1.4110800000000001,1.41778,1.40716,1.41697,66975,8,0
2021-06-11,1.417,1.41848,1.40952,1.41113,42032,8,0
2021-06-13,1.4101,1.41184,1.40998,1.4117,990,12,0
2021-06-14,1.4117,1.41234,1.40696,1.4109099999999999,36359,8,0
2021-06-15,1.41093,1.41275,1.40337,1.40802,43862,8,0
2021-06-16,1.40804,1.41322,1.39801,1.39885,73870,8,0
2021-06-17,1.39887,1.40082,1.38953,1.39374,67550,8,0
2021-06-18,1.3937599999999999,1.39439,1.37916,1.37977,69240,8,0
2021-06-20,1.38006,1.38227,1.37913,1.38158,1605,12,0
2021-06-21,1.3816,1.39363,1.3786,1.39238,61361,8,0
2021-06-22,1.3924,1.39632,1.38597,1.3948800000000001,49971,8,0
2021-06-23,1.39487,1.40008,1.39234,1.39662,49112,8,0
2021-06-24,1.39664,1.39862,1.3889,1.39157,58557,8,0
2021-06-25,1.3915899999999999,1.3935,1.38708,1.3879000000000001,41057,8,0
2021-06-27,1.38845,1.38958,1.38754,1.38958,1101,12,0
2021-06-28,1.3896,1.3938,1.38689,1.3878,42123,8,0
2021-06-29,1.38782,1.38801,1.38137,1.38398,43080,8,0
2021-06-30,1.384,1.38723,1.37979,1.38279,47921,8,0
2021-07-01,1.38281,1.38337,1.3748,1.37586,49726,8,0
2021-07-02,1.37587,1.38439,1.37307,1.3829799999999999,56243,8,0
2021-07-04,1.38229,1.38337,1.38229,1.38308,1225,12,0
2021-07-05,1.3831,1.38615,1.38163,1.38528,29347,8,0
2021-07-06,1.3853,1.38977,1.37725,1.38035,58353,8,0
2021-07-07,1.38037,1.38414,1.37534,1.37991,66325,8,0
2021-07-08,1.37994,1.38016,1.37414,1.37893,73993,8,0
2021-07-09,1.3789500000000001,1.39005,1.37551,1.38999,63009,8,0
2021-07-11,1.38896,1.39008,1.38804,1.38981,1770,12,0
2021-07-12,1.38984,1.39096,1.38384,1.38858,47635,8,0
2021-07-13,1.3886,1.39046,1.37995,1.3805,61188,8,0
2021-07-14,1.38052,1.38917,1.3801,1.38561,56896,8,0
2021-07-15,1.38562,1.38985,1.38043,1.38276,63584,8,0
2021-07-16,1.38278,1.38618,1.37601,1.37632,50656,8,0
2021-07-18,1.3766,1.37689,1.37568,1.37628,1112,12,0
2021-07-19,1.3763,1.37633,1.36541,1.36683,79668,8,0
2021-07-20,1.36684,1.36891,1.35716,1.36337,68016,8,0
2021-07-21,1.3633899999999999,1.37226,1.35892,1.37114,52156,8,0
2021-07-22,1.37116,1.37867,1.36901,1.3772199999999999,56633,8,0
2021-07-23,1.37724,1.37796,1.3719700000000001,1.37463,43821,8,0
2021-07-25,1.37493,1.37607,1.37394,1.37565,862,12,0
2021-07-26,1.3756599999999999,1.3832900000000001,1.37366,1.38256,35509,8,0
2021-07-27,1.38258,1.38936,1.37663,1.38814,42079,8,0
2021-07-28,1.3881700000000001,1.39108,1.38426,1.39052,47685,8,0
2021-07-29,1.39054,1.39815,1.38978,1.39631,29669,8,0
2021-07-30,1.39634,1.39829,1.38877,1.39054,31833,8,0
2021-08-01,1.38959,1.39017,1.38897,1.3895,663,12,0
2021-08-02,1.38952,1.39322,1.38754,1.38902,29726,8,0
2021-08-03,1.38904,1.39381,1.38821,1.39166,29220,8,0
2021-08-04,1.39167,1.39571,1.38822,1.3889,27461,8,0
2021-08-05,1.38892,1.39486,1.38708,1.39267,36971,8,0
2021-08-06,1.39269,1.3931499999999999,1.38608,1.3873,34483,8,0
2021-08-08,1.38719,1.38763,1.38578,1.3866100000000001,1703,12,0
2021-08-09,1.3866399999999999,1.38941,1.38398,1.38462,27039,8,0
2021-08-10,1.38464,1.3872,1.3827,1.3835,23599,8,0
2021-08-11,1.38352,1.3887399999999999,1.38023,1.38659,29215,8,0
2021-08-12,1.3866,1.38781,1.37939,1.38104,21846,8,0
2021-08-13,1.38106,1.38746,1.37903,1.38666,17279,8,0
2021-08-15,1.38551,1.3872,1.38523,1.3863400000000001,784,12,0
2021-08-16,1.38636,1.38776,1.38272,1.38403,22730,8,0
2021-08-17,1.38404,1.38405,1.37225,1.37395,28739,8,0
2021-08-18,1.37397,1.37848,1.37305,1.37426,27249,8,0
2021-08-19,1.37428,1.37492,1.36273,1.36296,33479,8,0
2021-08-20,1.36298,1.36404,1.36016,1.3623,25307,8,0
2021-08-22,1.36173,1.36296,1.36105,1.3624,937,12,0
2021-08-23,1.36242,1.37317,1.36242,1.3722699999999999,24410,8,0
2021-08-24,1.3723,1.37472,1.36932,1.37243,22804,8,0
2021-08-25,1.37244,1.37664,1.36962,1.37638,21956,8,0
2021-08-26,1.3764,1.37675,1.36884,1.36999,24689,8,0
2021-08-27,1.37,1.37806,1.3679299999999999,1.3759000000000001,32875,8,0
2021-08-29,1.37533,1.3765399999999999,1.37465,1.37621,965,12,0
2021-08-30,1.37623,1.37747,1.37332,1.37583,17165,8,0
2021-08-31,1.37585,1.38071,1.37424,1.37518,33274,8,0
2021-09-01,1.37519,1.37979,1.37307,1.37707,25502,8,0
2021-09-02,1.37709,1.38394,1.37669,1.38357,19641,8,0
2021-09-03,1.3835899999999999,1.38911,1.38175,1.38584,29754,8,0
2021-09-05,1.38588,1.38667,1.3852,1.38571,666,12,0
2021-09-06,1.38574,1.38592,1.38181,1.38382,14480,8,0
2021-09-07,1.3838300000000001,1.38561,1.37673,1.37787,30278,8,0
2021-09-08,1.37788,1.3790200000000001,1.37262,1.37661,30622,8,0
2021-09-09,1.37665,1.3862,1.37531,1.38377,32288,8,0
2021-09-10,1.38379,1.3888099999999999,1.38265,1.38301,24564,8,0
2021-09-12,1.38373,1.38408,1.3828,1.3838599999999999,656,12,0
2021-09-13,1.38389,1.38507,1.37957,1.38372,24956,8,0
2021-09-14,1.38372,1.39127,1.38002,1.38077,30902,8,0
2021-09-15,1.38079,1.38532,1.37924,1.3847800000000001,28153,8,0
2021-09-16,1.38477,1.3849,1.37641,1.37976,27991,8,0
2021-09-17,1.37974,1.38123,1.3727,1.37292,28367,8,0
2021-09-19,1.3738299999999999,1.37457,1.37228,1.3728099999999999,894,12,0
2021-09-20,1.37283,1.37297,1.36401,1.36616,34954,8,0
2021-09-21,1.36618,1.36925,1.36408,1.36571,36608,8,0
2021-09-22,1.36568,1.36893,1.36089,1.36157,52392,8,0
2021-09-23,1.36158,1.3750200000000001,1.3611900000000001,1.37205,41988,8,0
2021-09-24,1.37203,1.37359,1.36575,1.36718,28777,8,0
2021-09-26,1.36604,1.36721,1.36567,1.36682,874,8,0
2021-09-27,1.36683,1.37286,1.36569,1.37003,35157,8,0
2021-09-28,1.37002,1.3717,1.3520400000000001,1.3541,52597,8,0
2021-09-29,1.35412,1.35541,1.34105,1.34268,48171,8,0
2021-09-30,1.34266,1.35169,1.34142,1.3468200000000001,46490,8,0
2021-10-01,1.34681,1.35751,1.34331,1.3544100000000001,52402,8,0
2021-10-03,1.35495,1.35751,1.35385,1.35693,1151,12,0
2021-10-04,1.35696,1.36398,1.353,1.36063,44033,8,0
2021-10-05,1.3606099999999999,1.36472,1.3584100000000001,1.36258,40246,8,0
2021-10-06,1.36257,1.36308,1.35436,1.35916,50124,8,0
2021-10-07,1.35918,1.36379,1.35701,1.3618700000000001,35958,8,0
2021-10-08,1.36185,1.36578,1.35824,1.36148,39845,8,0
2021-10-10,1.3612600000000001,1.36259,1.36077,1.36155,1080,12,0
2021-10-11,1.3615599999999999,1.36735,1.3584100000000001,1.35906,34033,8,0
2021-10-12,1.35908,1.36369,1.3568,1.35762,35727,8,0
2021-10-13,1.35765,1.36685,1.35754,1.36681,40784,8,0
2021-10-14,1.36679,1.37339,1.36579,1.36677,27809,8,0
2021-10-15,1.36679,1.37726,1.36677,1.37445,32428,8,0
2021-10-17,1.37448,1.37646,1.37422,1.37603,1788,8,0
2021-10-18,1.37605,1.37631,1.37085,1.3735,29209,8,0
2021-10-19,1.37353,1.38335,1.37353,1.3792,28430,8,0
2021-10-20,1.37921,1.38339,1.37419,1.38214,28916,8,0
2021-10-21,1.38216,1.38328,1.37756,1.37907,31006,8,0
2021-10-22,1.37904,1.3814,1.37348,1.3758,42876,8,0
2021-10-24,1.37442,1.37642,1.3744,1.37615,804,12,0
2021-10-25,1.3761700000000001,1.37916,1.37414,1.37632,35520,8,0
2021-10-26,1.37634,1.3829099999999999,1.37564,1.3765,36009,8,0
2021-10-27,1.37652,1.37801,1.37091,1.37313,42426,8,0
2021-10-28,1.3731499999999999,1.38145,1.37218,1.3798,50046,8,0
2021-10-29,1.3798300000000001,1.38033,1.36679,1.36917,45534,8,0
2021-10-31,1.3679000000000001,1.36876,1.36767,1.3682400000000001,901,8,0
2021-11-01,1.36825,1.36927,1.36415,1.36541,36788,8,0
2021-11-02,1.36543,1.36663,1.36052,1.3615599999999999,37330,8,0
2021-11-03,1.36158,1.36979,1.36069,1.36936,49312,8,0
2021-11-04,1.36935,1.36937,1.34707,1.35073,51954,8,0
2021-11-05,1.3507500000000001,1.3508499999999999,1.34237,1.34951,43210,8,0
2021-11-07,1.34822,1.34916,1.34814,1.349,873,12,0
2021-11-08,1.34898,1.35793,1.34498,1.3563100000000001,32863,8,0
2021-11-09,1.35629,1.36069,1.35237,1.35593,37501,8,0
2021-11-10,1.35595,1.35644,1.33986,1.34116,52723,8,0
2021-11-11,1.34114,1.34328,1.33576,1.33642,39639,8,0
2021-11-12,1.33644,1.3425799999999999,1.3353,1.34127,31537,8,0
2021-11-14,1.34115,1.3418,1.34062,1.34155,791,12,0
2021-11-15,1.3415599999999999,1.34487,1.34027,1.3409499999999999,34016,8,0
2021-11-16,1.34098,1.34724,1.34098,1.34246,42993,8,0
2021-11-17,1.3424800000000001,1.34957,1.33938,1.34881,48152,8,0
2021-11-18,1.34883,1.35132,1.34635,1.34985,38267,8,0
2021-11-19,1.34982,1.35093,1.34069,1.34427,56783,8,0
2021-11-21,1.34483,1.3449,1.34295,1.34324,832,12,0
2021-11-22,1.34326,1.34493,1.33839,1.33968,51968,8,0
2021-11-23,1.33969,1.34085,1.33405,1.33746,50765,8,0
2021-11-24,1.33748,1.33893,1.3315299999999999,1.33294,48086,8,0
2021-11-25,1.33296,1.33531,1.3305,1.33113,26012,8,0
2021-11-26,1.33115,1.3353,1.32763,1.33297,43004,8,0
2021-11-28,1.33345,1.33433,1.33253,1.33399,1598,12,0
2021-11-29,1.3339699999999999,1.33625,1.3287,1.33137,44582,8,0
2021-11-30,1.33138,1.33701,1.31932,1.32948,84052,8,0
2021-12-01,1.3295,1.33517,1.32613,1.3277,58762,8,0
2021-12-02,1.32771,1.33332,1.32711,1.32992,50189,8,0
2021-12-03,1.32995,1.33094,1.32068,1.32338,58782,8,0
2021-12-05,1.32349,1.32439,1.3225799999999999,1.32347,835,12,0
2021-12-06,1.32348,1.32857,1.32221,1.32618,39606,8,0
2021-12-07,1.3262,1.3289,1.32071,1.32449,40393,8,0
2021-12-08,1.3244799999999999,1.32609,1.31595,1.32085,55195,8,0
2021-12-09,1.32083,1.32239,1.31694,1.32236,38312,8,0
2021-12-10,1.32237,1.3275000000000001,1.31869,1.32653,39661,8,0
2021-12-12,1.32505,1.32593,1.32505,1.32564,617,12,0
2021-12-13,1.3256299999999999,1.32683,1.3204799999999999,1.32126,37008,8,0
2021-12-14,1.32124,1.32562,1.31906,1.3229199999999999,33117,8,0
2021-12-15,1.3229,1.32823,1.31715,1.32618,57694,8,0
2021-12-16,1.3262,1.3374,1.32409,1.33221,61290,8,0
2021-12-17,1.33223,1.33391,1.32308,1.32358,41879,8,0
2021-12-19,1.3234,1.32385,1.32216,1.32284,799,12,0
2021-12-20,1.32286,1.32443,1.3172,1.32091,38240,8,0
2021-12-21,1.32092,1.32706,1.31969,1.32678,32952,8,0
2021-12-22,1.32681,1.33629,1.32383,1.33503,32721,8,0
2021-12-23,1.33501,1.34374,1.3342399999999999,1.34053,29430,8,0
2021-12-24,1.34052,1.34147,1.33791,1.33868,27959,12,0
2021-12-26,1.3384,1.34074,1.33825,1.34022,469,12,0
2021-12-27,1.3402,1.34448,1.33913,1.3441,18522,8,0
2021-12-28,1.3441100000000001,1.34611,1.34145,1.34327,18012,8,0
2021-12-29,1.34326,1.3498999999999999,1.34084,1.34964,24263,8,0
2021-12-30,1.3496299999999999,1.35213,1.3454,1.34969,25864,8,0
2021-12-31,1.34967,1.35498,1.3465099999999999,1.35325,28677,8,0
2022-01-02,1.35239,1.35334,1.35199,1.35211,445,12,0
2022-01-03,1.35209,1.35293,1.34305,1.34818,32649,8,0
2022-01-04,1.34819,1.35568,1.34591,1.35297,33574,8,0
2022-01-05,1.3529499999999999,1.35982,1.35222,1.3554300000000001,37518,8,0
2022-01-06,1.35542,1.35587,1.34898,1.35325,40478,8,0
2022-01-07,1.35323,1.35971,1.35272,1.35907,34504,8,0
2022-01-09,1.3581400000000001,1.35913,1.35744,1.3591,779,12,0
2022-01-10,1.3590900000000001,1.3603100000000001,1.35316,1.35791,35567,8,0
2022-01-11,1.35789,1.36362,1.35612,1.36322,37800,8,0
2022-01-12,1.36323,1.3714,1.36203,1.37055,34516,8,0
2022-01-13,1.37054,1.37485,1.37003,1.37126,36320,8,0
2022-01-14,1.37124,1.37425,1.36529,1.36769,41958,8,0
2022-01-16,1.36738,1.36754,1.36647,1.36724,826,12,0
2022-01-17,1.36725,1.36894,1.36353,1.36467,28719,8,0
2022-01-18,1.36469,1.36608,1.35724,1.3599,48879,8,0
2022-01-19,1.35992,1.36484,1.3587,1.36082,42590,8,0
2022-01-20,1.36084,1.36613,1.35864,1.3596300000000001,42859,8,0
2022-01-21,1.35965,1.36015,1.35447,1.35538,46701,8,0
2022-01-23,1.35467,1.35545,1.35455,1.35544,721,12,0
2022-01-24,1.35545,1.3565,1.34394,1.34877,52990,8,0
2022-01-25,1.3488,1.35182,1.34359,1.3509,48499,8,0
2022-01-26,1.35093,1.35244,1.3444,1.34667,56126,8,0
2022-01-27,1.34666,1.34667,1.33574,1.33867,57563,8,0
2022-01-28,1.33868,1.34324,1.33648,1.33969,51264,8,0
2022-01-30,1.3390900000000001,1.34026,1.33861,1.34022,929,12,0
2022-01-31,1.3402,1.346,1.33915,1.34443,44776,8,0
2022-02-01,1.34442,1.35275,1.34338,1.3524,40674,8,0
2022-02-02,1.35237,1.3587099999999999,1.35161,1.35637,37450,8,0
2022-02-03,1.35636,1.36274,1.35378,1.35975,67740,8,0
2022-02-04,1.3597299999999999,1.36142,1.35043,1.35285,57471,8,0
2022-02-06,1.35311,1.35365,1.35255,1.3532199999999999,449,12,0
2022-02-07,1.35323,1.35504,1.34898,1.3536299999999999,41592,8,0
2022-02-08,1.35365,1.35637,1.35063,1.3546,33414,8,0
2022-02-09,1.35461,1.35888,1.35263,1.35321,29819,8,0
2022-02-10,1.3532,1.36432,1.35229,1.3548499999999999,62787,8,0
2022-02-11,1.35484,1.36089,1.35121,1.3559700000000001,77932,8,0
2022-02-13,1.35488,1.3571,1.35471,1.35684,1260,12,0
2022-02-14,1.35686,1.35714,1.34937,1.35318,59294,8,0
2022-02-15,1.3532,1.3566500000000001,1.3486,1.35399,47485,8,0
2022-02-16,1.35397,1.36006,1.35382,1.35811,43094,8,0
2022-02-17,1.35813,1.36376,1.3553899999999999,1.36141,60353,8,0
2022-02-18,1.3614,1.3642400000000001,1.35728,1.35907,43575,8,0
2022-02-20,1.35887,1.3597000000000001,1.35831,1.3590900000000001,763,12,0
2022-02-21,1.35908,1.36381,1.3580999999999999,1.35941,37681,8,0
2022-02-22,1.35944,1.36043,1.35379,1.35879,47514,8,0
2022-02-23,1.35881,1.36203,1.3535300000000001,1.3544399999999999,40220,8,0
2022-02-24,1.35446,1.35462,1.3272300000000001,1.3371,106733,8,0
2022-02-25,1.33712,1.34379,1.33663,1.3411,64414,8,0
2022-02-27,1.3329,1.33738,1.33256,1.33717,3146,12,0
2022-02-28,1.33715,1.3431199999999999,1.33411,1.34215,72280,8,0
2022-03-01,1.34212,1.34368,1.33015,1.33349,61595,8,0
2022-03-02,1.33347,1.34066,1.32701,1.33956,75247,8,0
2022-03-03,1.33957,1.34167,1.33171,1.33501,56789,8,0
2022-03-04,1.33499,1.33507,1.32019,1.32369,69530,8,0
2022-03-06,1.32215,1.32356,1.31999,1.32111,2571,12,0
2022-03-07,1.3211300000000001,1.3227,1.30983,1.31129,99852,8,0
2022-03-08,1.3113000000000001,1.31441,1.30805,1.3098,97375,8,0
2022-03-09,1.30982,1.31895,1.30978,1.31843,63575,8,0
2022-03-10,1.31841,1.31941,1.30786,1.31022,70032,8,0
2022-03-11,1.31021,1.31246,1.3026900000000001,1.30378,63736,8,0
2022-03-13,1.30371,1.3052000000000001,1.30275,1.3049,1920,12,0
2022-03-14,1.30491,1.30788,1.29971,1.30093,50383,8,0
2022-03-15,1.30095,1.3088199999999999,1.29999,1.30436,58452,8,0
2022-03-16,1.30438,1.31561,1.30347,1.31395,74912,8,0
2022-03-17,1.31396,1.32104,1.30871,1.31581,59561,8,0
2022-03-18,1.3158400000000001,1.31965,1.31104,1.31779,46147,8,0
2022-03-20,1.3171300000000001,1.31763,1.3158400000000001,1.3159100000000001,1370,12,0
2022-03-21,1.31593,1.32094,1.31253,1.31686,46872,8,0
2022-03-22,1.31688,1.32731,1.31196,1.32652,55021,8,0
2022-03-23,1.32654,1.32972,1.31748,1.3204799999999999,45974,8,0
2022-03-24,1.32051,1.32138,1.31559,1.31937,54320,8,0
2022-03-25,1.31938,1.32244,1.31588,1.31812,49967,8,0
2022-03-27,1.31751,1.3183,1.31684,1.31725,1133,12,0
2022-03-28,1.31726,1.31761,1.30656,1.30988,61570,8,0
2022-03-29,1.30989,1.31593,1.30504,1.30936,78185,8,0
2022-03-30,1.30934,1.31821,1.30883,1.31369,61034,8,0
2022-03-31,1.31371,1.31753,1.31056,1.3145,61595,8,0
2022-04-01,1.31452,1.3146499999999999,1.3086,1.31138,44038,8,0
2022-04-03,1.30995,1.31097,1.3096,1.31037,1035,12,0
2022-04-04,1.31039,1.31359,1.30927,1.3112,35730,8,0
2022-04-05,1.31122,1.31665,1.30664,1.3076400000000001,45980,8,0
2022-04-06,1.30765,1.31077,1.30432,1.30688,59194,8,0
2022-04-07,1.3069,1.3106200000000001,1.30515,1.30682,47554,8,0
2022-04-08,1.30685,1.30769,1.29817,1.30358,38908,8,0
2022-04-10,1.30271,1.30392,1.30234,1.3029600000000001,1359,12,0
2022-04-11,1.30297,1.30563,1.29884,1.30223,45410,8,0
2022-04-12,1.30222,1.30537,1.2993299999999999,1.30013,52028,8,0
2022-04-13,1.30014,1.31227,1.29705,1.31181,46492,8,0
2022-04-14,1.3118400000000001,1.31471,1.3033000000000001,1.30629,54185,8,0
2022-04-15,1.30616,1.30705,1.30417,1.30505,24862,44,0
2022-04-17,1.3048,1.30641,1.30466,1.30564,1434,12,0
2022-04-18,1.30566,1.30573,1.30002,1.30073,30220,8,0
2022-04-19,1.30071,1.30404,1.29791,1.30133,45981,8,0
2022-04-20,1.30136,1.3073299999999999,1.29961,1.30676,47394,8,0
2022-04-21,1.30679,1.30898,1.30221,1.30241,49519,8,0
2022-04-22,1.30243,1.30325,1.28225,1.2837100000000001,58758,8,0
2022-04-24,1.28321,1.28388,1.28254,1.28277,1701,12,0
2022-04-25,1.2828,1.28293,1.26966,1.27374,74562,8,0
2022-04-26,1.27376,1.27713,1.2558099999999999,1.25809,58071,8,0
2022-04-27,1.25812,1.2601200000000001,1.25022,1.25394,65272,8,0
2022-04-28,1.2539500000000001,1.25693,1.24108,1.24645,77473,8,0
2022-04-29,1.24647,1.26142,1.24647,1.25749,65905,8,0
2022-05-01,1.2579099999999999,1.25873,1.25691,1.25699,1871,12,0
2022-05-02,1.25702,1.2597,1.24725,1.24991,52006,8,0
2022-05-03,1.24992,1.25666,1.24701,1.2498,57760,8,0
2022-05-04,1.24981,1.2637800000000001,1.24513,1.2616,91717,8,0
2022-05-05,1.2616100000000001,1.26327,1.23246,1.2362,101977,8,0
2022-05-06,1.23622,1.23796,1.22748,1.23365,105817,8,0
2022-05-08,1.2339,1.23434,1.23241,1.23252,1883,12,0
2022-05-09,1.23255,1.24055,1.22601,1.23347,78544,8,0
2022-05-10,1.23348,1.23753,1.22915,1.23067,80045,8,0
2022-05-11,1.23069,1.23998,1.22316,1.2233,99185,8,0
2022-05-12,1.22332,1.22482,1.21639,1.22039,100032,8,0
2022-05-13,1.22041,1.22604,1.21543,1.22598,62136,8,0
2022-05-15,1.22386,1.22655,1.2238,1.22566,2152,12,0
2022-05-16,1.22568,1.23291,1.22166,1.23252,64206,8,0
2022-05-17,1.23254,1.24986,1.23203,1.24866,79721,8,0
2022-05-18,1.24866,1.25004,1.23294,1.23437,63553,8,0
2022-05-19,1.2343899999999999,1.25241,1.23376,1.24625,93226,8,0
2022-05-20,1.24627,1.2499500000000001,1.24371,1.24929,67454,8,0
2022-05-22,1.24765,1.25092,1.2474,1.25028,1627,12,0
2022-05-23,1.2503,1.26007,1.2499500000000001,1.25664,59613,8,0
2022-05-24,1.25667,1.25983,1.24714,1.2541,71982,8,0
2022-05-25,1.25412,1.25939,1.24807,1.25855,72320,8,0
2022-05-26,1.25857,1.26204,1.25514,1.2616399999999999,59565,8,0
2022-05-27,1.26165,1.26662,1.25855,1.26302,53045,8,0
2022-05-29,1.26146,1.26339,1.26117,1.2624,911,12,0
2022-05-30,1.26242,1.26593,1.26159,1.26453,36971,8,0
2022-05-31,1.26455,1.26481,1.25601,1.26089,65256,8,0
2022-06-01,1.26092,1.26163,1.24581,1.24832,60625,8,0
2022-06-02,1.24834,1.25861,1.24688,1.25779,45898,8,0
2022-06-03,1.25781,1.25894,1.24851,1.24882,40562,8,0
2022-06-05,1.24856,1.2502,1.24816,1.24895,1164,12,0
2022-06-06,1.24897,1.2577099999999999,1.24763,1.2523,49062,8,0
2022-06-07,1.25231,1.2599,1.24299,1.2587,61966,8,0
2022-06-08,1.25872,1.25889,1.25129,1.25399,54646,8,0
2022-06-09,1.25401,1.2558,1.24837,1.2492,71400,8,0
2022-06-10,1.24922,1.25171,1.23007,1.23146,75309,8,0
2022-06-12,1.23142,1.23166,1.22716,1.22765,3178,12,0
2022-06-13,1.22766,1.2300200000000001,1.21069,1.2141899999999999,100894,8,0
2022-06-14,1.2142,1.22075,1.19336,1.20102,114488,8,0
2022-06-15,1.20105,1.22045,1.1989,1.21741,165539,8,0
2022-06-16,1.21744,1.24063,1.2041,1.2349700000000001,155345,8,0
2022-06-17,1.2349999999999999,1.23526,1.21722,1.22189,112662,8,0
2022-06-19,1.22194,1.22312,1.22068,1.22273,2399,12,0
2022-06-20,1.22275,1.228,1.21989,1.22478,66204,8,0
2022-06-21,1.2248,1.2324,1.22444,1.22634,70241,8,0
2022-06-22,1.2263600000000001,1.23142,1.21601,1.22517,86357,8,0
2022-06-23,1.22519,1.2294,1.21695,1.22594,96078,8,0
2022-06-24,1.22596,1.23201,1.22406,1.22744,72850,8,0
2022-06-26,1.22645,1.22962,1.22605,1.22821,2298,12,0
2022-06-27,1.22823,1.23313,1.22376,1.22659,69978,8,0
2022-06-28,1.2266,1.2291,1.21747,1.21872,73866,8,0
2022-06-29,1.21874,1.22128,1.21052,1.21285,82939,8,0
2022-06-30,1.21286,1.21882,1.20917,1.21598,84873,8,0
2022-07-01,1.21601,1.21611,1.19754,1.20961,86630,8,0
2022-07-03,1.20961,1.2122,1.20925,1.20995,1877,12,0
2022-07-04,1.20996,1.21647,1.20844,1.21131,48384,8,0
2022-07-05,1.21132,1.21248,1.18982,1.19509,93218,8,0
2022-07-06,1.1951,1.19889,1.1875499999999999,1.1921599999999999,115893,8,0
2022-07-07,1.19218,1.20331,1.19086,1.20285,86835,8,0
2022-07-08,1.20288,1.20557,1.19192,1.20323,97439,8,0
2022-07-10,1.20122,1.20363,1.20118,1.20166,1709,12,0
2022-07-11,1.20169,1.20194,1.18661,1.1898900000000001,78027,8,0
2022-07-12,1.1899,1.19154,1.1807,1.18771,89411,8,0
2022-07-13,1.18769,1.19666,1.1827,1.1863299999999999,114712,8,0
2022-07-14,1.18635,1.18839,1.17597,1.18404,116251,8,0
2022-07-15,1.18404,1.18741,1.1804000000000001,1.18676,91462,8,0
2022-07-17,1.18591,1.18904,1.1858,1.18895,2116,12,0
2022-07-18,1.18893,1.2033,1.18739,1.1948400000000001,75666,8,0
2022-07-19,1.19485,1.2045,1.19246,1.20019,81618,8,0
2022-07-20,1.20021,1.20371,1.1953,1.19673,80373,8,0
2022-07-21,1.19674,1.20034,1.18896,1.1994799999999999,105593,8,0
2022-07-22,1.1995,1.20636,1.19158,1.20056,99652,8,0
2022-07-24,1.1993,1.20101,1.19846,1.19849,2034,12,0
2022-07-25,1.19851,1.20861,1.19601,1.20533,75648,8,0
2022-07-26,1.20535,1.20899,1.19634,1.2035,74603,8,0
2022-07-27,1.20352,1.21858,1.20201,1.21614,93572,8,0
2022-07-28,1.21618,1.2191,1.2103,1.21721,98728,8,0
2022-07-29,1.2172399999999999,1.22452,1.20627,1.21773,96468,8,0
2022-07-31,1.21714,1.21747,1.21561,1.21673,2075,12,0
2022-08-01,1.21675,1.22931,1.21625,1.22566,79504,8,0
2022-08-02,1.22568,1.22787,1.21395,1.2142,97748,8,0
2022-08-03,1.21425,1.22073,1.20997,1.21374,90673,8,0
2022-08-04,1.21376,1.2217,1.2065,1.21578,94498,8,0
2022-08-05,1.2158,1.21686,1.2003,1.20693,84094,8,0
2022-08-07,1.20645,1.20661,1.2056499999999999,1.20606,1447,12,0
2022-08-08,1.20607,1.21371,1.20471,1.20846,53456,8,0
2022-08-09,1.20849,1.21298,1.20627,1.20708,49823,8,0
2022-08-10,1.20711,1.22764,1.20647,1.22099,77999,8,0
2022-08-11,1.22101,1.2248999999999999,1.2181899999999999,1.21942,73915,8,0
2022-08-12,1.21944,1.22161,1.20991,1.21344,64916,8,0
2022-08-14,1.2124,1.21384,1.2124,1.21265,1277,12,0
2022-08-15,1.21268,1.21478,1.20441,1.20559,58539,8,0
2022-08-16,1.2056,1.21174,1.2006999999999999,1.20941,61130,8,0
2022-08-17,1.20943,1.21412,1.20276,1.20448,78609,8,0
2022-08-18,1.2045,1.20793,1.19223,1.19299,71309,8,0
2022-08-19,1.19302,1.1933,1.17917,1.18286,63791,8,0
2022-08-21,1.18157,1.18282,1.18108,1.18185,1703,12,0
2022-08-22,1.18187,1.18363,1.17418,1.17649,63059,8,0
2022-08-23,1.17652,1.18774,1.1716199999999999,1.1829399999999999,83498,8,0
2022-08-24,1.18296,1.1835,1.1755200000000001,1.17899,71341,8,0
2022-08-25,1.17902,1.1864,1.1783299999999999,1.18224,72073,8,0
2022-08-26,1.18226,1.19004,1.17331,1.1739,91255,8,0
2022-08-28,1.17283,1.17305,1.16833,1.16881,2026,12,0
2022-08-29,1.16883,1.17435,1.1648,1.17211,76505,8,0
2022-08-30,1.17212,1.176,1.16208,1.1658,87782,8,0
2022-08-31,1.16581,1.16934,1.15927,1.15966,87004,8,0
2022-09-01,1.1596899999999999,1.16162,1.14982,1.15466,88741,8,0
2022-09-02,1.15467,1.15883,1.14955,1.15125,87876,8,0
2022-09-04,1.14787,1.14895,1.14618,1.14723,2409,12,0
2022-09-05,1.14725,1.1565400000000001,1.14426,1.15639,57549,8,0
2022-09-06,1.15641,1.16087,1.14935,1.1509800000000001,92815,8,0
2022-09-07,1.151,1.15402,1.14049,1.15217,86976,8,0
2022-09-08,1.15219,1.15601,1.146,1.15198,107504,8,0
2022-09-09,1.15199,1.16476,1.15152,1.15882,78120,8,0
2022-09-11,1.16217,1.1636199999999999,1.16022,1.16194,2387,12,0
2022-09-12,1.16197,1.171,1.16003,1.1688399999999999,72758,8,0
2022-09-13,1.16887,1.17378,1.14802,1.15018,99497,8,0
2022-09-14,1.15021,1.15894,1.14779,1.1544,91569,8,0
2022-09-15,1.15442,1.1547399999999999,1.14505,1.14514,65728,8,0
2022-09-16,1.1451500000000001,1.14801,1.13492,1.14202,79844,8,0
2022-09-18,1.14107,1.14405,1.14102,1.14337,1744,12,0
2022-09-19,1.14339,1.14451,1.1355,1.14441,48262,8,0
2022-09-20,1.14443,1.14603,1.13569,1.13802,72037,8,0
2022-09-21,1.13803,1.1384400000000001,1.12355,1.12567,123884,8,0
2022-09-22,1.1257,1.13641,1.12098,1.12622,135660,8,0
2022-09-23,1.12623,1.12733,1.08392,1.08489,134070,8,0
2022-09-25,1.07997,1.08457,1.07793,1.07927,9141,12,0
2022-09-26,1.07927,1.09306,1.03525,1.07661,367393,8,0
2022-09-27,1.07663,1.08375,1.06586,1.07257,169154,8,0
2022-09-28,1.07258,1.0915300000000001,1.05391,1.08305,264531,8,0
2022-09-29,1.08307,1.12022,1.07619,1.1171,213853,8,0
2022-09-30,1.11707,1.12339,1.10249,1.11619,198735,8,0
2022-10-02,1.11625,1.11925,1.11276,1.1135,4709,12,0
2022-10-03,1.11352,1.13409,1.10854,1.13377,162990,8,0
2022-10-04,1.13379,1.1489,1.12802,1.14502,165837,8,0
2022-10-05,1.14503,1.14946,1.12267,1.13558,155933,8,0
2022-10-06,1.13559,1.1383,1.11117,1.11608,161942,8,0
2022-10-07,1.11609,1.12247,1.10552,1.10926,150167,8,0
2022-10-09,1.10822,1.10901,1.10604,1.1072,3705,12,0
2022-10-10,1.10723,1.11108,1.10189,1.10786,121589,8,0
2022-10-11,1.1078999999999999,1.11793,1.09525,1.09634,169703,8,0
2022-10-12,1.09636,1.11335,1.0923,1.11005,204771,8,0
2022-10-13,1.11006,1.13802,1.10568,1.1301,223612,8,0
2022-10-14,1.13012,1.1365,1.11515,1.11788,204795,8,0
2022-10-16,1.12145,1.1248,1.12059,1.12411,3934,12,0
2022-10-17,1.12413,1.14388,1.1215600000000001,1.1351499999999999,145590,8,0
2022-10-18,1.13517,1.14097,1.12545,1.13419,158476,8,0
2022-10-19,1.13422,1.13504,1.11847,1.12064,134424,8,0
2022-10-20,1.12066,1.13362,1.11708,1.1221,172475,8,0
2022-10-21,1.12213,1.13144,1.10601,1.12964,231497,8,0
2022-10-23,1.13733,1.14065,1.13068,1.1335600000000001,31802,12,0
2022-10-24,1.13357,1.13822,1.12576,1.13053,190115,8,0
2022-10-25,1.13056,1.14989,1.12703,1.14582,131041,8,0
2022-10-26,1.14584,1.16399,1.14302,1.16385,157923,8,0
2022-10-27,1.1638600000000001,1.16451,1.1548,1.1564,167543,8,0
2022-10-28,1.15642,1.16232,1.15029,1.16144,144616,8,0
2022-10-30,1.15853,1.16044,1.15816,1.15945,2408,12,0
2022-10-31,1.15946,1.16132,1.14579,1.1467,98015,8,0
2022-11-01,1.14672,1.1565699999999999,1.14367,1.14881,119274,8,0
2022-11-02,1.14883,1.15644,1.13748,1.13831,145372,8,0
2022-11-03,1.13833,1.14215,1.11477,1.11697,145970,8,0
2022-11-04,1.117,1.13819,1.11454,1.13738,162921,8,0
2022-11-06,1.1309,1.13394,1.13042,1.13296,1840,25,0
2022-11-07,1.13303,1.15412,1.12902,1.15124,126470,8,0
2022-11-08,1.15122,1.15987,1.14286,1.15513,112285,8,0
2022-11-09,1.15511,1.15668,1.13334,1.13674,148270,8,0
2022-11-10,1.13673,1.17311,1.13628,1.1694,169221,8,0
2022-11-11,1.16939,1.18542,1.16469,1.18334,151491,8,0
2022-11-13,1.18081,1.18086,1.17644,1.17964,1906,12,0
2022-11-14,1.17961,1.18286,1.17096,1.1751,129913,8,0
2022-11-15,1.17512,1.20263,1.1740599999999999,1.1879,200006,8,0
2022-11-16,1.18791,1.19418,1.1831,1.19135,149197,8,0
2022-11-17,1.19136,1.19574,1.17621,1.18582,127853,8,0
2022-11-18,1.18584,1.19503,1.18581,1.18844,104665,8,0
2022-11-20,1.189,1.1895,1.18789,1.18848,919,12,0
2022-11-21,1.18849,1.18859,1.17781,1.18259,95544,8,0
2022-11-22,1.18261,1.19025,1.18218,1.1893,86423,8,0
2022-11-23,1.18929,1.20804,1.18722,1.20764,97122,8,0
2022-11-24,1.20763,1.2153100000000001,1.2058200000000001,1.21119,75959,8,0
2022-11-25,1.21118,1.21271,1.20578,1.2089699999999999,101093,8,0
2022-11-27,1.2064,1.20646,1.20464,1.2053,970,21,0
2022-11-28,1.20535,1.21177,1.1939899999999999,1.19589,102379,8,0
2022-11-29,1.1959,1.2064,1.19382,1.1945000000000001,107778,8,0
2022-11-30,1.19452,1.20865,1.19001,1.20746,132125,8,0
2022-12-01,1.20745,1.23103,1.20691,1.2258,132499,8,0
2022-12-02,1.22578,1.22995,1.21343,1.22916,127320,8,0
2022-12-04,1.22761,1.22961,1.22694,1.22957,1132,12,0
2022-12-05,1.22954,1.23441,1.21612,1.21914,104553,8,0
2022-12-06,1.21917,1.2269,1.21229,1.2132100000000001,103166,8,0
2022-12-07,1.2132,1.2234099999999999,1.21056,1.22079,109695,8,0
2022-12-08,1.22092,1.2247,1.21538,1.22336,82589,8,0
2022-12-09,1.22333,1.23222,1.22039,1.2264,96570,8,0
2022-12-11,1.2255,1.22598,1.22316,1.22343,777,40,0
2022-12-12,1.22353,1.22984,1.22062,1.22686,77972,8,0
2022-12-13,1.22684,1.24437,1.22479,1.23543,128399,8,0
2022-12-14,1.23541,1.24464,1.23409,1.2418,147233,8,0
2022-12-15,1.2417799999999999,1.2425,1.2156,1.21902,130460,8,0
2022-12-16,1.219,1.22228,1.21195,1.21362,109766,8,0
2022-12-18,1.21455,1.21676,1.21452,1.21588,853,12,0
2022-12-19,1.2159,1.22415,1.2120199999999999,1.21538,91159,8,0
2022-12-20,1.2154,1.2223,1.20851,1.21879,149500,8,0
2022-12-21,1.21877,1.21893,1.20548,1.20759,91218,8,0
2022-12-22,1.20757,1.21471,1.1992099999999999,1.20374,85554,8,0
2022-12-23,1.20373,1.20898,1.20183,1.20499,84889,8,0
2022-12-25,1.20624,1.20641,1.20506,1.20614,501,62,0
2022-12-26,1.2063,1.20877,1.20466,1.20779,27387,30,0
2022-12-27,1.20785,1.21121,1.2002,1.20261,70795,8,0
2022-12-28,1.20264,1.21251,1.2002,1.20259,77043,8,0
2022-12-29,1.20274,1.20783,1.20143,1.20548,70680,8,0
2022-12-30,1.20547,1.21073,1.2009400000000001,1.20948,95631,8,0
2023-01-01,1.20695,1.20886,1.20496,1.20877,544,181,0
2023-01-02,1.20932,1.20963,1.20286,1.20574,18825,54,0
2023-01-03,1.20578,1.20844,1.19001,1.19659,104087,8,0
2023-01-04,1.19657,1.20871,1.19652,1.20558,104241,8,0
2023-01-05,1.20556,1.20778,1.18729,1.19086,101063,8,0
2023-01-06,1.19088,1.20988,1.18408,1.20932,124393,8,0
2023-01-08,1.20805,1.21193,1.20802,1.21193,1106,12,0
2023-01-09,1.2119,1.22096,1.2093099999999999,1.21834,104119,8,0
2023-01-10,1.21835,1.21976,1.21096,1.2153100000000001,105512,8,0
2023-01-11,1.21532,1.21779,1.20999,1.21567,80413,8,0
2023-01-12,1.2158,1.22464,1.20877,1.22161,134193,8,0
2023-01-13,1.22163,1.22481,1.21501,1.22309,92415,8,0
2023-01-15,1.22108,1.22322,1.22106,1.22229,884,12,0
2023-01-16,1.22231,1.22888,1.21712,1.22061,61726,8,0
2023-01-17,1.22067,1.22993,1.21682,1.22831,111551,8,0
2023-01-18,1.2283,1.24354,1.2254800000000001,1.2346300000000001,132821,8,0
2023-01-19,1.23464,1.2397,1.23119,1.23919,94757,8,0
2023-01-20,1.23918,1.2404,1.2335,1.23978,77997,8,0
2023-01-22,1.23942,1.24124,1.23926,1.2405599999999999,747,12,0
2023-01-23,1.24058,1.24472,1.23233,1.23782,79760,8,0
2023-01-24,1.23784,1.24135,1.2261199999999999,1.2331,81196,8,0
2023-01-25,1.23311,1.24166,1.22826,1.24099,75178,8,0
2023-01-26,1.24098,1.2429999999999999,1.23442,1.24136,80527,8,0
2023-01-27,1.24138,1.24179,1.2345,1.23946,64651,8,0
2023-01-29,1.23844,1.23999,1.23775,1.23999,657,12,0
2023-01-30,1.23998,1.2416800000000001,1.23366,1.23492,70737,8,0
2023-01-31,1.23494,1.23706,1.22837,1.23079,76793,8,0
2023-02-01,1.23078,1.23993,1.22718,1.23871,99373,8,0
2023-02-02,1.2387299999999999,1.24,1.22178,1.22204,115174,8,0
2023-02-03,1.22202,1.22653,1.20467,1.20519,100415,0,0
2023-02-05,1.2031100000000001,1.20553,1.2028699999999999,1.20431,1394,12,0
2023-02-06,1.2043,1.2077,1.20051,1.20257,77643,8,0
2023-02-07,1.20258,1.20949,1.19608,1.20533,105010,8,0
2023-02-08,1.20532,1.21091,1.20379,1.20701,67581,8,0
2023-02-09,1.20703,1.21934,1.20566,1.21151,67555,8,0
2023-02-10,1.21153,1.21389,1.20466,1.20568,74840,8,0
2023-02-12,1.20609,1.20613,1.20448,1.20508,785,12,0
2023-02-13,1.2051,1.2151399999999999,1.20302,1.21501,57971,8,0
2023-02-14,1.21499,1.22695,1.21168,1.21717,116415,8,0
2023-02-15,1.21732,1.21814,1.19893,1.20365,84450,8,0
2023-02-16,1.20366,1.20737,1.19651,1.19736,84234,8,0
2023-02-17,1.1973799999999999,1.20489,1.1914500000000001,1.20416,75610,8,0
2023-02-19,1.2021,1.20359,1.2021,1.20285,805,12,0
2023-02-20,1.2028699999999999,1.20558,1.20142,1.20381,28926,8,0
2023-02-21,1.20378,1.2147000000000001,1.19855,1.21086,94336,8,0
2023-02-22,1.21088,1.21352,1.20341,1.20464,85359,8,0
2023-02-23,1.20467,1.20743,1.19919,1.20163,71054,8,0
2023-02-24,1.20161,1.20416,1.19279,1.19397,88599,8,0
2023-02-26,1.19447,1.19528,1.19379,1.19495,608,12,0
2023-02-27,1.19496,1.20658,1.19223,1.20617,70739,8,0
2023-02-28,1.20618,1.21429,1.20064,1.20324,74568,8,0
2023-03-01,1.20325,1.20884,1.19648,1.20259,91677,8,0
2023-03-02,1.20257,1.20359,1.19244,1.1949,85784,8,0
2023-03-03,1.19488,1.20482,1.1948,1.20436,67376,8,0
2023-03-05,1.20228,1.20362,1.20188,1.20256,648,40,0
2023-03-06,1.20271,1.20483,1.19924,1.20246,60730,8,0
2023-03-07,1.20244,1.2064300000000001,1.18165,1.18264,94514,8,0
2023-03-08,1.18262,1.18587,1.18026,1.18487,75384,8,0
2023-03-09,1.18489,1.19384,1.18317,1.19224,68439,8,0
2023-03-10,1.19222,1.21132,1.19075,1.20321,137008,8,0
2023-03-12,1.20607,1.21035,1.20576,1.20753,14579,12,0
2023-03-13,1.20755,1.2199200000000001,1.2046000000000001,1.21665,167027,8,0
2023-03-14,1.21667,1.22033,1.21352,1.2150400000000001,139554,8,0
2023-03-15,1.21502,1.21812,1.201,1.20667,160108,8,0
2023-03-16,1.20668,1.21274,1.20269,1.21093,121527,8,0
2023-03-17,1.21094,1.22,1.21015,1.2179,70887,8,0
2023-03-19,1.21987,1.2203,1.21761,1.21866,2305,12,0
2023-03-20,1.21868,1.22845,1.21666,1.22735,71964,8,0
2023-03-21,1.22737,1.22822,1.21784,1.2224599999999999,51227,8,0
2023-03-22,1.22248,1.23349,1.22081,1.22772,83188,8,0
2023-03-23,1.22774,1.2342,1.22613,1.22801,80264,8,0
2023-03-24,1.228,1.22882,1.21899,1.22301,70893,8,0
2023-03-26,1.22207,1.22495,1.22202,1.22446,1539,12,0
2023-03-27,1.22448,1.22976,1.22187,1.22959,52074,8,0
2023-03-28,1.22961,1.23489,1.22807,1.23294,44967,8,0
2023-03-29,1.23297,1.23613,1.22998,1.23096,56500,8,0
2023-03-30,1.23099,1.23927,1.22925,1.23858,52224,8,0
2023-03-31,1.23861,1.24225,1.23237,1.23293,51879,8,0
2023-04-02,1.23178,1.23284,1.22837,1.22855,2378,12,0
2023-04-03,1.22859,1.2425,1.2274,1.24199,55631,8,0
2023-04-04,1.242,1.2525,1.23948,1.24989,60185,8,0
2023-04-05,1.24987,1.25138,1.24321,1.2462,56083,8,0
2023-04-06,1.24622,1.24864,1.24122,1.24326,44376,8,0
2023-04-07,1.24325,1.24505,1.23882,1.24067,11794,26,0
2023-04-09,1.24079,1.2431,1.24005,1.24303,971,12,0
2023-04-10,1.24305,1.2442199999999999,1.2344,1.23909,36762,8,0
2023-04-11,1.23911,1.24558,1.2386300000000001,1.2429000000000001,47982,8,0
2023-04-12,1.24292,1.24948,1.23981,1.24915,54941,8,0
2023-04-13,1.24916,1.25369,1.24758,1.2524,49917,8,0
2023-04-14,1.2524199999999999,1.2546,1.23987,1.2414399999999999,57152,8,0
2023-04-16,1.24061,1.24174,1.23977,1.24009,742,12,0
2023-04-17,1.24011,1.24377,1.23529,1.2373,50481,8,0
2023-04-18,1.23732,1.24494,1.23672,1.2424,46977,8,0
2023-04-19,1.24242,1.24738,1.2392,1.24275,51148,8,0
2023-04-20,1.24279,1.24671,1.24044,1.244,48201,8,0
2023-04-21,1.24401,1.24477,1.23667,1.2442199999999999,48586,8,0
2023-04-23,1.24319,1.24514,1.24312,1.24472,782,12,0
2023-04-24,1.24474,1.24992,1.24102,1.24984,42470,8,0
2023-04-25,1.24986,1.25069,1.23864,1.24136,49668,8,0
2023-04-26,1.24138,1.2515,1.24024,1.24703,58783,8,0
2023-04-27,1.24705,1.24991,1.24359,1.24965,58966,8,0
2023-04-28,1.24966,1.25835,1.2446,1.25666,69068,8,0
2023-04-30,1.25522,1.25685,1.25522,1.25576,1210,12,0
2023-05-01,1.2557800000000001,1.25686,1.248,1.24842,45067,8,0
2023-05-02,1.24844,1.2511700000000001,1.24352,1.2476,60361,8,0
2023-05-03,1.24762,1.25896,1.24676,1.25683,67205,8,0
2023-05-04,1.25685,1.25982,1.25477,1.25824,73947,8,0
2023-05-05,1.25826,1.26519,1.25573,1.26311,50978,8,0
2023-05-07,1.26251,1.26341,1.26224,1.2629299999999999,1111,12,0
2023-05-08,1.26295,1.26684,1.26064,1.2612,33021,8,0
2023-05-09,1.26118,1.26394,1.25777,1.26239,43157,8,0
2023-05-10,1.26239,1.26795,1.26021,1.26253,45779,8,0
2023-05-11,1.26254,1.26404,1.24963,1.25071,56044,8,0
2023-05-12,1.25072,1.25403,1.24443,1.24476,41034,8,0
2023-05-14,1.24458,1.24513,1.24374,1.2450700000000001,724,12,0
2023-05-15,1.24509,1.25342,1.24448,1.25243,34721,8,0
2023-05-16,1.2524600000000001,1.25461,1.24649,1.24839,44772,8,0
2023-05-17,1.24836,1.25098,1.24206,1.24817,44909,8,0
2023-05-18,1.24819,1.24926,1.23911,1.24111,42885,8,0
2023-05-19,1.24113,1.24835,1.23917,1.24452,51998,8,0
2023-05-21,1.24362,1.24606,1.24362,1.24603,905,12,0
2023-05-22,1.2460499999999999,1.24719,1.24135,1.24334,49074,8,0
2023-05-23,1.24335,1.2446,1.23726,1.24158,53858,8,0
2023-05-24,1.24159,1.24685,1.23518,1.23694,62588,8,0
2023-05-25,1.23696,1.23864,1.23077,1.23161,52123,8,0
2023-05-26,1.23164,1.2395,1.2310699999999999,1.23472,51272,8,0
2023-05-28,1.23325,1.23503,1.23316,1.23449,946,12,0
2023-05-29,1.23451,1.23714,1.23348,1.23472,18957,8,0
2023-05-30,1.2347299999999999,1.24461,1.23268,1.24118,51852,8,0
2023-05-31,1.2412,1.2449,1.23476,1.24449,59365,8,0
2023-06-01,1.24451,1.25391,1.24005,1.25258,54021,8,0
2023-06-02,1.2526,1.25442,1.24411,1.24497,48961,8,0
2023-06-04,1.24421,1.24478,1.24267,1.24297,1086,12,0
2023-06-05,1.24299,1.24432,1.23681,1.24316,46097,8,0
2023-06-06,1.24319,1.24581,1.23913,1.24287,43455,8,0
2023-06-07,1.2429000000000001,1.24998,1.23938,1.24438,46500,8,0
2023-06-08,1.2444,1.25631,1.2441,1.25576,45558,8,0
2023-06-09,1.25577,1.25898,1.25336,1.2579799999999999,40183,8,0
2023-06-11,1.25635,1.25806,1.25603,1.2579099999999999,763,12,0
2023-06-12,1.25793,1.2599,1.24867,1.25141,39495,8,0
2023-06-13,1.25143,1.26243,1.2513,1.26062,56696,8,0
2023-06-14,1.26064,1.26986,1.26004,1.26702,56930,8,0
2023-06-15,1.26704,1.2790300000000001,1.2629299999999999,1.2784499999999999,48482,8,0
2023-06-16,1.27844,1.28478,1.2768,1.28227,49377,8,0
2023-06-18,1.28118,1.2832,1.28112,1.28304,1656,12,0
2023-06-19,1.28307,1.2836699999999999,1.27701,1.27926,41093,8,0
2023-06-20,1.27929,1.28058,1.27132,1.27649,63742,8,0
2023-06-21,1.27652,1.28018,1.26908,1.2770000000000001,81382,8,0
2023-06-22,1.27702,1.28411,1.27253,1.27462,75207,8,0
2023-06-23,1.27464,1.2748599999999999,1.26841,1.27146,73472,8,0
2023-06-25,1.2702499999999999,1.27307,1.27013,1.27286,2068,12,0
2023-06-26,1.27288,1.27482,1.26877,1.27102,59965,8,0
2023-06-27,1.27102,1.2759,1.27032,1.27451,64936,8,0
2023-06-28,1.27454,1.27515,1.26061,1.2641200000000001,64731,8,0
2023-06-29,1.26414,1.26663,1.25905,1.2612700000000001,61227,8,0
2023-06-30,1.26129,1.27272,1.2599,1.26967,62617,8,0
2023-07-02,1.26905,1.27034,1.26887,1.26931,1373,12,0
2023-07-03,1.2693400000000001,1.27228,1.2658,1.26916,52982,8,0
2023-07-04,1.26918,1.27389,1.2683,1.27167,35828,8,0
2023-07-05,1.27169,1.27349,1.26878,1.27037,51305,8,0
2023-07-06,1.27039,1.27803,1.26731,1.27413,71710,8,0
2023-07-07,1.2741500000000001,1.2848899999999999,1.27255,1.28387,64250,8,0
2023-07-09,1.28236,1.28399,1.28233,1.2837100000000001,1419,12,0
2023-07-10,1.2837399999999999,1.2868,1.27498,1.28634,52558,8,0
2023-07-11,1.28635,1.29389,1.28577,1.29333,54340,8,0
2023-07-12,1.29335,1.3,1.29036,1.29952,63062,8,0
2023-07-13,1.29955,1.31402,1.2983799999999999,1.31278,62075,8,0
2023-07-14,1.31281,1.31418,1.30892,1.30926,58592,8,0
2023-07-16,1.30839,1.30964,1.30808,1.3088899999999999,1560,12,0
2023-07-17,1.30891,1.31084,1.30507,1.30713,49688,8,0
2023-07-18,1.30715,1.3125200000000001,1.30268,1.3033299999999999,65220,8,0
2023-07-19,1.30332,1.30384,1.28673,1.29367,70898,8,0
2023-07-20,1.2937,1.29641,1.28396,1.2872,58139,8,0
2023-07-21,1.28723,1.29038,1.28155,1.28526,55523,8,0
2023-07-23,1.28416,1.28561,1.28414,1.28518,1444,12,0
2023-07-24,1.28519,1.28833,1.27975,1.28114,61112,8,0
2023-07-25,1.28117,1.29044,1.2809,1.28929,51161,8,0
2023-07-26,1.28931,1.29599,1.2875,1.29265,64453,8,0
2023-07-27,1.29267,1.29954,1.27817,1.27928,79425,8,0
2023-07-28,1.2793,1.28867,1.27627,1.28499,79468,8,0
2023-07-30,1.28409,1.28579,1.28397,1.2852999999999999,1690,12,0
2023-07-31,1.28532,1.28722,1.28254,1.28311,48398,8,0
2023-08-01,1.28314,1.28382,1.27407,1.27941,55244,8,0
2023-08-02,1.27943,1.27986,1.26799,1.27184,62709,8,0
2023-08-03,1.27185,1.27277,1.26199,1.27151,75588,8,0
2023-08-04,1.27153,1.2792,1.26823,1.27484,62332,8,0
2023-08-06,1.27408,1.2754400000000001,1.2737,1.27481,2059,12,0
2023-08-07,1.27484,1.27887,1.27126,1.27807,46385,8,0
2023-08-08,1.27809,1.27851,1.26838,1.27429,52924,8,0
2023-08-09,1.27431,1.27814,1.27063,1.27191,46230,8,0
2023-08-10,1.27193,1.2818,1.26632,1.26695,70425,8,0
2023-08-11,1.26697,1.27383,1.2665600000000001,1.26947,60940,8,0
2023-08-13,1.26864,1.27001,1.26837,1.26935,1811,12,0
2023-08-14,1.2693699999999999,1.27143,1.2616,1.2685,61375,8,0
2023-08-15,1.26851,1.2752,1.26749,1.26996,71768,8,0
2023-08-16,1.26997,1.2765900000000001,1.26868,1.27271,63603,8,0
2023-08-17,1.27273,1.27869,1.27021,1.27467,62285,8,0
2023-08-18,1.27469,1.27656,1.26887,1.27348,60383,8,0
2023-08-20,1.27243,1.27408,1.27224,1.27405,1840,12,0
2023-08-21,1.27409,1.2766199999999999,1.27098,1.27591,53537,8,0
2023-08-22,1.27594,1.27999,1.2718,1.27307,53785,8,0
2023-08-23,1.27309,1.27641,1.26142,1.27197,68234,8,0
2023-08-24,1.27199,1.27281,1.2585600000000001,1.2591999999999999,54173,8,0
2023-08-25,1.25921,1.26538,1.25476,1.25787,62857,8,0
2023-08-27,1.25738,1.2589000000000001,1.25695,1.25887,1742,12,0
2023-08-28,1.25888,1.2615,1.25651,1.26104,43292,8,0
2023-08-29,1.26104,1.26543,1.25623,1.26353,59914,8,0
2023-08-30,1.26355,1.27453,1.26185,1.27107,58933,8,0
2023-08-31,1.27109,1.2734,1.26521,1.26707,61080,8,0
2023-09-01,1.26707,1.27123,1.25769,1.2586,61306,8,0
2023-09-03,1.2581,1.25916,1.25804,1.25905,1125,12,0
2023-09-04,1.25906,1.2642,1.25873,1.2622,30296,8,0
2023-09-05,1.2622200000000001,1.26315,1.25277,1.25693,58309,8,0
2023-09-06,1.25695,1.25875,1.24817,1.24979,59272,8,0
2023-09-07,1.2498,1.25079,1.24451,1.24747,50344,8,0
2023-09-08,1.24748,1.25139,1.24508,1.24652,48228,8,0
2023-09-10,1.2461,1.24918,1.24603,1.24878,2198,12,0
2023-09-11,1.2488,1.25476,1.24815,1.25074,46161,8,0
2023-09-12,1.25076,1.25281,1.2459,1.2490700000000001,46407,8,0
2023-09-13,1.24909,1.25114,1.24315,1.2489,65074,8,0
2023-09-14,1.24892,1.2505600000000001,1.23962,1.24004,59018,8,0
2023-09-15,1.24006,1.24454,1.23784,1.23824,46203,8,0
2023-09-17,1.2376800000000001,1.2397,1.23765,1.23968,1054,12,0
2023-09-18,1.23968,1.24098,1.23699,1.23825,36929,8,0
2023-09-19,1.23827,1.24241,1.23686,1.23923,39770,8,0
2023-09-20,1.23925,1.24209,1.23234,1.23264,59720,8,0
2023-09-21,1.23266,1.23311,1.22319,1.22923,60964,8,0
2023-09-22,1.22925,1.22934,1.22303,1.22375,52985,8,0
2023-09-24,1.22317,1.22462,1.22294,1.22406,2090,12,0
2023-09-25,1.22407,1.22497,1.21935,1.22121,43113,8,0
2023-09-26,1.22123,1.22145,1.21424,1.21456,46343,8,0
2023-09-27,1.21458,1.2163599999999999,1.211,1.21347,53228,8,0
2023-09-28,1.21349,1.22241,1.21194,1.22037,56124,8,0
2023-09-29,1.22039,1.22714,1.21799,1.22029,63636,8,0
2023-10-01,1.21869,1.22044,1.2178499999999999,1.21923,2105,12,0
2023-10-02,1.21926,1.22194,1.20795,1.20894,51800,8,0
2023-10-03,1.20896,1.21015,1.2052,1.2077,70388,8,0
2023-10-04,1.20772,1.21766,1.2037,1.21365,67011,8,0
2023-10-05,1.21367,1.21956,1.21073,1.21868,58154,8,0
2023-10-06,1.21867,1.2260900000000001,1.2105299999999999,1.22374,71030,8,0
2023-10-08,1.2193,1.2221,1.21906,1.22189,2912,12,0
2023-10-09,1.22192,1.22512,1.21627,1.2248999999999999,52737,8,0
2023-10-10,1.22488,1.2294100000000001,1.22113,1.22887,69016,8,0
2023-10-11,1.22889,1.23368,1.22687,1.23147,63579,8,0
2023-10-12,1.23148,1.23311,1.21647,1.2182,63055,8,0
2023-10-13,1.21821,1.22248,1.21221,1.21433,57310,8,0
2023-10-15,1.213,1.21552,1.21294,1.2154,2161,12,0
2023-10-16,1.21542,1.22189,1.21424,1.22111,51216,8,0
2023-10-17,1.22113,1.22154,1.21325,1.21776,59238,8,0
2023-10-18,1.21776,1.22108,1.21308,1.2141,56818,8,0
2023-10-19,1.2140900000000001,1.2191,1.20896,1.21349,73218,8,0
2023-10-20,1.21349,1.21699,1.20926,1.21635,57777,8,0
2023-10-22,1.21511,1.21656,1.21491,1.21627,1446,12,0
2023-10-23,1.21628,1.22581,1.21428,1.22485,52046,8,0
2023-10-24,1.22488,1.22882,1.21507,1.21616,56921,8,0
2023-10-25,1.21618,1.21757,1.20943,1.21018,51229,8,0
2023-10-26,1.2101899999999999,1.21393,1.20691,1.21356,57254,8,0
2023-10-27,1.2135799999999999,1.21621,1.21051,1.21205,51198,8,0
2023-10-29,1.21112,1.21233,1.21089,1.21125,1573,12,0
2023-10-30,1.21127,1.21742,1.2089699999999999,1.21632,45012,8,0
2023-10-31,1.21634,1.22,1.2119,1.215,50856,8,0
2023-11-01,1.21501,1.218,1.20953,1.218,62867,8,0
2023-11-02,1.21804,1.22248,1.21547,1.21889,47548,12,0
2023-11-03,1.21891,1.23889,1.21839,1.23803,46615,12,0
2023-11-05,1.23659,1.23749,1.23461,1.23696,1278,64,0
2023-11-06,1.23713,1.24274,1.23201,1.23422,39838,12,0
2023-11-07,1.23434,1.23461,1.22621,1.22895,42485,12,0
2023-11-08,1.22906,1.23007,1.22413,1.22837,45164,12,0
2023-11-09,1.22848,1.23079,1.22095,1.22154,50922,12,0
2023-11-10,1.22157,1.22369,1.21864,1.22257,42190,12,0
2023-11-12,1.22009,1.22293,1.21953,1.22263,1505,64,0
2023-11-13,1.22286,1.22798,1.22225,1.22779,38058,12,0
2023-11-14,1.22787,1.25053,1.22649,1.24926,49138,12,0
2023-11-15,1.24929,1.24974,1.24021,1.24208,54159,8,0
2023-11-16,1.24213,1.24549,1.23759,1.24136,51100,8,0
2023-11-17,1.24139,1.24644,1.23735,1.2462900000000001,51585,8,0
2023-11-19,1.2441200000000001,1.24604,1.24406,1.24504,1536,40,0
2023-11-20,1.24525,1.2517,1.24455,1.25069,51383,8,0
2023-11-21,1.25073,1.25591,1.2504,1.2542,62380,8,0
2023-11-22,1.2542499999999999,1.25492,1.24481,1.24884,56071,8,0
2023-11-23,1.24886,1.2570999999999999,1.24882,1.25299,42948,7,0
2023-11-24,1.25313,1.2615,1.2523900000000001,1.26023,45556,7,0
2023-11-26,1.2587,1.26035,1.25861,1.2597,1267,40,0
2023-11-27,1.25995,1.26438,1.25907,1.26335,58704,7,0
2023-11-28,1.26335,1.27146,1.26061,1.27114,66266,8,0
2023-11-29,1.27119,1.27329,1.26643,1.2694,69409,8,0
2023-11-30,1.26941,1.271,1.2603,1.26296,76709,8,0
2023-12-01,1.26303,1.27154,1.26135,1.27101,70571,8,0
2023-12-03,1.26918,1.27238,1.2681200000000001,1.27098,2717,40,0
2023-12-04,1.27111,1.27119,1.26033,1.26326,72999,8,0
2023-12-05,1.2633,1.26513,1.2576800000000001,1.2593,73540,7,0
2023-12-06,1.25935,1.26136,1.25509,1.25568,63047,7,0
2023-12-07,1.25573,1.26121,1.25439,1.25861,68547,7,0
2023-12-08,1.2587,1.26009,1.25017,1.25484,78052,8,0
2023-12-10,1.2523,1.25521,1.2523,1.25519,1796,40,0
2023-12-11,1.25536,1.25902,1.2534399999999999,1.2552699999999999,55179,7,0
2023-12-12,1.25529,1.26147,1.25138,1.25675,68454,7,0
2023-12-13,1.25682,1.26345,1.24996,1.26205,74825,8,0
2023-12-14,1.26208,1.2793999999999999,1.26117,1.27695,97769,8,0
2023-12-15,1.27697,1.27901,1.26676,1.26817,77290,8,0
2023-12-17,1.26667,1.26752,1.26539,1.26706,1519,40,0
2023-12-18,1.2671299999999999,1.27034,1.26282,1.26515,62220,8,0
2023-12-19,1.26524,1.27618,1.26486,1.27297,66440,8,0
2023-12-20,1.27299,1.27299,1.26223,1.26395,67832,8,0
2023-12-21,1.26396,1.26956,1.26119,1.26824,72114,8,0
2023-12-22,1.26825,1.27439,1.26784,1.26982,67836,7,0
2023-12-25,1.26912,1.27021,1.26489,1.26963,1325,184,0
2023-12-26,1.2695699999999999,1.2730000000000001,1.2678099999999999,1.2725,35408,13,0
2023-12-27,1.27255,1.28022,1.2698,1.27993,51860,12,0
2023-12-28,1.27997,1.28272,1.27119,1.27337,53839,12,0
2023-12-29,1.27339,1.27722,1.26999,1.27308,59191,12,0
2024-01-01,1.27377,1.27419,1.2674,1.27189,1646,175,0
2024-01-02,1.27194,1.27523,1.26102,1.2622,64203,12,0
2024-01-03,1.26224,1.26763,1.26151,1.26724,75450,8,0
2024-01-04,1.26727,1.27292,1.26565,1.26803,65924,12,0
2024-01-05,1.2680500000000001,1.27705,1.26102,1.27187,80095,12,0
2024-01-07,1.27098,1.2718099999999999,1.27013,1.27152,1246,40,0
2024-01-08,1.27166,1.2766600000000001,1.26728,1.27405,55938,12,0
2024-01-09,1.27406,1.27647,1.2689,1.27101,57307,12,0
2024-01-10,1.27104,1.2744,1.26858,1.27436,50931,12,0
2024-01-11,1.27439,1.2782499999999999,1.2689599999999999,1.27777,78216,12,0
2024-01-12,1.27782,1.2785199999999999,1.27189,1.27532,64458,12,0
2024-01-14,1.27328,1.2748599999999999,1.27313,1.27337,1362,40,0
2024-01-15,1.27352,1.2765,1.27124,1.27148,43315,12,0
2024-01-16,1.2715,1.27165,1.2619099999999999,1.26369,79917,12,0
2024-01-17,1.26371,1.2695699999999999,1.25961,1.26755,72881,12,0
2024-01-18,1.26765,1.27109,1.2647599999999999,1.27099,72721,12,0
2024-01-19,1.27103,1.27138,1.26607,1.27035,59892,12,0
2024-01-21,1.26765,1.27065,1.26765,1.26976,1821,40,0
2024-01-22,1.26986,1.27325,1.26862,1.27053,53765,12,0
2024-01-23,1.27058,1.27468,1.26485,1.26902,55224,12,0
2024-01-24,1.26906,1.27741,1.26852,1.27185,62650,12,0
2024-01-25,1.27179,1.2742200000000001,1.2681,1.27058,68318,12,0
2024-01-26,1.27054,1.2758,1.2675100000000001,1.2701799999999999,55074,12,0
2024-01-28,1.26851,1.27006,1.26819,1.2695400000000001,1982,40,0
2024-01-29,1.2696399999999999,1.27182,1.26616,1.27109,51794,12,0
2024-01-30,1.27114,1.27206,1.26395,1.26935,55515,12,0
2024-01-31,1.26942,1.27502,1.26577,1.26789,86931,12,0
2024-02-01,1.26792,1.27552,1.26247,1.27451,71804,12,0
2024-02-02,1.2745600000000001,1.27717,1.26133,1.26327,63310,12,0
2024-02-04,1.26231,1.26318,1.26052,1.26204,1859,40,0
2024-02-05,1.26208,1.26289,1.25174,1.25326,54983,12,0
2024-02-06,1.25333,1.26047,1.2533,1.26023,59131,12,0
2024-02-07,1.2603,1.26413,1.25966,1.26261,53539,12,0
2024-02-08,1.26263,1.2638099999999999,1.25714,1.2619,52037,12,0
2024-02-09,1.262,1.26425,1.25986,1.26298,49211,12,0
2024-02-11,1.2616399999999999,1.2635100000000001,1.26075,1.26341,1851,40,0
2024-02-12,1.26358,1.26542,1.26057,1.2625600000000001,45109,12,0
2024-02-13,1.26263,1.26926,1.25727,1.25896,60087,12,0
2024-02-14,1.25897,1.26105,1.25346,1.25661,58369,12,0
2024-02-15,1.25667,1.26041,1.25401,1.2598,52885,12,0
2024-02-16,1.2597800000000001,1.2624,1.25503,1.25999,54278,12,0
2024-02-18,1.25915,1.26085,1.2586300000000001,1.26077,1999,40,0
2024-02-19,1.26097,1.26292,1.2583,1.25871,36843,12,0
2024-02-20,1.25873,1.2668300000000001,1.25785,1.2625600000000001,51529,12,0
2024-02-21,1.26242,1.26411,1.2602,1.26371,52155,12,0
2024-02-22,1.26377,1.27091,1.26108,1.26606,54919,12,0
2024-02-23,1.2661,1.27011,1.26474,1.26705,46318,12,0
2024-02-25,1.2656100000000001,1.26735,1.26556,1.267,1862,40,0
2024-02-26,1.26695,1.2699,1.26563,1.26833,42713,12,0
2024-02-27,1.26833,1.26962,1.2659799999999999,1.26798,47487,12,0
2024-02-28,1.268,1.2683499999999999,1.26211,1.26594,47676,12,0
2024-02-29,1.26607,1.26813,1.26122,1.26248,55125,12,0
2024-03-01,1.26262,1.26635,1.25993,1.26525,50277,12,0
2024-03-03,1.26414,1.266,1.26336,1.26585,1694,40,0
2024-03-04,1.26601,1.2705899999999999,1.26556,1.26887,39250,12,0
2024-03-05,1.26889,1.27344,1.26708,1.27038,47111,12,0
2024-03-06,1.27041,1.27613,1.26895,1.2733400000000001,51150,12,0
2024-03-07,1.27353,1.28126,1.27226,1.28125,53672,12,0
2024-03-08,1.28128,1.28932,1.28004,1.28586,57702,12,0
2024-03-10,1.28553,1.28577,1.28446,1.28548,2670,12,0
2024-03-11,1.28548,1.28616,1.27945,1.28185,45361,12,0
2024-03-12,1.28174,1.2823,1.27455,1.27946,54689,12,0
2024-03-13,1.27942,1.28108,1.2774,1.28007,43639,12,0
2024-03-14,1.2801,1.28224,1.27301,1.27448,49285,12,0
2024-03-15,1.27448,1.2758,1.27246,1.27342,39277,12,0
2024-03-17,1.27198,1.2736100000000001,1.27152,1.27307,2109,12,0
2024-03-18,1.27307,1.27461,1.27172,1.27259,35376,12,0
2024-03-19,1.2726,1.27324,1.26669,1.2717399999999999,42604,12,0
2024-03-20,1.2717399999999999,1.27976,1.26837,1.27976,53480,12,0
2024-03-21,1.27972,1.2802799999999999,1.26497,1.26602,51945,12,0
2024-03-22,1.26601,1.26745,1.25746,1.25996,42294,12,0
2024-03-24,1.25813,1.25995,1.25801,1.25969,2238,12,0
2024-03-25,1.2597,1.26517,1.25911,1.26359,33285,12,0
2024-03-26,1.2636,1.26674,1.26211,1.26273,36997,12,0
2024-03-27,1.26274,1.2640500000000001,1.2604899999999999,1.26163,37177,12,0
2024-03-28,1.26165,1.26539,1.25854,1.26217,42116,12,0
2024-03-29,1.26213,1.264,1.26043,1.26151,12545,13,0
2024-03-31,1.26062,1.26406,1.26062,1.2635399999999999,3102,12,0
2024-04-01,1.2637,1.2641499999999999,1.25384,1.25454,33452,12,0
2024-04-02,1.25455,1.25803,1.25389,1.2576,38735,12,0
2024-04-03,1.25754,1.26556,1.25621,1.26511,42382,12,0
2024-04-04,1.26506,1.26831,1.2634699999999999,1.26391,39334,12,0
2024-04-05,1.26387,1.2648,1.25738,1.26373,46296,12,0
2024-04-07,1.26133,1.26331,1.26133,1.26234,2595,12,0
2024-04-08,1.26236,1.26635,1.2612700000000001,1.26566,45355,12,0
2024-04-09,1.2656800000000001,1.2709,1.26481,1.26763,40816,12,0
2024-04-10,1.26766,1.27068,1.25197,1.2536,62199,12,0
2024-04-11,1.25362,1.25778,1.25101,1.2554,56322,12,0
2024-04-12,1.25543,1.2558500000000001,1.2426,1.2448299999999999,54394,12,0
2024-04-14,1.24341,1.24617,1.24155,1.246,3532,12,0
2024-04-15,1.24589,1.2498,1.24352,1.24457,59145,12,0
2024-04-16,1.2446,1.24713,1.24051,1.24293,66350,12,0
2024-04-17,1.24301,1.24814,1.24165,1.24524,60782,12,0
2024-04-18,1.24528,1.24838,1.24313,1.2435,51282,12,0
2024-04-19,1.24344,1.24678,1.23664,1.23703,66943,12,0
2024-04-21,1.23557,1.2378,1.23557,1.2375,2742,12,0
2024-04-22,1.2375,1.23918,1.22988,1.23493,45372,12,0
2024-04-23,1.23493,1.24581,1.23313,1.24533,54348,12,0
2024-04-24,1.24535,1.24693,1.24222,1.24588,42959,12,0
2024-04-25,1.24591,1.25264,1.24539,1.2506599999999999,59887,12,0
2024-04-26,1.2506599999999999,1.25403,1.24488,1.2493400000000001,52802,12,0
2024-04-28,1.24741,1.2509700000000001,1.24662,1.25088,2485,12,0
2024-04-29,1.25089,1.25689,1.25065,1.2559,53824,12,0
2024-04-30,1.25589,1.2560799999999999,1.24843,1.24886,55218,12,0
2024-05-01,1.24886,1.25496,1.24659,1.25357,63805,12,0
2024-05-02,1.25357,1.25441,1.24714,1.25388,61047,12,0
2024-05-03,1.25387,1.26304,1.25289,1.25462,64845,12,0
2024-05-05,1.25392,1.25528,1.2530700000000001,1.25404,2297,12,0
2024-05-06,1.25404,1.25939,1.25378,1.25587,41535,12,0
2024-05-07,1.25587,1.25702,1.2496800000000001,1.25014,44409,12,0
2024-05-08,1.25011,1.25044,1.24671,1.24926,42666,12,0
2024-05-09,1.24926,1.25285,1.24418,1.2524,49989,12,0
2024-05-10,1.25241,1.25409,1.25021,1.2523900000000001,41616,12,0
2024-05-12,1.25069,1.2527,1.25012,1.25213,2031,12,0
2024-05-13,1.2521,1.25681,1.25172,1.25592,40171,12,0
2024-05-14,1.25592,1.25922,1.25089,1.25838,48970,12,0
2024-05-15,1.25837,1.26936,1.2582900000000001,1.26878,49882,12,0
2024-05-16,1.26883,1.26985,1.2643,1.26709,42458,12,0
2024-05-17,1.26709,1.2711299999999999,1.26444,1.27005,35504,12,0
2024-05-19,1.26843,1.27074,1.26775,1.27051,1781,12,0
2024-05-20,1.27051,1.27249,1.26887,1.2709,37164,12,0
2024-05-21,1.27091,1.27264,1.2686,1.27092,40623,12,0
2024-05-22,1.27093,1.27607,1.26997,1.27195,49086,12,0
2024-05-23,1.27195,1.27461,1.26849,1.26928,53059,12,0
2024-05-24,1.26926,1.27503,1.26755,1.27371,40208,12,0
2024-05-26,1.27311,1.2741799999999999,1.27244,1.27336,1704,12,0
2024-05-27,1.27336,1.27771,1.27331,1.27714,25773,12,0
2024-05-28,1.27714,1.2800500000000001,1.27536,1.27576,44149,12,0
2024-05-29,1.27576,1.27712,1.2695400000000001,1.26973,49690,12,0
2024-05-30,1.26972,1.27466,1.26804,1.27283,48290,12,0
2024-05-31,1.27283,1.27654,1.2699500000000001,1.2741500000000001,48658,12,0
2024-06-02,1.27295,1.27448,1.2721,1.27433,2171,12,0
2024-06-03,1.27434,1.28117,1.26936,1.2809,48557,12,0
2024-06-04,1.2809,1.28171,1.27421,1.27721,50362,12,0
2024-06-05,1.27722,1.27948,1.27548,1.27929,45226,12,0
2024-06-06,1.2793,1.28085,1.2762,1.2792,42159,12,0
2024-06-07,1.2792,1.28167,1.27152,1.27182,49137,12,0
2024-06-09,1.27114,1.2729,1.27042,1.27276,3109,12,0
2024-06-10,1.27275,1.27366,1.2687300000000001,1.27253,39981,12,0
2024-06-11,1.27252,1.27509,1.2705199999999999,1.27389,42752,12,0
2024-06-12,1.27389,1.28598,1.27322,1.27959,61972,12,0
2024-06-13,1.27959,1.2807,1.27377,1.27533,47427,12,0
2024-06-14,1.27534,1.2763,1.26562,1.26861,48839,12,0
2024-06-16,1.2675,1.26871,1.26642,1.2683,2289,12,0
2024-06-17,1.26829,1.2713700000000001,1.26581,1.27128,40486,12,0
2024-06-18,1.27128,1.27203,1.26682,1.27063,45292,12,0
2024-06-19,1.27063,1.2739500000000001,1.26996,1.27193,31038,12,0
2024-06-20,1.27193,1.2720099999999999,1.26512,1.26594,41672,12,0
2024-06-21,1.26596,1.26748,1.26218,1.26431,41244,12,0
2024-06-23,1.26355,1.26453,1.2625,1.2637399999999999,2272,12,0
2024-06-24,1.26375,1.26974,1.26323,1.2681200000000001,38232,12,0
2024-06-25,1.26813,1.2702,1.26698,1.2683499999999999,36319,12,0
2024-06-26,1.2683499999999999,1.2692999999999999,1.2615,1.26207,42000,12,0
2024-06-27,1.26205,1.267,1.26123,1.2643499999999999,41159,12,0
2024-06-28,1.2643499999999999,1.2665899999999999,1.2619099999999999,1.26443,46331,12,0
2024-06-30,1.26332,1.26506,1.26267,1.26479,2595,12,0
2024-07-01,1.26479,1.27105,1.26328,1.26447,44646,12,0
2024-07-02,1.26447,1.26906,1.26151,1.26867,38288,12,0
2024-07-03,1.26867,1.27769,1.2677800000000001,1.27469,36578,12,0
2024-07-04,1.27469,1.27673,1.27404,1.27546,26269,12,0
2024-07-05,1.27546,1.28168,1.27543,1.28142,40743,12,0
2024-07-07,1.27794,1.28137,1.27786,1.28051,2668,12,0
2024-07-08,1.28047,1.2845,1.27992,1.28149,36548,12,0
2024-07-09,1.28149,1.2824499999999999,1.27771,1.27873,38401,12,0
2024-07-10,1.27873,1.28537,1.27837,1.28533,33785,12,0
2024-07-11,1.28534,1.2949,1.28488,1.29229,50767,12,0
2024-07-12,1.2923,1.29901,1.29017,1.29884,43756,12,0
2024-07-14,1.29578,1.29776,1.29541,1.29667,3013,3,0
2024-07-15,1.29667,1.29943,1.29552,1.29688,42630,7,0
2024-07-16,1.29688,1.29793,1.29378,1.29769,41473,12,0
2024-07-17,1.29771,1.3044,1.29656,1.30077,48324,12,0
2024-07-18,1.30075,1.30124,1.2936,1.29488,45365,12,0
2024-07-19,1.29489,1.2949,1.29004,1.29124,39326,12,0
2024-07-21,1.28975,1.29386,1.28968,1.29317,2724,12,0
2024-07-22,1.29318,1.2941799999999999,1.29044,1.29302,39101,12,0
2024-07-23,1.29302,1.29344,1.28871,1.29003,38314,12,0
2024-07-24,1.29003,1.29371,1.28772,1.28974,43095,12,0
2024-07-25,1.28976,1.2913000000000001,1.2842799999999999,1.2854700000000001,51842,12,0
2024-07-26,1.28551,1.28775,1.28495,1.28658,36660,12,0
2024-07-28,1.28535,1.2871000000000001,1.28456,1.2866,2477,12,0
2024-07-29,1.2866,1.28878,1.28061,1.28592,40280,12,0
2024-07-30,1.28592,1.28641,1.28195,1.28372,39230,12,0
2024-07-31,1.28372,1.28637,1.28202,1.2852299999999999,57652,12,0
2024-08-01,1.2852000000000001,1.286,1.27261,1.27274,59203,12,0
2024-08-02,1.27272,1.28397,1.27065,1.28043,61085,12,0
2024-08-04,1.2788,1.28085,1.27811,1.27867,4250,12,0
2024-08-05,1.27867,1.28164,1.271,1.27871,116944,12,0
2024-08-06,1.27875,1.28027,1.26723,1.26841,79121,12,0
2024-08-07,1.2683900000000001,1.27353,1.26779,1.26821,62352,12,0
2024-08-08,1.2682,1.27518,1.26643,1.2744900000000001,60395,8,0
2024-08-09,1.2744900000000001,1.27733,1.27255,1.2757399999999999,42120,8,0
2024-08-11,1.27509,1.27606,1.27439,1.2748300000000001,2289,12,0
2024-08-12,1.27482,1.27933,1.27464,1.2770000000000001,40664,12,0
2024-08-13,1.2770000000000001,1.28725,1.27629,1.28648,45779,12,0
2024-08-14,1.28647,1.2868,1.28174,1.28241,46640,12,0
2024-08-15,1.2824,1.28714,1.27983,1.28583,42692,8,0
2024-08-16,1.28585,1.29456,1.28568,1.2944200000000001,33763,8,0
2024-08-18,1.29276,1.29504,1.2925900000000001,1.29458,1388,12,0
2024-08-19,1.29457,1.2996699999999999,1.29395,1.29887,28376,12,0
2024-08-20,1.29889,1.30519,1.29738,1.30334,33487,8,0
2024-08-21,1.3033299999999999,1.31193,1.301,1.30922,37859,12,0
2024-08-22,1.3092,1.313,1.30758,1.30964,34186,8,0
2024-08-23,1.30961,1.32301,1.30912,1.32163,42519,8,0
2024-08-25,1.32039,1.32151,1.31985,1.32139,1944,10,0
2024-08-26,1.3214000000000001,1.3222,1.3179400000000001,1.31913,32157,7,0
2024-08-27,1.31915,1.32659,1.3179400000000001,1.32549,35738,7,0
2024-08-28,1.3255,1.32602,1.31671,1.31925,37704,10,0
2024-08-29,1.3192599999999999,1.32267,1.31447,1.31646,45267,7,0
2024-08-30,1.3165,1.31997,1.3109199999999999,1.3127,39512,10,0
2024-09-01,1.31234,1.31331,1.31132,1.31294,2012,10,0
2024-09-02,1.31294,1.31549,1.3119399999999999,1.31395,29907,10,0
2024-09-03,1.31395,1.3146900000000001,1.3087,1.31121,56657,10,0
2024-09-04,1.31119,1.31747,1.31002,1.31434,53663,10,0
2024-09-05,1.31437,1.31851,1.31364,1.31753,53007,7,0
2024-09-06,1.31753,1.3237700000000001,1.3109199999999999,1.3129,73111,10,0
2024-09-08,1.31135,1.31378,1.3113000000000001,1.3131,2737,10,0
2024-09-09,1.3131300000000001,1.3142800000000001,1.30671,1.30705,47405,10,0
2024-09-10,1.3070300000000001,1.31074,1.3048899999999999,1.3079100000000001,46855,10,0
2024-09-11,1.3079,1.31113,1.30015,1.30374,58773,7,0
2024-09-12,1.30374,1.31321,1.30315,1.31319,51762,7,0
2024-09-13,1.31319,1.31576,1.31143,1.3124,48807,7,0
2024-09-15,1.31152,1.31365,1.31106,1.31345,2285,10,0
2024-09-16,1.31345,1.3218,1.31345,1.32095,43024,10,0
2024-09-17,1.32096,1.32294,1.31454,1.31669,51571,8,0
2024-09-18,1.31666,1.32973,1.31559,1.32027,88561,8,0
2024-09-19,1.32029,1.33141,1.31528,1.32806,76211,8,0
2024-09-20,1.32805,1.33398,1.32677,1.33224,62927,10,0
2024-09-22,1.33009,1.33225,1.33007,1.33118,2542,10,0
2024-09-23,1.33117,1.3359,1.32481,1.3348200000000001,58516,8,0
2024-09-24,1.3348200000000001,1.34275,1.33315,1.34265,60888,8,0
2024-09-25,1.3426,1.34295,1.3312,1.33134,66532,8,0
2024-09-26,1.33132,1.3433899999999999,1.3312,1.34104,70548,8,0
2024-09-27,1.34103,1.34271,1.33593,1.33721,68784,8,0
2024-09-29,1.33678,1.33836,1.33652,1.3382,2162,10,0
2024-09-30,1.3382,1.34225,1.33496,1.33768,71357,10,0
2024-10-01,1.3377,1.33893,1.32367,1.32734,85457,8,0
2024-10-02,1.32738,1.3305,1.3245,1.32622,61987,8,0
2024-10-03,1.3262,1.32649,1.30914,1.3128,84075,8,0
2024-10-04,1.3127900000000001,1.31745,1.30694,1.31251,74125,8,0
2024-10-06,1.31013,1.31246,1.31007,1.3122500000000001,3374,10,0
2024-10-07,1.3122500000000001,1.31344,1.30589,1.30838,65029,10,0
2024-10-08,1.30837,1.31131,1.30634,1.30929,61793,10,0
2024-10-09,1.30927,1.3102800000000001,1.30552,1.3066200000000001,58713,10,0
2024-10-10,1.30663,1.30934,1.30215,1.3061,71178,8,0
2024-10-11,1.30609,1.3082799999999999,1.30411,1.30679,47862,8,0
2024-10-13,1.30575,1.30658,1.30461,1.3048,2445,10,0
2024-10-14,1.3048,1.30714,1.30294,1.3066499999999999,51627,10,0
2024-10-15,1.3066499999999999,1.31023,1.30351,1.30645,55764,8,0
2024-10-16,1.30645,1.30769,1.29764,1.29909,56202,8,0
2024-10-17,1.29907,1.30228,1.29732,1.3014000000000001,62376,8,0
2024-10-18,1.30141,1.3070599999999999,1.30104,1.30511,53261,8,0
2024-10-20,1.30378,1.30555,1.3030300000000001,1.30512,2624,10,0
2024-10-21,1.30514,1.30531,1.29764,1.29822,48805,10,0
2024-10-22,1.29823,1.30144,1.29441,1.29803,50914,10,0
2024-10-23,1.298,1.29945,1.29068,1.2915,50387,10,0
2024-10-24,1.29153,1.29878,1.2911299999999999,1.2971,53932,8,0
2024-10-25,1.29714,1.29982,1.29553,1.29613,44658,8,0
2024-10-27,1.29494,1.29634,1.29494,1.29573,2703,10,0
2024-10-28,1.2957,1.30014,1.2939,1.29741,50273,10,0
2024-10-29,1.29741,1.30165,1.29575,1.30108,57836,8,0
2024-10-30,1.30107,1.30431,1.29364,1.29579,68928,8,0
2024-10-31,1.29579,1.29995,1.2843,1.28963,75740,8,0
2024-11-01,1.28963,1.29798,1.2884,1.29195,60222,8,0
2024-11-03,1.29667,1.29668,1.29484,1.29517,2765,10,0
2024-11-04,1.29519,1.29983,1.29338,1.2953700000000001,60125,8,0
2024-11-05,1.2953700000000001,1.30474,1.29474,1.3042,50860,8,0
2024-11-06,1.3042099999999999,1.30434,1.28336,1.28822,160824,10,0
2024-11-07,1.2882,1.30088,1.28754,1.29823,86814,8,0
2024-11-08,1.29823,1.29839,1.2882799999999999,1.29199,66280,8,0
2024-11-10,1.28956,1.29173,1.28935,1.29149,2158,10,0
2024-11-11,1.29148,1.29254,1.28556,1.28734,54498,10,0
2024-11-12,1.2873,1.2873,1.27185,1.27362,70521,10,0
2024-11-13,1.27363,1.27686,1.2686,1.27066,74816,8,0
2024-11-14,1.27067,1.27197,1.26291,1.26665,78216,8,0
2024-11-15,1.26666,1.26966,1.25966,1.26189,75887,8,0
2024-11-17,1.26101,1.26216,1.25969,1.26189,2391,10,0
2024-11-18,1.2619,1.26864,1.26124,1.2678099999999999,59993,10,0
2024-11-19,1.2678,1.2693699999999999,1.26125,1.2693699999999999,69031,10,0
2024-11-20,1.26936,1.27143,1.26303,1.26549,58505,10,0
2024-11-21,1.26548,1.26599,1.25756,1.25845,63904,8,0
2024-11-22,1.25844,1.25938,1.24867,1.25321,83575,10,0
2024-11-24,1.2582200000000001,1.25964,1.25675,1.2592400000000001,3486,10,0
2024-11-25,1.2592400000000001,1.26132,1.25292,1.25321,71915,8,0
2024-11-26,1.25323,1.26159,1.25069,1.25731,85923,8,0
2024-11-27,1.25731,1.26942,1.2566,1.26766,71399,10,0
2024-11-28,1.26766,1.2695699999999999,1.26444,1.26949,48301,8,0
2024-11-29,1.26948,1.27499,1.26715,1.27341,65358,10,0
2024-12-01,1.27175,1.27319,1.26952,1.27011,3140,10,0
2024-12-02,1.27011,1.27221,1.2616399999999999,1.26581,80556,8,0
2024-12-03,1.2658,1.26994,1.26363,1.26736,68272,8,0
2024-12-04,1.26735,1.27211,1.26297,1.27006,78806,8,0
2024-12-05,1.27007,1.27702,1.26925,1.27597,60697,10,0
2024-12-06,1.276,1.28109,1.27209,1.27413,63336,8,0
2024-12-08,1.27255,1.27481,1.27238,1.2747600000000001,2028,10,0
2024-12-09,1.2739,1.27985,1.27163,1.27481,51620,10,0
2024-12-10,1.27481,1.2779,1.2723499999999999,1.2779,57610,10,0
2024-12-11,1.2779,1.27812,1.27127,1.27645,69142,10,0
2024-12-12,1.27645,1.27875,1.2664900000000001,1.26766,71256,10,0
2024-12-13,1.26763,1.26787,1.26078,1.2619500000000001,57595,10,0
2024-12-15,1.2602,1.26271,1.2597800000000001,1.26261,2019,10,0
2024-12-16,1.2625899999999999,1.26983,1.2625600000000001,1.2689599999999999,52437,10,0
2024-12-17,1.26897,1.27284,1.2665600000000001,1.27101,57292,10,0
2024-12-18,1.27101,1.27275,1.25618,1.2567,79061,10,0
2024-12-19,1.25671,1.26664,1.24945,1.24966,83119,8,0
2024-12-20,1.24967,1.2613400000000001,1.24741,1.2567599999999999,67699,8,0
2024-12-22,1.2553,1.2574,1.25485,1.2570000000000001,2275,10,0
2024-12-23,1.2570000000000001,1.25877,1.25096,1.25322,52622,8,0
2024-12-24,1.25322,1.25743,1.2518,1.2534399999999999,38052,8,0
2024-12-25,1.25267,1.2548,1.25267,1.25428,1784,10,0
2024-12-26,1.25427,1.2548,1.25007,1.25274,39217,10,0
2024-12-27,1.25274,1.25922,1.25046,1.25776,52082,8,0
2024-12-29,1.25666,1.25871,1.25561,1.25772,1608,10,0
2024-12-30,1.25772,1.26068,1.25058,1.25477,56944,10,0
2024-12-31,1.25477,1.2569,1.25049,1.25122,56847,10,0
2025-01-01,1.25048,1.25194,1.2499,1.25191,2041,10,0
2025-01-02,1.2518799999999999,1.254,1.23519,1.23795,68120,8,0
2025-01-03,1.23792,1.24336,1.23779,1.24219,46618,10,0
2025-01-05,1.24125,1.24335,1.24027,1.24242,2048,10,0
2025-01-06,1.24245,1.25508,1.24172,1.25092,83340,8,0
2025-01-07,1.25096,1.25755,1.24725,1.24755,66642,8,0
2025-01-08,1.24756,1.24936,1.23202,1.23575,82568,8,0
2025-01-09,1.23576,1.23649,1.22377,1.22981,70248,10,0
2025-01-10,1.22981,1.23213,1.21908,1.22072,83618,10,0
2025-01-12,1.21891,1.2209,1.21871,1.22038,1814,11,0
2025-01-13,1.22034,1.22497,1.20991,1.22309,85382,10,0
2025-01-14,1.22306,1.22457,1.21389,1.22101,84531,10,0
2025-01-15,1.221,1.23058,1.21599,1.2242,85169,10,0
2025-01-16,1.2242,1.22599,1.21743,1.22339,77329,10,0
2025-01-17,1.2234,1.22439,1.21599,1.21676,69241,10,0
2025-01-19,1.21585,1.21764,1.21578,1.21744,2269,10,0
2025-01-20,1.21743,1.23446,1.21649,1.23312,96390,10,0
2025-01-21,1.23314,1.23601,1.22291,1.23377,104043,10,0
2025-01-22,1.23376,1.23757,1.23057,1.23133,70716,10,0
2025-01-23,1.23133,1.2375099999999999,1.22926,1.23532,75198,10,0
2025-01-24,1.23533,1.25014,1.2348,1.24809,78597,10,0
2025-01-26,1.24599,1.2471700000000001,1.24557,1.2457799999999999,2753,10,0
2025-01-27,1.2457799999999999,1.25232,1.24257,1.2451,84108,8,0
2025-01-28,1.24511,1.24651,1.2414,1.24403,72260,8,0
2025-01-29,1.24403,1.2462900000000001,1.23928,1.24542,87116,10,0
2025-01-30,1.24542,1.24767,1.24049,1.24216,78054,10,0
2025-01-31,1.24215,1.24712,1.23854,1.23918,92533,10,0
2025-02-02,1.23039,1.2322899999999999,1.22816,1.22894,4284,31,0
2025-02-03,1.229,1.24547,1.22489,1.2433,154001,10,0
2025-02-04,1.2433,1.24929,1.23787,1.24748,80468,10,0
2025-02-05,1.24752,1.25497,1.24627,1.25011,69996,10,0
2025-02-06,1.25011,1.2509299999999999,1.23598,1.24338,72026,10,0
2025-02-07,1.24337,1.24928,1.23757,1.24014,84789,10,0
2025-02-09,1.23669,1.23939,1.23637,1.2389000000000001,3229,10,0
2025-02-10,1.2389000000000001,1.24219,1.23539,1.23591,55485,10,0
2025-02-11,1.23594,1.24546,1.23318,1.2450700000000001,53552,10,0
2025-02-12,1.2450700000000001,1.24832,1.23772,1.24501,75969,10,0
2025-02-13,1.245,1.25696,1.24419,1.2564,86553,10,0
2025-02-14,1.2564,1.26297,1.25489,1.25864,56955,10,0
2025-02-16,1.25752,1.2588300000000001,1.25717,1.25834,2491,10,0
2025-02-17,1.25835,1.26343,1.25787,1.26203,46177,10,0
2025-02-18,1.26203,1.26339,1.25821,1.26238,55018,8,0
2025-02-19,1.26238,1.2635399999999999,1.25628,1.2582499999999999,57681,10,0
2025-02-20,1.25824,1.26739,1.25799,1.26688,58716,10,0
2025-02-21,1.26689,1.26783,1.26244,1.26335,57620,10,0
2025-02-23,1.26196,1.26575,1.26196,1.26483,2542,10,0
2025-02-24,1.26487,1.26901,1.26115,1.26166,65036,10,0
2025-02-25,1.26166,1.2677399999999999,1.26053,1.26714,58692,10,0
2025-02-26,1.26715,1.27154,1.2634699999999999,1.26802,64987,10,0
2025-02-27,1.26802,1.26884,1.2593,1.25962,67781,10,0
2025-02-28,1.25966,1.26215,1.25589,1.2576800000000001,68377,10,0
2025-03-02,1.25688,1.2608,1.25678,1.26016,3244,10,0
2025-03-03,1.2601499999999999,1.27245,1.25818,1.2701,82092,10,0
2025-03-04,1.2701,1.27992,1.26783,1.27948,93832,10,0
2025-03-05,1.2794699999999999,1.29003,1.27673,1.2889300000000001,100842,10,0
2025-03-06,1.28891,1.2923200000000001,1.28656,1.28831,93363,10,0
2025-03-07,1.28827,1.29444,1.28756,1.29213,84450,10,0
2025-03-09,1.29066,1.29378,1.28961,1.29315,5822,10,0
2025-03-10,1.29315,1.29463,1.28607,1.28747,78292,10,0
2025-03-11,1.28748,1.29654,1.28728,1.2943500000000001,80530,10,0
2025-03-12,1.2943799999999999,1.29881,1.2913000000000001,1.29639,67923,10,0
2025-03-13,1.2964,1.29729,1.29203,1.29562,65188,8,0
2025-03-14,1.2955999999999999,1.29585,1.29102,1.29342,62626,10,0
2025-03-16,1.2925200000000001,1.2935400000000001,1.29115,1.29268,3659,10,0
2025-03-17,1.2927,1.29986,1.29266,1.29837,49456,10,0
2025-03-18,1.29837,1.30095,1.29511,1.29997,51259,10,0
2025-03-19,1.2999399999999999,1.3011300000000001,1.29545,1.30096,57760,10,0
2025-03-20,1.30096,1.30145,1.29353,1.29648,56492,10,0
2025-03-21,1.29647,1.297,1.28873,1.2917399999999999,50735,10,0
2025-03-23,1.28784,1.29256,1.28784,1.29246,3537,10,0
2025-03-24,1.29244,1.29739,1.28952,1.29226,58786,10,0
2025-03-25,1.29226,1.29663,1.29013,1.29446,49455,10,0
2025-03-26,1.29443,1.29457,1.28664,1.28769,61300,10,0
2025-03-27,1.28769,1.29916,1.2876,1.2951,59383,10,0
2025-03-28,1.29508,1.29677,1.29218,1.29394,51390,10,0
2025-03-30,1.29305,1.29402,1.29163,1.29372,4796,10,0
2025-03-31,1.29368,1.29726,1.28858,1.29188,64640,10,0
2025-04-01,1.2919100000000001,1.29403,1.28789,1.29212,63259,10,0
2025-04-02,1.29214,1.3052000000000001,1.29001,1.3044799999999999,83799,10,0
2025-04-03,1.30447,1.32074,1.30257,1.30888,126913,10,0
2025-04-04,1.30887,1.31135,1.28524,1.29005,175708,10,0
2025-04-06,1.28266,1.29331,1.28196,1.29083,14756,10,0
2025-04-07,1.29087,1.29337,1.2707600000000001,1.27325,194231,10,0
2025-04-08,1.27324,1.28143,1.2724199999999999,1.27863,122537,10,0
2025-04-09,1.27863,1.28637,1.27428,1.28241,206601,10,0
2025-04-10,1.28239,1.29973,1.28216,1.29915,149023,10,0
2025-04-11,1.29912,1.31449,1.2984200000000001,1.30861,202335,10,0
2025-04-13,1.30745,1.3096,1.30624,1.30837,7934,10,0
2025-04-14,1.30839,1.3201,1.30831,1.3172,105664,10,0
2025-04-15,1.31717,1.32515,1.31639,1.32307,83979,10,0
2025-04-16,1.32305,1.3292,1.32114,1.32321,90643,10,0
2025-04-17,1.32324,1.32727,1.32023,1.32648,80071,10,0
2025-04-18,1.32646,1.32921,1.32552,1.3288,63193,76,0
2025-04-20,1.32683,1.33195,1.3268,1.33141,5609,10,0
2025-04-21,1.33144,1.3421699999999999,1.33144,1.33793,74593,10,0
2025-04-22,1.3379400000000001,1.34236,1.3232599999999999,1.3271899999999999,92935,10,0
2025-04-23,1.32718,1.33386,1.3244500000000001,1.32646,103453,10,0
2025-04-24,1.32645,1.3348900000000001,1.32583,1.33269,69809,10,0
2025-04-25,1.33269,1.3332,1.32736,1.33105,62554,10,0
2025-04-27,1.32939,1.33111,1.32876,1.32897,3684,10,0
2025-04-28,1.32898,1.34439,1.32796,1.34342,68182,10,0
2025-04-29,1.3434300000000001,1.34422,1.33798,1.34113,61945,10,0
2025-04-30,1.34114,1.3414,1.33087,1.33205,69402,10,0
2025-05-01,1.3320400000000001,1.3345,1.32596,1.32854,63757,10,0
2025-05-02,1.32855,1.33304,1.3259699999999999,1.327,71943,10,0
2025-05-04,1.32466,1.32761,1.32462,1.3269199999999999,3284,10,0
2025-05-05,1.32693,1.33362,1.32612,1.32901,61111,10,0
2025-05-06,1.32901,1.34024,1.32595,1.33514,72460,10,0
2025-05-07,1.33514,1.3376700000000001,1.32793,1.32898,75735,10,0
2025-05-08,1.3289900000000001,1.33559,1.32327,1.32391,86068,10,0
2025-05-09,1.3238699999999999,1.33221,1.32117,1.33035,55660,10,0
2025-05-11,1.3259,1.32948,1.3254299999999999,1.3284099999999999,4559,10,0
2025-05-12,1.3284099999999999,1.32991,1.31394,1.31771,89452,10,0
2025-05-13,1.31771,1.33161,1.31732,1.3303,67044,10,0
2025-05-14,1.33029,1.33601,1.3249,1.32629,79490,10,0
2025-05-15,1.3263,1.33194,1.3259,1.33029,68854,10,0
2025-05-16,1.3302800000000001,1.33322,1.325,1.3279,59527,10,0
2025-05-18,1.32671,1.33047,1.326,1.33047,3878,10,0
2025-05-19,1.33048,1.34037,1.329,1.3358400000000001,67809,10,0
2025-05-20,1.33583,1.33974,1.3334,1.33964,64573,10,0
2025-05-21,1.33964,1.34684,1.33879,1.34199,81274,10,0
2025-05-22,1.34203,1.3440400000000001,1.33902,1.34191,70298,10,0
2025-05-23,1.3419400000000001,1.35433,1.34178,1.35397,69029,10,0
2025-05-25,1.35138,1.35422,1.3513,1.35374,4923,10,0
2025-05-26,1.35375,1.3593,1.35357,1.35648,45205,10,0
2025-05-27,1.35648,1.35863,1.34996,1.3513600000000001,61621,10,0
2025-05-28,1.3513899999999999,1.35219,1.34149,1.34284,68371,10,0
2025-05-29,1.34284,1.35067,1.34183,1.3498700000000001,76814,10,0
2025-05-30,1.34985,1.3510499999999999,1.34473,1.34523,68410,10,0
2025-06-01,1.34497,1.3473,1.34408,1.34681,3374,10,0
2025-06-02,1.3468200000000001,1.35593,1.34673,1.3556599999999999,64322,10,0
2025-06-03,1.35565,1.35574,1.34913,1.35303,58578,10,0
2025-06-04,1.35304,1.35796,1.35007,1.3550499999999999,61736,10,0
2025-06-05,1.35507,1.36161,1.35401,1.35784,68558,10,0
2025-06-06,1.3578299999999999,1.35843,1.35071,1.35255,62140,10,0
2025-06-08,1.35118,1.35394,1.35118,1.35368,2414,10,0
2025-06-09,1.35369,1.35809,1.35242,1.3553899999999999,49406,10,0
2025-06-10,1.3554,1.35638,1.34559,1.3507,65776,10,0
2025-06-11,1.3507,1.35725,1.34635,1.35673,63711,8,0
2025-06-12,1.35676,1.36303,1.3522,1.3628,73496,10,0
2025-06-13,1.36279,1.36323,1.35157,1.3574,84087,10,0
2025-06-15,1.35557,1.35611,1.35366,1.3548499999999999,5656,10,0
2025-06-16,1.3548499999999999,1.36219,1.35343,1.35679,66540,10,0
2025-06-17,1.3568,1.35792,1.34125,1.34287,71268,10,0
2025-06-18,1.34284,1.34762,1.33997,1.34139,79290,10,0
2025-06-19,1.34135,1.34795,1.33823,1.34755,61007,10,0
2025-06-20,1.3476,1.3510900000000001,1.34408,1.3449499999999999,59291,10,0
2025-06-22,1.33905,1.34412,1.33857,1.34342,5870,10,0
2025-06-23,1.3434300000000001,1.3554599999999999,1.337,1.35447,83819,10,0
2025-06-24,1.35449,1.36482,1.3535,1.36148,68122,10,0
2025-06-25,1.36148,1.3691499999999999,1.359,1.3689200000000001,57619,10,0
2025-06-26,1.36891,1.37702,1.36767,1.37247,72187,10,0
2025-06-27,1.37249,1.37523,1.36826,1.37198,63172,10,0
2025-06-29,1.36941,1.3728099999999999,1.36941,1.37183,3703,10,0
2025-06-30,1.37183,1.37402,1.36737,1.37303,60513,10,0
2025-07-01,1.37303,1.37883,1.37031,1.37451,64237,10,0
2025-07-02,1.37451,1.37523,1.3562,1.36486,73306,10,0
2025-07-03,1.3648500000000001,1.36758,1.35855,1.36651,62699,10,0
2025-07-04,1.3665,1.3681,1.36344,1.36463,52924,10,0
2025-07-06,1.36386,1.36566,1.36369,1.36505,2780,10,0
2025-07-07,1.36505,1.36575,1.35745,1.36234,62926,10,0
2025-07-08,1.36233,1.3646099999999999,1.35248,1.35846,64922,10,0
2025-07-09,1.3584800000000001,1.36193,1.35636,1.35977,58550,10,0
2025-07-10,1.35975,1.36193,1.35325,1.35795,54283,10,0
2025-07-11,1.35797,1.35812,1.34803,1.3491,64457,10,0
2025-07-13,1.34794,1.34969,1.34717,1.34952,4540,10,0
2025-07-14,1.3495,1.35038,1.34192,1.3427799999999999,58298,10,0
2025-07-15,1.34277,1.34665,1.33784,1.33925,61044,10,0
2025-07-16,1.33925,1.34854,1.33643,1.3410199999999999,94697,10,0
2025-07-17,1.34101,1.34342,1.33737,1.34306,58808,10,0
2025-07-18,1.3431,1.34749,1.34053,1.3409200000000001,46460,10,0
2025-07-20,1.34061,1.34193,1.34022,1.34149,3899,10,0
2025-07-21,1.34149,1.35101,1.34016,1.34891,47794,10,0
2025-07-22,1.34894,1.35342,1.34612,1.35208,50880,10,0
2025-07-23,1.35208,1.35868,1.35148,1.35785,58387,10,0
2025-07-24,1.35784,1.35881,1.35,1.3508200000000001,58317,10,0
2025-07-25,1.3508200000000001,1.35119,1.34158,1.34371,58484,10,0
2025-07-27,1.34208,1.34462,1.34139,1.34374,3707,10,0
2025-07-28,1.34376,1.34522,1.33474,1.3359,59019,10,0
2025-07-29,1.33591,1.33639,1.3307,1.33531,60992,10,0
2025-07-30,1.33532,1.3385099999999999,1.3227,1.32553,76447,10,0
2025-07-31,1.32552,1.32816,1.3185,1.32073,69018,10,0
2025-08-01,1.32071,1.33103,1.31407,1.32785,94265,10,0
2025-08-03,1.32704,1.32919,1.32678,1.32904,4558,10,0
2025-08-04,1.32903,1.33305,1.3253300000000001,1.32973,69980,10,0
2025-08-05,1.32977,1.33157,1.32589,1.32977,65712,10,0
2025-08-06,1.32973,1.33677,1.32809,1.33569,54831,10,0
2025-08-07,1.33567,1.3452,1.33453,1.34505,67150,10,0
2025-08-08,1.34506,1.3458700000000001,1.34174,1.3450199999999999,50223,10,0
2025-08-10,1.34364,1.34494,1.34264,1.34426,2370,10,0
2025-08-11,1.34426,1.34764,1.33986,1.3433,45478,10,0
2025-08-12,1.34328,1.3523399999999999,1.34196,1.35036,68806,10,0
2025-08-13,1.35036,1.3585,1.3492199999999999,1.35846,48243,10,0
2025-08-14,1.35846,1.35946,1.35202,1.35294,59544,10,0
2025-08-15,1.35294,1.35746,1.35266,1.3553,44755,10,0
2025-08-17,1.3545099999999999,1.35647,1.35405,1.35556,2540,10,0
2025-08-18,1.35555,1.35648,1.34939,1.35073,45517,10,0
2025-08-19,1.3507500000000001,1.35307,1.34772,1.34845,47065,10,0
2025-08-20,1.34843,1.35091,1.34466,1.34652,54707,10,0
2025-08-21,1.34652,1.34822,1.3405,1.34175,53600,10,0
2025-08-22,1.34171,1.35437,1.33897,1.3526500000000001,59127,10,0
2025-08-24,1.35084,1.35243,1.35056,1.35081,3574,11,0
2025-08-25,1.3508200000000001,1.35267,1.34429,1.34542,47282,11,0
2025-08-26,1.34542,1.34931,1.3434,1.34764,61465,11,0
2025-08-27,1.34764,1.35054,1.34162,1.35032,48486,11,0
2025-08-28,1.35034,1.35303,1.34824,1.3507500000000001,52364,11,0
2025-08-29,1.35077,1.35168,1.34454,1.35039,50749,11,0
2025-08-31,1.34825,1.35076,1.34824,1.35027,2090,11,0
2025-09-01,1.35026,1.35494,1.3501699999999999,1.35455,39590,11,0
2025-09-02,1.35457,1.3547799999999999,1.33383,1.3381,80075,11,0
2025-09-03,1.33809,1.34579,1.33327,1.34403,63089,11,0
2025-09-04,1.3440400000000001,1.34591,1.34158,1.34432,53942,11,0
2025-09-05,1.34433,1.35545,1.34412,1.3508200000000001,65966,11,0
2025-09-07,1.34932,1.35052,1.34819,1.34921,3895,11,0
2025-09-08,1.34923,1.35576,1.3483,1.35522,53551,11,0
2025-09-09,1.35523,1.35899,1.35161,1.35202,58459,11,0
2025-09-10,1.35201,1.35649,1.35125,1.35323,56838,11,0
2025-09-11,1.3532199999999999,1.35824,1.3492600000000001,1.35736,63234,11,0
2025-09-12,1.35735,1.35754,1.3523399999999999,1.3558,51470,11,0
2025-09-14,1.35409,1.35623,1.3535599999999999,1.35523,2565,10,0
2025-09-15,1.35523,1.36197,1.35483,1.36003,48248,10,0
2025-09-16,1.3600400000000001,1.36716,1.35974,1.36521,58829,10,0
2025-09-17,1.3652,1.3726099999999999,1.36147,1.3629,77198,10,0
2025-09-18,1.36293,1.36608,1.35335,1.3554599999999999,72112,10,0
2025-09-19,1.35548,1.35591,1.34626,1.34693,64507,10,0
2025-09-21,1.3458700000000001,1.34731,1.34578,1.34623,2499,10,0
2025-09-22,1.3462399999999999,1.3519999999999999,1.34525,1.35134,51859,10,0
2025-09-23,1.35134,1.35362,1.34864,1.3523800000000001,60770,10,0
2025-09-24,1.3524,1.35257,1.3426,1.34489,55064,10,0
2025-09-25,1.34485,1.3467,1.33231,1.33348,61872,10,0
2025-09-26,1.33348,1.34127,1.33289,1.33999,50486,10,0
2025-09-28,1.33841,1.34109,1.3383,1.3406799999999999,2263,10,0
2025-09-29,1.34067,1.3456299999999999,1.3406,1.34344,47671,10,0
2025-09-30,1.34344,1.34669,1.3413,1.34422,60035,10,0
2025-10-01,1.3442,1.35272,1.3434300000000001,1.34779,70009,10,0
2025-10-02,1.3477700000000001,1.35099,1.34003,1.3446,53217,10,0
2025-10-03,1.34461,1.34866,1.34284,1.34778,49293,10,0
2025-10-05,1.3456000000000001,1.3456000000000001,1.34215,1.34315,6417,10,0
2025-10-06,1.34317,1.34897,1.34158,1.34835,60501,10,0
2025-10-07,1.34835,1.34843,1.33917,1.3419699999999999,53900,10,0
2025-10-08,1.3419699999999999,1.34381,1.33704,1.33994,58433,10,0
2025-10-09,1.33994,1.34188,1.32792,1.33022,69146,7,0
2025-10-10,1.3302,1.33704,1.32607,1.33578,76346,10,0
2025-10-12,1.33462,1.33533,1.33189,1.33349,5744,10,0
2025-10-13,1.33348,1.3366,1.3314599999999999,1.33317,58749,10,0
2025-10-14,1.33317,1.33521,1.32478,1.3321399999999999,76752,10,0
2025-10-15,1.33212,1.34078,1.33194,1.34029,64504,9,0
2025-10-16,1.34027,1.34543,1.33991,1.3443399999999999,70837,10,0
2025-10-17,1.34436,1.34711,1.33904,1.3425,69687,10,0
2025-10-19,1.34303,1.34306,1.34157,1.34244,2819,10,0
2025-10-20,1.34244,1.34426,1.33994,1.3403800000000001,51654,7,0
2025-10-21,1.3403800000000001,1.34157,1.33606,1.3364500000000001,64754,4,0
2025-10-22,1.3364500000000001,1.33868,1.33051,1.33501,66284,9,0
2025-10-23,1.33501,1.33566,1.33073,1.33264,45731,7,0
2025-10-24,1.3326500000000001,1.33711,1.32869,1.33107,59833,10,0
2025-10-26,1.33217,1.33271,1.33117,1.3321100000000001,3922,10,0
2025-10-27,1.33212,1.33527,1.33098,1.33401,45981,7,0
2025-10-28,1.334,1.33693,1.32468,1.32782,55432,9,0
2025-10-29,1.32779,1.32803,1.31395,1.31943,82523,10,0
2025-10-30,1.31941,1.32183,1.3115999999999999,1.3158,65542,9,0
2025-10-31,1.31581,1.31644,1.30964,1.31494,51285,10,0
2025-11-02,1.31341,1.31421,1.31265,1.31336,4487,10,0
2025-11-03,1.31336,1.31622,1.31078,1.31341,44378,9,0
2025-11-04,1.3134000000000001,1.31386,1.30095,1.3020800000000001,55191,10,0
2025-11-05,1.30207,1.30528,1.30095,1.30515,49342,10,0
2025-11-06,1.30515,1.31422,1.30497,1.31393,56706,10,0
2025-11-07,1.31393,1.31746,1.3094299999999999,1.31647,53087,10,0
2025-11-09,1.3145,1.31593,1.31368,1.31411,2304,10,0
2025-11-10,1.31411,1.31909,1.31361,1.31718,55159,7,0
2025-11-11,1.31717,1.31841,1.31159,1.31518,53003,9,0
2025-11-12,1.31516,1.31551,1.30839,1.31272,51901,9,0
2025-11-13,1.3127499999999999,1.32156,1.31003,1.31524,64233,10,0
2025-11-14,1.31524,1.32001,1.31076,1.3173599999999999,79715,10,0
2025-11-16,1.31538,1.31704,1.3149600000000001,1.31588,1777,10,0
2025-11-17,1.3158699999999999,1.31927,1.31353,1.31551,53962,10,0
2025-11-18,1.3155000000000001,1.31766,1.31333,1.3146900000000001,57961,4,0
2025-11-19,1.31468,1.31548,1.3043,1.30596,61261,4,0
2025-11-20,1.30596,1.31233,1.30372,1.3082500000000001,64294,9,0
2025-11-21,1.30826,1.31093,1.30384,1.30972,71566,10,0
2025-11-23,1.3092,1.30996,1.30887,1.30957,1607,10,0
2025-11-24,1.30957,1.31178,1.308,1.31053,53752,4,0
2025-11-25,1.31052,1.32137,1.3094999999999999,1.31577,64865,7,0
2025-11-26,1.31578,1.32471,1.31241,1.32442,89388,9,0
2025-11-27,1.32442,1.32684,1.32094,1.32395,41655,9,0
2025-11-28,1.32395,1.3253599999999999,1.31998,1.3229199999999999,137519,10,0
2025-11-30,1.32261,1.32478,1.32145,1.32388,2351,10,0
2025-12-01,1.32388,1.32755,1.3205,1.32084,62102,9,0
2025-12-02,1.32085,1.32213,1.31789,1.32196,46711,10,0
2025-12-03,1.32196,1.33537,1.32168,1.33472,47161,7,0
2025-12-04,1.33469,1.33852,1.33196,1.33219,48569,9,0
2025-12-05,1.33219,1.33622,1.33158,1.3333300000000001,43186,10,0
2025-12-07,1.33213,1.33316,1.3319,1.33256,3004,10,0
2025-12-08,1.33257,1.33462,1.33051,1.33267,45345,9,0
2025-12-09,1.33266,1.33558,1.32866,1.3302399999999999,49178,7,0
2025-12-10,1.3302399999999999,1.3391,1.32954,1.33879,65119,7,0
2025-12-11,1.33879,1.3437700000000001,1.3354,1.3393,55500,7,0
2025-12-12,1.3393,1.33995,1.33415,1.33718,46836,10,0
2025-12-14,1.33515,1.33717,1.33515,1.3366799999999999,1891,10,0
2025-12-15,1.33671,1.34015,1.3354300000000001,1.33786,48234,4,0
2025-12-16,1.33786,1.34555,1.3354599999999999,1.34249,68365,10,0
2025-12-17,1.34249,1.34265,1.33112,1.3373300000000001,61425,9,0
2025-12-18,1.3373300000000001,1.3446,1.33405,1.3383099999999999,66905,7,0
2025-12-19,1.3383099999999999,1.33937,1.33566,1.33748,52180,10,0
2025-12-21,1.33689,1.33833,1.33579,1.33789,4832,10,0
2025-12-22,1.33791,1.34771,1.33782,1.34672,58976,2,0
2025-12-23,1.34673,1.35239,1.34673,1.35126,54566,9,0
2025-12-24,1.35126,1.35336,1.34914,1.3502100000000001,46321,10,0
2025-12-25,1.34942,1.3514599999999999,1.34942,1.3507500000000001,3047,10,0
2025-12-26,1.3507500000000001,1.35269,1.34766,1.34992,50083,10,0
2025-12-28,1.34904,1.35008,1.34775,1.34964,2367,10,0
2025-12-29,1.34965,1.35155,1.34687,1.35084,63640,10,0
2025-12-30,1.35084,1.35304,1.34494,1.3466,48669,2,0
2025-12-31,1.34662,1.34828,1.34012,1.34734,53993,10,0
2026-01-01,1.34562,1.3476,1.34542,1.34737,1754,10,0
2026-01-02,1.34737,1.35016,1.3433899999999999,1.34593,50618,10,0
2026-01-04,1.34485,1.34564,1.34355,1.34378,2495,10,0
2026-01-05,1.34375,1.3547799999999999,1.34132,1.3532199999999999,66006,4,0
2026-01-06,1.35321,1.35673,1.34905,1.3498999999999999,58911,4,0
2026-01-07,1.3498999999999999,1.35168,1.34536,1.34581,55607,10,0
2026-01-08,1.34581,1.34649,1.34155,1.34358,50158,4,0
2026-01-09,1.34357,1.34507,1.3387,1.34021,62633,10,0
2026-01-11,1.3391,1.34001,1.33881,1.33935,1526,10,0
2026-01-12,1.33935,1.34853,1.33903,1.34656,57130,7,0
2026-01-13,1.34656,1.34943,1.34162,1.3425099999999999,56203,2,0
2026-01-14,1.3425,1.34637,1.34191,1.34396,55599,10,0
2026-01-15,1.34396,1.3445,1.33624,1.33807,54619,4,0
2026-01-16,1.33806,1.3412600000000001,1.33657,1.33782,50164,10,0
2026-01-18,1.33418,1.34062,1.33321,1.34016,4120,10,0
2026-01-19,1.34015,1.3435000000000001,1.3381,1.3418700000000001,47665,2,0
2026-01-20,1.34191,1.34911,1.3409499999999999,1.34398,77688,4,0
2026-01-21,1.34398,1.3458999999999999,1.34008,1.34177,70665,2,0
2026-01-22,1.34176,1.3508200000000001,1.34008,1.3498999999999999,66306,10,0
2026-01-23,1.3498999999999999,1.3645399999999999,1.34817,1.3644,73050,10,0
2026-01-25,1.36589,1.36798,1.36529,1.36636,4146,10,0
2026-01-26,1.36642,1.3712900000000001,1.3642400000000001,1.36746,81514,7,0
2026-01-27,1.36747,1.387,1.36634,1.38265,100158,9,0
2026-01-28,1.3826399999999999,1.38308,1.37492,1.38265,112304,9,0
2026-01-29,1.3827099999999999,1.38477,1.37419,1.38077,108829,7,0
2026-01-30,1.3807800000000001,1.38138,1.3679000000000001,1.36845,125422,10,0
2026-02-01,1.3677000000000001,1.36908,1.36612,1.36756,5563,10,0
2026-02-02,1.3676,1.37148,1.36225,1.36726,106322,7,0
2026-02-03,1.36726,1.3707099999999999,1.365,1.36966,73450,4,0
2026-02-04,1.36966,1.3733,1.36418,1.36456,72256,2,0
2026-02-05,1.36457,1.36537,1.3517000000000001,1.35208,95459,10,0
2026-02-06,1.35209,1.36229,1.3508,1.36108,57207,10,0
2026-02-08,1.35904,1.36112,1.35876,1.3609499999999999,3195,10,0
2026-02-09,1.36097,1.36998,1.3586,1.36821,82204,9,0
2026-02-10,1.36822,1.36965,1.36311,1.36324,60961,10,0
2026-02-11,1.36324,1.37121,1.3609200000000001,1.36226,78594,9,0
2026-02-12,1.36226,1.36711,1.36042,1.36179,68171,9,0
2026-02-13,1.36178,1.36591,1.35899,1.3654899999999999,63705,10,0
2026-02-15,1.36426,1.3648799999999999,1.36347,1.36471,2514,10,0
2026-02-16,1.36471,1.36616,1.36218,1.36267,34028,4,0
2026-02-17,1.36267,1.36289,1.34951,1.35622,60824,4,0
2026-02-18,1.35622,1.35819,1.34851,1.34947,49348,4,0
2026-02-19,1.34948,1.3516599999999999,1.34334,1.34593,55484,4,0
2026-02-20,1.34593,1.3514599999999999,1.34342,1.34779,79023,10,0
2026-02-22,1.34768,1.3532899999999999,1.34701,1.35317,3028,10,0
2026-02-23,1.35321,1.35347,1.34754,1.34954,60374,10,0
2026-02-24,1.34954,1.3536299999999999,1.34694,1.34952,53924,9,0
2026-02-25,1.34954,1.35656,1.3490199999999999,1.35571,56365,9,0
2026-02-26,1.35571,1.35748,1.34448,1.3491,59106,10,0
2026-02-27,1.3491,1.35077,1.3439,1.34871,66242,10,0
2026-03-01,1.34042,1.3434,1.33979,1.34045,3240,17,0
2026-03-02,1.34048,1.34555,1.33139,1.34077,108993,7,0
2026-03-03,1.3407499999999999,1.3424800000000001,1.32526,1.33509,132091,9,0
2026-03-04,1.3351199999999999,1.34029,1.3303,1.33687,109220,9,0
2026-03-05,1.33688,1.33869,1.32969,1.33552,112634,4,0
2026-03-06,1.33557,1.34122,1.33108,1.34114,115519,10,0
2026-03-08,1.33406,1.33459,1.32993,1.33046,9281,10,0
2026-03-09,1.33045,1.34478,1.32825,1.34236,140488,9,0
2026-03-10,1.34234,1.34829,1.34097,1.34191,102228,4,0
2026-03-11,1.34192,1.34572,1.33759,1.3382100000000001,87866,10,0
2026-03-12,1.33818,1.34093,1.33376,1.33511,81965,4,0
2026-03-13,1.33513,1.33691,1.32181,1.32215,78429,10,0
2026-03-15,1.32382,1.32478,1.32156,1.3246,6040,10,0
2026-03-16,1.32461,1.3339400000000001,1.323,1.3312,70063,4,0
2026-03-17,1.33121,1.3364099999999999,1.32731,1.33571,69394,10,0
2026-03-18,1.33574,1.33743,1.32507,1.3264,80044,4,0
2026-03-19,1.32642,1.34671,1.32454,1.3424,126770,7,0
2026-03-20,1.3424,1.34363,1.32984,1.33402,89541,10,0
2026-03-22,1.3312599999999999,1.33349,1.32931,1.33342,5292,10,0
2026-03-23,1.33343,1.3479,1.3256299999999999,1.3425500000000001,208736,7,0
2026-03-24,1.34256,1.34452,1.33518,1.34143,128515,10,0
2026-03-25,1.34145,1.34357,1.33576,1.33629,87829,7,0
2026-03-26,1.33629,1.33779,1.33097,1.33342,77728,4,0
2026-03-27,1.33339,1.33472,1.3259699999999999,1.32617,70017,10,0
2026-03-29,1.32583,1.32664,1.32335,1.32376,5158,10,0
2026-03-30,1.32378,1.32824,1.31687,1.3172,72838,10,0
2026-03-31,1.3172,1.32639,1.31588,1.32429,106135,4,0
2026-04-01,1.32428,1.33459,1.32193,1.33019,92786,4,0
2026-04-02,1.33019,1.33199,1.3181,1.3225799999999999,95412,10,0
2026-04-03,1.32253,1.32381,1.31843,1.31974,23615,10,0
2026-04-05,1.31868,1.3194,1.31764,1.31855,4537,10,0
2026-04-06,1.31859,1.32684,1.31849,1.32335,59756,4,0
2026-04-07,1.32334,1.34089,1.32111,1.3400699999999999,105656,7,0
2026-04-08,1.34009,1.3484099999999999,1.3378999999999999,1.33923,104165,10,0
2026-04-09,1.33925,1.34582,1.33802,1.34287,67183,9,0
2026-04-10,1.34287,1.34789,1.341,1.34613,53645,10,0
2026-04-12,1.33815,1.34061,1.33786,1.33937,5338,10,0
2026-04-13,1.3394,1.35156,1.3385799999999999,1.3515,60098,7,0
2026-04-14,1.35149,1.35893,1.35033,1.35742,54807,10,0
2026-04-15,1.35739,1.35788,1.35428,1.35723,58550,7,0
2026-04-16,1.35724,1.35946,1.35161,1.35254,58727,9,0
2026-04-17,1.35252,1.35992,1.35041,1.3518,70100,10,0
2026-04-19,1.34779,1.3491900000000001,1.3474599999999999,1.34822,4648,10,0
2026-04-20,1.34826,1.3544100000000001,1.34779,1.35303,64029,4,0
2026-04-21,1.35306,1.35396,1.34741,1.35084,72424,10,0
2026-04-22,1.35086,1.35352,1.34914,1.34995,56848,9,0
2026-04-23,1.34995,1.35181,1.34471,1.3465500000000001,74635,9,0
2026-04-24,1.34659,1.35376,1.34531,1.35301,59407,10,0
2026-04-26,1.34999,1.35203,1.34949,1.3513,2109,10,0
2026-04-27,1.35132,1.35755,1.3511600000000001,1.35373,52493,7,0
2026-04-28,1.35375,1.35411,1.34626,1.35236,58054,7,0
2026-04-29,1.3523800000000001,1.35277,1.34568,1.34877,63854,9,0
2026-04-30,1.34879,1.3612,1.34536,1.36018,88226,9,0
2026-05-01,1.36019,1.36575,1.3568500000000001,1.35767,59470,10,0
2026-05-03,1.35941,1.36026,1.35796,1.35807,2873,10,0
2026-05-04,1.35804,1.36012,1.3512,1.35308,70221,9,0
2026-05-05,1.35308,1.35794,1.35134,1.35674,57815,2,0
2026-05-06,1.35678,1.36429,1.3562699999999999,1.35907,74120,9,0
2026-05-07,1.3590499999999999,1.36322,1.35431,1.35551,66428,7,0
2026-05-08,1.35553,1.36365,1.35484,1.36322,54837,10,0
2026-05-10,1.35491,1.35968,1.35436,1.3593600000000001,3661,10,0
2026-05-11,1.35934,1.36528,1.3578700000000001,1.36036,55255,4,0
2026-05-12,1.36036,1.36046,1.34997,1.35346,70912,10,0
2026-05-13,1.35344,1.3551,1.3483800000000001,1.35264,59757,10,0
2026-05-14,1.35264,1.35324,1.33845,1.33904,58567,7,0
2026-05-15,1.33907,1.33928,1.3314599999999999,1.33239,69913,10,0
2026-05-17,1.33129,1.33255,1.33074,1.3309199999999999,3616,10,0
2026-05-18,1.33093,1.34489,1.33017,1.34308,76799,4,0
2026-05-19,1.34308,1.34341,1.33778,1.3395299999999999,67665,10,0
2026-05-20,1.33951,1.34631,1.33746,1.34335,76917,4,0
2026-05-21,1.34336,1.34545,1.3391899999999999,1.3431600000000001,73838,10,0
2026-05-22,1.3431600000000001,1.34627,1.34127,1.3431199999999999,53081,10,0
2026-05-24,1.3437700000000001,1.34879,1.34367,1.34806,2871,10,0
2026-05-25,1.34803,1.35087,1.34705,1.34955,33885,4,0
2026-05-26,1.34957,1.34968,1.3434,1.34544,49661,7,0
2026-05-27,1.34544,1.34584,1.34139,1.3415599999999999,54372,9,0
2026-05-28,1.3415300000000001,1.34508,1.3366799999999999,1.34436,60081,9,0
2026-05-29,1.34436,1.3485,1.3408,1.34547,56267,10,0
2026-05-31,1.34523,1.34595,1.3443399999999999,1.34503,5123,10,0
2026-06-01,1.34507,1.34757,1.34063,1.34593,55811,9,0
2026-06-02,1.34595,1.34812,1.3449900000000001,1.34525,46286,7,0
2026-06-03,1.34524,1.34717,1.34113,1.3426,51545,9,0
2026-06-04,1.3425799999999999,1.34622,1.34111,1.34223,49230,9,0
2026-06-05,1.3422,1.34828,1.33297,1.33398,61093,10,0
2026-06-07,1.33281,1.33359,1.33148,1.33347,3444,10,0
2026-06-08,1.33349,1.33692,1.33052,1.33334,68037,4,0
2026-06-09,1.33332,1.34108,1.33304,1.33712,64088,2,0
2026-06-10,1.33716,1.34232,1.33494,1.3361100000000001,70629,7,0
2026-06-11,1.3361399999999999,1.3433,1.3324099999999999,1.3413599999999999,75230,7,0
2026-06-12,1.34139,1.34252,1.3383,1.34046,67417,10,0
2026-06-14,1.34062,1.3454,1.3396,1.3449,5127,10,0
2026-06-15,1.34488,1.34605,1.34039,1.34152,50670,4,0
2026-06-16,1.34152,1.34428,1.33898,1.3425,47692,10,0
2026-06-17,1.3425099999999999,1.34376,1.32618,1.33002,71287,10,0
2026-06-18,1.33004,1.33246,1.31924,1.32012,69261,4,0
2026-06-19,1.3201399999999999,1.32404,1.31627,1.32334,57379,10,0
2026-06-21,1.31897,1.32111,1.31856,1.3207200000000001,3147,10,0
2026-06-22,1.3207499999999999,1.32727,1.3183099999999999,1.32461,65980,10,0
2026-06-23,1.32464,1.32496,1.31815,1.3199100000000001,56850,4,0
2026-06-24,1.31988,1.32086,1.31397,1.31636,64204,2,0
2026-06-25,1.31638,1.32188,1.31505,1.31866,61016,7,0
2026-06-26,1.31871,1.3231600000000001,1.3179699999999999,1.31968,58030,10,0
2026-06-28,1.3198699999999999,1.3204500000000001,1.31877,1.31963,2222,10,0
2026-06-29,1.31961,1.32621,1.31932,1.3253,49217,10,0
2026-06-30,1.32527,1.32764,1.32116,1.32497,55030,4,0
2026-07-01,1.32497,1.32917,1.32185,1.32782,58618,9,0
2026-07-02,1.32782,1.33843,1.32739,1.33379,75888,7,0
2026-07-03,1.33381,1.33807,1.33341,1.33496,42733,10,0
2026-07-05,1.33419,1.33542,1.3338700000000001,1.33518,2271,10,0
2026-07-06,1.3351600000000001,1.3401,1.33281,1.3394,48768,4,0
2026-07-07,1.33939,1.3401399999999999,1.33446,1.33462,51617,9,0
2026-07-08,1.33464,1.341,1.33218,1.33933,71274,4,0
2026-07-09,1.33935,1.34305,1.33801,1.3413,50639,9,0
2026-07-10,1.3413,1.34514,1.33915,1.33998,55346,10,0
2026-07-12,1.3385099999999999,1.33872,1.33687,1.33861,3335,10,0
2026-07-13,1.33862,1.34113,1.334,1.3349199999999999,66189,9,0
2026-07-14,1.33493,1.3443100000000001,1.3342,1.33961,72212,9,0
2026-07-15,1.33962,1.35578,1.33803,1.35382,61701,9,0
2026-07-16,1.35382,1.35438,1.34592,1.3477700000000001,57304,9,0
2026-07-17,1.3477700000000001,1.3480400000000001,1.34259,1.34523,53566,10,0
2026-07-19,1.34461,1.345,1.34299,1.34448,3863,10,0
2026-07-20,1.34449,1.3480699999999999,1.34115,1.34307,50867,7,0
2026-07-21,1.34308,1.34552,1.33593,1.33784,51780,7,0
2026-07-22,1.33783,1.33952,1.33542,1.33741,50477,9,0
2026-07-23,1.33745,1.33931,1.32983,1.33118,57833,9,0
2026-07-24,1.33114,1.33484,1.33051,1.3323800000000001,48087,10,0
2026-07-26,1.33305,1.33561,1.33219,1.33501,3053,10,0
2026-07-27,1.33504,1.33631,1.32824,1.32895,51377,2,0
2026-07-28,1.32891,1.33109,1.32729,1.32864,45172,7,0
2026-07-29,1.32864,1.33868,1.3277999999999999,1.33661,63665,10,0
2026-07-30,1.33663,1.34766,1.33324,1.346,77963,10,0
2026-07-31,1.34601,1.34948,1.33995,1.34802,73627,10,0
2026-08-02,1.3492,1.35059,1.34771,1.34906,4617,10,0
2026-08-03,1.34909,1.35025,1.3417,1.34266,57515,10,0
2026-08-04,1.34266,1.34557,1.3418999999999999,1.345,51091,9,0
2026-08-05,1.34503,1.34856,1.3443399999999999,1.34687,50181,9,0
2026-08-06,1.3469,1.34791,1.34399,1.34542,46443,7,0
2026-08-07,1.34542,1.35087,1.34337,1.34925,50144,10,0
2026-08-09,1.34936,1.34949,1.34767,1.34883,2850,10,0
2026-08-10,1.34882,1.3529900000000001,1.34828,1.3510499999999999,43815,10,0
2026-08-11,1.35108,1.35153,1.34915,1.35089,42756,4,0
2026-08-12,1.35089,1.35458,1.34873,1.34968,47773,10,0
2026-08-13,1.3497,1.35129,1.3473899999999999,1.34896,44939,10,0
2026-08-14,1.3489499999999999,1.35614,1.34882,1.35333,45016,10,0
2026-08-16,1.3535300000000001,1.35469,1.35243,1.35456,2085,10,0
2026-08-17,1.35456,1.3571,1.35354,1.35498,45056,9,0
2026-08-18,1.3550200000000001,1.35538,1.3519,1.35358,44378,7,0
2026-08-19,1.35361,1.36299,1.3523,1.3599700000000001,62660,9,0
2026-08-20,1.35996,1.3659,1.35941,1.36425,60901,4,0
2026-08-21,1.36422,1.36753,1.3618000000000001,1.3644,53500,10,0
2026-08-23,1.36266,1.36538,1.36215,1.36533,2437,10,0
2026-08-24,1.36533,1.36557,1.3641,1.36446,8646,10,0
