time,open,high,low,close,tick_volume,spread,real_volume
2020-01-02,0.67326,0.67363,0.66837,0.66976,16599,20,0
2020-01-03,0.66975,0.66979,0.66433,0.66626,18671,20,0
2020-01-05,0.66531,0.66565,0.66496,0.66528,1081,20,0
2020-01-06,0.6653,0.66792,0.66436,0.66674,16123,20,0
2020-01-07,0.66675,0.66783,0.66243,0.66289,16968,20,0
2020-01-08,0.66293,0.66713,0.66167,0.66521,21148,20,0
2020-01-09,0.66525,0.66573,0.65992,0.66057,15382,20,0
2020-01-10,0.66059,0.66441,0.66009,0.66335,15036,20,0
2020-01-12,0.66355,0.66382,0.66324,0.66359,864,20,0
2020-01-13,0.66359,0.6652,0.66196,0.66237,15476,20,0
2020-01-14,0.66237,0.6633,0.66025,0.66057,15760,20,0
2020-01-15,0.66057,0.66197,0.65832,0.66172,14372,20,0
2020-01-16,0.66177,0.66643,0.66175,0.66362,15974,20,0
2020-01-17,0.66362,0.66494,0.66063,0.66097,13102,20,0
2020-01-19,0.66114,0.66184,0.66073,0.66174,939,20,0
2020-01-20,0.66174,0.66234,0.65913,0.66056,11378,20,0
2020-01-21,0.66057,0.66139,0.6587,0.6594,15489,20,0
2020-01-22,0.65941,0.66096,0.65808,0.65939,13698,20,0
2020-01-23,0.65938,0.66212,0.65802,0.6613,16523,20,0
2020-01-24,0.66151,0.66283,0.65983,0.66059,12987,20,0
2020-01-26,0.6582,0.65948,0.65692,0.65717,1435,20,0
2020-01-27,0.65719,0.65891,0.65401,0.65438,12091,20,0
2020-01-28,0.65438,0.65493,0.65202,0.65384,12205,20,0
2020-01-29,0.65384,0.65421,0.65055,0.65255,12623,20,0
2020-01-30,0.6526,0.65277,0.64794,0.64824,13833,20,0
2020-01-31,0.64825,0.64939,0.64531,0.6463,13037,20,0
2020-02-02,0.64669,0.64672,0.64548,0.64571,1204,20,0
2020-02-03,0.6457,0.6476,0.6452,0.64591,14207,20,0
2020-02-04,0.6459,0.64986,0.64487,0.64909,15017,20,0
2020-02-05,0.64911,0.65019,0.64683,0.64799,14655,20,0
2020-02-06,0.648,0.64831,0.64533,0.64586,12763,20,0
2020-02-07,0.64587,0.6459,0.63972,0.64012,12970,20,0
2020-02-09,0.6401,0.64063,0.63957,0.63969,1231,20,0
2020-02-10,0.6397,0.64164,0.63799,0.63865,13519,20,0
2020-02-11,0.63867,0.64199,0.63775,0.64046,13142,20,0
2020-02-12,0.64046,0.64866,0.64026,0.64448,15470,20,0
2020-02-13,0.64449,0.64655,0.6431,0.64405,14404,20,0
2020-02-14,0.64404,0.64432,0.64223,0.64322,10145,20,0
2020-02-16,0.6444,0.64459,0.64374,0.64448,677,20,0
2020-02-17,0.64447,0.64447,0.64196,0.64367,10970,20,0
2020-02-18,0.64366,0.64366,0.63806,0.63926,12625,20,0
2020-02-19,0.63927,0.64098,0.63702,0.63875,11687,20,0
2020-02-20,0.63877,0.63941,0.63241,0.63316,15895,20,0
2020-02-21,0.63315,0.6356,0.63028,0.63503,14106,20,0
2020-02-23,0.63139,0.63246,0.63137,0.63204,1537,20,0
2020-02-24,0.63206,0.63553,0.63028,0.63414,17596,20,0
2020-02-25,0.63413,0.63574,0.63103,0.63193,17156,20,0
2020-02-26,0.63197,0.63203,0.62825,0.62852,18440,20,0
2020-02-27,0.62859,0.63334,0.62834,0.63092,21770,20,0
2020-02-28,0.63094,0.63132,0.6191,0.62469,26156,20,0
2020-03-01,0.62012,0.62294,0.62012,0.62263,1479,20,0
2020-03-02,0.62264,0.62778,0.62032,0.62633,25901,20,0
2020-03-03,0.62644,0.63242,0.62459,0.62691,27296,20,0
2020-03-04,0.62691,0.63042,0.62691,0.62987,17799,20,0
2020-03-05,0.6299,0.63352,0.62797,0.63108,16103,20,0
2020-03-06,0.63113,0.63715,0.62935,0.63548,22130,20,0
2020-03-08,0.63134,0.63362,0.63083,0.6326,3524,20,0
2020-03-09,0.63258,0.64471,0.6,0.63365,46927,20,0
2020-03-10,0.63363,0.63423,0.62424,0.62629,32399,20,0
2020-03-11,0.6263,0.63413,0.62557,0.62627,25935,20,0
2020-03-12,0.62629,0.62751,0.60845,0.61137,40994,20,0
2020-03-13,0.6114,0.61595,0.60172,0.60574,34734,20,0
2020-03-15,0.60186,0.61393,0.59957,0.60518,5182,20,0
2020-03-16,0.60513,0.61303,0.59838,0.60415,41651,20,0
2020-03-17,0.60414,0.60948,0.5915,0.59463,38059,20,0
2020-03-18,0.5946,0.59668,0.56843,0.57134,47809,20,0
2020-03-19,0.57135,0.59156,0.54688,0.56833,67160,20,0
2020-03-20,0.56834,0.58806,0.56473,0.57069,47016,20,0
2020-03-22,0.5666,0.56759,0.55847,0.56249,6087,20,0
2020-03-23,0.56251,0.57509,0.55947,0.57394,55141,20,0
2020-03-24,0.57394,0.5844,0.57345,0.5823,43439,20,0
2020-03-25,0.58229,0.59112,0.57869,0.58046,43171,20,0
2020-03-26,0.58046,0.59874,0.57768,0.59746,44224,20,0
2020-03-27,0.59745,0.60686,0.59093,0.60253,43042,20,0
2020-03-29,0.6029,0.60586,0.59886,0.60486,3052,20,0
2020-03-30,0.60488,0.60625,0.59831,0.6009,39453,20,0
2020-03-31,0.6009,0.60377,0.59088,0.59489,47268,20,0
2020-04-01,0.59489,0.59766,0.58786,0.59341,33931,20,0
2020-04-02,0.59341,0.59725,0.58799,0.59143,31774,20,0
2020-04-03,0.59141,0.59163,0.58427,0.58581,27233,20,0
2020-04-05,0.58711,0.58739,0.58505,0.58519,2360,20,0
2020-04-06,0.58519,0.59625,0.58499,0.59462,27507,20,0
2020-04-07,0.59462,0.60146,0.59343,0.59608,30561,20,0
2020-04-08,0.59608,0.60299,0.59354,0.60139,27864,20,0
2020-04-09,0.60139,0.6095,0.5985,0.60691,27927,20,0
2020-04-10,0.60692,0.61001,0.6055,0.60717,12756,61,0
2020-04-12,0.60782,0.60881,0.60608,0.60744,1478,20,0
2020-04-13,0.60747,0.61101,0.60587,0.60997,18347,20,0
2020-04-14,0.60997,0.61295,0.60646,0.60998,22053,20,0
2020-04-15,0.60998,0.61007,0.59544,0.59946,25688,20,0
2020-04-16,0.59946,0.6022,0.59211,0.59986,40394,20,0
2020-04-17,0.59986,0.60502,0.59666,0.60303,32597,20,0
2020-04-19,0.60365,0.60435,0.60126,0.60129,1601,20,0
2020-04-20,0.60129,0.60911,0.60082,0.60412,30073,20,0
2020-04-21,0.60414,0.60439,0.5933,0.59616,37312,20,0
2020-04-22,0.59615,0.60031,0.59197,0.59216,28048,20,0
2020-04-23,0.59217,0.60408,0.59099,0.6004,31563,20,0
2020-04-24,0.6004,0.60194,0.59751,0.60151,20850,20,0
2020-04-26,0.6006,0.60233,0.60025,0.60206,1194,20,0
2020-04-27,0.60206,0.60746,0.60154,0.60233,21268,20,0
2020-04-28,0.60232,0.60811,0.59913,0.60753,23649,20,0
2020-04-29,0.60754,0.61425,0.60741,0.61389,22704,20,0
2020-04-30,0.61389,0.61751,0.60955,0.61183,30224,20,0
2020-05-01,0.61185,0.61229,0.60458,0.60559,21087,20,0
2020-05-03,0.60525,0.60525,0.60129,0.60145,2052,20,0
2020-05-04,0.60144,0.60586,0.60078,0.60488,23762,20,0
2020-05-05,0.60487,0.60761,0.60324,0.60517,23119,20,0
2020-05-06,0.60517,0.6072,0.59928,0.60065,24354,20,0
2020-05-07,0.60067,0.60988,0.60067,0.60932,27502,20,0
2020-05-08,0.60932,0.6147,0.60891,0.6127,20238,20,0
2020-05-10,0.61361,0.61416,0.61197,0.61401,1850,20,0
2020-05-11,0.61401,0.61551,0.60532,0.6076,24838,20,0
2020-05-12,0.6076,0.61225,0.60404,0.60646,27270,20,0
2020-05-13,0.60646,0.60928,0.59792,0.59952,38864,20,0
2020-05-14,0.59952,0.60153,0.59562,0.60111,31928,20,0
2020-05-15,0.60112,0.60133,0.59202,0.59305,27200,20,0
2020-05-17,0.59346,0.59428,0.59207,0.59345,1839,20,0
2020-05-18,0.59345,0.60471,0.59285,0.60387,24269,20,0
2020-05-19,0.60385,0.61185,0.60334,0.60847,26663,20,0
2020-05-20,0.60847,0.6157,0.60834,0.61459,26726,20,0
2020-05-21,0.61459,0.61489,0.6105,0.61214,29378,20,0
2020-05-22,0.61214,0.61256,0.60802,0.60914,25178,20,0
2020-05-24,0.60912,0.61055,0.60854,0.61024,1357,20,0
2020-05-25,0.61026,0.61076,0.60829,0.61068,16180,20,0
2020-05-26,0.61069,0.62276,0.60986,0.61958,26568,20,0
2020-05-27,0.6196,0.62316,0.61487,0.61861,36802,20,0
2020-05-28,0.61862,0.62275,0.6169,0.61962,34591,20,0
2020-05-29,0.61962,0.6239,0.61674,0.62033,41038,20,0
2020-05-31,0.61868,0.61997,0.61821,0.61965,2034,20,0
2020-06-01,0.61965,0.62991,0.61956,0.62802,32461,20,0
2020-06-02,0.62803,0.63887,0.62622,0.63817,34412,20,0
2020-06-03,0.63819,0.64427,0.63653,0.64265,44247,20,0
2020-06-04,0.64264,0.64771,0.64029,0.64612,38775,20,0
2020-06-05,0.64611,0.65272,0.64583,0.65053,40084,20,0
2020-06-07,0.65014,0.65356,0.64996,0.65322,1632,20,0
2020-06-08,0.65324,0.65679,0.65074,0.65657,30888,20,0
2020-06-09,0.65657,0.65794,0.64681,0.64964,38239,20,0
2020-06-10,0.64964,0.65838,0.64942,0.65095,45476,20,0
2020-06-11,0.65097,0.65378,0.64024,0.64115,54214,20,0
2020-06-12,0.64117,0.64763,0.63932,0.64433,54105,20,0
2020-06-14,0.6439,0.64457,0.64094,0.64167,3601,20,0
2020-06-15,0.64169,0.64998,0.63802,0.64995,52503,20,0
2020-06-16,0.64995,0.65056,0.64115,0.64575,50361,20,0
2020-06-17,0.64575,0.64753,0.64288,0.64443,39506,20,0
2020-06-18,0.64442,0.64655,0.64163,0.64268,41012,20,0
2020-06-19,0.6427,0.64568,0.63999,0.64058,34011,20,0
2020-06-21,0.63827,0.6403,0.638,0.63978,2099,20,0
2020-06-22,0.63978,0.64963,0.63939,0.64921,29437,20,0
2020-06-23,0.64923,0.65323,0.64356,0.64999,37649,20,0
2020-06-24,0.64998,0.65132,0.63999,0.64012,39477,20,0
2020-06-25,0.64013,0.64417,0.63982,0.64295,33170,20,0
2020-06-26,0.64296,0.64497,0.64015,0.64205,24991,20,0
2020-06-28,0.64068,0.64215,0.64036,0.64166,1611,20,0
2020-06-29,0.64166,0.64422,0.64033,0.64267,26898,20,0
2020-06-30,0.64267,0.64605,0.63844,0.64491,26830,20,0
2020-07-01,0.6449,0.64886,0.64393,0.64776,26407,20,0
2020-07-02,0.64776,0.65359,0.64742,0.65074,26429,20,0
2020-07-03,0.65074,0.65436,0.65012,0.65264,17869,20,0
2020-07-05,0.65203,0.65385,0.65146,0.65365,958,20,0
2020-07-06,0.65365,0.65652,0.65313,0.65569,23710,20,0
2020-07-07,0.65571,0.65795,0.65185,0.65476,26224,20,0
2020-07-08,0.65476,0.65788,0.6529,0.65721,28177,20,0
2020-07-09,0.65722,0.65997,0.65504,0.65676,30087,20,0
2020-07-10,0.65676,0.65876,0.65455,0.6571,25321,20,0
2020-07-12,0.65663,0.6579,0.65654,0.65715,1323,20,0
2020-07-13,0.65715,0.65925,0.65342,0.65344,25223,20,0
2020-07-14,0.65344,0.65439,0.6502,0.65425,31492,20,0
2020-07-15,0.65427,0.6583,0.65398,0.65722,25833,20,0
2020-07-16,0.65722,0.65722,0.6527,0.65388,25756,20,0
2020-07-17,0.6539,0.65648,0.65317,0.6554,16414,20,0
2020-07-19,0.65521,0.65626,0.65387,0.65604,1136,20,0
2020-07-20,0.65604,0.65813,0.65379,0.65791,18094,20,0
2020-07-21,0.6579,0.66488,0.65583,0.66463,24444,20,0
2020-07-22,0.66465,0.66883,0.66317,0.66547,29724,20,0
2020-07-23,0.66547,0.66889,0.66247,0.66329,30517,20,0
2020-07-24,0.66329,0.66532,0.66138,0.66403,27825,20,0
2020-07-26,0.66278,0.66487,0.66223,0.66422,1954,20,0
2020-07-27,0.66424,0.66922,0.66423,0.66866,25023,20,0
2020-07-28,0.66867,0.67016,0.66324,0.66581,28871,20,0
2020-07-29,0.66581,0.66786,0.66403,0.66532,26764,20,0
2020-07-30,0.66531,0.67007,0.66193,0.66943,29080,20,0
2020-07-31,0.66943,0.67146,0.66224,0.66277,34344,20,0
2020-08-02,0.6627,0.66383,0.66179,0.66334,2122,20,0
2020-08-03,0.66334,0.66417,0.65743,0.66127,24493,20,0
2020-08-04,0.66127,0.66458,0.65886,0.66436,23278,20,0
2020-08-05,0.66436,0.66725,0.66294,0.66453,23793,20,0
2020-08-06,0.66453,0.66885,0.66276,0.66818,27641,20,0
2020-08-07,0.6682,0.66895,0.65878,0.6598,26034,20,0
2020-08-09,0.66038,0.66049,0.65889,0.65979,1597,20,0
2020-08-10,0.65979,0.66109,0.65769,0.65913,18699,20,0
2020-08-11,0.65911,0.66259,0.65633,0.65676,26843,20,0
2020-08-12,0.65676,0.65988,0.65158,0.65759,28813,20,0
2020-08-13,0.65759,0.65976,0.65358,0.65443,24344,20,0
2020-08-14,0.65445,0.65582,0.65247,0.65406,18143,20,0
2020-08-16,0.65416,0.65483,0.65354,0.65423,1533,20,0
2020-08-17,0.65423,0.65727,0.65186,0.65514,18760,20,0
2020-08-18,0.65513,0.66099,0.65333,0.66081,23102,20,0
2020-08-19,0.66081,0.66503,0.6551,0.65602,28588,20,0
2020-08-20,0.65604,0.65702,0.6488,0.65394,27436,20,0
2020-08-21,0.65392,0.65485,0.6516,0.6539,24811,20,0
2020-08-23,0.65286,0.65428,0.65266,0.65357,1432,20,0
2020-08-24,0.65357,0.65639,0.65193,0.65257,20881,20,0
2020-08-25,0.65258,0.65573,0.65143,0.65502,21281,20,0
2020-08-26,0.65503,0.66327,0.65428,0.66304,23446,20,0
2020-08-27,0.66304,0.66741,0.65995,0.66433,31937,20,0
2020-08-28,0.66433,0.67428,0.66365,0.67406,25213,20,0
2020-08-30,0.67268,0.67439,0.67202,0.67425,1469,20,0
2020-08-31,0.67427,0.67625,0.67183,0.67315,24550,20,0
2020-09-01,0.67318,0.67781,0.67292,0.67668,31484,20,0
2020-09-02,0.67668,0.67879,0.67409,0.67638,28105,20,0
2020-09-03,0.67638,0.67719,0.6687,0.66883,29295,20,0
2020-09-04,0.66883,0.6734,0.66667,0.67193,30211,20,0
2020-09-06,0.67145,0.67181,0.6703,0.67105,1587,20,0
2020-09-07,0.67103,0.67157,0.66874,0.66897,16836,20,0
2020-09-08,0.66897,0.67058,0.6598,0.66104,26489,20,0
2020-09-09,0.66103,0.66864,0.66102,0.66783,24583,20,0
2020-09-10,0.66783,0.67078,0.66382,0.66452,24169,20,0
2020-09-11,0.66454,0.66942,0.66403,0.66649,19042,20,0
2020-09-13,0.66574,0.6686,0.66571,0.66858,1373,20,0
2020-09-14,0.66857,0.6717,0.66758,0.66966,16869,20,0
2020-09-15,0.66966,0.67356,0.66829,0.6708,18218,20,0
2020-09-16,0.67081,0.67582,0.67016,0.67222,24437,20,0
2020-09-17,0.67222,0.67677,0.66743,0.67624,25940,20,0
2020-09-18,0.67623,0.67968,0.6755,0.67576,21654,20,0
2020-09-20,0.67616,0.67625,0.67503,0.67572,1466,20,0
2020-09-21,0.67571,0.67769,0.66508,0.66635,25263,20,0
2020-09-22,0.66635,0.66865,0.66216,0.66296,24698,20,0
2020-09-23,0.66294,0.6644,0.65347,0.65416,25181,20,0
2020-09-24,0.65414,0.65609,0.65106,0.65471,24917,20,0
2020-09-25,0.65471,0.65912,0.65271,0.65447,21529,20,0
2020-09-27,0.6543,0.65529,0.65389,0.65492,1255,20,0
2020-09-28,0.65493,0.65679,0.65387,0.65651,20485,20,0
2020-09-29,0.65651,0.66019,0.65516,0.66002,18378,20,0
2020-09-30,0.66002,0.66268,0.65687,0.66205,24302,20,0
2020-10-01,0.66208,0.66564,0.66131,0.665,21230,20,0
2020-10-02,0.66499,0.6654,0.66127,0.66353,25148,20,0
2020-10-04,0.6634,0.66394,0.66297,0.66375,1098,20,0
2020-10-05,0.66378,0.66534,0.66286,0.66523,15792,20,0
2020-10-06,0.66523,0.66573,0.65734,0.65888,22109,20,0
2020-10-07,0.65889,0.65997,0.65702,0.65717,16548,20,0
2020-10-08,0.65716,0.65957,0.65459,0.65877,16376,20,0
2020-10-09,0.65876,0.66722,0.65874,0.66601,13176,20,0
2020-10-11,0.66523,0.66667,0.66495,0.66629,1189,20,0
2020-10-12,0.66628,0.66693,0.66374,0.66472,12641,20,0
2020-10-13,0.66472,0.66699,0.66277,0.66535,16803,20,0
2020-10-14,0.66535,0.66813,0.66436,0.66553,17740,20,0
2020-10-15,0.66553,0.66617,0.65754,0.6597,18640,20,0
2020-10-16,0.65969,0.66183,0.6586,0.66024,15193,20,0
2020-10-18,0.6606,0.66173,0.65966,0.66161,1091,20,0
2020-10-19,0.66162,0.66453,0.65854,0.65913,13885,20,0
2020-10-20,0.65913,0.65948,0.65521,0.65791,15420,20,0
2020-10-21,0.65791,0.66767,0.6577,0.66427,18503,20,0
2020-10-22,0.66428,0.66875,0.66314,0.66714,17482,20,0
2020-10-23,0.66713,0.67041,0.66554,0.66854,14967,20,0
2020-10-25,0.66792,0.66869,0.66726,0.66824,1330,20,0
2020-10-26,0.6682,0.66965,0.6669,0.66746,17983,20,0
2020-10-27,0.66746,0.6723,0.66744,0.6699,15070,20,0
2020-10-28,0.6699,0.67188,0.66278,0.66476,21506,20,0
2020-10-29,0.66479,0.66589,0.65961,0.66277,21736,20,0
2020-10-30,0.66277,0.66701,0.65971,0.66125,23087,20,0
2020-11-01,0.66041,0.66076,0.65892,0.65945,948,49,0
2020-11-02,0.65966,0.6634,0.65884,0.66285,20427,20,0
2020-11-03,0.66306,0.67286,0.66206,0.67246,21727,20,0
2020-11-04,0.67271,0.67434,0.66134,0.66962,55477,20,0
2020-11-05,0.66983,0.6777,0.66781,0.67605,30818,20,0
2020-11-06,0.67629,0.68014,0.67595,0.67706,26848,20,0
2020-11-08,0.67824,0.6797,0.67785,0.67934,1069,62,0
2020-11-09,0.67955,0.68541,0.67886,0.68213,35964,20,0
2020-11-10,0.68234,0.6839,0.68027,0.68242,28588,20,0
2020-11-11,0.68263,0.6903,0.68083,0.68985,24152,20,0
2020-11-12,0.69005,0.69135,0.68261,0.6835,19704,20,0
2020-11-13,0.6837,0.68479,0.68098,0.68456,14891,20,0
2020-11-15,0.68416,0.68721,0.68405,0.68671,861,49,0
2020-11-16,0.68691,0.69066,0.68615,0.69039,17484,20,0
2020-11-17,0.69059,0.69179,0.68746,0.6888,17206,20,0
2020-11-18,0.68901,0.69444,0.68748,0.69156,18083,20,0
2020-11-19,0.69176,0.69276,0.6878,0.6902,21084,20,0
2020-11-20,0.6904,0.69498,0.6904,0.69279,19123,20,0
2020-11-22,0.69254,0.69431,0.69245,0.69419,954,61,0
2020-11-23,0.69439,0.69669,0.68961,0.69265,17804,20,0
2020-11-24,0.69285,0.7004,0.69233,0.69753,21876,20,0
2020-11-25,0.69773,0.7014,0.69595,0.70002,18466,20,0
2020-11-26,0.70022,0.70132,0.69922,0.69997,12606,20,0
2020-11-27,0.70018,0.70385,0.7001,0.70196,13988,20,0
2020-11-29,0.70205,0.70369,0.70181,0.70291,673,119,0
2020-11-30,0.70326,0.70501,0.7006,0.70159,19044,20,0
2020-12-01,0.7018,0.707,0.7018,0.70662,17875,20,0
2020-12-02,0.70683,0.70832,0.7031,0.70677,18905,20,0
2020-12-03,0.70698,0.71034,0.70501,0.70676,17855,20,0
2020-12-04,0.70696,0.70783,0.70269,0.70388,19311,20,0
2020-12-06,0.7041,0.70458,0.70361,0.70372,818,61,0
2020-12-07,0.70393,0.70632,0.70047,0.70353,18263,20,0
2020-12-08,0.70373,0.70528,0.70224,0.70368,18510,20,0
2020-12-09,0.70388,0.70936,0.70091,0.70127,18690,20,0
2020-12-10,0.70147,0.70985,0.70132,0.70895,21688,20,0
2020-12-11,0.70915,0.71118,0.70733,0.70849,18916,20,0
2020-12-13,0.70957,0.7099,0.70854,0.70946,796,64,0
2020-12-14,0.70969,0.71192,0.70752,0.7081,15597,20,0
2020-12-15,0.70831,0.70973,0.70584,0.70838,16225,20,0
2020-12-16,0.70858,0.71197,0.70532,0.71054,19007,20,0
2020-12-17,0.71074,0.71703,0.71013,0.71433,15991,20,0
2020-12-18,0.71454,0.71515,0.71094,0.71382,15688,20,0
2020-12-20,0.71084,0.71184,0.7098,0.71003,796,70,0
2020-12-21,0.71028,0.71129,0.70018,0.70928,28694,20,0
2020-12-22,0.7095,0.70987,0.70304,0.70528,21859,20,0
2020-12-23,0.70541,0.71035,0.70292,0.70967,20622,20,0
2020-12-24,0.70989,0.71169,0.70802,0.70919,14042,20,0
2020-12-27,0.71076,0.71144,0.70986,0.71127,774,66,0
2020-12-28,0.71151,0.71383,0.70827,0.71036,16375,20,0
2020-12-29,0.71058,0.71637,0.71048,0.71462,16586,20,0
2020-12-30,0.71484,0.72123,0.71452,0.7211,17760,20,0
2020-12-31,0.72133,0.72401,0.71814,0.7182,17898,20,0
2021-01-03,0.71854,0.71949,0.71803,0.71931,810,63,0
2021-01-04,0.7195,0.72297,0.71522,0.7175,27678,20,0
2021-01-05,0.71772,0.72585,0.71718,0.7251,28479,20,0
2021-01-06,0.72531,0.73145,0.72349,0.73013,38774,20,0
2021-01-07,0.73035,0.73038,0.72242,0.72624,30508,20,0
2021-01-08,0.72646,0.72803,0.72035,0.72358,33974,20,0
2021-01-10,0.72287,0.72293,0.71917,0.71973,1183,63,0
2021-01-11,0.71996,0.72079,0.71456,0.71704,28723,20,0
2021-01-12,0.71724,0.72312,0.71563,0.72253,25325,20,0
2021-01-13,0.72275,0.72386,0.71653,0.71869,25566,20,0
2021-01-14,0.7189,0.72393,0.71703,0.72137,24764,20,0
2021-01-15,0.72158,0.72286,0.71177,0.71286,25772,20,0
2021-01-17,0.71343,0.71357,0.71141,0.71141,932,66,0
2021-01-18,0.71166,0.71346,0.70954,0.71123,19994,20,0
2021-01-19,0.71144,0.71398,0.71016,0.71267,22766,20,0
2021-01-20,0.71284,0.7192,0.71152,0.71814,22737,20,0
2021-01-21,0.71836,0.72222,0.71747,0.72108,24639,20,0
2021-01-22,0.72129,0.72242,0.71659,0.71787,22348,20,0
2021-01-24,0.71686,0.71826,0.7167,0.71768,790,61,0
2021-01-25,0.71789,0.72158,0.717,0.71963,26145,20,0
2021-01-26,0.71984,0.72467,0.71665,0.72351,21390,20,0
2021-01-27,0.72373,0.72441,0.71337,0.71383,32409,20,0
2021-01-28,0.71404,0.71947,0.71046,0.71705,32280,20,0
2021-01-29,0.71725,0.72247,0.715,0.71799,36243,20,0
2021-01-31,0.71609,0.71667,0.7146,0.71607,1591,70,0
2021-02-01,0.71632,0.7202,0.71519,0.71613,30169,20,0
2021-02-02,0.71633,0.72037,0.7134,0.71899,26258,20,0
2021-02-03,0.7192,0.72244,0.71829,0.72186,24019,20,0
2021-02-04,0.72207,0.72242,0.71429,0.71554,22014,20,0
2021-02-05,0.71575,0.72057,0.71352,0.72002,21356,20,0
2021-02-07,0.71856,0.72091,0.71852,0.72071,936,68,0
2021-02-08,0.72096,0.72314,0.71773,0.72236,19426,20,0
2021-02-09,0.72257,0.72534,0.72148,0.7238,23074,20,0
2021-02-10,0.72401,0.72443,0.71988,0.72147,23860,20,0
2021-02-11,0.72168,0.725,0.72035,0.72276,17405,20,0
2021-02-12,0.72297,0.72317,0.71747,0.72168,15334,20,0
2021-02-14,0.72053,0.72187,0.72043,0.72143,907,66,0
2021-02-15,0.72166,0.72483,0.72147,0.72292,12127,20,0
2021-02-16,0.72315,0.72673,0.71795,0.71849,23047,20,0
2021-02-17,0.7187,0.72127,0.71568,0.719,25330,20,0
2021-02-18,0.71918,0.72238,0.71754,0.7215,25723,20,0
2021-02-19,0.72171,0.73137,0.72026,0.72926,24399,20,0
2021-02-21,0.72863,0.73129,0.72862,0.73055,977,66,0
2021-02-22,0.7307,0.73422,0.72801,0.73239,26938,20,0
2021-02-23,0.73264,0.73458,0.73061,0.73347,27887,20,0
2021-02-24,0.73368,0.74537,0.73132,0.74382,33967,20,0
2021-02-25,0.74404,0.74636,0.73584,0.73584,41132,20,0
2021-02-26,0.73607,0.73734,0.72218,0.72299,46029,20,0
2021-02-28,0.72313,0.7273,0.72298,0.72669,1343,64,0
2021-03-01,0.72692,0.72916,0.72244,0.72709,31130,20,0
2021-03-02,0.72729,0.73061,0.72085,0.72888,32701,20,0
2021-03-03,0.72912,0.73035,0.72233,0.72242,30165,20,0
2021-03-04,0.72262,0.72717,0.7169,0.71738,40037,20,0
2021-03-05,0.71759,0.71839,0.70984,0.71614,41858,20,0
2021-03-07,0.71641,0.71881,0.716,0.71739,1425,65,0
2021-03-08,0.71763,0.71872,0.71038,0.71287,32981,20,0
2021-03-09,0.71309,0.71808,0.71022,0.71756,31818,20,0
2021-03-10,0.71777,0.71985,0.71304,0.719,29105,20,0
2021-03-11,0.7192,0.72398,0.71844,0.72222,25758,20,0
2021-03-12,0.72243,0.72316,0.71498,0.7175,27186,20,0
2021-03-14,0.71724,0.71874,0.71645,0.71856,1558,20,0
2021-03-15,0.71856,0.72154,0.71669,0.72007,22711,20,0
2021-03-16,0.72007,0.72045,0.71667,0.71919,21285,20,0
2021-03-17,0.71919,0.72633,0.71526,0.72512,25390,20,0
2021-03-18,0.72512,0.72685,0.71566,0.71655,31946,20,0
2021-03-19,0.71654,0.71869,0.71417,0.71642,26748,20,0
2021-03-21,0.71375,0.71558,0.71355,0.71508,1040,20,0
2021-03-22,0.71507,0.71818,0.71224,0.71306,20089,20,0
2021-03-23,0.71306,0.71327,0.69854,0.69913,22841,20,0
2021-03-24,0.69913,0.70001,0.69542,0.69676,18498,20,0
2021-03-25,0.69676,0.69852,0.69424,0.69642,20894,20,0
2021-03-26,0.69642,0.7001,0.69605,0.69979,15794,20,0
2021-03-28,0.69915,0.69943,0.69874,0.6992,798,20,0
2021-03-29,0.69922,0.7017,0.69708,0.70077,18271,20,0
2021-03-30,0.70077,0.70326,0.69719,0.69907,18925,20,0
2021-03-31,0.69906,0.70247,0.69626,0.69816,16261,20,0
2021-04-01,0.69816,0.7026,0.69448,0.70188,21163,12,0
2021-04-02,0.70188,0.70453,0.70087,0.70157,7366,49,0
2021-04-04,0.70226,0.703,0.70139,0.7029,1427,20,0
2021-04-05,0.70294,0.7069,0.70152,0.70648,16088,12,0
2021-04-06,0.70652,0.70686,0.7007,0.70619,22066,12,0
2021-04-07,0.70623,0.70678,0.69964,0.70116,26544,12,0
2021-04-08,0.7012,0.70629,0.70037,0.70595,30044,12,0
2021-04-09,0.70599,0.7065,0.70085,0.70316,32007,12,0
2021-04-11,0.703,0.70419,0.70231,0.70355,1324,20,0
2021-04-12,0.7036,0.70488,0.7013,0.70303,31274,12,0
2021-04-13,0.70306,0.70654,0.70032,0.70593,32010,12,0
2021-04-14,0.70598,0.71496,0.70466,0.71381,35082,12,0
2021-04-15,0.71385,0.71798,0.71372,0.71735,31392,12,0
2021-04-16,0.71742,0.71776,0.71311,0.71437,26859,12,0
2021-04-18,0.71251,0.71337,0.71238,0.71251,1080,20,0
2021-04-19,0.71255,0.71973,0.71213,0.71882,30328,12,0
2021-04-20,0.71886,0.72292,0.71598,0.71636,33438,12,0
2021-04-21,0.7164,0.72177,0.71617,0.72024,28134,12,0
2021-04-22,0.72028,0.72129,0.71452,0.7153,34489,12,0
2021-04-23,0.71534,0.72028,0.7152,0.71976,25302,12,0
2021-04-25,0.71843,0.71976,0.7181,0.71898,850,20,0
2021-04-26,0.71903,0.72423,0.71893,0.72281,29310,12,0
2021-04-27,0.72286,0.72363,0.71963,0.72024,26899,12,0
2021-04-28,0.72028,0.72693,0.71876,0.72682,33822,12,0
2021-04-29,0.72682,0.72859,0.72216,0.72454,35595,12,0
2021-04-30,0.72458,0.7254,0.71498,0.71594,29196,12,0
2021-05-02,0.71656,0.71714,0.7156,0.71681,1092,20,0
2021-05-03,0.71684,0.7212,0.7155,0.71957,26316,12,0
2021-05-04,0.7196,0.71985,0.71147,0.71607,35827,12,0
2021-05-05,0.7161,0.722,0.71485,0.72173,28717,12,0
2021-05-06,0.72177,0.72382,0.71839,0.72309,32988,12,0
2021-05-07,0.72313,0.72987,0.72046,0.72772,36581,12,0
2021-05-09,0.72831,0.72971,0.72709,0.72938,999,20,0
2021-05-10,0.72939,0.73045,0.72566,0.72695,28022,12,0
2021-05-11,0.72699,0.72893,0.72509,0.72609,34261,12,0
2021-05-12,0.72613,0.72664,0.71508,0.71624,42730,12,0
2021-05-13,0.71627,0.71938,0.71339,0.71801,42529,12,0
2021-05-14,0.71805,0.72537,0.71683,0.72494,30510,12,0
2021-05-16,0.72324,0.72463,0.72317,0.72421,746,20,0
2021-05-17,0.72421,0.72423,0.71805,0.72173,28192,12,0
2021-05-18,0.72177,0.72704,0.72139,0.72359,24682,12,0
2021-05-19,0.72364,0.72467,0.71506,0.71602,40423,12,0
2021-05-20,0.71606,0.72158,0.71559,0.71949,27603,12,0
2021-05-21,0.71953,0.72216,0.71533,0.7165,28306,12,0
2021-05-23,0.71656,0.71764,0.71574,0.71701,946,20,0
2021-05-24,0.71699,0.72182,0.71575,0.72131,28501,12,0
2021-05-25,0.72133,0.72495,0.72078,0.72226,29552,12,0
2021-05-26,0.7223,0.73158,0.72224,0.72761,34758,12,0
2021-05-27,0.72765,0.73106,0.72653,0.72824,29872,12,0
2021-05-28,0.72828,0.7284,0.72121,0.72451,29899,12,0
2021-05-30,0.7253,0.7253,0.72403,0.7241,673,20,0
2021-05-31,0.72414,0.7283,0.72306,0.72754,17712,12,0
2021-06-01,0.72758,0.72873,0.72454,0.72513,27164,12,0
2021-06-02,0.72517,0.72716,0.7208,0.72316,26440,12,0
2021-06-03,0.7232,0.72409,0.7125,0.71452,32222,12,0
2021-06-04,0.71456,0.72152,0.71316,0.72094,30949,12,0
2021-06-06,0.72028,0.72127,0.7191,0.72078,760,20,0
2021-06-07,0.72082,0.72419,0.71907,0.72236,22150,12,0
2021-06-08,0.7224,0.72322,0.71865,0.71883,24399,12,0
2021-06-09,0.71887,0.72137,0.71665,0.71705,21078,12,0
2021-06-10,0.71709,0.72122,0.71643,0.71881,28403,12,0
2021-06-11,0.71886,0.72095,0.7115,0.71271,21282,12,0
2021-06-13,0.71286,0.71393,0.71253,0.71371,724,20,0
2021-06-14,0.71375,0.71522,0.71253,0.71421,23924,12,0
2021-06-15,0.71425,0.71599,0.71042,0.71206,27869,12,0
2021-06-16,0.7121,0.7154,0.70415,0.70694,37320,12,0
2021-06-17,0.70694,0.71014,0.69908,0.70135,38775,12,0
2021-06-18,0.7014,0.70152,0.69221,0.6931,36796,12,0
2021-06-20,0.69347,0.69511,0.69302,0.69471,1294,20,0
2021-06-21,0.69475,0.69987,0.69421,0.69845,35480,12,0
2021-06-22,0.69849,0.70352,0.69627,0.70155,29269,12,0
2021-06-23,0.70158,0.70686,0.69947,0.70437,26284,12,0
2021-06-24,0.70442,0.70729,0.70409,0.70612,26924,12,0
2021-06-25,0.70616,0.70947,0.70551,0.70633,22492,12,0
2021-06-27,0.70571,0.70692,0.70554,0.70679,1161,20,0
2021-06-28,0.70683,0.70858,0.7032,0.70473,29122,12,0
2021-06-29,0.70477,0.70506,0.69785,0.6988,28799,12,0
2021-06-30,0.69884,0.7006,0.69642,0.69947,26632,12,0
2021-07-01,0.69953,0.70093,0.69592,0.69619,27459,12,0
2021-07-02,0.69623,0.70361,0.69456,0.70298,29548,12,0
2021-07-04,0.70232,0.70304,0.70229,0.70239,892,20,0
2021-07-05,0.70243,0.70615,0.70055,0.70502,19529,12,0
2021-07-06,0.70506,0.71047,0.69873,0.70158,33494,12,0
2021-07-07,0.70162,0.70604,0.69884,0.70116,33372,12,0
2021-07-08,0.7012,0.70129,0.69339,0.69472,43722,12,0
2021-07-09,0.69476,0.70035,0.69223,0.69981,33653,12,0
2021-07-11,0.69923,0.70079,0.69824,0.70042,1117,20,0
2021-07-12,0.70046,0.7005,0.69474,0.69848,28268,12,0
2021-07-13,0.69848,0.7009,0.69164,0.69421,35809,12,0
2021-07-14,0.69425,0.70431,0.69378,0.70365,39395,12,0
2021-07-15,0.70371,0.70392,0.69644,0.70098,37094,12,0
2021-07-16,0.70102,0.70284,0.69895,0.70005,32680,12,0
2021-07-18,0.69992,0.70014,0.69912,0.69929,1100,20,0
2021-07-19,0.69933,0.69969,0.6915,0.69274,44146,12,0
2021-07-20,0.69276,0.69535,0.68802,0.69219,37053,12,0
2021-07-21,0.69223,0.69766,0.68932,0.69583,31766,12,0
2021-07-22,0.69587,0.69852,0.69459,0.69791,30050,12,0
2021-07-23,0.69791,0.69915,0.69598,0.69748,24725,12,0
2021-07-25,0.69648,0.69843,0.69626,0.69818,535,20,0
2021-07-26,0.69821,0.70093,0.6947,0.69997,20362,12,0
2021-07-27,0.7,0.70052,0.69388,0.69616,25676,12,0
2021-07-28,0.69622,0.69688,0.68989,0.69586,34149,12,0
2021-07-29,0.6959,0.70187,0.69475,0.70091,22227,12,0
2021-07-30,0.70095,0.70207,0.69584,0.69698,24146,12,0
2021-08-01,0.69624,0.69767,0.69586,0.69728,586,20,0
2021-08-02,0.69732,0.69924,0.69515,0.69854,21421,12,0
2021-08-03,0.69857,0.705,0.6982,0.7044,23626,12,0
2021-08-04,0.70443,0.70879,0.70348,0.70424,21431,12,0
2021-08-05,0.70427,0.7073,0.70361,0.70466,19519,12,0
2021-08-06,0.70469,0.70622,0.70007,0.70087,22290,12,0
2021-08-08,0.70049,0.70113,0.69799,0.69901,1237,20,0
2021-08-09,0.69905,0.70256,0.6984,0.69905,18655,12,0
2021-08-10,0.69909,0.70125,0.69677,0.70046,18662,12,0
2021-08-11,0.7005,0.70612,0.69906,0.70399,22181,12,0
2021-08-12,0.70402,0.70464,0.69917,0.70032,16112,12,0
2021-08-13,0.70035,0.7047,0.69938,0.7038,12536,12,0
2021-08-15,0.70392,0.70432,0.70369,0.70377,580,20,0
2021-08-16,0.70382,0.70421,0.70098,0.70267,15457,12,0
2021-08-17,0.70271,0.70283,0.6898,0.69261,25323,12,0
2021-08-18,0.69265,0.69498,0.6861,0.68727,28922,12,0
2021-08-19,0.68731,0.68737,0.6808,0.68181,32569,12,0
2021-08-20,0.68183,0.68419,0.6804,0.68334,20620,12,0
2021-08-22,0.68199,0.68349,0.68179,0.68288,692,20,0
2021-08-23,0.68292,0.69037,0.68287,0.68922,20484,12,0
2021-08-24,0.68925,0.69654,0.68783,0.69363,20689,12,0
2021-08-25,0.69366,0.69821,0.69292,0.69707,20697,12,0
2021-08-26,0.69712,0.69761,0.694,0.69435,19638,12,0
2021-08-27,0.69438,0.70181,0.69321,0.70116,20239,12,0
2021-08-29,0.69975,0.70138,0.6994,0.70105,628,20,0
2021-08-30,0.7011,0.70144,0.69859,0.69962,13969,12,0
2021-08-31,0.69965,0.7068,0.69954,0.70501,23700,12,0
2021-09-01,0.70504,0.70767,0.70336,0.70639,19224,12,0
2021-09-02,0.70642,0.7119,0.70561,0.71075,16429,12,0
2021-09-03,0.71079,0.71695,0.71055,0.71525,22220,12,0
2021-09-05,0.71502,0.71564,0.71461,0.7149,449,20,0
2021-09-06,0.71492,0.71504,0.71258,0.71348,13073,12,0
2021-09-07,0.71351,0.71522,0.7086,0.70958,22612,12,0
2021-09-08,0.70962,0.71144,0.70752,0.70966,25590,12,0
2021-09-09,0.7097,0.71335,0.70814,0.71026,31217,12,0
2021-09-10,0.71032,0.71559,0.7089,0.71114,29158,12,0
2021-09-12,0.7113,0.71197,0.71094,0.71155,458,12,0
2021-09-13,0.71157,0.71224,0.70967,0.71122,26495,12,0
2021-09-14,0.71127,0.71503,0.70812,0.70931,30278,12,0
2021-09-15,0.70935,0.71346,0.70725,0.713,19879,12,0
2021-09-16,0.71298,0.71298,0.70585,0.70694,22446,12,0
2021-09-17,0.70693,0.70867,0.70249,0.70346,23400,12,0
2021-09-19,0.7031,0.70355,0.70224,0.70319,629,20,0
2021-09-20,0.70323,0.7042,0.70048,0.70159,30946,12,0
2021-09-21,0.70164,0.70558,0.69927,0.69963,29736,12,0
2021-09-22,0.69962,0.70553,0.69854,0.69894,33912,12,0
2021-09-23,0.69896,0.70927,0.69807,0.70638,28309,12,0
2021-09-24,0.70637,0.708,0.69963,0.70107,24945,12,0
2021-09-26,0.70052,0.70173,0.69976,0.70154,736,12,0
2021-09-27,0.70155,0.70325,0.69895,0.70061,27551,12,0
2021-09-28,0.70063,0.70265,0.6942,0.69586,38244,12,0
2021-09-29,0.69584,0.69598,0.68586,0.68707,36923,12,0
2021-09-30,0.68706,0.6921,0.6859,0.68951,38369,12,0
2021-10-01,0.68949,0.69502,0.68757,0.69354,39038,12,0
2021-10-03,0.69353,0.6952,0.69283,0.694,1194,20,0
2021-10-04,0.69405,0.69815,0.69257,0.696,33662,12,0
2021-10-05,0.69604,0.69754,0.69271,0.69552,28310,12,0
2021-10-06,0.6955,0.69789,0.68758,0.69158,39548,12,0
2021-10-07,0.69156,0.69434,0.69079,0.69363,26757,12,0
2021-10-08,0.69366,0.69594,0.69076,0.69273,31673,12,0
2021-10-10,0.69172,0.69238,0.6912,0.69197,1082,20,0
2021-10-11,0.692,0.6964,0.69187,0.69414,23843,12,0
2021-10-12,0.69418,0.69692,0.69211,0.69223,27556,12,0
2021-10-13,0.69227,0.69709,0.69107,0.69709,30403,12,0
2021-10-14,0.69704,0.7041,0.69674,0.70339,22869,12,0
2021-10-15,0.70343,0.70764,0.70277,0.70718,26021,12,0
2021-10-17,0.7068,0.71032,0.70636,0.70832,2101,12,0
2021-10-18,0.70834,0.70902,0.70485,0.70902,23863,12,0
2021-10-19,0.709,0.71719,0.709,0.71542,24981,12,0
2021-10-20,0.71544,0.72074,0.71494,0.71973,25819,12,0
2021-10-21,0.71976,0.72177,0.71401,0.71542,28111,12,0
2021-10-22,0.71545,0.71881,0.71308,0.7149,30826,12,0
2021-10-24,0.71444,0.71528,0.71439,0.71491,556,12,0
2021-10-25,0.71493,0.71775,0.71294,0.71648,24074,12,0
2021-10-26,0.71649,0.71935,0.71497,0.71666,24935,12,0
2021-10-27,0.71664,0.71882,0.71308,0.7162,28301,12,0
2021-10-28,0.71621,0.72161,0.71508,0.71935,30863,12,0
2021-10-29,0.71932,0.71957,0.71351,0.71684,29011,12,0
2021-10-31,0.71583,0.71753,0.71468,0.71751,669,12,0
2021-11-01,0.71753,0.71973,0.716,0.71778,21686,12,0
2021-11-02,0.71779,0.71856,0.70921,0.71246,26204,12,0
2021-11-03,0.71245,0.71749,0.71123,0.71749,31156,12,0
2021-11-04,0.71751,0.71782,0.70942,0.71078,26382,12,0
2021-11-05,0.71077,0.71266,0.70716,0.71178,26359,12,0
2021-11-07,0.71084,0.7115,0.71045,0.71072,625,20,0
2021-11-08,0.71069,0.7176,0.71028,0.71611,20803,12,0
2021-11-09,0.71614,0.71735,0.71088,0.71227,22994,12,0
2021-11-10,0.7123,0.71317,0.70536,0.70648,27501,12,0
2021-11-11,0.70645,0.70704,0.70063,0.70189,21878,12,0
2021-11-12,0.7019,0.70472,0.6996,0.70413,18908,12,0
2021-11-14,0.70349,0.70455,0.70293,0.70412,502,20,0
2021-11-15,0.70411,0.708,0.70312,0.70419,18502,12,0
2021-11-16,0.7042,0.70633,0.69842,0.69887,23134,12,0
2021-11-17,0.69888,0.70196,0.69791,0.70018,24552,12,0
2021-11-18,0.70021,0.70521,0.69939,0.70404,26368,12,0
2021-11-19,0.70402,0.70453,0.69904,0.69957,31815,12,0
2021-11-21,0.69988,0.69988,0.69865,0.6989,520,20,0
2021-11-22,0.69891,0.70132,0.69431,0.69477,31118,12,0
2021-11-23,0.69478,0.69582,0.6915,0.6951,33705,12,0
2021-11-24,0.69509,0.6955,0.68547,0.68733,32690,12,0
2021-11-25,0.68735,0.68932,0.68388,0.68417,16796,12,0
2021-11-26,0.68421,0.6849,0.6792,0.68043,32891,12,0
2021-11-28,0.68211,0.683,0.68024,0.6824,1351,20,0
2021-11-29,0.68244,0.68382,0.6787,0.68291,28164,12,0
2021-11-30,0.68289,0.68553,0.67718,0.68231,50607,12,0
2021-12-01,0.68232,0.68672,0.68025,0.68123,38836,12,0
2021-12-02,0.68124,0.68306,0.67983,0.68101,33444,12,0
2021-12-03,0.68104,0.68171,0.67404,0.67457,34536,12,0
2021-12-05,0.67487,0.67571,0.67389,0.67556,829,20,0
2021-12-06,0.67558,0.67632,0.67391,0.67478,25085,12,0
2021-12-07,0.67477,0.67922,0.67358,0.6785,24982,12,0
2021-12-08,0.67853,0.68182,0.67658,0.68065,29076,12,0
2021-12-09,0.68068,0.68222,0.67786,0.67937,22618,12,0
2021-12-10,0.67938,0.68064,0.67688,0.67962,23832,12,0
2021-12-12,0.67983,0.67988,0.67902,0.67942,723,20,0
2021-12-13,0.67941,0.68008,0.67449,0.67502,19444,12,0
2021-12-14,0.67505,0.677,0.67316,0.6734,23316,12,0
2021-12-15,0.67342,0.67884,0.67006,0.67763,34879,12,0
2021-12-16,0.6776,0.6833,0.67564,0.67943,31657,12,0
2021-12-17,0.67945,0.67992,0.67302,0.67342,26877,12,0
2021-12-19,0.67253,0.67379,0.67243,0.67295,844,20,0
2021-12-20,0.67299,0.67399,0.67013,0.67113,28091,12,0
2021-12-21,0.67115,0.6773,0.67025,0.6764,22395,12,0
2021-12-22,0.67642,0.68216,0.67388,0.68034,20427,12,0
2021-12-23,0.68033,0.68409,0.67946,0.68116,18414,12,0
2021-12-24,0.68115,0.68244,0.6799,0.68063,16980,20,0
2021-12-26,0.68193,0.68207,0.68005,0.68128,481,20,0
2021-12-27,0.68126,0.68248,0.6788,0.68146,13635,12,0
2021-12-28,0.68148,0.68281,0.67863,0.68038,15703,12,0
2021-12-29,0.68036,0.68415,0.67878,0.6838,18762,12,0
2021-12-30,0.68378,0.68563,0.68144,0.68283,17478,12,0
2021-12-31,0.68285,0.68506,0.68199,0.6844,17974,12,0
2022-01-02,0.68302,0.68454,0.68299,0.68386,346,20,0
2022-01-03,0.68383,0.6856,0.67738,0.67876,20369,12,0
2022-01-04,0.67874,0.68235,0.6764,0.68117,20401,12,0
2022-01-05,0.68119,0.68366,0.67874,0.67913,23414,12,0
2022-01-06,0.67911,0.67929,0.67323,0.67386,26895,12,0
2022-01-07,0.67389,0.67806,0.67346,0.67748,22899,12,0
2022-01-09,0.67722,0.67755,0.67622,0.67743,742,20,0
2022-01-10,0.67742,0.67828,0.6735,0.67649,25775,12,0
2022-01-11,0.67647,0.67903,0.67393,0.67821,24741,12,0
2022-01-12,0.6782,0.6857,0.67728,0.68449,24402,12,0
2022-01-13,0.68448,0.689,0.68417,0.686,25603,12,0
2022-01-14,0.68601,0.68732,0.67858,0.68055,28928,12,0
2022-01-16,0.68021,0.68097,0.67978,0.68063,680,20,0
2022-01-17,0.68064,0.68177,0.67823,0.67949,17639,12,0
2022-01-18,0.67953,0.68075,0.67484,0.67697,31821,12,0
2022-01-19,0.677,0.6811,0.67638,0.67786,29306,12,0
2022-01-20,0.67788,0.68049,0.67438,0.67489,30115,12,0
2022-01-21,0.67491,0.67524,0.6707,0.67126,37553,12,0
2022-01-23,0.67112,0.67211,0.67058,0.67206,1010,20,0
2022-01-24,0.67204,0.6727,0.66595,0.67028,41470,12,0
2022-01-25,0.67031,0.67092,0.66593,0.66892,40349,12,0
2022-01-26,0.66891,0.67016,0.66376,0.66595,41686,12,0
2022-01-27,0.66593,0.66595,0.65692,0.65827,44237,12,0
2022-01-28,0.65823,0.65885,0.65287,0.65425,41219,12,0
2022-01-30,0.65423,0.65615,0.6533,0.65501,769,20,0
2022-01-31,0.65499,0.65963,0.65415,0.65763,31143,12,0
2022-02-01,0.65759,0.6647,0.65651,0.66357,31695,12,0
2022-02-02,0.66355,0.66616,0.66079,0.66103,26402,12,0
2022-02-03,0.66106,0.66808,0.66106,0.66646,36598,12,0
2022-02-04,0.66643,0.66824,0.65891,0.66116,36328,12,0
2022-02-06,0.66101,0.66256,0.6594,0.66179,689,20,0
2022-02-07,0.66181,0.66409,0.66024,0.66363,28460,12,0
2022-02-08,0.66362,0.66526,0.66266,0.66499,24228,12,0
2022-02-09,0.66435,0.66972,0.66415,0.66777,21091,12,0
2022-02-10,0.66774,0.67319,0.66528,0.66646,43288,12,0
2022-02-11,0.66644,0.66931,0.66263,0.66429,54935,12,0
2022-02-13,0.66327,0.66492,0.66324,0.6645,1061,20,0
2022-02-14,0.66447,0.66471,0.65917,0.66163,43163,12,0
2022-02-15,0.66164,0.66478,0.66012,0.66383,30821,12,0
2022-02-16,0.66385,0.66907,0.66324,0.6679,29517,12,0
2022-02-17,0.66789,0.67169,0.66584,0.66884,41620,12,0
2022-02-18,0.66887,0.67289,0.66829,0.6692,28592,12,0
2022-02-20,0.6692,0.66929,0.66838,0.66882,732,20,0
2022-02-21,0.66879,0.67332,0.66795,0.66941,26924,12,0
2022-02-22,0.66944,0.67543,0.66907,0.67401,34429,12,0
2022-02-23,0.67398,0.68089,0.67334,0.67691,35371,12,0
2022-02-24,0.67695,0.6772,0.66297,0.66871,74141,12,0
2022-02-25,0.66875,0.67508,0.66855,0.67445,48260,12,0
2022-02-27,0.66787,0.66934,0.66754,0.66912,1788,20,0
2022-02-28,0.66913,0.67764,0.66751,0.67653,43732,12,0
2022-03-01,0.67655,0.67902,0.67398,0.67658,39592,12,0
2022-03-02,0.67657,0.67991,0.67435,0.67811,41382,12,0
2022-03-03,0.67812,0.68088,0.6761,0.68081,35847,12,0
2022-03-04,0.68082,0.68713,0.67668,0.68608,45838,12,0
2022-03-06,0.68472,0.6878,0.68377,0.68725,1278,20,0
2022-03-07,0.68722,0.69249,0.68156,0.68359,57560,12,0
2022-03-08,0.68358,0.68501,0.67981,0.68023,58951,12,0
2022-03-09,0.68025,0.68519,0.67955,0.68368,40212,12,0
2022-03-10,0.68367,0.68742,0.68101,0.68727,39136,12,0
2022-03-11,0.68729,0.68738,0.67977,0.68026,37716,12,0
2022-03-13,0.68039,0.68137,0.67979,0.68111,1065,20,0
2022-03-14,0.6811,0.68129,0.67346,0.67473,37741,12,0
2022-03-15,0.67477,0.67917,0.67278,0.67586,35796,12,0
2022-03-16,0.6759,0.6844,0.67409,0.6829,39921,12,0
2022-03-17,0.68294,0.68987,0.68228,0.68904,31980,12,0
2022-03-18,0.68909,0.69127,0.68656,0.69051,30907,12,0
2022-03-20,0.68946,0.69034,0.68871,0.68969,1087,20,0
2022-03-21,0.68973,0.69227,0.68725,0.68778,29730,12,0
2022-03-22,0.68782,0.69732,0.68636,0.69626,29542,12,0
2022-03-23,0.6963,0.69883,0.69345,0.69746,29512,12,0
2022-03-24,0.69749,0.69772,0.69396,0.69629,31586,12,0
2022-03-25,0.69633,0.69862,0.69434,0.69571,31368,12,0
2022-03-27,0.69467,0.69661,0.69423,0.69557,972,20,0
2022-03-28,0.69561,0.69628,0.68863,0.69039,34047,12,0
2022-03-29,0.69043,0.69473,0.68755,0.69414,39213,12,0
2022-03-30,0.69418,0.69979,0.69364,0.6969,32816,12,0
2022-03-31,0.69693,0.69768,0.69253,0.69301,32763,12,0
2022-04-01,0.69305,0.69472,0.68952,0.69197,29993,12,0
2022-04-03,0.69232,0.69232,0.69051,0.69058,619,20,0
2022-04-04,0.69062,0.69676,0.69041,0.69446,22133,12,0
2022-04-05,0.69452,0.70333,0.69312,0.6946,31569,12,0
2022-04-06,0.69464,0.69664,0.6896,0.69097,36308,12,0
2022-04-07,0.69102,0.69195,0.68721,0.68831,26819,12,0
2022-04-08,0.68835,0.68914,0.68215,0.68452,21603,12,0
2022-04-10,0.68414,0.68543,0.68313,0.68313,971,20,0
2022-04-11,0.68317,0.68519,0.68127,0.68166,25054,12,0
2022-04-12,0.6817,0.68888,0.68053,0.68548,30122,12,0
2022-04-13,0.68552,0.68994,0.6753,0.67986,32901,12,0
2022-04-14,0.6799,0.68331,0.67667,0.67758,29006,12,0
2022-04-15,0.67757,0.6786,0.67453,0.67495,15533,45,0
2022-04-17,0.67677,0.67757,0.67581,0.67595,807,20,0
2022-04-18,0.67596,0.67601,0.67145,0.67336,19690,12,0
2022-04-19,0.6734,0.67637,0.67147,0.67445,29792,12,0
2022-04-20,0.67447,0.68128,0.67339,0.67812,29279,12,0
2022-04-21,0.67816,0.68034,0.67207,0.67208,32260,12,0
2022-04-22,0.67212,0.67267,0.66202,0.66339,34442,12,0
2022-04-24,0.66277,0.66393,0.66194,0.66214,1197,20,0
2022-04-25,0.66217,0.66334,0.65813,0.66156,41301,12,0
2022-04-26,0.6616,0.66447,0.6558,0.65732,32083,12,0
2022-04-27,0.6573,0.65901,0.65267,0.65388,36271,12,0
2022-04-28,0.65391,0.65395,0.64512,0.64921,37155,12,0
2022-04-29,0.64928,0.65426,0.64509,0.6455,32555,12,0
2022-05-01,0.64551,0.64679,0.64505,0.64533,1497,20,0
2022-05-02,0.64537,0.64734,0.64063,0.6442,29462,12,0
2022-05-03,0.64424,0.64753,0.641,0.64313,34050,12,0
2022-05-04,0.64316,0.65559,0.64213,0.6548,45665,12,0
2022-05-05,0.65482,0.65676,0.63924,0.64286,45572,12,0
2022-05-06,0.64289,0.64575,0.63937,0.64051,53531,12,0
2022-05-08,0.64002,0.6404,0.63858,0.63866,1259,20,0
2022-05-09,0.6387,0.6389,0.63125,0.63186,48195,12,0
2022-05-10,0.63184,0.63475,0.62753,0.62866,52181,12,0
2022-05-11,0.6287,0.63792,0.62804,0.62828,55320,12,0
2022-05-12,0.62832,0.62969,0.6211,0.62432,55693,12,0
2022-05-13,0.62436,0.62891,0.62241,0.62874,36204,12,0
2022-05-15,0.62763,0.62896,0.62717,0.62896,925,20,0
2022-05-16,0.629,0.63199,0.62277,0.631,44339,12,0
2022-05-17,0.63104,0.63747,0.63053,0.63587,41805,12,0
2022-05-18,0.63583,0.63697,0.6289,0.62912,36659,12,0
2022-05-19,0.62916,0.64163,0.62913,0.63801,56515,12,0
2022-05-20,0.63804,0.64138,0.63628,0.6405,42949,12,0
2022-05-22,0.63957,0.64248,0.63852,0.64192,1226,20,0
2022-05-23,0.64196,0.64913,0.64179,0.64443,38679,12,0
2022-05-24,0.64439,0.64659,0.64222,0.64459,40671,12,0
2022-05-25,0.64462,0.65136,0.64205,0.64787,48590,12,0
2022-05-26,0.64791,0.64997,0.6446,0.64798,36314,12,0
2022-05-27,0.64802,0.65492,0.6472,0.65353,31147,12,0
2022-05-29,0.65239,0.65342,0.65221,0.65315,857,20,0
2022-05-30,0.65319,0.656,0.65307,0.65555,22493,12,0
2022-05-31,0.65558,0.65635,0.64822,0.65176,38462,12,0
2022-06-01,0.6518,0.65397,0.64642,0.6478,36419,12,0
2022-06-02,0.64784,0.65642,0.64595,0.65581,30987,12,0
2022-06-03,0.65586,0.65755,0.65002,0.65051,29876,12,0
2022-06-05,0.65061,0.65134,0.64985,0.65052,734,20,0
2022-06-06,0.65056,0.65361,0.64778,0.64821,27616,12,0
2022-06-07,0.64823,0.64984,0.6422,0.64792,37423,12,0
2022-06-08,0.64796,0.64852,0.64343,0.64416,32681,12,0
2022-06-09,0.64419,0.64607,0.63791,0.63842,39256,12,0
2022-06-10,0.63845,0.64343,0.63475,0.63529,42523,12,0
2022-06-12,0.63438,0.6349,0.63353,0.63359,1367,20,0
2022-06-13,0.63363,0.6348,0.62453,0.62718,50996,12,0
2022-06-14,0.62722,0.62926,0.61957,0.62238,57617,12,0
2022-06-15,0.62242,0.63126,0.62135,0.62902,71722,12,0
2022-06-16,0.62905,0.6395,0.62321,0.63574,60765,12,0
2022-06-17,0.63578,0.63605,0.62685,0.63123,52511,12,0
2022-06-19,0.62976,0.6329,0.62976,0.63235,1532,20,0
2022-06-20,0.63237,0.63633,0.63045,0.63342,34876,12,0
2022-06-21,0.63344,0.63629,0.63118,0.6313,41124,12,0
2022-06-22,0.63135,0.63171,0.62431,0.62699,44138,12,0
2022-06-23,0.62702,0.63099,0.62468,0.62837,48318,12,0
2022-06-24,0.6284,0.63266,0.62755,0.63134,39566,12,0
2022-06-26,0.63093,0.63258,0.63042,0.63129,1172,20,0
2022-06-27,0.63131,0.63242,0.62809,0.62915,38363,12,0
2022-06-28,0.62919,0.6313,0.62293,0.62348,39503,12,0
2022-06-29,0.62353,0.62595,0.62042,0.62219,43961,12,0
2022-06-30,0.62224,0.62538,0.61975,0.62382,46123,12,0
2022-07-01,0.62386,0.62462,0.61469,0.62054,48095,12,0
2022-07-03,0.61928,0.62146,0.61895,0.62055,1228,20,0
2022-07-04,0.62059,0.62511,0.61939,0.6213,28823,12,0
2022-07-05,0.62132,0.62261,0.61236,0.61648,50524,12,0
2022-07-06,0.61651,0.61913,0.61308,0.6148,55246,12,0
2022-07-07,0.61485,0.61947,0.61393,0.61771,41137,12,0
2022-07-08,0.61775,0.62063,0.61312,0.61874,45541,12,0
2022-07-10,0.61783,0.61917,0.61717,0.61837,1385,20,0
2022-07-11,0.61841,0.61844,0.60961,0.6118,41442,12,0
2022-07-12,0.61183,0.6145,0.6099,0.61205,45922,12,0
2022-07-13,0.61208,0.61712,0.60799,0.61072,61823,12,0
2022-07-14,0.61076,0.61338,0.60598,0.61299,59198,12,0
2022-07-15,0.61302,0.61764,0.6117,0.61577,47999,12,0
2022-07-17,0.61408,0.61897,0.61384,0.61881,1755,20,0
2022-07-18,0.61883,0.61996,0.6143,0.61516,38273,12,0
2022-07-19,0.6152,0.624,0.61403,0.62314,42093,12,0
2022-07-20,0.6232,0.62716,0.62094,0.6221,42722,12,0
2022-07-21,0.62213,0.62532,0.6184,0.62423,50137,12,0
2022-07-22,0.62427,0.63037,0.62108,0.62502,47698,12,0
2022-07-24,0.62509,0.62541,0.62313,0.62317,1322,20,0
2022-07-25,0.62321,0.62789,0.62136,0.62563,40218,12,0
2022-07-26,0.62567,0.62795,0.62054,0.62388,35469,12,0
2022-07-27,0.62391,0.62771,0.61908,0.62578,47150,12,0
2022-07-28,0.62582,0.6297,0.625,0.62897,46008,12,0
2022-07-29,0.62914,0.63286,0.62171,0.62893,43173,12,0
2022-07-31,0.62745,0.62849,0.62632,0.62768,1175,20,0
2022-08-01,0.62772,0.6352,0.6277,0.63312,37808,12,0
2022-08-02,0.63315,0.63427,0.62187,0.62196,49797,12,0
2022-08-03,0.62199,0.62808,0.62119,0.6266,42880,12,0
2022-08-04,0.62664,0.63145,0.6265,0.62954,34916,12,0
2022-08-05,0.62958,0.63089,0.62116,0.62399,35971,12,0
2022-08-07,0.62409,0.62425,0.62288,0.62388,975,20,0
2022-08-08,0.62391,0.63033,0.62294,0.62888,26700,12,0
2022-08-09,0.62893,0.63023,0.62688,0.62841,25567,12,0
2022-08-10,0.62846,0.64336,0.62743,0.64042,38880,12,0
2022-08-11,0.64046,0.64621,0.63835,0.64319,38973,12,0
2022-08-12,0.64323,0.64677,0.64218,0.64501,31366,12,0
2022-08-14,0.64352,0.64553,0.6435,0.64472,692,20,0
2022-08-15,0.64476,0.64526,0.63497,0.63603,28961,12,0
2022-08-16,0.63608,0.63697,0.63159,0.63407,30875,12,0
2022-08-17,0.63411,0.63827,0.62574,0.62752,45544,12,0
2022-08-18,0.62753,0.63122,0.62381,0.62419,37036,12,0
2022-08-19,0.62422,0.62477,0.61602,0.6173,33211,12,0
2022-08-21,0.61757,0.61806,0.61644,0.61733,1148,20,0
2022-08-22,0.61737,0.62144,0.61561,0.61752,36533,12,0
2022-08-23,0.61756,0.62439,0.61588,0.62052,43878,12,0
2022-08-24,0.62057,0.62089,0.61623,0.61792,36224,12,0
2022-08-25,0.61797,0.62506,0.61756,0.62144,37762,12,0
2022-08-26,0.62148,0.62313,0.613,0.61347,44543,12,0
2022-08-28,0.61222,0.61286,0.61071,0.61071,1360,20,0
2022-08-29,0.61075,0.61669,0.61013,0.61566,39015,12,0
2022-08-30,0.6157,0.61935,0.6118,0.61286,44167,12,0
2022-08-31,0.61289,0.61541,0.61055,0.61095,43232,12,0
2022-09-01,0.61101,0.6116,0.60596,0.60829,46277,12,0
2022-09-02,0.60832,0.61399,0.60496,0.61117,45110,12,0
2022-09-04,0.60729,0.60913,0.60681,0.6083,1567,20,0
2022-09-05,0.60835,0.61068,0.60698,0.61032,28172,12,0
2022-09-06,0.61036,0.61281,0.60278,0.60313,45092,12,0
2022-09-07,0.60317,0.60763,0.59957,0.60618,46893,12,0
2022-09-08,0.60623,0.6077,0.60305,0.60689,49404,12,0
2022-09-09,0.60693,0.61519,0.60662,0.61037,41645,12,0
2022-09-11,0.60793,0.61141,0.60777,0.61112,1091,20,0
2022-09-12,0.61115,0.61571,0.60964,0.61445,34326,12,0
2022-09-13,0.61449,0.61608,0.59846,0.60007,44165,12,0
2022-09-14,0.60011,0.60244,0.59756,0.60167,44763,12,0
2022-09-15,0.60164,0.60199,0.59533,0.59554,38646,12,0
2022-09-16,0.59557,0.59939,0.59396,0.5991,39586,12,0
2022-09-18,0.59866,0.60011,0.59775,0.59934,1037,20,0
2022-09-19,0.59939,0.59993,0.59286,0.59635,31896,12,0
2022-09-20,0.59638,0.59751,0.58846,0.59023,35855,12,0
2022-09-21,0.59027,0.59102,0.58266,0.58291,55030,12,0
2022-09-22,0.58294,0.58872,0.58033,0.58454,58315,12,0
2022-09-23,0.58451,0.58558,0.5727,0.57413,52722,12,0
2022-09-25,0.5736,0.57488,0.57291,0.57393,1885,20,0
2022-09-26,0.57397,0.57541,0.5621,0.56638,74744,12,0
2022-09-27,0.56642,0.57211,0.56186,0.56294,53534,12,0
2022-09-28,0.56295,0.57324,0.55643,0.57143,75449,12,0
2022-09-29,0.57147,0.57497,0.56472,0.57401,63765,12,0
2022-09-30,0.57406,0.57421,0.55902,0.55961,65732,12,0
2022-10-02,0.55956,0.56239,0.55946,0.56191,1674,20,0
2022-10-03,0.56196,0.57302,0.56135,0.57193,53946,12,0
2022-10-04,0.57197,0.57579,0.56794,0.57358,57414,12,0
2022-10-05,0.57361,0.5805,0.56595,0.57753,58186,12,0
2022-10-06,0.57758,0.58133,0.5639,0.56594,61497,12,0
2022-10-07,0.56597,0.56731,0.55972,0.56053,56970,12,0
2022-10-09,0.56046,0.56067,0.55906,0.56061,1648,20,0
2022-10-10,0.56065,0.56287,0.55437,0.55718,52996,12,0
2022-10-11,0.55723,0.56564,0.55351,0.55815,68370,12,0
2022-10-12,0.55821,0.56318,0.55594,0.56087,71681,12,0
2022-10-13,0.56091,0.56544,0.55112,0.56344,73280,12,0
2022-10-14,0.56348,0.56811,0.55494,0.55589,73486,12,0
2022-10-16,0.5563,0.55759,0.5558,0.55747,1544,20,0
2022-10-17,0.55751,0.56616,0.55503,0.56558,54885,12,0
2022-10-18,0.56561,0.57189,0.56451,0.56925,61960,12,0
2022-10-19,0.56928,0.57069,0.56491,0.56604,53440,12,0
2022-10-20,0.56609,0.57412,0.56222,0.56673,61649,12,0
2022-10-21,0.56679,0.577,0.55987,0.57581,79931,12,0
2022-10-23,0.57622,0.57894,0.5742,0.57605,6440,20,0
2022-10-24,0.57608,0.57673,0.56562,0.57027,77674,12,0
2022-10-25,0.57031,0.57792,0.56715,0.57407,58389,12,0
2022-10-26,0.57411,0.58446,0.57245,0.58405,66781,12,0
2022-10-27,0.58408,0.58694,0.57876,0.58264,70679,12,0
2022-10-28,0.58268,0.58727,0.57821,0.58088,63484,12,0
2022-10-30,0.57922,0.5809,0.57922,0.58001,1394,20,0
2022-10-31,0.58005,0.58346,0.57737,0.58235,48247,12,0
2022-11-01,0.58239,0.5902,0.58181,0.5846,62324,12,0
2022-11-02,0.58465,0.59412,0.58013,0.58116,67986,12,0
2022-11-03,0.58121,0.5838,0.57398,0.57672,59220,12,0
2022-11-04,0.57674,0.59361,0.57556,0.59285,71560,12,0
2022-11-06,0.58692,0.58921,0.5855,0.58903,1441,60,0
2022-11-07,0.58923,0.59451,0.58719,0.5938,57566,12,0
2022-11-08,0.59376,0.59993,0.58979,0.59595,49974,12,0
2022-11-09,0.59615,0.59619,0.5872,0.58846,64852,12,0
2022-11-10,0.58849,0.604,0.58398,0.6016,76272,12,0
2022-11-11,0.60163,0.61292,0.59837,0.61176,68708,12,0
2022-11-13,0.60885,0.61072,0.60552,0.61011,1724,20,0
2022-11-14,0.6101,0.61211,0.60607,0.60887,63546,12,0
2022-11-15,0.6089,0.62027,0.60844,0.61638,87233,12,0
2022-11-16,0.61639,0.61935,0.6128,0.61484,68568,12,0
2022-11-17,0.61487,0.61674,0.60636,0.61258,58081,12,0
2022-11-18,0.6126,0.62051,0.61258,0.61519,47549,12,0
2022-11-20,0.61544,0.61663,0.61354,0.61642,600,20,0
2022-11-21,0.6164,0.6164,0.60781,0.60968,44422,12,0
2022-11-22,0.6097,0.61621,0.60949,0.61547,39652,12,0
2022-11-23,0.61546,0.62527,0.61175,0.62527,48212,12,0
2022-11-24,0.62528,0.62888,0.6234,0.62579,29365,12,0
2022-11-25,0.62582,0.6277,0.62181,0.6245,32084,12,0
2022-11-27,0.62129,0.62206,0.62072,0.62145,878,33,0
2022-11-28,0.62151,0.62439,0.61552,0.61624,45262,12,0
2022-11-29,0.61625,0.62531,0.61607,0.61953,49460,12,0
2022-11-30,0.61955,0.63143,0.61896,0.63126,56620,12,0
2022-12-01,0.63125,0.63991,0.63056,0.6368,62025,12,0
2022-12-02,0.63677,0.64133,0.63277,0.6408,54707,12,0
2022-12-04,0.63799,0.64022,0.63793,0.64022,1029,33,0
2022-12-05,0.64027,0.6442,0.63016,0.63218,46528,12,0
2022-12-06,0.63221,0.63538,0.63028,0.63228,46127,12,0
2022-12-07,0.63229,0.63838,0.6309,0.63513,49467,12,0
2022-12-08,0.63515,0.63883,0.63256,0.63758,42694,12,0
2022-12-09,0.63755,0.64266,0.63576,0.64109,45232,12,0
2022-12-11,0.64037,0.64081,0.63876,0.63911,772,20,0
2022-12-12,0.63907,0.64211,0.63639,0.63858,38035,12,0
2022-12-13,0.63854,0.65132,0.63727,0.64518,61117,12,0
2022-12-14,0.64515,0.6469,0.64022,0.64522,65403,12,0
2022-12-15,0.6452,0.64628,0.63148,0.63417,52356,12,0
2022-12-16,0.63415,0.6395,0.63409,0.63775,45881,12,0
2022-12-18,0.63744,0.63814,0.63673,0.63699,701,20,0
2022-12-19,0.63702,0.64083,0.63417,0.63604,40061,12,0
2022-12-20,0.63602,0.63952,0.62998,0.63426,62947,12,0
2022-12-21,0.63427,0.63463,0.62763,0.62861,46844,12,0
2022-12-22,0.62857,0.633,0.62298,0.62496,43975,12,0
2022-12-23,0.62499,0.63039,0.62327,0.62828,46145,12,0
2022-12-25,0.62662,0.62781,0.62643,0.62757,1228,40,0
2022-12-26,0.62764,0.63004,0.62321,0.62941,8018,35,0
2022-12-27,0.6294,0.63175,0.62634,0.62722,35720,12,0
2022-12-28,0.62723,0.63547,0.6257,0.63167,39231,12,0
2022-12-29,0.63169,0.63573,0.62974,0.63442,37781,12,0
2022-12-30,0.6344,0.63716,0.63095,0.63505,43777,12,0
2023-01-01,0.63228,0.63288,0.63187,0.63286,233,443,0
2023-01-02,0.63293,0.63343,0.62905,0.63181,11259,119,0
2023-01-03,0.63184,0.63613,0.61994,0.62453,57559,12,0
2023-01-04,0.62451,0.6352,0.6244,0.62833,59202,12,0
2023-01-05,0.62832,0.63085,0.62072,0.6225,55622,12,0
2023-01-06,0.62248,0.63594,0.61905,0.63459,57821,12,0
2023-01-08,0.63348,0.63596,0.63295,0.63596,1040,20,0
2023-01-09,0.63594,0.6411,0.63434,0.63678,55297,12,0
2023-01-10,0.63677,0.63889,0.63417,0.63701,57065,12,0
2023-01-11,0.63704,0.63877,0.6334,0.63661,44889,12,0
2023-01-12,0.63659,0.64169,0.63091,0.63861,64814,12,0
2023-01-13,0.63863,0.64149,0.63344,0.63834,55506,12,0
2023-01-15,0.6375,0.63969,0.636,0.63809,817,20,0
2023-01-16,0.6381,0.64261,0.63538,0.63852,34770,12,0
2023-01-17,0.63856,0.64372,0.63657,0.64312,56066,12,0
2023-01-18,0.64313,0.65298,0.64173,0.64438,68551,12,0
2023-01-19,0.64441,0.6448,0.63645,0.63917,55647,12,0
2023-01-20,0.63938,0.64759,0.63907,0.64711,47163,12,0
2023-01-22,0.6464,0.64879,0.64492,0.64875,728,20,0
2023-01-23,0.64877,0.64987,0.64368,0.64884,48660,12,0
2023-01-24,0.64886,0.65226,0.6463,0.6494,48076,12,0
2023-01-25,0.64943,0.64971,0.64487,0.64806,51920,12,0
2023-01-26,0.64807,0.65138,0.64562,0.64892,48370,12,0
2023-01-27,0.64895,0.65112,0.64604,0.64904,41885,12,0
2023-01-29,0.64806,0.64908,0.64751,0.64908,619,20,0
2023-01-30,0.64909,0.65076,0.64555,0.64673,43423,12,0
2023-01-31,0.64675,0.64784,0.64122,0.64364,49863,12,0
2023-02-01,0.64363,0.65217,0.64161,0.65144,59065,12,0
2023-02-02,0.65146,0.65375,0.64621,0.64739,60382,12,0
2023-02-03,0.64737,0.64807,0.63223,0.63244,57574,0,0
2023-02-05,0.63065,0.63303,0.62957,0.63247,1127,20,0
2023-02-06,0.63244,0.63337,0.62695,0.63074,46336,12,0
2023-02-07,0.63072,0.63588,0.62721,0.63209,63954,12,0
2023-02-08,0.63207,0.63477,0.62957,0.63129,45461,12,0
2023-02-09,0.63132,0.63888,0.63022,0.63253,42032,12,0
2023-02-10,0.63251,0.63456,0.62977,0.63077,46969,12,0
2023-02-12,0.6306,0.63105,0.63026,0.63105,666,20,0
2023-02-13,0.63106,0.63652,0.62887,0.63595,35640,12,0
2023-02-14,0.63593,0.63895,0.62959,0.63338,63091,12,0
2023-02-15,0.63336,0.63336,0.62517,0.62783,46756,12,0
2023-02-16,0.6278,0.63087,0.62319,0.62442,48825,12,0
2023-02-17,0.62438,0.62485,0.61931,0.6242,42760,12,0
2023-02-19,0.62311,0.62394,0.62277,0.62341,638,20,0
2023-02-20,0.62342,0.62611,0.62209,0.62557,17506,12,0
2023-02-21,0.62556,0.62609,0.62021,0.62154,49057,12,0
2023-02-22,0.62156,0.6251,0.62032,0.62222,49828,12,0
2023-02-23,0.62224,0.62503,0.62016,0.62292,44361,12,0
2023-02-24,0.62293,0.62432,0.61505,0.61622,47050,12,0
2023-02-26,0.61591,0.61645,0.61523,0.61629,696,20,0
2023-02-27,0.61627,0.61791,0.61304,0.61628,37763,12,0
2023-02-28,0.61627,0.62071,0.61319,0.61852,37649,12,0
2023-03-01,0.61848,0.62752,0.61652,0.62529,48360,12,0
2023-03-02,0.62532,0.62548,0.61978,0.62183,44308,12,0
2023-03-03,0.62181,0.6241,0.61919,0.62208,38655,12,0
2023-03-05,0.62139,0.6216,0.6205,0.62078,493,20,0
2023-03-06,0.62079,0.62249,0.61719,0.61967,33173,12,0
2023-03-07,0.61965,0.62214,0.60997,0.61095,50760,12,0
2023-03-08,0.61097,0.6137,0.60836,0.6113,39980,12,0
2023-03-09,0.61127,0.61503,0.60888,0.60997,34894,12,0
2023-03-10,0.61001,0.61763,0.60917,0.61346,66636,12,0
2023-03-12,0.61371,0.61721,0.61299,0.61585,3641,20,0
2023-03-13,0.61589,0.62637,0.61417,0.62128,85146,12,0
2023-03-14,0.62131,0.62473,0.61801,0.62285,65600,12,0
2023-03-15,0.62289,0.62641,0.61371,0.61604,71187,12,0
2023-03-16,0.61608,0.62048,0.6145,0.62028,53785,12,0
2023-03-17,0.62032,0.62765,0.6192,0.62667,43248,12,0
2023-03-19,0.62725,0.62792,0.62668,0.62713,1603,20,0
2023-03-20,0.62718,0.62787,0.6228,0.62409,41017,12,0
2023-03-21,0.62413,0.62452,0.61664,0.61919,33449,12,0
2023-03-22,0.61923,0.6282,0.6171,0.6229,41454,12,0
2023-03-23,0.62294,0.62938,0.6226,0.62452,42020,12,0
2023-03-24,0.62455,0.6248,0.61912,0.62006,39323,12,0
2023-03-26,0.61981,0.621,0.61924,0.62094,958,20,0
2023-03-27,0.62098,0.62111,0.618,0.62015,30775,12,0
2023-03-28,0.62019,0.62542,0.62001,0.6252,28284,12,0
2023-03-29,0.62524,0.62702,0.6214,0.62176,29439,12,0
2023-03-30,0.62179,0.62692,0.62024,0.62682,26943,12,0
2023-03-31,0.62685,0.6297,0.62366,0.62541,31081,12,0
2023-04-02,0.62527,0.62528,0.62219,0.62231,1331,20,0
2023-04-03,0.62235,0.63068,0.6207,0.62988,32658,12,0
2023-04-04,0.62992,0.63159,0.62731,0.63153,34293,12,0
2023-04-05,0.6315,0.63728,0.62843,0.6317,36490,12,0
2023-04-06,0.63171,0.63201,0.62193,0.62326,26139,12,0
2023-04-07,0.62328,0.62671,0.62082,0.62446,20810,29,0
2023-04-09,0.62377,0.62545,0.62316,0.62532,665,20,0
2023-04-10,0.62537,0.62557,0.6193,0.62257,21420,12,0
2023-04-11,0.62261,0.62329,0.6183,0.6193,26343,12,0
2023-04-12,0.61934,0.6241,0.61814,0.62167,32258,12,0
2023-04-13,0.62171,0.63142,0.62026,0.63018,27967,12,0
2023-04-14,0.63016,0.63139,0.61946,0.6208,33428,12,0
2023-04-16,0.62008,0.62077,0.6197,0.62007,738,20,0
2023-04-17,0.62011,0.62101,0.61606,0.61803,27904,12,0
2023-04-18,0.61807,0.6224,0.61788,0.62134,26641,12,0
2023-04-19,0.62138,0.62253,0.61549,0.61611,28103,12,0
2023-04-20,0.61616,0.62027,0.61485,0.61776,30292,12,0
2023-04-21,0.61779,0.61779,0.61256,0.61381,28018,12,0
2023-04-23,0.61366,0.61447,0.61317,0.61404,482,20,0
2023-04-24,0.61408,0.61748,0.61247,0.61743,26111,12,0
2023-04-25,0.61746,0.61868,0.61288,0.61457,28249,12,0
2023-04-26,0.61461,0.61481,0.61082,0.61194,35462,12,0
2023-04-27,0.61196,0.61603,0.61137,0.61446,33947,12,0
2023-04-28,0.6145,0.61866,0.61233,0.61813,35802,12,0
2023-04-30,0.61726,0.61831,0.61693,0.61701,971,20,0
2023-05-01,0.61706,0.61989,0.61604,0.6163,26288,12,0
2023-05-02,0.61635,0.62295,0.61622,0.62239,36168,12,0
2023-05-03,0.62241,0.62598,0.62052,0.62076,36656,12,0
2023-05-04,0.6208,0.62979,0.62064,0.62891,40325,12,0
2023-05-05,0.62896,0.63149,0.62624,0.62939,30535,12,0
2023-05-07,0.62907,0.63023,0.62818,0.62974,683,20,0
2023-05-08,0.62978,0.63589,0.62936,0.63356,22265,12,0
2023-05-09,0.6336,0.63437,0.63174,0.63368,23291,12,0
2023-05-10,0.63371,0.63804,0.63233,0.63694,30718,12,0
2023-05-11,0.63698,0.63839,0.62883,0.6292,32594,12,0
2023-05-12,0.62925,0.62994,0.61815,0.61883,27411,12,0
2023-05-14,0.61887,0.6195,0.61887,0.61943,444,20,0
2023-05-15,0.61946,0.62451,0.61862,0.62427,23383,12,0
2023-05-16,0.62431,0.62593,0.62226,0.62357,27468,12,0
2023-05-17,0.62354,0.62724,0.62276,0.62443,29107,12,0
2023-05-18,0.6244,0.62686,0.62032,0.62346,28945,12,0
2023-05-19,0.6235,0.63049,0.62285,0.62744,33773,12,0
2023-05-21,0.6262,0.6283,0.62616,0.62819,555,20,0
2023-05-22,0.62823,0.62918,0.62611,0.62846,31798,12,0
2023-05-23,0.6285,0.63021,0.62332,0.62483,32511,12,0
2023-05-24,0.62487,0.6256,0.60897,0.61033,38944,12,0
2023-05-25,0.61036,0.61036,0.60433,0.60523,32397,12,0
2023-05-26,0.60526,0.60958,0.60323,0.60452,32074,12,0
2023-05-28,0.60434,0.60565,0.6036,0.60545,733,20,0
2023-05-29,0.60548,0.60702,0.60419,0.6043,14999,12,0
2023-05-30,0.60434,0.6066,0.60243,0.6045,31443,12,0
2023-05-31,0.60454,0.60467,0.59845,0.60223,34052,12,0
2023-06-01,0.60227,0.60765,0.59898,0.60635,31309,12,0
2023-06-02,0.60634,0.61105,0.60548,0.60582,32776,12,0
2023-06-04,0.60578,0.6062,0.60485,0.60558,732,20,0
2023-06-05,0.60562,0.60847,0.60404,0.60695,28069,12,0
2023-06-06,0.60699,0.60997,0.60448,0.6078,29762,12,0
2023-06-07,0.60783,0.60963,0.60294,0.60406,28575,12,0
2023-06-08,0.60409,0.60985,0.60396,0.60926,28135,12,0
2023-06-09,0.6093,0.61384,0.6084,0.61287,25634,12,0
2023-06-11,0.61157,0.61299,0.61151,0.61288,498,20,0
2023-06-12,0.61292,0.61521,0.61048,0.61267,23532,12,0
2023-06-13,0.61271,0.61773,0.61058,0.61589,33613,12,0
2023-06-14,0.61592,0.62355,0.61415,0.61965,34436,12,0
2023-06-15,0.6197,0.62423,0.61549,0.62335,30587,12,0
2023-06-16,0.62339,0.6247,0.62092,0.62368,31189,12,0
2023-06-18,0.62249,0.62348,0.62199,0.62292,1680,20,0
2023-06-19,0.62295,0.62326,0.61909,0.62001,32297,12,0
2023-06-20,0.62005,0.6205,0.61332,0.61656,45439,12,0
2023-06-21,0.6166,0.62171,0.61553,0.62052,47024,12,0
2023-06-22,0.62056,0.62221,0.61703,0.61803,42975,12,0
2023-06-23,0.61807,0.61899,0.61162,0.61416,43122,12,0
2023-06-25,0.61393,0.61525,0.61337,0.61472,1560,20,0
2023-06-26,0.61477,0.61763,0.61371,0.61618,38793,12,0
2023-06-27,0.61621,0.61996,0.61547,0.61562,43692,12,0
2023-06-28,0.61565,0.61569,0.6067,0.60724,41231,12,0
2023-06-29,0.60729,0.61014,0.60496,0.60637,41826,12,0
2023-06-30,0.60641,0.61414,0.60584,0.6136,40666,12,0
2023-07-02,0.61261,0.61347,0.61253,0.61298,868,20,0
2023-07-03,0.61302,0.61698,0.61258,0.61549,37631,12,0
2023-07-04,0.61553,0.62121,0.61405,0.61964,28113,12,0
2023-07-05,0.61968,0.62063,0.61698,0.6176,38516,12,0
2023-07-06,0.61763,0.62184,0.61316,0.61606,45492,12,0
2023-07-07,0.6161,0.62191,0.61534,0.62091,42157,12,0
2023-07-09,0.61986,0.62076,0.61891,0.62049,1538,20,0
2023-07-10,0.62053,0.62175,0.61657,0.62047,37798,12,0
2023-07-11,0.62051,0.62241,0.61661,0.61977,39611,12,0
2023-07-12,0.61978,0.63081,0.61817,0.63037,45899,12,0
2023-07-13,0.63041,0.63958,0.62999,0.63906,44731,12,0
2023-07-14,0.63911,0.6411,0.63639,0.63692,43641,12,0
2023-07-16,0.6358,0.63678,0.63574,0.6364,1509,20,0
2023-07-17,0.63644,0.6365,0.63076,0.632,35762,12,0
2023-07-18,0.63204,0.63434,0.62591,0.62935,47020,12,0
2023-07-19,0.62935,0.62992,0.62244,0.62615,46278,12,0
2023-07-20,0.62619,0.63072,0.62124,0.62297,46873,12,0
2023-07-21,0.62297,0.62375,0.61631,0.6167,40905,12,0
2023-07-23,0.61657,0.61709,0.61631,0.61662,1389,20,0
2023-07-24,0.61667,0.62142,0.61552,0.61981,45480,12,0
2023-07-25,0.61985,0.6229,0.61889,0.62143,41996,12,0
2023-07-26,0.62148,0.62338,0.61812,0.62107,48429,12,0
2023-07-27,0.62111,0.62729,0.61722,0.61871,52707,12,0
2023-07-28,0.61873,0.61883,0.612,0.61552,57821,12,0
2023-07-30,0.61419,0.6164,0.61363,0.61579,1825,20,0
2023-07-31,0.61581,0.62249,0.61549,0.62023,40485,12,0
2023-08-01,0.62027,0.62165,0.61303,0.61383,42851,12,0
2023-08-02,0.6139,0.61392,0.60675,0.60848,43035,12,0
2023-08-03,0.60852,0.60968,0.60596,0.60808,49676,12,0
2023-08-04,0.60812,0.61325,0.60691,0.60981,44107,12,0
2023-08-06,0.609,0.60991,0.60864,0.60981,1544,20,0
2023-08-07,0.60987,0.61164,0.60841,0.61055,33608,12,0
2023-08-08,0.61059,0.61073,0.60339,0.60566,37471,12,0
2023-08-09,0.60565,0.6094,0.60382,0.60602,35696,12,0
2023-08-10,0.60598,0.61176,0.60108,0.60108,45428,12,0
2023-08-11,0.60112,0.60229,0.59743,0.5983,39379,12,0
2023-08-13,0.59799,0.59909,0.59779,0.59825,1866,20,0
2023-08-14,0.59828,0.59896,0.59429,0.59731,39548,12,0
2023-08-15,0.59728,0.59961,0.59446,0.59557,46029,12,0
2023-08-16,0.59562,0.59926,0.59227,0.59303,43007,12,0
2023-08-17,0.59303,0.59632,0.59025,0.59246,44701,12,0
2023-08-18,0.59249,0.59464,0.59085,0.59216,39730,12,0
2023-08-20,0.59152,0.59286,0.59147,0.59254,1613,20,0
2023-08-21,0.59259,0.59335,0.58956,0.59281,38610,12,0
2023-08-22,0.59285,0.59713,0.59227,0.5939,37899,12,0
2023-08-23,0.59394,0.59846,0.59263,0.5973,40315,12,0
2023-08-24,0.59734,0.59792,0.59154,0.59183,37343,12,0
2023-08-25,0.59187,0.5942,0.58855,0.59032,39532,12,0
2023-08-27,0.59001,0.59108,0.58979,0.59089,1450,20,0
2023-08-28,0.59093,0.59254,0.58944,0.59065,33705,12,0
2023-08-29,0.59069,0.59768,0.58865,0.59659,38121,12,0
2023-08-30,0.59663,0.60059,0.5939,0.5953,39382,12,0
2023-08-31,0.59533,0.59774,0.59297,0.59732,41118,12,0
2023-09-01,0.59732,0.60142,0.59337,0.59399,41589,12,0
2023-09-03,0.59371,0.59427,0.59304,0.59413,1175,20,0
2023-09-04,0.59417,0.59598,0.59263,0.59353,23825,12,0
2023-09-05,0.59356,0.59381,0.58583,0.58824,39223,12,0
2023-09-06,0.58829,0.59034,0.58588,0.58694,41012,12,0
2023-09-07,0.58698,0.58938,0.58585,0.58773,34140,12,0
2023-09-08,0.58777,0.59171,0.58767,0.58834,31424,12,0
2023-09-10,0.58817,0.59027,0.58764,0.58991,1720,20,0
2023-09-11,0.58995,0.59343,0.58954,0.59143,34335,12,0
2023-09-12,0.59147,0.5921,0.58883,0.59081,32606,12,0
2023-09-13,0.59085,0.59261,0.58794,0.59188,42107,12,0
2023-09-14,0.59192,0.59431,0.59005,0.5902,39534,12,0
2023-09-15,0.5902,0.59368,0.5892,0.58978,33464,12,0
2023-09-17,0.58937,0.59055,0.58916,0.59039,1011,20,0
2023-09-18,0.59043,0.59225,0.58937,0.59194,27786,12,0
2023-09-19,0.59197,0.5953,0.59107,0.59489,28349,12,0
2023-09-20,0.59492,0.59848,0.59199,0.5923,39984,12,0
2023-09-21,0.59233,0.59412,0.58952,0.59301,38801,12,0
2023-09-22,0.59303,0.59882,0.59185,0.59599,33452,12,0
2023-09-24,0.59552,0.59602,0.59537,0.59553,1321,20,0
2023-09-25,0.59557,0.59736,0.59423,0.59656,31564,12,0
2023-09-26,0.5966,0.59728,0.59354,0.59463,34827,12,0
2023-09-27,0.59469,0.59562,0.58989,0.59147,38522,12,0
2023-09-28,0.59146,0.59727,0.59138,0.59626,42272,12,0
2023-09-29,0.59629,0.60479,0.59617,0.59971,44184,12,0
2023-10-01,0.59889,0.5998,0.59768,0.59946,1560,20,0
2023-10-02,0.59951,0.60072,0.59364,0.59396,36961,12,0
2023-10-03,0.594,0.594,0.58869,0.59118,47824,12,0
2023-10-04,0.59122,0.59246,0.58702,0.59173,48159,12,0
2023-10-05,0.59177,0.59699,0.59104,0.59657,42274,12,0
2023-10-06,0.59661,0.60031,0.59227,0.59896,44077,12,0
2023-10-08,0.59581,0.59741,0.59565,0.59708,2543,20,0
2023-10-09,0.59714,0.60322,0.59595,0.60301,37146,12,0
2023-10-10,0.60305,0.60481,0.59979,0.60402,45087,12,0
2023-10-11,0.60406,0.60548,0.60063,0.6018,41827,12,0
2023-10-12,0.60184,0.6025,0.59186,0.59192,40116,12,0
2023-10-13,0.59197,0.59281,0.58827,0.58837,39143,12,0
2023-10-15,0.58949,0.59061,0.58929,0.59057,2032,20,0
2023-10-16,0.59061,0.5929,0.58967,0.58994,35689,12,0
2023-10-17,0.58998,0.59136,0.58702,0.58937,39410,12,0
2023-10-18,0.58941,0.59191,0.58476,0.58527,40581,12,0
2023-10-19,0.58531,0.5866,0.58147,0.584,48406,12,0
2023-10-20,0.58404,0.58404,0.58161,0.58277,36741,12,0
2023-10-22,0.58196,0.5831,0.58163,0.58278,1429,20,0
2023-10-23,0.58282,0.58571,0.58068,0.58498,33501,12,0
2023-10-24,0.58502,0.58721,0.58282,0.58456,36601,12,0
2023-10-25,0.58461,0.5869,0.57836,0.57908,37430,12,0
2023-10-26,0.57912,0.58289,0.57725,0.58268,40915,12,0
2023-10-27,0.58269,0.58431,0.58046,0.58084,35090,12,0
2023-10-29,0.58049,0.5813,0.58023,0.58068,1626,20,0
2023-10-30,0.58073,0.58442,0.58047,0.58382,31535,12,0
2023-10-31,0.58386,0.58563,0.57915,0.58061,37296,12,0
2023-11-01,0.58065,0.5878,0.57881,0.5878,43340,12,0
2023-11-02,0.58789,0.59164,0.58726,0.58944,34219,12,0
2023-11-03,0.58948,0.59997,0.58836,0.59974,36374,12,0
2023-11-05,0.59867,0.59937,0.59855,0.59925,636,60,0
2023-11-06,0.59945,0.60012,0.59581,0.59584,31258,12,0
2023-11-07,0.59606,0.59655,0.59103,0.59314,33129,12,0
2023-11-08,0.59333,0.59416,0.59038,0.59094,33790,12,0
2023-11-09,0.59114,0.59542,0.58851,0.58871,36334,12,0
2023-11-10,0.58876,0.5904,0.58774,0.58896,30798,12,0
2023-11-12,0.58854,0.58959,0.58794,0.58911,815,60,0
2023-11-13,0.58931,0.58969,0.58696,0.58807,25841,12,0
2023-11-14,0.58814,0.60129,0.58619,0.60026,37058,12,0
2023-11-15,0.60031,0.6054,0.59968,0.60269,38308,12,0
2023-11-16,0.60273,0.60281,0.59624,0.59631,37846,12,0
2023-11-17,0.59636,0.59965,0.59396,0.599,34969,12,0
2023-11-19,0.59851,0.59982,0.59763,0.59914,1095,60,0
2023-11-20,0.59934,0.60426,0.59879,0.60381,36996,12,0
2023-11-21,0.60385,0.60854,0.60356,0.60523,40685,12,0
2023-11-22,0.60528,0.60635,0.59957,0.60193,36252,12,0
2023-11-23,0.60198,0.60659,0.60196,0.60466,23762,12,0
2023-11-24,0.60471,0.60876,0.60436,0.60803,26935,12,0
2023-11-26,0.60728,0.60809,0.6072,0.60739,853,60,0
2023-11-27,0.60759,0.61068,0.606,0.61016,35994,12,0
2023-11-28,0.61022,0.61483,0.60793,0.61441,38286,12,0
2023-11-29,0.61446,0.62076,0.61334,0.61531,48653,12,0
2023-11-30,0.61533,0.61814,0.61203,0.61553,47594,12,0
2023-12-01,0.61558,0.6209,0.61502,0.62088,45280,12,0
2023-12-03,0.61782,0.62159,0.61776,0.62124,1769,60,0
2023-12-04,0.62144,0.62216,0.61501,0.61633,43472,12,0
2023-12-05,0.61638,0.61732,0.61241,0.61317,45360,12,0
2023-12-06,0.61322,0.61762,0.61322,0.61384,39492,12,0
2023-12-07,0.61389,0.61924,0.61125,0.6159,41138,12,0
2023-12-08,0.61599,0.61745,0.6103,0.61214,48577,12,0
2023-12-10,0.61134,0.61239,0.61094,0.61212,938,60,0
2023-12-11,0.61231,0.61314,0.61042,0.61207,34765,12,0
2023-12-12,0.61212,0.61693,0.61042,0.61353,39915,12,0
2023-12-13,0.6136,0.6213,0.60833,0.619,46185,12,0
2023-12-14,0.61904,0.62488,0.61848,0.6212,59574,12,0
2023-12-15,0.62124,0.62287,0.61772,0.62082,45903,12,0
2023-12-17,0.6189,0.62102,0.6189,0.62063,1330,60,0
2023-12-18,0.62083,0.62505,0.62013,0.62129,36836,12,0
2023-12-19,0.62136,0.62718,0.62134,0.62642,38941,12,0
2023-12-20,0.6265,0.62982,0.62407,0.62521,39684,12,0
2023-12-21,0.62526,0.62963,0.62379,0.62925,43998,12,0
2023-12-22,0.62929,0.63174,0.62749,0.62951,39298,12,0
2023-12-25,0.62661,0.62964,0.62614,0.62952,905,169,0
2023-12-26,0.6295,0.63333,0.62939,0.63282,18462,20,0
2023-12-27,0.63288,0.63476,0.63153,0.63464,22621,20,0
2023-12-28,0.63469,0.63684,0.63234,0.6333,27958,20,0
2023-12-29,0.63334,0.63579,0.63037,0.63172,28020,20,0
2024-01-01,0.62895,0.63126,0.62873,0.63062,1627,167,0
2024-01-02,0.63063,0.63159,0.62446,0.62498,32699,20,0
2024-01-03,0.62503,0.6275,0.62181,0.62503,35899,12,0
2024-01-04,0.62508,0.62845,0.62203,0.62291,32373,20,0
2024-01-05,0.62296,0.62769,0.61804,0.62437,38535,20,0
2024-01-07,0.62314,0.62461,0.62296,0.62449,944,60,0
2024-01-08,0.62469,0.62601,0.62116,0.62487,28578,20,0
2024-01-09,0.62493,0.62658,0.62252,0.62363,29195,20,0
2024-01-10,0.62367,0.62533,0.62149,0.6227,26802,20,0
2024-01-11,0.62275,0.62603,0.61949,0.62407,34946,20,0
2024-01-12,0.62416,0.62771,0.62293,0.62399,29326,20,0
2024-01-14,0.62366,0.62382,0.62237,0.62285,1364,60,0
2024-01-15,0.62306,0.62411,0.61823,0.61885,20752,20,0
2024-01-16,0.6189,0.61894,0.61259,0.61391,35659,20,0
2024-01-17,0.61396,0.6151,0.60876,0.61122,32133,20,0
2024-01-18,0.61129,0.61349,0.60929,0.61183,32847,20,0
2024-01-19,0.61188,0.61254,0.60888,0.61139,27449,20,0
2024-01-21,0.61106,0.6117,0.61051,0.61147,1004,60,0
2024-01-22,0.61167,0.61379,0.60637,0.60718,26184,20,0
2024-01-23,0.60724,0.6116,0.60611,0.61013,29686,20,0
2024-01-24,0.61017,0.61478,0.6088,0.61064,30542,20,0
2024-01-25,0.61065,0.61314,0.60992,0.61069,30930,20,0
2024-01-26,0.6107,0.61197,0.60897,0.6091,24849,20,0
2024-01-28,0.60864,0.60916,0.60821,0.60878,983,60,0
2024-01-29,0.60897,0.61429,0.60868,0.61318,23227,20,0
2024-01-30,0.61323,0.61484,0.61047,0.61303,26850,20,0
2024-01-31,0.61308,0.61727,0.61007,0.61113,41587,20,0
2024-02-01,0.61117,0.61451,0.6079,0.61434,34717,20,0
2024-02-02,0.61438,0.61598,0.60579,0.60634,27770,20,0
2024-02-04,0.60634,0.60647,0.60471,0.60602,1554,60,0
2024-02-05,0.60617,0.6081,0.60374,0.6051,24840,20,0
2024-02-06,0.60519,0.6105,0.60457,0.60976,27464,20,0
2024-02-07,0.6098,0.61239,0.60914,0.6108,24751,20,0
2024-02-08,0.6108,0.61228,0.6078,0.61083,23528,20,0
2024-02-09,0.61123,0.61575,0.6106,0.61484,23094,20,0
2024-02-11,0.61445,0.61474,0.61323,0.61437,1580,60,0
2024-02-12,0.61467,0.61508,0.61194,0.61238,20672,20,0
2024-02-13,0.61262,0.61283,0.60489,0.60531,27201,20,0
2024-02-14,0.60562,0.60911,0.60505,0.60861,23799,20,0
2024-02-15,0.60886,0.61264,0.60792,0.6107,23803,20,0
2024-02-16,0.61096,0.61348,0.60853,0.61231,22725,20,0
2024-02-18,0.61175,0.61331,0.61175,0.61319,1115,60,0
2024-02-19,0.61336,0.61513,0.61314,0.61393,16277,20,0
2024-02-20,0.61414,0.61899,0.61282,0.61639,24570,20,0
2024-02-21,0.61663,0.61968,0.61613,0.6177,23931,20,0
2024-02-22,0.61802,0.6217,0.6176,0.61904,25104,20,0
2024-02-23,0.61932,0.62103,0.61797,0.61962,19619,20,0
2024-02-25,0.6188,0.61926,0.61817,0.61829,1054,60,0
2024-02-26,0.61839,0.6187,0.61602,0.61628,21486,20,0
2024-02-27,0.61656,0.6177,0.61505,0.61658,21071,20,0
2024-02-28,0.61683,0.61768,0.6081,0.6092,25095,20,0
2024-02-29,0.60957,0.61109,0.60762,0.6082,25200,20,0
2024-03-01,0.60863,0.61111,0.60779,0.61058,21654,20,0
2024-03-03,0.61026,0.61063,0.60992,0.60998,1063,60,0
2024-03-04,0.6102,0.61105,0.60864,0.60921,18443,20,0
2024-03-05,0.6094,0.61091,0.60701,0.6084,22426,20,0
2024-03-06,0.60862,0.61431,0.6068,0.61245,23801,20,0
2024-03-07,0.61275,0.61748,0.61261,0.61748,24952,20,0
2024-03-08,0.61775,0.62158,0.61606,0.61754,26784,20,0
2024-03-10,0.61579,0.61792,0.61574,0.61785,1602,20,0
2024-03-11,0.61786,0.61816,0.61593,0.61693,20973,20,0
2024-03-12,0.6169,0.61834,0.61347,0.61481,26133,20,0
2024-03-13,0.6148,0.6169,0.61443,0.61634,19674,20,0
2024-03-14,0.61634,0.61741,0.61194,0.61227,22742,20,0
2024-03-15,0.61228,0.61235,0.60799,0.60835,18137,20,0
2024-03-17,0.60819,0.60864,0.60764,0.6086,1323,20,0
2024-03-18,0.60861,0.60992,0.60763,0.60809,16566,20,0
2024-03-19,0.60811,0.60819,0.60335,0.60472,21027,20,0
2024-03-20,0.60463,0.60917,0.60237,0.60895,24131,20,0
2024-03-21,0.60889,0.61058,0.60366,0.60448,23426,20,0
2024-03-22,0.6045,0.60508,0.59885,0.59921,17797,20,0
2024-03-24,0.59861,0.59941,0.59818,0.59886,1436,20,0
2024-03-25,0.59887,0.60119,0.59855,0.59995,16269,20,0
2024-03-26,0.59995,0.60301,0.59954,0.60061,16820,20,0
2024-03-27,0.60061,0.60096,0.59859,0.59915,17151,20,0
2024-03-28,0.59915,0.60033,0.59556,0.59723,18961,20,0
2024-03-29,0.59723,0.59856,0.59657,0.5972,3933,20,0
2024-03-31,0.59736,0.59873,0.59733,0.59843,1548,20,0
2024-04-01,0.5985,0.59917,0.59387,0.59508,13570,20,0
2024-04-02,0.59508,0.59723,0.59426,0.59678,17266,20,0
2024-04-03,0.59675,0.60152,0.59517,0.60131,17910,20,0
2024-04-04,0.60132,0.60454,0.60113,0.60253,16944,20,0
2024-04-05,0.60256,0.60302,0.59846,0.60108,20424,20,0
2024-04-07,0.6005,0.60102,0.59962,0.60028,1333,20,0
2024-04-08,0.60028,0.60376,0.59989,0.60328,20242,20,0
2024-04-09,0.60334,0.60758,0.6033,0.60633,18873,20,0
2024-04-10,0.60642,0.60818,0.59642,0.59736,29983,20,0
2024-04-11,0.59739,0.60137,0.59683,0.59995,27662,20,0
2024-04-12,0.60003,0.60094,0.59318,0.59351,23826,20,0
2024-04-14,0.59277,0.59488,0.59254,0.5944,1833,20,0
2024-04-15,0.59431,0.59525,0.58968,0.59014,27054,20,0
2024-04-16,0.59013,0.59063,0.58564,0.589,31778,20,0
2024-04-17,0.58905,0.59242,0.58904,0.59122,27476,20,0
2024-04-18,0.59123,0.59318,0.58943,0.59015,24284,20,0
2024-04-19,0.5901,0.59053,0.58512,0.58865,30798,20,0
2024-04-21,0.58829,0.58996,0.58794,0.58985,1361,20,0
2024-04-22,0.58985,0.59276,0.58937,0.59202,20414,20,0
2024-04-23,0.59202,0.59472,0.59017,0.59347,21913,20,0
2024-04-24,0.59346,0.59511,0.59197,0.5935,21663,20,0
2024-04-25,0.59352,0.59681,0.59191,0.5956,23256,20,0
2024-04-26,0.5956,0.59686,0.59282,0.59386,22349,20,0
2024-04-28,0.59328,0.59469,0.59327,0.59468,1327,20,0
2024-04-29,0.59468,0.59836,0.59411,0.59689,23986,20,0
2024-04-30,0.59691,0.59722,0.58694,0.58766,23138,20,0
2024-05-01,0.58766,0.5939,0.5876,0.59278,25527,20,0
2024-05-02,0.59278,0.5967,0.59135,0.59628,25588,20,0
2024-05-03,0.59629,0.60471,0.59553,0.60095,25848,20,0
2024-05-05,0.6006,0.60126,0.59987,0.6006,1489,20,0
2024-05-06,0.6006,0.60309,0.59947,0.60079,16012,20,0
2024-05-07,0.6008,0.60239,0.59939,0.59956,19908,20,0
2024-05-08,0.59957,0.60057,0.59802,0.60028,15285,20,0
2024-05-09,0.60028,0.60389,0.59916,0.60342,17670,20,0
2024-05-10,0.60342,0.60356,0.60079,0.60187,15652,20,0
2024-05-12,0.60105,0.60218,0.60066,0.60162,1309,20,0
2024-05-13,0.6016,0.60299,0.59994,0.60221,15675,20,0
2024-05-14,0.60221,0.60423,0.59937,0.60413,17091,20,0
2024-05-15,0.60413,0.61309,0.60408,0.6128,20081,20,0
2024-05-16,0.6128,0.61395,0.60946,0.61229,18498,20,0
2024-05-17,0.61229,0.61385,0.61002,0.61332,13528,20,0
2024-05-19,0.61286,0.61367,0.61268,0.6134,854,20,0
2024-05-20,0.6134,0.61361,0.60957,0.61058,17379,20,0
2024-05-21,0.61058,0.61094,0.60825,0.60916,19001,20,0
2024-05-22,0.60916,0.61499,0.60821,0.60986,22773,20,0
2024-05-23,0.60986,0.61328,0.60903,0.60952,23600,20,0
2024-05-24,0.60949,0.61255,0.60865,0.61202,17910,20,0
2024-05-26,0.61138,0.61248,0.61105,0.61197,1245,20,0
2024-05-27,0.61197,0.61527,0.61192,0.61504,11453,20,0
2024-05-28,0.61505,0.61691,0.61343,0.61392,21140,20,0
2024-05-29,0.61392,0.61471,0.6108,0.61121,23233,20,0
2024-05-30,0.6112,0.61303,0.60879,0.61144,24676,20,0
2024-05-31,0.61144,0.61646,0.61134,0.61426,25042,20,0
2024-06-02,0.61289,0.61483,0.61289,0.6147,1718,20,0
2024-06-03,0.6147,0.61933,0.61328,0.61913,25741,20,0
2024-06-04,0.61912,0.61972,0.61548,0.61735,28719,20,0
2024-06-05,0.61735,0.61973,0.61696,0.61955,24759,20,0
2024-06-06,0.61953,0.62143,0.61728,0.61954,21871,20,0
2024-06-07,0.61954,0.62025,0.6101,0.61017,24898,20,0
2024-06-09,0.60994,0.61072,0.60978,0.61043,1302,20,0
2024-06-10,0.61044,0.61312,0.60987,0.61276,19293,20,0
2024-06-11,0.61276,0.61491,0.61169,0.61444,21007,20,0
2024-06-12,0.61444,0.6221,0.6134,0.61854,30121,20,0
2024-06-13,0.61853,0.61978,0.61577,0.61579,24506,20,0
2024-06-14,0.6158,0.61613,0.6115,0.61408,27119,20,0
2024-06-16,0.61263,0.61393,0.61254,0.61354,1561,20,0
2024-06-17,0.61354,0.61368,0.61038,0.61337,22092,20,0
2024-06-18,0.61337,0.61475,0.60962,0.61391,25395,20,0
2024-06-19,0.61391,0.61441,0.61249,0.61368,14536,20,0
2024-06-20,0.61369,0.61376,0.61108,0.61211,23299,20,0
2024-06-21,0.61212,0.61334,0.61082,0.61175,20184,20,0
2024-06-23,0.61085,0.61174,0.61059,0.61098,1070,20,0
2024-06-24,0.61099,0.61392,0.6104,0.61184,18131,20,0
2024-06-25,0.61184,0.61295,0.61069,0.61166,19073,20,0
2024-06-26,0.61166,0.61271,0.60731,0.60791,20675,20,0
2024-06-27,0.6079,0.61076,0.60678,0.60828,19585,20,0
2024-06-28,0.6083,0.6104,0.60568,0.60906,22303,20,0
2024-06-30,0.60843,0.61027,0.60843,0.60975,1568,20,0
2024-07-01,0.60978,0.61064,0.60628,0.60633,20828,20,0
2024-07-02,0.60632,0.60828,0.60467,0.60805,20150,20,0
2024-07-03,0.60805,0.61279,0.60688,0.61064,18695,20,0
2024-07-04,0.61064,0.61216,0.6105,0.61119,11251,20,0
2024-07-05,0.61119,0.61479,0.61051,0.61444,19776,20,0
2024-07-07,0.61291,0.61451,0.61291,0.61397,1442,20,0
2024-07-08,0.61397,0.61525,0.61165,0.61296,17476,20,0
2024-07-09,0.61296,0.6132,0.61113,0.61259,17579,20,0
2024-07-10,0.61259,0.61309,0.60642,0.60865,18880,20,0
2024-07-11,0.60865,0.61336,0.60813,0.6094,24244,20,0
2024-07-12,0.60941,0.61251,0.60754,0.61177,21493,20,0
2024-07-14,0.60977,0.61089,0.60921,0.60945,1864,6,0
2024-07-15,0.60945,0.61012,0.60676,0.60749,20136,7,0
2024-07-16,0.60749,0.60755,0.60228,0.60695,21676,20,0
2024-07-17,0.60695,0.60965,0.60642,0.6079,24250,20,0
2024-07-18,0.6079,0.60808,0.60368,0.60415,23652,20,0
2024-07-19,0.60415,0.60415,0.60046,0.60077,19998,20,0
2024-07-21,0.60023,0.60269,0.6,0.60227,2024,20,0
2024-07-22,0.60226,0.60226,0.5971,0.59757,18433,20,0
2024-07-23,0.59757,0.59791,0.59492,0.59511,16432,20,0
2024-07-24,0.59511,0.59516,0.59129,0.59246,20398,20,0
2024-07-25,0.59245,0.59259,0.58799,0.58882,25428,20,0
2024-07-26,0.58882,0.59046,0.58822,0.58865,15663,20,0
2024-07-28,0.58846,0.58948,0.58843,0.58874,1426,20,0
2024-07-29,0.58873,0.58995,0.58569,0.58758,15566,20,0
2024-07-30,0.58757,0.59063,0.5867,0.59018,18179,20,0
2024-07-31,0.59019,0.59607,0.58872,0.59505,28046,20,0
2024-08-01,0.59505,0.59815,0.5933,0.59347,26444,20,0
2024-08-02,0.59347,0.59835,0.59297,0.59566,28170,20,0
2024-08-04,0.59535,0.59572,0.59391,0.59456,3068,20,0
2024-08-05,0.59456,0.59704,0.58494,0.59488,53585,20,0
2024-08-06,0.5949,0.59913,0.59122,0.59725,40779,20,0
2024-08-07,0.59724,0.60242,0.59701,0.59884,34150,20,0
2024-08-08,0.59888,0.60141,0.59764,0.60046,30209,20,0
2024-08-09,0.60047,0.60339,0.59934,0.59978,21813,20,0
2024-08-11,0.59927,0.59988,0.59886,0.59918,1197,20,0
2024-08-12,0.59918,0.60317,0.59912,0.60215,18282,20,0
2024-08-13,0.60214,0.60806,0.60165,0.60775,20552,20,0
2024-08-14,0.60775,0.60829,0.59899,0.59973,27100,20,0
2024-08-15,0.59973,0.60138,0.59735,0.59793,21485,20,0
2024-08-16,0.59793,0.60545,0.5979,0.60525,15681,20,0
2024-08-18,0.60398,0.6059,0.60395,0.60557,858,20,0
2024-08-19,0.60559,0.61165,0.60536,0.61165,11803,20,0
2024-08-20,0.61166,0.61576,0.61103,0.61552,13593,20,0
2024-08-21,0.6155,0.61769,0.61317,0.6161,14271,20,0
2024-08-22,0.61608,0.61688,0.61271,0.61406,13578,20,0
2024-08-23,0.61408,0.62356,0.61397,0.62328,14427,20,0
2024-08-25,0.62117,0.62306,0.62117,0.62228,1130,17,0
2024-08-26,0.6223,0.62318,0.61966,0.6204,13100,17,0
2024-08-27,0.62043,0.62539,0.61937,0.62416,13894,17,0
2024-08-28,0.62417,0.62519,0.62234,0.6246,14349,17,0
2024-08-29,0.62461,0.62981,0.6246,0.62618,17717,17,0
2024-08-30,0.62621,0.62734,0.62291,0.62481,13902,17,0
2024-09-01,0.62376,0.62524,0.62376,0.62458,1297,17,0
2024-09-02,0.62458,0.62517,0.62202,0.62286,13923,17,0
2024-09-03,0.62289,0.62349,0.61793,0.61853,27093,17,0
2024-09-04,0.61853,0.62157,0.61683,0.61852,25890,17,0
2024-09-05,0.61853,0.62255,0.61773,0.62229,23751,17,0
2024-09-06,0.62229,0.62533,0.61551,0.61734,29526,17,0
2024-09-08,0.6167,0.61753,0.61651,0.61687,1703,17,0
2024-09-09,0.61688,0.61853,0.61237,0.61409,21039,17,0
2024-09-10,0.61409,0.61643,0.61311,0.61486,21645,17,0
2024-09-11,0.61486,0.61562,0.61056,0.61314,28956,17,0
2024-09-12,0.61313,0.61877,0.61274,0.61863,25117,17,0
2024-09-13,0.61863,0.6193,0.61514,0.61571,20169,17,0
2024-09-15,0.6146,0.61649,0.6146,0.61621,1298,17,0
2024-09-16,0.61621,0.62011,0.61536,0.61947,20185,17,0
2024-09-17,0.61947,0.62101,0.6175,0.61913,22356,17,0
2024-09-18,0.61912,0.62667,0.61873,0.62089,32320,17,0
2024-09-19,0.62088,0.62678,0.61803,0.62355,34740,17,0
2024-09-20,0.62355,0.62593,0.62093,0.62368,26966,17,0
2024-09-22,0.62261,0.62399,0.62248,0.62347,1256,17,0
2024-09-23,0.62344,0.62791,0.62244,0.62661,24200,17,0
2024-09-24,0.62661,0.63517,0.62583,0.63512,27843,17,0
2024-09-25,0.63515,0.63548,0.62545,0.62546,26666,17,0
2024-09-26,0.62546,0.63341,0.62517,0.63298,30223,17,0
2024-09-27,0.63297,0.63664,0.62952,0.63399,31292,17,0
2024-09-29,0.63319,0.63539,0.63279,0.63485,1807,17,0
2024-09-30,0.63485,0.63779,0.63368,0.63439,32289,17,0
2024-10-01,0.63439,0.63466,0.6264,0.62814,35128,17,0
2024-10-02,0.62814,0.63125,0.62555,0.62576,29449,17,0
2024-10-03,0.62576,0.62576,0.62063,0.62157,31260,17,0
2024-10-04,0.62157,0.62185,0.61448,0.61576,27634,17,0
2024-10-06,0.61533,0.61706,0.61519,0.6158,1923,17,0
2024-10-07,0.61577,0.61689,0.61117,0.61269,29049,17,0
2024-10-08,0.6127,0.61441,0.61067,0.61298,31372,17,0
2024-10-09,0.61298,0.61373,0.60513,0.60674,32339,17,0
2024-10-10,0.60672,0.60968,0.60542,0.60945,32674,17,0
2024-10-11,0.60946,0.61188,0.60831,0.61088,20367,17,0
2024-10-13,0.60859,0.61,0.60858,0.60897,1889,17,0
2024-10-14,0.60897,0.61021,0.60693,0.60892,23968,17,0
2024-10-15,0.60894,0.6105,0.60505,0.6051,27128,17,0
2024-10-16,0.6051,0.60788,0.6039,0.60574,26577,17,0
2024-10-17,0.60573,0.60748,0.60438,0.60593,27753,17,0
2024-10-18,0.60593,0.60792,0.60556,0.60712,22221,17,0
2024-10-20,0.60648,0.60759,0.60621,0.60753,1113,17,0
2024-10-21,0.60753,0.60833,0.60209,0.60223,24202,17,0
2024-10-22,0.60222,0.60602,0.60203,0.60426,24422,17,0
2024-10-23,0.60426,0.60522,0.59903,0.60047,22481,17,0
2024-10-24,0.60047,0.60312,0.59992,0.60069,24157,17,0
2024-10-25,0.60068,0.60125,0.59733,0.59766,21447,17,0
2024-10-27,0.59625,0.59834,0.59625,0.59775,1723,17,0
2024-10-28,0.59774,0.59967,0.59571,0.59879,20720,17,0
2024-10-29,0.59879,0.59887,0.59527,0.59685,24119,17,0
2024-10-30,0.59685,0.60009,0.59499,0.59703,26667,17,0
2024-10-31,0.59703,0.59823,0.59392,0.59701,28003,17,0
2024-11-01,0.597,0.59982,0.59577,0.59618,25328,17,0
2024-11-03,0.59933,0.59934,0.59681,0.59853,1987,17,0
2024-11-04,0.59852,0.60146,0.59637,0.59723,26832,17,0
2024-11-05,0.59722,0.60182,0.5966,0.60151,25177,17,0
2024-11-06,0.60151,0.602,0.59111,0.59374,58463,17,0
2024-11-07,0.59373,0.60368,0.59302,0.60208,36568,17,0
2024-11-08,0.60208,0.60233,0.59466,0.59654,29810,17,0
2024-11-10,0.59437,0.59674,0.59436,0.59635,1504,17,0
2024-11-11,0.59632,0.59767,0.59512,0.59686,25337,17,0
2024-11-12,0.59686,0.59717,0.59088,0.59218,31514,17,0
2024-11-13,0.59218,0.59464,0.58732,0.58824,32328,17,0
2024-11-14,0.58825,0.58834,0.58386,0.58485,34081,17,0
2024-11-15,0.58484,0.58798,0.58395,0.58658,31009,17,0
2024-11-17,0.5859,0.58648,0.58569,0.58628,1157,17,0
2024-11-18,0.5863,0.58971,0.58356,0.58893,26243,17,0
2024-11-19,0.58893,0.59192,0.58735,0.5918,30587,17,0
2024-11-20,0.5918,0.59212,0.58631,0.58791,23249,17,0
2024-11-21,0.58791,0.58851,0.5849,0.58558,28587,17,0
2024-11-22,0.58558,0.58569,0.58157,0.58344,32047,17,0
2024-11-24,0.58441,0.58683,0.5844,0.58604,1873,17,0
2024-11-25,0.58605,0.58671,0.57975,0.58099,28831,17,0
2024-11-26,0.58099,0.58649,0.57965,0.58355,34758,17,0
2024-11-27,0.58355,0.59073,0.58266,0.58919,34476,17,0
2024-11-28,0.58921,0.59043,0.58797,0.58949,20461,17,0
2024-11-29,0.58949,0.59281,0.58923,0.59193,25489,17,0
2024-12-01,0.59043,0.59121,0.58985,0.59053,1630,17,0
2024-12-02,0.59051,0.59105,0.58631,0.5883,32644,17,0
2024-12-03,0.58829,0.59039,0.58637,0.58809,27093,17,0
2024-12-04,0.58809,0.58836,0.58283,0.5856,31081,17,0
2024-12-05,0.58561,0.58884,0.58512,0.5882,26078,17,0
2024-12-06,0.5882,0.58826,0.58205,0.58293,28994,17,0
2024-12-08,0.58287,0.58381,0.5828,0.58377,1155,17,0
2024-12-09,0.58332,0.58873,0.58037,0.58573,22702,17,0
2024-12-10,0.58573,0.58574,0.57908,0.58005,27518,17,0
2024-12-11,0.58005,0.58076,0.57607,0.5792,31566,17,0
2024-12-12,0.57921,0.58167,0.57564,0.5769,32126,17,0
2024-12-13,0.57688,0.57776,0.57528,0.57621,23846,17,0
2024-12-15,0.57551,0.57738,0.57542,0.57689,1269,17,0
2024-12-16,0.57687,0.57911,0.57586,0.57905,22016,17,0
2024-12-17,0.57905,0.57921,0.57468,0.57573,22583,17,0
2024-12-18,0.57571,0.5758,0.56103,0.56155,29455,17,0
2024-12-19,0.56158,0.56613,0.56074,0.56253,32152,17,0
2024-12-20,0.56254,0.56715,0.56121,0.56535,27759,17,0
2024-12-22,0.56501,0.56555,0.5632,0.56512,1412,17,0
2024-12-23,0.56515,0.56602,0.56313,0.56449,22024,17,0
2024-12-24,0.56449,0.56561,0.56306,0.56474,15853,17,0
2024-12-25,0.56434,0.56533,0.56349,0.565,1570,17,0
2024-12-26,0.56499,0.56588,0.5616,0.56241,17996,17,0
2024-12-27,0.56241,0.56426,0.5613,0.5631,19953,17,0
2024-12-29,0.56261,0.56458,0.56228,0.56381,1229,17,0
2024-12-30,0.56381,0.56636,0.56274,0.56381,20901,17,0
2024-12-31,0.56381,0.56458,0.55872,0.55932,20555,17,0
2025-01-01,0.55897,0.56018,0.55875,0.5597,1258,17,0
2025-01-02,0.55969,0.56237,0.55861,0.55923,25831,17,0
2025-01-03,0.55923,0.5613,0.55923,0.56114,20189,17,0
2025-01-05,0.56092,0.56196,0.56056,0.56161,1028,17,0
2025-01-06,0.56161,0.56838,0.56131,0.56367,31949,17,0
2025-01-07,0.5637,0.56919,0.56276,0.56329,26923,17,0
2025-01-08,0.5633,0.56409,0.55889,0.56039,27868,17,0
2025-01-09,0.56041,0.5606,0.55713,0.55921,21695,17,0
2025-01-10,0.55922,0.56019,0.55422,0.55549,27804,17,0
2025-01-12,0.5551,0.55664,0.5548,0.55624,1480,17,0
2025-01-13,0.55625,0.56164,0.55407,0.56009,27663,17,0
2025-01-14,0.56008,0.56303,0.55846,0.56015,28872,17,0
2025-01-15,0.56015,0.56501,0.55956,0.5627,25984,17,0
2025-01-16,0.5627,0.56322,0.55814,0.56067,28144,17,0
2025-01-17,0.56067,0.56146,0.55625,0.5581,24819,17,0
2025-01-19,0.55782,0.559,0.55782,0.55884,1077,17,0
2025-01-20,0.55881,0.56836,0.55874,0.56802,31523,17,0
2025-01-21,0.56802,0.56882,0.56161,0.56598,39168,17,0
2025-01-22,0.56596,0.56869,0.56483,0.56616,26976,17,0
2025-01-23,0.56615,0.56847,0.5646,0.56741,27157,17,0
2025-01-24,0.56741,0.57225,0.56705,0.57096,29730,17,0
2025-01-26,0.56905,0.56997,0.56861,0.56929,1572,17,0
2025-01-27,0.5693,0.57043,0.56586,0.56633,33588,17,0
2025-01-28,0.56636,0.5672,0.56474,0.5663,27068,17,0
2025-01-29,0.5663,0.56675,0.56335,0.56644,29935,17,0
2025-01-30,0.56645,0.56668,0.56206,0.56341,26042,17,0
2025-01-31,0.5634,0.56832,0.56229,0.56363,31972,17,0
2025-02-02,0.55806,0.55891,0.5566,0.55683,2981,17,0
2025-02-03,0.55683,0.56402,0.55156,0.56266,53175,17,0
2025-02-04,0.56266,0.56541,0.55813,0.56459,31215,17,0
2025-02-05,0.56462,0.57017,0.56451,0.56867,28084,17,0
2025-02-06,0.56867,0.56902,0.5651,0.56729,23259,17,0
2025-02-07,0.56728,0.56943,0.56401,0.56589,29356,17,0
2025-02-09,0.56262,0.56499,0.56262,0.56444,1785,17,0
2025-02-10,0.56443,0.56631,0.56281,0.56332,22209,17,0
2025-02-11,0.56333,0.566,0.56287,0.5657,20334,17,0
2025-02-12,0.5657,0.56709,0.55998,0.56401,27962,17,0
2025-02-13,0.56401,0.56797,0.56221,0.56782,29191,17,0
2025-02-14,0.56781,0.57374,0.5675,0.57298,23423,17,0
2025-02-16,0.57134,0.57314,0.5709,0.57311,1549,29,0
2025-02-17,0.57317,0.57493,0.57272,0.57301,18551,17,0
2025-02-18,0.57301,0.57315,0.56933,0.57032,23127,17,0
2025-02-19,0.57031,0.57311,0.5677,0.56999,23632,17,0
2025-02-20,0.56999,0.57719,0.56927,0.57635,24854,17,0
2025-02-21,0.57637,0.5771,0.57344,0.57412,22923,17,0
2025-02-23,0.57382,0.57554,0.57339,0.57484,1650,17,0
2025-02-24,0.57485,0.57691,0.57226,0.57253,26415,17,0
2025-02-25,0.57252,0.57377,0.57056,0.5729,23842,17,0
2025-02-26,0.57292,0.57319,0.5687,0.56974,25854,17,0
2025-02-27,0.56974,0.56975,0.56206,0.56252,27174,17,0
2025-02-28,0.56252,0.56277,0.55845,0.55972,25390,17,0
2025-03-02,0.55881,0.56074,0.55881,0.5603,1160,17,0
2025-03-03,0.56029,0.564,0.55927,0.56113,28826,17,0
2025-03-04,0.56113,0.56682,0.55948,0.56596,38133,17,0
2025-03-05,0.56596,0.57316,0.56369,0.57271,36980,17,0
2025-03-06,0.57271,0.57585,0.57193,0.5735,34092,17,0
2025-03-07,0.57347,0.57404,0.56916,0.57082,31317,17,0
2025-03-09,0.57028,0.57139,0.56898,0.57076,2587,17,0
2025-03-10,0.57076,0.57417,0.56854,0.5694,29452,17,0
2025-03-11,0.5694,0.57256,0.56769,0.57108,31948,17,0
2025-03-12,0.57108,0.57386,0.5697,0.57367,27263,17,0
2025-03-13,0.57364,0.57411,0.56817,0.57013,25262,17,0
2025-03-14,0.57013,0.57547,0.56953,0.57464,20980,17,0
2025-03-16,0.5742,0.57619,0.57395,0.57505,1981,17,0
2025-03-17,0.57505,0.58267,0.57453,0.58219,20668,17,0
2025-03-18,0.58219,0.58303,0.57971,0.58172,18660,17,0
2025-03-19,0.58172,0.58249,0.57738,0.58186,22389,17,0
2025-03-20,0.58185,0.58199,0.57222,0.57598,23587,17,0
2025-03-21,0.57599,0.57667,0.57239,0.57315,18949,17,0
2025-03-23,0.57167,0.57446,0.57162,0.57437,1731,17,0
2025-03-24,0.57437,0.57488,0.57089,0.57258,20596,17,0
2025-03-25,0.57257,0.57497,0.57103,0.57319,19007,17,0
2025-03-26,0.57319,0.57618,0.57111,0.57168,23472,17,0
2025-03-27,0.57167,0.57547,0.57165,0.57345,22666,17,0
2025-03-28,0.57343,0.57353,0.57105,0.57155,19726,17,0
2025-03-30,0.57078,0.57124,0.56933,0.57054,2368,17,0
2025-03-31,0.57057,0.57216,0.56477,0.56681,24127,17,0
2025-04-01,0.56682,0.57137,0.56622,0.5711,25170,17,0
2025-04-02,0.57111,0.57783,0.56808,0.57258,31292,17,0
2025-04-03,0.57259,0.58522,0.57187,0.57868,43494,17,0
2025-04-04,0.57867,0.57961,0.55508,0.55951,60139,17,0
2025-04-06,0.55714,0.55776,0.55369,0.55395,7259,17,0
2025-04-07,0.55398,0.56447,0.55058,0.55354,80281,17,0
2025-04-08,0.55352,0.56251,0.55064,0.55135,54916,17,0
2025-04-09,0.55135,0.56673,0.54847,0.56355,78311,17,0
2025-04-10,0.56353,0.57647,0.56275,0.57461,61259,17,0
2025-04-11,0.57458,0.58389,0.57422,0.58251,62926,17,0
2025-04-13,0.58152,0.58429,0.58119,0.58343,3995,17,0
2025-04-14,0.58341,0.58907,0.583,0.58641,40091,17,0
2025-04-15,0.58642,0.5943,0.58642,0.58936,36043,17,0
2025-04-16,0.58936,0.59426,0.5889,0.5935,36760,17,0
2025-04-17,0.59349,0.59771,0.58994,0.5967,31192,17,0
2025-04-18,0.59668,0.59697,0.59103,0.59271,40723,71,0
2025-04-20,0.59214,0.59593,0.592,0.59587,3340,17,0
2025-04-21,0.59586,0.60183,0.59582,0.59995,30286,17,0
2025-04-22,0.59994,0.60284,0.59357,0.59586,37790,17,0
2025-04-23,0.59586,0.60126,0.59411,0.59497,39444,17,0
2025-04-24,0.59497,0.60003,0.59407,0.59868,29163,17,0
2025-04-25,0.59868,0.59988,0.59479,0.59615,26034,17,0
2025-04-27,0.59493,0.59649,0.59473,0.59483,2017,17,0
2025-04-28,0.59482,0.59814,0.59277,0.59698,26646,17,0
2025-04-29,0.59699,0.59858,0.59181,0.59376,27016,17,0
2025-04-30,0.59376,0.59488,0.58977,0.5935,28736,17,0
2025-05-01,0.59351,0.59504,0.58929,0.59116,27484,17,0
2025-05-02,0.59114,0.59766,0.59067,0.5945,30890,17,0
2025-05-04,0.59371,0.59593,0.59332,0.59484,2205,17,0
2025-05-05,0.59484,0.59949,0.59405,0.596,26474,17,0
2025-05-06,0.596,0.60207,0.59431,0.60114,28648,17,0
2025-05-07,0.60114,0.6022,0.59342,0.59381,30181,17,0
2025-05-08,0.59383,0.59738,0.58965,0.58991,30979,17,0
2025-05-09,0.58991,0.59197,0.58701,0.59098,22256,17,0
2025-05-11,0.5904,0.59254,0.59039,0.59176,2853,17,0
2025-05-12,0.59174,0.59401,0.58459,0.58603,33130,17,0
2025-05-13,0.58602,0.59414,0.58461,0.59352,26710,17,0
2025-05-14,0.59352,0.59681,0.58872,0.58957,29996,17,0
2025-05-15,0.58957,0.59152,0.58598,0.58715,26776,17,0
2025-05-16,0.58715,0.59173,0.58645,0.58807,21286,17,0
2025-05-18,0.58734,0.58911,0.58685,0.58855,1835,17,0
2025-05-19,0.58855,0.59317,0.58793,0.59276,23878,17,0
2025-05-20,0.59277,0.5931,0.58934,0.59267,24911,17,0
2025-05-21,0.59267,0.5967,0.5923,0.59322,28400,17,0
2025-05-22,0.59322,0.59407,0.58918,0.58966,26545,17,0
2025-05-23,0.58965,0.5989,0.58951,0.59851,24121,17,0
2025-05-25,0.59808,0.59959,0.5975,0.5991,2298,17,0
2025-05-26,0.5991,0.60308,0.59891,0.59931,19330,17,0
2025-05-27,0.59934,0.60057,0.59395,0.5947,23887,17,0
2025-05-28,0.59471,0.59788,0.59231,0.59551,28424,17,0
2025-05-29,0.59552,0.59914,0.59244,0.59755,30993,17,0
2025-05-30,0.59752,0.5989,0.59465,0.59639,26255,17,0
2025-06-01,0.59561,0.59788,0.59559,0.59725,1833,17,0
2025-06-02,0.59725,0.60475,0.59724,0.60472,26241,17,0
2025-06-03,0.60472,0.60538,0.59867,0.60043,24391,17,0
2025-06-04,0.60043,0.60385,0.59911,0.60247,23574,17,0
2025-06-05,0.60248,0.60795,0.60246,0.60404,26321,17,0
2025-06-06,0.60403,0.60494,0.60057,0.60158,23727,17,0
2025-06-08,0.60078,0.6027,0.60078,0.60214,1518,17,0
2025-06-09,0.60213,0.60645,0.6013,0.60484,20065,17,0
2025-06-10,0.60484,0.60609,0.60272,0.60587,24899,17,0
2025-06-11,0.60587,0.60651,0.60227,0.60348,25717,17,0
2025-06-12,0.60349,0.60702,0.60049,0.60643,27636,17,0
2025-06-13,0.60643,0.60649,0.59943,0.60166,36354,17,0
2025-06-15,0.60038,0.60171,0.59988,0.60165,2931,17,0
2025-06-16,0.60165,0.6087,0.60032,0.60515,26683,17,0
2025-06-17,0.60518,0.60788,0.60073,0.60179,28467,17,0
2025-06-18,0.60177,0.60545,0.60155,0.60272,30823,17,0
2025-06-19,0.60273,0.60296,0.59583,0.59993,24337,17,0
2025-06-20,0.59992,0.60084,0.5963,0.59653,22116,17,0
2025-06-22,0.59439,0.59657,0.59279,0.59603,3148,17,0
2025-06-23,0.59606,0.60009,0.58822,0.59927,35764,17,0
2025-06-24,0.59928,0.60402,0.59872,0.60103,28274,17,0
2025-06-25,0.60103,0.60548,0.60089,0.60525,22742,17,0
2025-06-26,0.60526,0.60739,0.60286,0.60583,29021,17,0
2025-06-27,0.60586,0.60773,0.60364,0.60556,24649,17,0
2025-06-29,0.60476,0.60669,0.60473,0.60614,1721,17,0
2025-06-30,0.60615,0.60979,0.60563,0.60904,24838,17,0
2025-07-01,0.60903,0.61195,0.60747,0.60986,24912,17,0
2025-07-02,0.60986,0.61052,0.60493,0.60878,24092,17,0
2025-07-03,0.60878,0.60921,0.60294,0.60777,23249,17,0
2025-07-04,0.60777,0.60815,0.60495,0.6058,22352,17,0
2025-07-06,0.60492,0.60585,0.60464,0.60489,1363,17,0
2025-07-07,0.60489,0.60517,0.59858,0.60068,25703,17,0
2025-07-08,0.60065,0.60344,0.59786,0.5992,27040,17,0
2025-07-09,0.59923,0.60135,0.59752,0.59982,25498,17,0
2025-07-10,0.59982,0.60427,0.59959,0.60399,20532,17,0
2025-07-11,0.604,0.60409,0.60002,0.60068,25151,17,0
2025-07-13,0.60002,0.6006,0.59894,0.60049,2101,17,0
2025-07-14,0.60048,0.60137,0.5967,0.59697,22080,17,0
2025-07-15,0.59697,0.60056,0.59378,0.59534,24324,17,0
2025-07-16,0.59534,0.59689,0.59119,0.59432,29800,17,0
2025-07-17,0.59431,0.59441,0.59041,0.59424,23523,17,0
2025-07-18,0.59425,0.59903,0.59416,0.59601,19475,17,0
2025-07-20,0.59536,0.59656,0.59409,0.5951,2378,17,0
2025-07-21,0.5951,0.5984,0.5938,0.59681,19341,17,0
2025-07-22,0.59681,0.60076,0.59399,0.59972,21424,17,0
2025-07-23,0.59971,0.60507,0.59934,0.60465,23748,17,0
2025-07-24,0.60465,0.60583,0.60221,0.60348,23599,17,0
2025-07-25,0.60348,0.60382,0.59972,0.60163,20463,17,0
2025-07-27,0.6008,0.60227,0.60078,0.60177,1488,17,0
2025-07-28,0.60177,0.60319,0.59644,0.59712,24495,17,0
2025-07-29,0.59712,0.59754,0.59418,0.59536,23238,17,0
2025-07-30,0.59536,0.59707,0.5888,0.59064,28422,17,0
2025-07-31,0.59062,0.59364,0.58804,0.58861,26634,17,0
2025-08-01,0.58858,0.5928,0.58557,0.5914,31394,17,0
2025-08-03,0.59016,0.59195,0.58998,0.59135,2394,17,0
2025-08-04,0.59134,0.59295,0.58981,0.59153,24622,17,0
2025-08-05,0.59153,0.59217,0.58806,0.59069,24016,17,0
2025-08-06,0.59066,0.59404,0.59039,0.59269,20329,17,0
2025-08-07,0.59267,0.5971,0.59222,0.59679,23310,17,0
2025-08-08,0.5968,0.59699,0.59465,0.59536,17512,17,0
2025-08-10,0.59465,0.59524,0.59449,0.59465,1405,17,0
2025-08-11,0.59465,0.5958,0.59242,0.59381,16918,17,0
2025-08-12,0.59381,0.59651,0.59123,0.59566,24662,17,0
2025-08-13,0.59566,0.59949,0.59441,0.5979,17614,17,0
2025-08-14,0.59791,0.59902,0.59079,0.59197,23057,17,0
2025-08-15,0.59197,0.59382,0.59068,0.5922,16400,17,0
2025-08-17,0.59179,0.59295,0.59167,0.59278,1117,17,0
2025-08-18,0.59278,0.59418,0.5909,0.59223,17006,17,0
2025-08-19,0.59223,0.59297,0.58859,0.58962,18544,17,0
2025-08-20,0.58963,0.58972,0.58143,0.58267,23766,17,0
2025-08-21,0.58267,0.58321,0.58101,0.58204,19969,17,0
2025-08-22,0.58204,0.58754,0.57992,0.58669,20217,17,0
2025-08-24,0.58605,0.587,0.58584,0.58635,1462,18,0
2025-08-25,0.58637,0.58797,0.58376,0.58477,17300,18,0
2025-08-26,0.58479,0.58673,0.58279,0.58561,20338,18,0
2025-08-27,0.58561,0.58643,0.58174,0.58599,18216,18,0
2025-08-28,0.58599,0.5891,0.5853,0.58821,18780,18,0
2025-08-29,0.58823,0.59049,0.58799,0.58941,17658,18,0
2025-08-31,0.58898,0.58984,0.58887,0.58952,1166,18,0
2025-09-01,0.58953,0.59137,0.58892,0.59039,14558,18,0
2025-09-02,0.59039,0.59071,0.58369,0.58603,24205,18,0
2025-09-03,0.58602,0.58827,0.58407,0.58799,21388,18,0
2025-09-04,0.58801,0.58888,0.58321,0.58499,19042,18,0
2025-09-05,0.58499,0.59169,0.58493,0.58935,19964,18,0
2025-09-07,0.5885,0.58921,0.58789,0.58873,1643,18,0
2025-09-08,0.58873,0.59446,0.58816,0.5944,18286,18,0
2025-09-09,0.5944,0.59587,0.59196,0.59256,19776,18,0
2025-09-10,0.59256,0.5963,0.59205,0.59419,20563,18,0
2025-09-11,0.59419,0.5979,0.59137,0.59763,21924,18,0
2025-09-12,0.5976,0.59772,0.59391,0.59562,15615,18,0
2025-09-14,0.59476,0.59555,0.59436,0.59531,1482,18,0
2025-09-15,0.59531,0.59742,0.59491,0.59667,16379,18,0
2025-09-16,0.59667,0.59901,0.59549,0.59877,20168,18,0
2025-09-17,0.59877,0.60064,0.59313,0.59331,24187,18,0
2025-09-18,0.59331,0.59345,0.58716,0.58886,25551,18,0
2025-09-19,0.58886,0.58908,0.5853,0.58565,18958,18,0
2025-09-21,0.58526,0.58612,0.58494,0.58494,1496,18,0
2025-09-22,0.58494,0.58706,0.58419,0.58677,17390,18,0
2025-09-23,0.58677,0.58685,0.58445,0.58559,19909,18,0
2025-09-24,0.5856,0.58653,0.58076,0.58144,18739,18,0
2025-09-25,0.58145,0.58303,0.5758,0.57619,20626,18,0
2025-09-26,0.57619,0.57751,0.57536,0.57727,17422,18,0
2025-09-28,0.57655,0.57769,0.57654,0.57765,985,18,0
2025-09-29,0.57764,0.57951,0.5769,0.5779,17178,18,0
2025-09-30,0.57791,0.58068,0.57729,0.57944,21781,18,0
2025-10-01,0.57945,0.58303,0.57855,0.58201,22572,18,0
2025-10-02,0.58202,0.58421,0.58022,0.58183,18350,18,0
2025-10-03,0.58184,0.58373,0.58131,0.58309,15799,18,0
2025-10-05,0.58071,0.58244,0.5806,0.58227,2595,18,0
2025-10-06,0.58228,0.58442,0.58096,0.58395,19256,18,0
2025-10-07,0.584,0.58406,0.57932,0.57962,17625,18,0
2025-10-08,0.57962,0.57982,0.57361,0.57827,22459,18,0
2025-10-09,0.57829,0.58055,0.57333,0.57511,22461,18,0
2025-10-10,0.5751,0.57573,0.57156,0.57214,21921,18,0
2025-10-12,0.57243,0.57441,0.57162,0.57251,3160,18,0
2025-10-13,0.57248,0.57445,0.57151,0.5716,20234,18,0
2025-10-14,0.57159,0.57256,0.56819,0.57116,23347,18,0
2025-10-15,0.57115,0.57309,0.57049,0.57144,19734,18,0
2025-10-16,0.57143,0.57545,0.57122,0.57253,22750,18,0
2025-10-17,0.57253,0.57421,0.57112,0.57238,22284,18,0
2025-10-19,0.57271,0.57337,0.57152,0.573,1843,18,0
2025-10-20,0.573,0.57522,0.57246,0.57426,16471,18,0
2025-10-21,0.57423,0.57512,0.57092,0.5741,20021,18,0
2025-10-22,0.5741,0.576,0.57341,0.57352,19871,18,0
2025-10-23,0.57352,0.57556,0.57237,0.57541,14779,18,0
2025-10-24,0.57541,0.57748,0.57375,0.57474,16055,18,0
2025-10-26,0.57722,0.57727,0.57531,0.57585,2316,18,0
2025-10-27,0.57584,0.57771,0.5751,0.57737,15450,18,0
2025-10-28,0.57737,0.57887,0.5758,0.57818,15705,18,0
2025-10-29,0.57818,0.58007,0.57482,0.57626,23376,18,0
2025-10-30,0.57626,0.57872,0.57251,0.57435,22155,18,0
2025-10-31,0.57435,0.57441,0.57132,0.57242,15538,18,0
2025-11-02,0.57187,0.57242,0.57134,0.57209,1184,18,0
2025-11-03,0.57208,0.57292,0.56917,0.57053,14368,18,0
2025-11-04,0.57053,0.57053,0.563,0.56411,19419,18,0
2025-11-05,0.5641,0.56659,0.56298,0.56654,17397,18,0
2025-11-06,0.56654,0.56693,0.56251,0.56372,18264,18,0
2025-11-07,0.56372,0.56381,0.56055,0.56256,17061,18,0
2025-11-09,0.56256,0.56298,0.562,0.56255,1205,18,0
2025-11-10,0.56254,0.56495,0.56198,0.5642,15621,18,0
2025-11-11,0.56421,0.5668,0.56306,0.56556,14607,18,0
2025-11-12,0.56556,0.56697,0.56447,0.56607,14918,18,0
2025-11-13,0.5661,0.56817,0.56339,0.56486,20933,18,0
2025-11-14,0.56486,0.56905,0.56449,0.56796,20103,18,0
2025-11-16,0.56763,0.56804,0.56743,0.56746,782,18,0
2025-11-17,0.56745,0.56882,0.56481,0.56531,16941,18,0
2025-11-18,0.56531,0.56742,0.56375,0.56577,20266,18,0
2025-11-19,0.56577,0.56586,0.55892,0.5614,19935,18,0
2025-11-20,0.56139,0.56376,0.5578,0.55894,23596,18,0
2025-11-21,0.55895,0.56149,0.55821,0.56125,21679,18,0
2025-11-23,0.56089,0.56136,0.56062,0.56113,674,18,0
2025-11-24,0.56113,0.56138,0.55948,0.5611,16510,18,0
2025-11-25,0.5611,0.56276,0.55905,0.56239,20366,18,0
2025-11-26,0.5624,0.57055,0.56225,0.57035,24171,18,0
2025-11-27,0.57035,0.57312,0.5703,0.57283,13779,18,0
2025-11-28,0.57283,0.5741,0.57029,0.57284,65589,18,0
2025-11-30,0.57241,0.57385,0.57223,0.57352,1311,18,0
2025-12-01,0.57352,0.57509,0.57224,0.57244,20367,18,0
2025-12-02,0.57244,0.57438,0.57103,0.574,14740,18,0
2025-12-03,0.57401,0.57768,0.5734,0.57722,17002,18,0
2025-12-04,0.57722,0.57779,0.57565,0.57581,17824,18,0
2025-12-05,0.57581,0.57859,0.57581,0.57758,15587,18,0
2025-12-07,0.57717,0.57766,0.57651,0.57738,1511,18,0
2025-12-08,0.5774,0.57917,0.5758,0.57751,17422,18,0
2025-12-09,0.5775,0.57939,0.57666,0.57782,19862,18,0
2025-12-10,0.57782,0.58237,0.57605,0.58152,22340,18,0
2025-12-11,0.58153,0.58304,0.57875,0.58086,21608,18,0
2025-12-12,0.58086,0.58198,0.57871,0.58037,18227,18,0
2025-12-14,0.57979,0.58031,0.57884,0.58005,1214,18,0
2025-12-15,0.58005,0.58077,0.57647,0.57845,20048,18,0
2025-12-16,0.57845,0.58062,0.57575,0.57831,22674,18,0
2025-12-17,0.57831,0.57934,0.57665,0.57681,21375,18,0
2025-12-18,0.57681,0.57869,0.57538,0.5774,21468,18,0
2025-12-19,0.5774,0.57825,0.57353,0.57556,17131,18,0
2025-12-21,0.57505,0.57564,0.57444,0.57553,1480,18,0
2025-12-22,0.57553,0.58005,0.57553,0.57948,15800,18,0
2025-12-23,0.57948,0.58424,0.5794,0.5842,18896,18,0
2025-12-24,0.58421,0.58524,0.58281,0.58303,14034,18,0
2025-12-25,0.58344,0.58391,0.58301,0.5835,885,18,0
2025-12-26,0.5835,0.58415,0.58171,0.58279,15992,18,0
2025-12-28,0.58252,0.58294,0.58234,0.58252,890,18,0
2025-12-29,0.58252,0.58327,0.57892,0.5807,19498,18,0
2025-12-30,0.5807,0.58187,0.57879,0.57897,14950,18,0
2025-12-31,0.57896,0.57914,0.57392,0.57553,16079,18,0
2026-01-01,0.57546,0.57586,0.57512,0.57566,848,18,0
2026-01-02,0.57566,0.5777,0.57506,0.57688,16611,18,0
2026-01-04,0.57568,0.57684,0.57467,0.57538,1463,18,0
2026-01-05,0.5754,0.5791,0.5741,0.57848,21846,18,0
2026-01-06,0.57848,0.58095,0.5768,0.57801,19489,18,0
2026-01-07,0.57801,0.57925,0.57688,0.57725,18747,18,0
2026-01-08,0.57725,0.57734,0.57368,0.57489,17730,18,0
2026-01-09,0.5749,0.5749,0.57104,0.57308,19218,18,0
2026-01-11,0.57256,0.57332,0.57251,0.57283,576,18,0
2026-01-12,0.57281,0.5774,0.57255,0.57721,17882,18,0
2026-01-13,0.57721,0.57818,0.57331,0.57375,20423,18,0
2026-01-14,0.57372,0.57551,0.57299,0.5742,19677,18,0
2026-01-15,0.5742,0.57515,0.57246,0.57426,17745,18,0
2026-01-16,0.57425,0.57666,0.57411,0.5751,14566,18,0
2026-01-18,0.57413,0.5763,0.57387,0.57628,1599,18,0
2026-01-19,0.57628,0.58022,0.57527,0.57916,15752,18,0
2026-01-20,0.57916,0.58504,0.5788,0.58258,23375,18,0
2026-01-21,0.58257,0.58655,0.58202,0.58365,22364,18,0
2026-01-22,0.58365,0.59277,0.58355,0.5915,20053,18,0
2026-01-23,0.5915,0.59504,0.58906,0.5947,20588,18,0
2026-01-25,0.59462,0.59744,0.59424,0.59603,1921,18,0
2026-01-26,0.59605,0.59982,0.59511,0.59691,25318,18,0
2026-01-27,0.59691,0.60499,0.59542,0.6028,27127,18,0
2026-01-28,0.6028,0.60697,0.60072,0.60633,33450,18,0
2026-01-29,0.60636,0.60917,0.60219,0.60747,38902,18,0
2026-01-30,0.60746,0.60791,0.60092,0.60195,42532,18,0
2026-02-01,0.60086,0.60232,0.59921,0.60077,3324,18,0
2026-02-02,0.60076,0.60329,0.59898,0.60112,42724,18,0
2026-02-03,0.60112,0.60625,0.60054,0.60403,33016,18,0
2026-02-04,0.60403,0.60483,0.59869,0.59964,30728,18,0
2026-02-05,0.59961,0.6008,0.59364,0.59371,34145,18,0
2026-02-06,0.59371,0.60261,0.59276,0.60148,24259,18,0
2026-02-08,0.60137,0.60329,0.60111,0.60312,2692,18,0
2026-02-09,0.60312,0.6059,0.59965,0.60512,24269,18,0
2026-02-10,0.60512,0.60605,0.60327,0.60395,21644,18,0
2026-02-11,0.60395,0.60725,0.60234,0.60471,28570,18,0
2026-02-12,0.60471,0.60752,0.6025,0.60307,26838,18,0
2026-02-13,0.60304,0.60498,0.60137,0.60392,26301,18,0
2026-02-15,0.60248,0.60385,0.60204,0.60324,1244,18,0
2026-02-16,0.60321,0.60475,0.60272,0.60307,13096,18,0
2026-02-17,0.60307,0.60522,0.60035,0.60466,25256,18,0
2026-02-18,0.60466,0.60498,0.59608,0.59651,21236,18,0
2026-02-19,0.59654,0.59895,0.5945,0.59692,23955,18,0
2026-02-20,0.59693,0.59842,0.59373,0.59747,30054,18,0
2026-02-22,0.59738,0.60028,0.59738,0.60028,1314,18,0
2026-02-23,0.60028,0.60028,0.59505,0.59586,25535,18,0
2026-02-24,0.59586,0.59732,0.59417,0.59629,21919,18,0
2026-02-25,0.59629,0.60019,0.59588,0.59991,20906,18,0
2026-02-26,0.5999,0.60121,0.59565,0.59788,23874,18,0
2026-02-27,0.59788,0.60038,0.59698,0.59958,23554,18,0
2026-03-01,0.59468,0.59744,0.59388,0.59554,2172,29,0
2026-03-02,0.59562,0.59938,0.59154,0.59455,38366,18,0
2026-03-03,0.59455,0.59547,0.58352,0.5887,49438,18,0
2026-03-04,0.5887,0.59426,0.58604,0.59363,44207,18,0
2026-03-05,0.59363,0.59476,0.58722,0.58948,43364,18,0
2026-03-06,0.58948,0.59147,0.58567,0.58994,41464,18,0
2026-03-08,0.58664,0.58684,0.58477,0.58506,4035,18,0
2026-03-09,0.58503,0.59387,0.5849,0.59254,50929,18,0
2026-03-10,0.59254,0.59636,0.59067,0.59231,40259,18,0
2026-03-11,0.59232,0.59474,0.58913,0.5894,35506,18,0
2026-03-12,0.58941,0.59129,0.58476,0.58523,34084,18,0
2026-03-13,0.5852,0.58612,0.57727,0.57727,30518,18,0
2026-03-15,0.57868,0.57964,0.57775,0.57949,2872,18,0
2026-03-16,0.57948,0.58683,0.57939,0.5852,28311,18,0
2026-03-17,0.58521,0.58678,0.58162,0.58569,26900,18,0
2026-03-18,0.58569,0.58716,0.57839,0.57939,30312,18,0
2026-03-19,0.57942,0.58917,0.57931,0.58662,43826,18,0
2026-03-20,0.58661,0.5891,0.58171,0.58282,34499,18,0
2026-03-22,0.58174,0.58337,0.58068,0.58318,2838,18,0
2026-03-23,0.58319,0.58865,0.57614,0.58531,63997,18,0
2026-03-24,0.58531,0.58596,0.57928,0.58351,48161,18,0
2026-03-25,0.58351,0.58426,0.58007,0.58051,33138,18,0
2026-03-26,0.58051,0.58078,0.57497,0.57595,30840,14,0
2026-03-27,0.57595,0.57772,0.57374,0.57443,29106,14,0
2026-03-29,0.57427,0.57459,0.57245,0.57264,2942,14,0
2026-03-30,0.57266,0.57487,0.56991,0.57158,28923,14,0
2026-03-31,0.57161,0.57558,0.56975,0.57545,39223,14,0
2026-04-01,0.57543,0.57769,0.573,0.57482,35543,14,0
2026-04-02,0.57482,0.57582,0.5699,0.57116,36686,14,0
2026-04-03,0.57116,0.57151,0.56772,0.56875,8878,14,0
2026-04-05,0.569,0.56937,0.56807,0.56851,2135,14,0
2026-04-06,0.56851,0.5729,0.56847,0.57129,23282,14,0
2026-04-07,0.57129,0.58179,0.5689,0.5808,41387,14,0
2026-04-08,0.58082,0.58583,0.57846,0.58239,41699,14,0
2026-04-09,0.58241,0.58729,0.58159,0.58501,26907,14,0
2026-04-10,0.58501,0.58683,0.5832,0.58361,20808,14,0
2026-04-12,0.57956,0.58113,0.57946,0.58026,2790,14,0
2026-04-13,0.58028,0.58728,0.58001,0.58704,24294,14,0
2026-04-14,0.58704,0.59193,0.58563,0.59019,22170,14,0
2026-04-15,0.59017,0.59186,0.58913,0.59107,23151,14,0
2026-04-16,0.59106,0.59214,0.58816,0.58846,22857,14,0
2026-04-17,0.58845,0.59284,0.58794,0.58804,24743,14,0
2026-04-19,0.58554,0.58686,0.58487,0.58646,2503,14,0
2026-04-20,0.58648,0.59156,0.58625,0.59047,24887,14,0
2026-04-21,0.59049,0.592,0.58716,0.58966,28690,14,0
2026-04-22,0.58968,0.59219,0.58968,0.59043,22384,14,0
2026-04-23,0.59043,0.59092,0.58397,0.58522,30990,14,0
2026-04-24,0.58524,0.58825,0.58396,0.58791,22961,14,0
2026-04-26,0.58603,0.58722,0.58562,0.58691,1604,14,0
2026-04-27,0.58694,0.59232,0.58694,0.5911,20193,14,0
2026-04-28,0.5911,0.59172,0.58653,0.58869,24134,14,0
2026-04-29,0.58871,0.58913,0.58145,0.58386,28022,14,0
2026-04-30,0.58388,0.59099,0.58206,0.59054,32464,14,0
2026-05-01,0.59056,0.59241,0.58863,0.58959,21378,14,0
2026-05-03,0.58968,0.59123,0.58968,0.59042,1426,14,0
2026-05-04,0.59039,0.59257,0.58599,0.58709,28522,14,0
2026-05-05,0.58706,0.59123,0.58562,0.59008,23462,14,0
2026-05-06,0.5901,0.59905,0.59008,0.59525,32413,14,0
2026-05-07,0.59523,0.59826,0.59308,0.59376,27629,14,0
2026-05-08,0.59376,0.59682,0.593,0.59653,22919,14,0
2026-05-10,0.59355,0.59518,0.59349,0.59488,1523,14,0
2026-05-11,0.59487,0.59682,0.59382,0.59641,20482,14,0
2026-05-12,0.59641,0.59641,0.59335,0.59507,25138,14,0
2026-05-13,0.59506,0.59652,0.59193,0.59301,22474,14,0
2026-05-14,0.59301,0.59412,0.59013,0.5902,21795,14,0
2026-05-15,0.5902,0.59037,0.58352,0.58372,27477,14,0
2026-05-17,0.58363,0.5842,0.58295,0.58311,1867,14,0
2026-05-18,0.58311,0.58815,0.58225,0.58727,30592,14,0
2026-05-19,0.58727,0.58747,0.58169,0.58319,27275,14,0
2026-05-20,0.58316,0.58873,0.58145,0.58666,30073,14,0
2026-05-21,0.58669,0.58874,0.5846,0.58769,31818,14,0
2026-05-22,0.5877,0.58774,0.58441,0.58491,21009,14,0
2026-05-24,0.58509,0.58795,0.58509,0.58717,1575,14,0
2026-05-25,0.58717,0.5881,0.58602,0.58606,13995,14,0
2026-05-26,0.58606,0.58612,0.58312,0.5841,19037,14,0
2026-05-27,0.58408,0.59111,0.58368,0.58908,26329,14,0
2026-05-28,0.58906,0.59458,0.58635,0.5944,26266,14,0
2026-05-29,0.59441,0.59934,0.5942,0.59885,21755,14,0
2026-05-31,0.5969,0.59851,0.59679,0.598,1557,14,0
2026-06-01,0.59798,0.59809,0.59104,0.59345,22953,14,0
2026-06-02,0.59347,0.5945,0.59177,0.59206,19298,14,0
2026-06-03,0.59206,0.59345,0.58562,0.58697,22042,14,0
2026-06-04,0.58694,0.58864,0.58617,0.58685,20952,14,0
2026-06-05,0.58683,0.5884,0.57891,0.57959,26088,14,0
2026-06-07,0.57815,0.57959,0.57806,0.57948,1993,14,0
2026-06-08,0.57946,0.58363,0.57887,0.58021,30352,14,0
2026-06-09,0.58018,0.58471,0.57986,0.58078,31232,14,0
2026-06-10,0.58076,0.5832,0.57849,0.57927,36010,14,0
2026-06-11,0.57929,0.58438,0.57688,0.58312,34714,14,0
2026-06-12,0.58314,0.58385,0.58105,0.58325,28763,14,0
2026-06-14,0.58302,0.58635,0.58199,0.58538,3039,14,0
2026-06-15,0.58536,0.58622,0.58178,0.58258,19546,14,0
2026-06-16,0.58258,0.58426,0.57945,0.58296,19860,14,0
2026-06-17,0.58296,0.58346,0.57518,0.57732,26210,14,0
2026-06-18,0.57733,0.57983,0.57483,0.57538,25890,14,0
2026-06-19,0.57538,0.57618,0.57225,0.57383,18726,14,0
2026-06-21,0.57301,0.57357,0.57288,0.5733,1406,14,0
2026-06-22,0.57331,0.574,0.57087,0.57102,22810,14,0
2026-06-23,0.57101,0.57101,0.56615,0.56631,24083,14,0
2026-06-24,0.56633,0.5669,0.56304,0.5643,25683,14,0
2026-06-25,0.5643,0.56607,0.56332,0.56417,24999,14,0
2026-06-26,0.5642,0.56574,0.56257,0.56379,23283,14,0
2026-06-28,0.56421,0.56435,0.56367,0.56391,1047,14,0
2026-06-29,0.56391,0.5658,0.56311,0.56498,19665,14,0
2026-06-30,0.56498,0.56896,0.56403,0.56737,21089,14,0
2026-07-01,0.56739,0.5689,0.56572,0.56736,21779,14,0
2026-07-02,0.56736,0.57163,0.56672,0.56914,27934,14,0
2026-07-03,0.56914,0.57264,0.5689,0.57122,14593,14,0
2026-07-05,0.57054,0.57121,0.56994,0.57006,1376,14,0
2026-07-06,0.57004,0.57047,0.56762,0.57001,18311,14,0
2026-07-07,0.56999,0.57059,0.56715,0.5675,20535,14,0
2026-07-08,0.5675,0.57194,0.56725,0.57142,29940,14,0
2026-07-09,0.57142,0.57624,0.57142,0.57608,19885,14,0
2026-07-10,0.57608,0.57923,0.57528,0.57635,20535,14,0
2026-07-12,0.5757,0.57596,0.57471,0.57571,1499,14,0
2026-07-13,0.57573,0.57878,0.57434,0.57631,25161,14,0
2026-07-14,0.57629,0.5841,0.57579,0.58117,30381,14,0
2026-07-15,0.5812,0.58626,0.58088,0.58465,24487,14,0
2026-07-16,0.58465,0.58577,0.5833,0.58412,22829,14,0
2026-07-17,0.58412,0.58479,0.58245,0.58414,21920,14,0
2026-07-19,0.58259,0.58389,0.58228,0.58384,1748,14,0
2026-07-20,0.58387,0.58631,0.58301,0.58515,22287,14,0
2026-07-21,0.58512,0.58718,0.58218,0.58246,20856,14,0
2026-07-22,0.58246,0.5833,0.58074,0.58127,20323,14,0
2026-07-23,0.58129,0.58226,0.57617,0.57726,23721,14,0
2026-07-24,0.57726,0.58021,0.57717,0.57896,20333,14,0
2026-07-26,0.57999,0.58095,0.57931,0.57969,1508,14,0
2026-07-27,0.57972,0.58087,0.57672,0.57688,22008,14,0
2026-07-28,0.57688,0.57979,0.57615,0.57805,20933,14,0
2026-07-29,0.57807,0.58262,0.57612,0.5801,30192,14,0
2026-07-30,0.58008,0.58827,0.57933,0.58738,30271,14,0
2026-07-31,0.58738,0.5895,0.58486,0.58887,26665,14,0
2026-08-02,0.58932,0.59036,0.58921,0.58966,2071,14,0
2026-08-03,0.58967,0.59076,0.58596,0.58653,21544,14,0
2026-08-04,0.58653,0.58957,0.58614,0.58747,21840,14,0
2026-08-05,0.58747,0.58918,0.58591,0.5886,22565,14,0
2026-08-06,0.5886,0.58948,0.58603,0.58668,19642,14,0
2026-08-07,0.58666,0.59054,0.5862,0.58933,19765,14,0
2026-08-09,0.58904,0.58937,0.58837,0.5886,1269,14,0
2026-08-10,0.58861,0.58988,0.58782,0.58866,17782,14,0
2026-08-11,0.58865,0.58936,0.58675,0.58785,18661,14,0
2026-08-12,0.58787,0.58846,0.58539,0.58596,20308,14,0
2026-08-13,0.58598,0.58627,0.58209,0.58525,19652,14,0
2026-08-14,0.58526,0.58977,0.58523,0.58901,16361,14,0
2026-08-16,0.58837,0.58926,0.58823,0.58894,998,14,0
2026-08-17,0.58894,0.59255,0.58894,0.59048,19406,14,0
2026-08-18,0.59048,0.59082,0.58699,0.58719,18824,14,0
2026-08-19,0.58721,0.5939,0.58598,0.59346,26485,14,0
2026-08-20,0.59346,0.59635,0.59309,0.59523,26513,14,0
2026-08-21,0.59523,0.59873,0.59505,0.59788,21434,14,0
2026-08-23,0.59671,0.59767,0.59671,0.5976,1424,14,0
2026-08-24,0.5976,0.59819,0.59691,0.59734,4290,14,0
