time,open,high,low,close,tick_volume,spread,real_volume
2020-01-01,28580.1,28615.9,28563.2,28595.4,938,88,0
2020-01-02,28595.0,28907.1,28587.0,28891.6,27548,73,0
2020-01-03,28897.5,28914.3,28456.8,28627.8,41215,74,0
2020-01-05,28518.6,28530.2,28469.0,28526.7,1675,81,0
2020-01-06,28518.9,28728.2,28378.9,28653.7,35621,72,0
2020-01-07,28656.5,28766.7,28241.5,28299.3,37463,72,0
2020-01-08,28209.3,28867.5,28119.9,28811.4,47611,73,0
2020-01-09,28820.3,28987.2,28778.5,28979.9,32051,73,0
2020-01-10,28983.8,29055.9,28787.7,28805.0,28754,72,0
2020-01-12,28822.6,28871.9,28822.1,28845.7,878,95,0
2020-01-13,28851.3,28951.7,28816.8,28947.8,28115,73,0
2020-01-14,28961.8,29051.8,28775.7,28892.5,33789,74,0
2020-01-15,28907.6,29128.8,28878.0,29093.7,33286,75,0
2020-01-16,29093.2,29351.3,29072.6,29323.7,26234,73,0
2020-01-17,29319.7,29398.7,29292.2,29312.0,26563,74,0
2020-01-19,29314.0,29348.1,29304.0,29348.1,742,96,0
2020-01-20,29353.4,29359.5,29271.9,29324.0,12415,74,0
2020-01-21,29324.9,29341.8,29152.6,29217.7,33125,74,0
2020-01-22,29227.7,29354.0,29114.9,29123.9,32649,75,0
2020-01-23,29125.6,29223.5,28966.3,29206.0,34787,75,0
2020-01-24,29207.1,29283.6,28841.0,28949.9,32488,75,0
2020-01-26,28757.1,28757.5,28652.2,28697.6,2061,95,0
2020-01-27,28719.2,28776.8,28453.7,28596.3,39248,77,0
2020-01-28,28600.1,28829.3,28555.6,28736.8,32732,75,0
2020-01-29,28734.4,28937.5,28705.0,28766.1,31076,65,0
2020-01-30,28760.7,28891.3,28484.1,28851.1,42379,68,0
2020-01-31,28831.0,28930.7,28158.1,28277.8,42019,68,0
2020-02-02,28320.5,28345.3,28262.6,28318.9,1720,78,0
2020-02-03,28326.9,28629.2,28308.0,28396.1,40224,67,0
2020-02-04,28445.6,28905.6,28422.4,28796.5,32659,68,0
2020-02-05,28816.8,29332.9,28752.6,29290.0,36129,68,0
2020-02-06,29286.9,29528.1,29243.8,29398.9,32299,68,0
2020-02-07,29387.3,29392.9,29051.0,29077.0,32843,68,0
2020-02-09,29060.3,29118.9,28892.7,28959.0,1966,81,0
2020-02-10,28966.6,29293.2,28957.2,29276.1,30689,68,0
2020-02-11,29269.1,29438.9,29208.2,29302.9,25273,70,0
2020-02-12,29302.9,29581.8,29255.4,29433.0,23581,67,0
2020-02-13,29435.8,29526.9,29261.2,29405.5,31055,68,0
2020-02-14,29406.5,29525.9,29278.2,29413.4,23993,68,0
2020-02-16,29462.0,29471.2,29450.6,29460.0,524,83,0
2020-02-17,29455.9,29490.2,29344.3,29371.1,9768,67,0
2020-02-18,29371.6,29371.6,29117.2,29301.3,26696,67,0
2020-02-19,29304.2,29410.6,29251.6,29395.9,20638,68,0
2020-02-20,29396.6,29447.1,28948.8,29079.2,33097,70,0
2020-02-21,29087.5,29168.5,28890.2,28991.5,36495,69,0
2020-02-23,28705.7,28717.6,28590.3,28654.3,1978,87,0
2020-02-24,28656.3,28684.0,27871.3,28068.5,52525,72,0
2020-02-25,28062.6,28244.5,26992.1,27281.5,61530,73,0
2020-02-26,27283.4,27533.4,26711.0,26869.2,78295,71,0
2020-02-27,26870.4,26905.8,25382.8,25642.7,89220,75,0
2020-02-28,25650.2,25767.4,24674.3,25674.9,106585,75,0
2020-03-01,24955.6,25148.7,24914.4,25089.8,3011,92,0
2020-03-02,25095.8,26714.5,25012.5,26656.8,103156,74,0
2020-03-03,26658.7,27067.2,25693.2,25831.2,98394,78,0
2020-03-04,25842.4,27085.2,25829.8,26922.4,71879,74,0
2020-03-05,26907.1,26925.6,25933.3,26199.0,71468,75,0
2020-03-06,26199.6,26298.3,25210.8,25783.1,91567,75,0
2020-03-08,24941.3,24999.4,24658.5,24688.0,5550,85,0
2020-03-09,24684.8,24799.0,23442.4,24322.0,58390,77,0
2020-03-10,24351.5,25032.9,23662.7,24543.1,99145,75,0
2020-03-11,24543.6,24672.1,23308.0,23513.2,93091,82,0
2020-03-12,23522.5,23589.1,20609.7,20821.3,89711,84,0
2020-03-13,20822.2,23133.7,20384.2,22822.4,77105,81,0
2020-03-15,22213.7,22302.9,21949.7,21949.7,933,86,0
2020-03-16,21483.3,21778.3,20147.7,20710.6,43138,80,0
2020-03-17,20711.3,21386.9,19899.7,20403.5,88419,87,0
2020-03-18,20402.0,20718.3,18902.3,20359.9,64145,79,0
2020-03-19,20364.4,20470.6,18964.4,19755.7,96173,92,0
2020-03-20,19745.6,21001.7,18947.8,18991.3,101967,80,0
2020-03-22,18364.2,18460.5,18189.4,18323.0,1807,74,0
2020-03-23,18320.4,19920.5,18207.6,18856.0,108065,80,0
2020-03-24,18864.8,21049.4,18758.6,20620.4,95708,73,0
2020-03-25,20611.0,22001.6,20393.8,21218.2,107714,81,0
2020-03-26,21204.7,22633.5,20631.0,22614.8,101710,87,0
2020-03-27,22610.2,22638.3,21436.5,21538.5,95248,73,0
2020-03-29,21053.8,21355.4,21049.2,21252.2,6652,83,0
2020-03-30,21256.2,22369.2,21192.6,22323.5,82583,72,0
2020-03-31,22335.7,22506.7,21595.4,21612.3,79571,71,0
2020-04-01,21611.8,21688.8,20774.3,21068.9,77005,69,0
2020-04-02,21065.0,21480.5,20618.8,21276.6,78292,69,0
2020-04-03,21264.9,21442.1,20855.9,21049.6,67626,68,0
2020-04-05,21289.4,21374.5,21250.1,21350.3,4120,81,0
2020-04-06,21354.2,22779.9,21341.9,22747.3,66513,63,0
2020-04-07,22718.3,23591.7,22420.9,22656.8,91020,74,0
2020-04-08,22668.9,23545.1,22373.7,23521.4,81547,69,0
2020-04-09,23502.0,24011.1,23150.2,23771.8,79590,74,0
2020-04-12,23937.1,23951.5,23232.3,23450.3,6003,89,0
2020-04-13,23454.9,23734.2,23096.0,23503.0,57212,70,0
2020-04-14,23497.5,24062.1,23374.3,23952.3,58724,67,0
2020-04-15,23952.1,23953.0,23206.6,23316.0,66860,69,0
2020-04-16,23314.2,24421.6,23182.8,24259.9,92858,69,0
2020-04-17,24262.4,24403.9,23803.8,24244.1,78794,62,0
2020-04-19,24170.4,24173.8,24003.6,24084.1,4451,74,0
2020-04-20,24085.0,24303.4,23549.2,23666.6,83019,65,0
2020-04-21,23665.0,23788.4,22930.6,23127.7,104577,69,0
2020-04-22,23134.6,23607.4,22925.9,23392.9,83301,62,0
2020-04-23,23395.7,23874.8,23339.5,23390.1,83147,64,0
2020-04-24,23388.4,23822.8,23264.5,23767.3,66408,61,0
2020-04-26,23811.0,23859.4,23646.1,23715.9,4284,78,0
2020-04-27,23718.6,24209.8,23672.9,24116.5,56188,61,0
2020-04-28,24118.1,24545.6,23990.5,24164.7,70393,64,0
2020-04-29,24165.6,24792.6,24158.1,24704.9,68815,62,0
2020-04-30,24700.0,24904.1,24187.6,24242.8,71932,66,0
2020-05-03,23475.3,23510.9,23334.1,23378.9,4907,77,0
2020-05-04,23380.7,23776.4,23324.0,23762.9,64329,60,0
2020-05-05,23763.9,24176.5,23763.9,23937.9,59596,60,0
2020-05-06,23938.8,24111.9,23530.2,23605.1,65099,62,0
2020-05-07,23604.5,24100.4,23604.5,24042.8,58069,62,0
2020-05-08,24047.7,24423.3,24042.1,24397.3,46201,60,0
2020-05-10,24274.8,24489.5,24274.8,24482.9,2977,78,0
2020-05-11,24482.9,24567.7,24074.3,24180.7,52770,59,0
2020-05-12,24182.0,24388.0,23486.3,23509.1,63154,61,0
2020-05-13,23509.9,23874.2,23079.0,23311.5,78324,64,0
2020-05-14,23311.5,23704.9,22799.8,23699.0,88302,64,0
2020-05-15,23698.2,23761.5,23331.1,23658.7,77845,64,0
2020-05-17,23648.5,23829.9,23618.5,23788.4,3926,76,0
2020-05-18,23789.0,24713.7,23761.8,24634.7,59647,62,0
2020-05-19,24634.1,24840.5,24149.6,24280.3,73280,60,0
2020-05-20,24281.9,24654.5,24279.4,24547.6,57253,61,0
2020-05-21,24546.6,24721.7,24362.6,24539.2,59714,63,0
2020-05-22,24541.0,24561.4,24159.7,24522.3,58228,60,0
2020-05-24,24468.4,24620.1,24464.2,24601.1,2777,71,0
2020-05-25,24602.1,24791.1,24491.8,24700.3,26093,59,0
2020-05-26,24701.3,25184.0,24680.6,25029.2,51438,61,0
2020-05-27,25030.0,25703.8,24971.7,25703.8,63058,65,0
2020-05-28,25701.1,25844.6,25365.3,25375.0,69157,64,0
2020-05-29,25375.9,25494.1,25030.5,25374.3,73376,65,0
2020-05-31,25227.2,25289.8,25191.0,25281.0,3071,74,0
2020-06-01,25279.4,25553.9,25228.4,25362.9,58696,62,0
2020-06-02,25361.5,25841.0,25345.1,25833.7,48168,63,0
2020-06-03,25834.2,26367.8,25787.7,26337.6,48909,64,0
2020-06-04,26339.0,26390.1,26080.1,26254.3,58045,66,0
2020-06-05,26255.0,27342.9,26230.7,27095.4,63536,70,0
2020-06-07,27243.0,27312.9,27225.9,27281.5,1875,79,0
2020-06-08,27282.8,27576.6,27049.2,27547.9,56003,65,0
2020-06-09,27547.3,27628.4,27137.8,27361.2,59329,65,0
2020-06-10,27361.4,27497.0,26732.7,26758.7,70414,68,0
2020-06-11,26760.5,26894.7,25073.9,25359.4,103793,70,0
2020-06-12,25360.0,25948.2,25072.9,25591.4,97103,81,0
2020-06-14,25210.7,25302.8,25132.7,25199.0,3799,84,0
2020-06-15,25201.2,26061.8,24540.7,26054.4,93850,77,0
2020-06-16,26052.3,26791.0,25793.7,26381.7,90639,77,0
2020-06-17,26380.9,26625.5,25998.2,26008.9,71191,73,0
2020-06-18,26011.2,26279.4,25750.9,26203.4,77697,68,0
2020-06-19,26202.2,26444.2,25752.2,25859.9,68640,72,0
2020-06-21,25519.6,25605.2,25468.8,25591.8,4401,79,0
2020-06-22,25594.4,26226.7,25543.9,26192.7,61227,69,0
2020-06-23,26190.5,26420.5,25638.6,26097.6,68214,70,0
2020-06-24,26098.6,26254.3,25288.6,25423.1,76552,74,0
2020-06-25,25425.5,25763.8,25131.5,25668.8,83404,72,0
2020-06-26,25668.2,25774.3,24966.1,25025.2,68472,71,0
2020-06-28,24944.8,25050.2,24915.7,25010.8,2521,81,0
2020-06-29,25014.9,25734.5,24956.2,25678.8,65208,68,0
2020-06-30,25675.7,25901.6,25430.1,25735.2,58053,68,0
2020-07-01,25734.0,26021.1,25511.2,25699.0,52723,69,0
2020-07-02,25697.3,26203.7,25634.2,25860.7,52617,68,0
2020-07-03,25860.5,25993.4,25556.0,25747.0,26873,71,0
2020-07-05,25887.1,25963.6,25881.6,25943.3,1656,78,0
2020-07-06,25944.3,26356.6,25937.7,26335.0,50544,65,0
2020-07-07,26333.6,26397.6,25861.4,25940.1,50698,67,0
2020-07-08,25937.7,26135.3,25780.4,26111.2,54512,67,0
2020-07-09,26114.1,26135.4,25515.9,25790.0,56345,69,0
2020-07-10,25794.3,26097.3,25413.3,26070.2,57597,66,0
2020-07-12,26256.2,26262.0,26168.0,26174.4,2452,75,0
2020-07-13,26173.5,26642.6,26043.6,26155.8,56829,69,0
2020-07-14,26154.9,26929.9,25991.8,26879.6,77444,71,0
2020-07-15,26881.2,27179.5,26690.8,26879.8,62470,70,0
2020-07-16,26878.4,26892.2,26583.7,26735.1,56346,69,0
2020-07-17,26734.4,26832.7,26614.5,26668.4,37788,67,0
2020-07-19,26674.6,26711.8,26653.9,26701.6,1375,73,0
2020-07-20,26703.0,26764.0,26437.0,26718.0,42940,65,0
2020-07-21,26719.6,27025.9,26705.0,26895.4,43068,67,0
2020-07-22,26897.7,27039.3,26632.4,26944.1,44114,67,0
2020-07-23,26945.1,27166.5,26553.7,26656.7,52969,69,0
2020-07-24,26655.8,26718.6,26397.9,26472.5,53995,69,0
2020-07-26,26413.2,26445.9,26341.6,26409.3,3498,77,0
2020-07-27,26411.0,26644.9,26394.0,26622.8,42526,65,0
2020-07-28,26623.8,26704.9,26366.9,26429.7,44236,69,0
2020-07-29,26428.6,26612.3,26299.4,26528.5,38838,64,0
2020-07-30,26529.9,26540.8,25988.4,26510.1,51054,66,0
2020-07-31,26508.4,26534.2,26015.9,26435.9,60205,68,0
2020-08-02,26421.8,26442.0,26361.8,26431.1,1856,78,0
2020-08-03,26429.8,26712.2,26311.2,26679.8,38730,66,0
2020-08-04,26681.8,26855.4,26551.5,26840.0,38656,65,0
2020-08-05,26838.8,27224.9,26779.7,27198.6,36426,64,0
2020-08-06,27198.7,27392.0,27036.5,27345.5,43322,65,0
2020-08-07,27344.6,27457.0,27194.4,27434.3,46057,67,0
2020-08-09,27373.5,27411.5,27365.0,27405.9,1646,74,0
2020-08-10,27406.5,27804.9,27381.8,27778.8,36827,67,0
2020-08-11,27775.5,28157.2,27626.6,27749.9,47155,67,0
2020-08-12,27750.4,28050.5,27701.3,27964.6,44925,68,0
2020-08-13,27963.3,28012.4,27789.1,27973.1,39209,66,0
2020-08-14,27974.9,27988.7,27677.3,27936.6,36853,67,0
2020-08-16,27915.7,27957.8,27914.8,27954.5,1230,74,0
2020-08-17,27955.3,28005.5,27816.2,27894.9,28465,63,0
2020-08-18,27893.4,27969.7,27662.8,27795.7,31053,66,0
2020-08-19,27795.6,27919.0,27626.3,27633.3,30503,64,0
2020-08-20,27634.8,27809.5,27457.8,27803.1,37694,67,0
2020-08-21,27803.9,27955.8,27526.4,27929.3,36681,67,0
2020-08-23,27962.0,27993.1,27938.0,27952.5,1113,73,0
2020-08-24,27952.0,28346.3,27929.0,28343.3,32683,66,0
2020-08-25,28343.6,28531.1,28095.4,28244.7,35385,67,0
2020-08-26,28243.9,28362.7,28149.5,28353.7,31731,66,0
2020-08-27,28353.1,28641.5,28235.5,28579.4,43033,66,0
2020-08-28,28576.4,28763.7,28490.6,28669.8,38463,69,0
2020-08-30,28728.9,28779.0,28712.1,28776.5,1133,72,0
2020-08-31,28777.6,28813.8,28360.0,28447.9,34794,67,0
2020-09-01,28449.8,28699.4,28289.6,28697.8,40804,68,0
2020-09-02,28696.9,29164.0,28656.9,29137.6,42444,69,0
2020-09-03,29136.3,29193.6,28066.6,28161.9,85721,70,0
2020-09-04,28161.0,28605.7,27657.7,28128.0,103345,74,0
2020-09-07,28035.2,28375.4,27979.3,28339.6,42969,74,0
2020-09-08,28338.9,28417.4,27311.9,27418.8,93854,74,0
2020-09-09,27417.8,28207.7,27371.6,28052.9,67126,72,0
2020-09-10,28051.5,28170.7,27444.2,27609.9,62287,74,0
2020-09-11,27611.3,27831.5,27444.8,27662.2,46379,77,0
2020-09-13,27782.3,27826.8,27751.4,27821.8,885,88,0
2020-09-14,27820.9,28091.1,27783.3,28012.4,32557,69,0
2020-09-15,28014.2,28246.7,27932.3,28010.8,27722,69,0
2020-09-16,28010.9,28375.2,27968.0,28065.7,30704,71,0
2020-09-17,28064.2,28071.6,27549.5,27920.1,48939,75,0
2020-09-18,27917.7,27976.7,27488.6,27653.4,40668,71,0
2020-09-20,27594.7,27734.4,27593.1,27692.2,1495,90,0
2020-09-21,27689.1,27777.8,26705.3,27230.6,53239,74,0
2020-09-22,27232.2,27370.0,26981.1,27366.6,46620,70,0
2020-09-23,27366.0,27512.7,26645.3,26705.2,47745,69,0
2020-09-24,26705.3,27089.7,26527.8,26953.0,58861,73,0
2020-09-25,26951.1,27236.8,26545.9,27172.0,46462,70,0
2020-09-27,27242.3,27269.2,27234.7,27244.2,1135,71,0
2020-09-28,27243.9,27722.0,27214.4,27685.0,39615,66,0
2020-09-29,27684.4,27741.3,27338.3,27549.6,38617,67,0
2020-09-30,27549.4,28028.3,27164.0,27897.2,57677,67,0
2020-10-01,27900.8,28083.8,27669.2,27809.5,51424,67,0
2020-10-02,27808.7,27859.8,27252.4,27689.5,57902,66,0
2020-10-04,27822.7,27891.3,27794.6,27873.6,1565,78,0
2020-10-05,27874.6,28163.5,27782.1,28117.9,37388,68,0
2020-10-06,28119.5,28355.1,27662.7,27765.9,43987,66,0
2020-10-07,27766.5,28370.0,27741.2,28346.8,37494,70,0
2020-10-08,28346.8,28581.5,28267.2,28563.5,35776,67,0
2020-10-09,28561.3,28681.5,28441.0,28593.5,28303,68,0
2020-10-11,28629.1,28633.6,28576.3,28601.4,1520,73,0
2020-10-12,28602.9,28964.4,28552.5,28904.6,32193,68,0
2020-10-13,28905.1,28912.5,28605.1,28739.2,40925,70,0
2020-10-14,28740.8,28844.7,28463.1,28555.4,39502,72,0
2020-10-15,28554.4,28583.5,28158.0,28556.0,42479,73,0
2020-10-16,28554.1,28854.0,28454.1,28615.2,34223,69,0
2020-10-18,28626.3,28652.0,28615.3,28632.8,824,79,0
2020-10-19,28633.0,28791.1,28146.7,28349.0,34945,71,0
2020-10-20,28347.4,28581.6,28240.6,28389.4,40722,72,0
2020-10-21,28390.0,28492.4,28006.5,28103.1,42810,62,0
2020-10-22,28100.4,28436.0,28023.2,28395.5,39690,60,0
2020-10-23,28392.9,28493.4,28147.3,28338.9,34275,58,0
2020-10-25,28130.9,28214.0,28126.5,28199.8,1405,64,0
2020-10-26,28198.5,28225.8,27362.4,27658.5,43695,59,0
2020-10-27,27658.5,27814.9,27287.7,27341.5,42159,57,0
2020-10-28,27341.7,27362.3,26493.5,26672.3,57741,56,0
2020-10-29,26670.7,26904.1,26268.7,26502.9,62437,55,0
2020-10-30,26502.5,26617.1,26058.0,26500.0,68986,57,0
2020-11-01,26461.7,26471.0,26280.0,26372.8,1104,69,0
2020-11-02,26374.2,27044.1,26328.5,26993.7,57364,60,0
2020-11-03,26994.8,27780.0,26949.6,27673.3,49385,59,0
2020-11-04,27674.9,28300.2,27016.3,27808.4,98474,66,0
2020-11-05,27811.0,28496.3,27774.3,28347.9,58056,64,0
2020-11-06,28344.4,28561.3,28075.6,28321.7,56675,62,0
2020-11-08,28522.4,28676.2,28505.1,28595.9,975,82,0
2020-11-09,28595.7,30093.7,28561.1,29177.5,71878,64,0
2020-11-10,29177.4,29485.9,28872.9,29397.3,74694,65,0
2020-11-11,29395.0,29666.2,29279.7,29384.0,49967,60,0
2020-11-12,29383.3,29421.4,28905.3,29101.6,50730,62,0
2020-11-13,29100.9,29562.2,28938.3,29483.9,40721,60,0
2020-11-15,29693.6,29708.6,29647.6,29688.4,811,67,0
2020-11-16,29686.2,30075.0,29636.9,29944.0,43115,58,0
2020-11-17,29943.0,29943.0,29525.4,29816.3,40435,56,0
2020-11-18,29815.7,29962.2,29436.2,29442.2,41329,57,0
2020-11-19,29440.7,29530.8,29202.4,29229.1,44229,57,0
2020-11-20,29230.6,29495.3,29230.6,29264.1,36836,60,0
2020-11-22,29232.8,29284.1,29221.6,29282.0,706,65,0
2020-11-23,29279.9,29774.0,29269.2,29747.5,36758,60,0
2020-11-24,29745.6,30117.5,29724.7,30106.9,39356,61,0
2020-11-25,30105.8,30217.4,29813.3,29906.1,50674,60,0
2020-11-26,29904.3,29963.2,29776.3,29811.3,19563,58,0
2020-11-27,29812.6,30024.2,29751.7,29937.1,25912,57,0
2020-11-29,29976.6,29976.6,29911.9,29929.1,684,63,0
2020-11-30,29927.3,29930.5,29463.8,29760.4,49024,57,0
2020-12-01,29761.4,30085.3,29721.3,29766.1,40822,56,0
2020-12-02,29767.1,29907.8,29605.7,29875.7,37881,55,0
2020-12-03,29875.4,30109.3,29773.8,29982.0,36113,56,0
2020-12-04,29982.0,30210.5,29963.4,30209.2,30122,56,0
2020-12-06,30270.9,30276.0,30233.2,30239.2,668,67,0
2020-12-07,30239.9,30241.0,29967.9,30005.8,35475,55,0
2020-12-08,30004.7,30245.5,29862.4,30205.9,33792,57,0
2020-12-09,30206.5,30320.3,29955.0,30095.0,39480,56,0
2020-12-10,30096.1,30152.4,29873.5,30068.1,41923,56,0
2020-12-11,30067.1,30095.0,29729.3,30052.4,31438,59,0
2020-12-13,30210.4,30217.7,30168.3,30199.8,588,68,0
2020-12-14,30202.6,30350.3,29874.0,29962.4,38767,55,0
2020-12-15,29964.8,30268.6,29859.4,30224.4,34278,60,0
2020-12-16,30225.3,30338.5,30103.3,30202.4,31455,56,0
2020-12-17,30201.9,30354.3,30171.8,30305.3,27556,56,0
2020-12-18,30305.3,30365.0,30036.0,30198.9,33319,55,0
2020-12-20,30289.2,30290.4,30229.6,30272.0,919,66,0
2020-12-21,30270.4,30317.0,29430.2,30199.9,64137,57,0
2020-12-22,30201.4,30263.2,30006.2,30088.9,47583,58,0
2020-12-23,30087.5,30295.8,29851.1,30192.6,36755,57,0
2020-12-24,30192.2,30267.3,30118.9,30226.3,21700,56,0
2020-12-27,30274.3,30286.0,30249.2,30267.1,876,64,0
2020-12-28,30268.0,30535.6,30232.3,30484.2,28793,56,0
2020-12-29,30484.4,30617.4,30285.0,30370.7,33864,57,0
2020-12-30,30370.5,30529.8,30324.8,30459.6,31240,56,0
2020-12-31,30459.4,30636.3,30345.9,30580.4,23289,57,0
2021-01-03,30625.6,30644.0,30597.3,30616.3,867,64,0
2021-01-04,30616.3,30805.4,29871.7,30216.6,52692,57,0
2021-01-05,30216.6,30504.1,30082.5,30365.9,48873,58,0
2021-01-06,30366.9,31027.4,30271.7,30879.2,70588,62,0
2021-01-07,30878.4,31198.8,30811.2,31075.7,45193,60,0
2021-01-08,31077.4,31262.3,30805.2,31104.0,45223,59,0
2021-01-10,31085.1,31089.4,31022.4,31035.3,989,68,0
2021-01-11,31035.7,31099.9,30753.7,31045.7,44278,60,0
2021-01-12,31046.2,31124.3,30892.7,31101.5,37994,60,0
2021-01-13,31102.7,31174.3,30984.9,31098.0,32508,57,0
2021-01-14,31096.4,31231.8,31001.8,31046.5,33319,59,0
2021-01-15,31045.0,31050.1,30619.1,30828.9,46444,60,0
2021-01-17,30837.7,30837.7,30766.5,30770.9,912,66,0
2021-01-18,30771.2,30889.4,30723.5,30884.9,20843,59,0
2021-01-19,30884.4,31086.5,30862.2,31014.4,32698,58,0
2021-01-20,31012.5,31242.8,30876.7,31217.5,32638,59,0
2021-01-21,31216.6,31294.5,31126.2,31153.0,29148,59,0
2021-01-22,31152.3,31192.1,30900.3,31001.3,33811,60,0
2021-01-24,31082.8,31090.8,31070.4,31073.0,515,62,0
2021-01-25,31074.1,31123.8,30557.8,30938.1,42200,58,0
2021-01-26,30937.4,31119.6,30772.5,30956.4,38557,58,0
2021-01-27,30957.0,30972.4,30051.4,30090.9,58903,60,0
2021-01-28,30088.9,30941.6,30066.8,30538.9,66006,62,0
2021-01-29,30541.6,30622.1,29857.0,29970.1,75672,63,0
2021-01-31,29735.5,29815.7,29726.4,29796.7,1482,75,0
2021-02-01,29793.1,30333.7,29792.5,30246.3,52807,59,0
2021-02-02,30245.0,30836.0,30169.6,30732.5,41707,58,0
2021-02-03,30732.3,30812.3,30524.3,30781.5,37219,59,0
2021-02-04,30781.6,31081.0,30646.1,31073.9,33207,59,0
2021-02-05,31074.4,31248.0,31027.2,31146.4,30996,59,0
2021-02-07,31213.1,31222.9,31169.8,31185.6,739,68,0
2021-02-08,31185.4,31379.7,31154.1,31369.5,27312,60,0
2021-02-09,31369.1,31433.1,31238.1,31393.3,26094,58,0
2021-02-10,31394.4,31545.0,31215.3,31437.7,34338,59,0
2021-02-11,31435.8,31536.8,31244.0,31448.9,31581,60,0
2021-02-12,31452.4,31480.4,31289.6,31465.1,24317,58,0
2021-02-14,31521.9,31529.6,31505.3,31506.1,426,66,0
2021-02-15,31507.5,31685.5,31505.6,31630.4,13225,58,0
2021-02-16,31630.7,31728.1,31441.8,31488.2,32660,58,0
2021-02-17,31489.3,31649.5,31343.9,31647.9,37951,59,0
2021-02-18,31648.9,31690.6,31287.8,31473.2,40974,61,0
2021-02-19,31471.8,31636.1,31360.7,31494.7,37408,59,0
2021-02-21,31456.1,31514.9,31455.2,31508.1,802,69,0
2021-02-22,31508.4,31638.1,31244.5,31563.4,45230,60,0
2021-02-23,31564.5,31668.9,31168.7,31531.9,54801,60,0
2021-02-24,31530.5,32077.6,31382.2,32064.6,53855,62,0
2021-02-25,32065.9,32082.2,31292.2,31344.4,61394,59,0
2021-02-26,31342.3,31490.3,30900.7,30921.8,80714,64,0
2021-02-28,31065.6,31124.3,31054.7,31122.4,1109,67,0
2021-03-01,31123.5,31661.0,31109.8,31574.9,43023,60,0
2021-03-02,31574.8,31614.5,31308.9,31456.9,49904,61,0
2021-03-03,31455.6,31637.2,31147.4,31147.4,51010,59,0
2021-03-04,31146.7,31462.8,30540.6,30858.1,79341,62,0
2021-03-05,30858.5,31573.1,30670.1,31484.3,78214,61,0
2021-03-07,31703.2,31722.0,31641.9,31659.4,980,66,0
2021-03-08,31657.9,32140.3,31316.5,31958.9,66980,63,0
2021-03-09,31957.8,32144.1,31825.3,31860.2,49179,62,0
2021-03-10,31858.8,32388.3,31748.6,32319.9,48794,61,0
2021-03-11,32320.1,32668.0,32281.8,32538.3,39071,61,0
2021-03-12,32536.4,32811.6,32407.6,32795.7,38423,62,0
2021-03-14,32874.3,32924.3,32831.5,32909.4,1506,66,0
2021-03-15,32908.4,32970.8,32649.6,32910.2,34960,59,0
2021-03-16,32910.3,32993.5,32795.9,32848.4,34340,61,0
2021-03-17,32847.8,33120.6,32800.5,33114.8,37880,61,0
2021-03-18,33115.0,33241.3,32849.0,32908.8,45579,60,0
2021-03-19,32907.1,32994.7,32539.7,32652.3,45733,61,0
2021-03-21,32575.0,32628.4,32564.4,32599.5,1651,65,0
2021-03-22,32597.9,32819.4,32446.5,32805.5,39502,61,0
2021-03-23,32805.4,32816.6,32370.8,32434.9,43706,61,0
2021-03-24,32437.2,32792.6,32365.7,32503.6,45475,61,0
2021-03-25,32504.0,32711.0,32081.2,32671.4,52666,61,0
2021-03-26,32669.8,33035.0,32627.4,33030.5,38941,60,0
2021-03-28,33049.6,33063.8,33013.2,33014.1,1486,63,0
2021-03-29,33014.1,33263.2,32882.4,33209.1,45040,61,0
2021-03-30,33206.9,33264.5,33002.4,33076.3,38124,60,0
2021-03-31,33076.4,33171.3,32998.6,33051.7,33176,60,0
2021-04-01,33052.6,33190.2,32976.3,33174.2,29779,60,0
2021-04-02,33174.5,33393.4,33150.7,33320.6,7648,57,0
2021-04-04,33295.5,33384.0,33284.4,33364.4,1498,66,0
2021-04-05,33364.6,33625.4,33318.7,33560.4,23660,60,0
2021-04-06,33559.9,33562.6,33398.2,33502.9,30322,60,0
2021-04-07,33501.5,33536.4,33365.5,33505.0,28848,61,0
2021-04-08,33506.0,33590.9,33356.5,33590.0,26385,60,0
2021-04-09,33591.1,33794.3,33502.1,33792.6,26194,60,0
2021-04-11,33789.9,33802.7,33766.4,33768.5,1465,65,0
2021-04-12,33768.1,33798.1,33677.8,33770.0,27763,62,0
2021-04-13,33769.4,33837.2,33559.3,33654.8,28715,61,0
2021-04-14,33654.5,33919.6,33638.7,33789.3,29552,62,0
2021-04-15,33789.9,34081.3,33785.0,34054.9,28704,62,0
2021-04-16,34054.9,34264.8,34002.5,34212.6,26675,61,0
2021-04-18,34146.9,34159.8,34110.6,34111.7,557,73,0
2021-04-19,34111.2,34173.2,33984.9,34150.2,29643,65,0
2021-04-20,34151.9,34187.3,33693.3,33822.1,33022,65,0
2021-04-21,33822.9,34158.5,33744.7,34082.7,28461,61,0
2021-04-22,34082.7,34155.2,33726.3,33828.6,34056,64,0
2021-04-23,33829.1,34162.7,33719.0,34056.6,25750,62,0
2021-04-25,34063.7,34070.9,34014.3,34017.5,497,75,0
2021-04-26,34017.1,34153.3,33942.8,34013.1,23720,64,0
2021-04-27,34011.5,34081.9,33871.6,33915.7,23679,64,0
2021-04-28,33917.0,33977.1,33810.2,33856.6,23908,64,0
2021-04-29,33855.0,34085.0,33736.8,34029.0,26768,66,0
2021-04-30,34030.0,34048.2,33785.7,33856.2,28459,64,0
2021-05-02,33961.9,33981.3,33949.5,33979.2,623,72,0
2021-05-03,33980.1,34219.9,33958.8,34088.0,23758,64,0
2021-05-04,34085.2,34143.2,33766.1,34139.1,34467,67,0
2021-05-05,34140.0,34330.3,34040.9,34237.0,26698,65,0
2021-05-06,34235.5,34539.2,34185.5,34523.1,33612,67,0
2021-05-07,34521.6,34820.9,34467.2,34780.9,27397,66,0
2021-05-09,34812.6,34843.2,34808.0,34833.6,551,75,0
2021-05-10,34833.8,35099.7,34754.6,34813.5,28552,67,0
2021-05-11,34811.9,34827.5,34084.0,34294.3,50361,71,0
2021-05-12,34297.3,34323.3,33558.6,33676.0,54325,71,0
2021-05-13,33675.4,34179.3,33291.1,34060.9,53491,70,0
2021-05-14,34058.6,34457.4,34042.5,34398.3,33957,67,0
2021-05-16,34393.8,34408.2,34378.4,34395.9,507,84,0
2021-05-17,34396.5,34408.3,34171.9,34405.4,39280,69,0
2021-05-18,34406.0,34488.2,33944.8,33945.8,29725,65,0
2021-05-19,33950.1,34052.9,33469.1,33790.5,50347,69,0
2021-05-20,33790.4,34233.5,33638.3,34141.9,35588,68,0
2021-05-21,34143.7,34418.7,34077.1,34199.2,32222,68,0
2021-05-23,34202.4,34272.7,34182.2,34230.5,1259,75,0
2021-05-24,34233.2,34476.4,34227.4,34445.5,25250,66,0
2021-05-25,34442.9,34528.8,34268.3,34368.6,26785,65,0
2021-05-26,34367.7,34459.3,34272.6,34316.6,24193,65,0
2021-05-27,34315.0,34633.9,34210.4,34624.9,27875,66,0
2021-05-28,34625.9,34661.1,34517.2,34538.1,22084,66,0
2021-05-30,34574.7,34588.8,34559.5,34571.8,577,74,0
2021-05-31,34572.8,34596.3,34433.3,34528.0,11340,66,0
2021-06-01,34528.0,34850.2,34498.6,34554.0,26994,67,0
2021-06-02,34554.3,34709.4,34525.7,34618.8,24666,66,0
2021-06-03,34620.8,34670.0,34330.8,34557.0,28618,67,0
2021-06-04,34558.8,34769.2,34487.6,34760.6,24760,66,0
2021-06-06,34776.8,34798.1,34763.3,34787.5,642,72,0
2021-06-07,34787.2,34849.4,34586.0,34623.5,22629,64,0
2021-06-08,34623.5,34678.1,34461.0,34609.5,24940,65,0
2021-06-09,34608.4,34663.4,34461.5,34484.4,21333,64,0
2021-06-10,34482.7,34753.8,34408.7,34480.9,24704,66,0
2021-06-11,34483.6,34641.9,34351.0,34491.6,16302,64,0
2021-06-13,34513.7,34523.9,34501.2,34516.4,400,75,0
2021-06-14,34517.0,34585.1,34227.6,34374.1,19031,62,0
2021-06-15,34373.6,34497.5,34216.4,34298.6,21280,65,0
2021-06-16,34298.5,34338.0,33921.9,33938.1,26855,64,0
2021-06-17,33937.5,34101.9,33629.3,33817.1,33634,69,0
2021-06-18,33817.0,33875.7,33282.3,33338.8,35309,67,0
2021-06-20,33222.8,33287.6,33222.2,33250.8,1255,77,0
2021-06-21,33249.3,33953.0,33023.5,33915.6,38284,66,0
2021-06-22,33917.0,34047.5,33749.6,33985.0,27298,65,0
2021-06-23,33983.5,34084.2,33890.9,33935.0,23545,64,0
2021-06-24,33934.5,34335.5,33932.6,34323.7,22160,64,0
2021-06-25,34324.2,34506.8,34256.6,34487.5,20586,64,0
2021-06-27,34507.4,34522.8,34492.3,34519.1,664,71,0
2021-06-28,34520.1,34522.2,34190.2,34287.5,23001,66,0
2021-06-29,34286.6,34481.7,34237.7,34336.3,23230,65,0
2021-06-30,34336.3,34584.5,34129.4,34577.2,25780,65,0
2021-07-01,34576.6,34670.9,34503.6,34623.4,24290,64,0
2021-07-02,34621.9,34832.1,34612.9,34787.4,22411,65,0
2021-07-04,34777.2,34786.8,34754.5,34761.1,479,74,0
2021-07-05,34761.0,34864.3,34707.5,34848.8,11640,64,0
2021-07-06,34847.8,34875.3,34367.3,34508.0,27981,66,0
2021-07-07,34507.5,34715.9,34444.5,34688.3,29055,67,0
2021-07-08,34687.7,34700.8,34124.4,34397.8,47861,67,0
2021-07-09,34400.5,34897.7,34258.0,34862.8,33481,65,0
2021-07-11,34884.3,34908.2,34859.1,34898.4,758,74,0
2021-07-12,34896.5,35023.1,34664.5,35016.7,29610,66,0
2021-07-13,35017.9,35039.2,34861.2,34864.5,27664,66,0
2021-07-14,34863.5,35065.5,34789.8,34922.6,30106,68,0
2021-07-15,34923.1,34999.2,34716.5,34921.7,34874,68,0
2021-07-16,34923.0,35096.7,34657.0,34679.1,32417,68,0
2021-07-18,34608.4,34636.4,34542.5,34564.9,1521,75,0
2021-07-19,34563.5,34576.0,33737.4,34047.6,54032,69,0
2021-07-20,34045.8,34610.3,33962.6,34590.0,42983,68,0
2021-07-21,34588.3,34862.9,34474.6,34842.0,34025,67,0
2021-07-22,34841.4,34898.2,34668.3,34868.3,27180,67,0
2021-07-23,34869.2,35103.0,34851.8,35061.9,22740,66,0
2021-07-25,35054.7,35065.8,35029.6,35039.4,696,74,0
2021-07-26,35040.0,35145.1,34767.1,35112.5,28722,66,0
2021-07-27,35111.7,35124.1,34883.8,35053.4,36201,69,0
2021-07-28,35052.9,35132.8,34887.7,35003.0,37348,68,0
2021-07-29,35003.9,35177.3,34893.8,35034.2,25884,66,0
2021-07-30,35035.1,35112.9,34881.4,34947.8,33575,68,0
2021-08-01,35055.7,35101.8,35050.5,35078.4,1169,74,0
2021-08-02,35078.9,35203.8,34824.8,34914.9,30041,68,0
2021-08-03,34915.8,35110.4,34730.7,35069.2,29715,66,0
2021-08-04,35067.9,35115.4,34800.4,34834.1,25994,66,0
2021-08-05,34833.4,35036.5,34778.2,35007.4,21449,66,0
2021-08-06,35008.4,35244.7,34994.9,35197.6,20299,65,0
2021-08-08,35190.6,35192.0,35093.0,35106.8,1421,73,0
2021-08-09,35106.2,35190.4,35043.0,35097.1,20684,65,0
2021-08-10,35095.6,35280.4,35028.7,35254.0,19551,65,0
2021-08-11,35252.6,35490.5,35210.8,35471.2,20470,65,0
2021-08-12,35470.7,35517.2,35355.6,35495.8,18323,65,0
2021-08-13,35498.6,35608.8,35474.8,35497.9,16166,64,0
2021-08-15,35454.5,35461.8,35444.6,35458.2,460,73,0
2021-08-16,35457.6,35612.1,35235.3,35585.7,25585,65,0
2021-08-17,35584.5,35589.1,35125.5,35253.1,33194,68,0
2021-08-18,35254.0,35356.5,34918.5,34940.3,30282,68,0
2021-08-19,34940.8,35002.2,34565.8,34827.8,48385,69,0
2021-08-20,34829.8,35175.3,34628.2,35116.8,36522,69,0
2021-08-22,35106.2,35141.2,35101.4,35117.1,706,77,0
2021-08-23,35117.9,35420.4,35115.3,35402.5,24903,65,0
2021-08-24,35403.8,35454.9,35346.4,35371.7,20687,64,0
2021-08-25,35372.2,35493.6,35281.8,35428.5,19718,67,0
2021-08-26,35430.7,35494.3,35197.6,35207.1,28132,67,0
2021-08-27,35205.5,35478.1,35170.5,35437.0,22084,64,0
2021-08-29,35477.9,35515.6,35460.4,35494.0,656,74,0
2021-08-30,35497.4,35509.3,35378.7,35403.5,17455,65,0
2021-08-31,35402.6,35516.0,35289.5,35421.6,26592,65,0
2021-09-01,35423.1,35517.3,35299.8,35316.1,22944,65,0
2021-09-02,35314.7,35488.1,35245.7,35449.7,22123,64,0
2021-09-03,35448.8,35540.1,35278.2,35395.8,23174,66,0
2021-09-05,35358.3,35358.9,35329.5,35336.5,571,74,0
2021-09-06,35335.6,35510.7,35299.4,35417.2,10295,65,0
2021-09-07,35416.6,35452.4,35063.9,35072.1,23451,67,0
2021-09-08,35073.7,35193.2,34918.4,35006.6,32420,67,0
2021-09-09,35007.9,35216.8,34801.5,34881.3,32012,68,0
2021-09-10,34882.9,35130.6,34611.3,34631.6,27247,67,0
2021-09-12,34699.5,34767.7,34692.2,34760.6,743,81,0
2021-09-13,34762.3,34952.1,34613.4,34930.6,34818,70,0
2021-09-14,34930.2,35028.3,34512.6,34633.6,31582,68,0
2021-09-15,34633.5,34884.2,34501.9,34843.6,30628,68,0
2021-09-16,34841.7,34946.1,34538.2,34708.5,29592,68,0
2021-09-17,34707.3,34831.9,34510.1,34608.9,33254,69,0
2021-09-19,34473.1,34516.3,34458.3,34509.5,1195,75,0
2021-09-20,34510.4,34528.6,33608.2,34047.7,53082,73,0
2021-09-21,34048.5,34361.7,33839.2,33848.5,46920,73,0
2021-09-22,33848.6,34448.7,33769.5,34339.8,42182,69,0
2021-09-23,34341.6,34871.4,34326.3,34777.8,32433,68,0
2021-09-24,34777.2,34864.5,34592.5,34812.1,31091,66,0
2021-09-26,34883.8,34895.0,34842.6,34891.4,1026,73,0
2021-09-27,34892.2,35060.2,34782.2,34865.4,30747,68,0
2021-09-28,34867.6,34979.2,34249.5,34409.0,49000,69,0
2021-09-29,34408.1,34577.8,34297.6,34476.4,46768,70,0
2021-09-30,34474.4,34679.6,33851.9,33896.4,45138,70,0
2021-10-01,33894.3,34477.2,33512.0,34301.4,51032,70,0
2021-10-03,34400.9,34414.5,34373.7,34384.0,1536,75,0
2021-10-04,34384.4,34401.8,33799.9,33996.1,57587,74,0
2021-10-05,33991.9,34475.7,33799.2,34278.2,44105,69,0
2021-10-06,34276.7,34526.2,33835.3,34475.9,56725,72,0
2021-10-07,34474.6,34961.0,34454.4,34830.4,35796,69,0
2021-10-08,34828.6,34859.1,34645.5,34752.8,37267,69,0
2021-10-10,34709.7,34709.7,34507.0,34562.1,2008,80,0
2021-10-11,34559.1,34943.0,34432.8,34495.3,39366,70,0
2021-10-12,34493.5,34605.4,34246.4,34302.2,43651,70,0
2021-10-13,34303.5,34459.1,34101.0,34422.9,38382,68,0
2021-10-14,34420.8,34980.7,34418.6,34963.8,28587,69,0
2021-10-15,34961.8,35315.6,34906.4,35302.8,27396,66,0
2021-10-17,35284.5,35296.8,35250.4,35253.9,1330,77,0
2021-10-18,35256.5,35342.1,35041.2,35247.4,29660,66,0
2021-10-19,35247.0,35493.6,35194.2,35486.9,25710,67,0
2021-10-20,35486.3,35662.2,35400.6,35542.5,24162,67,0
2021-10-21,35540.6,35605.1,35440.3,35559.5,25928,66,0
2021-10-22,35560.8,35759.5,35532.1,35679.1,29142,68,0
2021-10-24,35627.6,35627.6,35571.9,35598.0,1317,75,0
2021-10-25,35598.9,35785.9,35597.5,35780.0,25008,68,0
2021-10-26,35781.9,35898.0,35743.4,35791.3,26343,69,0
2021-10-27,35791.8,35833.2,35514.0,35569.6,29839,68,0
2021-10-28,35567.7,35750.7,35508.6,35720.3,28265,67,0
2021-10-29,35722.9,35850.0,35606.3,35839.6,29797,68,0
2021-10-31,35929.4,35933.9,35871.0,35925.3,1243,77,0
2021-11-01,35925.9,36009.0,35806.5,35902.9,25252,68,0
2021-11-02,35901.3,36086.2,35817.5,36032.4,23967,68,0
2021-11-03,36031.4,36194.8,35898.5,36183.4,22712,68,0
2021-11-04,36181.5,36185.9,35992.5,36146.6,22512,68,0
2021-11-05,36144.5,36490.5,36069.5,36339.2,26363,70,0
2021-11-07,36345.2,36353.7,36311.3,36317.0,435,79,0
2021-11-08,36317.1,36563.3,36274.3,36382.6,24233,70,0
2021-11-09,36380.4,36432.0,36179.2,36259.8,26507,70,0
2021-11-10,36259.3,36350.9,36013.3,36048.5,31262,70,0
2021-11-11,36050.5,36163.1,35928.6,35982.7,23948,68,0
2021-11-12,35983.3,36154.2,35937.7,36111.2,21274,69,0
2021-11-14,36149.0,36157.7,36134.3,36138.5,292,79,0
2021-11-15,36137.3,36265.5,36037.4,36105.9,21541,69,0
2021-11-16,36106.8,36324.6,36035.5,36177.6,22016,68,0
2021-11-17,36177.1,36180.6,35896.0,35922.4,21213,69,0
2021-11-18,35923.7,36029.9,35661.3,35903.2,23041,69,0
2021-11-19,35904.6,36057.7,35557.0,35612.5,31686,68,0
2021-11-21,35674.1,35676.7,35633.6,35642.8,257,79,0
2021-11-22,35644.8,35946.0,35627.2,35679.8,28723,69,0
2021-11-23,35677.7,35854.1,35435.3,35795.2,40525,73,0
2021-11-24,35793.3,35864.9,35598.4,35860.7,34616,71,0
2021-11-25,35861.8,35966.1,35676.3,35691.6,12455,69,0
2021-11-26,35690.1,35691.8,34695.4,34715.5,49163,73,0
2021-11-28,35086.1,35113.4,35024.0,35079.5,1221,89,0
2021-11-29,35082.0,35306.7,34901.0,35230.3,43101,69,0
2021-11-30,35231.8,35278.9,34439.1,34546.0,61217,72,0
2021-12-01,34545.6,35015.8,34077.1,34170.1,51488,73,0
2021-12-02,34172.1,34768.9,34088.7,34551.8,61203,76,0
2021-12-03,34552.5,34816.2,34272.2,34604.1,58536,76,0
2021-12-05,34741.4,34795.2,34733.4,34784.5,784,82,0
2021-12-06,34784.1,35383.6,34657.7,35287.8,48979,72,0
2021-12-07,35284.4,35845.7,35237.4,35768.2,33241,69,0
2021-12-08,35770.5,35964.6,35634.5,35766.2,35117,69,0
2021-12-09,35766.6,35899.1,35615.5,35803.1,30238,70,0
2021-12-10,35804.7,36014.6,35745.2,35998.6,28505,72,0
2021-12-12,36060.6,36092.3,36049.0,36083.9,478,82,0
2021-12-13,36084.6,36166.9,35649.3,35730.0,30913,69,0
2021-12-14,35731.5,35815.7,35467.4,35591.6,38196,71,0
2021-12-15,35593.2,36018.0,35410.2,35991.1,38813,72,0
2021-12-16,35990.7,36230.6,35797.1,35944.8,39943,72,0
2021-12-17,35946.5,36007.4,35298.6,35419.9,50394,73,0
2021-12-19,35267.0,35293.9,35182.4,35199.2,929,89,0
2021-12-20,35201.7,35271.0,34677.2,35090.3,54280,73,0
2021-12-21,35089.0,35522.8,34987.9,35507.1,37115,70,0
2021-12-22,35505.1,35797.2,35417.2,35784.1,27075,68,0
2021-12-23,35782.4,36076.8,35756.4,35994.4,19775,67,0
2021-12-26,35990.4,36014.2,35973.8,35990.1,287,88,0
2021-12-27,35992.3,36306.7,35892.3,36277.3,20574,67,0
2021-12-28,36277.9,36539.6,36246.7,36456.1,23774,69,0
2021-12-29,36455.0,36593.5,36387.3,36495.6,21983,68,0
2021-12-30,36496.6,36704.4,36389.2,36417.0,20610,70,0
2021-12-31,36417.6,36509.0,36257.5,36445.9,18643,71,0
2022-01-02,36477.8,36478.4,36456.0,36471.6,269,83,0
2022-01-03,36473.5,36610.0,36257.7,36558.5,29271,71,0
2022-01-04,36557.2,36936.7,36546.3,36763.7,29214,68,0
2022-01-05,36762.4,36959.4,36436.9,36481.0,35314,71,0
2022-01-06,36483.6,36542.9,36205.0,36309.2,48226,75,0
2022-01-07,36309.7,36387.8,36113.4,36250.3,37550,71,0
2022-01-09,36103.7,36154.4,36085.5,36145.0,674,83,0
2022-01-10,36145.7,36295.2,35646.3,36075.7,45744,73,0
2022-01-11,36077.6,36271.5,35768.2,36248.7,41595,72,0
2022-01-12,36247.4,36452.8,36162.6,36298.3,36151,70,0
2022-01-13,36299.8,36509.7,36044.7,36150.2,37193,71,0
2022-01-14,36147.7,36236.8,35636.5,35930.6,50120,74,0
2022-01-16,35972.8,35983.7,35933.2,35933.2,758,83,0
2022-01-17,35932.1,36005.7,35829.3,35948.2,19106,70,0
2022-01-18,35948.9,35987.6,35260.0,35358.8,49378,72,0
2022-01-19,35357.4,35544.8,34979.8,34983.3,51329,73,0
2022-01-20,34983.6,35489.2,34611.7,34695.6,48142,71,0
2022-01-21,34697.4,34891.4,34220.8,34364.5,70051,75,0
2022-01-23,34343.7,34411.7,34343.7,34411.7,986,81,0
2022-01-24,34411.0,34518.1,33141.9,34377.6,83951,72,0
2022-01-25,34379.4,34581.0,33531.3,34335.4,85930,76,0
2022-01-26,34338.1,34802.5,33853.8,34295.4,67882,74,0
2022-01-27,34293.9,34764.3,33641.8,34251.3,88170,76,0
2022-01-28,34250.6,34682.5,33721.1,34682.5,78584,74,0
2022-01-30,34654.5,34655.5,34565.6,34628.5,989,83,0
2022-01-31,34631.1,35133.2,34423.3,35041.3,52515,72,0
2022-02-01,35042.5,35423.5,34943.8,35349.6,48583,71,0
2022-02-02,35349.8,35663.1,35277.1,35566.6,41740,70,0
2022-02-03,35567.2,35604.5,35050.9,35275.4,46985,70,0
2022-02-04,35274.8,35321.6,34782.0,35111.5,55055,72,0
2022-02-06,35117.4,35133.1,35107.8,35124.7,543,82,0
2022-02-07,35124.1,35316.5,34924.1,35133.0,51285,73,0
2022-02-08,35133.6,35537.2,35044.2,35525.4,42806,71,0
2022-02-09,35495.5,35824.1,35486.6,35807.1,32455,69,0
2022-02-10,35808.0,35858.8,35097.4,35163.6,49401,68,0
2022-02-11,35162.9,35433.7,34618.8,34767.0,64066,73,0
2022-02-13,34721.4,34826.5,34719.2,34803.8,1097,81,0
2022-02-14,34805.5,34850.9,34302.2,34601.7,75647,72,0
2022-02-15,34602.6,35053.1,34433.2,34920.1,52013,71,0
2022-02-16,34921.1,35140.5,34641.3,34889.1,47210,68,0
2022-02-17,34889.7,34929.3,34240.9,34332.2,53558,70,0
2022-02-18,34330.5,34562.5,33963.4,34075.3,57960,70,0
2022-02-20,33987.9,34017.0,33975.1,33992.5,1065,75,0
2022-02-21,33991.9,34411.6,33467.9,33613.7,47685,69,0
2022-02-22,33617.0,34108.4,33352.6,33739.1,83322,69,0
2022-02-23,33740.3,33885.9,33081.3,33112.3,58216,68,0
2022-02-24,33113.0,33259.6,32216.1,33072.2,118305,72,0
2022-02-25,33071.9,34087.3,32816.9,34035.4,79475,70,0
2022-02-27,33595.5,33699.2,33545.7,33547.7,1680,87,0
2022-02-28,33545.8,33967.2,33368.6,33929.1,81733,74,0
2022-03-01,33928.4,34091.0,33094.5,33407.8,73535,72,0
2022-03-02,33409.2,34014.7,33155.5,33839.9,73571,73,0
2022-03-03,33842.8,34171.0,33630.2,33872.1,60943,71,0
2022-03-04,33872.8,33890.4,33242.5,33609.7,79878,74,0
2022-03-06,33306.6,33363.8,33250.2,33296.5,1279,89,0
2022-03-07,33295.0,33572.6,32693.2,32742.7,80795,75,0
2022-03-08,32740.4,33401.7,32340.4,32670.9,95486,75,0
2022-03-09,32668.8,33452.5,32626.6,33257.6,74047,72,0
2022-03-10,33259.4,33291.5,32811.6,33222.8,67728,71,0
2022-03-11,33224.9,33692.1,32941.0,32941.0,64456,71,0
2022-03-13,33061.0,33187.6,33041.8,33164.1,2711,81,0
2022-03-14,33164.0,33397.8,32818.2,32978.1,62179,72,0
2022-03-15,32978.8,33624.7,32687.4,33494.6,61568,71,0
2022-03-16,33493.8,34132.6,33393.0,34116.1,61895,70,0
2022-03-17,34115.7,34442.7,33869.3,34325.1,52829,72,0
2022-03-18,34326.5,34746.3,34216.4,34710.6,44885,70,0
2022-03-20,34766.4,34786.2,34708.1,34715.1,1372,77,0
2022-03-21,34717.2,34805.9,34340.6,34522.1,43490,70,0
2022-03-22,34520.7,34891.6,34445.1,34860.5,34633,71,0
2022-03-23,34859.5,34910.2,34357.3,34386.1,35768,69,0
2022-03-24,34384.7,34746.3,34332.3,34718.5,36091,68,0
2022-03-25,34720.4,34953.5,34638.9,34835.0,34785,71,0
2022-03-27,34850.9,34850.9,34806.2,34806.2,1312,77,0
2022-03-28,34803.9,34987.1,34560.2,34956.1,36674,69,0
2022-03-29,34956.2,35391.5,34943.4,35293.7,38906,69,0
2022-03-30,35291.7,35371.7,35067.5,35220.0,36353,70,0
2022-03-31,35221.0,35323.2,34741.1,34825.0,34640,70,0
2022-04-01,34823.5,34917.0,34548.6,34857.4,36027,68,0
2022-04-03,34798.3,34812.5,34757.6,34772.1,947,75,0
2022-04-04,34772.9,34955.5,34629.1,34901.1,29531,69,0
2022-04-05,34899.8,35125.4,34577.4,34685.9,32260,67,0
2022-04-06,34685.3,34716.8,34295.2,34408.2,43737,71,0
2022-04-07,34404.5,34716.1,34196.7,34623.4,42316,70,0
2022-04-08,34622.3,34924.0,34474.2,34717.7,35417,71,0
2022-04-10,34739.8,34754.9,34676.2,34677.6,1054,75,0
2022-04-11,34676.6,34726.0,34290.2,34327.9,41920,70,0
2022-04-12,34327.4,34685.6,34117.4,34336.5,45657,70,0
2022-04-13,34335.6,34613.4,34158.9,34563.3,38046,67,0
2022-04-14,34564.1,34897.3,34469.4,34476.4,36842,68,0
2022-04-17,34458.3,34461.8,34291.0,34311.0,1798,76,0
2022-04-18,34310.4,34631.0,34292.0,34577.3,31418,69,0
2022-04-19,34577.7,35001.1,34343.6,34934.0,39746,70,0
2022-04-20,34933.8,35345.5,34835.4,35271.1,42521,71,0
2022-04-21,35270.4,35517.7,34710.4,34727.6,42835,68,0
2022-04-22,34727.0,34822.6,33831.6,33831.6,51109,70,0
2022-04-24,33789.6,33834.3,33735.5,33779.3,2422,76,0
2022-04-25,33777.1,34120.0,33330.5,34043.2,71352,71,0
2022-04-26,34041.9,34139.4,33287.0,33352.5,54228,68,0
2022-04-27,33353.1,33715.6,33113.8,33410.2,68766,71,0
2022-04-28,33411.1,34071.2,33262.0,33803.0,53471,68,0
2022-04-29,33803.9,34003.9,32922.9,32959.6,54208,72,0
2022-05-01,32953.5,33129.9,32935.3,33039.7,3253,78,0
2022-05-02,33038.5,33246.8,32459.6,33055.0,68109,73,0
2022-05-03,33055.8,33354.6,32910.3,33178.0,58827,72,0
2022-05-04,33176.3,34127.8,33029.3,34011.8,50404,70,0
2022-05-05,34012.0,34117.8,32691.0,33019.3,66539,71,0
2022-05-06,33020.6,33063.2,32474.9,32915.7,80415,72,0
2022-05-08,32731.6,32752.4,32569.8,32598.8,2712,77,0
2022-05-09,32601.9,32710.2,32125.0,32352.8,73479,71,0
2022-05-10,32351.2,32749.2,31899.0,32140.7,79147,71,0
2022-05-11,32140.0,32587.4,31801.4,31910.1,73246,68,0
2022-05-12,31907.5,31966.2,31228.1,31801.2,85674,72,0
2022-05-13,31799.4,32285.8,31761.7,32185.8,55292,68,0
2022-05-15,32283.4,32334.0,32259.1,32300.1,2193,76,0
2022-05-16,32298.4,32524.5,31941.0,32252.0,62230,69,0
2022-05-17,32251.3,32764.0,32216.2,32648.4,53426,69,0
2022-05-18,32649.5,32681.1,31340.4,31341.0,51490,68,0
2022-05-19,31336.5,31566.7,31003.1,31312.4,79527,68,0
2022-05-20,31316.1,31594.5,30636.6,31257.5,62667,67,0
2022-05-22,31408.3,31490.9,31384.4,31487.5,2235,71,0
2022-05-23,31484.5,31967.0,31348.1,31801.2,62002,67,0
2022-05-24,31799.9,32062.0,31361.9,32020.7,60567,66,0
2022-05-25,32019.0,32259.2,31730.3,32101.2,60854,68,0
2022-05-26,32097.3,32777.6,32043.3,32624.3,48233,68,0
2022-05-27,32625.2,33181.5,32528.6,33175.7,40524,67,0
2022-05-29,33230.0,33296.5,33225.3,33256.5,1706,74,0
2022-05-30,33254.9,33475.0,33181.2,33275.9,24867,68,0
2022-05-31,33275.8,33292.0,32756.5,33163.8,58684,67,0
2022-06-01,33163.3,33268.8,32583.1,32732.5,50947,68,0
2022-06-02,32734.0,33306.9,32513.4,33281.0,45245,68,0
2022-06-03,33279.5,33306.1,32837.0,32897.1,45650,69,0
2022-06-05,32913.2,32947.9,32898.7,32919.0,1208,71,0
2022-06-06,32916.0,33242.8,32815.5,32916.5,41636,65,0
2022-06-07,32917.1,33208.2,32616.7,33097.4,40600,68,0
2022-06-08,33098.1,33181.1,32819.5,32938.3,41782,68,0
2022-06-09,32937.7,33116.0,32285.4,32319.4,47521,67,0
2022-06-10,32320.7,32347.7,31414.7,31455.4,51116,66,0
2022-06-12,31277.6,31295.7,31188.4,31203.0,1833,73,0
2022-06-13,31203.5,31216.7,30380.5,30599.9,67961,64,0
2022-06-14,30599.4,30881.0,30156.6,30507.7,65823,65,0
2022-06-15,30509.1,31033.8,30192.5,30880.5,65358,65,0
2022-06-16,30878.0,30962.2,29759.9,29995.9,68578,65,0
2022-06-17,29994.6,30234.4,29670.4,29913.1,67164,66,0
2022-06-19,30001.9,30085.9,30000.9,30071.6,1955,72,0
2022-06-20,30070.7,30252.6,29776.4,30191.6,31651,65,0
2022-06-21,30190.9,30680.2,30157.9,30526.3,39798,64,0
2022-06-22,30527.3,30805.1,30043.4,30398.7,53150,62,0
2022-06-23,30395.9,30733.2,30285.6,30599.5,54628,61,0
2022-06-24,30601.1,31499.9,30577.4,31493.1,35992,64,0
2022-06-26,31424.9,31491.9,31398.6,31401.1,1742,72,0
2022-06-27,31398.9,31732.0,31371.1,31497.8,43633,66,0
2022-06-28,31499.1,31905.9,30956.8,31010.8,46195,68,0
2022-06-29,31008.8,31184.8,30907.6,31024.2,49498,67,0
2022-06-30,31022.7,31038.1,30448.1,30807.4,54203,68,0
2022-07-01,30809.0,31161.2,30468.5,31093.8,57190,68,0
2022-07-03,31063.8,31079.1,30964.3,30978.4,1356,71,0
2022-07-04,30975.5,31253.6,30858.0,31215.6,23985,67,0
2022-07-05,31213.7,31246.6,30376.3,30908.8,54224,65,0
2022-07-06,30910.0,31243.9,30776.2,31072.7,55019,68,0
2022-07-07,31073.3,31438.3,30935.1,31358.6,39505,65,0
2022-07-08,31360.8,31527.4,31227.6,31367.9,42757,64,0
2022-07-10,31304.6,31370.9,31292.2,31348.5,1182,70,0
2022-07-11,31349.9,31385.3,31083.8,31235.3,40071,66,0
2022-07-12,31235.0,31370.9,30873.4,31011.1,42815,65,0
2022-07-13,31010.5,31317.1,30520.2,30625.7,52961,66,0
2022-07-14,30624.0,30818.0,30141.2,30753.7,52190,66,0
2022-07-15,30752.6,31299.1,30533.1,31260.0,43551,62,0
2022-07-17,31297.1,31351.2,31290.7,31340.2,984,67,0
2022-07-18,31338.1,31651.1,30987.0,31125.6,37403,62,0
2022-07-19,31126.3,31857.4,31063.8,31847.3,36281,62,0
2022-07-20,31845.9,32015.2,31653.6,31841.5,41062,65,0
2022-07-21,31838.9,32040.1,31530.6,31968.2,45389,65,0
2022-07-22,31967.7,32219.6,31733.2,31879.4,41646,63,0
2022-07-24,31863.3,31887.1,31845.9,31847.4,1256,69,0
2022-07-25,31849.8,32099.1,31804.9,31859.3,41031,63,0
2022-07-26,31858.0,31950.0,31709.5,31873.5,38046,62,0
2022-07-27,31871.9,32354.8,31808.7,32181.4,39814,61,0
2022-07-28,32179.0,32616.8,31983.2,32538.4,40899,60,0
2022-07-29,32536.9,32923.5,32503.5,32861.0,37177,61,0
2022-07-31,32756.9,32774.7,32717.6,32743.1,1270,70,0
2022-08-01,32741.0,32986.8,32652.8,32774.6,41391,61,0
2022-08-02,32776.9,32786.1,32407.5,32460.8,48179,61,0
2022-08-03,32458.8,32919.9,32395.4,32794.7,39866,60,0
2022-08-04,32793.0,32916.9,32653.6,32748.4,38602,62,0
2022-08-05,32751.8,32833.3,32484.5,32791.5,38210,61,0
2022-08-07,32773.6,32774.2,32722.1,32730.7,1103,61,0
2022-08-08,32731.1,33120.0,32724.6,32910.1,41958,53,0
2022-08-09,32907.9,32928.3,32712.3,32822.1,40370,53,0
2022-08-10,32821.6,33379.5,32728.9,33336.5,39022,52,0
2022-08-11,33335.6,33662.5,33293.0,33374.7,41717,53,0
2022-08-12,33375.8,33754.5,33333.7,33751.6,33500,54,0
2022-08-14,33707.0,33717.1,33670.8,33672.3,835,69,0
2022-08-15,33673.2,33966.7,33530.8,33893.0,30785,53,0
2022-08-16,33891.8,34286.7,33833.8,34145.8,34529,54,0
2022-08-17,34145.4,34206.1,33837.1,33951.5,42655,55,0
2022-08-18,33952.1,34076.5,33846.2,33999.2,37695,54,0
2022-08-19,34000.1,34012.0,33629.2,33723.5,38825,56,0
2022-08-21,33641.4,33649.1,33547.5,33561.4,1037,74,0
2022-08-22,33562.9,33646.1,33012.7,33143.0,40811,55,0
2022-08-23,33144.0,33188.9,32860.2,32903.3,45790,54,0
2022-08-24,32905.0,33100.5,32767.2,32955.8,40063,54,0
2022-08-25,32955.3,33288.4,32893.2,33254.7,39766,54,0
2022-08-26,33254.5,33463.0,32277.9,32306.2,47654,54,0
2022-08-28,32064.6,32102.7,31971.5,32002.4,1988,74,0
2022-08-29,32000.7,32333.5,31954.9,32180.1,51613,57,0
2022-08-30,32181.0,32376.7,31646.4,31786.5,52254,55,0
2022-08-31,31784.7,31993.7,31388.4,31427.5,57463,57,0
2022-09-01,31428.1,31664.9,31217.2,31652.5,56918,56,0
2022-09-02,31653.1,32023.6,31181.9,31273.4,57308,55,0
2022-09-04,31315.9,31395.0,31292.1,31390.0,1662,66,0
2022-09-05,31387.5,31492.7,31317.0,31454.7,28170,54,0
2022-09-06,31455.1,31599.2,31049.6,31149.5,58356,56,0
2022-09-07,31146.8,31652.4,30984.6,31562.6,51091,58,0
2022-09-08,31563.0,31810.1,31315.4,31781.8,54993,58,0
2022-09-09,31781.2,32231.7,31776.8,32167.5,39684,57,0
2022-09-11,32249.8,32266.8,32232.4,32234.2,722,71,0
2022-09-12,32234.6,32521.0,32142.9,32430.9,38816,56,0
2022-09-13,32430.4,32700.8,31045.7,31188.9,48602,60,0
2022-09-14,31187.4,31308.7,30907.9,31190.0,57714,57,0
2022-09-15,31186.8,31302.5,30791.7,30826.1,50491,58,0
2022-09-16,30828.5,30887.8,30564.4,30871.1,52366,57,0
2022-09-18,30853.2,30914.9,30847.4,30882.9,1206,75,0
2022-09-19,30883.9,31141.3,30515.2,31141.3,50379,52,0
2022-09-20,31140.7,31182.3,30479.4,30735.6,51979,52,0
2022-09-21,30733.9,31041.0,30071.4,30084.7,61525,54,0
2022-09-22,30081.8,30428.7,29982.6,30148.2,67491,55,0
2022-09-23,30148.1,30174.9,29245.3,29561.3,64313,54,0
2022-09-25,29642.2,29649.4,29535.3,29579.1,2135,63,0
2022-09-26,29577.4,29680.7,29178.3,29372.2,78970,59,0
2022-09-27,29373.1,29678.2,28971.2,29159.9,70274,53,0
2022-09-28,29164.2,29835.6,28837.3,29678.8,79203,56,0
2022-09-29,29681.5,29736.2,29003.3,29320.5,72097,57,0
2022-09-30,29321.9,29505.8,28741.8,28746.4,77016,57,0
2022-10-02,28835.5,28874.8,28667.4,28696.6,2483,65,0
2022-10-03,28697.7,29673.9,28608.5,29583.5,65245,55,0
2022-10-04,29584.2,30331.6,29565.7,30265.6,57585,52,0
2022-10-05,30264.7,30467.6,29892.0,30376.0,55903,57,0
2022-10-06,30374.5,30438.4,29857.3,29878.5,62319,57,0
2022-10-07,29877.5,30063.0,29147.0,29324.7,58672,54,0
2022-10-09,29150.5,29210.5,29078.6,29189.6,2552,65,0
2022-10-10,29189.3,29502.1,29023.4,29270.8,60558,52,0
2022-10-11,29268.0,29625.9,28916.6,29277.3,76426,56,0
2022-10-12,29279.1,29494.2,29147.8,29305.9,72606,56,0
2022-10-13,29304.9,30185.5,28642.1,30068.2,77212,54,0
2022-10-14,30061.7,30450.0,29623.9,29638.4,79340,58,0
2022-10-16,29751.4,29836.1,29732.3,29826.7,1728,61,0
2022-10-17,29824.0,30449.2,29761.6,30431.3,60191,55,0
2022-10-18,30429.7,30862.6,30318.7,30724.4,67114,57,0
2022-10-19,30723.5,30803.9,30241.9,30431.8,66528,58,0
2022-10-20,30433.7,30841.3,30240.6,30279.7,68272,58,0
2022-10-21,30283.5,31139.3,30084.2,31081.5,69665,56,0
2022-10-23,31340.3,31374.9,31259.5,31259.5,3470,72,0
2022-10-24,31258.4,31623.6,30906.5,31533.8,73221,57,0
2022-10-25,31535.2,31900.7,31331.3,31786.3,54735,55,0
2022-10-26,31784.8,32194.6,31730.8,32030.1,59206,57,0
2022-10-27,32027.1,32411.2,31942.6,32015.6,66063,57,0
2022-10-28,32016.2,32914.3,31874.6,32860.5,56788,57,0
2022-10-30,32859.4,32906.0,32854.2,32882.5,1731,72,0
2022-10-31,32883.1,32914.8,32620.0,32803.4,50498,57,0
2022-11-01,32802.8,33030.3,32516.1,32679.0,53593,56,0
2022-11-02,32681.0,33109.9,32089.5,32111.5,59053,55,0
2022-11-03,32110.6,32276.8,31739.4,31962.3,57237,55,0
2022-11-04,31963.1,32628.1,31866.2,32383.8,66454,58,0
2022-11-06,32254.6,32254.8,32235.2,32240.2,532,73,0
2022-11-07,32242.0,32919.6,32239.6,32866.6,51934,57,0
2022-11-08,32863.7,33384.9,32784.1,33207.5,47023,55,0
2022-11-09,33207.0,33230.3,32490.2,32548.1,58335,58,0
2022-11-10,32545.4,33819.5,32528.7,33797.3,57061,56,0
2022-11-11,33798.9,33986.5,33413.4,33746.6,57756,58,0
2022-11-13,33701.2,33731.8,33671.6,33719.9,611,82,0
2022-11-14,33716.2,33993.1,33562.5,33624.5,45683,57,0
2022-11-15,33625.2,34039.6,33339.6,33581.2,63569,57,0
2022-11-16,33580.9,33740.3,33472.9,33635.5,53508,58,0
2022-11-17,33635.8,33722.2,33186.2,33526.9,47254,57,0
2022-11-18,33531.7,33849.3,33465.9,33749.7,45475,58,0
2022-11-20,33733.8,33745.1,33720.3,33734.0,333,78,0
2022-11-21,33735.2,33894.9,33585.1,33740.0,42684,57,0
2022-11-22,33741.5,34144.6,33662.9,34142.9,36320,56,0
2022-11-23,34142.1,34276.0,34043.0,34265.1,38519,53,0
2022-11-24,34266.5,34309.9,34232.3,34273.4,14877,54,0
2022-11-25,34272.9,34402.3,34215.9,34389.6,22368,54,0
2022-11-27,34312.2,34312.2,34275.6,34275.6,323,75,0
2022-11-28,34274.0,34330.5,33836.6,33875.0,37563,56,0
2022-11-29,33874.1,33994.4,33684.4,33812.3,41664,56,0
2022-11-30,33813.2,34599.5,33598.5,34590.5,48457,56,0
2022-12-01,34586.9,34684.9,34144.5,34368.7,48641,57,0
2022-12-02,34367.5,34499.6,33906.1,34448.0,44490,56,0
2022-12-04,34401.7,34427.3,34393.5,34417.4,440,77,0
2022-12-05,34416.9,34434.2,33868.1,34004.2,41385,57,0
2022-12-06,34006.5,34066.3,33442.2,33648.0,44712,56,0
2022-12-07,33648.7,33802.9,33458.0,33623.4,48489,55,0
2022-12-08,33624.9,33918.1,33471.3,33773.1,44874,53,0
2022-12-09,33771.6,33953.3,33492.9,33506.4,41734,53,0
2022-12-11,33482.4,33485.5,33445.3,33459.3,455,78,0
2022-12-12,33457.4,34041.6,33444.2,34020.8,37577,51,0
2022-12-13,34023.2,34937.6,33934.2,34161.3,60944,53,0
2022-12-14,34160.0,34448.3,33734.8,34078.7,49619,56,0
2022-12-15,34077.4,34115.8,33020.4,33217.7,49845,60,0
2022-12-16,33220.4,33280.9,32662.1,32939.4,50094,60,0
2022-12-18,32961.4,32961.8,32925.9,32926.7,360,72,0
2022-12-19,32927.1,33079.9,32598.4,32826.7,41785,58,0
2022-12-20,32825.3,33017.4,32495.5,33005.8,55158,58,0
2022-12-21,33007.7,33460.4,32957.2,33424.8,39987,57,0
2022-12-22,33421.7,33480.2,32569.3,33025.6,44055,59,0
2022-12-23,33024.3,33235.5,32814.9,33209.4,49035,58,0
2022-12-26,33328.0,33385.6,33325.0,33375.7,450,80,0
2022-12-27,33376.6,33449.8,33077.8,33270.2,36538,58,0
2022-12-28,33271.1,33403.2,32875.8,32915.0,40486,57,0
2022-12-29,32915.1,33306.7,32846.3,33184.5,33655,55,0
2022-12-30,33184.0,33222.3,32843.0,33126.5,36780,56,0
2023-01-02,33250.7,33252.3,33221.1,33239.4,509,77,0
2023-01-03,33237.7,33509.9,32853.3,33134.5,54542,58,0
2023-01-04,33134.0,33431.2,33045.2,33243.5,49714,57,0
2023-01-05,33244.0,33326.1,32806.0,32969.0,46999,58,0
2023-01-06,32967.5,33721.5,32905.1,33626.3,45154,59,0
2023-01-08,33671.9,33697.4,33671.1,33691.7,426,79,0
2023-01-09,33691.2,33953.6,33509.0,33527.5,38985,59,0
2023-01-10,33529.6,33741.9,33368.6,33735.3,42881,59,0
2023-01-11,33733.4,33986.8,33702.6,33970.1,31783,59,0
2023-01-12,33971.0,34304.6,33724.3,34217.4,48013,59,0
2023-01-13,34220.2,34346.0,33897.2,34301.3,38366,58,0
2023-01-15,34301.0,34308.7,34287.8,34299.7,338,79,0
2023-01-16,34301.5,34386.0,34201.8,34304.9,13134,58,0
2023-01-17,34305.9,34330.6,33820.1,33843.5,45548,55,0
2023-01-18,33840.9,34028.9,33264.4,33272.0,61141,54,0
2023-01-19,33269.7,33273.2,32961.9,33038.2,67955,54,0
2023-01-20,33036.9,33375.3,32927.9,33337.9,53823,53,0
2023-01-22,33358.5,33358.5,33334.5,33350.4,459,67,0
2023-01-23,33350.2,33789.0,33311.5,33620.0,57980,53,0
2023-01-24,33617.3,33789.0,33386.6,33664.3,62193,54,0
2023-01-25,33666.0,33777.4,33263.5,33771.6,64213,53,0
2023-01-26,33774.4,33937.8,33621.3,33896.4,69214,54,0
2023-01-27,33896.1,34164.9,33823.1,33962.5,54143,54,0
2023-01-29,33927.8,33941.2,33919.1,33929.6,548,69,0
2023-01-30,33931.4,34059.0,33698.5,33777.3,67954,54,0
2023-01-31,33778.7,34101.2,33521.0,34045.2,66084,54,0
2023-02-01,34044.1,34355.6,33573.5,34102.1,92283,54,0
2023-02-02,34101.1,34164.7,33810.7,33985.8,82725,54,0
2023-02-03,33987.4,34181.0,33780.0,33914.7,88447,0,0
2023-02-05,33881.1,33909.1,33861.2,33896.1,590,80,0
2023-02-06,33892.8,33984.4,33661.6,33945.8,38891,59,0
2023-02-07,33949.0,34255.1,33642.3,34136.5,44958,58,0
2023-02-08,34137.7,34194.1,33904.1,34003.1,38355,59,0
2023-02-09,34004.5,34263.8,33603.2,33706.8,38406,57,0
2023-02-10,33709.2,33902.3,33518.7,33885.5,42633,59,0
2023-02-12,33836.3,33837.3,33810.0,33820.1,393,82,0
2023-02-13,33819.2,34260.3,33753.6,34249.7,31308,57,0
2023-02-14,34250.2,34526.4,33837.9,34045.6,48381,59,0
2023-02-15,34045.2,34126.7,33838.5,34116.4,37609,60,0
2023-02-16,34117.8,34192.0,33626.8,33627.4,38283,59,0
2023-02-17,33629.5,33846.3,33472.0,33817.8,40172,56,0
2023-02-19,33808.8,33809.5,33790.7,33798.4,225,83,0
2023-02-20,33800.2,33847.7,33709.1,33747.9,12470,57,0
2023-02-21,33750.7,33750.7,33137.6,33191.3,37414,58,0
2023-02-22,33188.6,33253.7,32961.5,33098.4,39914,58,0
2023-02-23,33096.4,33270.0,32808.1,33115.4,36519,56,0
2023-02-24,33116.0,33184.3,32648.2,32797.5,39796,55,0
2023-02-26,32805.4,32844.1,32800.5,32839.5,304,73,0
2023-02-27,32838.6,33208.4,32792.8,32924.5,35163,54,0
2023-02-28,32924.1,33008.9,32577.5,32588.1,35620,54,0
2023-03-01,32589.6,32828.1,32508.3,32826.1,40355,54,0
2023-03-02,32827.0,33082.5,32615.0,32967.1,41630,57,0
2023-03-03,32967.2,33410.4,32939.8,33388.5,32670,54,0
2023-03-05,33355.4,33374.1,33354.4,33367.6,234,72,0
2023-03-06,33369.0,33586.8,33358.5,33462.6,40759,55,0
2023-03-07,33461.7,33514.1,32855.3,32885.6,50531,54,0
2023-03-08,32884.6,32934.6,32621.8,32797.6,49938,54,0
2023-03-09,32798.2,32990.1,32178.4,32187.9,50967,53,0
2023-03-10,32187.3,32424.3,31782.9,31915.2,83450,56,0
2023-03-12,32203.3,32291.1,32056.9,32170.8,4064,91,0
2023-03-13,32165.8,32334.3,31494.5,31857.7,104221,62,0
2023-03-14,31861.5,32309.7,31789.1,32133.6,80550,58,0
2023-03-15,32134.1,32203.1,31415.0,31820.1,95495,58,0
2023-03-16,31818.7,32284.5,31545.7,32232.5,80896,60,0
2023-03-17,32233.0,32341.1,31716.1,31822.8,70898,56,0
2023-03-19,31966.3,32058.8,31950.1,32040.1,2047,75,0
2023-03-20,32040.9,32292.8,31435.6,32246.1,78185,59,0
2023-03-21,32245.6,32612.9,32228.7,32565.2,46463,54,0
2023-03-22,32563.7,32785.7,32071.4,32098.8,54015,57,0
2023-03-23,32095.9,32520.6,31852.4,32160.1,62963,57,0
2023-03-24,32161.0,32264.4,31746.0,32214.0,70277,59,0
2023-03-26,32369.2,32431.3,32354.6,32411.9,1355,73,0
2023-03-27,32414.3,32577.2,32226.7,32491.6,47489,57,0
2023-03-28,32490.7,32593.0,32292.2,32468.1,40837,55,0
2023-03-29,32469.1,32752.3,32461.7,32704.7,35458,54,0
2023-03-30,32706.8,32950.3,32697.7,32904.6,38263,54,0
2023-03-31,32902.1,33304.8,32830.3,33304.8,35523,54,0
2023-04-02,33294.6,33352.7,33286.5,33332.2,1129,76,0
2023-04-03,33331.3,33660.9,33282.4,33610.2,37745,56,0
2023-04-04,33609.6,33716.3,33302.1,33449.7,40961,55,0
2023-04-05,33448.7,33554.0,33343.9,33475.3,39877,55,0
2023-04-06,33473.8,33545.4,33325.7,33440.3,34966,54,0
2023-04-07,33440.8,33596.7,33404.5,33551.3,5932,164,0
2023-04-09,33558.9,33570.8,33541.4,33549.5,726,74,0
2023-04-10,33550.1,33640.2,33357.8,33637.6,28147,54,0
2023-04-11,33637.3,33798.8,33580.8,33727.4,32506,55,0
2023-04-12,33726.7,33973.5,33607.6,33612.0,43689,54,0
2023-04-13,33613.0,34073.5,33610.7,33999.9,35682,55,0
2023-04-14,34001.8,34133.7,33747.6,33908.9,44371,54,0
2023-04-16,33955.7,33990.4,33954.8,33983.2,564,78,0
2023-04-17,33982.4,34016.1,33819.0,34009.6,36637,55,0
2023-04-18,34008.0,34152.7,33812.1,33962.6,35483,55,0
2023-04-19,33961.6,33986.3,33833.3,33866.6,32023,57,0
2023-04-20,33867.1,33917.3,33683.0,33751.2,35992,57,0
2023-04-21,33750.6,33863.4,33686.6,33832.0,38338,56,0
2023-04-23,33788.9,33799.0,33785.5,33789.1,447,72,0
2023-04-24,33787.6,33901.9,33668.0,33868.6,31406,55,0
2023-04-25,33869.1,33887.4,33539.0,33611.2,39408,56,0
2023-04-26,33609.9,33661.1,33252.4,33357.6,45719,57,0
2023-04-27,33356.7,33861.6,33331.9,33787.5,37219,55,0
2023-04-28,33786.6,34097.3,33663.8,34095.8,43962,57,0
2023-04-30,34122.5,34122.6,34068.4,34077.5,809,76,0
2023-05-01,34075.7,34283.5,34032.3,34039.6,31857,56,0
2023-05-02,34037.1,34120.1,33457.6,33717.9,43728,56,0
2023-05-03,33718.9,33837.0,33234.6,33304.9,51747,57,0
2023-05-04,33305.9,33489.8,32939.0,33184.3,58726,61,0
2023-05-05,33184.9,33754.3,33156.5,33660.2,39285,55,0
2023-05-07,33713.7,33721.6,33673.3,33677.3,587,78,0
2023-05-08,33676.4,33797.3,33521.6,33615.5,32372,54,0
2023-05-09,33614.0,33670.5,33486.0,33605.2,32264,56,0
2023-05-10,33603.5,33800.2,33255.0,33557.6,44977,58,0
2023-05-11,33559.0,33622.0,33130.0,33322.4,42978,57,0
2023-05-12,33320.5,33492.9,33115.7,33302.0,38270,56,0
2023-05-14,33255.2,33279.1,33245.5,33277.6,455,73,0
2023-05-15,33276.6,33462.2,33176.6,33333.0,33632,55,0
2023-05-16,33331.6,33357.1,33015.2,33054.3,36521,56,0
2023-05-17,33055.0,33489.5,33014.9,33386.1,35424,54,0
2023-05-18,33385.5,33606.2,33214.9,33570.5,39922,56,0
2023-05-19,33571.0,33672.2,33334.8,33464.0,41626,56,0
2023-05-21,33371.7,33410.5,33369.9,33409.5,442,85,0
2023-05-22,33410.4,33534.1,33225.8,33396.4,36249,56,0
2023-05-23,33395.4,33432.3,33027.7,33132.0,40685,55,0
2023-05-24,33130.6,33144.4,32653.8,32756.4,43333,57,0
2023-05-25,32758.5,32878.0,32587.3,32722.4,47240,56,0
2023-05-26,32723.7,33166.3,32691.6,33098.7,39908,56,0
2023-05-28,33240.2,33240.7,33214.4,33225.2,573,82,0
2023-05-29,33224.2,33248.7,33142.3,33149.3,13616,56,0
2023-05-30,33147.3,33212.3,32899.0,33024.8,42144,58,0
2023-05-31,33024.2,33030.8,32758.5,32929.9,42675,57,0
2023-06-01,32928.6,33170.6,32694.0,33086.2,41965,55,0
2023-06-02,33085.6,33817.6,33075.8,33774.2,40240,56,0
2023-06-04,33860.1,33866.6,33803.4,33806.7,925,77,0
2023-06-05,33806.2,33858.7,33550.3,33565.3,40921,56,0
2023-06-06,33566.9,33652.5,33428.6,33607.1,39216,57,0
2023-06-07,33608.0,33722.8,33527.3,33682.6,39469,55,0
2023-06-08,33680.9,33885.8,33621.5,33810.5,36141,55,0
2023-06-09,33812.0,33987.4,33733.7,33895.9,36817,55,0
2023-06-11,33912.2,33957.9,33912.2,33935.4,904,77,0
2023-06-12,33937.7,34120.6,33908.8,34094.4,33995,57,0
2023-06-13,34095.8,34346.6,34059.9,34174.6,41705,57,0
2023-06-14,34174.0,34240.0,33817.9,33996.5,41254,57,0
2023-06-15,33998.6,34521.5,33896.3,34407.7,42063,56,0
2023-06-16,34407.2,34614.8,34339.1,34341.0,41450,57,0
2023-06-18,34361.5,34363.9,34319.1,34330.1,514,83,0
2023-06-19,34328.1,34354.3,34217.2,34251.4,17464,55,0
2023-06-20,34248.5,34279.6,33939.5,34102.3,38242,56,0
2023-06-21,34102.4,34125.4,33909.1,33995.6,36764,55,0
2023-06-22,33995.6,34019.5,33837.9,33978.4,38346,56,0
2023-06-23,33979.0,33980.5,33648.4,33736.0,36107,56,0
2023-06-25,33751.8,33815.6,33751.8,33804.8,733,78,0
2023-06-26,33803.3,33838.7,33627.3,33792.1,38780,56,0
2023-06-27,33793.9,33996.8,33675.1,33946.1,36098,57,0
2023-06-28,33947.0,33996.0,33782.7,33952.8,36673,56,0
2023-06-29,33953.8,34168.1,33843.8,34129.4,37126,56,0
2023-06-30,34130.1,34491.3,34104.5,34436.9,29810,55,0
2023-07-02,34457.8,34459.8,34419.0,34440.1,639,81,0
2023-07-03,34440.5,34486.4,34317.8,34432.5,21392,56,0
2023-07-04,34434.5,34460.8,34396.6,34408.5,11673,57,0
2023-07-05,34408.9,34431.3,34247.0,34273.0,29352,57,0
2023-07-06,34274.8,34275.3,33777.8,33935.9,31156,56,0
2023-07-07,33934.5,34043.1,33720.7,33738.0,30506,67,0
2023-07-09,33759.0,33813.6,33740.1,33803.9,927,76,0
2023-07-10,33801.5,33992.8,33629.4,33976.2,32276,66,0
2023-07-11,33975.6,34317.3,33888.0,34265.1,31373,67,0
2023-07-12,34263.8,34623.7,34244.0,34415.4,31446,65,0
2023-07-13,34414.5,34510.4,34370.2,34386.4,25856,67,0
2023-07-14,34384.0,34623.1,34339.4,34507.8,29826,67,0
2023-07-16,34514.0,34514.6,34463.4,34475.4,696,75,0
2023-07-17,34477.4,34701.7,34438.1,34596.4,26044,67,0
2023-07-18,34596.4,35033.4,34549.9,34994.4,27379,66,0
2023-07-19,34994.9,35268.8,34963.5,35075.0,32109,67,0
2023-07-20,35075.8,35395.0,35057.6,35269.9,32575,68,0
2023-07-21,35269.3,35364.1,35198.2,35258.3,29416,67,0
2023-07-23,35259.2,35261.1,35216.4,35223.3,570,79,0
2023-07-24,35221.9,35496.9,35217.3,35450.1,27158,69,0
2023-07-25,35450.6,35561.2,35397.8,35452.3,28973,67,0
2023-07-26,35452.4,35674.8,35345.6,35508.2,32688,69,0
2023-07-27,35508.2,35723.4,35232.3,35320.3,35780,69,0
2023-07-28,35321.6,35590.9,35262.1,35481.4,33631,71,0
2023-07-30,35513.7,35531.2,35500.4,35500.4,860,79,0
2023-07-31,35500.9,35611.2,35410.4,35591.0,29943,68,0
2023-08-01,35591.0,35712.2,35477.5,35597.1,29156,69,0
2023-08-02,35598.5,35637.3,35245.2,35376.4,38368,71,0
2023-08-03,35376.5,35411.0,35136.1,35270.2,42209,73,0
2023-08-04,35271.7,35523.8,35039.9,35065.6,38339,71,0
2023-08-06,35127.9,35142.1,35113.0,35128.1,825,81,0
2023-08-07,35128.2,35523.8,35109.4,35505.8,32367,70,0
2023-08-08,35504.5,35512.4,35016.3,35297.2,36993,71,0
2023-08-09,35296.4,35426.5,35065.4,35210.4,34437,71,0
2023-08-10,35211.0,35581.7,35107.3,35216.3,43049,71,0
2023-08-11,35216.3,35360.4,35051.6,35268.4,38165,71,0
2023-08-13,35347.3,35350.7,35322.1,35334.3,910,78,0
2023-08-14,35336.8,35408.7,35177.3,35324.4,39425,73,0
2023-08-15,35324.9,35370.7,34913.0,34978.3,42206,72,0
2023-08-16,34978.9,35149.6,34764.4,34784.3,41448,71,0
2023-08-17,34784.3,34895.0,34424.9,34468.2,40890,70,0
2023-08-18,34466.4,34591.6,34264.5,34503.1,42283,71,0
2023-08-20,34508.3,34532.1,34493.9,34522.9,772,78,0
2023-08-21,34523.4,34656.9,34257.6,34437.6,38023,71,0
2023-08-22,34437.5,34605.7,34260.5,34320.9,35833,70,0
2023-08-23,34321.4,34553.9,34301.0,34493.5,35026,70,0
2023-08-24,34494.9,34702.5,34060.1,34126.1,41941,69,0
2023-08-25,34127.1,34444.6,34027.0,34341.2,43298,69,0
2023-08-27,34412.1,34420.6,34395.3,34416.1,773,83,0
2023-08-28,34417.5,34671.8,34385.6,34594.5,33094,69,0
2023-08-29,34594.1,34899.5,34513.5,34856.3,31172,69,0
2023-08-30,34856.2,35048.8,34807.1,34960.1,33917,70,0
2023-08-31,34961.7,35125.1,34725.5,34778.4,33334,69,0
2023-09-01,34779.0,34988.5,34721.4,34858.9,33142,68,0
2023-09-03,34838.4,34845.6,34822.5,34841.5,432,84,0
2023-09-04,34843.0,34943.9,34768.5,34835.1,13249,68,0
2023-09-05,34832.6,34903.3,34656.7,34688.7,32582,67,0
2023-09-06,34688.6,34700.2,34311.6,34461.2,34015,65,0
2023-09-07,34460.6,34574.0,34356.5,34531.6,33714,67,0
2023-09-08,34532.1,34644.0,34426.5,34582.9,32562,68,0
2023-09-10,34598.8,34625.0,34592.9,34624.4,613,75,0
2023-09-11,34625.0,34822.6,34585.3,34687.1,28965,68,0
2023-09-12,34686.5,34889.9,34570.2,34686.5,30791,68,0
2023-09-13,34687.1,34808.4,34534.3,34629.5,36794,68,0
2023-09-14,34630.1,35012.1,34617.0,34978.1,35157,67,0
2023-09-15,34979.0,35052.4,34587.4,34629.3,33805,67,0
2023-09-17,34670.1,34691.9,34663.3,34688.0,532,76,0
2023-09-18,34689.0,34746.8,34557.6,34663.6,30468,67,0
2023-09-19,34665.1,34707.6,34315.7,34543.1,30149,65,0
2023-09-20,34542.6,34803.9,34427.3,34435.5,35157,65,0
2023-09-21,34435.5,34460.1,34030.5,34058.1,42020,67,0
2023-09-22,34057.2,34153.0,33943.2,33970.1,38023,67,0
2023-09-24,34022.8,34035.0,34012.0,34020.3,680,78,0
2023-09-25,34019.9,34106.1,33794.7,34008.6,38610,67,0
2023-09-26,34009.2,34010.2,33571.5,33673.0,40064,68,0
2023-09-27,33672.5,33766.3,33297.5,33598.4,39897,66,0
2023-09-28,33599.9,33777.9,33463.8,33706.6,47534,68,0
2023-09-29,33705.5,33900.0,33395.3,33496.0,44443,67,0
2023-10-01,33632.6,33672.0,33599.7,33669.4,1673,75,0
2023-10-02,33667.7,33724.8,33225.4,33428.9,49690,67,0
2023-10-03,33429.0,33499.8,32908.6,33012.6,52159,67,0
2023-10-04,33012.6,33160.8,32822.7,33072.3,55703,66,0
2023-10-05,33072.7,33168.7,32926.3,33078.3,48562,66,0
2023-10-06,33079.2,33555.5,32833.4,33400.6,48989,65,0
2023-10-08,33204.6,33250.3,33143.9,33234.4,2550,76,0
2023-10-09,33236.0,33648.8,33111.7,33630.3,41970,67,0
2023-10-10,33630.3,33909.6,33595.5,33754.3,41285,65,0
2023-10-11,33754.3,33894.0,33617.6,33870.6,39164,65,0
2023-10-12,33870.6,33978.2,33440.8,33632.6,40641,64,0
2023-10-13,33633.2,33947.3,33533.2,33643.1,46410,67,0
2023-10-15,33697.7,33743.9,33681.2,33723.1,1179,74,0
2023-10-16,33731.6,34096.7,33663.6,34002.2,41352,66,0
2023-10-17,34002.2,34148.7,33816.8,33936.6,45437,67,0
2023-10-18,33934.6,33998.2,33591.2,33666.5,49999,67,0
2023-10-19,33667.0,33837.6,33342.4,33371.5,59285,66,0
2023-10-20,33370.6,33406.8,33095.0,33113.3,49540,67,0
2023-10-22,33150.5,33194.4,33143.2,33192.5,890,84,0
2023-10-23,33192.0,33225.4,32874.1,33006.1,49626,66,0
2023-10-24,33005.6,33287.2,32923.8,33221.8,50245,63,0
2023-10-25,33221.9,33262.4,32968.2,33000.0,53507,66,0
2023-10-26,33001.0,33085.8,32717.9,32873.6,56362,65,0
2023-10-27,32873.6,32897.5,32297.3,32360.4,50822,64,0
2023-10-29,32447.2,32473.0,32407.7,32451.5,1485,76,0
2023-10-30,32452.6,33000.8,32450.5,32929.5,43798,64,0
2023-10-31,32930.1,33130.3,32780.6,32985.7,47792,65,0
2023-11-01,32984.7,33337.2,32905.4,33311.5,47589,64,0
2023-11-02,33309.7,33863.1,33266.8,33831.3,37335,64,0
2023-11-03,33831.9,34178.0,33829.7,34073.4,34215,66,0
2023-11-05,34136.2,34150.6,34098.8,34112.6,568,84,0
2023-11-06,34112.6,34190.5,34013.5,34077.6,31470,66,0
2023-11-07,34076.6,34229.0,33996.3,34179.0,31133,66,0
2023-11-08,34178.5,34277.8,34017.1,34106.7,32959,64,0
2023-11-09,34106.1,34240.3,33873.7,33912.6,37872,66,0
2023-11-10,33911.7,34326.8,33876.5,34292.9,35123,66,0
2023-11-12,34281.2,34286.6,34251.8,34256.5,615,86,0
2023-11-13,34255.9,34433.8,34178.1,34373.2,30831,66,0
2023-11-14,34371.7,34960.0,34324.3,34899.9,33355,66,0
2023-11-15,34900.8,35080.0,34876.6,34982.1,34686,66,0
2023-11-16,34981.2,35039.5,34836.1,34982.5,35186,67,0
2023-11-17,34980.6,35120.2,34899.7,34970.4,29116,67,0
2023-11-19,34959.6,34977.5,34949.8,34971.9,734,77,0
2023-11-20,34972.8,35254.5,34925.7,35202.4,27478,66,0
2023-11-21,35201.5,35213.1,35064.6,35103.4,27984,67,0
2023-11-22,35103.4,35332.9,35101.5,35266.7,29035,66,0
2023-11-23,35267.2,35365.5,35259.6,35334.2,13244,65,0
2023-11-24,35334.8,35421.9,35311.5,35417.5,17509,66,0
2023-11-26,35416.4,35418.9,35389.5,35392.5,463,74,0
2023-11-27,35393.0,35450.2,35314.5,35404.4,25415,67,0
2023-11-28,35403.5,35553.2,35324.6,35435.1,27864,66,0
2023-11-29,35435.7,35615.0,35434.2,35551.5,35473,66,0
2023-11-30,35551.5,35993.0,35529.5,35947.9,39795,65,0
2023-12-01,35947.3,36296.5,35919.4,36265.9,37177,66,0
2023-12-03,36298.5,36306.7,36260.9,36263.9,826,76,0
2023-12-04,36264.9,36288.1,36073.2,36207.0,36116,67,0
2023-12-05,36207.9,36232.7,36051.5,36186.4,40553,67,0
2023-12-06,36185.5,36343.8,36067.6,36079.8,36326,67,0
2023-12-07,36077.5,36195.2,36006.3,36127.4,35454,67,0
2023-12-08,36128.1,36334.1,35995.2,36283.7,34807,67,0
2023-12-10,36312.1,36347.4,36311.4,36325.4,636,76,0
2023-12-11,36324.5,36479.9,36259.2,36478.0,33773,67,0
2023-12-12,36477.4,36680.9,36417.6,36680.4,31149,67,0
2023-12-13,36679.5,37195.7,36582.6,37192.3,35402,67,0
2023-12-14,37191.4,37352.6,37080.6,37292.9,48134,68,0
2023-12-15,37293.8,37445.7,37180.4,37355.7,39414,69,0
2023-12-17,37338.0,37369.4,37334.7,37368.5,507,83,0
2023-12-18,37368.0,37444.1,37317.2,37330.8,28278,70,0
2023-12-19,37330.3,37618.0,37316.6,37586.3,27046,67,0
2023-12-20,37587.7,37696.0,37074.5,37215.9,39107,69,0
2023-12-21,37215.3,37454.8,37152.5,37355.6,46995,69,0
2023-12-22,37354.1,37567.9,37280.6,37422.5,36438,70,0
2023-12-25,37470.3,37501.6,37464.5,37499.0,463,83,0
2023-12-26,37500.1,37674.7,37415.9,37616.1,19645,72,0
2023-12-27,37616.1,37743.6,37536.5,37711.2,28790,70,0
2023-12-28,37711.2,37811.0,37649.7,37775.1,27909,70,0
2023-12-29,37776.6,37818.7,37571.3,37717.7,29506,69,0
2024-01-01,37763.9,37791.7,37762.5,37776.3,385,90,0
2024-01-02,37777.1,37863.5,37510.1,37763.1,39967,71,0
2024-01-03,37764.6,37766.7,37419.1,37473.5,43958,70,0
2024-01-04,37473.0,37734.3,37451.2,37515.3,39924,69,0
2024-01-05,37514.2,37635.9,37262.8,37474.5,46207,71,0
2024-01-07,37446.1,37480.1,37428.0,37443.7,695,80,0
2024-01-08,37443.0,37719.7,37244.0,37672.7,37415,73,0
2024-01-09,37672.2,37676.9,37386.5,37525.2,38749,71,0
2024-01-10,37526.6,37765.8,37480.6,37722.4,36720,69,0
2024-01-11,37721.4,37826.6,37415.6,37710.5,49437,70,0
2024-01-12,37709.4,37824.4,37447.6,37593.8,51733,71,0
2024-01-14,37561.8,37582.6,37532.7,37577.2,718,80,0
2024-01-15,37577.2,37641.0,37506.9,37551.7,21028,71,0
2024-01-16,37552.7,37562.6,37203.5,37368.7,51245,70,0
2024-01-17,37368.2,37379.0,37136.1,37280.3,46722,70,0
2024-01-18,37280.9,37529.1,37127.0,37482.7,45947,69,0
2024-01-19,37481.4,37950.7,37417.6,37853.5,43210,69,0
2024-01-21,37910.6,37948.0,37904.8,37918.8,781,79,0
2024-01-22,37917.3,38136.8,37897.0,38018.4,39015,70,0
2024-01-23,38018.8,38049.8,37817.6,37960.3,34693,69,0
2024-01-24,37958.3,38100.1,37800.3,37873.0,40161,69,0
2024-01-25,37873.9,38070.7,37766.1,37991.2,46438,70,0
2024-01-26,37988.8,38232.9,37910.4,38111.9,39280,69,0
2024-01-28,38081.2,38081.2,38032.1,38047.7,803,82,0
2024-01-29,38047.7,38370.7,38041.3,38319.6,29750,70,0
2024-01-30,38320.6,38542.3,38266.0,38487.8,32007,70,0
2024-01-31,38487.8,38606.3,38134.3,38193.6,47683,71,0
2024-02-01,38193.7,38557.1,38105.4,38532.5,46953,70,0
2024-02-02,38532.1,38788.8,38330.4,38674.9,43872,72,0
2024-02-04,38657.2,38688.9,38625.9,38678.2,893,81,0
2024-02-05,38676.3,38710.0,38225.5,38334.7,39539,73,0
2024-02-06,38337.1,38553.8,38289.0,38524.8,38515,70,0
2024-02-07,38526.7,38769.8,38475.7,38702.8,36484,71,0
2024-02-08,38701.4,38765.6,38546.6,38719.9,28052,71,0
2024-02-09,38719.3,38899.2,38567.5,38655.4,27501,70,0
2024-02-11,38657.9,38693.5,38650.0,38687.7,584,80,0
2024-02-12,38687.3,38949.8,38618.9,38801.6,28110,71,0
2024-02-13,38800.8,38843.7,38044.6,38272.2,47648,72,0
2024-02-14,38271.4,38473.8,38205.4,38418.7,42438,72,0
2024-02-15,38416.8,38785.8,38372.5,38751.9,36631,71,0
2024-02-16,38753.9,38824.7,38570.9,38607.6,38019,71,0
2024-02-18,38629.4,38657.5,38626.8,38645.4,841,79,0
2024-02-19,38647.8,38677.7,38572.0,38580.6,15140,72,0
2024-02-20,38583.0,38673.8,38465.8,38580.3,48314,72,0
2024-02-21,38577.9,38689.1,38345.4,38625.7,48312,72,0
2024-02-22,38628.6,39162.0,38624.3,39091.1,44430,73,0
2024-02-23,39090.1,39299.1,39043.3,39174.8,36029,72,0
2024-02-25,39149.3,39159.0,39124.2,39148.1,608,86,0
2024-02-26,39143.9,39262.8,39044.2,39086.5,32115,73,0
2024-02-27,39085.6,39132.6,38889.6,38936.8,30936,73,0
2024-02-28,38935.8,38964.9,38755.8,38861.0,32806,73,0
2024-02-29,38859.6,39072.4,38788.8,38960.6,40227,73,0
2024-03-01,38964.1,39129.8,38850.6,39103.7,33233,73,0
2024-03-03,39078.4,39093.9,39066.8,39072.6,561,83,0
2024-03-04,39073.5,39100.4,38883.0,38949.7,28516,73,0
2024-03-05,38946.3,38973.0,38464.0,38593.2,39464,73,0
2024-03-06,38593.3,38875.0,38560.5,38658.9,47068,72,0
2024-03-07,38653.9,38919.8,38523.7,38773.8,42253,73,0
2024-03-08,38779.3,38990.7,38613.2,38757.7,52258,72,0
2024-03-10,38805.2,38807.0,38723.3,38761.8,2124,77,0
2024-03-11,38773.2,38863.6,38502.5,38850.0,50751,73,0
2024-03-12,38848.0,39127.7,38671.2,39060.4,46051,73,0
2024-03-13,39059.8,39266.9,38990.3,39134.4,36058,71,0
2024-03-14,39136.0,39279.6,38722.5,38903.8,47496,72,0
2024-03-15,38903.3,39018.3,38646.5,38713.9,44727,73,0
2024-03-17,38755.7,38771.4,38724.2,38741.9,1106,78,0
2024-03-18,38740.3,38949.8,38702.5,38843.9,35948,72,0
2024-03-19,38845.8,39174.7,38735.2,39161.2,39054,72,0
2024-03-20,39159.2,39658.5,39050.6,39649.1,35801,72,0
2024-03-21,39648.2,39947.2,39633.4,39887.0,34684,75,0
2024-03-22,39883.2,39905.0,39530.4,39547.4,29600,74,0
2024-03-24,39496.4,39499.4,39461.6,39494.2,1067,81,0
2024-03-25,39496.6,39509.2,39337.5,39383.7,28121,73,0
2024-03-26,39382.9,39483.9,39320.4,39436.2,27673,74,0
2024-03-27,39433.3,39845.7,39429.2,39777.7,30624,74,0
2024-03-28,39777.8,39910.7,39764.4,39817.7,26914,73,0
2024-03-31,39890.1,40052.4,39890.1,40039.7,1541,81,0
2024-04-01,40040.7,40041.6,39404.2,39467.7,28015,74,0
2024-04-02,39470.1,39508.2,39074.5,39198.7,37069,75,0
2024-04-03,39198.1,39339.4,39051.4,39223.3,37486,74,0
2024-04-04,39225.4,39457.5,38581.9,38640.4,46516,74,0
2024-04-05,38637.4,39076.7,38575.8,38946.4,53531,74,0
2024-04-07,39022.6,39063.1,39000.1,39009.3,1072,81,0
2024-04-08,39013.3,39058.6,38844.8,38954.8,43091,75,0
2024-04-09,38955.8,39033.8,38602.1,38952.4,46098,74,0
2024-04-10,38951.4,39073.7,38328.4,38411.7,59839,74,0
2024-04-11,38415.7,38618.5,38212.3,38511.7,57119,74,0
2024-04-12,38518.6,38585.0,37881.5,37967.8,50347,75,0
2024-04-14,38008.7,38124.6,37992.1,38098.7,3093,79,0
2024-04-15,38097.7,38405.0,37679.5,37767.4,70820,74,0
2024-04-16,37769.5,38058.7,37615.0,37934.9,75703,75,0
2024-04-17,37935.9,38038.7,37624.5,37782.7,74907,73,0
2024-04-18,37783.7,38099.8,37682.8,37733.7,66476,73,0
2024-04-19,37728.8,38125.8,37245.8,38002.0,93103,73,0
2024-04-21,38091.5,38132.5,38052.5,38127.3,2293,79,0
2024-04-22,38125.3,38479.9,38007.5,38282.8,54707,74,0
2024-04-23,38282.2,38592.9,38245.4,38543.9,46646,74,0
2024-04-24,38543.3,38610.7,38331.4,38401.1,53864,74,0
2024-04-25,38402.6,38452.6,37762.4,38134.2,59044,73,0
2024-04-26,38135.6,38355.9,38064.2,38248.5,42645,73,0
2024-04-28,38322.2,38368.5,38319.6,38365.5,812,83,0
2024-04-29,38369.5,38433.8,38233.4,38387.8,35952,73,0
2024-04-30,38386.3,38417.1,37769.8,37825.8,48831,74,0
2024-05-01,37825.9,38375.3,37718.4,38039.8,53287,74,0
2024-05-02,38037.6,38551.2,37896.3,38471.7,54320,74,0
2024-05-03,38471.1,38815.1,38444.4,38687.5,42177,74,0
2024-05-05,38788.0,38791.9,38747.3,38749.3,1037,79,0
2024-05-06,38751.7,38904.7,38711.4,38879.8,25707,74,0
2024-05-07,38879.2,39008.7,38861.4,38906.7,28113,75,0
2024-05-08,38907.7,39121.7,38824.0,39073.2,29510,74,0
2024-05-09,39073.8,39480.6,38966.0,39465.7,30605,74,0
2024-05-10,39465.2,39599.8,39414.4,39518.7,28549,75,0
2024-05-12,39524.4,39535.5,39478.6,39532.0,772,83,0
2024-05-13,39532.6,39680.6,39419.4,39474.9,26379,75,0
2024-05-14,39474.8,39642.6,39312.1,39598.2,32998,74,0
2024-05-15,39597.4,39969.5,39560.0,39961.2,30370,75,0
2024-05-16,39961.7,40068.8,39856.2,39899.7,31041,75,0
2024-05-17,39900.5,40024.6,39838.9,40024.6,25341,75,0
2024-05-19,40049.3,40077.5,40047.3,40073.7,868,81,0
2024-05-20,40073.7,40107.8,39814.2,39825.2,25849,75,0
2024-05-21,39825.2,39935.6,39810.3,39924.8,24828,74,0
2024-05-22,39924.8,39938.7,39580.3,39652.2,34335,75,0
2024-05-23,39652.7,39795.6,39029.3,39063.1,44888,75,0
2024-05-24,39062.4,39236.7,39024.6,39080.6,30264,75,0
2024-05-26,39106.1,39114.6,39057.3,39066.7,719,82,0
2024-05-27,39067.6,39184.6,39044.3,39135.5,10202,76,0
2024-05-28,39135.6,39172.7,38745.5,38842.6,36524,73,0
2024-05-29,38843.6,38855.7,38185.3,38216.8,40245,75,0
2024-05-30,38216.9,38259.8,38057.4,38125.3,44638,73,0
2024-05-31,38125.9,38764.6,38087.9,38740.1,46594,74,0
2024-06-02,38784.0,38815.4,38729.0,38802.6,1934,80,0
2024-06-03,38802.1,38877.6,38295.4,38606.8,50887,75,0
2024-06-04,38606.9,38843.7,38390.4,38822.8,46892,75,0
2024-06-05,38823.7,38908.7,38606.4,38880.8,34778,74,0
2024-06-06,38880.2,39070.8,38787.5,38962.8,38307,73,0
2024-06-07,38963.7,39158.7,38697.6,38845.4,46088,74,0
2024-06-09,38835.2,38893.2,38819.0,38850.2,1091,84,0
2024-06-10,38850.5,38941.7,38717.2,38879.3,37820,74,0
2024-06-11,38878.3,38936.2,38488.4,38785.2,42304,73,0
2024-06-12,38784.3,39202.9,38669.3,38751.2,53953,75,0
2024-06-13,38750.3,38779.0,38455.5,38670.9,42858,74,0
2024-06-14,38670.4,38695.9,38328.9,38636.8,45326,73,0
2024-06-16,38618.7,38634.5,38603.5,38616.2,855,79,0
2024-06-17,38617.7,38927.6,38477.6,38917.7,43211,72,0
2024-06-18,38917.1,39018.0,38801.9,38923.7,37975,74,0
2024-06-19,38923.1,38927.7,38836.8,38862.9,10908,74,0
2024-06-20,38862.0,39327.9,38843.5,39228.2,43272,73,0
2024-06-21,39228.7,39332.7,39125.2,39223.4,41219,75,0
2024-06-23,39256.1,39260.7,39237.0,39238.0,390,84,0
2024-06-24,39238.0,39662.8,39128.0,39549.7,41394,75,0
2024-06-25,39549.1,39597.7,39064.5,39154.1,39634,72,0
2024-06-26,39154.7,39261.8,38982.9,39127.7,37935,73,0
2024-06-27,39127.2,39329.4,39071.8,39210.1,38570,75,0
2024-06-28,39211.0,39507.9,38974.9,39165.9,44248,75,0
2024-06-30,39218.7,39236.6,39193.7,39199.1,1341,79,0
2024-07-01,39200.0,39510.2,39092.9,39192.2,41282,75,0
2024-07-02,39191.8,39407.1,39051.6,39368.2,34918,75,0
2024-07-03,39369.1,39483.6,39288.9,39385.5,26850,74,0
2024-07-04,39386.0,39505.8,39348.9,39366.6,9844,75,0
2024-07-05,39367.2,39446.4,39204.7,39430.2,31488,75,0
2024-07-07,39384.8,39402.7,39362.4,39364.8,758,80,0
2024-07-08,39364.7,39737.0,39326.0,39446.3,32319,74,0
2024-07-09,39445.8,39552.0,39185.9,39322.7,31469,75,0
2024-07-10,39323.3,39799.2,39293.9,39760.7,33984,74,0
2024-07-11,39760.7,39938.2,39677.6,39861.0,47087,75,0
2024-07-12,39859.7,40316.2,39762.8,40063.0,37965,76,0
2024-07-14,40161.0,40161.0,40102.5,40129.1,1623,83,0
2024-07-15,40128.5,40414.2,40106.6,40346.8,43318,76,0
2024-07-16,40348.1,41063.1,40228.3,41033.6,42408,75,0
2024-07-17,41035.0,41338.8,40868.7,41333.9,53738,78,0
2024-07-18,41332.5,41446.0,40659.8,40764.5,60002,79,0
2024-07-19,40762.9,40778.9,40242.9,40339.1,57958,78,0
2024-07-21,40365.5,40437.2,40345.9,40436.5,1996,82,0
2024-07-22,40437.1,40528.1,40271.9,40466.8,51400,76,0
2024-07-23,40465.8,40584.0,40307.1,40318.5,44904,78,0
2024-07-24,40319.8,40362.1,39849.7,39995.2,51961,77,0
2024-07-25,39994.7,40478.0,39855.9,40077.0,65948,78,0
2024-07-26,40075.6,40793.5,40069.6,40628.8,52849,79,0
2024-07-28,40697.2,40760.6,40684.5,40745.5,1531,87,0
2024-07-29,40745.9,40872.4,40429.5,40517.5,55132,76,0
2024-07-30,40517.4,40924.7,40476.7,40631.5,63967,77,0
2024-07-31,40629.7,41256.3,40602.7,40967.4,64740,78,0
2024-08-01,40968.8,41142.7,40126.0,40246.7,85590,75,0
2024-08-02,40245.5,40268.7,39367.6,39721.8,83954,77,0
2024-08-04,39426.7,39613.6,39426.7,39511.6,3609,87,0
2024-08-05,39509.5,39546.6,38408.8,38976.5,135320,80,0
2024-08-06,38978.2,39474.9,38638.4,38933.8,99247,80,0
2024-08-07,38934.0,39498.6,38578.2,38690.8,79990,80,0
2024-08-08,38692.7,39550.7,38616.1,39513.0,82251,76,0
2024-08-09,39511.8,39648.7,39235.8,39512.8,63797,76,0
2024-08-11,39517.8,39552.7,39431.2,39508.2,2485,87,0
2024-08-12,39508.8,39634.8,39263.0,39405.0,53785,75,0
2024-08-13,39407.3,39826.1,39247.5,39783.8,47722,76,0
2024-08-14,39784.2,40100.1,39695.8,40041.0,49672,77,0
2024-08-15,40041.8,40649.6,40026.8,40633.4,42397,77,0
2024-08-16,40634.0,40749.3,40441.2,40687.9,38574,77,0
2024-08-18,40726.2,40763.6,40709.0,40746.8,1561,84,0
2024-08-19,40747.7,40948.7,40643.5,40916.7,32912,77,0
2024-08-20,40917.7,40992.9,40784.9,40893.8,33610,77,0
2024-08-21,40893.4,41011.0,40765.7,40954.4,38167,77,0
2024-08-22,40953.6,41084.5,40607.9,40812.8,43978,77,0
2024-08-23,40813.8,41235.8,40795.8,41185.5,47441,78,0
2024-08-25,41198.0,41267.8,41173.9,41192.8,1926,75,0
2024-08-26,41193.4,41464.4,41172.3,41254.8,47921,69,0
2024-08-27,41256.3,41331.3,41123.4,41278.9,43836,69,0
2024-08-28,41278.0,41402.2,40872.1,41129.0,58338,70,0
2024-08-29,41130.3,41631.3,41123.0,41370.5,69165,70,0
2024-08-30,41371.0,41608.8,41166.6,41569.8,53811,71,0
2024-09-01,41586.7,41607.1,41579.3,41586.3,897,77,0
2024-09-02,41585.5,41614.8,41468.0,41544.9,12331,69,0
2024-09-03,41545.8,41579.6,40823.5,40961.7,70866,70,0
2024-09-04,40963.6,41224.6,40816.7,40987.9,68150,70,0
2024-09-05,40986.4,41143.7,40568.6,40858.3,72201,70,0
2024-09-06,40856.5,41065.9,40331.8,40395.4,100850,69,0
2024-09-08,40354.5,40418.6,40331.7,40403.7,2641,77,0
2024-09-09,40403.9,41068.0,40402.5,40883.5,67252,71,0
2024-09-10,40883.5,40991.1,40467.7,40778.4,66838,72,0
2024-09-11,40779.0,40960.9,40045.6,40896.4,90944,71,0
2024-09-12,40897.0,41207.8,40717.5,41190.5,61303,71,0
2024-09-13,41191.8,41587.0,41160.2,41448.5,62997,70,0
2024-09-15,41428.8,41491.8,41419.4,41490.3,1163,76,0
2024-09-16,41490.3,41807.8,41419.7,41668.8,47089,72,0
2024-09-17,41667.5,41900.9,41524.4,41710.9,62308,71,0
2024-09-18,41710.9,42058.8,41500.3,41759.3,76660,72,0
2024-09-19,41760.5,42237.8,41629.4,42099.8,75054,72,0
2024-09-20,42100.2,42195.8,41912.6,42102.8,52484,72,0
2024-09-22,42125.1,42136.4,42071.1,42134.4,913,82,0
2024-09-23,42135.4,42235.3,41994.0,42141.4,46395,72,0
2024-09-24,42140.4,42337.6,42092.6,42231.7,44401,72,0
2024-09-25,42231.7,42366.0,41894.9,41980.4,45822,72,0
2024-09-26,41979.5,42296.6,41979.4,42248.1,45749,72,0
2024-09-27,42249.6,42703.8,42189.5,42351.5,43783,72,0
2024-09-29,42342.3,42423.3,42301.2,42407.4,1402,83,0
2024-09-30,42408.3,42431.4,41964.5,42320.2,50937,73,0
2024-10-01,42319.2,42378.7,41975.4,42110.2,68914,73,0
2024-10-02,42110.4,42306.8,42010.5,42274.4,52412,73,0
2024-10-03,42272.0,42272.7,41874.6,42023.7,59651,73,0
2024-10-04,42024.6,42390.9,41978.3,42369.4,50122,73,0
2024-10-06,42400.2,42448.3,42396.6,42417.9,1681,26,0
2024-10-07,42417.0,42436.3,41842.0,41974.0,67709,24,0
2024-10-08,41976.7,42177.3,41912.0,42117.1,54079,24,0
2024-10-09,42117.5,42620.2,42011.5,42581.9,49887,24,0
2024-10-10,42583.3,42602.5,42346.1,42555.0,54915,24,0
2024-10-11,42555.5,42942.3,42432.2,42908.4,43870,24,0
2024-10-13,42891.8,42933.1,42872.8,42904.0,1141,27,0
2024-10-14,42903.1,43215.7,42768.1,43205.3,37461,24,0
2024-10-15,43206.3,43233.5,42755.1,42798.9,64868,24,0
2024-10-16,42800.3,43162.2,42731.0,43102.3,44539,24,0
2024-10-17,43101.9,43349.3,43054.1,43315.1,54388,24,0
2024-10-18,43316.3,43380.3,43086.1,43319.1,41284,24,0
2024-10-20,43360.2,43382.3,43353.9,43376.1,1047,26,0
2024-10-21,43376.5,43386.5,42921.8,42967.0,48643,24,0
2024-10-22,42967.5,43098.3,42761.2,42877.5,52684,24,0
2024-10-23,42876.9,42884.9,42333.2,42496.0,57260,24,0
2024-10-24,42496.0,42572.5,42236.1,42446.8,52636,24,0
2024-10-25,42448.3,42642.3,42077.2,42153.3,52582,23,0
2024-10-27,42244.7,42337.1,42244.5,42297.0,2365,25,0
2024-10-28,42296.1,42538.5,42251.6,42441.1,55429,24,0
2024-10-29,42441.5,42550.3,42215.1,42344.4,60193,23,0
2024-10-30,42343.1,42519.3,42148.8,42192.5,67325,24,0
2024-10-31,42191.1,42222.5,41739.2,41816.1,77921,23,0
2024-11-01,41816.6,42367.2,41766.2,42072.3,65818,23,0
2024-11-03,42027.2,42036.4,41956.5,41974.5,2460,26,0
2024-11-04,41975.3,42168.0,41684.1,41852.9,68540,24,0
2024-11-05,41852.0,42368.2,41815.1,42331.8,60103,24,0
2024-11-06,42330.9,43867.8,42328.0,43816.5,120761,26,0
2024-11-07,43816.4,43928.3,43716.0,43858.4,60763,25,0
2024-11-08,43857.9,44214.2,43768.1,44058.1,47320,24,0
2024-11-10,44104.8,44120.3,44068.5,44118.7,972,28,0
2024-11-11,44117.9,44549.3,44077.9,44328.3,44193,25,0
2024-11-12,44327.9,44475.1,43940.1,43983.5,53108,25,0
2024-11-13,43984.3,44206.3,43825.0,44076.4,62044,25,0
2024-11-14,44076.4,44188.7,43748.1,43781.0,65587,25,0
2024-11-15,43780.1,43780.3,43406.1,43495.2,70804,24,0
2024-11-17,43510.2,43512.2,43442.0,43483.5,1501,26,0
2024-11-18,43484.3,43584.9,43321.8,43445.4,52879,25,0
2024-11-19,43444.9,43556.3,42926.6,43397.3,76501,24,0
2024-11-20,43398.2,43525.6,43121.1,43498.2,71054,24,0
2024-11-21,43499.2,44091.9,43325.3,43916.9,87348,25,0
2024-11-22,43916.0,44386.2,43770.6,44342.3,71675,24,0
2024-11-24,44513.6,44600.6,44513.6,44571.6,1089,30,0
2024-11-25,44570.8,44885.2,44569.7,44702.1,60210,24,0
2024-11-26,44700.9,44970.2,44502.1,44949.0,61558,25,0
2024-11-27,44950.2,45086.1,44756.1,44848.8,46536,25,0
2024-11-28,44850.2,44946.4,44796.1,44928.0,13765,24,0
2024-11-29,44929.3,45149.3,44833.1,45031.0,33656,24,0
2024-12-01,45011.4,45029.1,44972.0,44981.4,1279,28,0
2024-12-02,44982.2,45101.1,44785.0,44856.9,43107,25,0
2024-12-03,44858.9,44958.7,44655.0,44900.9,39927,25,0
2024-12-04,44900.0,45153.9,44853.1,45077.4,46022,24,0
2024-12-05,45076.9,45140.3,44801.0,44845.9,44438,24,0
2024-12-06,44847.2,44977.1,44655.9,44693.1,39916,25,0
2024-12-08,44693.9,44740.5,44681.1,44735.5,638,82,0
2024-12-09,44678.9,44808.4,44451.7,44466.8,100875,25,0
2024-12-10,44466.0,44553.4,44263.0,44360.8,103150,25,0
2024-12-11,44360.0,44451.0,44175.1,44181.9,97556,25,0
2024-12-12,44181.1,44288.3,43941.8,43964.4,119894,24,0
2024-12-13,43965.3,44119.7,43885.0,43937.1,104023,24,0
2024-12-15,43941.2,43981.9,43933.3,43968.3,1454,25,0
2024-12-16,43968.5,44099.0,43813.0,43836.5,85275,24,0
2024-12-17,43836.0,43896.5,43491.4,43611.5,136818,24,0
2024-12-18,43610.9,43852.5,42298.0,42480.4,251339,24,0
2024-12-19,42481.3,42912.3,42442.8,42445.8,331287,24,0
2024-12-20,42446.3,43341.3,42175.8,42975.9,279621,25,0
2024-12-22,43055.7,43172.0,43053.2,43120.2,3464,27,0
2024-12-23,43121.2,43163.4,42621.0,43024.4,202452,24,0
2024-12-24,43025.3,43359.3,42941.9,43338.8,82735,24,0
2024-12-25,43351.0,43373.2,43287.0,43327.9,1536,28,0
2024-12-26,43327.0,43454.5,43138.0,43423.4,105804,25,0
2024-12-27,43424.2,43424.2,42791.0,43060.1,251725,24,0
2024-12-29,43076.2,43112.3,42996.8,43039.8,2318,26,0
2024-12-30,43040.3,43049.2,42318.0,42659.4,256618,24,0
2024-12-31,42660.3,42841.5,42463.9,42613.4,214265,24,0
2025-01-01,42681.1,42737.6,42578.8,42617.9,2820,28,0
2025-01-02,42618.4,42998.2,42214.9,42429.0,290430,25,0
2025-01-03,42428.0,42828.4,42419.9,42765.4,129462,24,0
2025-01-05,42805.4,42805.4,42748.8,42775.3,1962,27,0
2025-01-06,42774.8,43165.4,42643.9,42764.9,188401,24,0
2025-01-07,42765.5,42974.4,42415.1,42579.9,229562,24,0
2025-01-08,42580.4,42708.4,42361.9,42615.4,190404,24,0
2025-01-09,42614.9,42680.5,42479.0,42512.4,35397,25,0
2025-01-10,42513.2,42679.4,41883.1,41937.9,250083,24,0
2025-01-12,42003.9,42037.1,41897.8,41966.7,3343,28,0
2025-01-13,41965.2,42452.3,41757.6,42406.0,236879,24,0
2025-01-14,42406.4,42621.2,42169.1,42601.4,217298,24,0
2025-01-15,42600.9,43371.3,42556.0,43314.2,151442,24,0
2025-01-16,43315.2,43378.8,43095.0,43180.8,186723,25,0
2025-01-17,43180.0,43681.5,43162.9,43506.1,139455,24,0
2025-01-19,43533.6,43551.3,43456.0,43481.4,2418,27,0
2025-01-20,43480.9,43830.3,43463.5,43784.2,51767,24,0
2025-01-21,43783.7,44101.2,43323.6,44077.9,151857,25,0
2025-01-22,44077.0,44244.4,44051.1,44174.4,80538,25,0
2025-01-23,44175.3,44590.4,44146.1,44566.9,85418,24,0
2025-01-24,44567.4,44607.4,44357.7,44435.5,94069,25,0
2025-01-26,44290.1,44407.1,44275.5,44366.4,3771,28,0
2025-01-27,44365.8,44781.6,43859.4,44728.2,261140,25,0
2025-01-28,44727.7,45014.4,44598.0,44850.2,137280,25,0
2025-01-29,44851.2,45003.2,44612.0,44797.8,183097,26,0
2025-01-30,44798.3,45058.2,44649.7,44981.2,142322,25,0
2025-01-31,44982.2,45101.4,44532.0,44568.1,190135,25,0
2025-02-02,44214.6,44214.6,43945.7,44076.0,12643,30,0
2025-02-03,44075.5,44719.0,43858.0,44638.9,302872,26,0
2025-02-04,44639.4,44640.2,44245.6,44548.8,183117,25,0
2025-02-05,44549.4,44958.1,44372.0,44950.8,129415,25,0
2025-02-06,44951.3,45087.5,44569.9,44760.3,129871,25,0
2025-02-07,44759.8,44874.4,44300.9,44338.4,224153,25,0
2025-02-09,44099.1,44403.1,44089.6,44388.2,5586,28,0
2025-02-10,44387.7,44655.4,44328.1,44443.0,112166,25,0
2025-02-11,44443.4,44672.5,44319.5,44638.2,115842,25,0
2025-02-12,44637.8,44663.4,44118.9,44467.9,190122,25,0
2025-02-13,44467.0,44808.4,44292.5,44742.2,161758,25,0
2025-02-14,44743.2,44789.2,44501.1,44547.9,96876,25,0
2025-02-16,44598.4,44598.4,44532.7,44569.3,1406,28,0
2025-02-17,44568.8,44687.1,44549.9,44642.2,16109,25,0
2025-02-18,44641.7,44679.3,44334.9,44586.8,121437,25,0
2025-02-19,44586.0,44654.5,44327.1,44597.9,108452,25,0
2025-02-20,44597.0,44616.5,43964.1,44222.9,155681,25,0
2025-02-21,44222.0,44268.4,43358.1,43437.4,225091,24,0
2025-02-23,43477.3,43579.4,43467.3,43568.5,2907,26,0
2025-02-24,43569.3,43781.4,43376.0,43522.4,241968,24,0
2025-02-25,43523.3,43808.2,43311.1,43740.3,312025,25,0
2025-02-26,43739.8,43904.5,43303.4,43433.8,290318,24,0
2025-02-27,43432.9,43936.1,43261.1,43294.8,377462,24,0
2025-02-28,43294.0,43897.4,43121.0,43845.4,346755,25,0
2025-03-02,43839.2,43937.3,43822.6,43899.4,5834,26,0
2025-03-03,43898.9,44084.3,42953.9,43265.2,390495,24,0
2025-03-04,43266.2,43330.2,42395.1,42841.3,467986,24,0
2025-03-05,42842.2,43176.5,42455.0,43040.0,450809,24,0
2025-03-06,43039.1,43085.5,42414.2,42676.0,414111,24,0
2025-03-07,42676.4,42943.5,42206.9,42867.4,471391,25,0
2025-03-09,42693.9,42699.8,42428.7,42597.8,18748,27,0
2025-03-10,42597.0,42705.3,41668.9,41972.1,463918,24,0
2025-03-11,41971.8,42134.3,41226.5,41574.0,584611,24,0
2025-03-12,41574.5,42034.0,41062.9,41489.1,392137,24,0
2025-03-13,41488.1,41505.4,40709.3,41002.3,409809,24,0
2025-03-14,41001.9,41560.9,40954.6,41499.9,316344,23,0
2025-03-16,41452.3,41473.8,41302.0,41338.5,10394,25,0
2025-03-17,41337.9,42063.8,41268.1,41905.5,232788,24,0
2025-03-18,41904.9,41923.1,41446.5,41654.3,264726,24,0
2025-03-19,41654.4,42228.2,41550.0,42098.9,222237,24,0
2025-03-20,42099.4,42291.5,41719.1,41978.7,254268,24,0
2025-03-21,41978.0,42031.1,41442.9,41996.1,233957,24,0
2025-03-23,42194.7,42260.4,42170.9,42228.8,4522,26,0
2025-03-24,42229.4,42674.4,42212.9,42588.5,132818,24,0
2025-03-25,42589.3,42734.4,42477.0,42636.9,133729,24,0
2025-03-26,42636.0,42859.0,42287.3,42406.9,200793,24,0
2025-03-27,42406.1,42596.5,42188.6,42316.9,262152,24,0
2025-03-28,42317.5,42396.5,41542.2,41583.0,253954,23,0
2025-03-30,41358.0,41461.5,41306.9,41461.5,8629,25,0
2025-03-31,41460.9,42169.3,41176.2,41941.8,303122,24,0
2025-04-01,41941.0,42170.7,41529.1,42059.0,388595,24,0
2025-04-02,42059.5,42591.9,41067.6,41243.0,437465,24,0
2025-04-03,41243.4,41504.2,40358.8,40434.3,535150,24,0
2025-04-04,40435.3,40508.5,38245.1,38318.9,925116,23,0
2025-04-06,37084.1,37213.8,36493.3,36974.0,38617,31,0
2025-04-07,36974.9,39224.8,36617.1,38465.8,803351,25,0
2025-04-08,38464.9,39447.3,37088.6,37289.5,783718,23,0
2025-04-09,37288.1,40935.1,36699.7,40895.7,773325,24,0
2025-04-10,40894.8,40921.1,38429.8,39436.4,986538,24,0
2025-04-11,39434.8,40415.4,39020.6,40205.0,782904,25,0
2025-04-13,40549.4,40656.0,40266.9,40380.0,21788,26,0
2025-04-14,40380.4,40803.1,39837.3,40443.8,458653,25,0
2025-04-15,40442.9,40820.2,40149.8,40242.5,335721,24,0
2025-04-16,40241.9,40529.2,39406.9,39689.2,406668,24,0
2025-04-17,39688.7,40116.3,38956.1,39234.6,414224,24,0
2025-04-20,39010.7,39085.2,38915.6,38996.2,4739,27,0
2025-04-21,38995.7,39050.3,37837.0,38285.8,245895,22,0
2025-04-22,38286.5,39905.8,38265.9,39794.3,312908,23,0
2025-04-23,39795.2,40399.2,39474.6,39591.8,402920,24,0
2025-04-24,39592.4,40256.8,39257.9,40087.5,240182,24,0
2025-04-25,40086.9,40230.2,39714.0,40104.0,299798,23,0
2025-04-27,40073.8,40080.0,39986.5,39995.8,5490,26,0
2025-04-28,39996.3,40433.5,39881.9,40266.9,240261,23,0
2025-04-29,40267.5,40647.5,40198.9,40530.4,259690,24,0
2025-04-30,40529.9,40846.0,39746.0,40806.0,352239,24,0
2025-05-01,40806.5,41100.5,40614.0,40712.9,264723,24,0
2025-05-02,40713.4,41388.5,40691.1,41302.9,246099,24,0
2025-05-04,41292.4,41293.7,41081.2,41129.9,7735,25,0
2025-05-05,41130.4,41451.3,41000.5,41212.5,170843,24,0
2025-05-06,41211.9,41244.4,40666.5,41105.3,234124,24,0
2025-05-07,41104.8,41281.0,40817.9,41076.9,300731,24,0
2025-05-08,41078.2,41785.4,41044.9,41319.5,248969,23,0
2025-05-09,41318.9,41524.7,41134.1,41228.0,211408,24,0
2025-05-11,41742.3,41806.4,41605.1,41658.9,12361,25,0
2025-05-12,41657.3,42491.2,41644.0,42373.9,248707,24,0
2025-05-13,42374.5,42397.3,42126.4,42191.5,180473,24,0
2025-05-14,42190.9,42271.4,41831.0,41861.8,181662,24,0
2025-05-15,41860.9,42386.7,41775.5,42332.5,196494,24,0
2025-05-16,42333.4,42674.5,42244.1,42399.1,132369,24,0
2025-05-18,42334.7,42447.0,42305.0,42399.3,5640,26,0
2025-05-19,42400.3,42907.8,42258.0,42871.5,170940,24,0
2025-05-20,42870.2,42890.4,42502.9,42664.9,145439,24,0
2025-05-21,42667.0,42680.3,41779.0,41858.5,279147,24,0
2025-05-22,41857.9,42124.3,41641.6,41894.9,232900,24,0
2025-05-23,41895.4,41975.4,41181.8,41575.7,304290,24,0
2025-05-25,41620.6,42008.6,41610.4,41924.4,8785,26,0
2025-05-26,41923.9,42136.6,41899.9,42024.9,43865,25,0
2025-05-27,42025.4,42449.4,41909.9,42414.9,134939,24,0
2025-05-28,42414.1,42682.3,42075.0,42635.8,173758,24,0
2025-05-29,42636.4,42752.2,41853.0,42157.5,250076,24,0
2025-05-30,42156.9,42405.5,41922.9,42229.2,248498,24,0
2025-06-01,42149.8,42208.1,42116.9,42153.3,4656,26,0
2025-06-02,42152.8,42385.2,41873.0,42261.0,188468,24,0
2025-06-03,42261.5,42616.3,42087.0,42598.9,129114,24,0
2025-06-04,42598.0,42689.3,42426.1,42435.5,132218,24,0
2025-06-05,42436.3,42711.3,42238.3,42407.5,231595,24,0
2025-06-06,42406.9,42956.4,42406.0,42810.3,162924,24,0
2025-06-08,42832.0,42864.9,42744.9,42787.9,5258,26,0
2025-06-09,42788.4,42929.5,42591.1,42804.6,107214,24,0
2025-06-10,42803.9,42959.5,42665.0,42882.8,139934,24,0
2025-06-11,42882.0,43152.5,42747.9,42844.2,206969,25,0
2025-06-12,42846.0,43003.9,42590.9,42779.4,153399,24,0
2025-06-13,42780.2,42786.9,42087.9,42214.6,325804,23,0
2025-06-15,41956.9,42249.2,41925.3,42234.5,13669,25,0
2025-06-16,42234.0,42749.3,42207.1,42315.4,156638,24,0
2025-06-17,42316.3,42580.4,42116.1,42150.8,199984,25,0
2025-06-18,42151.4,42549.4,42138.9,42195.9,196061,25,0
2025-06-19,42195.0,42200.3,41778.9,42054.6,73267,25,0
2025-06-20,42053.2,42457.3,41997.8,42271.0,202519,24,0
2025-06-22,41894.3,42168.2,41857.9,42101.9,11352,26,0
2025-06-23,42101.0,42824.2,41999.0,42798.9,213056,25,0
2025-06-24,42799.4,43225.5,42757.6,43129.4,128453,25,0
2025-06-25,43131.0,43180.3,42887.9,43031.8,102791,24,0
2025-06-26,43031.0,43538.4,43006.9,43485.9,90351,25,0
2025-06-27,43487.1,44006.1,43470.1,43975.4,127285,25,0
2025-06-29,43961.5,44091.3,43961.5,44043.8,4282,27,0
2025-06-30,44044.4,44175.2,43921.6,44118.4,109062,25,0
2025-07-01,44119.9,44655.5,44023.9,44562.9,144183,25,0
2025-07-02,44564.1,44703.3,44384.0,44543.0,109112,25,0
2025-07-03,44543.4,44905.4,44481.9,44772.7,71415,25,0
2025-07-04,44771.9,44788.3,44523.9,44584.6,34233,26,0
2025-07-06,44742.5,44805.9,44690.2,44714.8,4220,27,0
2025-07-07,44715.4,44883.8,44181.9,44359.4,158394,25,0
2025-07-08,44358.8,44474.5,44230.9,44250.4,131177,25,0
2025-07-09,44249.8,44595.2,44187.0,44466.9,115269,25,0
2025-07-10,44467.4,44805.4,44332.4,44708.9,92558,25,0
2025-07-11,44709.4,44709.4,44281.1,44345.1,147953,25,0
2025-07-13,44223.5,44243.9,44130.1,44221.2,5660,27,0
2025-07-14,44222.2,44492.4,44110.8,44439.9,106372,25,0
2025-07-15,44440.4,44620.3,43918.7,43968.0,163577,25,0
2025-07-16,43968.4,44280.4,43773.8,44194.1,165502,25,0
2025-07-17,44195.3,44618.2,44157.1,44611.4,114061,25,0
2025-07-18,44610.9,44665.4,44219.3,44336.5,107361,25,0
2025-07-20,44338.7,44412.2,44304.5,44411.2,1865,27,0
2025-07-21,44410.8,44632.1,44336.0,44409.8,88683,25,0
2025-07-22,44408.3,44675.3,44239.4,44655.0,128529,25,0
2025-07-23,44655.4,45057.9,44570.9,44934.3,121687,25,0
2025-07-24,44933.8,44955.8,44686.7,44800.0,120715,25,0
2025-07-25,44800.4,44952.7,44646.9,44910.0,87259,25,0
2025-07-27,45083.9,45130.8,45059.8,45070.8,2590,28,0
2025-07-28,45071.4,45151.3,44753.9,44870.2,89279,25,0
2025-07-29,44871.2,44971.2,44582.9,44650.9,99612,25,0
2025-07-30,44650.0,44766.3,44277.2,44563.8,148271,25,0
2025-07-31,44564.4,44715.3,44071.8,44133.0,214793,25,0
2025-08-01,44133.4,44178.2,43335.9,43591.5,308197,25,0
2025-08-03,43549.6,43642.2,43519.6,43626.2,6893,27,0
2025-08-04,43627.2,44303.0,43618.0,44241.9,147733,25,0
2025-08-05,44241.0,44329.3,43936.9,44125.8,190260,25,0
2025-08-06,44124.3,44384.8,44025.9,44243.9,160263,25,0
2025-08-07,44244.4,44522.0,43801.4,44046.0,211374,25,0
2025-08-08,44046.4,44285.2,43983.1,44243.8,127098,25,0
2025-08-10,44257.2,44280.1,44209.0,44227.4,2796,27,0
2025-08-11,44226.0,44327.3,43918.9,43981.3,126270,25,0
2025-08-12,43980.8,44519.2,43961.8,44499.8,147663,25,0
2025-08-13,44498.9,44991.8,44426.9,44958.3,128210,25,0
2025-08-14,44959.3,45113.1,44706.6,45083.0,149248,25,0
2025-08-15,45083.4,45295.3,44908.9,44940.0,140522,25,0
2025-08-17,44972.3,45051.2,44969.8,45037.8,1907,27,0
2025-08-18,45037.0,45058.4,44841.5,44955.8,115656,25,0
2025-08-19,44956.4,45238.3,44783.8,44954.2,142616,25,0
2025-08-20,44955.1,45069.2,44779.9,44925.5,210304,25,0
2025-08-21,44926.3,44975.4,44593.1,44867.1,165566,25,0
2025-08-22,44866.1,45785.3,44688.9,45670.0,199404,25,0
2025-08-24,45694.6,45705.8,45657.5,45674.8,3912,18,0
2025-08-25,45675.7,45690.9,45292.4,45354.3,114361,10,0
2025-08-26,45353.5,45493.0,45134.4,45463.5,173386,10,0
2025-08-27,45464.0,45660.4,45407.6,45591.3,124030,10,0
2025-08-28,45590.5,45770.4,45470.7,45606.3,157324,10,0
2025-08-29,45606.9,45644.3,45386.6,45596.8,181651,10,0
2025-08-31,45644.1,45710.7,45607.6,45688.3,2821,18,0
2025-09-01,45688.9,45729.1,45509.6,45546.6,47386,10,0
2025-09-02,45546.9,45601.7,44971.7,45243.9,302325,10,0
2025-09-03,45243.4,45356.8,45008.7,45204.5,223534,10,0
2025-09-04,45203.6,45691.7,45196.4,45668.5,147834,10,0
2025-09-05,45669.0,45805.4,45227.7,45436.7,314630,10,0
2025-09-07,45455.4,45551.8,45398.7,45537.5,5638,18,0
2025-09-08,45538.0,45635.9,45315.7,45608.9,159281,10,0
2025-09-09,45609.7,45813.9,45477.4,45662.3,166086,10,0
2025-09-10,45661.5,45848.4,45414.3,45569.7,195290,10,0
2025-09-11,45568.6,46189.6,45520.4,46162.3,160489,10,0
2025-09-12,46161.5,46178.9,45841.7,45869.5,121091,10,0
2025-09-14,45876.8,45892.4,45849.5,45868.9,1689,18,0
2025-09-15,45869.8,46023.4,45809.7,45924.5,134046,10,0
2025-09-16,45924.9,46012.0,45703.8,45840.5,131080,10,0
2025-09-17,45839.6,46319.5,45715.7,46184.9,375715,7,0
2025-09-18,46185.7,46410.0,45981.9,46282.3,226166,7,0
2025-09-19,46282.9,46434.5,46092.2,46313.0,184162,7,0
2025-09-21,46311.6,46345.8,46284.5,46288.8,2329,18,0
2025-09-22,46288.3,46498.2,46072.9,46436.9,128287,7,0
2025-09-23,46437.7,46763.6,46255.0,46376.8,172226,7,0
2025-09-24,46376.3,46508.2,46132.0,46215.9,168214,7,0
2025-09-25,46216.7,46263.9,45823.9,45994.4,270999,7,0
2025-09-26,45993.5,46400.5,45965.4,46296.3,258319,7,0
2025-09-28,46311.6,46370.0,46308.9,46354.9,3145,18,0
2025-09-29,46355.7,46537.5,46192.0,46354.7,170221,7,0
2025-09-30,46354.3,46476.4,46149.1,46392.8,224864,7,0
2025-10-01,46393.7,46577.4,46098.7,46476.3,194420,7,0
2025-10-02,46476.8,46638.4,46312.9,46583.7,185445,7,0
2025-10-03,46583.3,47090.4,46560.4,46814.1,191556,7,0
2025-10-05,46848.1,46936.6,46835.2,46898.3,4727,18,0
2025-10-06,46898.9,46940.8,46472.8,46670.5,151086,7,0
2025-10-07,46669.9,46917.5,46481.1,46623.3,217968,7,0
2025-10-08,46622.5,46874.0,46542.2,46701.9,132813,7,0
2025-10-09,46701.3,46729.4,46301.9,46445.8,202754,7,0
2025-10-10,46445.3,46676.3,45218.5,45254.3,686501,7,0
2025-10-12,45876.1,45966.5,45786.1,45876.4,24056,18,0
2025-10-13,45876.2,46204.4,45811.5,46136.7,360979,7,0
2025-10-14,46135.6,46567.2,45491.8,46346.3,513883,7,0
2025-10-15,46344.8,46745.2,46066.9,46353.5,384778,7,0
2025-10-16,46353.9,46539.2,45820.8,45934.0,626828,7,0
2025-10-17,45934.3,46362.6,45447.5,46273.0,623469,7,0
2025-10-19,46339.6,46359.1,46217.6,46236.1,7750,18,0
2025-10-20,46234.7,46816.6,46166.3,46773.5,218162,7,0
2025-10-21,46773.9,47187.4,46664.2,46968.8,236093,7,0
2025-10-22,46969.7,47053.9,46494.7,46519.7,409076,7,0
2025-10-23,46519.3,46852.5,46455.4,46774.4,219489,7,0
2025-10-24,46774.8,47369.1,46748.3,47243.3,164427,12,0
2025-10-26,47563.7,47638.2,47516.6,47534.9,5814,19,0
2025-10-27,47534.3,47644.3,47422.3,47598.8,127835,12,0
2025-10-28,47598.3,47996.8,47566.9,47737.4,170481,12,0
2025-10-29,47737.8,48097.7,47503.0,47650.3,299489,12,0
2025-10-30,47650.8,48076.6,47438.6,47639.2,389873,12,0
2025-10-31,47638.4,47760.8,47386.3,47609.6,250096,12,0
2025-11-02,47649.8,47756.8,47646.4,47740.5,2688,19,0
2025-11-03,47740.9,47783.6,47184.5,47348.9,204441,12,0
2025-11-04,47349.0,47354.7,46901.9,47208.4,322324,11,0
2025-11-05,47209.1,47515.6,47007.2,47433.3,285460,12,0
2025-11-06,47433.8,47434.7,46830.5,47075.6,359732,12,0
2025-11-07,47075.3,47108.9,46527.8,47102.3,403762,12,0
2025-11-09,47180.3,47258.1,47155.2,47171.8,3415,19,0
2025-11-10,47171.3,47463.7,46981.3,47450.4,204847,12,0
2025-11-11,47450.2,48043.8,47371.2,47995.8,197917,12,0
2025-11-12,47996.6,48486.6,47988.5,48297.5,219508,12,0
2025-11-13,48298.5,48464.5,47464.4,47560.7,397317,12,0
2025-11-14,47560.3,47597.6,46893.3,47229.7,450939,12,0
2025-11-16,47188.3,47213.7,47078.7,47195.3,6563,19,0
2025-11-17,47194.4,47345.7,46478.2,46693.8,387841,12,0
2025-11-18,46693.3,46728.8,45961.2,46202.8,617707,11,0
2025-11-19,46202.3,46393.8,45952.3,46387.8,482047,11,0
2025-11-20,46387.3,46915.6,45753.5,45887.3,720366,12,0
2025-11-21,45887.8,46626.9,45798.5,46338.8,717269,11,0
2025-11-23,46509.5,46541.2,46450.1,46463.8,4312,19,0
2025-11-24,46463.3,46641.8,46149.3,46488.4,299998,19,0
2025-11-25,46487.4,47237.6,46384.5,47213.7,285293,19,0
2025-11-26,47214.9,47625.8,47170.3,47487.2,192118,19,0
2025-11-27,47487.7,47567.7,47445.0,47565.0,29088,19,0
2025-11-28,47565.0,47804.8,47471.8,47751.3,45052,19,0
2025-11-30,47767.9,47790.4,47691.2,47719.2,3937,21,0
2025-12-01,47719.7,47730.5,47307.2,47319.3,228253,19,0
2025-12-02,47319.8,47656.8,47256.5,47588.6,227931,19,0
2025-12-03,47588.1,48073.4,47420.2,47992.6,208933,19,0
2025-12-04,47992.1,48119.5,47748.3,47888.3,206300,19,0
2025-12-05,47887.4,48179.8,47812.3,48004.9,175613,19,0
2025-12-07,48032.7,48033.7,47988.7,47997.2,1800,21,0
2025-12-08,47997.7,48062.0,47658.2,47831.1,148567,19,0
2025-12-09,47830.3,48009.6,47584.8,47599.2,174188,19,0
2025-12-10,47598.3,48256.7,47512.4,48168.9,246313,19,0
2025-12-11,48168.9,48903.2,47876.2,48825.2,255080,19,0
2025-12-12,48823.7,48960.4,48403.1,48572.7,293330,19,0
2025-12-14,48580.5,48601.5,48505.6,48595.5,2589,21,0
2025-12-15,48595.1,48807.0,48344.9,48498.3,226155,19,0
2025-12-16,48498.7,48594.3,47997.6,48113.4,334168,19,0
2025-12-17,48113.1,48436.6,47897.7,47930.7,327699,19,0
2025-12-18,47931.5,48429.7,47845.2,47964.6,329273,19,0
2025-12-19,47964.1,48341.5,47836.3,48196.7,198108,19,0
2025-12-21,48297.9,48306.2,48257.2,48282.1,1954,20,0
2025-12-22,48282.6,48509.7,48181.4,48412.6,136366,19,0
2025-12-23,48413.5,48583.7,48260.2,48467.2,98100,19,0
2025-12-24,48468.4,48823.7,48421.0,48757.3,52224,19,0
2025-12-25,48787.3,48832.3,48782.3,48800.0,1344,23,0
2025-12-26,48799.3,48822.7,48618.8,48749.3,84538,19,0
2025-12-28,48764.9,48793.5,48751.7,48781.3,1366,21,0
2025-12-29,48781.7,48811.5,48424.3,48507.4,118603,19,0
2025-12-30,48507.8,48531.6,48332.2,48435.7,99919,19,0
2025-12-31,48435.2,48445.7,48085.3,48122.3,109087,19,0
2026-01-01,48156.2,48202.5,48133.0,48179.6,1924,21,0
2026-01-02,48179.1,48424.8,47864.1,48367.7,228775,19,0
2026-01-04,48426.8,48432.0,48371.2,48402.2,4243,21,0
2026-01-05,48402.0,49255.8,48347.2,49003.5,200834,19,0
2026-01-06,49004.5,49552.7,48886.5,49519.5,157341,19,0
2026-01-07,49520.5,49665.5,48973.2,49058.2,160081,19,0
2026-01-08,49058.7,49396.7,48797.8,49329.2,203626,19,0
2026-01-09,49329.7,49592.8,49204.5,49517.1,196222,19,0
2026-01-11,49528.1,49541.7,49445.1,49471.4,3420,21,0
2026-01-12,49471.8,49664.7,49024.1,49566.4,168006,19,0
2026-01-13,49566.7,49716.4,49089.5,49181.5,206276,19,0
2026-01-14,49181.1,49222.4,48880.5,49118.5,282571,19,0
2026-01-15,49117.5,49619.5,49097.2,49505.4,209019,19,0
2026-01-16,49504.4,49632.3,49260.1,49385.6,177027,19,0
2026-01-18,49032.9,49173.4,49030.8,49141.7,7962,20,0
2026-01-19,49141.2,49141.2,48902.3,48970.7,69526,19,0
2026-01-20,48970.2,48992.6,48457.2,48540.6,345478,19,0
2026-01-21,48542.2,49337.7,48343.5,49180.7,384318,19,0
2026-01-22,49181.5,49652.7,49118.2,49387.2,240471,19,0
2026-01-23,49386.4,49480.8,48983.4,49038.1,196309,19,0
2026-01-25,48850.2,48988.7,48727.2,48972.2,10125,20,0
2026-01-26,48971.4,49520.6,48968.5,49285.7,186703,19,0
2026-01-27,49284.5,49445.7,48890.2,49019.7,160630,19,0
2026-01-28,49020.5,49173.7,48868.9,48903.1,242981,19,0
2026-01-29,48903.6,49326.3,48606.2,48981.7,342872,19,0
2026-01-30,48981.2,49060.7,48471.2,48886.4,409406,19,0
2026-02-01,48778.7,48908.6,48675.9,48888.5,11723,20,0
2026-02-02,48888.1,49516.4,48420.8,49454.2,313861,19,0
2026-02-03,49454.7,49689.5,48858.2,49325.7,433444,19,0
2026-02-04,49326.6,49684.6,49144.2,49497.5,413973,19,0
2026-02-05,49497.1,49624.5,48715.2,48745.2,498435,21,0
2026-02-06,48744.3,50206.5,48644.2,50129.7,367524,19,0
2026-02-08,50233.9,50294.8,50228.0,50259.4,7479,20,0
2026-02-09,50258.4,50281.6,49864.3,50122.7,224029,19,0
2026-02-10,50122.2,50554.4,50051.6,50303.7,225251,19,0
2026-02-11,50304.5,50532.6,49932.2,50144.2,307154,19,0
2026-02-12,50143.4,50480.5,49442.4,49490.4,393919,19,0
2026-02-13,49489.4,49760.5,49099.4,49466.4,412057,19,0
2026-02-15,49519.7,49579.5,49463.3,49551.1,4783,21,0
2026-02-16,49550.3,49777.7,49515.5,49616.1,73452,21,0
2026-02-17,49616.6,49747.3,49190.1,49502.7,433764,21,0
2026-02-18,49503.5,49923.5,49446.9,49673.1,222793,19,0
2026-02-19,49673.7,49746.5,49219.4,49431.7,294130,21,0
2026-02-20,49432.5,49731.8,49170.8,49643.2,365735,19,0
2026-02-22,49629.9,49654.4,49523.1,49565.1,5121,21,0
2026-02-23,49565.0,49748.5,48761.1,48870.7,312168,19,0
2026-02-24,48870.2,49333.4,48784.5,49220.1,217206,19,0
2026-02-25,49219.3,49574.8,49124.9,49426.2,163153,19,0
2026-02-26,49426.7,49867.4,49206.0,49252.1,293303,19,0
2026-02-27,49251.3,49385.3,48685.5,48904.2,290426,19,0
2026-03-01,48423.5,48598.4,48388.1,48405.2,13819,20,0
2026-03-02,48405.7,49100.5,48147.1,48858.1,392322,21,0
2026-03-03,48858.7,48877.7,47658.0,48444.5,607898,21,0
2026-03-04,48445.4,48894.7,48244.3,48788.1,456071,19,0
2026-03-05,48788.7,48870.7,47605.5,48057.5,492858,19,0
2026-03-06,48057.1,48120.8,47014.2,47483.2,535507,19,0
2026-03-08,47069.5,47130.7,46400.6,46644.3,31080,20,0
2026-03-09,46644.7,47915.8,46331.3,47570.2,659844,19,0
2026-03-10,47570.7,48252.0,47465.3,47782.7,464123,19,0
2026-03-11,47783.5,47967.5,46937.6,47050.6,421124,19,0
2026-03-12,47054.1,47237.7,46696.2,46767.2,436831,19,0
2026-03-13,46765.7,47154.7,46448.5,46544.2,434545,19,0
2026-03-15,46436.2,46767.2,46401.9,46681.9,20084,19,0
2026-03-16,46682.8,47228.6,46611.4,46974.7,311874,19,0
2026-03-17,46974.2,47473.6,46721.4,47000.7,239370,19,0
2026-03-18,46999.5,47356.5,46095.7,46203.4,304412,19,0
2026-03-19,46203.8,46353.7,45766.6,46170.1,425635,19,0
2026-03-20,46169.3,46275.2,45400.5,45837.8,349841,19,0
2026-03-22,45339.0,45713.7,45329.4,45577.3,17736,19,0
2026-03-23,45577.7,46959.3,45203.3,46330.3,577173,19,0
2026-03-24,46328.7,46659.2,45802.2,46492.3,514815,19,0
2026-03-25,46492.7,46794.7,46234.1,46405.7,410858,19,0
2026-03-26,46407.2,46599.1,45935.5,46211.7,410811,19,0
2026-03-27,46212.5,46272.8,45045.2,45101.3,421306,19,0
2026-03-29,44946.5,45039.7,44846.0,44910.1,24085,19,0
2026-03-30,44910.7,45699.6,44854.4,45194.2,443396,19,0
2026-03-31,45194.7,46459.7,45084.4,46441.8,617100,19,0
2026-04-01,46441.2,46864.4,46384.0,46592.2,373598,19,0
2026-04-02,46591.4,46777.2,45868.2,46539.9,462807,19,0
2026-04-03,46540.5,46688.3,46382.4,46428.6,34821,19,0
2026-04-05,46290.7,46310.7,46167.0,46280.5,16816,19,0
2026-04-06,46280.2,46854.0,46270.2,46735.6,313102,19,0
2026-04-07,46735.2,47626.8,46238.3,47552.1,502224,19,0
2026-04-08,47548.6,48070.4,47454.9,47900.5,333806,19,0
2026-04-09,47900.1,48361.7,47709.0,48183.7,258052,19,0
2026-04-10,48183.2,48320.6,47880.3,47975.6,173186,19,0
2026-04-12,47469.5,47542.0,47357.2,47456.5,11241,20,0
2026-04-13,47457.4,48287.4,47421.2,48251.7,186074,19,0
2026-04-14,48251.2,48636.8,48177.4,48592.2,157673,19,0
2026-04-15,48590.7,48742.5,48315.2,48573.1,148622,19,0
2026-04-16,48573.7,48707.6,48364.1,48690.7,146831,19,0
2026-04-17,48690.2,49761.6,48656.3,49511.1,180147,19,0
2026-04-19,49025.0,49109.6,48932.6,49016.4,9499,20,0
2026-04-20,49016.8,49586.6,48988.5,49555.7,174642,19,0
2026-04-21,49556.5,49891.8,49078.4,49396.2,243349,20,0
2026-04-22,49396.7,49662.7,49274.3,49351.1,167603,21,0
2026-04-23,49350.3,49563.7,48896.3,49325.4,261122,19,0
2026-04-24,49326.4,49460.1,49105.1,49290.3,189574,19,0
2026-04-26,49228.2,49244.0,49109.1,49157.5,4945,21,0
2026-04-27,49158.4,49400.7,49068.4,49280.2,135571,19,0
2026-04-28,49280.7,49431.6,49117.1,49270.6,188872,19,0
2026-04-29,49271.5,49307.5,48667.4,48742.5,204566,19,0
2026-04-30,48744.2,49840.6,48497.2,49800.7,222215,21,0
2026-05-01,49801.5,50032.7,49491.4,49492.3,133004,21,0
2026-05-03,49661.1,49717.1,49587.2,49610.6,5192,20,0
2026-05-04,49610.1,49617.6,48931.0,49010.2,225561,19,0
2026-05-05,49009.3,49477.7,48978.5,49417.6,137662,19,0
2026-05-06,49417.1,50052.7,49385.1,49920.2,194732,21,0
2026-05-07,49919.4,50166.6,49512.1,49640.7,222566,19,0
2026-05-08,49641.5,49878.3,49504.2,49662.1,159909,19,0
2026-05-10,49526.6,49554.6,49401.4,49485.5,5921,20,0
2026-05-11,49485.7,49806.5,49408.2,49744.3,172555,19,0
2026-05-12,49743.4,49864.4,49333.3,49760.7,228554,19,0
2026-05-13,49760.2,49873.6,49480.1,49850.7,179461,19,0
2026-05-14,49850.2,50238.7,49822.2,50055.7,197749,21,0
2026-05-15,50055.2,50058.7,49379.9,49435.2,270533,19,0
2026-05-17,49402.0,49516.6,49335.5,49411.5,13380,21,0
2026-05-18,49411.2,49807.3,49114.2,49712.8,351380,19,0
2026-05-19,49713.5,49794.6,49281.5,49446.2,306193,19,0
2026-05-20,49445.4,50118.7,49254.4,49941.7,301771,21,0
2026-05-21,49942.5,50438.6,49739.2,50419.2,300049,21,0
2026-05-22,50419.7,50881.6,50399.2,50597.6,195900,21,0
2026-05-24,50851.0,50940.6,50845.1,50891.4,6334,20,0
2026-05-25,50892.4,51187.5,50887.3,50995.8,50587,21,0
2026-05-26,50996.4,51003.6,50397.5,50572.4,167400,21,0
2026-05-27,50571.3,50873.7,50486.1,50706.3,169054,21,0
2026-05-28,50705.4,50837.6,50372.1,50728.7,161344,21,0
2026-05-29,50728.2,51134.5,50696.2,51045.7,165045,21,0
2026-05-31,51038.5,51110.4,50985.4,51096.6,4579,21,0
2026-06-01,51097.4,51372.8,50814.2,50971.4,165691,21,0
2026-06-02,50971.8,51428.7,50827.2,51393.1,159813,21,0
2026-06-03,51394.3,51409.1,50727.2,50801.3,180466,21,0
2026-06-04,50799.7,51746.5,50740.4,51641.3,204696,21,0
2026-06-05,51640.3,51835.9,50741.1,50797.7,315681,20,0
2026-06-07,50796.6,50927.3,50644.2,50878.6,19466,21,0
2026-06-08,50878.1,51351.3,50693.3,50826.2,351827,21,0
2026-06-09,50825.4,51340.4,50289.6,50829.2,527933,21,0
2026-06-10,50829.5,50932.5,49785.1,49862.6,542223,20,0
2026-06-11,49863.4,51045.3,49854.1,50994.8,540399,21,0
2026-06-12,50994.4,51486.4,50866.0,51268.3,414842,19,0
2026-06-14,51546.0,51633.5,51501.8,51607.5,15592,20,0
2026-06-15,51607.1,52049.5,51587.3,51782.8,198533,21,0
2026-06-16,51782.8,52312.7,51767.1,52192.4,203210,21,0
2026-06-17,52193.4,52412.4,51518.0,51860.1,321464,11,0
2026-06-18,51860.6,52060.4,51649.1,51694.1,259145,21,0
2026-06-19,51693.3,51695.6,51481.0,51572.3,63757,21,0
2026-06-21,51537.4,51578.8,51418.3,51467.9,11572,21,0
2026-06-22,51467.3,52010.3,51446.5,51860.4,236949,21,0
2026-06-23,51860.2,51993.9,51400.9,51809.3,322429,21,0
2026-06-24,51807.3,52393.4,51652.0,52054.1,352464,21,0
2026-06-25,52053.3,52816.8,51942.3,52123.6,383078,21,0
2026-06-26,52124.4,52276.5,51742.1,51949.3,388996,21,0
2026-06-28,51941.8,52201.5,51935.3,52154.6,11393,21,0
2026-06-29,52154.7,52444.7,52007.3,52259.0,274375,21,0
2026-06-30,52258.3,52506.4,52124.0,52322.1,178629,21,0
2026-07-01,52322.6,52856.5,52132.4,52356.4,191802,21,0
2026-07-02,52356.0,52982.2,52299.4,52974.4,278075,21,0
2026-07-03,52974.1,53155.3,52825.6,52912.4,48330,21,0
2026-07-05,52977.8,53016.0,52896.4,53014.1,4176,23,0
2026-07-06,53014.6,53198.4,52720.0,53123.0,161514,21,0
2026-07-07,53121.0,53417.3,52841.1,52904.8,168857,19,0
2026-07-08,52903.7,52977.1,52105.9,52366.8,189892,32,0
2026-07-09,52365.7,52635.4,52272.7,52523.7,120929,32,0
2026-07-10,52524.8,52761.1,52283.0,52759.9,94740,30,0
2026-07-12,52629.7,52662.0,52542.7,52598.0,3785,30,0
2026-07-13,52598.8,52904.2,52394.7,52489.9,131319,30,0
2026-07-14,52491.4,52774.9,52052.3,52662.5,183773,30,0
2026-07-15,52663.0,52885.3,52480.4,52714.4,78878,32,0
2026-07-16,52713.1,52912.8,52417.7,52506.8,81566,32,0
2026-07-17,52512.8,52651.8,51991.7,52206.9,104011,32,0
2026-07-19,52131.6,52190.7,52064.6,52177.3,4629,35,0
2026-07-20,52179.4,52457.0,51818.0,51924.5,97688,32,0
2026-07-21,51923.7,52421.2,51864.1,52260.6,101530,32,0
2026-07-22,52259.2,52557.0,52102.2,52267.8,127557,32,0
2026-07-23,52268.8,52357.8,51572.3,51724.0,345116,32,0
2026-07-24,51727.3,52157.3,51713.3,51936.8,327029,32,0
2026-07-26,52195.8,52334.1,52189.2,52311.3,8674,30,0
2026-07-27,52312.3,52650.1,52031.3,52264.3,362969,32,0
2026-07-28,52265.3,52968.1,52149.3,52834.3,369509,32,0
2026-07-29,52835.3,52900.1,51497.6,51788.3,426215,32,0
2026-07-30,51789.3,52385.1,51603.3,52363.3,300332,32,0
2026-07-31,52364.3,52655.1,52006.1,52453.1,233217,35,0
2026-08-02,52768.4,52768.4,52684.1,52715.3,5724,35,0
2026-08-03,52714.3,53347.4,52677.1,53313.5,159860,11,0
2026-08-04,53310.5,54328.4,53176.1,54260.4,197157,11,0
2026-08-05,54261.4,54797.4,54256.4,54504.4,185538,11,0
2026-08-06,54503.4,54600.0,53871.4,53922.5,172236,11,0
2026-08-07,53923.5,54127.4,53803.4,54054.5,160605,11,0
2026-08-09,54000.1,54009.2,53929.4,53935.4,2922,11,0
2026-08-10,53934.4,54098.4,53884.3,53956.5,122041,11,0
2026-08-11,53957.5,54270.1,53787.4,53839.4,115375,11,0
2026-08-12,53839.4,54102.6,53775.4,53815.4,114843,11,0
2026-08-13,53815.4,54088.4,53654.4,53892.4,113923,11,0
2026-08-14,53892.4,53939.4,53683.8,53722.4,96222,11,0
2026-08-16,53745.3,53791.4,53740.4,53773.4,2217,13,0
2026-08-17,53772.4,53786.4,53422.5,53496.3,108066,10,0
2026-08-18,53495.3,53555.1,53276.3,53356.3,142680,10,0
2026-08-19,53355.3,53740.5,53292.4,53523.4,171634,10,0
2026-08-20,53522.4,53549.3,52766.9,52816.3,166732,10,0
2026-08-21,52815.3,53357.5,52779.3,53265.4,124287,10,0
2026-08-23,53314.9,53341.3,53240.8,53341.3,3592,13,0
2026-08-24,53341.3,53348.3,53246.4,53283.4,12630,13,0
