time,open,high,low,close,tick_volume,spread,real_volume
2020-01-01,3235.67,3238.94,3233.11,3236.22,695,136,0
2020-01-02,3235.85,3261.92,3234.09,3259.51,12463,114,0
2020-01-03,3259.74,3261.25,3205.57,3234.15,24741,123,0
2020-01-05,3219.6,3222.97,3214.56,3222.75,1289,137,0
2020-01-06,3221.83,3248.27,3207.8,3241.55,19991,116,0
2020-01-07,3241.74,3253.31,3195.06,3202.37,21429,116,0
2020-01-08,3191.11,3266.63,3180.31,3260.28,29298,127,0
2020-01-09,3261.28,3277.3,3256.37,3276.68,16817,116,0
2020-01-10,3276.45,3285.62,3259.41,3262.08,14117,111,0
2020-01-12,3266.16,3270.2,3265.07,3266.32,493,153,0
2020-01-13,3267.16,3293.17,3265.72,3292.93,12753,114,0
2020-01-14,3294.2,3295.94,3274.78,3278.56,18783,118,0
2020-01-15,3280.37,3299.0,3277.97,3296.56,17411,119,0
2020-01-16,3296.63,3322.86,3294.43,3319.42,12847,117,0
2020-01-17,3318.73,3329.78,3316.54,3323.21,11459,118,0
2020-01-19,3323.85,3328.02,3323.21,3328.02,451,156,0
2020-01-20,3328.16,3328.49,3319.01,3323.31,6479,115,0
2020-01-21,3323.56,3330.1,3307.87,3321.0,17780,121,0
2020-01-22,3322.39,3337.94,3314.41,3315.01,19184,117,0
2020-01-23,3315.06,3332.18,3301.9,3330.78,21560,121,0
2020-01-24,3330.52,3337.31,3281.19,3291.47,20554,122,0
2020-01-26,3267.66,3268.13,3253.43,3259.99,1617,143,0
2020-01-27,3263.45,3269.94,3234.7,3248.62,23785,124,0
2020-01-28,3249.63,3286.18,3243.47,3276.16,19779,123,0
2020-01-29,3275.95,3293.44,3266.58,3274.32,17556,109,0
2020-01-30,3273.56,3295.83,3240.9,3289.93,26398,109,0
2020-01-31,3287.91,3298.13,3213.43,3227.97,26292,106,0
2020-02-02,3233.09,3236.43,3226.7,3232.68,1359,119,0
2020-02-03,3233.66,3267.81,3231.82,3242.49,24400,110,0
2020-02-04,3247.91,3306.2,3246.06,3295.4,18740,111,0
2020-02-05,3297.64,3339.49,3289.73,3334.9,22072,108,0
2020-02-06,3334.2,3358.1,3333.17,3349.11,17977,108,0
2020-02-07,3348.17,3348.67,3321.25,3323.38,18900,113,0
2020-02-09,3322.89,3329.6,3304.32,3311.84,1431,129,0
2020-02-10,3312.55,3353.82,3312.13,3352.02,17373,112,0
2020-02-11,3351.49,3374.87,3351.35,3361.69,13176,108,0
2020-02-12,3361.83,3382.29,3356.66,3367.56,12527,106,0
2020-02-13,3367.81,3384.61,3348.55,3373.65,17542,106,0
2020-02-14,3373.83,3387.89,3365.14,3381.54,12356,104,0
2020-02-16,3387.79,3389.48,3386.65,3388.01,408,123,0
2020-02-17,3387.78,3392.79,3372.27,3376.3,6825,103,0
2020-02-18,3376.13,3377.83,3355.36,3377.8,14148,104,0
2020-02-19,3378.04,3393.61,3372.24,3391.82,10329,104,0
2020-02-20,3391.84,3397.28,3339.45,3355.85,23369,105,0
2020-02-21,3356.93,3365.84,3328.28,3338.27,26161,109,0
2020-02-23,3305.49,3306.97,3289.82,3298.34,1661,118,0
2020-02-24,3298.59,3303.73,3213.97,3239.84,38886,111,0
2020-02-25,3239.32,3259.62,3117.5,3151.9,45866,107,0
2020-02-26,3151.91,3182.26,3091.64,3102.86,59320,111,0
2020-02-27,3103.07,3107.19,2935.11,2966.8,68825,107,0
2020-02-28,2967.81,2995.54,2853.04,2987.47,88272,112,0
2020-03-01,2904.83,2927.79,2900.37,2919.56,2944,122,0
2020-03-02,2919.82,3093.22,2904.46,3084.74,80791,110,0
2020-03-03,3085.0,3136.63,2973.67,2991.26,80220,113,0
2020-03-04,2992.46,3129.28,2991.39,3107.26,58449,109,0
2020-03-05,3105.74,3108.66,2997.36,3026.9,54389,105,0
2020-03-06,3027.13,3037.34,2898.69,2961.0,68602,112,0
2020-03-08,2858.89,2864.5,2819.64,2822.96,5019,127,0
2020-03-09,2822.56,2839.52,2695.98,2796.42,47310,112,0
2020-03-10,2800.06,2884.65,2729.73,2827.49,82062,105,0
2020-03-11,2827.65,2839.6,2703.5,2732.52,81420,117,0
2020-03-12,2734.06,2742.03,2418.91,2439.94,85796,103,0
2020-03-13,2440.07,2706.49,2393.77,2666.09,74165,122,0
2020-03-15,2604.89,2613.41,2566.06,2566.06,1152,126,0
2020-03-16,2401.24,2561.11,2383.7,2445.06,48806,116,0
2020-03-17,2445.26,2555.27,2365.26,2422.35,88128,122,0
2020-03-18,2422.35,2471.03,2273.93,2454.95,70074,117,0
2020-03-19,2455.37,2467.29,2286.09,2365.9,97930,119,0
2020-03-20,2364.27,2508.49,2270.03,2275.79,93973,115,0
2020-03-22,2203.39,2218.22,2186.27,2200.55,1851,114,0
2020-03-23,2201.03,2394.08,2182.43,2261.48,105957,120,0
2020-03-24,2262.4,2478.68,2250.28,2430.82,85089,103,0
2020-03-25,2429.85,2570.38,2396.06,2476.95,99391,106,0
2020-03-26,2476.05,2643.06,2410.72,2639.97,85817,111,0
2020-03-27,2639.25,2642.96,2513.07,2529.31,73213,116,0
2020-03-29,2474.84,2505.68,2470.86,2495.07,7113,115,0
2020-03-30,2494.81,2630.83,2489.84,2624.06,77719,104,0
2020-03-31,2625.24,2643.24,2544.79,2546.73,69142,104,0
2020-04-01,2546.58,2554.98,2443.2,2478.47,75338,106,0
2020-04-02,2477.83,2533.1,2433.98,2513.1,71199,99,0
2020-04-03,2512.06,2538.48,2457.86,2486.78,65852,100,0
2020-04-05,2518.09,2531.29,2512.51,2526.04,4255,106,0
2020-04-06,2526.47,2675.8,2525.4,2671.16,57748,105,0
2020-04-07,2668.57,2754.25,2631.43,2657.04,70606,107,0
2020-04-08,2658.51,2758.04,2627.53,2753.57,65876,111,0
2020-04-09,2752.1,2816.26,2708.33,2791.37,61769,105,0
2020-04-12,2812.04,2814.08,2725.98,2751.75,6204,124,0
2020-04-13,2751.89,2787.18,2718.93,2775.0,48938,102,0
2020-04-14,2774.48,2851.26,2759.77,2839.06,50624,102,0
2020-04-15,2838.97,2841.52,2757.5,2760.47,56950,100,0
2020-04-16,2760.44,2891.2,2754.09,2876.13,76220,102,0
2020-04-17,2875.56,2890.56,2828.08,2874.15,65605,101,0
2020-04-19,2863.06,2867.15,2848.84,2855.13,3652,128,0
2020-04-20,2855.38,2882.06,2812.65,2825.03,59786,122,0
2020-04-21,2825.28,2840.72,2723.59,2748.1,83791,128,0
2020-04-22,2748.77,2813.66,2724.63,2785.83,57488,114,0
2020-04-23,2786.07,2843.39,2770.4,2777.22,60489,114,0
2020-04-24,2776.51,2841.49,2761.94,2836.27,46150,108,0
2020-04-26,2842.6,2848.77,2820.12,2826.35,2891,136,0
2020-04-27,2826.6,2887.81,2821.67,2874.42,38871,113,0
2020-04-28,2874.62,2920.38,2858.29,2877.91,46627,118,0
2020-04-29,2877.44,2966.18,2877.16,2953.59,46666,115,0
2020-04-30,2953.12,2971.77,2885.29,2890.26,51901,117,0
2020-05-03,2794.04,2803.42,2779.81,2784.11,5836,135,0
2020-05-04,2784.5,2842.91,2777.83,2838.87,51864,114,0
2020-05-05,2839.08,2897.74,2838.86,2874.56,46300,111,0
2020-05-06,2874.76,2894.14,2830.4,2840.4,49773,123,0
2020-05-07,2842.05,2901.88,2841.6,2899.1,46794,113,0
2020-05-08,2899.26,2939.17,2899.26,2936.43,36291,113,0
2020-05-10,2923.72,2945.49,2922.54,2944.61,3365,136,0
2020-05-11,2944.61,2953.37,2896.39,2922.4,40372,114,0
2020-05-12,2922.54,2945.23,2833.29,2835.48,49183,124,0
2020-05-13,2835.71,2882.47,2792.19,2822.28,65229,120,0
2020-05-14,2821.77,2859.6,2766.42,2858.44,70693,124,0
2020-05-15,2858.25,2867.53,2814.93,2859.26,60921,119,0
2020-05-17,2862.62,2878.53,2855.5,2873.39,3827,138,0
2020-05-18,2873.36,2968.54,2870.38,2956.3,43454,117,0
2020-05-19,2956.13,2980.67,2912.93,2927.42,59228,115,0
2020-05-20,2927.46,2979.85,2926.97,2968.42,43203,116,0
2020-05-21,2968.42,2977.03,2937.4,2953.53,44437,120,0
2020-05-22,2953.54,2961.13,2908.16,2960.88,43605,115,0
2020-05-24,2953.51,2972.89,2953.51,2970.89,2257,133,0
2020-05-25,2971.14,2993.85,2958.47,2986.39,18933,115,0
2020-05-26,2986.62,3023.69,2984.69,2994.07,34448,111,0
2020-05-27,2994.07,3046.38,2969.44,3045.73,46330,120,0
2020-05-28,3045.69,3068.95,3023.05,3028.54,54635,118,0
2020-05-29,3028.57,3049.15,2995.87,3040.82,60958,123,0
2020-05-31,3022.18,3029.18,3018.37,3028.42,2262,151,0
2020-06-01,3028.62,3061.83,3023.72,3041.47,43526,115,0
2020-06-02,3041.53,3090.62,3038.38,3089.39,33505,117,0
2020-06-03,3088.95,3132.5,3084.21,3126.24,34520,114,0
2020-06-04,3126.41,3130.01,3090.8,3111.76,43345,113,0
2020-06-05,3111.79,3213.01,3109.52,3191.88,44682,116,0
2020-06-07,3205.38,3213.65,3203.69,3210.95,1785,139,0
2020-06-08,3210.95,3233.79,3185.97,3225.75,37751,121,0
2020-06-09,3225.58,3233.26,3192.55,3218.47,40602,115,0
2020-06-10,3218.42,3229.79,3163.6,3166.11,50617,114,0
2020-06-11,3166.27,3182.12,2997.55,3028.64,82400,122,0
2020-06-12,3029.02,3087.96,2982.86,3038.81,99265,127,0
2020-06-14,2998.44,3008.5,2988.58,2995.98,4042,148,0
2020-06-15,2996.18,3098.23,2934.95,3097.76,83662,121,0
2020-06-16,3097.55,3166.85,3074.21,3135.8,81078,129,0
2020-06-17,3135.97,3158.05,3100.93,3101.99,60297,124,0
2020-06-18,3101.98,3130.0,3075.47,3125.5,59917,121,0
2020-06-19,3125.65,3155.1,3081.55,3094.74,52729,125,0
2020-06-21,3056.65,3065.82,3051.94,3064.06,3151,145,0
2020-06-22,3064.4,3135.5,3059.25,3132.61,46364,121,0
2020-06-23,3132.15,3155.87,3070.8,3121.88,51688,120,0
2020-06-24,3121.87,3138.63,3031.11,3048.67,63466,127,0
2020-06-25,3048.84,3090.35,3017.03,3083.44,65561,126,0
2020-06-26,3083.56,3092.14,3004.44,3011.58,56942,126,0
2020-06-28,3006.16,3015.1,3001.22,3010.77,2976,138,0
2020-06-29,3010.91,3069.37,2999.03,3064.49,54462,121,0
2020-06-30,3064.31,3111.0,3040.29,3092.02,43689,118,0
2020-07-01,3092.17,3127.25,3072.93,3111.26,41506,118,0
2020-07-02,3111.07,3165.18,3104.79,3136.64,40013,116,0
2020-07-03,3136.64,3147.94,3115.27,3125.11,21250,116,0
2020-07-05,3138.85,3146.14,3137.89,3144.39,1279,138,0
2020-07-06,3144.56,3188.44,3143.67,3186.22,36890,118,0
2020-07-07,3186.06,3193.09,3141.78,3149.29,38857,119,0
2020-07-08,3149.26,3177.65,3134.53,3175.64,45324,115,0
2020-07-09,3175.8,3179.19,3113.86,3159.57,53530,114,0
2020-07-10,3159.86,3187.0,3120.15,3184.81,47425,119,0
2020-07-12,3203.93,3205.18,3195.51,3195.57,2049,139,0
2020-07-13,3195.73,3235.32,3149.83,3163.96,55398,109,0
2020-07-14,3163.96,3223.55,3127.74,3218.73,75975,122,0
2020-07-15,3218.91,3241.06,3200.7,3226.04,63467,116,0
2020-07-16,3226.0,3226.11,3197.47,3211.6,57039,109,0
2020-07-17,3211.51,3233.6,3203.04,3225.09,35750,106,0
2020-07-19,3227.56,3230.27,3224.85,3229.36,952,134,0
2020-07-20,3229.36,3257.83,3198.34,3251.09,40000,104,0
2020-07-21,3251.3,3281.09,3247.33,3264.72,43101,108,0
2020-07-22,3264.72,3279.28,3235.24,3269.1,42552,109,0
2020-07-23,3269.3,3292.41,3222.68,3241.76,62560,114,0
2020-07-24,3241.76,3246.8,3199.97,3216.31,60622,110,0
2020-07-26,3211.25,3212.74,3200.82,3207.29,2899,140,0
2020-07-27,3207.44,3245.64,3206.05,3243.76,44194,101,0
2020-07-28,3243.84,3254.2,3215.97,3225.43,44511,108,0
2020-07-29,3225.21,3264.78,3212.23,3258.6,35937,102,0
2020-07-30,3258.67,3277.07,3203.56,3274.59,51218,112,0
2020-07-31,3274.41,3277.15,3219.96,3271.6,61014,113,0
2020-08-02,3269.72,3272.25,3263.29,3271.28,1737,145,0
2020-08-03,3271.42,3303.19,3261.62,3295.81,34668,114,0
2020-08-04,3295.99,3307.01,3278.37,3305.76,30209,116,0
2020-08-05,3305.61,3330.89,3298.7,3326.3,25478,115,0
2020-08-06,3326.3,3351.49,3308.18,3347.59,33032,117,0
2020-08-07,3347.59,3354.04,3329.95,3352.42,39563,118,0
2020-08-09,3344.77,3349.9,3344.72,3348.99,1064,146,0
2020-08-10,3348.99,3364.42,3336.56,3359.75,29316,119,0
2020-08-11,3359.57,3386.21,3326.91,3341.14,37981,115,0
2020-08-12,3341.0,3389.18,3333.25,3376.06,37407,114,0
2020-08-13,3375.9,3388.22,3363.44,3381.7,33573,118,0
2020-08-14,3381.94,3386.06,3355.95,3373.11,30474,115,0
2020-08-16,3372.57,3376.31,3371.88,3375.78,758,128,0
2020-08-17,3375.7,3391.39,3370.46,3390.25,18102,115,0
2020-08-18,3390.08,3394.79,3369.81,3392.74,19684,115,0
2020-08-19,3392.74,3399.44,3365.15,3366.41,20521,115,0
2020-08-20,3366.54,3393.15,3349.09,3392.95,26395,118,0
2020-08-21,3392.91,3399.63,3360.49,3397.69,27110,117,0
2020-08-23,3400.43,3403.5,3398.91,3400.75,732,132,0
2020-08-24,3400.75,3436.93,3397.44,3436.49,22241,115,0
2020-08-25,3436.29,3451.55,3424.78,3447.92,22778,117,0
2020-08-26,3448.05,3481.36,3440.17,3480.36,17731,118,0
2020-08-27,3480.29,3501.09,3467.69,3494.58,33632,116,0
2020-08-28,3494.33,3511.84,3483.6,3507.79,28460,122,0
2020-08-30,3514.9,3521.21,3514.4,3521.21,625,128,0
2020-08-31,3521.24,3526.89,3488.9,3499.2,20848,118,0
2020-09-01,3498.99,3537.38,3494.17,3537.38,27297,120,0
2020-09-02,3537.27,3588.6,3533.91,3585.01,31384,122,0
2020-09-03,3585.01,3585.92,3426.2,3432.82,77134,125,0
2020-09-04,3432.75,3485.14,3348.92,3426.4,98442,125,0
2020-09-07,3401.25,3444.36,3393.26,3440.38,36510,121,0
2020-09-08,3440.31,3447.83,3309.65,3323.0,90714,124,0
2020-09-09,3322.72,3424.36,3321.68,3409.85,61837,118,0
2020-09-10,3409.84,3424.51,3327.74,3347.12,53462,122,0
2020-09-11,3347.38,3375.13,3309.53,3340.12,41603,122,0
2020-09-13,3354.73,3361.2,3351.74,3360.96,1320,131,0
2020-09-14,3360.89,3402.17,3355.98,3385.29,27678,122,0
2020-09-15,3385.37,3418.68,3376.2,3400.87,21655,124,0
2020-09-16,3400.99,3429.01,3383.9,3390.6,23070,123,0
2020-09-17,3390.38,3391.57,3319.85,3358.24,41697,120,0
2020-09-18,3357.96,3372.74,3291.59,3317.99,33650,116,0
2020-09-20,3311.84,3330.65,3311.42,3325.1,1919,134,0
2020-09-21,3324.61,3336.69,3228.19,3292.16,45181,121,0
2020-09-22,3292.31,3319.24,3266.56,3312.09,37326,122,0
2020-09-23,3312.32,3329.34,3219.43,3226.25,36634,122,0
2020-09-24,3226.0,3277.4,3207.37,3262.72,49638,122,0
2020-09-25,3262.53,3305.4,3215.89,3297.1,37812,119,0
2020-09-27,3306.04,3307.57,3303.64,3304.63,931,126,0
2020-09-28,3304.63,3364.97,3301.34,3364.18,25301,119,0
2020-09-29,3364.21,3371.71,3325.74,3344.83,25082,121,0
2020-09-30,3344.59,3392.55,3300.13,3370.08,42827,121,0
2020-10-01,3370.04,3395.77,3358.75,3375.68,35234,122,0
2020-10-02,3375.43,3380.87,3308.89,3347.52,46751,127,0
2020-10-04,3365.26,3372.7,3360.92,3371.18,1569,126,0
2020-10-05,3371.02,3408.81,3355.76,3398.48,25347,116,0
2020-10-06,3398.73,3430.52,3341.67,3355.09,30764,121,0
2020-10-07,3355.09,3425.81,3351.63,3421.91,27555,124,0
2020-10-08,3421.9,3463.99,3415.9,3462.19,23342,118,0
2020-10-09,3461.95,3481.74,3453.81,3476.75,17561,118,0
2020-10-11,3480.42,3481.8,3474.29,3478.33,1338,126,0
2020-10-12,3478.49,3549.63,3472.36,3540.27,21998,118,0
2020-10-13,3540.39,3541.27,3499.99,3517.01,31933,123,0
2020-10-14,3517.08,3532.08,3480.36,3492.24,29790,117,0
2020-10-15,3492.24,3494.81,3439.73,3491.87,36014,121,0
2020-10-16,3491.73,3516.43,3478.76,3481.98,26625,120,0
2020-10-18,3485.02,3487.82,3483.99,3485.62,881,131,0
2020-10-19,3485.84,3504.59,3419.17,3447.77,27430,116,0
2020-10-20,3447.55,3477.49,3434.79,3452.28,34461,120,0
2020-10-21,3452.28,3465.3,3409.91,3421.0,35087,118,0
2020-10-22,3420.75,3464.0,3410.82,3459.26,32567,121,0
2020-10-23,3459.24,3469.81,3439.19,3465.49,25801,119,0
2020-10-25,3439.01,3448.17,3438.35,3446.82,1429,128,0
2020-10-26,3446.45,3449.42,3363.64,3399.79,31432,116,0
2020-10-27,3399.82,3417.3,3366.4,3373.66,30945,114,0
2020-10-28,3373.66,3377.43,3268.54,3289.56,41479,115,0
2020-10-29,3289.27,3340.66,3257.39,3283.35,45702,113,0
2020-10-30,3283.35,3303.74,3233.17,3273.47,53435,112,0
2020-11-01,3270.57,3271.37,3250.58,3260.54,908,134,0
2020-11-02,3260.77,3331.35,3254.27,3317.17,45228,112,0
2020-11-03,3317.06,3402.58,3312.02,3391.67,36813,120,0
2020-11-04,3391.39,3487.55,3327.55,3441.63,80289,131,0
2020-11-05,3441.53,3529.62,3436.95,3506.22,50196,126,0
2020-11-06,3505.94,3525.32,3463.61,3509.0,46806,123,0
2020-11-08,3539.03,3552.92,3536.33,3544.07,916,138,0
2020-11-09,3544.26,3674.41,3540.66,3554.63,58504,126,0
2020-11-10,3554.87,3565.0,3512.53,3542.75,58887,126,0
2020-11-11,3542.5,3582.13,3536.48,3573.47,39782,122,0
2020-11-12,3573.19,3576.48,3517.87,3538.84,40546,124,0
2020-11-13,3538.86,3594.21,3522.79,3585.92,32031,121,0
2020-11-15,3610.2,3615.05,3607.28,3612.45,596,137,0
2020-11-16,3612.42,3640.35,3601.25,3628.31,31669,123,0
2020-11-17,3628.31,3628.32,3588.41,3612.79,26969,120,0
2020-11-18,3612.57,3626.6,3565.89,3566.58,26033,123,0
2020-11-19,3566.28,3585.78,3545.91,3551.97,30423,123,0
2020-11-20,3552.09,3586.18,3552.09,3556.81,24553,122,0
2020-11-22,3554.73,3560.82,3553.26,3560.76,443,139,0
2020-11-23,3560.49,3600.34,3552.4,3595.37,25021,123,0
2020-11-24,3595.23,3646.76,3592.39,3645.52,28231,122,0
2020-11-25,3645.33,3657.82,3618.76,3635.53,27706,123,0
2020-11-26,3635.47,3642.09,3617.47,3623.2,13665,121,0
2020-11-27,3623.59,3645.74,3616.08,3639.93,14658,120,0
2020-11-29,3651.22,3651.22,3642.71,3644.45,448,141,0
2020-11-30,3644.45,3644.7,3594.75,3640.61,30172,123,0
2020-12-01,3640.83,3679.23,3639.2,3660.2,23271,123,0
2020-12-02,3660.2,3671.11,3643.95,3668.07,22431,119,0
2020-12-03,3668.06,3682.73,3656.18,3670.59,18928,123,0
2020-12-04,3670.59,3699.48,3668.56,3699.47,15228,121,0
2020-12-06,3702.37,3702.79,3699.14,3699.72,530,152,0
2020-12-07,3699.74,3700.67,3673.22,3683.16,18808,121,0
2020-12-08,3682.97,3709.89,3665.17,3707.49,17142,124,0
2020-12-09,3707.62,3715.01,3660.5,3675.53,20836,123,0
2020-12-10,3675.53,3682.24,3644.97,3672.89,25174,126,0
2020-12-11,3673.18,3675.62,3629.34,3663.81,24192,127,0
2020-12-13,3682.44,3682.45,3677.42,3680.64,436,160,0
2020-12-14,3681.18,3700.73,3646.92,3656.11,20958,121,0
2020-12-15,3656.35,3697.42,3645.46,3695.63,20523,128,0
2020-12-16,3695.64,3713.81,3689.67,3704.73,16671,126,0
2020-12-17,3704.73,3726.23,3701.32,3722.46,14428,122,0
2020-12-18,3722.46,3731.61,3686.45,3708.81,18228,124,0
2020-12-20,3716.77,3716.77,3710.06,3715.79,588,139,0
2020-12-21,3715.42,3720.23,3605.16,3692.04,41304,125,0
2020-12-22,3692.28,3703.8,3672.62,3692.06,30131,123,0
2020-12-23,3692.07,3710.9,3660.17,3692.73,20784,124,0
2020-12-24,3692.5,3703.93,3687.75,3703.93,11620,122,0
2020-12-27,3712.19,3713.21,3709.3,3711.16,646,138,0
2020-12-28,3711.17,3743.27,3706.09,3743.27,14929,120,0
2020-12-29,3743.3,3756.08,3723.78,3730.64,16543,126,0
2020-12-30,3730.62,3747.14,3725.62,3735.21,16626,122,0
2020-12-31,3735.21,3760.98,3723.74,3752.79,11770,125,0
2021-01-03,3760.3,3761.05,3756.39,3757.62,575,140,0
2021-01-04,3757.38,3781.7,3660.84,3701.27,31572,129,0
2021-01-05,3701.27,3737.44,3681.15,3721.98,30909,129,0
2021-01-06,3722.2,3782.48,3693.45,3756.68,48861,133,0
2021-01-07,3756.49,3810.89,3749.16,3806.2,28329,134,0
2021-01-08,3806.48,3826.03,3782.11,3823.77,27115,129,0
2021-01-10,3820.47,3821.19,3814.77,3816.52,755,138,0
2021-01-11,3816.53,3820.31,3783.21,3803.98,30066,130,0
2021-01-12,3803.98,3813.42,3774.54,3802.64,25612,133,0
2021-01-13,3802.87,3819.63,3783.02,3812.47,19662,129,0
2021-01-14,3812.3,3823.5,3792.17,3801.01,19733,127,0
2021-01-15,3800.8,3801.76,3747.19,3768.05,30268,132,0
2021-01-17,3766.74,3766.74,3755.81,3756.55,744,140,0
2021-01-18,3756.33,3780.01,3749.75,3779.73,14972,127,0
2021-01-19,3779.52,3810.55,3779.44,3810.55,18506,126,0
2021-01-20,3810.32,3859.18,3795.56,3854.53,17415,128,0
2021-01-21,3854.75,3865.99,3843.14,3850.45,16659,127,0
2021-01-22,3850.43,3854.76,3819.95,3838.89,20299,131,0
2021-01-24,3849.36,3849.93,3847.95,3848.21,310,149,0
2021-01-25,3848.22,3860.37,3795.7,3852.67,26467,125,0
2021-01-26,3852.66,3869.52,3828.92,3854.44,24032,129,0
2021-01-27,3854.47,3856.26,3710.92,3716.04,40519,132,0
2021-01-28,3715.94,3830.41,3713.64,3772.98,50999,132,0
2021-01-29,3773.35,3782.88,3692.14,3709.97,58010,137,0
2021-01-31,3677.03,3686.34,3675.85,3683.67,1356,146,0
2021-02-01,3683.22,3783.43,3682.99,3776.6,41219,131,0
2021-02-02,3776.54,3842.62,3766.99,3835.73,28343,131,0
2021-02-03,3835.93,3850.35,3814.99,3839.92,25328,130,0
2021-02-04,3840.07,3873.92,3818.91,3872.67,21868,131,0
2021-02-05,3872.67,3894.82,3866.61,3886.61,17827,132,0
2021-02-07,3897.33,3899.83,3894.64,3897.08,507,144,0
2021-02-08,3897.1,3916.25,3892.37,3916.21,15633,124,0
2021-02-09,3916.15,3918.2,3901.16,3915.32,14671,126,0
2021-02-10,3915.25,3934.31,3884.4,3911.41,20609,127,0
2021-02-11,3911.41,3925.51,3889.89,3916.07,19842,130,0
2021-02-12,3916.5,3937.71,3895.58,3935.86,14585,130,0
2021-02-14,3943.11,3943.84,3940.85,3941.6,312,132,0
2021-02-15,3941.81,3957.26,3941.25,3951.9,8271,127,0
2021-02-16,3951.86,3963.82,3923.56,3925.36,19744,127,0
2021-02-17,3925.36,3936.7,3901.17,3934.89,25687,133,0
2021-02-18,3935.12,3940.16,3884.89,3909.63,27638,134,0
2021-02-19,3909.57,3935.12,3894.45,3907.75,24953,131,0
2021-02-21,3899.54,3908.05,3899.54,3907.57,617,153,0
2021-02-22,3907.57,3917.88,3865.12,3882.36,31928,133,0
2021-02-23,3882.57,3899.83,3808.4,3877.51,40641,134,0
2021-02-24,3877.1,3937.82,3855.87,3936.58,41505,135,0
2021-02-25,3936.51,3937.39,3813.81,3823.8,46536,131,0
2021-02-26,3823.55,3861.34,3788.06,3808.74,64112,137,0
2021-02-28,3833.29,3839.51,3831.54,3839.26,938,146,0
2021-03-01,3839.5,3915.0,3836.26,3907.05,31574,131,0
2021-03-02,3907.05,3908.79,3868.77,3879.66,38625,130,0
2021-03-03,3879.76,3900.89,3798.22,3798.44,38554,130,0
2021-03-04,3798.68,3844.14,3722.88,3760.28,61288,130,0
2021-03-05,3760.36,3852.05,3730.88,3840.33,62122,133,0
2021-03-07,3863.78,3866.83,3853.28,3856.14,905,144,0
2021-03-08,3855.91,3881.11,3798.62,3840.15,56337,135,0
2021-03-09,3840.04,3903.0,3828.28,3878.04,40804,132,0
2021-03-10,3877.82,3917.47,3858.58,3901.66,42308,129,0
2021-03-11,3901.87,3959.81,3894.68,3942.16,30446,127,0
2021-03-12,3941.99,3947.6,3911.13,3943.96,32223,126,0
2021-03-14,3947.17,3954.71,3942.38,3952.21,1407,141,0
2021-03-15,3952.21,3967.9,3923.74,3962.36,24813,131,0
2021-03-16,3962.36,3981.09,3953.35,3965.11,21800,128,0
2021-03-17,3965.11,3983.56,3935.58,3982.77,27867,129,0
2021-03-18,3982.98,3988.64,3910.95,3919.95,33731,130,0
2021-03-19,3919.72,3933.42,3885.14,3912.19,33950,131,0
2021-03-21,3900.52,3908.71,3899.26,3906.54,1349,136,0
2021-03-22,3906.32,3954.48,3895.42,3946.59,26032,126,0
2021-03-23,3946.71,3948.6,3900.7,3909.02,28403,130,0
2021-03-24,3909.26,3941.47,3891.54,3896.19,30145,132,0
2021-03-25,3896.19,3921.16,3853.21,3917.2,36068,131,0
2021-03-26,3917.2,3968.82,3911.96,3968.82,24778,131,0
2021-03-28,3967.45,3969.66,3961.22,3961.37,1041,140,0
2021-03-29,3961.36,3981.11,3939.25,3975.79,31461,133,0
2021-03-30,3975.79,3975.79,3943.69,3960.34,24855,131,0
2021-03-31,3960.37,3993.32,3951.14,3980.38,17797,130,0
2021-04-01,3980.38,4026.48,3974.15,4025.75,14956,127,0
2021-04-02,4025.75,4047.24,4024.0,4036.67,4422,129,0
2021-04-04,4034.16,4042.56,4031.72,4041.39,1024,152,0
2021-04-05,4041.39,4083.16,4030.2,4080.28,10632,134,0
2021-04-06,4080.27,4085.16,4061.55,4080.17,16034,131,0
2021-04-07,4080.17,4090.95,4065.71,4087.98,15045,132,0
2021-04-08,4088.19,4107.81,4081.29,4107.81,12517,136,0
2021-04-09,4107.81,4127.69,4089.43,4126.93,12834,133,0
2021-04-11,4124.04,4125.79,4118.79,4118.79,1116,144,0
2021-04-12,4119.03,4131.75,4112.81,4129.53,15459,136,0
2021-04-13,4129.76,4148.03,4109.93,4138.67,14723,132,0
2021-04-14,4138.84,4151.74,4121.07,4131.06,15111,133,0
2021-04-15,4131.06,4174.76,4127.6,4171.15,13851,141,0
2021-04-16,4171.05,4191.53,4162.67,4186.02,13516,137,0
2021-04-18,4174.75,4176.79,4172.58,4172.75,430,155,0
2021-04-19,4172.6,4182.89,4150.38,4170.15,17489,128,0
2021-04-20,4170.35,4175.41,4118.87,4130.63,21980,137,0
2021-04-21,4130.64,4175.08,4121.32,4162.86,18141,138,0
2021-04-22,4162.86,4179.54,4123.23,4137.82,21900,136,0
2021-04-23,4137.82,4194.55,4135.52,4180.33,15024,136,0
2021-04-25,4178.87,4180.63,4174.16,4174.66,568,153,0
2021-04-26,4174.66,4193.93,4171.96,4191.44,14209,136,0
2021-04-27,4191.4,4198.86,4174.91,4188.24,13406,131,0
2021-04-28,4188.4,4201.83,4180.95,4196.5,13742,133,0
2021-04-29,4196.26,4218.72,4176.07,4204.55,16072,123,0
2021-04-30,4204.77,4206.3,4175.03,4179.86,18469,124,0
2021-05-02,4194.42,4196.16,4193.17,4195.67,598,137,0
2021-05-03,4195.67,4210.05,4186.59,4187.59,15307,134,0
2021-05-04,4187.35,4192.35,4128.39,4167.33,23537,135,0
2021-05-05,4167.38,4187.58,4160.86,4167.9,17444,140,0
2021-05-06,4167.68,4202.46,4147.59,4200.97,25683,136,0
2021-05-07,4200.97,4238.93,4198.47,4232.38,18538,138,0
2021-05-09,4235.46,4239.73,4234.7,4238.73,568,145,0
2021-05-10,4238.5,4244.77,4186.09,4190.18,19277,132,0
2021-05-11,4189.99,4191.69,4110.63,4152.65,37902,140,0
2021-05-12,4152.65,4156.65,4057.55,4070.29,43164,133,0
2021-05-13,4070.15,4131.96,4034.79,4118.73,43215,138,0
2021-05-14,4118.73,4183.22,4116.8,4175.15,27287,132,0
2021-05-16,4176.13,4177.5,4174.3,4175.53,657,150,0
2021-05-17,4175.49,4176.45,4141.8,4169.57,32060,130,0
2021-05-18,4169.55,4183.95,4113.19,4113.19,20940,126,0
2021-05-19,4113.32,4125.8,4059.91,4104.61,39802,134,0
2021-05-20,4104.72,4172.81,4088.2,4164.78,26088,129,0
2021-05-21,4165.01,4188.44,4150.81,4153.99,23449,132,0
2021-05-23,4152.08,4158.6,4149.08,4152.89,1319,145,0
2021-05-24,4153.32,4209.35,4152.89,4204.42,18598,133,0
2021-05-25,4204.34,4215.87,4182.59,4197.15,19409,130,0
2021-05-26,4197.0,4207.38,4183.9,4195.78,16840,129,0
2021-05-27,4195.54,4218.71,4180.75,4217.16,19037,128,0
2021-05-28,4217.16,4220.16,4205.11,4205.59,13068,131,0
2021-05-30,4210.84,4213.09,4208.4,4210.22,712,145,0
2021-05-31,4210.39,4212.65,4192.69,4203.64,9472,129,0
2021-06-01,4203.37,4232.48,4193.13,4198.11,16631,133,0
2021-06-02,4198.15,4217.1,4193.9,4209.94,16712,131,0
2021-06-03,4210.16,4214.95,4166.9,4187.75,19689,129,0
2021-06-04,4188.13,4233.19,4178.75,4229.94,17018,133,0
2021-06-06,4230.68,4231.47,4228.69,4230.48,667,148,0
2021-06-07,4230.34,4234.03,4215.6,4227.43,15070,129,0
2021-06-08,4227.43,4238.15,4207.44,4227.31,16307,135,0
2021-06-09,4227.29,4236.32,4220.08,4222.85,12893,133,0
2021-06-10,4222.79,4250.04,4208.2,4238.82,16467,124,0
2021-06-11,4239.03,4249.04,4232.16,4246.5,10380,129,0
2021-06-13,4250.55,4251.32,4248.31,4250.08,391,146,0
2021-06-14,4250.28,4256.86,4234.1,4254.23,10448,132,0
2021-06-15,4254.24,4267.9,4238.22,4246.8,12093,129,0
2021-06-16,4246.87,4251.28,4201.25,4206.23,16723,126,0
2021-06-17,4206.23,4231.9,4192.73,4225.11,24185,134,0
2021-06-18,4224.94,4229.49,4170.82,4171.95,24585,130,0
2021-06-20,4155.79,4162.03,4155.54,4159.6,1294,153,0
2021-06-21,4159.6,4231.18,4136.62,4227.2,28338,133,0
2021-06-22,4227.42,4255.08,4215.7,4247.52,18947,122,0
2021-06-23,4247.49,4258.03,4240.52,4246.61,15897,123,0
2021-06-24,4246.61,4271.08,4246.35,4268.98,13297,120,0
2021-06-25,4268.98,4285.89,4263.09,4282.39,12593,126,0
2021-06-27,4287.22,4287.43,4284.7,4286.54,643,136,0
2021-06-28,4286.54,4291.24,4273.76,4286.49,13825,127,0
2021-06-29,4286.49,4299.85,4280.77,4297.38,13270,127,0
2021-06-30,4297.38,4304.59,4278.62,4303.76,15101,127,0
2021-07-01,4303.85,4320.29,4295.31,4318.1,14229,129,0
2021-07-02,4318.24,4355.25,4317.86,4350.7,13220,130,0
2021-07-04,4349.56,4350.81,4347.07,4347.97,510,142,0
2021-07-05,4347.99,4356.14,4341.85,4355.15,9660,130,0
2021-07-06,4355.15,4356.92,4314.61,4336.94,17314,127,0
2021-07-07,4336.95,4361.84,4329.58,4358.67,18975,131,0
2021-07-08,4358.6,4360.25,4287.97,4316.97,30718,133,0
2021-07-09,4317.16,4371.97,4301.86,4367.92,21287,140,0
2021-07-11,4371.24,4373.52,4368.51,4371.9,724,146,0
2021-07-12,4371.63,4387.19,4350.49,4385.97,16869,136,0
2021-07-13,4385.96,4392.39,4363.25,4363.75,15784,126,0
2021-07-14,4363.69,4392.41,4358.06,4375.82,18206,137,0
2021-07-15,4375.77,4378.06,4340.56,4351.57,22769,136,0
2021-07-16,4351.34,4375.74,4322.26,4325.49,20977,133,0
2021-07-18,4320.73,4324.2,4311.38,4315.83,1299,148,0
2021-07-19,4315.83,4317.28,4232.03,4269.87,35127,140,0
2021-07-20,4269.64,4336.33,4260.53,4332.18,28084,138,0
2021-07-21,4332.18,4364.3,4317.51,4361.82,23297,136,0
2021-07-22,4361.82,4377.91,4348.88,4376.44,16590,130,0
2021-07-23,4376.44,4414.61,4374.46,4410.57,12994,129,0
2021-07-25,4409.39,4412.18,4408.35,4409.71,659,138,0
2021-07-26,4409.7,4421.62,4382.66,4418.66,18425,134,0
2021-07-27,4418.43,4419.83,4371.84,4399.18,23632,137,0
2021-07-28,4399.13,4414.56,4384.93,4400.88,26909,139,0
2021-07-29,4400.8,4429.42,4387.48,4393.65,16654,137,0
2021-07-30,4393.42,4411.35,4377.39,4394.66,23123,140,0
2021-08-01,4410.25,4415.12,4409.93,4413.49,786,155,0
2021-08-02,4413.39,4426.31,4383.98,4392.97,19299,136,0
2021-08-03,4392.76,4421.43,4371.99,4415.06,19800,135,0
2021-08-04,4415.1,4421.87,4398.29,4404.31,14753,134,0
2021-08-05,4404.38,4427.09,4400.68,4423.04,11480,127,0
2021-08-06,4422.92,4439.12,4422.31,4436.07,10695,126,0
2021-08-08,4433.12,4433.33,4419.75,4422.05,1117,148,0
2021-08-09,4422.03,4438.57,4419.34,4432.08,12083,128,0
2021-08-10,4431.86,4444.8,4423.4,4434.49,10932,133,0
2021-08-11,4434.54,4449.9,4427.72,4445.08,11677,133,0
2021-08-12,4444.9,4461.7,4436.05,4458.0,8908,132,0
2021-08-13,4458.4,4467.34,4456.73,4465.21,7653,129,0
2021-08-15,4462.43,4463.91,4461.5,4462.71,374,140,0
2021-08-16,4462.63,4478.8,4437.67,4475.97,13624,131,0
2021-08-17,4475.92,4476.22,4416.92,4437.63,19430,131,0
2021-08-18,4438.04,4453.55,4393.42,4395.34,17450,132,0
2021-08-19,4395.25,4418.85,4352.21,4398.54,31249,137,0
2021-08-20,4398.6,4444.57,4376.08,4442.01,24212,138,0
2021-08-22,4443.1,4446.37,4442.73,4443.83,621,147,0
2021-08-23,4443.96,4489.39,4443.33,4487.21,14407,134,0
2021-08-24,4487.36,4495.74,4480.71,4485.36,11146,128,0
2021-08-25,4485.12,4501.52,4480.16,4495.94,10951,133,0
2021-08-26,4496.15,4496.46,4468.0,4469.58,16912,135,0
2021-08-27,4469.38,4513.71,4465.6,4508.03,12267,138,0
2021-08-29,4512.59,4516.83,4511.09,4514.34,426,154,0
2021-08-30,4514.57,4538.03,4504.64,4530.63,8102,140,0
2021-08-31,4530.4,4545.35,4516.1,4531.29,14179,136,0
2021-09-01,4531.32,4542.86,4522.3,4525.6,10585,138,0
2021-09-02,4525.37,4545.92,4518.36,4537.01,10674,138,0
2021-09-03,4536.96,4551.12,4521.5,4536.91,11889,138,0
2021-09-05,4533.74,4534.0,4529.99,4530.27,484,152,0
2021-09-06,4530.04,4550.21,4526.03,4541.17,6102,138,0
2021-09-07,4541.14,4542.96,4513.09,4516.73,11673,141,0
2021-09-08,4516.52,4526.77,4494.62,4510.14,17717,140,0
2021-09-09,4510.34,4530.89,4487.58,4492.68,17762,151,0
2021-09-10,4492.86,4519.82,4458.97,4461.02,16773,141,0
2021-09-12,4470.98,4478.15,4469.56,4477.12,675,156,0
2021-09-13,4477.36,4495.28,4447.03,4477.26,22325,139,0
2021-09-14,4477.02,4489.91,4436.6,4452.47,18297,138,0
2021-09-15,4452.25,4488.55,4438.6,4486.37,17088,138,0
2021-09-16,4485.93,4488.84,4444.12,4468.42,16366,150,0
2021-09-17,4468.21,4483.39,4427.39,4436.73,20028,142,0
2021-09-19,4418.32,4427.25,4417.7,4426.9,979,152,0
2021-09-20,4426.91,4428.84,4305.05,4366.71,35547,147,0
2021-09-21,4366.87,4406.17,4341.8,4342.18,31116,145,0
2021-09-22,4341.75,4416.85,4332.14,4402.85,28362,146,0
2021-09-23,4402.99,4465.54,4401.37,4451.5,21743,143,0
2021-09-24,4451.3,4463.41,4421.57,4457.41,21673,145,0
2021-09-26,4462.5,4463.25,4458.53,4462.76,762,149,0
2021-09-27,4463.0,4482.49,4435.95,4440.25,20255,141,0
2021-09-28,4440.49,4452.16,4345.21,4365.49,32701,146,0
2021-09-29,4365.47,4388.75,4354.47,4372.16,31546,146,0
2021-09-30,4371.91,4398.23,4308.95,4314.98,30797,144,0
2021-10-01,4314.72,4375.32,4270.08,4353.71,36014,153,0
2021-10-03,4369.89,4371.41,4366.24,4367.75,1334,155,0
2021-10-04,4367.33,4368.22,4277.36,4302.68,39381,145,0
2021-10-05,4302.75,4369.96,4280.64,4338.57,30223,146,0
2021-10-06,4338.81,4380.85,4284.26,4375.05,39845,143,0
2021-10-07,4374.7,4430.56,4372.39,4409.8,24149,143,0
2021-10-08,4409.57,4417.18,4385.92,4393.38,26370,140,0
2021-10-10,4384.39,4384.7,4362.18,4368.15,1968,164,0
2021-10-11,4368.0,4417.12,4351.67,4357.75,28716,144,0
2021-10-12,4357.89,4374.66,4327.23,4337.47,32365,140,0
2021-10-13,4337.91,4373.79,4328.68,4371.82,27691,140,0
2021-10-14,4371.42,4447.96,4371.32,4446.06,17965,136,0
2021-10-15,4445.81,4476.64,4436.03,4473.35,18018,138,0
2021-10-17,4469.91,4470.25,4461.77,4462.04,1433,150,0
2021-10-18,4462.05,4489.47,4445.71,4487.12,19431,142,0
2021-10-19,4487.11,4526.6,4482.15,4525.36,15697,138,0
2021-10-20,4525.78,4541.73,4513.97,4530.08,14626,137,0
2021-10-21,4530.18,4552.43,4519.81,4539.22,16317,135,0
2021-10-22,4539.51,4560.93,4525.03,4547.13,18978,139,0
2021-10-24,4540.37,4540.37,4532.13,4535.21,1186,153,0
2021-10-25,4535.4,4576.83,4535.26,4575.92,15401,139,0
2021-10-26,4576.09,4599.32,4570.38,4578.84,16128,138,0
2021-10-27,4578.81,4585.65,4553.28,4563.01,19790,139,0
2021-10-28,4562.87,4596.47,4554.61,4583.43,18578,141,0
2021-10-29,4583.83,4609.52,4568.18,4608.86,20001,141,0
2021-10-31,4621.64,4621.77,4611.52,4618.99,1103,161,0
2021-11-01,4619.34,4628.2,4595.46,4612.12,14188,143,0
2021-11-02,4612.36,4635.72,4602.42,4630.18,13354,145,0
2021-11-03,4630.13,4669.08,4622.5,4668.0,12247,143,0
2021-11-04,4667.91,4685.84,4659.71,4685.75,11932,142,0
2021-11-05,4685.39,4720.03,4676.16,4699.11,14674,143,0
2021-11-07,4695.03,4697.99,4692.79,4693.07,346,166,0
2021-11-08,4693.11,4715.42,4685.44,4697.0,15191,145,0
2021-11-09,4697.02,4708.67,4672.01,4679.27,18003,144,0
2021-11-10,4679.51,4687.5,4632.79,4649.22,22056,147,0
2021-11-11,4649.26,4668.8,4648.09,4658.12,15253,144,0
2021-11-12,4658.15,4690.28,4650.97,4684.54,13191,148,0
2021-11-14,4693.7,4694.36,4691.51,4691.82,252,162,0
2021-11-15,4691.92,4704.22,4673.98,4686.33,12750,143,0
2021-11-16,4686.5,4716.31,4677.64,4705.02,12822,148,0
2021-11-17,4705.0,4706.76,4685.26,4693.91,10977,143,0
2021-11-18,4694.15,4712.12,4673.63,4710.29,13369,149,0
2021-11-19,4710.19,4728.75,4689.91,4699.52,20403,150,0
2021-11-21,4706.87,4707.05,4701.93,4702.16,239,171,0
2021-11-22,4702.39,4746.19,4688.75,4692.31,17060,149,0
2021-11-23,4692.55,4702.45,4656.26,4689.33,30147,154,0
2021-11-24,4689.59,4709.92,4663.32,4708.86,27083,147,0
2021-11-25,4709.04,4723.93,4692.94,4694.66,9191,137,0
2021-11-26,4694.57,4694.67,4584.29,4586.53,37512,155,0
2021-11-28,4629.14,4633.66,4624.29,4631.74,1114,177,0
2021-11-29,4631.5,4676.08,4626.57,4668.84,31441,153,0
2021-11-30,4669.02,4673.42,4562.53,4589.81,45075,148,0
2021-12-01,4589.78,4655.81,4519.85,4531.4,38503,151,0
2021-12-02,4531.45,4598.1,4510.09,4565.95,49103,157,0
2021-12-03,4566.12,4610.54,4496.68,4542.03,46944,152,0
2021-12-05,4554.62,4563.37,4552.85,4561.23,716,165,0
2021-12-06,4561.27,4615.7,4535.98,4598.42,40581,151,0
2021-12-07,4598.5,4696.69,4591.77,4693.65,25906,149,0
2021-12-08,4693.87,4715.94,4676.17,4700.32,29130,148,0
2021-12-09,4700.27,4709.89,4670.83,4676.85,24169,147,0
2021-12-10,4677.1,4717.06,4668.81,4716.07,22966,143,0
2021-12-12,4722.56,4726.79,4721.5,4725.72,485,162,0
2021-12-13,4725.48,4736.55,4672.78,4677.34,24569,146,0
2021-12-14,4677.41,4689.15,4608.88,4639.6,31470,146,0
2021-12-15,4639.96,4723.99,4614.44,4720.33,31475,148,0
2021-12-16,4720.13,4755.53,4653.85,4670.17,33422,154,0
2021-12-17,4670.1,4679.32,4601.67,4626.58,42933,152,0
2021-12-19,4611.17,4611.8,4594.6,4595.89,909,173,0
2021-12-20,4596.33,4603.81,4531.8,4590.21,46805,151,0
2021-12-21,4590.2,4651.14,4577.36,4648.77,29649,148,0
2021-12-22,4648.52,4703.48,4633.5,4701.99,23180,145,0
2021-12-23,4701.57,4742.37,4695.8,4731.2,13403,145,0
2021-12-26,4732.58,4735.61,4731.63,4733.69,407,159,0
2021-12-27,4733.87,4793.18,4724.37,4789.77,14971,147,0
2021-12-28,4789.84,4809.19,4782.0,4797.61,17439,148,0
2021-12-29,4797.59,4807.0,4781.57,4791.42,16155,147,0
2021-12-30,4791.17,4810.64,4778.15,4783.98,14197,149,0
2021-12-31,4784.0,4789.14,4761.68,4778.68,14806,154,0
2022-01-02,4785.64,4786.47,4783.36,4785.79,316,180,0
2022-01-03,4786.07,4802.11,4758.42,4793.76,20582,146,0
2022-01-04,4793.57,4818.63,4775.57,4788.64,19147,147,0
2022-01-05,4788.55,4798.33,4702.59,4707.51,24912,152,0
2022-01-06,4707.79,4724.87,4671.51,4707.79,39908,155,0
2022-01-07,4708.03,4714.34,4662.76,4679.76,30719,152,0
2022-01-09,4660.48,4668.21,4658.75,4666.27,655,168,0
2022-01-10,4666.41,4690.15,4581.54,4673.77,35884,153,0
2022-01-11,4674.02,4713.98,4636.2,4712.96,33322,150,0
2022-01-12,4712.72,4748.36,4704.26,4725.31,28155,150,0
2022-01-13,4725.56,4743.7,4650.18,4663.19,28389,150,0
2022-01-14,4662.74,4674.45,4613.47,4664.53,40969,153,0
2022-01-16,4667.89,4671.38,4664.42,4664.48,822,169,0
2022-01-17,4664.62,4674.22,4647.02,4664.75,19496,134,0
2022-01-18,4664.91,4669.54,4568.1,4576.08,40303,149,0
2022-01-19,4576.18,4610.33,4522.46,4523.44,40905,151,0
2022-01-20,4523.88,4601.66,4456.73,4469.65,38313,148,0
2022-01-21,4469.98,4494.07,4393.87,4411.54,57453,157,0
2022-01-23,4412.75,4422.25,4410.65,4421.93,1019,162,0
2022-01-24,4422.17,4434.72,4220.57,4408.98,68708,148,0
2022-01-25,4409.16,4411.62,4283.78,4364.86,70714,154,0
2022-01-26,4364.79,4452.65,4301.68,4373.09,61534,148,0
2022-01-27,4372.77,4428.23,4270.65,4342.18,73334,155,0
2022-01-28,4342.0,4427.06,4272.77,4426.99,67813,148,0
2022-01-30,4421.97,4422.5,4409.54,4419.05,1041,155,0
2022-01-31,4419.08,4513.91,4402.59,4499.79,44634,147,0
2022-02-01,4500.05,4558.79,4480.73,4557.82,42342,145,0
2022-02-02,4558.06,4592.39,4536.28,4537.43,35700,145,0
2022-02-03,4537.47,4550.31,4468.53,4524.29,40645,148,0
2022-02-04,4524.38,4537.54,4444.58,4501.9,47555,152,0
2022-02-06,4503.25,4505.21,4501.29,4504.03,656,157,0
2022-02-07,4504.08,4520.75,4469.26,4492.23,43780,149,0
2022-02-08,4492.31,4530.07,4462.3,4529.83,36117,139,0
2022-02-09,4525.03,4587.39,4524.1,4585.32,24322,147,0
2022-02-10,4585.57,4589.25,4482.16,4490.46,38340,145,0
2022-02-11,4490.69,4525.84,4399.63,4421.48,50060,151,0
2022-02-13,4410.82,4426.4,4410.47,4422.94,902,166,0
2022-02-14,4423.15,4432.97,4359.55,4407.88,58413,145,0
2022-02-15,4408.12,4472.53,4386.72,4456.95,41103,146,0
2022-02-16,4456.97,4488.11,4427.16,4465.28,36286,142,0
2022-02-17,4465.05,4471.7,4371.76,4381.82,40054,148,0
2022-02-18,4381.57,4414.54,4324.02,4346.92,43302,148,0
2022-02-20,4325.86,4330.2,4323.54,4325.51,855,159,0
2022-02-21,4325.07,4393.73,4252.91,4274.72,40564,145,0
2022-02-22,4274.79,4361.3,4263.08,4327.16,61242,146,0
2022-02-23,4327.21,4348.53,4217.17,4220.79,42682,145,0
2022-02-24,4220.51,4292.77,4104.41,4263.42,84093,154,0
2022-02-25,4263.59,4383.66,4230.47,4380.71,57954,148,0
2022-02-27,4284.92,4307.01,4283.71,4286.8,1665,164,0
2022-02-28,4286.9,4387.74,4261.32,4380.03,63453,150,0
2022-03-01,4380.05,4400.74,4277.83,4319.57,54216,151,0
2022-03-02,4319.61,4400.72,4280.79,4376.86,55148,150,0
2022-03-03,4377.11,4420.39,4343.34,4373.61,45813,147,0
2022-03-04,4373.52,4375.83,4283.34,4328.56,63285,152,0
2022-03-06,4274.25,4284.32,4264.97,4271.32,1363,168,0
2022-03-07,4271.04,4326.82,4183.31,4188.19,63695,145,0
2022-03-08,4187.93,4276.46,4140.61,4170.67,71116,147,0
2022-03-09,4170.25,4299.37,4165.93,4276.85,57573,145,0
2022-03-10,4277.08,4282.53,4207.86,4264.64,50158,146,0
2022-03-11,4264.91,4335.75,4204.62,4204.62,45720,144,0
2022-03-13,4219.8,4238.83,4217.69,4232.85,2419,163,0
2022-03-14,4232.65,4253.66,4161.56,4182.06,47744,146,0
2022-03-15,4182.13,4271.99,4138.63,4257.19,46885,140,0
2022-03-16,4257.41,4366.68,4248.51,4365.47,47074,142,0
2022-03-17,4365.25,4408.63,4329.16,4388.23,41293,148,0
2022-03-18,4388.58,4465.35,4373.26,4459.05,34899,147,0
2022-03-20,4466.77,4468.83,4459.84,4460.43,1294,158,0
2022-03-21,4460.65,4481.1,4423.43,4453.7,35020,142,0
2022-03-22,4453.29,4522.81,4441.43,4517.99,27594,146,0
2022-03-23,4517.97,4521.99,4456.15,4460.41,29051,146,0
2022-03-24,4460.22,4520.93,4453.66,4518.01,29138,145,0
2022-03-25,4518.36,4546.61,4501.33,4539.6,28837,150,0
2022-03-27,4541.94,4542.44,4534.75,4534.75,1177,160,0
2022-03-28,4534.52,4579.46,4518.04,4575.72,29843,145,0
2022-03-29,4576.11,4638.66,4573.25,4629.28,29110,145,0
2022-03-30,4629.04,4634.65,4582.26,4605.73,25709,151,0
2022-03-31,4605.98,4621.01,4540.11,4549.43,24702,146,0
2022-04-01,4549.4,4562.48,4508.48,4548.53,25675,146,0
2022-04-03,4543.05,4544.58,4536.34,4538.09,1000,155,0
2022-04-04,4538.12,4584.67,4535.11,4580.04,20447,149,0
2022-04-05,4579.93,4594.73,4514.58,4529.73,21818,141,0
2022-04-06,4529.61,4534.72,4451.39,4467.93,32605,149,0
2022-04-07,4467.36,4522.09,4450.8,4507.97,33212,146,0
2022-04-08,4507.66,4525.92,4474.95,4487.07,27407,146,0
2022-04-10,4492.01,4494.05,4482.32,4482.58,1021,160,0
2022-04-11,4482.39,4487.76,4409.76,4412.71,34331,145,0
2022-04-12,4412.49,4472.55,4381.74,4411.44,35740,150,0
2022-04-13,4411.24,4454.82,4389.4,4444.16,30566,146,0
2022-04-14,4444.04,4461.16,4392.25,4393.17,28245,146,0
2022-04-17,4382.52,4383.71,4362.33,4363.32,1564,158,0
2022-04-18,4363.08,4416.5,4361.78,4416.5,24295,143,0
2022-04-19,4416.25,4473.29,4378.03,4449.97,30363,146,0
2022-04-20,4449.83,4490.54,4439.77,4477.39,32365,145,0
2022-04-21,4477.37,4515.42,4381.27,4382.77,32420,145,0
2022-04-22,4382.52,4398.6,4273.35,4273.38,37893,149,0
2022-04-24,4265.1,4272.83,4257.17,4264.42,1982,160,0
2022-04-25,4264.2,4300.21,4201.13,4296.48,51958,145,0
2022-04-26,4296.3,4309.21,4169.3,4179.28,39353,144,0
2022-04-27,4179.46,4242.08,4162.92,4218.57,52055,148,0
2022-04-28,4218.67,4309.1,4188.4,4251.24,41379,143,0
2022-04-29,4251.49,4285.14,4124.57,4128.79,43016,146,0
2022-05-01,4125.67,4149.98,4122.61,4137.37,2742,154,0
2022-05-02,4137.47,4170.57,4061.92,4154.14,52558,147,0
2022-05-03,4154.19,4201.05,4134.84,4182.12,45737,148,0
2022-05-04,4181.9,4308.23,4148.69,4292.92,39982,145,0
2022-05-05,4292.97,4305.92,4104.62,4152.74,48470,147,0
2022-05-06,4153.14,4157.64,4067.12,4125.4,60312,145,0
2022-05-08,4099.07,4104.04,4080.48,4085.39,2297,159,0
2022-05-09,4085.21,4098.75,3975.67,4005.0,56887,142,0
2022-05-10,4004.79,4070.56,3958.89,3997.35,59876,140,0
2022-05-11,3996.96,4055.99,3929.39,3946.76,57857,137,0
2022-05-12,3946.27,3965.25,3859.24,3945.88,66844,141,0
2022-05-13,3945.67,4039.53,3941.58,4021.17,43188,141,0
2022-05-15,4039.41,4045.25,4032.85,4039.31,2002,147,0
2022-05-16,4039.56,4047.0,3983.39,4011.9,50198,144,0
2022-05-17,4012.14,4097.01,4007.24,4088.01,42656,139,0
2022-05-18,4088.24,4091.54,3900.37,3900.62,41324,134,0
2022-05-19,3900.38,3945.56,3858.38,3910.62,59100,142,0
2022-05-20,3910.98,3951.93,3810.19,3901.25,48707,139,0
2022-05-22,3924.61,3939.83,3920.44,3938.19,2169,148,0
2022-05-23,3937.91,3982.48,3908.78,3950.08,50552,137,0
2022-05-24,3949.83,3966.21,3874.42,3961.47,49454,132,0
2022-05-25,3961.05,4000.19,3916.53,3972.08,49663,138,0
2022-05-26,3971.69,4075.57,3963.06,4058.53,39437,137,0
2022-05-27,4058.28,4154.96,4043.24,4154.2,32075,138,0
2022-05-29,4162.65,4175.1,4161.96,4169.86,1450,149,0
2022-05-30,4169.63,4204.38,4163.08,4180.41,21820,137,0
2022-05-31,4180.65,4181.61,4105.09,4150.03,49008,142,0
2022-06-01,4150.27,4166.66,4073.85,4088.74,44822,140,0
2022-06-02,4088.97,4185.74,4073.9,4182.5,40344,141,0
2022-06-03,4182.27,4184.75,4097.44,4107.61,37515,141,0
2022-06-05,4106.9,4113.63,4105.27,4109.53,1320,144,0
2022-06-06,4109.18,4169.11,4105.56,4121.96,36519,137,0
2022-06-07,4122.09,4164.65,4076.82,4147.52,33914,140,0
2022-06-08,4147.46,4160.04,4105.87,4118.86,35566,136,0
2022-06-09,4118.87,4143.8,4016.76,4022.28,38050,137,0
2022-06-10,4022.67,4029.84,3899.06,3906.96,41751,135,0
2022-06-12,3870.97,3873.64,3859.61,3862.21,1720,151,0
2022-06-13,3862.46,3863.52,3735.09,3762.15,54103,136,0
2022-06-14,3762.06,3806.61,3707.9,3759.11,52416,140,0
2022-06-15,3758.89,3841.08,3722.52,3819.27,55347,133,0
2022-06-16,3819.05,3831.24,3640.28,3675.67,56377,135,0
2022-06-17,3675.54,3711.24,3637.26,3676.75,54707,133,0
2022-06-19,3692.94,3705.87,3692.56,3703.99,1992,137,0
2022-06-20,3703.78,3723.28,3660.34,3715.57,30996,120,0
2022-06-21,3715.35,3782.21,3711.51,3763.54,34345,126,0
2022-06-22,3763.78,3804.54,3692.25,3743.61,44137,130,0
2022-06-23,3743.37,3804.57,3734.26,3784.12,47126,130,0
2022-06-24,3783.82,3909.84,3780.86,3909.66,31891,129,0
2022-06-26,3902.75,3911.67,3898.73,3898.73,1843,144,0
2022-06-27,3898.5,3946.66,3891.18,3908.77,40421,137,0
2022-06-28,3908.7,3949.45,3822.03,3828.63,41509,135,0
2022-06-29,3828.45,3838.99,3800.03,3815.83,43928,134,0
2022-06-30,3815.61,3821.27,3740.14,3789.2,47092,135,0
2022-07-01,3789.4,3832.22,3744.03,3823.5,48818,134,0
2022-07-03,3822.75,3825.11,3809.28,3811.55,1465,137,0
2022-07-04,3811.3,3854.63,3793.12,3845.55,25277,126,0
2022-07-05,3845.74,3849.28,3742.45,3824.08,47395,126,0
2022-07-06,3824.49,3873.41,3807.53,3850.08,48691,133,0
2022-07-07,3850.25,3912.3,3831.08,3895.16,35076,135,0
2022-07-08,3895.39,3919.81,3866.34,3902.0,38883,134,0
2022-07-10,3889.86,3898.29,3888.44,3895.15,1405,144,0
2022-07-11,3895.12,3895.59,3848.38,3862.06,36151,133,0
2022-07-12,3862.05,3874.86,3803.27,3821.0,39003,131,0
2022-07-13,3820.77,3863.03,3750.78,3777.58,46894,131,0
2022-07-14,3777.31,3809.33,3721.3,3808.59,46268,132,0
2022-07-15,3808.35,3861.33,3778.2,3859.9,37029,132,0
2022-07-17,3868.22,3873.77,3867.01,3872.05,1111,143,0
2022-07-18,3872.18,3907.15,3817.98,3841.82,31256,128,0
2022-07-19,3842.03,3944.22,3832.18,3941.53,30296,129,0
2022-07-20,3941.32,3975.09,3920.7,3953.65,35000,134,0
2022-07-21,3953.85,3998.53,3927.59,3981.22,39863,136,0
2022-07-22,3980.99,4013.22,3938.9,3958.99,34667,134,0
2022-07-24,3958.12,3960.75,3954.39,3954.61,1351,143,0
2022-07-25,3954.84,3986.69,3944.2,3954.59,33624,133,0
2022-07-26,3954.35,3963.09,3911.86,3952.58,29912,132,0
2022-07-27,3952.56,4041.55,3946.14,4017.56,30056,129,0
2022-07-28,4017.85,4096.56,3993.55,4090.94,31351,131,0
2022-07-29,4090.53,4140.82,4078.0,4130.32,29766,132,0
2022-07-31,4116.35,4120.25,4112.4,4115.63,1488,149,0
2022-08-01,4115.26,4145.39,4095.59,4112.42,30035,133,0
2022-08-02,4112.96,4141.31,4079.09,4092.46,36178,133,0
2022-08-03,4092.34,4168.63,4083.28,4148.87,30949,135,0
2022-08-04,4148.76,4171.86,4134.83,4152.41,30900,134,0
2022-08-05,4152.93,4164.83,4102.39,4143.08,28373,133,0
2022-08-07,4137.75,4137.97,4130.24,4132.84,1267,126,0
2022-08-08,4132.82,4187.33,4128.92,4152.18,30078,120,0
2022-08-09,4151.85,4153.8,4112.21,4128.38,28567,119,0
2022-08-10,4128.2,4212.06,4112.88,4210.62,27142,122,0
2022-08-11,4210.6,4258.64,4200.96,4212.75,26664,122,0
2022-08-12,4212.94,4278.57,4206.33,4278.57,22121,124,0
2022-08-14,4272.39,4274.17,4267.18,4267.54,969,127,0
2022-08-15,4267.73,4302.13,4247.72,4293.39,19747,120,0
2022-08-16,4293.27,4325.75,4277.32,4305.5,22203,123,0
2022-08-17,4305.48,4313.02,4253.44,4267.2,30177,122,0
2022-08-18,4267.42,4293.66,4256.55,4284.72,26185,124,0
2022-08-19,4284.67,4286.14,4219.32,4231.2,25302,121,0
2022-08-21,4216.9,4217.9,4205.76,4208.11,1263,132,0
2022-08-22,4207.99,4219.76,4130.53,4151.11,27938,126,0
2022-08-23,4151.31,4160.09,4117.43,4127.33,31497,124,0
2022-08-24,4127.54,4156.65,4109.09,4143.94,28364,124,0
2022-08-25,4144.05,4198.47,4141.57,4194.75,26445,120,0
2022-08-26,4194.84,4215.46,4058.05,4061.61,32297,126,0
2022-08-28,4025.19,4029.37,4009.78,4012.76,1933,134,0
2022-08-29,4012.25,4063.33,4006.72,4040.98,39329,127,0
2022-08-30,4040.78,4072.18,3964.17,3986.52,39633,120,0
2022-08-31,3986.18,4016.72,3927.92,3934.59,45915,126,0
2022-09-01,3934.65,3969.15,3902.35,3967.98,44598,118,0
2022-09-02,3967.92,4017.67,3904.77,3917.29,42994,118,0
2022-09-04,3919.43,3933.61,3917.56,3932.71,1625,139,0
2022-09-05,3932.33,3945.99,3918.7,3939.26,28428,107,0
2022-09-06,3938.94,3962.52,3886.67,3906.32,45867,119,0
2022-09-07,3905.94,3988.9,3883.71,3977.31,42232,117,0
2022-09-08,3977.19,4011.9,3942.9,4009.43,42813,115,0
2022-09-09,4009.39,4078.06,4008.61,4069.8,29521,119,0
2022-09-11,4081.65,4084.22,4078.38,4078.88,979,128,0
2022-09-12,4078.58,4121.6,4064.34,4118.29,30185,118,0
2022-09-13,4118.17,4157.89,3923.32,3942.38,38753,120,0
2022-09-14,3942.08,3964.78,3912.78,3954.43,46835,121,0
2022-09-15,3953.95,3960.78,3873.71,3878.32,39393,118,0
2022-09-16,3878.22,3883.62,3837.3,3878.01,39467,116,0
2022-09-18,3871.86,3882.35,3871.04,3878.33,1580,144,0
2022-09-19,3878.35,3916.1,3831.06,3916.1,38432,118,0
2022-09-20,3915.82,3920.9,3828.36,3860.47,36957,117,0
2022-09-21,3860.39,3909.64,3765.58,3767.15,47049,116,0
2022-09-22,3766.84,3818.43,3749.21,3765.09,54314,118,0
2022-09-23,3764.79,3768.93,3645.96,3688.49,49115,112,0
2022-09-25,3697.47,3698.24,3681.97,3687.88,2619,124,0
2022-09-26,3687.52,3715.99,3644.11,3665.86,62019,117,0
2022-09-27,3665.93,3718.28,3622.11,3649.69,55047,118,0
2022-09-28,3649.93,3738.36,3601.01,3714.68,66837,113,0
2022-09-29,3715.15,3722.58,3609.18,3655.06,61010,114,0
2022-09-30,3655.39,3680.19,3584.92,3585.61,63206,114,0
2022-10-02,3588.93,3598.14,3568.46,3572.46,2900,127,0
2022-10-03,3572.64,3698.8,3559.24,3689.51,55432,114,0
2022-10-04,3689.69,3792.39,3687.27,3784.21,48273,113,0
2022-10-05,3783.92,3807.86,3722.94,3798.75,46209,116,0
2022-10-06,3798.84,3806.62,3731.6,3733.58,52074,113,0
2022-10-07,3733.18,3752.13,3620.39,3642.55,48989,113,0
2022-10-09,3615.29,3625.68,3606.79,3622.32,2843,130,0
2022-10-10,3622.46,3655.86,3589.01,3621.39,48556,113,0
2022-10-11,3620.9,3642.95,3569.14,3594.67,60618,114,0
2022-10-12,3594.24,3624.84,3575.47,3587.85,60348,110,0
2022-10-13,3587.16,3687.43,3491.89,3669.92,59878,111,0
2022-10-14,3669.19,3723.56,3581.83,3582.52,64617,116,0
2022-10-16,3598.99,3607.17,3595.47,3605.98,2122,119,0
2022-10-17,3605.45,3713.37,3596.91,3710.82,46804,112,0
2022-10-18,3710.51,3767.92,3688.31,3754.57,52864,116,0
2022-10-19,3754.25,3765.15,3668.26,3687.76,52624,113,0
2022-10-20,3688.0,3738.25,3647.58,3652.84,55121,112,0
2022-10-21,3653.15,3760.05,3633.23,3753.16,55294,110,0
2022-10-23,3790.54,3793.07,3778.41,3778.45,3309,138,0
2022-10-24,3778.27,3813.57,3728.67,3801.63,59469,115,0
2022-10-25,3801.85,3866.09,3782.21,3824.67,42348,111,0
2022-10-26,3824.74,3889.48,3816.37,3852.97,45923,118,0
2022-10-27,3852.52,3862.52,3784.91,3786.41,51186,116,0
2022-10-28,3786.84,3908.33,3768.22,3901.06,44690,114,0
2022-10-30,3896.97,3903.6,3896.24,3897.99,1732,143,0
2022-10-31,3898.01,3902.12,3865.08,3881.22,37627,117,0
2022-11-01,3881.28,3920.33,3845.61,3858.27,39673,114,0
2022-11-02,3858.53,3898.27,3748.89,3752.19,45327,110,0
2022-11-03,3752.17,3775.05,3697.51,3713.67,46438,114,0
2022-11-04,3713.91,3798.13,3704.28,3766.19,51666,112,0
2022-11-06,3748.5,3748.5,3745.52,3746.28,632,142,0
2022-11-07,3746.22,3816.45,3745.67,3811.17,42627,114,0
2022-11-08,3811.19,3861.76,3787.87,3834.6,34649,111,0
2022-11-09,3834.37,3844.08,3744.58,3752.11,47177,116,0
2022-11-10,3751.66,3969.16,3746.38,3966.68,44712,112,0
2022-11-11,3966.39,4004.46,3946.0,3993.05,43941,119,0
2022-11-13,3984.61,3988.57,3980.37,3986.62,705,155,0
2022-11-14,3986.6,4012.47,3960.53,3969.03,37621,121,0
2022-11-15,3969.15,4045.58,3955.26,3990.48,48153,116,0
2022-11-16,3990.36,4010.39,3956.9,3971.06,43578,116,0
2022-11-17,3971.12,3984.61,3907.4,3948.79,38491,114,0
2022-11-18,3949.22,3989.11,3937.7,3966.16,37160,115,0
2022-11-20,3965.36,3966.19,3963.52,3964.76,529,143,0
2022-11-21,3964.81,3966.3,3935.59,3955.71,32026,115,0
2022-11-22,3955.95,4008.06,3941.54,4007.57,27654,113,0
2022-11-23,4007.58,4037.96,3998.71,4037.72,30632,89,0
2022-11-24,4038.06,4046.14,4034.29,4041.16,12658,112,0
2022-11-25,4041.25,4042.85,4022.15,4030.62,16379,113,0
2022-11-27,4019.24,4019.24,4013.71,4013.87,341,156,0
2022-11-28,4013.69,4017.65,3958.36,3969.33,27016,116,0
2022-11-29,3969.09,3988.15,3939.96,3955.72,29853,115,0
2022-11-30,3955.97,4090.96,3940.3,4089.72,36075,116,0
2022-12-01,4089.32,4105.85,4052.68,4075.79,37785,119,0
2022-12-02,4075.75,4083.58,4004.81,4075.12,32771,116,0
2022-12-04,4067.23,4071.5,4066.3,4070.25,460,156,0
2022-12-05,4069.92,4072.6,3987.03,4007.5,29967,119,0
2022-12-06,4007.98,4014.22,3921.01,3947.29,32598,123,0
2022-12-07,3947.53,3960.37,3914.23,3936.86,37879,119,0
2022-12-08,3936.85,3976.39,3915.37,3962.72,31425,117,0
2022-12-09,3962.1,3989.64,3927.83,3936.88,30208,115,0
2022-12-11,3930.79,3931.07,3926.72,3928.77,463,153,0
2022-12-12,3928.57,3994.94,3925.63,3992.95,27672,112,0
2022-12-13,3993.08,4141.56,3987.55,4024.81,48205,117,0
2022-12-14,4024.57,4059.39,3967.41,4007.56,43897,113,0
2022-12-15,4007.58,4012.64,3878.41,3897.02,41724,120,0
2022-12-16,3897.44,3905.39,3825.88,3852.16,41914,120,0
2022-12-18,3855.86,3856.11,3852.15,3852.17,326,145,0
2022-12-19,3852.33,3871.43,3799.95,3823.86,31692,114,0
2022-12-20,3823.63,3839.17,3776.43,3835.5,43739,116,0
2022-12-21,3835.73,3892.02,3830.08,3885.26,31214,113,0
2022-12-22,3884.53,3893.35,3761.57,3822.71,33705,114,0
2022-12-23,3822.63,3847.79,3796.54,3845.52,40151,114,0
2022-12-26,3866.51,3872.03,3866.37,3870.52,487,153,0
2022-12-27,3870.43,3877.45,3812.86,3832.63,28842,113,0
2022-12-28,3832.82,3852.04,3781.93,3789.52,32307,113,0
2022-12-29,3789.68,3860.06,3783.77,3842.87,26621,109,0
2022-12-30,3843.22,3846.89,3798.4,3836.12,29261,114,0
2023-01-02,3850.34,3850.38,3847.17,3849.68,595,138,0
2023-01-03,3849.5,3884.78,3793.02,3824.02,45297,118,0
2023-01-04,3823.84,3875.41,3816.01,3851.8,39415,113,0
2023-01-05,3851.87,3864.53,3802.48,3814.78,38547,116,0
2023-01-06,3814.54,3909.53,3798.91,3895.38,35403,113,0
2023-01-08,3903.31,3905.83,3902.64,3904.41,452,151,0
2023-01-09,3904.17,3954.67,3888.31,3890.55,30947,113,0
2023-01-10,3890.84,3923.29,3871.4,3923.05,35935,115,0
2023-01-11,3922.82,3970.37,3915.1,3968.76,25435,116,0
2023-01-12,3968.92,4002.18,3932.86,3984.63,37916,112,0
2023-01-13,3984.71,4004.09,3942.02,3999.59,31305,116,0
2023-01-15,3996.13,3996.75,3993.05,3994.78,372,156,0
2023-01-16,3995.04,4008.78,3978.62,3995.07,14613,115,0
2023-01-17,3995.18,4017.1,3979.51,3983.03,27728,118,0
2023-01-18,3982.78,4016.98,3927.76,3929.22,31390,115,0
2023-01-19,3929.04,3929.5,3884.55,3900.91,32103,113,0
2023-01-20,3900.83,3973.16,3895.09,3968.64,26327,117,0
2023-01-22,3969.13,3969.37,3965.92,3967.92,313,150,0
2023-01-23,3968.1,4042.31,3965.05,4016.84,25609,120,0
2023-01-24,4016.67,4026.19,3989.42,4002.71,26076,117,0
2023-01-25,4002.63,4024.68,3948.35,4023.26,28374,118,0
2023-01-26,4023.29,4059.77,4013.93,4048.65,29793,118,0
2023-01-27,4048.45,4094.63,4043.24,4070.09,24012,117,0
2023-01-29,4063.36,4066.13,4062.17,4064.38,486,155,0
2023-01-30,4064.68,4068.94,4016.44,4030.6,31520,119,0
2023-01-31,4030.76,4077.23,3994.89,4068.49,30363,121,0
2023-02-01,4068.43,4150.97,4036.62,4137.68,33541,121,0
2023-02-02,4137.45,4196.48,4124.8,4153.31,37136,122,0
2023-02-03,4153.64,4182.27,4121.55,4136.48,38695,0,0
2023-02-05,4127.86,4132.47,4124.68,4129.77,729,158,0
2023-02-06,4129.53,4130.73,4093.62,4119.95,33581,123,0
2023-02-07,4119.96,4177.94,4087.88,4157.92,37069,120,0
2023-02-08,4158.03,4169.2,4112.23,4124.04,32192,123,0
2023-02-09,4124.06,4160.93,4069.16,4084.21,31985,119,0
2023-02-10,4084.63,4094.46,4051.12,4091.52,36107,123,0
2023-02-12,4082.02,4082.53,4078.67,4080.22,566,151,0
2023-02-13,4080.48,4140.38,4070.17,4139.07,25688,119,0
2023-02-14,4138.64,4176.22,4094.89,4129.55,38962,123,0
2023-02-15,4129.33,4150.39,4103.15,4149.41,30821,120,0
2023-02-16,4149.64,4158.9,4077.39,4079.01,31360,121,0
2023-02-17,4079.21,4084.46,4046.51,4076.87,31392,124,0
2023-02-19,4072.05,4072.7,4070.22,4071.64,294,152,0
2023-02-20,4071.79,4082.31,4066.12,4069.93,12177,114,0
2023-02-21,4070.17,4070.19,3995.47,4004.53,28871,121,0
2023-02-22,4004.45,4018.92,3978.36,4004.52,31411,123,0
2023-02-23,4004.33,4028.53,3969.37,4006.75,26593,120,0
2023-02-24,4006.92,4017.69,3942.28,3968.28,27873,117,0
2023-02-26,3969.57,3976.01,3969.3,3974.81,379,147,0
2023-02-27,3974.8,4019.2,3970.26,3986.84,23641,119,0
2023-02-28,3986.96,3998.96,3957.74,3959.38,23601,119,0
2023-03-01,3959.55,3987.2,3939.43,3955.52,26885,120,0
2023-03-02,3955.75,3991.19,3920.74,3975.15,30182,118,0
2023-03-03,3975.13,4049.11,3970.43,4045.66,22195,122,0
2023-03-05,4041.1,4043.73,4040.62,4043.36,230,154,0
2023-03-06,4043.52,4080.11,4041.6,4053.17,22548,123,0
2023-03-07,4052.94,4063.04,3981.47,3990.7,26874,116,0
2023-03-08,3990.68,4002.48,3971.18,3993.66,28573,117,0
2023-03-09,3993.42,4018.58,3907.79,3911.36,28047,117,0
2023-03-10,3911.27,3940.35,3846.2,3863.09,54335,119,0
2023-03-12,3909.66,3922.25,3888.56,3904.43,4466,153,0
2023-03-13,3903.95,3937.35,3805.68,3857.41,75427,120,0
2023-03-14,3858.19,3936.98,3851.95,3918.45,49144,117,0
2023-03-15,3918.42,3929.89,3832.7,3890.22,56443,116,0
2023-03-16,3889.98,3967.11,3862.91,3963.36,46331,122,0
2023-03-17,3963.24,3977.28,3900.88,3913.95,36786,115,0
2023-03-19,3935.11,3945.75,3931.35,3940.67,2362,144,0
2023-03-20,3940.74,3958.7,3866.79,3954.62,46011,121,0
2023-03-21,3954.73,4012.09,3951.77,4006.91,25086,118,0
2023-03-22,4006.72,4042.17,3942.13,3944.25,30327,116,0
2023-03-23,3944.12,4008.55,3916.64,3953.63,33429,117,0
2023-03-24,3953.85,3971.94,3906.74,3968.03,38265,121,0
2023-03-26,3989.48,3997.28,3987.42,3993.92,1550,137,0
2023-03-27,3994.27,4004.76,3967.3,3985.98,26328,121,0
2023-03-28,3985.88,3994.33,3951.85,3982.5,20422,118,0
2023-03-29,3982.29,4032.47,3982.02,4025.04,15444,116,0
2023-03-30,4024.94,4058.78,4023.6,4057.69,17594,112,0
2023-03-31,4057.59,4112.61,4049.96,4112.61,15575,110,0
2023-04-02,4101.35,4108.01,4099.47,4104.27,1391,143,0
2023-04-03,4104.17,4130.47,4095.97,4123.18,17170,125,0
2023-04-04,4123.31,4144.71,4088.16,4106.91,18047,123,0
2023-04-05,4106.87,4108.62,4071.87,4086.12,16576,125,0
2023-04-06,4085.89,4107.61,4069.57,4099.87,14315,123,0
2023-04-07,4099.66,4117.99,4093.66,4113.89,3142,371,0
2023-04-09,4116.04,4117.22,4109.1,4110.05,741,153,0
2023-04-10,4110.01,4117.61,4073.81,4117.37,12269,116,0
2023-04-11,4117.12,4127.16,4104.24,4115.2,13597,119,0
2023-04-12,4115.3,4152.91,4085.91,4086.8,20373,122,0
2023-04-13,4086.89,4151.81,4086.68,4145.66,16034,122,0
2023-04-14,4145.84,4164.68,4114.28,4140.73,19192,122,0
2023-04-16,4148.34,4151.45,4147.47,4149.49,628,152,0
2023-04-17,4149.27,4154.51,4124.82,4153.53,15858,121,0
2023-04-18,4153.42,4175.06,4141.38,4153.93,13865,122,0
2023-04-19,4153.71,4165.6,4129.25,4144.18,13566,123,0
2023-04-20,4144.42,4151.32,4115.38,4130.48,16071,121,0
2023-04-21,4130.35,4139.05,4114.27,4135.99,17146,120,0
2023-04-23,4130.46,4132.75,4130.14,4131.17,420,148,0
2023-04-24,4131.14,4144.71,4114.12,4136.83,13271,119,0
2023-04-25,4136.59,4139.07,4072.92,4092.52,16516,122,0
2023-04-26,4092.28,4096.54,4050.27,4066.99,20002,124,0
2023-04-27,4066.76,4138.34,4062.74,4129.78,16425,114,0
2023-04-28,4129.68,4167.48,4112.98,4167.28,20744,119,0
2023-04-30,4170.58,4170.9,4163.97,4164.96,723,149,0
2023-05-01,4164.91,4188.47,4160.49,4161.45,14780,115,0
2023-05-02,4161.15,4173.91,4088.27,4122.36,19018,122,0
2023-05-03,4122.42,4151.71,4069.27,4079.53,25358,122,0
2023-05-04,4079.29,4103.55,4048.72,4073.55,27812,126,0
2023-05-05,4073.53,4146.95,4069.05,4132.44,17031,122,0
2023-05-07,4137.34,4138.62,4130.64,4130.9,634,156,0
2023-05-08,4130.66,4145.38,4122.13,4135.12,13698,121,0
2023-05-09,4134.96,4137.81,4116.24,4123.3,13042,119,0
2023-05-10,4123.13,4158.34,4098.72,4143.39,20674,125,0
2023-05-11,4143.63,4154.56,4107.69,4131.24,20042,122,0
2023-05-12,4131.06,4149.97,4097.31,4122.46,16844,117,0
2023-05-14,4116.33,4119.25,4115.7,4118.7,483,138,0
2023-05-15,4118.48,4142.98,4109.91,4134.02,13993,123,0
2023-05-16,4134.05,4138.46,4110.83,4115.83,14821,122,0
2023-05-17,4116.26,4166.45,4109.1,4157.13,13582,120,0
2023-05-18,4157.02,4210.11,4148.35,4205.11,16627,119,0
2023-05-19,4205.16,4215.39,4179.53,4196.51,17822,127,0
2023-05-21,4184.41,4190.08,4184.19,4189.83,622,161,0
2023-05-22,4189.69,4212.13,4181.7,4207.8,15907,119,0
2023-05-23,4207.71,4212.67,4143.09,4155.23,17282,124,0
2023-05-24,4155.0,4157.05,4105.06,4135.88,19974,125,0
2023-05-25,4136.21,4166.78,4126.54,4144.65,22450,124,0
2023-05-26,4144.8,4213.33,4138.43,4206.28,17835,127,0
2023-05-28,4227.21,4227.25,4223.24,4224.34,787,155,0
2023-05-29,4224.1,4227.84,4214.24,4216.41,7432,119,0
2023-05-30,4216.16,4236.34,4193.47,4208.98,19771,122,0
2023-05-31,4209.05,4209.75,4166.79,4189.21,20603,122,0
2023-06-01,4188.97,4232.69,4170.88,4223.78,19785,122,0
2023-06-02,4223.69,4290.77,4222.62,4282.74,17181,125,0
2023-06-04,4287.6,4287.67,4279.49,4280.18,993,150,0
2023-06-05,4280.21,4300.9,4268.2,4271.76,17952,122,0
2023-06-06,4272.16,4290.47,4264.86,4289.96,16760,124,0
2023-06-07,4289.94,4300.96,4266.01,4271.9,17539,121,0
2023-06-08,4271.67,4300.28,4260.43,4293.07,16237,121,0
2023-06-09,4292.83,4324.01,4282.63,4302.86,15993,122,0
2023-06-11,4306.83,4314.32,4306.6,4310.59,956,153,0
2023-06-12,4311.39,4351.05,4308.5,4346.9,15890,123,0
2023-06-13,4347.07,4380.56,4339.42,4374.27,21308,122,0
2023-06-14,4374.04,4396.03,4343.08,4378.95,21140,122,0
2023-06-15,4379.33,4444.48,4352.77,4424.23,21220,124,0
2023-06-16,4424.28,4453.91,4414.66,4415.67,19866,126,0
2023-06-18,4423.09,4423.53,4418.84,4419.58,844,150,0
2023-06-19,4419.13,4422.58,4405.29,4409.2,9972,123,0
2023-06-20,4408.72,4410.67,4373.03,4398.5,18864,125,0
2023-06-21,4398.4,4401.03,4365.36,4372.44,19496,125,0
2023-06-22,4372.66,4389.05,4355.26,4386.72,19443,124,0
2023-06-23,4386.8,4386.8,4345.31,4352.69,18750,123,0
2023-06-25,4354.76,4363.37,4354.43,4362.21,1133,150,0
2023-06-26,4362.19,4368.31,4334.35,4345.75,21632,127,0
2023-06-27,4345.81,4391.43,4337.98,4378.61,18209,122,0
2023-06-28,4378.73,4397.65,4367.07,4393.63,19515,122,0
2023-06-29,4393.46,4406.03,4377.29,4404.58,18978,123,0
2023-06-30,4404.57,4464.54,4400.14,4456.92,14438,125,0
2023-07-02,4458.2,4459.97,4454.03,4457.48,788,168,0
2023-07-03,4457.82,4462.2,4448.04,4456.69,9391,123,0
2023-07-04,4456.99,4462.58,4455.48,4458.17,5342,120,0
2023-07-05,4458.41,4461.67,4435.55,4446.39,11512,127,0
2023-07-06,4446.79,4446.88,4385.98,4411.22,15662,131,0
2023-07-07,4411.04,4441.88,4397.66,4399.29,15037,153,0
2023-07-09,4401.51,4407.78,4398.85,4405.59,1283,157,0
2023-07-10,4405.59,4416.27,4379.32,4414.67,16767,152,0
2023-07-11,4414.78,4446.9,4408.01,4441.38,14648,147,0
2023-07-12,4441.38,4490.72,4439.2,4480.43,15238,145,0
2023-07-13,4480.44,4519.41,4479.63,4509.51,12416,147,0
2023-07-14,4509.43,4527.95,4500.33,4502.9,13573,149,0
2023-07-16,4504.85,4505.08,4499.04,4500.26,838,158,0
2023-07-17,4500.48,4536.33,4499.28,4520.17,10931,150,0
2023-07-18,4519.99,4565.31,4516.7,4557.54,12328,145,0
2023-07-19,4557.54,4580.7,4552.99,4556.51,15010,146,0
2023-07-20,4556.94,4565.83,4529.03,4538.12,15357,149,0
2023-07-21,4537.97,4562.78,4534.68,4539.09,14026,148,0
2023-07-23,4541.02,4541.14,4534.98,4536.25,666,164,0
2023-07-24,4536.05,4567.09,4535.04,4560.31,13991,150,0
2023-07-25,4560.54,4584.47,4555.36,4571.6,13083,147,0
2023-07-26,4571.83,4587.0,4551.3,4574.5,16491,148,0
2023-07-27,4574.5,4610.66,4530.23,4542.66,18600,149,0
2023-07-28,4542.69,4591.76,4534.78,4582.33,19781,151,0
2023-07-30,4587.47,4595.04,4587.03,4589.31,1287,156,0
2023-07-31,4589.25,4596.79,4572.97,4593.41,16052,150,0
2023-08-01,4593.29,4599.71,4558.68,4566.43,14788,149,0
2023-08-02,4566.57,4573.44,4508.49,4524.74,20675,155,0
2023-08-03,4524.36,4528.66,4486.36,4510.7,26198,155,0
2023-08-04,4510.94,4541.01,4474.61,4477.95,22759,154,0
2023-08-06,4487.07,4489.79,4485.81,4489.35,984,164,0
2023-08-07,4489.17,4523.83,4487.3,4521.55,17977,147,0
2023-08-08,4521.55,4522.38,4465.48,4499.78,21013,148,0
2023-08-09,4499.79,4519.98,4462.53,4480.57,19288,144,0
2023-08-10,4480.81,4528.0,4457.25,4475.28,25686,147,0
2023-08-11,4475.28,4480.04,4442.85,4462.39,22499,149,0
2023-08-13,4474.7,4477.92,4472.41,4475.8,1134,161,0
2023-08-14,4475.3,4500.5,4451.0,4497.78,24221,153,0
2023-08-15,4497.94,4504.97,4433.1,4442.32,24275,155,0
2023-08-16,4442.46,4453.31,4403.04,4404.64,24286,148,0
2023-08-17,4404.64,4421.34,4361.55,4367.75,23496,152,0
2023-08-18,4367.27,4382.1,4334.98,4369.37,24786,148,0
2023-08-20,4372.45,4375.74,4370.11,4374.27,934,163,0
2023-08-21,4374.56,4408.88,4361.39,4395.48,21346,148,0
2023-08-22,4395.72,4429.02,4382.99,4389.8,21026,149,0
2023-08-23,4389.85,4464.3,4388.99,4459.46,20178,148,0
2023-08-24,4459.63,4475.65,4368.17,4377.23,25158,149,0
2023-08-25,4377.2,4418.32,4355.36,4404.65,26299,149,0
2023-08-27,4414.48,4416.38,4411.51,4413.34,1145,166,0
2023-08-28,4413.33,4440.1,4406.46,4435.3,19504,147,0
2023-08-29,4435.06,4504.65,4426.05,4502.39,18800,143,0
2023-08-30,4502.23,4524.25,4490.62,4517.79,18464,147,0
2023-08-31,4517.96,4534.05,4507.81,4512.43,16381,152,0
2023-09-01,4512.45,4541.65,4501.04,4517.05,17821,148,0
2023-09-03,4517.57,4517.57,4514.79,4516.66,664,177,0
2023-09-04,4516.93,4528.52,4513.31,4518.62,8328,145,0
2023-09-05,4518.53,4519.09,4497.75,4500.39,17568,147,0
2023-09-06,4500.46,4502.61,4444.65,4468.59,17953,146,0
2023-09-07,4468.44,4469.66,4432.44,4454.96,18414,145,0
2023-09-08,4454.96,4475.18,4441.28,4458.61,17800,143,0
2023-09-10,4462.01,4467.0,4461.98,4466.75,807,162,0
2023-09-11,4466.75,4495.72,4460.55,4488.82,17166,153,0
2023-09-12,4488.67,4492.8,4461.3,4468.74,17460,151,0
2023-09-13,4468.51,4483.86,4450.26,4476.18,21464,148,0
2023-09-14,4476.18,4515.26,4475.2,4511.3,18960,147,0
2023-09-15,4511.54,4519.99,4447.96,4451.7,18364,146,0
2023-09-17,4457.85,4460.91,4456.89,4460.24,719,154,0
2023-09-18,4460.48,4467.49,4442.06,4458.67,15845,146,0
2023-09-19,4458.67,4464.46,4417.45,4447.9,15010,143,0
2023-09-20,4447.75,4463.59,4395.81,4396.07,18777,144,0
2023-09-21,4395.94,4399.91,4322.49,4326.14,22102,147,0
2023-09-22,4326.14,4355.2,4313.92,4318.78,19450,146,0
2023-09-24,4325.48,4328.81,4323.87,4325.64,1012,157,0
2023-09-25,4325.38,4341.77,4298.02,4337.28,20955,145,0
2023-09-26,4337.25,4337.29,4265.81,4281.12,22109,147,0
2023-09-27,4281.16,4296.67,4239.06,4283.23,21428,143,0
2023-09-28,4283.48,4318.61,4264.16,4303.2,27064,143,0
2023-09-29,4303.19,4334.62,4275.37,4289.71,23691,147,0
2023-10-01,4307.64,4313.12,4304.0,4311.9,1993,161,0
2023-10-02,4311.8,4322.16,4261.23,4292.14,26966,145,0
2023-10-03,4292.14,4302.08,4218.07,4233.17,28921,143,0
2023-10-04,4233.11,4271.16,4203.21,4259.43,32642,145,0
2023-10-05,4259.44,4269.59,4225.34,4253.73,27624,143,0
2023-10-06,4253.87,4326.24,4209.83,4309.6,27179,144,0
2023-10-08,4280.2,4283.71,4271.96,4282.26,2816,161,0
2023-10-09,4282.51,4345.37,4269.61,4340.17,24996,146,0
2023-10-10,4340.0,4389.18,4336.65,4363.61,22376,141,0
2023-10-11,4363.61,4390.61,4347.74,4390.42,21744,142,0
2023-10-12,4390.42,4401.66,4326.5,4353.81,21928,143,0
2023-10-13,4353.83,4378.1,4311.34,4325.21,25474,145,0
2023-10-15,4335.54,4340.62,4332.62,4339.15,1601,153,0
2023-10-16,4340.62,4386.42,4326.86,4375.47,24355,144,0
2023-10-17,4375.47,4397.76,4339.12,4368.06,24322,139,0
2023-10-18,4367.81,4374.77,4306.69,4320.19,27973,143,0
2023-10-19,4320.17,4342.88,4269.05,4272.19,33525,145,0
2023-10-20,4271.94,4281.06,4224.77,4227.31,26791,151,0
2023-10-22,4235.01,4240.77,4233.66,4240.57,1091,194,0
2023-10-23,4240.57,4259.34,4193.08,4233.91,26305,152,0
2023-10-24,4233.91,4269.59,4222.26,4249.29,26495,146,0
2023-10-25,4249.13,4249.45,4168.44,4173.46,28509,143,0
2023-10-26,4173.46,4186.87,4129.39,4162.28,32117,145,0
2023-10-27,4161.91,4167.66,4105.36,4115.98,26580,146,0
2023-10-29,4133.68,4137.51,4127.61,4133.47,1509,185,0
2023-10-30,4133.72,4181.68,4132.97,4167.16,21766,140,0
2023-10-31,4167.15,4200.35,4152.12,4188.38,25781,149,0
2023-11-01,4188.34,4253.25,4177.48,4252.05,25002,147,0
2023-11-02,4252.07,4325.42,4248.63,4315.03,18809,141,0
2023-11-03,4315.03,4378.95,4313.68,4362.59,16871,145,0
2023-11-05,4371.26,4372.41,4364.56,4366.34,640,182,0
2023-11-06,4366.34,4378.39,4353.66,4366.47,16097,145,0
2023-11-07,4366.47,4393.06,4356.17,4385.51,16232,140,0
2023-11-08,4385.51,4398.0,4365.57,4383.03,16365,144,0
2023-11-09,4383.03,4403.11,4347.74,4350.75,18591,142,0
2023-11-10,4350.5,4423.76,4345.04,4419.86,16958,144,0
2023-11-12,4418.69,4420.78,4412.01,4413.28,802,185,0
2023-11-13,4413.28,4428.92,4399.84,4419.85,15520,150,0
2023-11-14,4419.78,4515.72,4415.07,4508.33,15906,140,0
2023-11-15,4508.33,4531.38,4503.01,4507.91,17506,148,0
2023-11-16,4507.94,4520.57,4493.2,4515.91,17722,155,0
2023-11-17,4515.87,4531.0,4504.53,4520.15,14170,149,0
2023-11-19,4520.73,4521.77,4513.87,4517.66,807,186,0
2023-11-20,4517.67,4563.97,4513.2,4557.77,13346,140,0
2023-11-21,4557.73,4560.61,4530.41,4539.43,13949,144,0
2023-11-22,4539.43,4574.05,4539.43,4558.14,14454,146,0
2023-11-23,4558.37,4567.51,4556.89,4566.45,6240,143,0
2023-11-24,4566.45,4569.41,4558.47,4563.98,7689,146,0
2023-11-26,4563.15,4563.49,4558.72,4559.49,398,164,0
2023-11-27,4559.4,4567.28,4549.58,4561.61,11399,146,0
2023-11-28,4561.44,4574.94,4544.97,4562.14,13358,148,0
2023-11-29,4562.19,4594.25,4553.63,4559.73,15883,144,0
2023-11-30,4559.73,4576.36,4542.15,4570.28,19384,142,0
2023-12-01,4570.28,4605.2,4560.21,4598.65,18439,139,0
2023-12-03,4603.19,4604.1,4597.11,4597.37,748,156,0
2023-12-04,4597.37,4597.87,4552.97,4569.76,17452,143,0
2023-12-05,4569.77,4585.27,4555.58,4578.48,20616,143,0
2023-12-06,4578.46,4598.85,4552.47,4555.92,18241,143,0
2023-12-07,4555.64,4596.36,4549.44,4585.57,17734,143,0
2023-12-08,4585.57,4616.16,4563.05,4610.57,19088,145,0
2023-12-10,4606.21,4616.05,4605.98,4614.33,641,589,0
2023-12-11,4614.09,4631.99,4604.37,4631.15,17329,145,0
2023-12-12,4631.15,4657.85,4615.32,4657.6,16149,143,0
2023-12-13,4657.6,4722.77,4650.29,4722.51,16200,147,0
2023-12-14,4722.4,4744.77,4700.04,4725.53,23658,149,0
2023-12-15,4725.53,4742.6,4711.5,4727.22,19046,147,0
2023-12-17,4725.34,4728.68,4724.41,4728.65,478,167,0
2023-12-18,4728.64,4756.81,4726.02,4745.74,13953,149,0
2023-12-19,4745.74,4776.33,4743.05,4772.69,12019,146,0
2023-12-20,4772.7,4785.77,4698.58,4714.85,16713,146,0
2023-12-21,4715.08,4753.98,4711.76,4750.04,22344,150,0
2023-12-22,4749.79,4777.23,4740.87,4758.98,17872,152,0
2023-12-25,4763.55,4768.03,4762.31,4766.66,409,177,0
2023-12-26,4766.41,4789.64,4763.22,4782.77,9476,151,0
2023-12-27,4782.77,4791.53,4772.01,4790.52,12959,145,0
2023-12-28,4790.28,4797.25,4784.42,4791.7,11535,148,0
2023-12-29,4791.77,4796.98,4755.34,4771.98,13149,150,0
2024-01-01,4777.76,4780.85,4777.76,4779.46,287,216,0
2024-01-02,4779.67,4786.39,4724.99,4748.07,18923,151,0
2024-01-03,4748.16,4748.72,4700.12,4708.96,20614,149,0
2024-01-04,4708.96,4725.42,4686.75,4694.05,19903,150,0
2024-01-05,4693.94,4721.18,4661.92,4697.48,23559,149,0
2024-01-07,4698.53,4704.99,4697.4,4702.51,613,165,0
2024-01-08,4702.51,4767.4,4679.19,4761.35,19456,151,0
2024-01-09,4761.17,4768.1,4731.54,4756.54,17863,149,0
2024-01-10,4756.54,4792.95,4750.81,4786.39,18237,151,0
2024-01-11,4786.17,4802.99,4738.13,4776.48,25877,151,0
2024-01-12,4776.42,4800.87,4756.33,4782.49,26891,149,0
2024-01-14,4778.75,4779.5,4773.53,4777.06,618,178,0
2024-01-15,4777.07,4789.89,4773.52,4775.4,10199,151,0
2024-01-16,4775.4,4782.85,4747.17,4768.04,28138,152,0
2024-01-17,4768.04,4768.46,4714.71,4738.08,24480,148,0
2024-01-18,4738.08,4785.09,4731.89,4783.23,23979,150,0
2024-01-19,4783.04,4842.95,4778.05,4836.99,22070,151,0
2024-01-21,4844.39,4850.24,4844.39,4845.8,678,178,0
2024-01-22,4845.8,4869.72,4844.82,4853.37,21193,153,0
2024-01-23,4853.33,4877.83,4846.53,4877.36,17338,147,0
2024-01-24,4877.11,4905.67,4861.88,4872.19,19849,146,0
2024-01-25,4872.24,4899.18,4866.49,4888.1,25001,154,0
2024-01-26,4887.6,4907.7,4872.16,4889.58,21301,154,0
2024-01-28,4882.11,4883.87,4877.66,4879.95,852,179,0
2024-01-29,4879.95,4931.79,4879.33,4928.66,15828,152,0
2024-01-30,4928.66,4933.51,4903.49,4906.65,17557,151,0
2024-01-31,4906.48,4914.61,4842.94,4853.7,26580,153,0
2024-02-01,4853.91,4940.99,4851.07,4931.68,26615,156,0
2024-02-02,4931.55,4975.17,4903.42,4960.49,24818,152,0
2024-02-04,4955.16,4960.29,4953.6,4956.66,907,178,0
2024-02-05,4956.17,4959.67,4917.96,4938.15,21458,153,0
2024-02-06,4938.21,4959.22,4935.33,4954.56,20382,147,0
2024-02-07,4955.06,5001.78,4951.83,4995.77,19134,152,0
2024-02-08,4995.82,5000.33,4986.31,4997.7,13790,146,0
2024-02-09,4997.7,5030.77,4995.74,5025.62,13421,153,0
2024-02-11,5026.36,5028.07,5023.59,5027.08,380,181,0
2024-02-12,5027.08,5051.19,5016.33,5020.05,12585,155,0
2024-02-13,5020.3,5024.82,4921.64,4957.01,23574,154,0
2024-02-14,4957.02,5006.87,4953.45,5002.86,21688,158,0
2024-02-15,5002.66,5035.99,4995.44,5032.16,18931,157,0
2024-02-16,5032.41,5043.2,4997.36,5003.26,19003,155,0
2024-02-18,5004.05,5011.81,5004.05,5010.63,698,183,0
2024-02-19,5010.67,5015.9,5000.26,5002.25,8725,155,0
2024-02-20,5002.5,5004.59,4956.4,4976.47,25807,157,0
2024-02-21,4975.98,5010.42,4946.74,5009.52,28291,154,0
2024-02-22,5009.84,5095.68,5009.1,5087.43,23018,155,0
2024-02-23,5087.44,5112.1,5080.95,5094.82,19621,160,0
2024-02-25,5087.39,5092.4,5083.94,5091.21,556,195,0
2024-02-26,5090.22,5099.45,5067.74,5071.88,17960,161,0
2024-02-27,5071.63,5084.97,5059.31,5079.69,17294,157,0
2024-02-28,5079.93,5083.43,5055.87,5063.33,18308,157,0
2024-02-29,5063.08,5106.17,5052.28,5090.58,21899,161,0
2024-03-01,5091.08,5142.7,5083.05,5140.57,17023,152,0
2024-03-03,5138.12,5141.38,5136.22,5137.49,553,190,0
2024-03-04,5137.49,5153.18,5126.13,5127.93,13711,158,0
2024-03-05,5127.24,5130.75,5059.88,5085.03,21619,158,0
2024-03-06,5085.28,5131.66,5081.09,5107.1,25756,161,0
2024-03-07,5106.35,5167.91,5084.29,5156.65,25812,159,0
2024-03-08,5157.81,5191.38,5120.65,5129.65,33540,159,0
2024-03-10,5132.03,5132.29,5118.82,5128.62,2064,171,0
2024-03-11,5130.12,5137.75,5094.56,5137.75,32632,157,0
2024-03-12,5137.38,5185.07,5113.73,5182.21,27946,157,0
2024-03-13,5181.96,5186.91,5156.98,5177.22,21465,152,0
2024-03-14,5177.22,5191.48,5126.95,5152.97,26558,157,0
2024-03-15,5152.97,5169.83,5107.49,5117.86,25139,158,0
2024-03-17,5126.79,5133.23,5123.93,5127.61,1206,187,0
2024-03-18,5127.61,5181.92,5123.88,5152.39,21762,157,0
2024-03-19,5152.59,5187.23,5128.88,5180.5,24585,159,0
2024-03-20,5180.25,5247.63,5175.86,5245.93,20495,155,0
2024-03-21,5245.67,5265.84,5242.26,5253.92,18377,164,0
2024-03-22,5253.66,5255.31,5233.09,5242.8,17225,162,0
2024-03-24,5237.33,5238.97,5233.4,5238.75,920,190,0
2024-03-25,5238.75,5240.74,5218.96,5230.47,15097,161,0
2024-03-26,5230.47,5247.23,5209.9,5222.29,14573,158,0
2024-03-27,5222.29,5260.53,5217.53,5250.64,16245,160,0
2024-03-28,5250.64,5268.24,5248.44,5251.15,13870,158,0
2024-03-31,5265.41,5283.74,5265.41,5282.5,1202,196,0
2024-04-01,5282.76,5283.16,5232.59,5240.04,14643,161,0
2024-04-02,5240.3,5246.53,5185.76,5210.21,19116,165,0
2024-04-03,5210.11,5236.85,5196.1,5229.01,21213,161,0
2024-04-04,5230.27,5260.25,5144.68,5153.61,24042,165,0
2024-04-05,5153.53,5225.44,5145.22,5207.36,30325,163,0
2024-04-07,5221.27,5223.28,5210.45,5213.62,1134,198,0
2024-04-08,5214.37,5223.83,5191.89,5210.1,24139,164,0
2024-04-09,5210.35,5229.38,5164.14,5218.18,24162,163,0
2024-04-10,5217.91,5238.46,5133.32,5152.54,33795,164,0
2024-04-11,5153.04,5214.24,5130.61,5201.03,31149,164,0
2024-04-12,5201.8,5205.86,5107.59,5121.38,29998,163,0
2024-04-14,5128.63,5146.99,5125.94,5142.87,2593,181,0
2024-04-15,5142.54,5172.16,5053.81,5062.75,38466,162,0
2024-04-16,5063.01,5083.19,5039.82,5067.86,43187,167,0
2024-04-17,5067.86,5081.39,5008.37,5028.69,39993,162,0
2024-04-18,5028.15,5056.71,4998.76,5003.46,37386,162,0
2024-04-19,5002.56,5020.82,4926.86,4969.01,54300,159,0
2024-04-21,4982.42,4988.78,4975.36,4987.86,2073,178,0
2024-04-22,4987.61,5042.92,4972.05,5012.42,32813,158,0
2024-04-23,5012.42,5087.11,5005.7,5083.62,29386,159,0
2024-04-24,5083.63,5096.17,5038.91,5043.3,31663,161,0
2024-04-25,5043.3,5100.87,4990.77,5088.22,37380,159,0
2024-04-26,5088.22,5115.38,5073.67,5098.24,25832,162,0
2024-04-28,5110.23,5112.96,5106.33,5112.68,1069,193,0
2024-04-29,5112.93,5125.65,5090.19,5116.65,21072,156,0
2024-04-30,5116.65,5117.49,5022.98,5030.37,29375,158,0
2024-05-01,5030.77,5098.63,5010.32,5039.85,35177,159,0
2024-05-02,5040.07,5091.24,5009.8,5080.59,33957,160,0
2024-05-03,5080.59,5139.59,5072.87,5127.57,25398,163,0
2024-05-05,5143.61,5144.22,5134.55,5135.31,1154,180,0
2024-05-06,5135.47,5183.79,5131.57,5181.43,15120,161,0
2024-05-07,5181.43,5202.47,5178.39,5190.7,15773,159,0
2024-05-08,5190.94,5194.57,5165.66,5186.59,16133,164,0
2024-05-09,5186.59,5222.23,5171.5,5220.01,17897,158,0
2024-05-10,5220.01,5240.4,5209.44,5222.06,15283,154,0
2024-05-12,5220.34,5222.85,5218.61,5221.57,723,174,0
2024-05-13,5221.7,5242.88,5212.39,5223.02,13715,160,0
2024-05-14,5223.02,5252.86,5195.09,5250.06,16379,160,0
2024-05-15,5250.06,5317.36,5244.62,5315.76,16434,164,0
2024-05-16,5315.76,5327.12,5293.67,5298.36,16499,163,0
2024-05-17,5298.56,5306.17,5284.31,5306.17,13468,160,0
2024-05-19,5310.11,5316.54,5310.02,5315.85,761,180,0
2024-05-20,5315.88,5329.07,5304.34,5313.13,12622,162,0
2024-05-21,5312.97,5329.39,5304.22,5328.96,11560,161,0
2024-05-22,5328.78,5331.28,5289.34,5324.6,18643,154,0
2024-05-23,5324.63,5351.79,5257.41,5271.44,25531,164,0
2024-05-24,5271.21,5313.36,5270.02,5305.71,17842,164,0
2024-05-26,5309.27,5311.06,5302.43,5303.18,902,184,0
2024-05-27,5303.18,5322.53,5299.99,5314.02,7578,165,0
2024-05-28,5314.02,5326.83,5284.94,5308.18,19450,165,0
2024-05-29,5308.19,5309.16,5252.73,5256.77,23434,165,0
2024-05-30,5256.77,5266.45,5228.32,5233.07,22887,165,0
2024-05-31,5232.98,5289.57,5196.04,5284.66,26941,162,0
2024-06-02,5292.42,5295.95,5282.41,5294.29,1850,181,0
2024-06-03,5294.29,5305.29,5238.98,5289.45,28789,165,0
2024-06-04,5289.45,5305.85,5254.7,5304.85,29756,166,0
2024-06-05,5304.85,5366.35,5298.64,5364.14,19991,164,0
2024-06-06,5363.74,5368.49,5340.56,5359.16,21871,164,0
2024-06-07,5359.16,5380.74,5324.3,5351.44,26427,165,0
2024-06-09,5348.69,5357.47,5345.54,5350.55,1293,186,0
2024-06-10,5350.66,5372.82,5335.64,5364.25,21266,164,0
2024-06-11,5364.25,5385.93,5332.16,5383.52,22047,165,0
2024-06-12,5383.67,5452.25,5380.0,5434.6,26323,161,0
2024-06-13,5434.6,5450.87,5407.67,5436.58,23891,169,0
2024-06-14,5436.19,5441.76,5396.69,5437.01,25200,159,0
2024-06-16,5436.35,5440.58,5432.84,5438.09,1082,171,0
2024-06-17,5438.09,5497.02,5425.91,5488.67,22010,165,0
2024-06-18,5488.63,5504.11,5478.29,5502.14,20443,167,0
2024-06-19,5502.12,5503.98,5497.19,5501.18,7312,168,0
2024-06-20,5501.18,5525.89,5463.89,5485.73,25716,167,0
2024-06-21,5485.48,5489.48,5458.06,5471.98,23965,170,0
2024-06-23,5479.48,5480.26,5477.2,5477.6,627,190,0
2024-06-24,5477.6,5499.07,5451.32,5460.9,25031,169,0
2024-06-25,5460.94,5481.15,5452.92,5476.76,20906,166,0
2024-06-26,5476.76,5494.34,5458.93,5468.55,22746,166,0
2024-06-27,5468.55,5498.22,5460.02,5498.22,22120,167,0
2024-06-28,5498.23,5528.25,5454.57,5465.67,24792,167,0
2024-06-30,5480.73,5482.08,5473.37,5474.87,1718,171,0
2024-07-01,5475.27,5486.67,5449.98,5475.2,26136,164,0
2024-07-02,5475.2,5515.98,5449.33,5509.13,23521,166,0
2024-07-03,5509.18,5542.71,5507.14,5538.77,14857,164,0
2024-07-04,5538.77,5544.81,5533.42,5536.3,7533,165,0
2024-07-05,5536.3,5573.59,5532.54,5572.32,17287,165,0
2024-07-07,5563.13,5568.35,5561.69,5563.2,1149,170,0
2024-07-08,5563.2,5589.77,5561.19,5589.63,16479,164,0
2024-07-09,5589.63,5596.67,5579.56,5585.09,14889,168,0
2024-07-10,5585.09,5641.65,5582.09,5635.62,12522,165,0
2024-07-11,5635.45,5658.46,5582.3,5590.6,25672,167,0
2024-07-12,5590.19,5660.96,5574.66,5620.12,22731,169,0
2024-07-14,5633.56,5633.56,5620.79,5627.09,2030,176,0
2024-07-15,5627.3,5673.69,5621.47,5648.05,24627,167,0
2024-07-16,5647.93,5676.92,5629.4,5669.48,26298,169,0
2024-07-17,5669.69,5670.74,5588.36,5606.37,33585,169,0
2024-07-18,5606.25,5621.07,5527.6,5559.52,40689,167,0
2024-07-19,5559.25,5565.01,5500.01,5511.02,39774,169,0
2024-07-21,5517.4,5533.06,5516.96,5532.27,2335,176,0
2024-07-22,5532.27,5576.13,5513.77,5566.54,34561,169,0
2024-07-23,5566.29,5590.49,5535.11,5536.83,33625,167,0
2024-07-24,5536.83,5545.0,5425.74,5447.84,34165,168,0
2024-07-25,5447.73,5496.39,5396.04,5415.22,59713,168,0
2024-07-26,5415.23,5491.81,5414.47,5461.62,42597,166,0
2024-07-28,5466.46,5480.98,5463.74,5478.94,2388,171,0
2024-07-29,5478.99,5500.45,5447.43,5455.85,38484,166,0
2024-07-30,5455.64,5494.7,5400.35,5448.05,45911,165,0
2024-07-31,5448.05,5557.89,5442.81,5555.63,48649,165,0
2024-08-01,5555.41,5568.81,5412.9,5428.94,63668,163,0
2024-08-02,5428.52,5432.18,5302.45,5345.84,72311,163,0
2024-08-04,5300.92,5317.73,5285.15,5296.0,5196,170,0
2024-08-05,5296.21,5296.61,5092.93,5247.27,129522,160,0
2024-08-06,5247.72,5315.19,5194.8,5217.39,84942,160,0
2024-08-07,5217.83,5333.22,5157.01,5177.16,73028,165,0
2024-08-08,5177.47,5337.97,5173.51,5333.2,66270,165,0
2024-08-09,5332.87,5360.69,5295.5,5344.94,53851,164,0
2024-08-11,5343.54,5352.52,5327.75,5347.79,3189,173,0
2024-08-12,5347.65,5373.75,5325.26,5350.78,39442,168,0
2024-08-13,5351.37,5439.18,5345.75,5436.61,34070,163,0
2024-08-14,5436.63,5466.4,5417.86,5452.96,34903,165,0
2024-08-15,5453.23,5556.97,5450.2,5552.76,30065,164,0
2024-08-16,5552.82,5564.18,5514.99,5556.59,27470,168,0
2024-08-18,5563.39,5573.3,5561.45,5565.68,1728,176,0
2024-08-19,5566.08,5612.65,5545.62,5609.69,23084,168,0
2024-08-20,5609.43,5624.21,5588.81,5601.54,21636,167,0
2024-08-21,5601.28,5636.03,5594.79,5627.48,25425,165,0
2024-08-22,5627.25,5647.01,5565.13,5587.65,29473,167,0
2024-08-23,5587.91,5644.59,5585.66,5634.3,30432,163,0
2024-08-25,5635.91,5644.42,5625.73,5632.01,2090,160,0
2024-08-26,5632.54,5654.31,5605.4,5617.92,27165,147,0
2024-08-27,5618.17,5635.22,5597.81,5623.27,25236,148,0
2024-08-28,5623.51,5637.83,5549.25,5559.94,32753,149,0
2024-08-29,5560.26,5651.64,5559.78,5603.33,40486,151,0
2024-08-30,5603.08,5653.08,5582.7,5647.18,27899,149,0
2024-09-01,5650.06,5653.61,5645.71,5646.53,1264,154,0
2024-09-02,5646.27,5663.06,5631.63,5648.03,13308,151,0
2024-09-03,5648.07,5659.87,5510.69,5527.07,39555,150,0
2024-09-04,5527.33,5559.23,5501.36,5518.58,49130,151,0
2024-09-05,5518.21,5552.4,5485.47,5505.68,42576,148,0
2024-09-06,5505.34,5528.0,5406.13,5415.12,48936,151,0
2024-09-08,5409.5,5418.14,5403.37,5415.5,3812,154,0
2024-09-09,5415.84,5490.71,5415.02,5485.23,44123,148,0
2024-09-10,5485.37,5504.46,5447.04,5496.94,44634,149,0
2024-09-11,5497.13,5566.68,5411.6,5556.95,59277,150,0
2024-09-12,5557.21,5608.63,5540.37,5605.61,49888,150,0
2024-09-13,5606.07,5641.11,5599.61,5630.51,34341,149,0
2024-09-15,5627.79,5636.31,5624.14,5635.3,2041,154,0
2024-09-16,5635.3,5643.37,5610.51,5637.87,31575,150,0
2024-09-17,5638.02,5678.39,5619.24,5647.97,40694,149,0
2024-09-18,5648.05,5699.02,5620.25,5663.2,54633,152,0
2024-09-19,5663.46,5742.06,5643.39,5714.78,48576,155,0
2024-09-20,5714.61,5719.78,5678.22,5707.21,34491,154,0
2024-09-22,5709.96,5715.17,5702.76,5714.42,1711,156,0
2024-09-23,5714.79,5731.95,5692.88,5721.38,35279,151,0
2024-09-24,5721.17,5743.75,5703.55,5741.46,32841,153,0
2024-09-25,5741.82,5747.45,5717.55,5738.85,29793,152,0
2024-09-26,5738.81,5779.65,5728.22,5755.37,32830,151,0
2024-09-27,5755.31,5771.4,5732.02,5740.99,33223,154,0
2024-09-29,5737.14,5753.51,5730.91,5752.01,2126,154,0
2024-09-30,5752.01,5772.0,5708.14,5760.97,37934,152,0
2024-10-01,5761.12,5774.84,5685.85,5704.15,52354,155,0
2024-10-02,5704.28,5726.91,5677.78,5723.64,43196,154,0
2024-10-03,5723.52,5723.99,5680.05,5702.93,47425,152,0
2024-10-04,5702.94,5758.44,5695.97,5753.64,43962,154,0
2024-10-06,5756.4,5764.45,5756.4,5758.79,3167,52,0
2024-10-07,5758.61,5762.24,5682.61,5701.62,79342,50,0
2024-10-08,5701.78,5763.92,5693.76,5753.44,62602,51,0
2024-10-09,5753.44,5804.0,5738.85,5796.58,52144,50,0
2024-10-10,5796.62,5801.02,5769.72,5793.79,55959,50,0
2024-10-11,5793.79,5826.61,5774.7,5818.44,41092,51,0
2024-10-13,5815.73,5821.19,5813.15,5816.69,1970,53,0
2024-10-14,5816.48,5879.24,5810.99,5873.98,36302,51,0
2024-10-15,5874.19,5876.67,5811.39,5825.02,58714,51,0
2024-10-16,5825.16,5854.71,5815.17,5841.51,45386,50,0
2024-10-17,5841.33,5889.64,5834.09,5854.84,65860,50,0
2024-10-18,5854.96,5878.31,5839.51,5869.37,42416,51,0
2024-10-20,5877.07,5880.93,5876.19,5878.93,1884,53,0
2024-10-21,5878.92,5879.95,5830.59,5861.99,52883,50,0
2024-10-22,5861.99,5870.54,5827.4,5856.93,53808,51,0
2024-10-23,5857.14,5860.41,5767.85,5810.52,63490,50,0
2024-10-24,5810.35,5837.15,5790.41,5819.28,62791,50,0
2024-10-25,5819.27,5869.1,5803.69,5814.27,58560,51,0
2024-10-27,5828.5,5845.76,5827.65,5841.37,3558,52,0
2024-10-28,5841.33,5855.18,5830.01,5832.67,60570,51,0
2024-10-29,5832.67,5859.65,5808.88,5856.55,68675,51,0
2024-10-30,5856.69,5865.16,5804.17,5804.38,75811,52,0
2024-10-31,5804.24,5810.76,5706.48,5715.99,90589,50,0
2024-11-01,5715.99,5776.8,5705.59,5730.76,82635,50,0
2024-11-03,5717.64,5729.83,5716.58,5724.08,3369,53,0
2024-11-04,5724.26,5750.85,5698.81,5718.47,92466,50,0
2024-11-05,5718.26,5800.61,5710.49,5792.06,71596,51,0
2024-11-06,5792.0,5942.35,5791.58,5933.38,132810,53,0
2024-11-07,5933.56,5989.45,5927.88,5983.36,63436,52,0
2024-11-08,5983.36,6016.45,5966.6,6001.7,47925,52,0
2024-11-10,6009.62,6016.66,6007.7,6015.72,1186,55,0
2024-11-11,6015.73,6031.51,5991.88,6006.64,42844,51,0
2024-11-12,6006.51,6015.03,5965.64,5987.33,60978,51,0
2024-11-13,5987.53,6014.4,5971.24,5999.42,81906,52,0
2024-11-14,5999.42,6004.46,5943.84,5947.06,82113,52,0
2024-11-15,5946.87,5947.48,5858.45,5877.35,90556,51,0
2024-11-17,5883.33,5888.15,5875.47,5887.99,1754,52,0
2024-11-18,5887.99,5917.66,5870.77,5902.28,73134,51,0
2024-11-19,5902.27,5933.17,5840.47,5931.43,94766,51,0
2024-11-20,5931.6,5943.78,5866.69,5926.57,102432,52,0
2024-11-21,5926.77,5971.58,5891.54,5951.07,141321,52,0
2024-11-22,5950.75,5980.35,5928.07,5973.43,101041,52,0
2024-11-24,5995.13,6000.19,5994.77,5998.28,1205,55,0
2024-11-25,5998.31,6029.79,5971.86,5983.87,75749,51,0
2024-11-26,5983.54,6033.77,5966.21,6031.04,76169,53,0
2024-11-27,6031.22,6037.24,5991.3,6011.99,61469,52,0
2024-11-28,6011.87,6024.17,6011.59,6021.77,10904,52,0
2024-11-29,6021.97,6051.86,6010.07,6043.54,35588,52,0
2024-12-01,6045.87,6047.86,6038.44,6039.93,1748,56,0
2024-12-02,6040.29,6061.95,6029.62,6058.22,41951,53,0
2024-12-03,6058.38,6065.72,6042.92,6065.2,37830,53,0
2024-12-04,6065.18,6097.76,6061.18,6090.12,35607,52,0
2024-12-05,6090.13,6103.61,6076.54,6081.17,36255,53,0
2024-12-06,6081.18,6107.9,6072.76,6095.08,41036,52,0
2024-12-08,6094.12,6100.61,6093.29,6100.34,737,168,0
2024-12-09,6094.9,6104.02,6058.56,6060.87,49143,30,0
2024-12-10,6060.87,6074.43,6038.78,6051.17,46112,51,0
2024-12-11,6051.17,6102.27,6045.46,6087.39,42935,51,0
2024-12-12,6087.21,6089.02,6057.07,6067.03,59735,52,0
2024-12-13,6067.03,6090.55,6050.59,6067.14,78880,52,0
2024-12-15,6068.0,6072.12,6064.75,6070.02,1418,56,0
2024-12-16,6070.17,6106.92,6069.26,6090.84,55967,53,0
2024-12-17,6090.84,6096.9,6058.6,6068.62,72616,52,0
2024-12-18,6068.44,6093.2,5854.31,5889.62,157713,53,0
2024-12-19,5889.62,5953.91,5879.45,5882.66,194326,52,0
2024-12-20,5882.84,5998.37,5815.79,5948.35,199397,53,0
2024-12-22,5957.5,5975.95,5957.5,5971.38,4359,55,0
2024-12-23,5971.44,5993.4,5915.37,5986.91,137793,53,0
2024-12-24,5987.1,6050.5,5980.92,6050.01,49906,53,0
2024-12-25,6050.33,6054.31,6047.96,6049.46,1392,55,0
2024-12-26,6049.63,6059.56,6015.41,6047.59,79232,53,0
2024-12-27,6047.46,6047.58,5935.33,5979.88,145512,52,0
2024-12-29,5983.9,5990.63,5972.21,5979.66,2644,56,0
2024-12-30,5979.66,5982.18,5874.07,5909.08,156758,53,0
2024-12-31,5909.08,5939.12,5873.25,5893.66,138794,54,0
2025-01-01,5901.66,5911.61,5889.96,5895.5,2764,57,0
2025-01-02,5895.46,5951.3,5831.12,5871.17,240888,53,0
2025-01-03,5871.18,5953.01,5869.72,5944.09,117009,52,0
2025-01-05,5953.2,5953.2,5943.77,5948.31,2661,54,0
2025-01-06,5948.48,6025.61,5938.28,5983.8,126844,52,0
2025-01-07,5983.68,6003.45,5893.26,5916.98,177972,53,0
2025-01-08,5916.97,5934.16,5877.18,5909.87,198637,52,0
2025-01-09,5910.04,5917.7,5887.22,5891.12,35424,53,0
2025-01-10,5891.26,5919.7,5808.1,5828.09,218987,53,0
2025-01-12,5827.62,5831.77,5812.76,5824.5,4344,55,0
2025-01-13,5824.36,5863.72,5773.6,5854.98,204106,52,0
2025-01-14,5854.97,5883.15,5805.14,5850.38,187018,52,0
2025-01-15,5850.31,5964.82,5843.7,5958.43,121551,51,0
2025-01-16,5958.57,5981.75,5926.26,5939.29,159233,53,0
2025-01-17,5939.15,6016.41,5937.07,5998.24,103837,52,0
2025-01-19,5999.32,6004.52,5986.24,5989.39,2902,55,0
2025-01-20,5989.26,6044.52,5984.35,6034.71,55389,52,0
2025-01-21,6034.97,6067.36,5961.24,6064.93,136866,53,0
2025-01-22,6064.93,6103.75,6063.92,6085.18,68615,52,0
2025-01-23,6085.12,6122.71,6070.79,6117.07,65741,52,0
2025-01-24,6117.07,6131.37,6091.47,6102.16,78534,53,0
2025-01-26,6073.46,6076.28,6070.51,6074.81,4083,54,0
2025-01-27,6074.77,6075.47,5920.88,6025.34,262894,53,0
2025-01-28,6025.12,6078.47,5996.78,6061.24,139456,54,0
2025-01-29,6061.45,6084.95,6016.0,6043.17,182434,53,0
2025-01-30,6043.17,6090.75,6031.08,6084.06,149377,53,0
2025-01-31,6083.99,6122.65,6032.78,6041.23,142432,54,0
2025-02-02,5928.42,5951.95,5916.75,5943.87,13321,66,0
2025-02-03,5943.75,6043.65,5911.65,6032.8,268345,54,0
2025-02-04,6032.64,6045.45,5963.06,6019.53,138041,54,0
2025-02-05,6019.68,6069.4,5997.49,6068.26,103562,53,0
2025-02-06,6068.27,6086.65,6048.24,6079.21,88226,53,0
2025-02-07,6079.05,6101.81,6020.13,6027.8,164940,53,0
2025-02-09,5994.46,6041.17,5993.85,6039.99,4860,56,0
2025-02-10,6040.05,6076.15,6037.82,6057.9,73744,53,0
2025-02-11,6057.82,6079.4,6038.73,6074.27,78511,53,0
2025-02-12,6074.15,6078.33,6002.62,6066.57,121429,53,0
2025-02-13,6066.5,6120.16,6035.77,6115.47,110186,53,0
2025-02-14,6115.47,6128.47,6103.12,6113.53,61984,52,0
2025-02-16,6121.26,6121.88,6115.24,6118.51,1402,56,0
2025-02-17,6118.46,6131.12,6117.02,6125.34,16206,53,0
2025-02-18,6125.42,6141.5,6102.09,6134.32,68816,51,0
2025-02-19,6134.16,6150.95,6113.91,6139.87,63743,53,0
2025-02-20,6139.87,6142.13,6087.73,6122.92,89548,52,0
2025-02-21,6122.89,6127.75,6010.37,6016.55,121386,53,0
2025-02-23,6025.72,6040.83,6022.08,6038.57,3338,54,0
2025-02-24,6038.69,6055.35,5983.36,5988.57,146687,52,0
2025-02-25,5988.73,6005.28,5913.68,5976.23,205112,53,0
2025-02-26,5976.06,6014.06,5936.49,5970.06,177200,52,0
2025-02-27,5969.84,6005.81,5864.69,5879.05,263035,53,0
2025-02-28,5879.18,5963.61,5840.67,5955.17,265030,53,0
2025-03-02,5961.12,5978.35,5959.7,5968.41,4362,55,0
2025-03-03,5968.57,5994.69,5816.04,5864.91,304421,53,0
2025-03-04,5864.86,5878.53,5739.68,5829.88,424825,53,0
2025-03-05,5829.96,5865.36,5746.73,5841.65,351410,53,0
2025-03-06,5841.42,5846.34,5716.79,5761.25,333321,52,0
2025-03-07,5761.19,5787.5,5669.6,5777.87,344786,51,0
2025-03-09,5748.35,5748.6,5708.11,5731.27,12922,55,0
2025-03-10,5731.11,5755.32,5570.39,5600.91,341774,51,0
2025-03-11,5601.13,5650.12,5532.84,5592.4,446145,51,0
2025-03-12,5592.61,5673.09,5549.34,5620.0,302823,51,0
2025-03-13,5619.94,5622.39,5508.83,5552.07,328613,50,0
2025-03-14,5552.23,5647.86,5546.56,5637.46,237032,50,0
2025-03-16,5626.92,5633.18,5603.84,5610.29,12093,53,0
2025-03-17,5610.12,5710.27,5600.85,5682.64,211728,50,0
2025-03-18,5682.67,5686.53,5601.57,5624.43,230445,49,0
2025-03-19,5624.28,5721.04,5609.5,5697.63,201005,50,0
2025-03-20,5697.63,5714.01,5632.46,5665.09,206158,51,0
2025-03-21,5664.93,5674.39,5602.04,5666.52,193279,51,0
2025-03-23,5695.71,5707.02,5692.92,5705.13,5381,51,0
2025-03-24,5705.26,5778.21,5703.62,5764.63,89184,50,0
2025-03-25,5764.63,5790.22,5755.28,5786.43,84660,51,0
2025-03-26,5786.47,5790.24,5687.75,5702.94,125080,50,0
2025-03-27,5702.9,5735.03,5675.91,5691.4,170213,52,0
2025-03-28,5691.23,5703.18,5572.23,5578.44,162890,52,0
2025-03-30,5547.3,5558.71,5539.43,5552.18,9404,52,0
2025-03-31,5551.98,5631.71,5493.05,5595.13,248170,50,0
2025-04-01,5595.25,5655.13,5560.34,5643.19,248392,51,0
2025-04-02,5643.53,5733.29,5442.96,5472.89,306800,50,0
2025-04-03,5472.98,5525.5,5368.98,5383.65,379544,50,0
2025-04-04,5383.68,5396.19,5067.14,5076.14,679403,48,0
2025-04-06,4870.58,4909.32,4801.1,4882.89,44932,57,0
2025-04-07,4882.73,5253.09,4810.79,5116.94,1001011,46,0
2025-04-08,5116.8,5271.63,4897.96,4926.95,597888,48,0
2025-04-09,4926.91,5494.83,4843.57,5480.67,773665,47,0
2025-04-10,5480.43,5483.84,5114.21,5242.19,692550,49,0
2025-04-11,5242.15,5384.11,5174.43,5359.19,500000,50,0
2025-04-13,5429.08,5436.32,5378.79,5398.34,17378,56,0
2025-04-14,5398.48,5465.93,5359.39,5389.87,283963,49,0
2025-04-15,5389.65,5453.17,5343.26,5355.12,221633,51,0
2025-04-16,5354.88,5393.61,5219.68,5277.32,262485,49,0
2025-04-17,5277.38,5340.25,5255.87,5296.26,262052,49,0
2025-04-20,5263.58,5279.09,5252.11,5265.29,6615,53,0
2025-04-21,5265.05,5275.48,5100.02,5178.25,143211,50,0
2025-04-22,5178.49,5398.14,5171.09,5386.66,186217,50,0
2025-04-23,5386.91,5471.82,5352.52,5385.87,257451,51,0
2025-04-24,5385.64,5515.53,5330.24,5503.77,166666,50,0
2025-04-25,5503.61,5530.11,5455.7,5523.69,194819,51,0
2025-04-27,5519.17,5520.52,5504.1,5507.59,4644,52,0
2025-04-28,5507.77,5555.42,5469.73,5532.72,152002,51,0
2025-04-29,5532.49,5574.75,5499.1,5549.37,175220,50,0
2025-04-30,5549.14,5617.26,5433.38,5612.65,250073,50,0
2025-05-01,5612.79,5660.35,5579.84,5590.53,173948,51,0
2025-05-02,5590.58,5703.4,5584.11,5685.91,159130,51,0
2025-05-04,5684.2,5685.11,5651.88,5658.86,6518,54,0
2025-05-05,5658.87,5686.53,5635.82,5647.72,107263,51,0
2025-05-06,5647.72,5671.1,5586.15,5653.63,154352,51,0
2025-05-07,5653.46,5663.11,5578.34,5628.24,216601,51,0
2025-05-08,5628.18,5723.25,5623.69,5661.54,165580,51,0
2025-05-09,5661.3,5696.99,5644.89,5659.3,135545,50,0
2025-05-11,5739.14,5742.9,5717.62,5729.35,10360,54,0
2025-05-12,5729.0,5859.7,5727.37,5840.76,159970,52,0
2025-05-13,5840.93,5910.81,5820.03,5892.44,104962,53,0
2025-05-14,5892.27,5909.86,5875.17,5881.01,115777,52,0
2025-05-15,5880.85,5928.66,5851.24,5920.24,115955,52,0
2025-05-16,5920.49,5961.65,5907.57,5925.31,81465,52,0
2025-05-18,5912.28,5933.97,5911.39,5926.46,6868,55,0
2025-05-19,5926.84,5979.81,5879.03,5974.67,107005,53,0
2025-05-20,5974.49,5978.35,5914.34,5943.26,103115,53,0
2025-05-21,5943.32,5946.28,5836.37,5849.71,177720,52,0
2025-05-22,5849.76,5883.86,5817.93,5849.13,157495,52,0
2025-05-23,5849.37,5860.76,5746.21,5799.95,195857,52,0
2025-05-25,5806.71,5867.91,5804.77,5857.01,11519,57,0
2025-05-26,5856.84,5886.35,5853.29,5871.16,36590,53,0
2025-05-27,5871.14,5934.73,5854.93,5930.53,85363,52,0
2025-05-28,5930.35,5991.51,5885.63,5984.41,112045,53,0
2025-05-29,5984.44,6001.45,5878.26,5899.42,163808,53,0
2025-05-30,5899.42,5928.49,5848.69,5907.42,172119,53,0
2025-06-01,5895.29,5906.35,5890.65,5895.86,4096,55,0
2025-06-02,5895.86,5952.14,5864.77,5932.63,119135,53,0
2025-06-03,5932.67,5988.41,5906.82,5981.53,77261,54,0
2025-06-04,5981.36,5996.66,5971.14,5972.31,83356,54,0
2025-06-05,5972.35,6013.09,5926.6,5945.04,149424,53,0
2025-06-06,5944.92,6022.95,5944.92,6008.39,97586,54,0
2025-06-08,6010.01,6014.34,5993.92,6001.88,5238,55,0
2025-06-09,6001.9,6026.75,5991.42,6012.98,59582,54,0
2025-06-10,6013.02,6051.52,5990.92,6040.99,90570,53,0
2025-06-11,6040.86,6074.12,6005.41,6018.56,126392,54,0
2025-06-12,6018.99,6052.14,5989.17,6015.55,92122,55,0
2025-06-13,6015.65,6030.68,5926.89,5981.45,227673,51,0
2025-06-15,5950.09,5991.07,5950.09,5989.18,15358,56,0
2025-06-16,5989.01,6057.31,5984.03,6002.46,105320,53,0
2025-06-17,6002.63,6030.26,5967.81,5974.47,132356,54,0
2025-06-18,5974.85,6023.51,5974.55,5984.32,118838,54,0
2025-06-19,5984.16,5985.07,5920.6,5968.72,50438,54,0
2025-06-20,5968.62,6022.97,5955.47,5977.6,120405,54,0
2025-06-22,5919.99,5961.48,5912.84,5953.21,11378,57,0
2025-06-23,5953.06,6065.64,5943.31,6061.65,124214,54,0
2025-06-24,6061.8,6107.1,6052.69,6098.81,71778,54,0
2025-06-25,6098.91,6111.98,6083.14,6099.75,49152,54,0
2025-06-26,6099.92,6158.98,6097.97,6150.32,46829,55,0
2025-06-27,6150.49,6192.65,6136.62,6174.06,63117,56,0
2025-06-29,6180.33,6200.71,6180.0,6194.01,3729,57,0
2025-06-30,6194.01,6219.52,6178.9,6204.66,57203,56,0
2025-07-01,6204.79,6215.85,6181.76,6207.02,72233,56,0
2025-07-02,6207.17,6234.88,6191.06,6233.1,50892,56,0
2025-07-03,6232.96,6288.8,6226.04,6271.55,36542,55,0
2025-07-04,6271.55,6274.76,6233.12,6240.54,23933,56,0
2025-07-06,6261.63,6273.15,6254.24,6260.49,4801,58,0
2025-07-07,6260.63,6273.13,6204.42,6227.25,81540,56,0
2025-07-08,6227.41,6248.09,6221.41,6230.5,60717,56,0
2025-07-09,6230.55,6275.7,6220.13,6264.33,57459,56,0
2025-07-10,6264.13,6296.39,6248.17,6291.23,43042,55,0
2025-07-11,6291.25,6291.25,6237.87,6255.17,69687,56,0
2025-07-13,6237.68,6241.57,6224.55,6236.65,5514,57,0
2025-07-14,6236.81,6275.94,6221.08,6265.31,50634,56,0
2025-07-15,6265.31,6304.1,6226.77,6234.97,76181,56,0
2025-07-16,6234.79,6270.5,6203.51,6255.94,94127,57,0
2025-07-17,6255.85,6314.31,6250.81,6313.67,47622,55,0
2025-07-18,6313.43,6319.27,6285.46,6296.63,43743,56,0
2025-07-20,6299.09,6307.26,6294.34,6307.22,2025,57,0
2025-07-21,6307.26,6338.59,6302.49,6313.57,30375,57,0
2025-07-22,6313.46,6330.21,6284.5,6328.7,58119,56,0
2025-07-23,6328.55,6373.37,6315.51,6370.51,66411,56,0
2025-07-24,6370.28,6385.46,6359.27,6378.72,46172,56,0
2025-07-25,6378.94,6397.75,6368.84,6393.52,30873,56,0
2025-07-27,6414.05,6423.43,6411.4,6416.76,3344,59,0
2025-07-28,6416.86,6426.64,6377.97,6399.05,39447,55,0
2025-07-29,6399.06,6413.15,6367.82,6379.6,50419,56,0
2025-07-30,6379.36,6418.95,6339.1,6414.52,91859,56,0
2025-07-31,6414.48,6439.41,6322.6,6335.1,129537,56,0
2025-08-01,6334.87,6344.53,6214.11,6238.26,182419,57,0
2025-08-03,6232.24,6247.85,6227.57,6246.64,7242,58,0
2025-08-04,6246.48,6348.0,6245.15,6340.56,75368,55,0
2025-08-05,6340.4,6353.65,6290.79,6294.08,102185,56,0
2025-08-06,6293.83,6365.45,6293.3,6358.7,92992,56,0
2025-08-07,6358.52,6404.77,6312.35,6355.2,119030,57,0
2025-08-08,6355.17,6403.99,6347.48,6401.0,60478,57,0
2025-08-10,6402.97,6404.87,6393.16,6394.67,2601,58,0
2025-08-11,6394.66,6411.25,6367.66,6379.54,57768,57,0
2025-08-12,6379.39,6453.78,6372.02,6452.64,79875,57,0
2025-08-13,6452.47,6483.53,6442.46,6468.85,55318,57,0
2025-08-14,6468.93,6477.27,6434.41,6471.42,73871,57,0
2025-08-15,6471.64,6489.71,6443.76,6448.67,64094,58,0
2025-08-17,6451.14,6466.19,6450.89,6464.58,2097,58,0
2025-08-18,6464.45,6467.91,6439.45,6456.21,53928,56,0
2025-08-19,6456.2,6460.81,6404.02,6412.43,71529,57,0
2025-08-20,6412.48,6414.94,6347.93,6396.52,120545,56,0
2025-08-21,6396.35,6404.06,6355.82,6383.88,112848,56,0
2025-08-22,6383.63,6481.88,6349.63,6470.13,115018,57,0
2025-08-24,6476.06,6476.5,6467.09,6471.22,3393,50,0
2025-08-25,6471.28,6475.24,6440.77,6448.24,58707,30,0
2025-08-26,6448.22,6478.76,6419.54,6476.56,91856,30,0
2025-08-27,6476.55,6495.03,6449.87,6466.71,71963,30,0
2025-08-28,6466.54,6514.52,6461.84,6505.7,79480,30,0
2025-08-29,6505.86,6508.15,6447.15,6467.11,91108,30,0
2025-08-31,6474.19,6483.79,6468.56,6482.3,2742,50,0
2025-09-01,6482.44,6485.3,6453.67,6463.76,28468,30,0
2025-09-02,6463.65,6470.1,6367.12,6431.58,169306,30,0
2025-09-03,6431.42,6460.46,6420.45,6452.12,99084,30,0
2025-09-04,6452.1,6514.18,6450.86,6511.82,74923,30,0
2025-09-05,6511.96,6538.26,6448.23,6484.16,181391,30,0
2025-09-07,6487.23,6504.35,6478.6,6503.35,4741,50,0
2025-09-08,6503.24,6515.09,6488.9,6508.66,72239,30,0
2025-09-09,6508.68,6537.19,6488.61,6530.05,76869,30,0
2025-09-10,6529.82,6565.17,6522.72,6545.84,84612,30,0
2025-09-11,6545.69,6600.18,6536.49,6593.87,72231,30,0
2025-09-12,6593.64,6606.84,6576.13,6588.78,64303,30,0
2025-09-14,6591.91,6594.3,6587.2,6590.06,1687,50,0
2025-09-15,6590.05,6626.25,6586.84,6623.79,70826,30,0
2025-09-16,6623.61,6642.93,6606.66,6619.05,56944,30,0
2025-09-17,6619.02,6632.54,6556.65,6630.4,245280,21,0
2025-09-18,6630.4,6666.57,6617.4,6650.7,104726,21,0
2025-09-19,6650.87,6678.91,6627.22,6666.45,77575,21,0
2025-09-21,6665.29,6670.12,6661.65,6663.86,1909,50,0
2025-09-22,6664.07,6706.38,6645.0,6701.07,52705,21,0
2025-09-23,6701.24,6706.53,6651.1,6669.08,79159,21,0
2025-09-24,6668.92,6679.53,6629.46,6650.37,73912,21,0
2025-09-25,6650.13,6657.58,6576.4,6611.86,142133,21,0
2025-09-26,6611.67,6655.82,6606.11,6651.02,143973,21,0
2025-09-28,6652.99,6662.68,6652.4,6660.76,2567,50,0
2025-09-29,6660.94,6691.2,6651.22,6666.64,85881,21,0
2025-09-30,6666.43,6699.06,6648.44,6679.34,115181,21,0
2025-10-01,6679.51,6725.61,6635.8,6716.5,97633,21,0
2025-10-02,6716.57,6739.03,6698.35,6726.0,88823,21,0
2025-10-03,6726.14,6757.03,6711.65,6719.88,89625,21,0
2025-10-05,6725.91,6741.9,6725.41,6737.15,3928,50,0
2025-10-06,6737.15,6756.66,6725.77,6738.47,79632,21,0
2025-10-07,6738.24,6762.03,6706.07,6718.77,102419,21,0
2025-10-08,6718.72,6772.05,6717.75,6769.0,56899,21,0
2025-10-09,6768.85,6769.54,6721.1,6749.2,96244,21,0
2025-10-10,6749.38,6766.52,6507.4,6512.13,503251,21,0
2025-10-12,6625.47,6638.78,6606.47,6632.0,18633,50,0
2025-10-13,6631.85,6674.2,6616.5,6654.7,250040,21,0
2025-10-14,6654.7,6686.53,6557.62,6653.72,328877,21,0
2025-10-15,6653.6,6731.22,6615.93,6679.75,240302,21,0
2025-10-16,6679.52,6714.94,6596.97,6616.89,420246,21,0
2025-10-17,6616.72,6683.64,6537.17,6676.38,482212,21,0
2025-10-19,6689.23,6693.64,6668.8,6672.82,6311,50,0
2025-10-20,6672.59,6750.87,6661.92,6746.61,115343,21,0
2025-10-21,6746.49,6758.63,6727.68,6739.1,116025,21,0
2025-10-22,6739.21,6758.09,6659.29,6696.8,246917,21,0
2025-10-23,6696.69,6756.01,6687.38,6751.48,130120,21,0
2025-10-24,6751.45,6811.52,6747.75,6795.95,79631,52,0
2025-10-26,6845.44,6855.52,6838.72,6843.49,7536,64,0
2025-10-27,6843.28,6890.93,6840.18,6884.5,53421,52,0
2025-10-28,6884.3,6917.43,6875.15,6901.68,67195,46,0
2025-10-29,6901.84,6926.02,6857.44,6897.49,179768,46,0
2025-10-30,6897.74,6928.74,6825.8,6874.38,231267,46,0
2025-10-31,6874.41,6894.25,6821.06,6848.61,134888,52,0
2025-11-02,6857.27,6873.88,6855.69,6871.46,2419,64,0
2025-11-03,6871.56,6889.4,6828.69,6857.1,111001,52,0
2025-11-04,6856.96,6857.09,6767.0,6774.71,173052,46,0
2025-11-05,6774.94,6840.46,6730.65,6819.13,168838,46,0
2025-11-06,6819.27,6826.69,6715.15,6747.24,203506,46,0
2025-11-07,6747.02,6753.38,6639.19,6749.24,245012,46,0
2025-11-09,6773.05,6780.61,6764.22,6770.73,4552,64,0
2025-11-10,6770.68,6852.43,6757.93,6849.73,119203,46,0
2025-11-11,6849.55,6866.5,6818.3,6858.82,117803,52,0
2025-11-12,6858.67,6887.91,6839.05,6846.47,125767,46,0
2025-11-13,6846.64,6879.81,6733.51,6753.09,255516,52,0
2025-11-14,6752.91,6781.91,6657.54,6751.24,283427,46,0
2025-11-16,6751.99,6758.53,6728.85,6754.82,6157,64,0
2025-11-17,6754.99,6789.02,6645.85,6690.43,248031,46,0
2025-11-18,6690.67,6697.48,6582.94,6630.83,411150,46,0
2025-11-19,6630.67,6722.79,6602.65,6722.12,321800,46,0
2025-11-20,6721.92,6782.03,6531.87,6557.68,478695,46,0
2025-11-21,6557.84,6669.39,6517.06,6622.08,468734,46,0
2025-11-23,6651.55,6660.19,6644.04,6647.19,4869,64,0
2025-11-24,6647.06,6725.67,6619.23,6716.13,183909,64,0
2025-11-25,6715.88,6786.37,6668.71,6778.35,171122,64,0
2025-11-26,6778.43,6841.99,6775.18,6825.34,117516,64,0
2025-11-27,6825.1,6833.63,6820.51,6833.5,20921,64,0
2025-11-28,6833.41,6861.06,6828.9,6854.76,29522,64,0
2025-11-30,6858.73,6863.4,6847.55,6851.94,4187,64,0
2025-12-01,6852.1,6854.53,6801.14,6824.53,144193,64,0
2025-12-02,6824.41,6862.88,6811.94,6845.93,122815,64,0
2025-12-03,6845.93,6872.52,6817.8,6863.37,109534,64,0
2025-12-04,6863.38,6880.66,6836.29,6863.38,102776,64,0
2025-12-05,6863.35,6904.92,6856.96,6880.37,84486,64,0
2025-12-07,6885.97,6887.81,6879.11,6882.88,2062,64,0
2025-12-08,6883.04,6895.31,6837.35,6871.39,77948,64,0
2025-12-09,6871.42,6876.29,6847.4,6850.59,72095,64,0
2025-12-10,6850.59,6912.55,6834.74,6888.14,120348,64,0
2025-12-11,6888.13,6934.13,6823.39,6909.82,144609,64,0
2025-12-12,6909.4,6919.57,6812.8,6841.86,161598,64,0
2025-12-14,6843.7,6846.5,6827.16,6841.83,4128,64,0
2025-12-15,6841.72,6881.47,6813.34,6824.68,142235,64,0
2025-12-16,6824.8,6841.29,6767.0,6795.63,207860,64,0
2025-12-17,6795.56,6832.82,6726.11,6732.89,186974,64,0
2025-12-18,6733.11,6822.92,6721.98,6781.53,177243,64,0
2025-12-19,6781.6,6846.82,6772.4,6844.19,104938,64,0
2025-12-21,6858.97,6862.43,6854.34,6859.64,1861,64,0
2025-12-22,6859.63,6889.72,6853.93,6885.03,57529,64,0
2025-12-23,6884.88,6917.97,6867.7,6912.08,48993,64,0
2025-12-24,6912.21,6942.87,6907.44,6934.94,21851,64,0
2025-12-25,6939.73,6945.47,6936.52,6940.56,1730,72,0
2025-12-26,6940.59,6949.67,6925.6,6934.02,39203,64,0
2025-12-28,6938.45,6941.12,6935.27,6937.98,1188,72,0
2025-12-29,6938.15,6943.23,6894.61,6910.14,62978,64,0
2025-12-30,6910.17,6920.5,6898.49,6901.94,43404,64,0
2025-12-31,6901.77,6910.76,6850.2,6853.96,52131,64,0
2026-01-01,6860.5,6864.99,6857.25,6862.99,1585,72,0
2026-01-02,6862.99,6899.82,6826.93,6859.31,119503,64,0
2026-01-04,6871.09,6871.89,6862.06,6869.49,3471,64,0
2026-01-05,6869.59,6925.89,6864.93,6904.46,88977,64,0
2026-01-06,6904.43,6954.72,6893.8,6950.34,61019,64,0
2026-01-07,6950.55,6969.96,6921.82,6928.79,65085,64,0
2026-01-08,6928.94,6940.81,6899.78,6927.58,99838,64,0
2026-01-09,6927.58,6981.26,6917.88,6967.32,98643,64,0
2026-01-11,6970.03,6970.03,6956.78,6963.18,2426,64,0
2026-01-12,6963.13,6989.94,6915.06,6971.27,72954,64,0
2026-01-13,6971.44,7001.45,6942.11,6963.75,95989,64,0
2026-01-14,6963.65,6968.54,6889.54,6926.66,149858,64,0
2026-01-15,6926.69,6984.27,6919.59,6956.8,112405,64,0
2026-01-16,6956.76,6974.11,6928.0,6945.14,80443,64,0
2026-01-18,6888.72,6903.92,6882.18,6902.69,7419,67,0
2026-01-19,6902.54,6902.95,6856.95,6876.79,55176,64,0
2026-01-20,6876.94,6883.74,6792.46,6802.82,200997,64,0
2026-01-21,6803.12,6914.43,6785.36,6893.99,214853,64,0
2026-01-22,6894.15,6939.41,6881.23,6912.28,115492,64,0
2026-01-23,6912.05,6935.05,6895.94,6905.24,103474,64,0
2026-01-25,6866.04,6889.69,6852.62,6887.74,7338,67,0
2026-01-26,6887.88,6969.11,6885.23,6955.32,88391,64,0
2026-01-27,6955.39,6992.18,6951.83,6986.89,57078,64,0
2026-01-28,6986.92,7017.39,6952.1,6971.21,121067,64,0
2026-01-29,6971.3,7004.52,6873.65,6962.14,201417,64,0
2026-01-30,6962.32,6966.45,6893.62,6937.8,280942,64,0
2026-02-01,6916.02,6929.97,6896.13,6924.54,8569,67,0
2026-02-02,6924.38,7000.97,6842.68,6994.36,183475,64,0
2026-02-03,6994.29,7006.29,6866.09,6923.1,220215,64,0
2026-02-04,6923.33,6945.65,6843.41,6899.93,305753,64,0
2026-02-05,6899.99,6917.26,6746.17,6752.96,393760,64,0
2026-02-06,6752.7,6946.88,6733.82,6925.89,247728,64,0
2026-02-08,6943.1,6961.96,6942.04,6957.09,5946,64,0
2026-02-09,6956.87,6983.25,6903.87,6962.13,145606,64,0
2026-02-10,6962.13,6989.49,6940.27,6958.59,135410,64,0
2026-02-11,6958.59,6995.18,6914.99,6941.29,173274,64,0
2026-02-12,6941.07,6976.31,6825.96,6844.49,224541,64,0
2026-02-13,6844.32,6881.64,6793.15,6831.6,281853,64,0
2026-02-15,6837.86,6847.1,6830.39,6846.96,4049,72,0
2026-02-16,6846.72,6872.01,6827.36,6850.19,49546,64,0
2026-02-17,6850.36,6871.47,6777.85,6838.24,266431,64,0
2026-02-18,6838.27,6914.2,6837.59,6882.99,131201,64,0
2026-02-19,6882.99,6900.58,6835.6,6868.58,162433,64,0
2026-02-20,6868.77,6918.51,6835.99,6912.53,202414,64,0
2026-02-22,6907.88,6913.41,6891.14,6896.93,5280,72,0
2026-02-23,6896.7,6920.46,6823.51,6846.99,158602,64,0
2026-02-24,6847.1,6903.84,6820.05,6896.04,148657,64,0
2026-02-25,6895.89,6973.69,6884.52,6940.17,96421,64,0
2026-02-26,6940.24,6961.93,6862.48,6884.18,158192,64,0
2026-02-27,6884.18,6907.22,6833.03,6865.86,182994,64,0
2026-03-01,6808.69,6830.42,6804.56,6810.19,11209,67,0
2026-03-02,6810.35,6902.75,6760.36,6869.44,250943,64,0
2026-03-03,6869.44,6872.18,6710.81,6803.06,366750,64,0
2026-03-04,6802.93,6888.24,6764.81,6880.18,279397,64,0
2026-03-05,6879.96,6895.34,6771.42,6836.64,302291,64,0
2026-03-06,6836.51,6847.99,6709.6,6737.55,320438,64,0
2026-03-08,6681.95,6687.43,6606.65,6621.45,23028,64,0
2026-03-09,6621.51,6815.86,6577.55,6768.77,386501,64,0
2026-03-10,6768.74,6850.8,6759.31,6795.7,291385,64,0
2026-03-11,6795.85,6820.2,6713.14,6727.07,227829,64,0
2026-03-12,6727.31,6758.74,6670.06,6678.03,242861,64,0
2026-03-13,6678.18,6735.01,6623.52,6626.6,245054,64,0
2026-03-15,6612.55,6661.23,6611.18,6647.55,22777,64,0
2026-03-16,6647.67,6734.76,6647.07,6702.34,215618,64,0
2026-03-17,6702.49,6757.82,6665.05,6716.53,145347,64,0
2026-03-18,6716.58,6763.21,6605.35,6621.37,169321,64,0
2026-03-19,6621.49,6645.8,6563.12,6626.9,256154,64,0
2026-03-20,6626.92,6639.14,6477.61,6541.23,202127,64,0
2026-03-22,6471.47,6515.79,6466.5,6494.22,19124,64,0
2026-03-23,6494.39,6702.78,6438.75,6601.51,351075,64,0
2026-03-24,6601.41,6633.75,6529.12,6605.98,289669,64,0
2026-03-25,6606.15,6640.56,6573.56,6587.67,215172,64,0
2026-03-26,6588.04,6604.83,6473.32,6508.42,226669,64,0
2026-03-27,6508.58,6525.38,6351.02,6361.72,212944,64,0
2026-03-29,6339.73,6351.08,6326.5,6330.23,19362,64,0
2026-03-30,6330.39,6443.71,6322.53,6335.91,245216,64,0
2026-03-31,6335.8,6557.97,6316.94,6555.89,323397,64,0
2026-04-01,6555.65,6619.03,6541.83,6580.52,198506,64,0
2026-04-02,6580.69,6609.66,6469.3,6590.47,257190,64,0
2026-04-03,6590.7,6604.13,6564.66,6569.85,26398,64,0
2026-04-05,6554.74,6557.88,6535.56,6555.82,17098,64,0
2026-04-06,6555.7,6630.19,6554.73,6612.79,178677,64,0
2026-04-07,6612.67,6789.24,6543.78,6774.56,274650,64,0
2026-04-08,6774.25,6813.63,6747.12,6780.16,184806,64,0
2026-04-09,6780.05,6843.28,6760.14,6823.58,141181,64,0
2026-04-10,6823.42,6854.58,6812.2,6826.7,100497,64,0
2026-04-12,6747.9,6761.89,6735.33,6752.4,11863,64,0
2026-04-13,6752.54,6900.7,6745.4,6895.03,115778,64,0
2026-04-14,6894.99,6981.74,6889.54,6976.99,79525,64,0
2026-04-15,6976.81,7038.19,6959.83,7037.31,89888,64,0
2026-04-16,7037.43,7058.13,7014.87,7053.34,94751,64,0
2026-04-17,7053.18,7155.13,7045.54,7134.39,104460,64,0
2026-04-19,7074.12,7087.55,7056.87,7078.4,10364,67,0
2026-04-20,7078.51,7132.92,7073.52,7127.2,119290,64,0
2026-04-21,7127.43,7155.0,7057.98,7104.67,150171,64,0
2026-04-22,7104.69,7145.51,7102.83,7136.12,99614,64,0
2026-04-23,7135.9,7154.57,7053.26,7128.75,175710,64,0
2026-04-24,7128.81,7174.82,7110.43,7171.09,126952,64,0
2026-04-26,7161.42,7167.24,7147.76,7155.09,4529,72,0
2026-04-27,7155.21,7199.15,7153.84,7195.69,93761,64,0
2026-04-28,7195.73,7201.61,7125.23,7158.57,154879,64,0
2026-04-29,7158.64,7176.6,7109.99,7172.3,139122,64,0
2026-04-30,7172.54,7243.29,7113.44,7232.48,168569,64,0
2026-05-01,7232.31,7278.13,7222.9,7223.79,90881,64,0
2026-05-03,7254.05,7261.23,7240.46,7243.14,5558,67,0
2026-05-04,7242.89,7254.62,7178.64,7207.44,150907,64,0
2026-05-05,7207.61,7301.08,7204.19,7295.99,88374,64,0
2026-05-06,7295.85,7377.61,7281.08,7362.55,118494,64,0
2026-05-07,7362.44,7393.17,7321.95,7345.81,143552,64,0
2026-05-08,7346.06,7410.12,7346.06,7402.5,87919,64,0
2026-05-10,7387.1,7392.26,7373.37,7385.68,5784,67,0
2026-05-11,7385.7,7436.64,7379.94,7422.13,83382,64,0
2026-05-12,7421.9,7422.04,7346.1,7396.69,133246,64,0
2026-05-13,7396.46,7468.78,7383.24,7465.54,108568,72,0
2026-05-14,7465.37,7524.87,7456.29,7506.75,107850,64,0
2026-05-15,7506.59,7512.25,7393.8,7402.8,186099,72,0
2026-05-17,7398.88,7421.0,7384.06,7397.52,15495,72,0
2026-05-18,7397.42,7440.61,7360.08,7416.44,253736,72,0
2026-05-19,7416.29,7427.63,7342.36,7370.44,228110,64,0
2026-05-20,7370.28,7446.39,7344.69,7409.34,204774,72,0
2026-05-21,7409.12,7475.05,7397.42,7468.78,191658,72,0
2026-05-22,7469.12,7512.94,7458.73,7474.95,114550,72,0
2026-05-24,7509.66,7535.82,7509.57,7529.48,7144,67,0
2026-05-25,7529.37,7561.61,7527.32,7539.67,33826,72,0
2026-05-26,7539.76,7547.15,7509.25,7536.47,95514,72,0
2026-05-27,7536.38,7563.3,7507.88,7527.91,110138,72,0
2026-05-28,7527.58,7586.65,7498.74,7579.6,103880,72,0
2026-05-29,7579.49,7605.72,7567.24,7585.0,91695,72,0
2026-05-31,7590.36,7603.06,7582.16,7601.87,5127,72,0
2026-06-01,7602.0,7628.8,7573.06,7593.62,92656,72,0
2026-06-02,7593.47,7629.51,7574.05,7622.82,85650,72,0
2026-06-03,7622.67,7625.33,7527.67,7532.82,104654,72,0
2026-06-04,7532.72,7610.34,7523.64,7572.89,126556,72,0
2026-06-05,7572.67,7578.06,7358.57,7368.84,234598,64,0
2026-06-07,7373.19,7406.04,7356.95,7401.71,23293,72,0
2026-06-08,7401.5,7477.95,7385.67,7412.7,272508,64,0
2026-06-09,7412.45,7493.25,7249.27,7382.0,366585,64,0
2026-06-10,7382.06,7407.81,7236.49,7253.32,397778,64,0
2026-06-11,7253.55,7424.59,7249.94,7420.22,373014,64,0
2026-06-12,7420.42,7469.34,7373.24,7443.44,284938,64,0
2026-06-14,7493.0,7512.78,7490.92,7504.86,19581,67,0
2026-06-15,7504.65,7593.91,7502.36,7565.87,128457,72,0
2026-06-16,7565.87,7581.7,7523.53,7537.99,142936,64,0
2026-06-17,7538.23,7558.58,7419.34,7488.72,227635,34,0
2026-06-18,7488.57,7529.19,7479.37,7512.7,171488,64,0
2026-06-19,7512.47,7515.71,7467.89,7503.91,53803,72,0
2026-06-21,7493.61,7499.25,7462.72,7465.54,13699,72,0
2026-06-22,7465.13,7548.71,7464.03,7481.74,173049,72,0
2026-06-23,7481.52,7495.03,7365.39,7398.37,250880,72,0
2026-06-24,7397.91,7447.7,7355.4,7423.69,270908,72,0
2026-06-25,7423.85,7447.35,7341.64,7375.97,282937,72,0
2026-06-26,7375.84,7410.79,7309.34,7355.18,287080,67,0
2026-06-28,7358.07,7410.63,7357.24,7402.07,12516,72,0
2026-06-29,7402.3,7460.21,7364.06,7450.52,214868,72,0
2026-06-30,7450.42,7522.65,7436.97,7500.32,123032,72,0
2026-07-01,7500.46,7534.64,7461.49,7490.76,130147,72,0
2026-07-02,7490.61,7549.9,7435.48,7492.66,230074,64,0
2026-07-03,7492.41,7521.63,7483.84,7513.54,52112,64,0
2026-07-05,7525.39,7528.64,7509.63,7527.85,7351,72,0
2026-07-06,7527.99,7560.36,7496.39,7544.44,121788,64,0
2026-07-07,7544.05,7553.8,7488.44,7498.39,132027,64,0
2026-07-08,7498.34,7522.46,7428.01,7487.38,112395,108,0
2026-07-09,7487.67,7555.2,7485.05,7548.81,72082,96,0
2026-07-10,7548.96,7587.78,7513.53,7587.74,53341,96,0
2026-07-12,7567.76,7574.25,7554.81,7562.07,4462,101,0
2026-07-13,7561.91,7578.17,7505.1,7516.86,74717,108,0
2026-07-14,7517.1,7576.92,7495.49,7565.21,92590,101,0
2026-07-15,7565.14,7588.59,7534.47,7579.84,62371,108,0
2026-07-16,7580.12,7595.01,7512.71,7525.28,72905,108,0
2026-07-17,7525.86,7528.64,7438.63,7462.8,90892,108,0
2026-07-19,7455.35,7473.22,7450.34,7472.31,7412,108,0
2026-07-20,7472.7,7520.45,7442.6,7454.66,84832,108,0
2026-07-21,7454.49,7523.18,7443.28,7513.27,59378,96,0
2026-07-22,7513.34,7532.71,7474.2,7500.61,64766,96,0
2026-07-23,7500.81,7520.16,7382.23,7419.77,166130,96,0
2026-07-24,7420.02,7467.58,7402.71,7415.44,206710,96,0
2026-07-26,7461.17,7484.76,7460.8,7483.76,9036,101,0
2026-07-27,7484.01,7497.2,7389.44,7421.33,196182,108,0
2026-07-28,7421.47,7469.61,7389.84,7469.06,208900,96,0
2026-07-29,7468.86,7475.08,7299.08,7354.01,278526,96,0
2026-07-30,7354.27,7473.3,7327.28,7465.07,187617,108,0
2026-07-31,7464.82,7518.13,7404.89,7488.63,165161,108,0
2026-08-02,7525.41,7536.76,7523.0,7530.86,8330,108,0
2026-08-03,7530.61,7617.27,7522.35,7615.88,142136,42,0
2026-08-04,7616.14,7765.92,7609.88,7758.25,142889,42,0
2026-08-05,7757.99,7801.87,7727.62,7744.55,184484,42,0
2026-08-06,7744.29,7750.92,7706.92,7722.73,185809,42,0
2026-08-07,7722.99,7769.82,7708.23,7759.32,175133,42,0
2026-08-09,7763.33,7763.83,7748.44,7751.69,4170,42,0
2026-08-10,7751.95,7781.82,7749.53,7756.3,95344,42,0
2026-08-11,7756.05,7781.42,7724.92,7741.43,89014,42,0
2026-08-12,7741.69,7780.02,7734.68,7755.39,86110,42,0
2026-08-13,7755.13,7825.22,7751.13,7812.44,74350,42,0
2026-08-14,7812.94,7818.27,7783.02,7788.52,61827,42,0
2026-08-16,7795.46,7801.35,7792.24,7800.61,1841,40,0
2026-08-17,7800.35,7812.62,7751.29,7757.04,85557,40,0
2026-08-18,7757.05,7759.31,7695.94,7699.96,153509,40,0
2026-08-19,7699.96,7754.07,7687.45,7729.36,169479,40,0
2026-08-20,7729.1,7734.1,7646.63,7655.75,209924,40,0
2026-08-21,7655.49,7703.47,7650.99,7677.23,127264,40,0
2026-08-23,7685.78,7694.41,7673.55,7694.16,4760,40,0
2026-08-24,7693.91,7695.16,7674.15,7675.14,18064,40,0
