time,open,high,low,close,tick_volume,spread,real_volume
2020-01-02,1.29765,1.30072,1.29678,1.29834,15840,22,0
2020-01-03,1.29834,1.3004,1.29602,1.30022,18983,22,0
2020-01-05,1.29866,1.29881,1.2983799999999999,1.29879,616,23,0
2020-01-06,1.29883,1.29886,1.29583,1.29631,15621,22,0
2020-01-07,1.29631,1.30285,1.29561,1.30002,16322,22,0
2020-01-08,1.30002,1.30427,1.29756,1.30352,21179,22,0
2020-01-09,1.30353,1.31036,1.30253,1.30615,17401,22,0
2020-01-10,1.30618,1.30746,1.30282,1.30514,15702,22,0
2020-01-12,1.30515,1.30654,1.30515,1.30654,535,23,0
2020-01-13,1.30659,1.30667,1.30311,1.30551,14147,22,0
2020-01-14,1.30554,1.30785,1.30461,1.30656,15271,22,0
2020-01-15,1.30656,1.30771,1.30342,1.3039399999999999,14780,22,0
2020-01-16,1.3039399999999999,1.30552,1.30314,1.30405,13830,22,0
2020-01-17,1.30405,1.30741,1.3033000000000001,1.30652,13421,22,0
2020-01-19,1.3057699999999999,1.30657,1.3057699999999999,1.30637,523,22,0
2020-01-20,1.3063799999999999,1.30714,1.3042099999999999,1.30447,9526,22,0
2020-01-21,1.3044799999999999,1.30789,1.30439,1.30731,14892,22,0
2020-01-22,1.30731,1.31515,1.30356,1.3140100000000001,17851,22,0
2020-01-23,1.31409,1.3170600000000001,1.31232,1.31268,16202,22,0
2020-01-24,1.31268,1.31517,1.31166,1.31474,14361,22,0
2020-01-26,1.3152300000000001,1.31604,1.31482,1.31603,784,23,0
2020-01-27,1.31607,1.31985,1.31471,1.31871,15576,22,0
2020-01-28,1.31871,1.32046,1.31531,1.31633,13242,22,0
2020-01-29,1.31633,1.32086,1.31578,1.31973,12865,22,0
2020-01-30,1.31974,1.32256,1.3189600000000001,1.32108,15743,22,0
2020-01-31,1.32112,1.32521,1.31946,1.32328,17032,22,0
2020-02-02,1.32364,1.3243,1.32355,1.32402,523,23,0
2020-02-03,1.32406,1.33026,1.32312,1.32939,16959,22,0
2020-02-04,1.32945,1.33007,1.3263,1.32819,15085,22,0
2020-02-05,1.32822,1.33017,1.3262,1.3284500000000001,16789,22,0
2020-02-06,1.3285,1.33079,1.32695,1.32859,14128,22,0
2020-02-07,1.32863,1.33195,1.32782,1.33048,15723,22,0
2020-02-09,1.33026,1.3309,1.33019,1.3309,608,23,0
2020-02-10,1.33101,1.33282,1.32876,1.33169,14721,22,0
2020-02-11,1.3317,1.33189,1.32756,1.32893,13380,22,0
2020-02-12,1.32897,1.32946,1.32349,1.32555,13702,22,0
2020-02-13,1.32555,1.32705,1.32395,1.32651,15284,22,0
2020-02-14,1.32651,1.32681,1.32349,1.32504,11381,22,0
2020-02-16,1.32497,1.325,1.32435,1.32443,396,24,0
2020-02-17,1.32442,1.32493,1.32243,1.3235999999999999,7931,22,0
2020-02-18,1.32364,1.32773,1.32336,1.32534,13630,22,0
2020-02-19,1.32534,1.32551,1.32144,1.32203,12681,22,0
2020-02-20,1.32207,1.32678,1.3211,1.32592,16329,22,0
2020-02-21,1.3260100000000001,1.32673,1.32013,1.32241,16381,22,0
2020-02-23,1.32497,1.32559,1.32433,1.32523,998,23,0
2020-02-24,1.32525,1.33064,1.3247,1.32864,18802,22,0
2020-02-25,1.32865,1.33045,1.3266499999999999,1.32792,20577,22,0
2020-02-26,1.32792,1.33443,1.32706,1.3342399999999999,22703,22,0
2020-02-27,1.33427,1.33922,1.33157,1.33857,26087,22,0
2020-02-28,1.33868,1.34634,1.33853,1.33935,32624,22,0
2020-03-01,1.34355,1.34357,1.34037,1.34048,1467,28,0
2020-03-02,1.34048,1.34143,1.33142,1.33236,32456,22,0
2020-03-03,1.3323800000000001,1.33899,1.33188,1.33762,30707,22,0
2020-03-04,1.33762,1.34303,1.3329,1.33843,25909,22,0
2020-03-05,1.3385099999999999,1.34375,1.3385099999999999,1.3390900000000001,22410,22,0
2020-03-06,1.33913,1.34381,1.33789,1.34233,29191,22,0
2020-03-08,1.3542,1.36263,1.35418,1.36234,4312,23,0
2020-03-09,1.36233,1.37591,1.35168,1.36608,52565,22,0
2020-03-10,1.36609,1.37949,1.36083,1.3731499999999999,41684,22,0
2020-03-11,1.37311,1.37934,1.36806,1.37724,33648,22,0
2020-03-12,1.37724,1.39604,1.3706800000000001,1.39441,49549,22,0
2020-03-13,1.39438,1.39937,1.37813,1.38028,49744,22,0
2020-03-15,1.38618,1.3866100000000001,1.3732199999999999,1.3786800000000001,5640,23,0
2020-03-16,1.3786800000000001,1.40168,1.3786800000000001,1.40114,55068,22,0
2020-03-17,1.40114,1.42756,1.396,1.42416,45674,23,0
2020-03-18,1.42414,1.46499,1.41659,1.44807,60670,23,0
2020-03-19,1.44806,1.46672,1.44199,1.45001,66574,23,0
2020-03-20,1.44997,1.4528400000000001,1.4148800000000001,1.4341,59247,23,0
2020-03-22,1.4357199999999999,1.44876,1.43492,1.4464000000000001,3209,23,0
2020-03-23,1.44639,1.4558499999999999,1.43358,1.44788,61671,23,0
2020-03-24,1.44788,1.45306,1.43738,1.4439899999999999,46890,23,0
2020-03-25,1.444,1.44605,1.41777,1.4221599999999999,50805,23,0
2020-03-26,1.42215,1.42749,1.40096,1.40407,49271,23,0
2020-03-27,1.40408,1.41535,1.39214,1.3980000000000001,49825,23,0
2020-03-29,1.40158,1.40815,1.40145,1.40485,2709,23,0
2020-03-30,1.40486,1.419,1.40111,1.41799,46602,23,0
2020-03-31,1.41798,1.4348,1.40111,1.4077600000000001,56586,23,0
2020-04-01,1.40772,1.42707,1.4064999999999999,1.41516,48171,23,0
2020-04-02,1.41514,1.42972,1.40785,1.41296,49833,23,0
2020-04-03,1.41297,1.42232,1.40936,1.42005,42225,23,0
2020-04-05,1.4222299999999999,1.42605,1.42194,1.4252799999999999,2857,23,0
2020-04-06,1.42526,1.42585,1.40809,1.41126,43225,23,0
2020-04-07,1.41124,1.4122,1.39444,1.40152,42670,23,0
2020-04-08,1.40155,1.40804,1.39902,1.40023,38920,23,0
2020-04-09,1.40018,1.40765,1.3930500000000001,1.39844,43564,23,0
2020-04-10,1.39843,1.40052,1.39424,1.39484,12701,58,0
2020-04-12,1.39222,1.39971,1.39211,1.39685,2428,23,0
2020-04-13,1.39685,1.39865,1.3855,1.38733,29963,22,0
2020-04-14,1.38734,1.39237,1.38618,1.38801,31633,23,0
2020-04-15,1.388,1.41312,1.3879299999999999,1.41177,37780,23,0
2020-04-16,1.41175,1.4181300000000001,1.40127,1.40375,56105,23,0
2020-04-17,1.40375,1.41168,1.39963,1.3998300000000001,48364,23,0
2020-04-19,1.40126,1.40512,1.40121,1.40512,2075,23,0
2020-04-20,1.40514,1.41506,1.40307,1.41295,50955,23,0
2020-04-21,1.4129399999999999,1.4264000000000001,1.41127,1.41909,78392,23,0
2020-04-22,1.41906,1.42366,1.4114200000000001,1.41844,55532,23,0
2020-04-23,1.41846,1.41971,1.3999,1.40651,51099,23,0
2020-04-24,1.40651,1.4119,1.40228,1.4097,39741,23,0
2020-04-26,1.40947,1.41153,1.40878,1.41092,1441,23,0
2020-04-27,1.4109099999999999,1.41137,1.40131,1.4036,38401,23,0
2020-04-28,1.4036,1.4071500000000001,1.39351,1.39821,40008,22,0
2020-04-29,1.39821,1.3985,1.38733,1.38745,36308,22,0
2020-04-30,1.38746,1.39659,1.38494,1.39513,43094,22,0
2020-05-01,1.39513,1.41083,1.39484,1.4086,35231,23,0
2020-05-03,1.4082,1.4136199999999999,1.40735,1.41343,2379,23,0
2020-05-04,1.4134,1.41514,1.40502,1.40836,35734,22,0
2020-05-05,1.40836,1.40937,1.4007399999999999,1.40396,34233,23,0
2020-05-06,1.40393,1.41716,1.40221,1.41629,36057,23,0
2020-05-07,1.41628,1.41628,1.3952,1.39727,37001,23,0
2020-05-08,1.39726,1.39756,1.39077,1.39249,27900,22,0
2020-05-10,1.3933,1.39451,1.39237,1.39259,1673,23,0
2020-05-11,1.39261,1.40416,1.38992,1.4019599999999999,34804,23,0
2020-05-12,1.40195,1.40827,1.39715,1.40823,34832,23,0
2020-05-13,1.40823,1.41138,1.40055,1.4089800000000001,43051,23,0
2020-05-14,1.4089800000000001,1.41398,1.4031,1.40328,41965,23,0
2020-05-15,1.40328,1.41159,1.40167,1.41079,36209,23,0
2020-05-17,1.4104999999999999,1.41092,1.40865,1.4092,1579,23,0
2020-05-18,1.4092,1.40956,1.39328,1.39388,29965,23,0
2020-05-19,1.39389,1.39683,1.38656,1.39375,36215,22,0
2020-05-20,1.39375,1.39494,1.3867099999999999,1.39047,31647,23,0
2020-05-21,1.39047,1.39693,1.38906,1.3945699999999999,33931,23,0
2020-05-22,1.39458,1.4047399999999999,1.39404,1.4,32962,23,0
2020-05-24,1.39887,1.39982,1.39792,1.3985,1336,23,0
2020-05-25,1.39847,1.40064,1.3967800000000001,1.3970500000000001,25054,23,0
2020-05-26,1.39704,1.39757,1.3755899999999999,1.37838,34350,22,0
2020-05-27,1.37836,1.38214,1.37269,1.37541,40651,22,0
2020-05-28,1.37542,1.37887,1.37333,1.3774899999999999,41610,22,0
2020-05-29,1.3774899999999999,1.38315,1.37137,1.37756,46942,22,0
2020-05-31,1.3768799999999999,1.37962,1.37539,1.3777599999999999,2061,23,0
2020-06-01,1.37777,1.37812,1.35574,1.35819,39836,22,0
2020-06-02,1.35819,1.35819,1.3483100000000001,1.35098,39033,22,0
2020-06-03,1.35096,1.35712,1.34793,1.34932,46329,22,0
2020-06-04,1.34932,1.35401,1.34668,1.3502100000000001,42453,22,0
2020-06-05,1.3502100000000001,1.35119,1.33904,1.34207,43830,22,0
2020-06-07,1.34053,1.3418999999999999,1.33911,1.33963,1636,22,0
2020-06-08,1.33963,1.34356,1.33559,1.3369900000000001,36149,22,0
2020-06-09,1.33698,1.34869,1.33587,1.34227,41381,22,0
2020-06-10,1.34225,1.34367,1.3314599999999999,1.34265,53588,22,0
2020-06-11,1.34263,1.36481,1.33998,1.36375,64592,22,0
2020-06-12,1.3637299999999999,1.36653,1.35264,1.35984,66622,22,0
2020-06-14,1.3602400000000001,1.36385,1.35986,1.36348,2937,22,0
2020-06-15,1.36348,1.36849,1.3529499999999999,1.35302,61954,22,0
2020-06-16,1.35304,1.36219,1.35039,1.35357,61184,22,0
2020-06-17,1.3536000000000001,1.35934,1.35113,1.35774,50610,22,0
2020-06-18,1.35772,1.36152,1.35205,1.35924,48845,22,0
2020-06-19,1.35924,1.36166,1.35461,1.36059,41055,22,0
2020-06-21,1.36094,1.36267,1.36077,1.3618299999999999,2465,22,0
2020-06-22,1.3618299999999999,1.36247,1.34998,1.35034,36777,22,0
2020-06-23,1.35034,1.35698,1.34848,1.35406,45942,22,0
2020-06-24,1.35407,1.36453,1.35271,1.36447,46870,22,0
2020-06-25,1.36447,1.3669,1.36068,1.3637299999999999,42306,22,0
2020-06-26,1.36374,1.37144,1.3627099999999999,1.3686,34236,22,0
2020-06-28,1.36762,1.3694,1.36737,1.3679299999999999,1849,23,0
2020-06-29,1.36795,1.37039,1.36465,1.36557,36908,22,0
2020-06-30,1.36557,1.36984,1.35669,1.35739,35465,22,0
2020-07-01,1.35739,1.3600400000000001,1.3544800000000001,1.3592,32497,22,0
2020-07-02,1.35922,1.36231,1.35576,1.35701,33331,22,0
2020-07-03,1.35703,1.35806,1.35411,1.35418,23163,22,0
2020-07-05,1.35596,1.3559700000000001,1.35459,1.35486,1213,22,0
2020-07-06,1.35486,1.35587,1.35187,1.3538299999999999,27918,22,0
2020-07-07,1.3538299999999999,1.36087,1.3523800000000001,1.36041,31820,22,0
2020-07-08,1.36041,1.36227,1.34916,1.3517000000000001,34227,22,0
2020-07-09,1.3517000000000001,1.35933,1.34901,1.35801,35637,22,0
2020-07-10,1.35799,1.36304,1.35742,1.3590499999999999,32937,22,0
2020-07-12,1.35825,1.35979,1.3580999999999999,1.35978,1671,22,0
2020-07-13,1.35978,1.36112,1.3535599999999999,1.36102,30471,22,0
2020-07-14,1.36104,1.3645100000000001,1.35923,1.35982,37259,22,0
2020-07-15,1.35982,1.3606,1.35012,1.35064,32552,22,0
2020-07-16,1.35065,1.35801,1.35007,1.35732,29068,22,0
2020-07-17,1.3573,1.3588,1.35643,1.35777,21219,22,0
2020-07-19,1.35714,1.3582,1.35693,1.35737,1409,22,0
2020-07-20,1.35737,1.35991,1.35233,1.35246,23543,22,0
2020-07-21,1.35244,1.3525,1.3424,1.34459,27362,22,0
2020-07-22,1.34459,1.34821,1.3399,1.34182,31409,22,0
2020-07-23,1.34182,1.34264,1.33502,1.34029,36503,22,0
2020-07-24,1.34029,1.3444,1.3376299999999999,1.3414,36225,22,0
2020-07-26,1.3422100000000001,1.34302,1.3409499999999999,1.34193,2397,22,0
2020-07-27,1.3418999999999999,1.34198,1.33372,1.3338700000000001,33552,22,0
2020-07-28,1.3338700000000001,1.34062,1.33303,1.3379400000000001,32439,22,0
2020-07-29,1.33796,1.33861,1.333,1.3342,31484,22,0
2020-07-30,1.33419,1.34586,1.33332,1.3413599999999999,39266,22,0
2020-07-31,1.34138,1.34349,1.33713,1.341,40779,22,0
2020-08-02,1.33986,1.34053,1.33894,1.33998,2442,22,0
2020-08-03,1.33999,1.34501,1.33793,1.3394599999999999,30904,22,0
2020-08-04,1.33947,1.3419400000000001,1.32937,1.32962,31470,22,0
2020-08-05,1.32961,1.3307,1.3232599999999999,1.32654,33504,22,0
2020-08-06,1.32654,1.3324099999999999,1.32429,1.3317700000000001,39821,22,0
2020-08-07,1.33176,1.33974,1.33048,1.3382100000000001,37570,22,0
2020-08-09,1.33732,1.3391199999999999,1.33674,1.33871,1708,22,0
2020-08-10,1.33872,1.33937,1.3333,1.33528,24876,22,0
2020-08-11,1.33528,1.3354300000000001,1.32696,1.33106,34993,22,0
2020-08-12,1.33108,1.33459,1.32284,1.32423,36476,22,0
2020-08-13,1.32426,1.32504,1.3191,1.32207,31000,22,0
2020-08-14,1.32205,1.32707,1.32054,1.32596,26810,22,0
2020-08-16,1.32511,1.32579,1.32383,1.32527,1271,22,0
2020-08-17,1.32527,1.32614,1.31912,1.32214,22853,22,0
2020-08-18,1.32214,1.3222,1.31507,1.31577,28855,22,0
2020-08-19,1.31575,1.32259,1.31324,1.3210600000000001,30492,22,0
2020-08-20,1.32105,1.32434,1.3167499999999999,1.3173300000000001,33687,22,0
2020-08-21,1.31732,1.32331,1.31582,1.31745,28457,22,0
2020-08-23,1.31727,1.3181,1.31673,1.31789,1431,22,0
2020-08-24,1.31789,1.32372,1.31335,1.3216999999999999,25381,22,0
2020-08-25,1.3216999999999999,1.3238400000000001,1.31588,1.31651,27560,22,0
2020-08-26,1.31653,1.3204,1.31312,1.3140100000000001,26028,22,0
2020-08-27,1.3140100000000001,1.3165499999999999,1.31009,1.31222,38079,22,0
2020-08-28,1.31222,1.31318,1.30462,1.30969,32868,22,0
2020-08-30,1.30881,1.30904,1.3079399999999999,1.30813,1256,22,0
2020-08-31,1.30815,1.31036,1.30194,1.30379,31332,22,0
2020-09-01,1.30377,1.30857,1.29934,1.30539,37263,22,0
2020-09-02,1.30539,1.30945,1.30359,1.30468,34009,22,0
2020-09-03,1.30468,1.31608,1.30463,1.3136999999999999,42406,22,0
2020-09-04,1.3136999999999999,1.31392,1.30435,1.3061,42771,22,0
2020-09-06,1.30622,1.30801,1.30558,1.30755,2135,22,0
2020-09-07,1.3075700000000001,1.31149,1.30661,1.30953,21690,22,0
2020-09-08,1.30953,1.32534,1.30857,1.32389,39821,22,0
2020-09-09,1.32391,1.32583,1.31384,1.31522,33949,22,0
2020-09-10,1.31522,1.3201100000000001,1.31179,1.31886,32789,22,0
2020-09-11,1.31886,1.32065,1.315,1.31769,24216,22,0
2020-09-13,1.31796,1.31908,1.31763,1.31803,1449,22,0
2020-09-14,1.31805,1.31958,1.31521,1.31763,21836,22,0
2020-09-15,1.31763,1.32012,1.31338,1.31935,22475,22,0
2020-09-16,1.31935,1.31994,1.31268,1.31796,30202,22,0
2020-09-17,1.3179699999999999,1.32461,1.31436,1.3149600000000001,32407,22,0
2020-09-18,1.315,1.32077,1.31364,1.32029,26255,22,0
2020-09-20,1.31932,1.32056,1.31903,1.31975,1499,22,0
2020-09-21,1.31976,1.33194,1.31702,1.33016,31629,22,0
2020-09-22,1.33019,1.33448,1.32828,1.3296999999999999,30986,22,0
2020-09-23,1.3296999999999999,1.33935,1.32932,1.33865,31338,22,0
2020-09-24,1.33868,1.34169,1.33246,1.33497,33856,22,0
2020-09-25,1.335,1.34171,1.3338,1.3385500000000001,26127,22,0
2020-09-27,1.33809,1.3382800000000001,1.33708,1.33806,1300,22,0
2020-09-28,1.33806,1.34025,1.33534,1.33574,23569,22,0
2020-09-29,1.33578,1.34176,1.33413,1.33834,23322,22,0
2020-09-30,1.33834,1.34196,1.33009,1.33076,35447,22,0
2020-10-01,1.33076,1.3321100000000001,1.32663,1.32855,29227,22,0
2020-10-02,1.32858,1.33303,1.32809,1.33038,33697,22,0
2020-10-04,1.32955,1.33002,1.32911,1.32925,1432,22,0
2020-10-05,1.32924,1.32934,1.32505,1.32576,21934,22,0
2020-10-06,1.32575,1.33232,1.3241,1.33205,27473,22,0
2020-10-07,1.33201,1.3339699999999999,1.32486,1.32584,22877,22,0
2020-10-08,1.32584,1.32649,1.31882,1.31913,20387,22,0
2020-10-09,1.31914,1.31952,1.31089,1.31161,19973,22,0
2020-10-11,1.31231,1.31333,1.31148,1.31308,1280,22,0
2020-10-12,1.3130899999999999,1.31421,1.31003,1.31113,15354,22,0
2020-10-13,1.31113,1.31458,1.30984,1.3140100000000001,22401,22,0
2020-10-14,1.314,1.31622,1.31156,1.31507,22322,22,0
2020-10-15,1.31507,1.32585,1.31444,1.32272,26263,22,0
2020-10-16,1.32272,1.32366,1.31763,1.31863,21212,22,0
2020-10-18,1.31846,1.31895,1.31757,1.3179699999999999,1463,22,0
2020-10-19,1.3179699999999999,1.31969,1.3149600000000001,1.3189,19559,22,0
2020-10-20,1.3189,1.32029,1.3103500000000001,1.3119,20773,22,0
2020-10-21,1.3119,1.31596,1.30801,1.31537,23409,22,0
2020-10-22,1.31537,1.31764,1.31224,1.31356,22263,22,0
2020-10-23,1.31359,1.31593,1.31084,1.31238,19220,22,0
2020-10-25,1.31261,1.31602,1.31219,1.3147,1578,22,0
2020-10-26,1.3147199999999999,1.32241,1.31391,1.3205200000000001,22532,22,0
2020-10-27,1.3205200000000001,1.3208199999999999,1.31413,1.31911,20682,22,0
2020-10-28,1.3191,1.33328,1.31787,1.33103,30362,22,0
2020-10-29,1.331,1.33888,1.32772,1.33145,32027,22,0
2020-10-30,1.33144,1.33477,1.32789,1.33195,32661,22,0
2020-11-01,1.33139,1.33673,1.3312,1.3366,1295,57,0
2020-11-02,1.33678,1.33692,1.32131,1.3218,29202,22,0
2020-11-03,1.3219699999999999,1.32332,1.3096999999999999,1.3100399999999999,26519,22,0
2020-11-04,1.31022,1.32984,1.30948,1.31242,65157,22,0
2020-11-05,1.31259,1.31772,1.30275,1.30814,41440,22,0
2020-11-06,1.3082500000000001,1.30959,1.3018399999999999,1.30572,34058,22,0
2020-11-08,1.30478,1.30478,1.30153,1.3020100000000001,1015,60,0
2020-11-09,1.30222,1.30301,1.29277,1.3005200000000001,43297,22,0
2020-11-10,1.30069,1.30499,1.2984,1.30286,35434,22,0
2020-11-11,1.30302,1.3076400000000001,1.3007900000000001,1.30565,24391,22,0
2020-11-12,1.30582,1.31487,1.3054999999999999,1.31349,24575,22,0
2020-11-13,1.3136700000000001,1.31715,1.31154,1.31303,19102,22,0
2020-11-15,1.31322,1.31342,1.31152,1.3121399999999999,853,58,0
2020-11-16,1.31234,1.31273,1.30647,1.30728,21377,22,0
2020-11-17,1.30745,1.31154,1.30627,1.31027,21225,22,0
2020-11-18,1.31044,1.31167,1.3033299999999999,1.30862,22699,22,0
2020-11-19,1.3088,1.3122099999999999,1.3051599999999999,1.30858,22827,22,0
2020-11-20,1.30867,1.30958,1.30382,1.30915,20774,22,0
2020-11-22,1.30832,1.30911,1.30786,1.3082099999999999,797,55,0
2020-11-23,1.30838,1.31115,1.30446,1.3072,21671,22,0
2020-11-24,1.30736,1.30899,1.29893,1.29932,25666,22,0
2020-11-25,1.29953,1.3028,1.29853,1.29996,22475,22,0
2020-11-26,1.30012,1.30216,1.29897,1.3018399999999999,15319,22,0
2020-11-27,1.3020100000000001,1.3024,1.29711,1.29881,16928,22,0
2020-11-29,1.2984,1.2984,1.29724,1.29782,551,110,0
2020-11-30,1.29817,1.30088,1.29224,1.29887,26412,22,0
2020-12-01,1.2990599999999999,1.29911,1.29272,1.29309,25083,22,0
2020-12-02,1.29326,1.29576,1.29092,1.29148,25100,22,0
2020-12-03,1.2916400000000001,1.29401,1.28512,1.28655,22553,22,0
2020-12-04,1.2867199999999999,1.28728,1.27716,1.27841,24279,22,0
2020-12-06,1.27748,1.27828,1.27719,1.27792,932,57,0
2020-12-07,1.2781,1.28318,1.27763,1.2800799999999999,22854,22,0
2020-12-08,1.28026,1.28246,1.2767,1.28136,22018,22,0
2020-12-09,1.28153,1.28324,1.27685,1.28248,22972,22,0
2020-12-10,1.28268,1.28268,1.27058,1.2739,25921,22,0
2020-12-11,1.27406,1.27915,1.27185,1.27671,23352,22,0
2020-12-13,1.27508,1.27546,1.27409,1.2748599999999999,817,60,0
2020-12-14,1.27505,1.27887,1.27189,1.27588,20888,22,0
2020-12-15,1.27604,1.27705,1.26872,1.26967,21537,22,0
2020-12-16,1.26984,1.2788599999999999,1.26984,1.2744900000000001,24379,22,0
2020-12-17,1.27466,1.27495,1.26877,1.27297,19781,22,0
2020-12-18,1.27314,1.2797399999999999,1.27277,1.27808,20310,22,0
2020-12-20,1.27936,1.28084,1.27833,1.28076,880,62,0
2020-12-21,1.2809599999999999,1.29562,1.28055,1.285,36540,22,0
2020-12-22,1.28517,1.29327,1.2846199999999999,1.28897,26485,22,0
2020-12-23,1.28915,1.29141,1.28332,1.28406,23389,22,0
2020-12-24,1.2842500000000001,1.28752,1.28122,1.2863,17964,22,0
2020-12-27,1.28491,1.28525,1.2829,1.28379,864,62,0
2020-12-28,1.28399,1.28747,1.2812700000000001,1.28404,20354,22,0
2020-12-29,1.28422,1.28427,1.2779099999999999,1.28197,19926,22,0
2020-12-30,1.28214,1.28262,1.27466,1.2749,20694,22,0
2020-12-31,1.27508,1.27689,1.27132,1.27304,19484,22,0
2021-01-03,1.27264,1.27347,1.2718,1.2720799999999999,1056,60,0
2021-01-04,1.27227,1.2797100000000001,1.26642,1.27787,33197,22,0
2021-01-05,1.27804,1.27888,1.2655,1.26736,33179,22,0
2021-01-06,1.26752,1.27224,1.26291,1.2662499999999999,46296,22,0
2021-01-07,1.26643,1.27326,1.26637,1.26826,31297,22,0
2021-01-08,1.26843,1.2742,1.26578,1.2687599999999999,34985,22,0
2021-01-10,1.2699099999999999,1.27301,1.2691,1.27233,1020,79,0
2021-01-11,1.2726199999999999,1.28343,1.27183,1.27708,28603,22,0
2021-01-12,1.2772700000000001,1.27905,1.27036,1.2704900000000001,26282,22,0
2021-01-13,1.27066,1.2745600000000001,1.26794,1.26946,24622,22,0
2021-01-14,1.26966,1.27066,1.26238,1.26447,24586,22,0
2021-01-15,1.26464,1.27633,1.2635399999999999,1.2736100000000001,26361,22,0
2021-01-17,1.2726199999999999,1.27683,1.27233,1.27676,1069,56,0
2021-01-18,1.27711,1.27982,1.27411,1.27467,20878,22,0
2021-01-19,1.27484,1.27631,1.27146,1.2719,20769,22,0
2021-01-20,1.27207,1.27316,1.26053,1.2626,24343,22,0
2021-01-21,1.26277,1.26468,1.2588599999999999,1.26465,24039,22,0
2021-01-22,1.26482,1.2739500000000001,1.26404,1.27325,23688,22,0
2021-01-24,1.2717800000000001,1.27295,1.27128,1.2723900000000001,1079,60,0
2021-01-25,1.27258,1.27782,1.2686600000000001,1.2735400000000001,27178,22,0
2021-01-26,1.27372,1.27813,1.2686600000000001,1.2690299999999999,23168,22,0
2021-01-27,1.26919,1.28217,1.26843,1.28156,35187,22,0
2021-01-28,1.28173,1.28802,1.27872,1.28281,38170,22,0
2021-01-29,1.28297,1.2873700000000001,1.27368,1.27741,42064,22,0
2021-01-31,1.27854,1.28159,1.27829,1.27982,1752,56,0
2021-02-01,1.28,1.28636,1.27607,1.28467,36141,22,0
2021-02-02,1.28485,1.28688,1.2776100000000001,1.27838,30834,22,0
2021-02-03,1.27862,1.28104,1.27626,1.2782200000000001,26690,22,0
2021-02-04,1.27838,1.2844,1.27765,1.28226,25892,22,0
2021-02-05,1.2824499999999999,1.28317,1.27514,1.2753,24328,22,0
2021-02-07,1.27533,1.27613,1.27497,1.2757399999999999,1279,58,0
2021-02-08,1.27592,1.2781799999999999,1.27333,1.27363,21779,22,0
2021-02-09,1.2738,1.27652,1.26886,1.26956,24427,22,0
2021-02-10,1.26974,1.27095,1.26667,1.26948,25213,22,0
2021-02-11,1.2696399999999999,1.27101,1.26597,1.26979,21032,22,0
2021-02-12,1.2699,1.27621,1.2676,1.26909,18150,22,0
2021-02-14,1.26799,1.2686600000000001,1.26776,1.26863,753,57,0
2021-02-15,1.26881,1.26904,1.26298,1.26334,13020,22,0
2021-02-16,1.2635100000000001,1.27097,1.26088,1.27096,24113,22,0
2021-02-17,1.2711299999999999,1.2745199999999999,1.26864,1.26975,28986,22,0
2021-02-18,1.26992,1.2730000000000001,1.26647,1.26785,25908,22,0
2021-02-19,1.26802,1.27128,1.25933,1.26154,25958,22,0
2021-02-21,1.26106,1.26147,1.25942,1.2598099999999999,1086,56,0
2021-02-22,1.25998,1.26529,1.25797,1.26087,28904,22,0
2021-02-23,1.2610299999999999,1.26463,1.2578,1.2591999999999999,30988,22,0
2021-02-24,1.25938,1.25973,1.25034,1.25104,33679,22,0
2021-02-25,1.2511999999999999,1.26135,1.24671,1.26112,41355,22,0
2021-02-26,1.26129,1.2741500000000001,1.25862,1.27382,50978,22,0
2021-02-28,1.27264,1.27331,1.2689599999999999,1.26947,1377,59,0
2021-03-01,1.26965,1.27119,1.26367,1.26384,30890,22,0
2021-03-02,1.264,1.26971,1.25993,1.26337,35635,22,0
2021-03-03,1.2635399999999999,1.2671999999999999,1.2592400000000001,1.2671999999999999,33459,22,0
2021-03-04,1.26738,1.26929,1.25746,1.26767,46098,22,0
2021-03-05,1.26768,1.27363,1.26447,1.26541,46219,22,0
2021-03-07,1.26474,1.2650000000000001,1.2619,1.26292,1305,57,0
2021-03-08,1.2631000000000001,1.2698800000000001,1.26247,1.26559,39190,22,0
2021-03-09,1.26575,1.26846,1.25896,1.26436,34126,22,0
2021-03-10,1.26454,1.26824,1.26085,1.26187,32313,22,0
2021-03-11,1.26204,1.26244,1.25196,1.2533699999999999,25044,22,0
2021-03-12,1.25355,1.25722,1.24611,1.24748,26850,22,0
2021-03-14,1.24726,1.24803,1.24681,1.24685,1380,22,0
2021-03-15,1.24685,1.25121,1.244,1.24769,24201,22,0
2021-03-16,1.24769,1.2499500000000001,1.24349,1.24424,21763,22,0
2021-03-17,1.24425,1.24923,1.23864,1.23867,25081,22,0
2021-03-18,1.2386300000000001,1.25257,1.23643,1.2493,32021,22,0
2021-03-19,1.2493,1.2546599999999999,1.2461,1.25009,28120,22,0
2021-03-21,1.25165,1.25268,1.2515100000000001,1.2523,1164,22,0
2021-03-22,1.25231,1.25399,1.24724,1.25202,19741,22,0
2021-03-23,1.25203,1.25971,1.25179,1.2588,25670,22,0
2021-03-24,1.25879,1.26078,1.25418,1.2578,24071,22,0
2021-03-25,1.25779,1.26279,1.25457,1.2603900000000001,28191,22,0
2021-03-26,1.2603900000000001,1.26074,1.25599,1.25724,20191,22,0
2021-03-28,1.25701,1.25851,1.25682,1.25845,848,22,0
2021-03-29,1.25843,1.2626,1.25792,1.25898,20543,22,0
2021-03-30,1.25898,1.26463,1.2579799999999999,1.26209,21701,22,0
2021-03-31,1.26209,1.26279,1.25384,1.25636,22772,22,0
2021-04-01,1.25636,1.2601,1.25375,1.25446,26967,12,0
2021-04-02,1.25446,1.25744,1.25254,1.25679,8591,37,0
2021-04-04,1.2570299999999999,1.25849,1.25625,1.25636,1169,22,0
2021-04-05,1.25641,1.25939,1.25012,1.25195,20077,12,0
2021-04-06,1.252,1.25824,1.2515800000000001,1.25713,24736,12,0
2021-04-07,1.25713,1.26339,1.25652,1.2612700000000001,32434,12,0
2021-04-08,1.26132,1.26266,1.25535,1.25625,30042,12,0
2021-04-09,1.2563,1.26104,1.25253,1.2528299999999999,33098,12,0
2021-04-11,1.25347,1.25365,1.2524899999999999,1.25331,1366,22,0
2021-04-12,1.25336,1.25736,1.25297,1.2562,29766,12,0
2021-04-13,1.25625,1.2629000000000001,1.25261,1.25362,33742,12,0
2021-04-14,1.25367,1.25757,1.2499,1.25162,31567,12,0
2021-04-15,1.25168,1.2557800000000001,1.24759,1.25446,33819,12,0
2021-04-16,1.25451,1.25589,1.24936,1.25067,28368,12,0
2021-04-18,1.25054,1.25174,1.25022,1.25174,866,22,0
2021-04-19,1.25179,1.25435,1.24704,1.25228,33223,12,0
2021-04-20,1.25233,1.2622900000000001,1.24777,1.26114,39916,12,0
2021-04-21,1.26119,1.26532,1.24589,1.25035,42254,12,0
2021-04-22,1.25035,1.25342,1.24724,1.25021,39608,12,0
2021-04-23,1.25026,1.25087,1.24601,1.24743,30700,12,0
2021-04-25,1.24743,1.24886,1.24716,1.24884,957,22,0
2021-04-26,1.24889,1.249,1.23832,1.23953,33733,12,0
2021-04-27,1.23958,1.24181,1.23876,1.24057,27960,12,0
2021-04-28,1.24063,1.24171,1.22994,1.23022,36166,12,0
2021-04-29,1.23027,1.23211,1.22741,1.22756,33472,12,0
2021-04-30,1.22754,1.2321900000000001,1.22652,1.22909,35544,12,0
2021-05-02,1.22873,1.22895,1.22783,1.22791,739,22,0
2021-05-03,1.22796,1.23175,1.22659,1.22796,28624,12,0
2021-05-04,1.22801,1.23508,1.22763,1.23003,36308,12,0
2021-05-05,1.23009,1.23057,1.22509,1.22677,27278,12,0
2021-05-06,1.22682,1.22877,1.2140900000000001,1.2155,35773,12,0
2021-05-07,1.21555,1.21932,1.21215,1.21257,36825,12,0
2021-05-09,1.21156,1.21308,1.21093,1.21154,1118,22,0
2021-05-10,1.2116,1.213,1.20779,1.20934,34175,12,0
2021-05-11,1.20939,1.21254,1.20774,1.20965,42651,12,0
2021-05-12,1.2097,1.21355,1.20452,1.2119900000000001,56479,12,0
2021-05-13,1.21203,1.22022,1.2103,1.21696,51165,12,0
2021-05-14,1.21701,1.2178,1.20797,1.21007,36563,12,0
2021-05-16,1.21052,1.21178,1.21007,1.21118,1054,22,0
2021-05-17,1.21118,1.21357,1.20599,1.2061,35786,12,0
2021-05-18,1.20615,1.20806,1.20122,1.2072,33204,12,0
2021-05-19,1.20725,1.21425,1.20534,1.21306,57600,12,0
2021-05-20,1.21311,1.21439,1.20484,1.20624,38049,12,0
2021-05-21,1.20629,1.20939,1.20266,1.20649,38459,12,0
2021-05-23,1.20613,1.20752,1.20519,1.20693,1027,22,0
2021-05-24,1.20696,1.2085,1.20386,1.20491,30536,12,0
2021-05-25,1.20497,1.2077499999999999,1.20282,1.20654,36700,12,0
2021-05-26,1.20659,1.21353,1.20424,1.21295,35867,12,0
2021-05-27,1.21299,1.21411,1.20556,1.20699,32950,12,0
2021-05-28,1.2070400000000001,1.21194,1.20624,1.20741,30004,12,0
2021-05-30,1.2065,1.20793,1.20641,1.20776,709,22,0
2021-05-31,1.20781,1.2091,1.20442,1.206,20509,12,0
2021-06-01,1.20605,1.20766,1.20061,1.207,28412,12,0
2021-06-02,1.20705,1.20908,1.20278,1.20396,25530,12,0
2021-06-03,1.20401,1.21193,1.20293,1.21087,28538,12,0
2021-06-04,1.21092,1.21325,1.20697,1.20786,29578,12,0
2021-06-06,1.20706,1.20779,1.20648,1.20749,1055,22,0
2021-06-07,1.20754,1.21061,1.20561,1.20859,24557,12,0
2021-06-08,1.20864,1.21168,1.20705,1.21124,26530,12,0
2021-06-09,1.21129,1.21168,1.20573,1.21139,23279,12,0
2021-06-10,1.21144,1.21247,1.20692,1.20953,35020,12,0
2021-06-11,1.2095799999999999,1.21767,1.20792,1.2156500000000001,24568,12,0
2021-06-13,1.21572,1.2159200000000001,1.21512,1.2159200000000001,722,22,0
2021-06-14,1.21597,1.21707,1.21272,1.21421,25113,12,0
2021-06-15,1.21426,1.22034,1.2128700000000001,1.21848,27028,12,0
2021-06-16,1.21853,1.2283,1.21561,1.22775,47495,12,0
2021-06-17,1.2278,1.23775,1.22616,1.23445,44953,12,0
2021-06-18,1.2345,1.248,1.2338,1.24665,46324,12,0
2021-06-20,1.24647,1.24651,1.24389,1.24497,1221,22,0
2021-06-21,1.24502,1.24864,1.2352400000000001,1.2368999999999999,44118,12,0
2021-06-22,1.23695,1.24025,1.22998,1.23101,33964,12,0
2021-06-23,1.23106,1.23282,1.22515,1.23042,31108,12,0
2021-06-24,1.23047,1.23401,1.22817,1.23212,29584,12,0
2021-06-25,1.2322,1.23287,1.22712,1.22946,25692,12,0
2021-06-27,1.22912,1.23016,1.2286299999999999,1.22903,952,22,0
2021-06-28,1.22908,1.23471,1.22868,1.23339,28420,12,0
2021-06-29,1.23343,1.24023,1.23307,1.23964,28125,12,0
2021-06-30,1.23969,1.24232,1.23548,1.23932,32885,12,0
2021-07-01,1.23937,1.24448,1.23636,1.24399,28304,12,0
2021-07-02,1.24404,1.2449,1.23082,1.2324,34611,12,0
2021-07-04,1.23162,1.23318,1.23146,1.233,924,22,0
2021-07-05,1.23305,1.2370700000000001,1.23225,1.23396,20767,12,0
2021-07-06,1.2340200000000001,1.24943,1.2302,1.24574,40286,12,0
2021-07-07,1.24579,1.25187,1.24222,1.24814,44311,12,0
2021-07-08,1.24819,1.25897,1.2477800000000001,1.25302,55585,12,0
2021-07-09,1.2530700000000001,1.25563,1.2442199999999999,1.24426,40300,12,0
2021-07-11,1.2448299999999999,1.24529,1.24413,1.24477,1116,22,0
2021-07-12,1.24482,1.25138,1.24479,1.24554,35279,12,0
2021-07-13,1.24559,1.25391,1.24415,1.25208,42506,12,0
2021-07-14,1.25213,1.25254,1.24244,1.25152,45149,12,0
2021-07-15,1.25157,1.2612999999999999,1.2500499999999999,1.25911,45450,12,0
2021-07-16,1.2591700000000001,1.2619799999999999,1.25603,1.26124,37806,12,0
2021-07-18,1.26041,1.26219,1.26027,1.2616800000000001,1107,22,0
2021-07-19,1.26172,1.2806899999999999,1.26167,1.27488,62184,12,0
2021-07-20,1.27493,1.27862,1.26716,1.26745,52941,12,0
2021-07-21,1.2675,1.2729599999999999,1.25248,1.25704,44296,12,0
2021-07-22,1.25709,1.25937,1.2528299999999999,1.25633,39727,12,0
2021-07-23,1.25638,1.26067,1.25543,1.25622,30184,12,0
2021-07-25,1.25577,1.25716,1.25531,1.25674,439,22,0
2021-07-26,1.25679,1.25898,1.25271,1.25423,27476,12,0
2021-07-27,1.25427,1.26038,1.25374,1.25905,34939,12,0
2021-07-28,1.2591,1.26021,1.25148,1.25193,43988,12,0
2021-07-29,1.25197,1.25295,1.24312,1.24486,27240,12,0
2021-07-30,1.24492,1.2490700000000001,1.24214,1.24664,31087,12,0
2021-08-01,1.24734,1.2476,1.24614,1.2466599999999999,786,22,0
2021-08-02,1.24672,1.25144,1.2452,1.25004,24610,12,0
2021-08-03,1.25008,1.25751,1.24886,1.25325,30341,12,0
2021-08-04,1.25331,1.25621,1.25145,1.25435,25166,12,0
2021-08-05,1.25441,1.25445,1.24737,1.2500499999999999,24986,12,0
2021-08-06,1.24999,1.25803,1.2493400000000001,1.25514,30636,12,0
2021-08-08,1.25461,1.25786,1.25451,1.25715,1200,22,0
2021-08-09,1.25721,1.25872,1.25308,1.25746,25899,12,0
2021-08-10,1.25751,1.2588599999999999,1.25146,1.25186,22969,12,0
2021-08-11,1.25192,1.25477,1.24886,1.25068,24107,12,0
2021-08-12,1.25073,1.25328,1.24999,1.25192,19658,12,0
2021-08-13,1.25197,1.25315,1.25008,1.25144,15283,12,0
2021-08-15,1.25148,1.25192,1.25104,1.2517800000000001,330,22,0
2021-08-16,1.25182,1.25835,1.2517,1.25706,20879,12,0
2021-08-17,1.25711,1.26481,1.25697,1.26263,27782,12,0
2021-08-18,1.26268,1.26624,1.25964,1.26624,29671,12,0
2021-08-19,1.2663,1.28317,1.2659,1.2830599999999999,44094,12,0
2021-08-20,1.28311,1.29481,1.28135,1.28233,39266,12,0
2021-08-22,1.28182,1.2831000000000001,1.28121,1.2825,827,22,0
2021-08-23,1.28255,1.28258,1.2642,1.26523,28784,12,0
2021-08-24,1.26528,1.26573,1.25778,1.25963,24041,12,0
2021-08-25,1.25969,1.2643,1.25837,1.2588300000000001,24442,12,0
2021-08-26,1.25888,1.26946,1.25885,1.26847,25900,12,0
2021-08-27,1.26852,1.27074,1.2604600000000001,1.26109,28753,12,0
2021-08-29,1.26151,1.26204,1.26068,1.26117,574,22,0
2021-08-30,1.26121,1.26336,1.25727,1.26082,19880,12,0
2021-08-31,1.26087,1.2652999999999999,1.2568,1.26156,30664,12,0
2021-09-01,1.2616100000000001,1.26365,1.2579799999999999,1.2621,25422,12,0
2021-09-02,1.26215,1.26375,1.2546,1.2552400000000001,21104,12,0
2021-09-03,1.25529,1.2558500000000001,1.24928,1.25255,29778,12,0
2021-09-05,1.25209,1.25306,1.25209,1.25306,315,22,0
2021-09-06,1.2530999999999999,1.25584,1.25226,1.25335,13621,12,0
2021-09-07,1.2534,1.26553,1.25187,1.26459,27695,12,0
2021-09-08,1.26464,1.27616,1.26253,1.26933,37394,12,0
2021-09-09,1.26938,1.2727,1.26218,1.26646,34038,12,0
2021-09-10,1.2665199999999999,1.26923,1.25815,1.2690299999999999,29223,12,0
2021-09-12,1.26795,1.2686,1.26739,1.26798,446,12,0
2021-09-13,1.26796,1.26942,1.26373,1.26483,27422,12,0
2021-09-14,1.26485,1.26975,1.26004,1.26909,32348,12,0
2021-09-15,1.26907,1.27081,1.2617,1.26183,30825,12,0
2021-09-16,1.26185,1.26984,1.26157,1.26814,27960,12,0
2021-09-17,1.26817,1.27713,1.26357,1.27701,30011,12,0
2021-09-19,1.27564,1.27775,1.27512,1.27654,622,22,0
2021-09-20,1.27658,1.28953,1.27587,1.2802,45497,12,0
2021-09-21,1.28027,1.28478,1.2741799999999999,1.28164,40700,12,0
2021-09-22,1.28162,1.28253,1.26971,1.27856,50934,12,0
2021-09-23,1.2786,1.27953,1.26327,1.2662,36830,12,0
2021-09-24,1.26621,1.27299,1.26398,1.26479,30040,12,0
2021-09-26,1.26462,1.2656800000000001,1.2643900000000001,1.2649,550,22,0
2021-09-27,1.26495,1.2671999999999999,1.26091,1.26262,33271,12,0
2021-09-28,1.2626,1.27068,1.25919,1.26763,51987,12,0
2021-09-29,1.26768,1.27737,1.26676,1.27534,45742,12,0
2021-09-30,1.27538,1.27563,1.26292,1.26846,50274,12,0
2021-10-01,1.26847,1.27379,1.2627,1.26437,48821,12,0
2021-10-03,1.2638,1.2644199999999999,1.26125,1.26264,959,12,0
2021-10-04,1.26265,1.26543,1.25567,1.2589000000000001,43129,12,0
2021-10-05,1.25896,1.26292,1.25447,1.2582900000000001,32866,12,0
2021-10-06,1.25831,1.26475,1.25806,1.25857,44171,12,0
2021-10-07,1.2585899999999999,1.2598799999999999,1.25394,1.25469,28790,12,0
2021-10-08,1.25474,1.25617,1.2450700000000001,1.24719,36160,12,0
2021-10-10,1.24703,1.24854,1.24636,1.24842,905,12,0
2021-10-11,1.24844,1.24913,1.24449,1.24802,24602,12,0
2021-10-12,1.24807,1.2498,1.24336,1.24766,31686,12,0
2021-10-13,1.2477,1.24781,1.24296,1.24384,28779,12,0
2021-10-14,1.2438500000000001,1.2438500000000001,1.23537,1.23745,23530,12,0
2021-10-15,1.2375,1.23969,1.2335099999999999,1.23615,24569,12,0
2021-10-17,1.23662,1.2374,1.23464,1.2374,988,12,0
2021-10-18,1.23738,1.24088,1.23502,1.23724,25029,12,0
2021-10-19,1.23722,1.23735,1.23103,1.23546,24704,12,0
2021-10-20,1.23543,1.2366,1.23068,1.23251,24970,12,0
2021-10-21,1.2325,1.23833,1.2286,1.23705,26302,12,0
2021-10-22,1.2370700000000001,1.23894,1.23201,1.23664,29531,12,0
2021-10-24,1.23626,1.23785,1.2362,1.23716,634,12,0
2021-10-25,1.23714,1.23991,1.23373,1.23788,24704,12,0
2021-10-26,1.23786,1.23953,1.23494,1.23912,24068,12,0
2021-10-27,1.2391,1.24309,1.22992,1.23699,39922,12,0
2021-10-28,1.23698,1.2382,1.23293,1.23468,33499,12,0
2021-10-29,1.23466,1.24075,1.2327,1.23798,33751,12,0
2021-10-31,1.23795,1.23856,1.23759,1.23833,606,12,0
2021-11-01,1.23831,1.24029,1.2351,1.23736,23179,12,0
2021-11-02,1.23737,1.24242,1.23708,1.24073,23714,12,0
2021-11-03,1.24075,1.24567,1.23767,1.23777,35594,12,0
2021-11-04,1.23776,1.2471,1.23765,1.24522,26055,12,0
2021-11-05,1.24524,1.2479,1.2435,1.24547,27387,12,0
2021-11-07,1.2446,1.24538,1.24439,1.24505,308,22,0
2021-11-08,1.24503,1.2465,1.24348,1.24417,20549,12,0
2021-11-09,1.24418,1.2485,1.24275,1.24354,25330,12,0
2021-11-10,1.24353,1.2502900000000001,1.2386300000000001,1.24866,34482,12,0
2021-11-11,1.24868,1.25959,1.24811,1.25881,29159,12,0
2021-11-12,1.25882,1.26041,1.25403,1.25482,22614,12,0
2021-11-14,1.25413,1.25499,1.25404,1.25451,374,22,0
2021-11-15,1.25454,1.25548,1.25007,1.2514,21637,12,0
2021-11-16,1.25137,1.25675,1.24919,1.25651,25258,12,0
2021-11-17,1.25655,1.26221,1.25396,1.26104,27327,12,0
2021-11-18,1.26101,1.26464,1.2591999999999999,1.26031,26220,12,0
2021-11-19,1.26033,1.26616,1.25837,1.264,33916,12,0
2021-11-21,1.26383,1.26538,1.26375,1.26538,758,22,0
2021-11-22,1.26536,1.2704900000000001,1.26269,1.27011,31329,12,0
2021-11-23,1.27009,1.27443,1.26592,1.26754,38200,12,0
2021-11-24,1.26749,1.27094,1.26501,1.26611,34044,12,0
2021-11-25,1.2661,1.26766,1.26398,1.26635,15602,12,0
2021-11-26,1.26631,1.27985,1.26601,1.2781,44567,12,0
2021-11-28,1.27534,1.27609,1.27243,1.27247,1437,22,0
2021-11-29,1.27248,1.27926,1.27199,1.27373,39117,12,0
2021-11-30,1.27372,1.2836699999999999,1.27312,1.27737,64652,12,0
2021-12-01,1.27735,1.28293,1.27118,1.28104,47359,12,0
2021-12-02,1.2810000000000001,1.28368,1.27777,1.28172,51726,12,0
2021-12-03,1.28173,1.28539,1.27429,1.28451,54780,12,0
2021-12-05,1.2827899999999999,1.28336,1.28162,1.28165,809,28,0
2021-12-06,1.28168,1.28418,1.27498,1.27617,35157,12,0
2021-12-07,1.27614,1.27663,1.26341,1.26449,29213,12,0
2021-12-08,1.26447,1.2666,1.2606899999999999,1.26516,42357,12,0
2021-12-09,1.26517,1.27212,1.26494,1.27057,28887,12,0
2021-12-10,1.27055,1.2738800000000001,1.26784,1.27214,29927,12,0
2021-12-12,1.27231,1.2729300000000001,1.27163,1.27202,479,22,0
2021-12-13,1.272,1.28207,1.27048,1.28073,28588,12,0
2021-12-14,1.28072,1.28665,1.27965,1.28663,29479,12,0
2021-12-15,1.28659,1.29368,1.28286,1.28362,43951,12,0
2021-12-16,1.28366,1.2857,1.27626,1.27797,42064,12,0
2021-12-17,1.27793,1.29006,1.27775,1.28929,39841,12,0
2021-12-19,1.2882500000000001,1.2901,1.28787,1.2898100000000001,1194,23,0
2021-12-20,1.28978,1.29631,1.28858,1.29356,44382,12,0
2021-12-21,1.2935400000000001,1.29454,1.2908,1.29224,28953,12,0
2021-12-22,1.29219,1.29227,1.28316,1.28509,25641,12,0
2021-12-23,1.28513,1.28529,1.27972,1.28262,21695,12,0
2021-12-24,1.28264,1.28335,1.27837,1.28031,21559,22,0
2021-12-26,1.28023,1.2816100000000001,1.28015,1.28151,416,22,0
2021-12-27,1.2815400000000001,1.28467,1.27772,1.27874,13664,12,0
2021-12-28,1.27877,1.2831299999999999,1.27816,1.28145,13426,12,0
2021-12-29,1.28147,1.28341,1.27823,1.27823,18957,12,0
2021-12-30,1.27826,1.28116,1.27331,1.27447,18299,12,0
2021-12-31,1.27444,1.275,1.2619500000000001,1.2641499999999999,23811,12,0
2022-01-02,1.26342,1.2659,1.26296,1.26586,453,22,0
2022-01-03,1.26586,1.27785,1.26441,1.27508,23464,12,0
2022-01-04,1.27509,1.27655,1.26663,1.27043,22476,12,0
2022-01-05,1.27045,1.27658,1.26908,1.27592,27414,12,0
2022-01-06,1.27596,1.28132,1.27058,1.27295,36219,12,0
2022-01-07,1.27292,1.27302,1.2631000000000001,1.26426,32021,12,0
2022-01-09,1.2641200000000001,1.26547,1.26336,1.26467,787,22,0
2022-01-10,1.26464,1.26967,1.26092,1.2665,33445,12,0
2022-01-11,1.26653,1.26694,1.25664,1.25766,34427,12,0
2022-01-12,1.25769,1.25789,1.24947,1.25021,30393,12,0
2022-01-13,1.25024,1.25193,1.24525,1.25074,28687,12,0
2022-01-14,1.25074,1.25699,1.2469999999999999,1.25475,37021,12,0
2022-01-16,1.25354,1.2555100000000001,1.25328,1.25407,666,23,0
2022-01-17,1.2541,1.25513,1.24992,1.25153,21099,12,0
2022-01-18,1.25152,1.2563,1.24851,1.2496800000000001,42407,12,0
2022-01-19,1.24965,1.2523900000000001,1.24489,1.25099,39736,12,0
2022-01-20,1.25095,1.25148,1.24522,1.24996,35440,12,0
2022-01-21,1.24992,1.25862,1.24974,1.258,50059,12,0
2022-01-23,1.25762,1.25805,1.2560799999999999,1.2560799999999999,962,22,0
2022-01-24,1.2561,1.27012,1.25535,1.2624900000000001,61444,12,0
2022-01-25,1.26248,1.2668599999999999,1.25965,1.2616399999999999,60632,12,0
2022-01-26,1.26162,1.26877,1.2558500000000001,1.26555,72059,12,0
2022-01-27,1.26559,1.27469,1.26495,1.27463,66073,12,0
2022-01-28,1.27461,1.27962,1.27119,1.2765,57686,12,0
2022-01-30,1.27679,1.2775699999999999,1.27587,1.2759,793,22,0
2022-01-31,1.27589,1.27749,1.26811,1.27169,42454,11,0
2022-02-01,1.27166,1.27261,1.26542,1.2689300000000001,41188,11,0
2022-02-02,1.26892,1.27053,1.26494,1.26861,33539,11,0
2022-02-03,1.26861,1.2714699999999999,1.26571,1.26783,44114,11,0
2022-02-04,1.26784,1.2787,1.26621,1.2763499999999999,45703,11,0
2022-02-06,1.27455,1.2751299999999999,1.27437,1.2745199999999999,574,22,0
2022-02-07,1.2744900000000001,1.27553,1.2657,1.2665,35397,11,0
2022-02-08,1.26653,1.27204,1.26635,1.27035,31424,11,0
2022-02-09,1.27111,1.27136,1.26642,1.26757,21518,11,0
2022-02-10,1.26758,1.27333,1.26352,1.2732999999999999,45385,11,0
2022-02-11,1.27332,1.2753,1.2668300000000001,1.27347,63922,11,0
2022-02-13,1.27301,1.27414,1.27196,1.27234,812,21,0
2022-02-14,1.2723200000000001,1.27835,1.27189,1.27283,56004,11,0
2022-02-15,1.2728,1.27738,1.27003,1.2723499999999999,40357,11,0
2022-02-16,1.27233,1.27248,1.26631,1.2695400000000001,39567,11,0
2022-02-17,1.26956,1.27339,1.2674400000000001,1.27082,54430,11,0
2022-02-18,1.2708,1.2760099999999999,1.26727,1.27532,37519,11,0
2022-02-20,1.27436,1.27604,1.2741500000000001,1.27558,657,21,0
2022-02-21,1.27556,1.27648,1.27209,1.27568,31345,11,0
2022-02-22,1.27567,1.27823,1.27179,1.27665,42637,11,0
2022-02-23,1.2766199999999999,1.27676,1.26807,1.27335,38874,11,0
2022-02-24,1.27331,1.28768,1.27311,1.28071,103346,11,0
2022-02-25,1.2806899999999999,1.28199,1.26945,1.26996,60826,11,0
2022-02-27,1.27525,1.27588,1.27399,1.27542,1746,22,0
2022-02-28,1.27543,1.28092,1.26587,1.26663,64030,11,0
2022-03-01,1.2666,1.27494,1.26528,1.27233,49775,11,0
2022-03-02,1.2723,1.27443,1.26267,1.26459,55846,11,0
2022-03-03,1.26458,1.26919,1.25862,1.267,49437,11,0
2022-03-04,1.26703,1.27916,1.26691,1.27271,63018,11,0
2022-03-06,1.2725,1.27559,1.27121,1.2714400000000001,1657,21,0
2022-03-07,1.27148,1.28194,1.26848,1.27986,74769,11,0
2022-03-08,1.27989,1.29003,1.27954,1.28903,72410,11,0
2022-03-09,1.28906,1.28919,1.2797,1.27978,51910,11,0
2022-03-10,1.2798,1.28413,1.27498,1.27555,47408,11,0
2022-03-11,1.27552,1.27934,1.2692999999999999,1.27487,46617,11,0
2022-03-13,1.27313,1.27432,1.27265,1.27347,1242,21,0
2022-03-14,1.27348,1.2826,1.27324,1.28207,43834,11,0
2022-03-15,1.28212,1.28707,1.27602,1.27704,44493,11,0
2022-03-16,1.27709,1.27777,1.26715,1.26871,52978,11,0
2022-03-17,1.26875,1.26983,1.2612,1.26309,39932,11,0
2022-03-18,1.2631299999999999,1.26461,1.2588300000000001,1.26023,33100,11,0
2022-03-20,1.26092,1.26142,1.2596,1.26054,726,21,0
2022-03-21,1.26058,1.26214,1.25644,1.25875,32109,11,0
2022-03-22,1.25873,1.26235,1.25636,1.2582499999999999,34510,11,0
2022-03-23,1.25823,1.2604899999999999,1.25411,1.25587,29304,11,0
2022-03-24,1.25592,1.25855,1.25088,1.252,32348,11,0
2022-03-25,1.25204,1.25526,1.24645,1.24757,30358,11,0
2022-03-27,1.24768,1.24863,1.2475100000000001,1.24862,797,21,0
2022-03-28,1.24867,1.25922,1.24725,1.25206,36062,11,0
2022-03-29,1.2521,1.25294,1.24692,1.24973,39413,11,0
2022-03-30,1.24974,1.25081,1.24287,1.24828,31897,11,0
2022-03-31,1.24833,1.25328,1.24632,1.25012,33092,11,0
2022-04-01,1.25017,1.25388,1.24799,1.25123,26214,11,0
2022-04-03,1.25106,1.25266,1.25106,1.25263,392,21,0
2022-04-04,1.25269,1.25281,1.24672,1.24856,19094,11,0
2022-04-05,1.2486,1.24975,1.24019,1.24838,27697,11,0
2022-04-06,1.24844,1.25655,1.24782,1.2564199999999999,36514,11,0
2022-04-07,1.25638,1.2610999999999999,1.25377,1.2586300000000001,30526,11,0
2022-04-08,1.25867,1.26184,1.2563900000000001,1.25708,24947,11,0
2022-04-10,1.25626,1.25801,1.25613,1.25801,641,21,0
2022-04-11,1.25806,1.26433,1.2572,1.2639,27213,11,0
2022-04-12,1.26397,1.2661,1.25808,1.26346,33718,11,0
2022-04-13,1.26349,1.26753,1.25542,1.25674,36084,11,0
2022-04-14,1.2567300000000001,1.26416,1.25208,1.26096,43594,11,0
2022-04-15,1.2609,1.26178,1.25851,1.26032,16362,56,0
2022-04-17,1.26088,1.26209,1.26059,1.26139,838,21,0
2022-04-18,1.2613400000000001,1.26431,1.2598799999999999,1.25998,24636,11,0
2022-04-19,1.26001,1.2646,1.25672,1.26036,35032,11,0
2022-04-20,1.26041,1.26235,1.24714,1.24869,36910,11,0
2022-04-21,1.24875,1.25916,1.24577,1.25915,39674,11,0
2022-04-22,1.25913,1.27257,1.25843,1.27087,40988,11,0
2022-04-24,1.27122,1.27267,1.27029,1.27223,1165,21,0
2022-04-25,1.27228,1.2776399999999999,1.27145,1.27374,47907,11,0
2022-04-26,1.27379,1.28273,1.26834,1.2805900000000001,38509,11,0
2022-04-27,1.28064,1.28535,1.27771,1.28144,48599,11,0
2022-04-28,1.28149,1.28791,1.27904,1.28033,46994,11,0
2022-04-29,1.28038,1.286,1.27179,1.28564,44306,11,0
2022-05-01,1.28391,1.28612,1.28348,1.28545,1476,21,0
2022-05-02,1.28548,1.2913299999999999,1.28458,1.28704,41986,11,0
2022-05-03,1.28708,1.28931,1.2824499999999999,1.28328,44208,11,0
2022-05-04,1.28335,1.28528,1.27294,1.27373,57757,11,0
2022-05-05,1.27378,1.28673,1.27125,1.28271,58213,11,0
2022-05-06,1.28275,1.2912,1.28124,1.2907,65859,11,0
2022-05-08,1.29006,1.29192,1.28998,1.29182,1177,21,0
2022-05-09,1.29187,1.3017699999999999,1.2907,1.30096,58407,11,0
2022-05-10,1.30102,1.30518,1.29609,1.30315,66556,11,0
2022-05-11,1.30319,1.3039100000000001,1.29202,1.29945,69044,11,0
2022-05-12,1.29952,1.30761,1.2976,1.30244,73159,11,0
2022-05-13,1.3025,1.30309,1.2898100000000001,1.29053,46112,11,0
2022-05-15,1.2916400000000001,1.2921,1.2898800000000001,1.29044,1520,21,0
2022-05-16,1.2904900000000001,1.2981099999999999,1.28354,1.2849,50982,11,0
2022-05-17,1.2849599999999999,1.2858100000000001,1.28034,1.28053,46572,11,0
2022-05-18,1.2806,1.28948,1.27943,1.28875,45163,11,0
2022-05-19,1.28881,1.28881,1.2782200000000001,1.28186,70345,11,0
2022-05-20,1.28189,1.2867600000000001,1.2775400000000001,1.28352,54433,11,0
2022-05-22,1.28378,1.28407,1.28111,1.28145,1304,21,0
2022-05-23,1.2814999999999999,1.28182,1.27612,1.27867,41514,11,0
2022-05-24,1.27872,1.28715,1.2778100000000001,1.28226,51348,11,0
2022-05-25,1.28231,1.28844,1.28016,1.28192,53066,11,0
2022-05-26,1.28197,1.28482,1.27663,1.27742,40608,11,0
2022-05-27,1.27747,1.27826,1.27169,1.27203,33328,11,0
2022-05-29,1.2723,1.27271,1.27165,1.27249,759,21,0
2022-05-30,1.27254,1.27261,1.26489,1.26562,21313,11,0
2022-05-31,1.26566,1.26861,1.26285,1.26366,44400,11,0
2022-06-01,1.26371,1.26762,1.26057,1.26668,44405,11,0
2022-06-02,1.26672,1.26855,1.25635,1.25708,35270,11,0
2022-06-03,1.25713,1.25949,1.25503,1.25931,35387,11,0
2022-06-05,1.25908,1.25925,1.25783,1.25869,724,21,0
2022-06-06,1.25877,1.2600500000000001,1.2534100000000001,1.25814,32132,11,0
2022-06-07,1.25818,1.26179,1.25227,1.25354,40530,11,0
2022-06-08,1.25359,1.25647,1.25168,1.25534,36610,11,0
2022-06-09,1.25538,1.27044,1.25485,1.27019,44393,11,0
2022-06-10,1.27024,1.28118,1.2680500000000001,1.27847,51658,11,0
2022-06-12,1.27772,1.27997,1.27721,1.27959,1498,21,0
2022-06-13,1.27963,1.28993,1.27929,1.2889599999999999,67964,11,0
2022-06-14,1.289,1.29742,1.2865,1.2947199999999999,70844,11,0
2022-06-15,1.2947600000000001,1.2995,1.2861799999999999,1.28708,88288,11,0
2022-06-16,1.28715,1.29697,1.28599,1.29546,69395,11,0
2022-06-17,1.29549,1.3078400000000001,1.29402,1.30268,63541,11,0
2022-06-19,1.3023799999999999,1.30343,1.2995,1.29995,1346,21,0
2022-06-20,1.3,1.30249,1.29746,1.29833,35472,11,0
2022-06-21,1.29839,1.29848,1.2904900000000001,1.29319,40864,11,0
2022-06-22,1.29324,1.29959,1.2911299999999999,1.29622,51807,11,0
2022-06-23,1.29627,1.30167,1.29355,1.29889,57044,11,0
2022-06-24,1.29894,1.29992,1.28892,1.28922,42679,11,0
2022-06-26,1.28897,1.28986,1.28838,1.2898,1107,21,0
2022-06-27,1.28985,1.2916,1.28634,1.28707,44893,11,0
2022-06-28,1.2871299999999999,1.28939,1.28182,1.2873,44515,11,0
2022-06-29,1.28734,1.28997,1.2843,1.2883200000000001,48693,11,0
2022-06-30,1.28837,1.29329,1.28605,1.28718,57428,11,0
2022-07-01,1.28723,1.29657,1.28659,1.28824,51475,11,0
2022-07-03,1.28759,1.28929,1.2873299999999999,1.28884,1017,21,0
2022-07-04,1.2888899999999999,1.29023,1.2836400000000001,1.28574,28220,11,0
2022-07-05,1.28576,1.3083,1.28426,1.30313,60542,11,0
2022-07-06,1.30318,1.30777,1.30112,1.30369,69661,11,0
2022-07-07,1.30373,1.3054999999999999,1.29622,1.29671,48985,11,0
2022-07-08,1.29676,1.30348,1.29352,1.29363,56165,11,0
2022-07-10,1.2943500000000001,1.29549,1.29386,1.29474,1070,21,0
2022-07-11,1.2947899999999999,1.30511,1.2946900000000001,1.2996699999999999,48493,11,0
2022-07-12,1.29972,1.30497,1.2983500000000001,1.30321,56256,11,0
2022-07-13,1.3032599999999999,1.306,1.2935699999999999,1.29988,74242,11,0
2022-07-14,1.29993,1.3223099999999999,1.29706,1.31071,75559,11,0
2022-07-15,1.31075,1.3134700000000001,1.30125,1.3022,58996,11,0
2022-07-17,1.30161,1.30231,1.30047,1.30069,1074,21,0
2022-07-18,1.3007,1.3024200000000001,1.28976,1.29789,49112,11,0
2022-07-19,1.29794,1.2988,1.2865,1.28729,50623,11,0
2022-07-20,1.28734,1.29055,1.28539,1.2886199999999999,49016,11,0
2022-07-21,1.28867,1.29363,1.28589,1.28793,59303,11,0
2022-07-22,1.28797,1.29274,1.2821500000000001,1.29141,48045,11,0
2022-07-24,1.29122,1.2925200000000001,1.29094,1.2925200000000001,926,21,0
2022-07-25,1.29257,1.29461,1.28338,1.28505,44096,11,0
2022-07-26,1.2851,1.29007,1.28146,1.28752,40770,11,0
2022-07-27,1.28757,1.2910599999999999,1.28073,1.28152,50717,11,0
2022-07-28,1.28166,1.28688,1.27942,1.28055,47645,11,0
2022-07-29,1.2806199999999999,1.28545,1.2787899999999999,1.27945,44079,11,0
2022-07-31,1.28041,1.28195,1.27942,1.28138,1050,21,0
2022-08-01,1.28141,1.28555,1.27665,1.28434,38540,11,0
2022-08-02,1.28429,1.28882,1.28329,1.28871,54598,11,0
2022-08-03,1.28876,1.28911,1.28318,1.28541,42377,11,0
2022-08-04,1.2854700000000001,1.28753,1.28173,1.28692,39568,11,0
2022-08-05,1.28694,1.29839,1.2863,1.29361,41644,11,0
2022-08-07,1.29256,1.29453,1.2925499999999999,1.2943,727,21,0
2022-08-08,1.2943500000000001,1.29494,1.28379,1.28549,29215,11,0
2022-08-09,1.28548,1.28996,1.28426,1.28848,31571,11,0
2022-08-10,1.28852,1.28949,1.27503,1.27737,39997,11,0
2022-08-11,1.27741,1.27911,1.2726899999999999,1.27628,35899,11,0
2022-08-12,1.27633,1.28023,1.2738399999999999,1.27728,31093,11,0
2022-08-14,1.2769,1.27801,1.27667,1.278,600,21,0
2022-08-15,1.27805,1.29333,1.27715,1.2904,30133,11,0
2022-08-16,1.29046,1.29275,1.28301,1.28451,35976,11,0
2022-08-17,1.28457,1.29358,1.28267,1.29176,44387,11,0
2022-08-18,1.29172,1.29663,1.28797,1.29467,38152,11,0
2022-08-19,1.2947199999999999,1.30084,1.29446,1.2991,32891,11,0
2022-08-21,1.2981500000000001,1.30032,1.29813,1.29997,640,21,0
2022-08-22,1.3000099999999999,1.30603,1.29706,1.30485,34964,11,0
2022-08-23,1.3049,1.30627,1.29326,1.29586,44520,11,0
2022-08-24,1.2959,1.3018,1.29554,1.297,39427,11,0
2022-08-25,1.29706,1.29752,1.28943,1.29382,38677,11,0
2022-08-26,1.29388,1.30423,1.29034,1.30313,45899,11,0
2022-08-28,1.3026200000000001,1.30675,1.30257,1.30614,1117,21,0
2022-08-29,1.30619,1.30753,1.299,1.30015,42759,11,0
2022-08-30,1.3002,1.31076,1.29712,1.30901,48410,11,0
2022-08-31,1.30908,1.31443,1.30625,1.3142,54339,11,0
2022-09-01,1.31427,1.32073,1.31395,1.31475,52067,11,0
2022-09-02,1.3148,1.31692,1.30738,1.31247,51969,11,0
2022-09-04,1.3121,1.31459,1.3119,1.31416,1189,21,0
2022-09-05,1.31421,1.31731,1.31244,1.31293,29704,11,0
2022-09-06,1.31299,1.31698,1.30955,1.31547,51828,11,0
2022-09-07,1.3155299999999999,1.3208199999999999,1.31097,1.31287,56459,11,0
2022-09-08,1.31292,1.3159,1.30762,1.30807,58396,11,0
2022-09-09,1.30811,1.30823,1.2981,1.30207,44300,11,0
2022-09-11,1.3038,1.30404,1.30192,1.30233,915,21,0
2022-09-12,1.3023799999999999,1.30358,1.29629,1.2980800000000001,34611,11,0
2022-09-13,1.29813,1.31793,1.2953000000000001,1.31665,51820,11,0
2022-09-14,1.31669,1.32057,1.31382,1.3159100000000001,50485,11,0
2022-09-15,1.31596,1.32511,1.31537,1.3248199999999999,48600,11,0
2022-09-16,1.32487,1.3307,1.32273,1.32646,47827,11,0
2022-09-18,1.32596,1.32759,1.3250899999999999,1.32577,1027,21,0
2022-09-19,1.32582,1.33435,1.3241399999999999,1.32423,44038,11,0
2022-09-20,1.32431,1.33743,1.32264,1.3363800000000001,42065,11,0
2022-09-21,1.33642,1.34845,1.33569,1.34783,76616,11,0
2022-09-22,1.34788,1.35438,1.34082,1.34721,74583,11,0
2022-09-23,1.34726,1.36118,1.34671,1.35882,63783,11,0
2022-09-25,1.35957,1.36127,1.3575599999999999,1.35785,2282,21,0
2022-09-26,1.3578999999999999,1.3807800000000001,1.35584,1.37117,98964,11,0
2022-09-27,1.37122,1.3775,1.3639000000000001,1.37223,79035,11,0
2022-09-28,1.37228,1.38321,1.35982,1.36288,112148,11,0
2022-09-29,1.36293,1.37552,1.36272,1.36743,97030,11,0
2022-09-30,1.36747,1.3835899999999999,1.36574,1.38287,93020,11,0
2022-10-02,1.3812,1.3823400000000001,1.37763,1.37828,2280,21,0
2022-10-03,1.37833,1.3805,1.36151,1.36256,79008,11,0
2022-10-04,1.36261,1.36638,1.34989,1.35068,76722,11,0
2022-10-05,1.35071,1.36952,1.35028,1.35956,72064,11,0
2022-10-06,1.35964,1.37546,1.35638,1.3740999999999999,78432,11,0
2022-10-07,1.37415,1.37601,1.36748,1.37323,76033,11,0
2022-10-09,1.37293,1.37524,1.37245,1.3731,2044,21,0
2022-10-10,1.37316,1.37815,1.37022,1.37721,68002,11,0
2022-10-11,1.37725,1.3854600000000001,1.3713600000000001,1.37917,101321,11,0
2022-10-12,1.37923,1.38296,1.37592,1.3817599999999999,100375,11,0
2022-10-13,1.38177,1.3976899999999999,1.37059,1.37635,115109,11,0
2022-10-14,1.37642,1.3897300000000001,1.3703,1.38803,108498,11,0
2022-10-16,1.3866100000000001,1.38764,1.3850799999999999,1.3854,1544,21,0
2022-10-17,1.38545,1.38593,1.3698000000000001,1.37137,72421,11,0
2022-10-18,1.37142,1.38098,1.36566,1.37264,83933,11,0
2022-10-19,1.3727,1.38089,1.37184,1.37731,75302,11,0
2022-10-20,1.37736,1.38062,1.36501,1.3777,88877,11,0
2022-10-21,1.37775,1.38538,1.36289,1.3643,116404,11,0
2022-10-23,1.3633199999999999,1.36656,1.36044,1.36466,6575,21,0
2022-10-24,1.36472,1.3773900000000001,1.36443,1.36974,104250,11,0
2022-10-25,1.36978,1.3747,1.36003,1.36179,70094,11,0
2022-10-26,1.36184,1.36507,1.3507,1.35489,83112,11,0
2022-10-27,1.35493,1.36261,1.34947,1.35625,91593,11,0
2022-10-28,1.3563,1.3633899999999999,1.35244,1.36041,74169,11,0
2022-10-30,1.35989,1.36182,1.35956,1.36077,1283,21,0
2022-10-31,1.36081,1.36848,1.3599700000000001,1.36109,53581,11,0
2022-11-01,1.36114,1.3668,1.35294,1.36189,67106,11,0
2022-11-02,1.36193,1.3722699999999999,1.35474,1.37149,80075,11,0
2022-11-03,1.37154,1.38076,1.36817,1.37419,70784,11,0
2022-11-04,1.37424,1.3745,1.34681,1.34786,84563,11,0
2022-11-06,1.3527,1.3532600000000001,1.34947,1.35113,1201,35,0
2022-11-07,1.35118,1.35521,1.34644,1.34917,71855,11,0
2022-11-08,1.34917,1.3526099999999999,1.33865,1.34155,63762,11,0
2022-11-09,1.34157,1.35411,1.3410199999999999,1.3526500000000001,80545,11,0
2022-11-10,1.35266,1.35704,1.33077,1.33311,92994,11,0
2022-11-11,1.33308,1.33599,1.32352,1.32519,78917,11,0
2022-11-13,1.32661,1.32991,1.32611,1.32633,1432,40,0
2022-11-14,1.32643,1.33234,1.3238400000000001,1.33234,66392,11,0
2022-11-15,1.33232,1.33356,1.32251,1.32738,102696,11,0
2022-11-16,1.32736,1.33464,1.32271,1.33353,81530,11,0
2022-11-17,1.3335,1.34006,1.33041,1.33236,66670,11,0
2022-11-18,1.33235,1.34083,1.3299400000000001,1.3383099999999999,52580,11,0
2022-11-20,1.33741,1.3383099999999999,1.33713,1.33764,588,40,0
2022-11-21,1.33774,1.34944,1.33765,1.3446,50628,11,0
2022-11-22,1.34464,1.34496,1.33612,1.33621,41578,11,0
2022-11-23,1.33618,1.34391,1.33376,1.33378,48073,11,0
2022-11-24,1.3338700000000001,1.33615,1.33156,1.33371,26030,11,0
2022-11-25,1.33372,1.33979,1.33162,1.3373,33690,11,0
2022-11-27,1.33864,1.34091,1.33852,1.34091,979,26,0
2022-11-28,1.34093,1.35043,1.33996,1.34885,50243,11,0
2022-11-29,1.3489499999999999,1.3645100000000001,1.3408,1.35835,57457,11,0
2022-11-30,1.35843,1.35916,1.34071,1.3413,67732,11,0
2022-12-01,1.34139,1.34703,1.33945,1.34348,66492,11,0
2022-12-02,1.34352,1.35206,1.3419699999999999,1.34705,63412,11,0
2022-12-04,1.34588,1.34723,1.34449,1.34458,661,22,0
2022-12-05,1.34463,1.36044,1.33844,1.35876,51908,11,0
2022-12-06,1.35874,1.36751,1.357,1.36483,52842,11,0
2022-12-07,1.3649200000000001,1.36994,1.35868,1.36523,63025,11,0
2022-12-08,1.3652199999999999,1.36883,1.3560400000000001,1.35981,50020,11,0
2022-12-09,1.35984,1.3691,1.35682,1.3645,52448,11,0
2022-12-11,1.3629,1.36593,1.36266,1.3655599999999999,625,27,0
2022-12-12,1.36559,1.3682699999999999,1.36181,1.36293,40868,11,0
2022-12-13,1.36303,1.3643399999999999,1.35208,1.35549,69776,11,0
2022-12-14,1.35552,1.36109,1.35175,1.35498,77605,11,0
2022-12-15,1.355,1.36734,1.35396,1.3655,60342,11,0
2022-12-16,1.3656,1.37045,1.36166,1.3695599999999999,54387,11,0
2022-12-18,1.3676,1.3688,1.36734,1.3688,472,22,0
2022-12-19,1.36878,1.36935,1.36222,1.36422,44163,11,0
2022-12-20,1.36423,1.37033,1.35792,1.36002,68871,11,0
2022-12-21,1.36001,1.3637299999999999,1.35882,1.36143,48625,11,0
2022-12-22,1.36155,1.36841,1.35701,1.36353,45123,11,0
2022-12-23,1.3636300000000001,1.36578,1.35622,1.35934,43896,11,0
2022-12-25,1.35982,1.3609200000000001,1.35964,1.3609200000000001,207,102,0
2022-12-26,1.36102,1.36108,1.3544800000000001,1.3544800000000001,13398,43,0
2022-12-27,1.35454,1.35679,1.3483399999999999,1.3523,31617,11,0
2022-12-28,1.35239,1.3611,1.34849,1.36001,43035,11,0
2022-12-29,1.3599999999999999,1.36081,1.35354,1.35506,36724,11,0
2022-12-30,1.35514,1.35807,1.35135,1.3545,44267,11,0
2023-01-01,1.35334,1.35391,1.35099,1.3517000000000001,172,310,0
2023-01-02,1.3523399999999999,1.35773,1.35151,1.35567,13781,123,0
2023-01-03,1.35572,1.36845,1.3522,1.36724,60800,11,0
2023-01-04,1.36727,1.36735,1.34684,1.34847,68434,11,0
2023-01-05,1.3485,1.35949,1.34784,1.35619,61404,11,0
2023-01-06,1.35617,1.36639,1.34323,1.3443399999999999,62680,11,0
2023-01-08,1.34401,1.34429,1.34307,1.34353,842,22,0
2023-01-09,1.34353,1.34433,1.33561,1.33933,51830,11,0
2023-01-10,1.33933,1.34448,1.33754,1.3433,58516,11,0
2023-01-11,1.3434,1.34443,1.3403399999999999,1.34283,41993,11,0
2023-01-12,1.34293,1.34561,1.33445,1.33773,70244,11,0
2023-01-13,1.3377,1.34391,1.33208,1.33945,49777,11,0
2023-01-15,1.33872,1.3397700000000001,1.3385099999999999,1.3397700000000001,646,22,0
2023-01-16,1.33976,1.34174,1.33518,1.33966,29791,11,0
2023-01-17,1.33965,1.34365,1.33683,1.33902,52892,11,0
2023-01-18,1.33906,1.34995,1.335,1.34954,65143,11,0
2023-01-19,1.34958,1.35198,1.34457,1.34633,51483,11,0
2023-01-20,1.34631,1.34969,1.33724,1.33772,42624,11,0
2023-01-22,1.33788,1.3379699999999999,1.3363800000000001,1.33698,611,27,0
2023-01-23,1.3369900000000001,1.34171,1.33412,1.33708,41591,11,0
2023-01-24,1.33707,1.34132,1.33459,1.33712,42143,11,0
2023-01-25,1.33711,1.34275,1.33392,1.3379400000000001,46856,11,0
2023-01-26,1.33803,1.34074,1.33023,1.33164,43660,11,0
2023-01-27,1.33164,1.3346,1.32995,1.33096,33802,11,0
2023-01-29,1.33027,1.33149,1.32999,1.3305,489,21,0
2023-01-30,1.33047,1.33907,1.32986,1.33835,41967,11,0
2023-01-31,1.3383099999999999,1.3471199999999999,1.3298,1.3306,46281,11,0
2023-02-01,1.3307,1.33792,1.32616,1.32732,64378,11,0
2023-02-02,1.32729,1.33468,1.32615,1.33168,61844,11,0
2023-02-03,1.33167,1.3425,1.33167,1.3401100000000001,59363,0,0
2023-02-05,1.3407499999999999,1.3415599999999999,1.3397700000000001,1.34018,788,21,0
2023-02-06,1.34021,1.34749,1.33957,1.34421,44075,11,0
2023-02-07,1.34418,1.34684,1.33793,1.339,68069,11,0
2023-02-08,1.33899,1.345,1.33593,1.34437,42700,11,0
2023-02-09,1.34446,1.34627,1.33716,1.34479,37388,11,0
2023-02-10,1.34478,1.34713,1.3336999999999999,1.33432,49414,11,0
2023-02-12,1.33405,1.33561,1.33385,1.33558,576,40,0
2023-02-13,1.3357,1.33793,1.33243,1.33343,33149,11,0
2023-02-14,1.33344,1.339,1.32731,1.334,63965,11,0
2023-02-15,1.33398,1.34397,1.33395,1.33913,42925,11,0
2023-02-16,1.3391,1.34784,1.33564,1.34724,45639,11,0
2023-02-17,1.34726,1.35367,1.34641,1.34731,40207,11,0
2023-02-19,1.34714,1.34833,1.34645,1.34818,508,22,0
2023-02-20,1.34815,1.34936,1.34279,1.34527,13482,11,0
2023-02-21,1.34527,1.3548499999999999,1.34409,1.35324,48082,11,0
2023-02-22,1.35328,1.35679,1.35135,1.3545099999999999,45039,11,0
2023-02-23,1.3544800000000001,1.35807,1.35153,1.35427,40157,11,0
2023-02-24,1.3543,1.36643,1.35266,1.36062,49697,11,0
2023-02-26,1.3603,1.36053,1.35935,1.35957,491,22,0
2023-02-27,1.3596,1.36237,1.35331,1.35739,39463,11,0
2023-02-28,1.3574899999999999,1.36476,1.3559999999999999,1.3645,41154,11,0
2023-03-01,1.36448,1.3658000000000001,1.35834,1.35891,51955,11,0
2023-03-02,1.35889,1.36408,1.35818,1.35967,47756,11,0
2023-03-03,1.35968,1.36437,1.35544,1.3596599999999999,42367,11,0
2023-03-05,1.35891,1.36047,1.35874,1.36042,506,22,0
2023-03-06,1.36043,1.3628,1.35813,1.3615300000000001,34779,11,0
2023-03-07,1.36157,1.37606,1.35989,1.37493,53769,11,0
2023-03-08,1.3749,1.38143,1.37443,1.37977,46141,11,0
2023-03-09,1.37987,1.38366,1.37517,1.38299,43040,11,0
2023-03-10,1.38308,1.38608,1.37604,1.38218,89170,11,0
2023-03-12,1.38067,1.38137,1.37625,1.37665,3501,21,0
2023-03-13,1.37663,1.38013,1.3676300000000001,1.37405,121899,11,0
2023-03-14,1.3740999999999999,1.37494,1.36508,1.3688500000000001,78421,11,0
2023-03-15,1.36886,1.38138,1.36593,1.37667,86173,11,0
2023-03-16,1.37669,1.37873,1.37087,1.37195,75239,11,0
2023-03-17,1.3719999999999999,1.37727,1.36768,1.37318,48737,11,0
2023-03-19,1.37155,1.3724,1.36971,1.37128,1347,21,0
2023-03-20,1.37134,1.37466,1.36508,1.36719,54478,11,0
2023-03-21,1.36723,1.37364,1.3643399999999999,1.37088,34326,11,0
2023-03-22,1.37092,1.37438,1.36561,1.37195,48048,11,0
2023-03-23,1.37196,1.37327,1.36299,1.37175,46912,11,0
2023-03-24,1.37179,1.38041,1.37088,1.37422,50054,11,0
2023-03-26,1.3729,1.37377,1.37255,1.3728799999999999,960,21,0
2023-03-27,1.37293,1.37442,1.3648500000000001,1.36547,34395,11,0
2023-03-28,1.36552,1.36945,1.35907,1.3593199999999999,29594,11,0
2023-03-29,1.35928,1.36162,1.35513,1.3566,27849,11,0
2023-03-30,1.3566500000000001,1.35807,1.35144,1.35213,27681,11,0
2023-03-31,1.35219,1.35635,1.35068,1.35155,31336,11,0
2023-04-02,1.34877,1.35137,1.3486099999999999,1.35032,1873,21,0
2023-04-03,1.35037,1.3536000000000001,1.34107,1.34363,35484,11,0
2023-04-04,1.34368,1.3467,1.34057,1.34385,37190,11,0
2023-04-05,1.34389,1.34824,1.34252,1.34537,32767,11,0
2023-04-06,1.34542,1.35053,1.3452,1.34836,28195,11,0
2023-04-07,1.34835,1.35286,1.34738,1.34967,8728,32,0
2023-04-09,1.35023,1.35141,1.3497,1.35043,674,21,0
2023-04-10,1.3504800000000001,1.35528,1.3484099999999999,1.35029,21044,11,0
2023-04-11,1.35033,1.35157,1.34573,1.34632,26852,11,0
2023-04-12,1.34629,1.34888,1.34273,1.34392,37621,11,0
2023-04-13,1.34398,1.34474,1.3332600000000001,1.334,29590,11,0
2023-04-14,1.33403,1.3395000000000001,1.33005,1.3358400000000001,37263,11,0
2023-04-16,1.3360400000000001,1.33674,1.33536,1.33653,471,21,0
2023-04-17,1.33658,1.34191,1.33418,1.33939,30757,11,0
2023-04-18,1.3394300000000001,1.33989,1.33588,1.33907,30441,11,0
2023-04-19,1.33911,1.347,1.3384,1.34686,31440,11,0
2023-04-20,1.34691,1.34887,1.34478,1.3480400000000001,29489,11,0
2023-04-21,1.34809,1.3562699999999999,1.34742,1.35386,30615,11,0
2023-04-23,1.35269,1.35425,1.35269,1.35398,530,21,0
2023-04-24,1.35402,1.35669,1.35219,1.3533,25184,11,0
2023-04-25,1.35335,1.36471,1.35237,1.36182,29826,11,0
2023-04-26,1.36188,1.36504,1.35985,1.36301,37303,11,0
2023-04-27,1.36307,1.36449,1.35839,1.35993,34941,11,0
2023-04-28,1.35996,1.36672,1.35351,1.3544100000000001,38261,11,0
2023-04-30,1.35332,1.35602,1.35332,1.35602,772,21,0
2023-05-01,1.35606,1.35825,1.35294,1.35517,29681,11,0
2023-05-02,1.35522,1.36372,1.35275,1.36196,39119,11,0
2023-05-03,1.36201,1.36388,1.35812,1.36307,45970,11,0
2023-05-04,1.36311,1.36321,1.35184,1.3523399999999999,49523,11,0
2023-05-05,1.35239,1.3529,1.33703,1.33744,38338,11,0
2023-05-07,1.33775,1.3379699999999999,1.33681,1.33791,855,21,0
2023-05-08,1.33795,1.33865,1.33141,1.33715,24055,11,0
2023-05-09,1.33719,1.34054,1.33643,1.33744,25581,11,0
2023-05-10,1.33747,1.3413599999999999,1.33339,1.33716,34879,11,0
2023-05-11,1.33721,1.3495,1.33621,1.34947,38603,11,0
2023-05-12,1.34951,1.35645,1.3479,1.35565,30167,11,0
2023-05-14,1.35388,1.35582,1.35384,1.35549,594,21,0
2023-05-15,1.35555,1.35671,1.34569,1.34657,28588,11,0
2023-05-16,1.34661,1.34932,1.3403399999999999,1.34766,33325,11,0
2023-05-17,1.3477000000000001,1.3535300000000001,1.34362,1.34663,34755,11,0
2023-05-18,1.34668,1.35241,1.34514,1.34972,34820,11,0
2023-05-19,1.34978,1.35228,1.3468,1.34971,37666,11,0
2023-05-21,1.34975,1.3503,1.34887,1.34889,613,21,0
2023-05-22,1.34894,1.35185,1.34843,1.35025,32670,11,0
2023-05-23,1.3503,1.3548,1.3483800000000001,1.34999,38300,11,0
2023-05-24,1.35004,1.3605,1.34948,1.35889,38757,11,0
2023-05-25,1.35892,1.3646,1.35856,1.3643,38090,11,0
2023-05-26,1.36429,1.36543,1.3599999999999999,1.36142,35086,11,0
2023-05-28,1.36026,1.3613,1.36003,1.36081,639,21,0
2023-05-29,1.36087,1.36127,1.35805,1.3603100000000001,15127,11,0
2023-05-30,1.36037,1.36129,1.35662,1.3599,35658,11,0
2023-05-31,1.35995,1.36506,1.35629,1.3566,43670,11,0
2023-06-01,1.35664,1.3584399999999999,1.34358,1.34443,39237,11,0
2023-06-02,1.34445,1.34505,1.3406,1.34275,34490,11,0
2023-06-04,1.34149,1.343,1.34139,1.3428200000000001,808,21,0
2023-06-05,1.34286,1.34612,1.3416299999999999,1.34479,29224,11,0
2023-06-06,1.34484,1.34517,1.33893,1.33975,31082,11,0
2023-06-07,1.3397999999999999,1.34262,1.33203,1.33705,35056,11,0
2023-06-08,1.3371,1.33873,1.3333300000000001,1.33616,33313,11,0
2023-06-09,1.33621,1.33707,1.3312300000000001,1.3339699999999999,32612,11,0
2023-06-11,1.33324,1.33445,1.33321,1.33366,586,21,0
2023-06-12,1.33369,1.33832,1.33139,1.33637,27335,11,0
2023-06-13,1.3364099999999999,1.33777,1.32852,1.33137,37847,11,0
2023-06-14,1.3314300000000001,1.33524,1.32712,1.33266,41207,11,0
2023-06-15,1.33271,1.33542,1.3209,1.32223,31056,11,0
2023-06-16,1.32227,1.3238699999999999,1.3176700000000001,1.31961,32005,11,0
2023-06-18,1.31881,1.3199100000000001,1.31853,1.31981,1161,21,0
2023-06-19,1.31986,1.32282,1.31783,1.32096,26388,11,0
2023-06-20,1.32101,1.3269199999999999,1.32047,1.32245,44096,11,0
2023-06-21,1.32249,1.3245,1.31555,1.31599,48980,11,0
2023-06-22,1.31603,1.31788,1.3138,1.31463,44499,11,0
2023-06-23,1.31468,1.3225500000000001,1.31422,1.31802,44528,11,0
2023-06-25,1.31742,1.31792,1.31604,1.3164500000000001,955,21,0
2023-06-26,1.3165,1.31763,1.31353,1.31511,40354,11,0
2023-06-27,1.31515,1.31975,1.3115999999999999,1.31963,42975,11,0
2023-06-28,1.31967,1.32756,1.31885,1.32523,44283,11,0
2023-06-29,1.32527,1.3285,1.32382,1.32505,41603,11,0
2023-06-30,1.3250899999999999,1.32842,1.3206,1.3247200000000001,40304,11,0
2023-07-02,1.32365,1.3250199999999999,1.32358,1.32493,854,21,0
2023-07-03,1.32497,1.32729,1.32293,1.32474,30438,11,0
2023-07-04,1.3248,1.32562,1.32022,1.3224,23196,11,0
2023-07-05,1.32245,1.32925,1.32193,1.32846,37216,11,0
2023-07-06,1.3285,1.33717,1.32741,1.33642,45217,11,0
2023-07-07,1.33647,1.33865,1.32651,1.32757,40444,11,0
2023-07-09,1.32657,1.32793,1.32657,1.3277700000000001,1104,21,0
2023-07-10,1.32778,1.33034,1.32675,1.32737,37565,11,0
2023-07-11,1.32742,1.3289,1.32232,1.32282,36131,11,0
2023-07-12,1.32288,1.32334,1.3142800000000001,1.3182800000000001,43093,11,0
2023-07-13,1.31833,1.31941,1.31019,1.31121,40856,11,0
2023-07-14,1.3112599999999999,1.32263,1.30918,1.32161,36990,11,0
2023-07-16,1.32078,1.32312,1.32077,1.32259,835,21,0
2023-07-17,1.32264,1.32317,1.31599,1.32007,30714,11,0
2023-07-18,1.32012,1.32429,1.3155999999999999,1.31657,39832,11,0
2023-07-19,1.31662,1.31925,1.31546,1.31624,39671,11,0
2023-07-20,1.31629,1.3194,1.31185,1.3173300000000001,41557,11,0
2023-07-21,1.31738,1.32259,1.3152300000000001,1.3222800000000001,36963,11,0
2023-07-23,1.32117,1.32249,1.32099,1.32247,880,21,0
2023-07-24,1.32252,1.32281,1.31494,1.31744,41328,11,0
2023-07-25,1.31749,1.3209,1.31461,1.31868,34887,11,0
2023-07-26,1.31863,1.3237,1.31711,1.3204099999999999,45187,11,0
2023-07-27,1.3204500000000001,1.32427,1.31576,1.32273,48077,11,0
2023-07-28,1.32278,1.32491,1.32008,1.32488,46263,11,0
2023-07-30,1.3235299999999999,1.32511,1.32344,1.32511,1226,21,0
2023-07-31,1.32515,1.32611,1.31502,1.31934,33562,11,0
2023-08-01,1.31939,1.32995,1.3185,1.32686,38355,11,0
2023-08-02,1.32691,1.33522,1.32687,1.33437,40425,11,0
2023-08-03,1.33441,1.33774,1.3328,1.33502,42951,11,0
2023-08-04,1.33506,1.33934,1.33186,1.33808,42433,11,0
2023-08-06,1.33626,1.3378999999999999,1.33626,1.33744,1327,21,0
2023-08-07,1.33748,1.33988,1.3355000000000001,1.33711,31403,11,0
2023-08-08,1.33716,1.3501400000000001,1.33667,1.34253,40114,11,0
2023-08-09,1.3425799999999999,1.34536,1.3403399999999999,1.34182,35489,11,0
2023-08-10,1.34191,1.34493,1.33723,1.34436,47403,11,0
2023-08-11,1.3444099999999999,1.3465500000000001,1.34117,1.3443,40469,11,0
2023-08-13,1.3430900000000001,1.34436,1.34308,1.34394,1566,21,0
2023-08-14,1.34399,1.34795,1.34371,1.34583,41294,11,0
2023-08-15,1.34588,1.35011,1.34386,1.3489499999999999,47478,11,0
2023-08-16,1.34897,1.3544399999999999,1.3474599999999999,1.3536299999999999,44458,11,0
2023-08-17,1.35368,1.35519,1.3495300000000001,1.3544800000000001,44064,11,0
2023-08-18,1.35453,1.35744,1.35235,1.3551199999999999,45309,11,0
2023-08-20,1.35413,1.35486,1.35411,1.35411,1004,21,0
2023-08-21,1.35416,1.3572199999999999,1.34954,1.35453,40627,11,0
2023-08-22,1.35458,1.35643,1.35121,1.35492,40323,11,0
2023-08-23,1.35497,1.3603100000000001,1.35163,1.3523100000000001,38019,11,0
2023-08-24,1.35236,1.35883,1.3509,1.35858,39536,11,0
2023-08-25,1.35859,1.36394,1.35683,1.36045,41485,11,0
2023-08-27,1.35837,1.3599700000000001,1.35837,1.3594,1199,21,0
2023-08-28,1.35945,1.36112,1.35693,1.35999,32813,11,0
2023-08-29,1.35999,1.36367,1.35409,1.35582,36972,11,0
2023-08-30,1.35587,1.35762,1.35122,1.35339,37530,11,0
2023-08-31,1.35344,1.35571,1.35002,1.35095,37498,11,0
2023-09-01,1.351,1.3612199999999999,1.34885,1.35927,38882,11,0
2023-09-03,1.3586,1.35971,1.35853,1.35941,752,21,0
2023-09-04,1.35946,1.36041,1.35746,1.35985,18219,11,0
2023-09-05,1.35991,1.36689,1.35957,1.36392,38590,11,0
2023-09-06,1.36396,1.36761,1.36216,1.36387,38184,11,0
2023-09-07,1.36391,1.3694,1.36314,1.36822,34907,11,0
2023-09-08,1.36826,1.36891,1.36071,1.36398,34130,11,0
2023-09-10,1.36314,1.36357,1.36252,1.36281,1355,21,0
2023-09-11,1.36281,1.36353,1.35603,1.3578999999999999,32178,11,0
2023-09-12,1.35795,1.35926,1.35426,1.3552,33404,11,0
2023-09-13,1.35525,1.35865,1.35201,1.35519,44184,11,0
2023-09-14,1.35523,1.35538,1.34925,1.35151,37512,11,0
2023-09-15,1.35156,1.3549,1.34932,1.35242,36004,11,0
2023-09-17,1.35155,1.35249,1.35152,1.35218,768,21,0
2023-09-18,1.35222,1.35278,1.3470900000000001,1.3486099999999999,29403,11,0
2023-09-19,1.34866,1.34878,1.3379699999999999,1.34422,34476,11,0
2023-09-20,1.34427,1.3477299999999999,1.33948,1.34767,41201,11,0
2023-09-21,1.34772,1.3523100000000001,1.34599,1.34768,42460,11,0
2023-09-22,1.3477299999999999,1.34911,1.34227,1.34818,37744,11,0
2023-09-24,1.34681,1.34805,1.34657,1.34767,1446,21,0
2023-09-25,1.34772,1.34912,1.34481,1.3449900000000001,33195,11,0
2023-09-26,1.34504,1.35274,1.34488,1.35192,40643,11,0
2023-09-27,1.35189,1.35425,1.34887,1.34997,40052,11,0
2023-09-28,1.35002,1.35155,1.34695,1.3490199999999999,48938,11,0
2023-09-29,1.34905,1.35839,1.3416000000000001,1.35765,50404,11,0
2023-10-01,1.35647,1.35805,1.3557000000000001,1.3572899999999999,1698,21,0
2023-10-02,1.35733,1.36837,1.35609,1.36753,44065,11,0
2023-10-03,1.36753,1.37351,1.36753,1.37087,58193,11,0
2023-10-04,1.3709,1.37791,1.36895,1.3743699999999999,60074,11,0
2023-10-05,1.37442,1.37849,1.36977,1.37062,51748,11,0
2023-10-06,1.37067,1.37455,1.36429,1.36613,55739,11,0
2023-10-08,1.3664399999999999,1.36774,1.36596,1.36616,2595,21,0
2023-10-09,1.3662,1.36757,1.35777,1.35796,43101,11,0
2023-10-10,1.35797,1.36165,1.35686,1.35832,51107,11,0
2023-10-11,1.35837,1.36227,1.35704,1.35952,45454,11,0
2023-10-12,1.35957,1.37001,1.35776,1.36838,44366,11,0
2023-10-13,1.36843,1.36884,1.36357,1.3655,42799,11,0
2023-10-15,1.36504,1.36564,1.36391,1.36428,1413,21,0
2023-10-16,1.36433,1.3655,1.36026,1.36147,37171,11,0
2023-10-17,1.36151,1.37023,1.36079,1.36518,42689,11,0
2023-10-18,1.36521,1.3715899999999999,1.36163,1.3712900000000001,42374,11,0
2023-10-19,1.37134,1.37402,1.36785,1.3715,51895,11,0
2023-10-20,1.37155,1.37335,1.3669,1.37137,42646,11,0
2023-10-22,1.37025,1.3715600000000001,1.3689200000000001,1.37048,1381,21,0
2023-10-23,1.37053,1.37359,1.36665,1.36882,43378,11,0
2023-10-24,1.36886,1.37542,1.36602,1.37413,42226,11,0
2023-10-25,1.37417,1.38095,1.37296,1.38022,42731,11,0
2023-10-26,1.3802699999999999,1.38433,1.3789,1.38159,47042,11,0
2023-10-27,1.3816,1.38799,1.37953,1.38731,39282,11,0
2023-10-29,1.38551,1.3872200000000001,1.38522,1.38632,1259,21,0
2023-10-30,1.3863400000000001,1.3866100000000001,1.38125,1.38293,34280,11,0
2023-10-31,1.38292,1.38916,1.38129,1.38771,37615,11,0
2023-11-01,1.38774,1.38984,1.38341,1.38341,45151,11,0
2023-11-02,1.38344,1.3851,1.37314,1.37466,34056,11,0
2023-11-03,1.3747099999999999,1.37599,1.36511,1.36547,37581,11,0
2023-11-05,1.36579,1.3662,1.3655,1.36592,549,40,0
2023-11-06,1.36601,1.37021,1.36286,1.36961,34339,11,0
2023-11-07,1.36971,1.3782,1.36933,1.37669,36615,11,0
2023-11-08,1.37679,1.38141,1.37539,1.3789,38239,11,0
2023-11-09,1.37897,1.38157,1.37458,1.3808,40975,11,0
2023-11-10,1.3808099999999999,1.38541,1.3790499999999999,1.37969,33928,11,0
2023-11-12,1.37869,1.37999,1.37825,1.37957,1025,40,0
2023-11-13,1.3796599999999999,1.38311,1.37763,1.38004,30675,11,0
2023-11-14,1.38004,1.3843,1.36836,1.36989,40209,11,0
2023-11-15,1.36992,1.3709,1.36538,1.36826,37820,11,0
2023-11-16,1.3682699999999999,1.37764,1.36767,1.37516,41005,11,0
2023-11-17,1.37517,1.37704,1.37073,1.37162,38054,11,0
2023-11-19,1.37118,1.3719299999999999,1.37081,1.3719299999999999,826,40,0
2023-11-20,1.37201,1.37489,1.3689,1.37256,36546,11,0
2023-11-21,1.37257,1.37304,1.36802,1.37,40556,11,0
2023-11-22,1.37001,1.37645,1.36828,1.36916,37699,11,0
2023-11-23,1.36916,1.37106,1.36499,1.36952,22365,11,0
2023-11-24,1.3695300000000001,1.37111,1.3593199999999999,1.36203,27758,11,0
2023-11-26,1.3626800000000001,1.3635,1.36227,1.36293,690,40,0
2023-11-27,1.3630499999999999,1.36605,1.36043,1.36052,33503,11,0
2023-11-28,1.36052,1.36129,1.35593,1.35653,39181,11,0
2023-11-29,1.35654,1.36144,1.35404,1.35915,42043,11,0
2023-11-30,1.35915,1.36261,1.35515,1.35561,47372,11,0
2023-12-01,1.35562,1.3556300000000001,1.34863,1.34957,40516,11,0
2023-12-03,1.34924,1.34959,1.34778,1.34878,1310,40,0
2023-12-04,1.34888,1.35614,1.34856,1.35388,44106,11,0
2023-12-05,1.35389,1.35938,1.35357,1.35911,42609,11,0
2023-12-06,1.35911,1.35958,1.35479,1.35911,38636,11,0
2023-12-07,1.35911,1.3618700000000001,1.35828,1.35958,36837,11,0
2023-12-08,1.35958,1.36091,1.35497,1.35821,43178,11,0
2023-12-10,1.35774,1.35859,1.35774,1.35796,856,40,0
2023-12-11,1.35806,1.36041,1.35493,1.35775,34268,11,0
2023-12-12,1.35775,1.3618000000000001,1.35442,1.35845,37452,11,0
2023-12-13,1.35846,1.36075,1.34942,1.35092,39164,11,0
2023-12-14,1.35091,1.35091,1.33932,1.34036,48486,11,0
2023-12-15,1.34037,1.34139,1.33496,1.33782,41361,11,0
2023-12-17,1.33656,1.33798,1.33643,1.33798,804,40,0
2023-12-18,1.3381,1.34085,1.3349,1.3397299999999999,33215,11,0
2023-12-19,1.3397299999999999,1.33996,1.33279,1.33378,32605,11,0
2023-12-20,1.33379,1.3369900000000001,1.33109,1.33588,33376,11,0
2023-12-21,1.33589,1.33592,1.3275000000000001,1.32835,40675,11,0
2023-12-22,1.32836,1.32922,1.32183,1.32663,35405,11,0
2023-12-25,1.32369,1.32404,1.3235299999999999,1.3237999999999999,527,275,0
2023-12-26,1.32394,1.32489,1.31802,1.3195000000000001,13928,22,0
2023-12-27,1.3195000000000001,1.32184,1.31753,1.3204500000000001,19944,22,0
2023-12-28,1.3204500000000001,1.32344,1.31815,1.32298,23036,22,0
2023-12-29,1.32298,1.32641,1.3176999999999999,1.32489,22639,22,0
2024-01-01,1.32195,1.32345,1.3218,1.32306,953,267,0
2024-01-02,1.3231600000000001,1.33328,1.32166,1.3321100000000001,29235,22,0
2024-01-03,1.3321100000000001,1.33708,1.33169,1.33476,34250,11,0
2024-01-04,1.33476,1.33648,1.33162,1.3355299999999999,29533,22,0
2024-01-05,1.3355299999999999,1.33982,1.32865,1.3357999999999999,33050,22,0
2024-01-07,1.33478,1.3363800000000001,1.3345500000000001,1.33583,766,40,0
2024-01-08,1.33592,1.3404,1.33436,1.33502,28966,22,0
2024-01-09,1.33502,1.3413599999999999,1.3339699999999999,1.33888,27362,22,0
2024-01-10,1.33888,1.33936,1.33643,1.33792,25646,22,0
2024-01-11,1.33792,1.34418,1.33497,1.33779,33181,22,0
2024-01-12,1.33779,1.34107,1.3342399999999999,1.34054,28698,22,0
2024-01-14,1.34009,1.341,1.3394,1.34049,1201,40,0
2024-01-15,1.34059,1.3447,1.33812,1.34351,18677,22,0
2024-01-16,1.34351,1.35007,1.3435000000000001,1.34887,32795,22,0
2024-01-17,1.34887,1.35405,1.34794,1.35011,30343,22,0
2024-01-18,1.35011,1.35278,1.3479700000000001,1.34845,30632,22,0
2024-01-19,1.34845,1.3501,1.34263,1.34274,27892,22,0
2024-01-21,1.3424,1.34364,1.34203,1.34307,1359,40,0
2024-01-22,1.3431199999999999,1.34824,1.34138,1.34774,25277,22,0
2024-01-23,1.34774,1.34907,1.34523,1.34561,24467,22,0
2024-01-24,1.34557,1.35272,1.34291,1.35247,27669,22,0
2024-01-25,1.35248,1.35336,1.3467500000000001,1.34785,29789,22,0
2024-01-26,1.34793,1.3482,1.34135,1.34504,28007,22,0
2024-01-28,1.34515,1.34541,1.3443399999999999,1.3454,883,40,0
2024-01-29,1.34549,1.34641,1.34077,1.34109,24044,22,0
2024-01-30,1.34109,1.34454,1.33928,1.3400699999999999,26684,22,0
2024-01-31,1.3400699999999999,1.34451,1.3357700000000001,1.34311,36806,22,0
2024-02-01,1.34314,1.34631,1.3366799999999999,1.33838,35556,22,0
2024-02-02,1.33838,1.3474300000000001,1.33649,1.34649,29973,22,0
2024-02-04,1.34555,1.34731,1.34543,1.3467799999999999,1121,40,0
2024-02-05,1.34697,1.35429,1.34657,1.35429,26758,22,0
2024-02-06,1.35425,1.35428,1.34755,1.34887,30594,22,0
2024-02-07,1.3489,1.34915,1.3454,1.34627,29094,22,0
2024-02-08,1.34618,1.3491900000000001,1.34469,1.34596,27321,22,0
2024-02-09,1.34593,1.34806,1.34121,1.34579,25814,22,0
2024-02-11,1.34561,1.34642,1.34542,1.34564,859,40,0
2024-02-12,1.34571,1.34741,1.34292,1.34544,24098,22,0
2024-02-13,1.34549,1.35849,1.34369,1.35653,30928,22,0
2024-02-14,1.35652,1.35713,1.3529900000000001,1.3538000000000001,28377,22,0
2024-02-15,1.35378,1.35507,1.34602,1.34656,26842,22,0
2024-02-16,1.3464800000000001,1.35065,1.34646,1.34833,26038,22,0
2024-02-18,1.34749,1.3483100000000001,1.3471899999999999,1.34768,931,40,0
2024-02-19,1.34771,1.35001,1.3467,1.34986,15569,22,0
2024-02-20,1.3498700000000001,1.35287,1.34713,1.35214,28897,22,0
2024-02-21,1.35228,1.3535300000000001,1.34931,1.34946,29836,22,0
2024-02-22,1.34943,1.35067,1.34399,1.34817,28661,22,0
2024-02-23,1.34818,1.35165,1.34607,1.35055,26147,22,0
2024-02-25,1.34885,1.35069,1.34878,1.35069,1012,40,0
2024-02-26,1.35098,1.35276,1.34992,1.3501400000000001,22806,22,0
2024-02-27,1.35007,1.35381,1.34835,1.35311,25474,22,0
2024-02-28,1.35306,1.3605,1.35267,1.3577,26247,22,0
2024-02-29,1.35769,1.35965,1.35402,1.35703,29199,22,0
2024-03-01,1.35676,1.36007,1.3544100000000001,1.35591,25257,22,0
2024-03-03,1.35461,1.35545,1.35457,1.35508,767,40,0
2024-03-04,1.35508,1.35829,1.35447,1.35733,23579,22,0
2024-03-05,1.3574899999999999,1.3604,1.35542,1.35898,26464,22,0
2024-03-06,1.35895,1.35989,1.34979,1.35115,26926,22,0
2024-03-07,1.35114,1.35245,1.34517,1.34531,27179,22,0
2024-03-08,1.34522,1.34969,1.34191,1.34837,29166,22,0
2024-03-10,1.34813,1.34903,1.34762,1.3479999999999999,1225,22,0
2024-03-11,1.3479999999999999,1.35088,1.3468499999999999,1.34767,25058,22,0
2024-03-12,1.34768,1.35246,1.34659,1.34914,27350,22,0
2024-03-13,1.34924,1.34974,1.34582,1.3465,22979,22,0
2024-03-14,1.34645,1.35403,1.34588,1.35364,24423,22,0
2024-03-15,1.35364,1.35508,1.35091,1.35405,21247,22,0
2024-03-17,1.35386,1.35476,1.35285,1.35455,1051,22,0
2024-03-18,1.35452,1.3550499999999999,1.35199,1.35345,18200,22,0
2024-03-19,1.35345,1.36124,1.35342,1.35735,22798,22,0
2024-03-20,1.35739,1.36038,1.3471199999999999,1.34713,25857,22,0
2024-03-21,1.34724,1.35406,1.3455,1.35269,24301,22,0
2024-03-22,1.3527,1.36129,1.35186,1.36064,20209,22,0
2024-03-24,1.35953,1.36113,1.35953,1.3611,1078,22,0
2024-03-25,1.36112,1.3613,1.3569499999999999,1.35846,17730,22,0
2024-03-26,1.35846,1.35895,1.35518,1.35802,18220,22,0
2024-03-27,1.3580999999999999,1.36071,1.35626,1.35847,18232,22,0
2024-03-28,1.35847,1.36128,1.35241,1.35339,23664,22,0
2024-03-29,1.35338,1.35601,1.35186,1.3520699999999999,7084,22,0
2024-03-31,1.35318,1.3541,1.35167,1.35222,2391,22,0
2024-04-01,1.35211,1.35855,1.35141,1.35739,17411,22,0
2024-04-02,1.35731,1.35834,1.35555,1.35638,20427,22,0
2024-04-03,1.35638,1.35879,1.35108,1.3523100000000001,20483,22,0
2024-04-04,1.35232,1.35581,1.3477000000000001,1.35435,19050,22,0
2024-04-05,1.35428,1.36464,1.35395,1.35892,25246,22,0
2024-04-07,1.35849,1.36048,1.35845,1.36038,1335,22,0
2024-04-08,1.36035,1.36157,1.35678,1.35701,25833,22,0
2024-04-09,1.35697,1.35976,1.35462,1.35724,24782,22,0
2024-04-10,1.35723,1.3701699999999999,1.35551,1.3688,36514,22,0
2024-04-11,1.36877,1.37247,1.36601,1.36864,31750,22,0
2024-04-12,1.3686099999999999,1.3786100000000001,1.36811,1.37723,29100,22,0
2024-04-14,1.37618,1.37769,1.37539,1.37588,1797,22,0
2024-04-15,1.37586,1.37924,1.37242,1.37862,33810,22,0
2024-04-16,1.3786100000000001,1.3845,1.37732,1.38187,39181,22,0
2024-04-17,1.38184,1.38366,1.37587,1.37711,34039,22,0
2024-04-18,1.37707,1.37806,1.3740999999999999,1.37692,31159,22,0
2024-04-19,1.37698,1.38035,1.37226,1.37488,39793,22,0
2024-04-21,1.37413,1.37513,1.37323,1.37386,1579,22,0
2024-04-22,1.37385,1.37487,1.36859,1.36991,25948,22,0
2024-04-23,1.36991,1.3713199999999999,1.36552,1.36609,27698,22,0
2024-04-24,1.36609,1.37276,1.36539,1.37033,25136,22,0
2024-04-25,1.37031,1.37301,1.3649200000000001,1.36585,29517,22,0
2024-04-26,1.36585,1.3694600000000001,1.36328,1.36682,25589,22,0
2024-04-28,1.36615,1.36665,1.3654899999999999,1.36551,815,22,0
2024-04-29,1.36551,1.36758,1.36311,1.36667,24423,22,0
2024-04-30,1.36667,1.3780999999999999,1.36618,1.37768,28165,22,0
2024-05-01,1.37768,1.37822,1.37026,1.37242,31979,22,0
2024-05-02,1.37239,1.37357,1.36649,1.36656,30411,22,0
2024-05-03,1.36656,1.36904,1.36089,1.36853,32156,22,0
2024-05-05,1.36726,1.36913,1.36722,1.36909,1016,22,0
2024-05-06,1.36909,1.36961,1.3647,1.36697,19613,22,0
2024-05-07,1.36697,1.37402,1.36599,1.37325,22899,22,0
2024-05-08,1.37328,1.37616,1.37164,1.37272,20378,22,0
2024-05-09,1.37272,1.37369,1.36712,1.3677000000000001,21156,22,0
2024-05-10,1.3677000000000001,1.36894,1.3632,1.36715,20347,22,0
2024-05-12,1.36629,1.3677000000000001,1.36612,1.36767,965,22,0
2024-05-13,1.36769,1.36886,1.36598,1.36653,15832,22,0
2024-05-14,1.36653,1.36897,1.36319,1.36529,19647,22,0
2024-05-15,1.36529,1.36597,1.35895,1.35969,21278,22,0
2024-05-16,1.35969,1.36401,1.3589,1.36142,19759,22,0
2024-05-17,1.36141,1.36428,1.36002,1.36105,16471,22,0
2024-05-19,1.36087,1.3613,1.36041,1.3608,999,22,0
2024-05-20,1.36081,1.3634,1.3595,1.36228,18601,22,0
2024-05-21,1.36224,1.36744,1.36139,1.36401,22444,22,0
2024-05-22,1.3639999999999999,1.36969,1.3623,1.36897,23360,22,0
2024-05-23,1.36897,1.37424,1.36557,1.37317,27289,22,0
2024-05-24,1.37317,1.3737599999999999,1.36471,1.36636,21195,22,0
2024-05-26,1.36601,1.3669799999999999,1.36552,1.36692,1034,22,0
2024-05-27,1.36692,1.3669799999999999,1.36272,1.3627799999999999,12403,22,0
2024-05-28,1.36277,1.36527,1.36138,1.36464,24112,22,0
2024-05-29,1.36464,1.37206,1.36455,1.37164,26223,22,0
2024-05-30,1.37162,1.37337,1.36591,1.36829,26544,22,0
2024-05-31,1.36829,1.3688500000000001,1.3618299999999999,1.3626,28701,22,0
2024-06-02,1.36224,1.36313,1.36181,1.3618299999999999,1540,22,0
2024-06-03,1.36185,1.3667500000000001,1.36019,1.3628,29238,22,0
2024-06-04,1.3628,1.3698000000000001,1.36198,1.36761,30689,22,0
2024-06-05,1.3675899999999999,1.37405,1.36646,1.36893,26257,22,0
2024-06-06,1.3689200000000001,1.37089,1.36627,1.36677,23699,22,0
2024-06-07,1.36677,1.37666,1.36623,1.3765100000000001,28411,22,0
2024-06-09,1.3754,1.37665,1.3752499999999999,1.37581,1288,22,0
2024-06-10,1.37582,1.37806,1.3752900000000001,1.37594,23130,22,0
2024-06-11,1.37594,1.37907,1.3747099999999999,1.3754,24398,22,0
2024-06-12,1.37541,1.37595,1.36792,1.37208,32454,22,0
2024-06-13,1.37208,1.3762400000000001,1.3713899999999999,1.3743400000000001,26709,22,0
2024-06-14,1.3743400000000001,1.3778299999999999,1.37267,1.37321,27259,22,0
2024-06-16,1.3728500000000001,1.37365,1.37248,1.37343,1319,22,0
2024-06-17,1.37343,1.37633,1.37126,1.3713199999999999,21601,22,0
2024-06-18,1.37133,1.37555,1.37083,1.37157,22773,22,0
2024-06-19,1.37157,1.37249,1.36972,1.37057,12669,22,0
2024-06-20,1.37057,1.3719700000000001,1.36813,1.36838,21363,22,0
2024-06-21,1.36838,1.37172,1.36735,1.36916,20846,22,0
2024-06-23,1.36887,1.37015,1.36881,1.36999,1104,22,0
2024-06-24,1.36997,1.3707099999999999,1.3649,1.36572,19110,22,0
2024-06-25,1.36572,1.36796,1.36188,1.36608,20415,22,0
2024-06-26,1.3660700000000001,1.37066,1.36496,1.37039,21161,22,0
2024-06-27,1.3704100000000001,1.37113,1.3675,1.36987,21347,22,0
2024-06-28,1.36987,1.37332,1.36544,1.36779,25830,22,0
2024-06-30,1.36659,1.36737,1.3661400000000001,1.3673600000000001,1370,22,0
2024-07-01,1.3673600000000001,1.37477,1.36624,1.3737300000000001,21874,22,0
2024-07-02,1.3737300000000001,1.37542,1.36664,1.3676599999999999,22606,17,0
2024-07-03,1.3676599999999999,1.36856,1.36163,1.36327,18905,17,0
2024-07-04,1.36327,1.36379,1.36073,1.36144,11768,17,0
2024-07-05,1.36143,1.36521,1.36015,1.36408,21679,22,0
2024-07-07,1.3639000000000001,1.36453,1.36368,1.36396,1291,22,0
2024-07-08,1.3639700000000001,1.36463,1.36233,1.36292,20364,22,0
2024-07-09,1.36291,1.36472,1.36273,1.36313,21003,22,0
2024-07-10,1.3631199999999999,1.36418,1.36071,1.36177,18657,22,0
2024-07-11,1.36177,1.36469,1.35881,1.36236,27032,22,0
2024-07-12,1.36236,1.36383,1.36103,1.36338,24632,22,0
2024-07-14,1.36358,1.36521,1.36254,1.36469,1756,12,0
2024-07-15,1.36469,1.3688,1.36307,1.36771,26815,13,0
2024-07-16,1.3677000000000001,1.3707099999999999,1.36646,1.3669799999999999,23932,17,0
2024-07-17,1.367,1.37008,1.36561,1.36784,29142,17,0
2024-07-18,1.36784,1.37176,1.3669799999999999,1.37031,27432,17,0
2024-07-19,1.37032,1.37469,1.37018,1.3727800000000001,26411,17,0
2024-07-21,1.37137,1.3721700000000001,1.36942,1.37073,1795,17,0
2024-07-22,1.37074,1.3774,1.37067,1.37607,22304,17,0
2024-07-23,1.37607,1.37866,1.3752,1.37854,19228,17,0
2024-07-24,1.37854,1.38155,1.37774,1.3811,23676,17,0
2024-07-25,1.3811,1.38476,1.3796,1.38184,29909,17,0
2024-07-26,1.38184,1.3848099999999999,1.38065,1.3836300000000001,20603,17,0
2024-07-28,1.38252,1.38337,1.3824,1.38299,1356,17,0
2024-07-29,1.38299,1.38641,1.38157,1.38554,19439,17,0
2024-07-30,1.38554,1.38636,1.38375,1.38475,21523,17,0
2024-07-31,1.38475,1.38578,1.3786800000000001,1.38075,28964,17,0
2024-08-01,1.38075,1.38882,1.37936,1.38801,30388,17,0
2024-08-02,1.38803,1.38875,1.38334,1.3872200000000001,36231,17,0
2024-08-04,1.38604,1.3884,1.3859,1.38824,2879,17,0
2024-08-05,1.38824,1.39458,1.38012,1.38045,61991,17,0
2024-08-06,1.38048,1.3855,1.37561,1.3786800000000001,47853,17,0
2024-08-07,1.3786800000000001,1.37899,1.37202,1.37514,36151,17,0
2024-08-08,1.37514,1.37647,1.37257,1.37352,33435,17,0
2024-08-09,1.37355,1.3756599999999999,1.37174,1.37289,25075,17,0
2024-08-11,1.37221,1.37401,1.37221,1.37347,1169,17,0
2024-08-12,1.37348,1.3747,1.37178,1.37413,18892,17,0
2024-08-13,1.37411,1.37466,1.37025,1.37092,20554,17,0
2024-08-14,1.37092,1.37237,1.36882,1.37165,21575,17,0
2024-08-15,1.37165,1.3737599999999999,1.3694600000000001,1.37334,19532,17,0
2024-08-16,1.37334,1.37362,1.36765,1.36768,15627,17,0
2024-08-18,1.3676300000000001,1.36832,1.36738,1.36783,589,17,0
2024-08-19,1.36782,1.36841,1.36291,1.3631,9878,17,0
2024-08-20,1.3631199999999999,1.36405,1.3603399999999999,1.36168,11572,17,0
2024-08-21,1.36167,1.36227,1.35751,1.35834,12517,17,0
2024-08-22,1.35836,1.36179,1.35705,1.3603399999999999,11776,17,0
2024-08-23,1.36036,1.36046,1.3498,1.35079,12780,17,0
2024-08-25,1.3504,1.35148,1.34994,1.35083,947,15,0
2024-08-26,1.35081,1.35135,1.34626,1.34814,11433,15,0
2024-08-27,1.34816,1.34876,1.3440400000000001,1.3447,11500,15,0
2024-08-28,1.34469,1.34873,1.34405,1.34765,12655,15,0
2024-08-29,1.34763,1.34903,1.3449499999999999,1.34884,13936,15,0
2024-08-30,1.34883,1.35087,1.3465,1.34928,14518,15,0
2024-09-01,1.34806,1.34923,1.34806,1.34904,1094,15,0
2024-09-02,1.34905,1.35046,1.34849,1.34976,11570,15,0
2024-09-03,1.34975,1.35617,1.34914,1.35434,26195,15,0
2024-09-04,1.35435,1.35647,1.34994,1.3508200000000001,25951,15,0
2024-09-05,1.35081,1.35245,1.34982,1.3498299999999999,22779,15,0
2024-09-06,1.34984,1.35818,1.34653,1.35705,30657,15,0
2024-09-08,1.35592,1.35701,1.3558,1.3562699999999999,1300,15,0
2024-09-09,1.3562699999999999,1.35763,1.35458,1.3563399999999999,20846,15,0
2024-09-10,1.3563399999999999,1.36147,1.35611,1.36096,22307,15,0
2024-09-11,1.36097,1.36221,1.35662,1.35778,27021,15,0
2024-09-12,1.35778,1.36038,1.35644,1.35744,23047,15,0
2024-09-13,1.35744,1.35994,1.35646,1.35861,19886,15,0
2024-09-15,1.35901,1.35925,1.3577,1.35781,1105,15,0
2024-09-16,1.35781,1.36067,1.3566099999999999,1.35863,18879,15,0
2024-09-17,1.35863,1.36162,1.35796,1.35931,23260,15,0
2024-09-18,1.35931,1.36222,1.35403,1.36079,33867,15,0
2024-09-19,1.36077,1.36468,1.35324,1.35626,35160,15,0
2024-09-20,1.35626,1.35889,1.3541400000000001,1.3568799999999999,26878,15,0
2024-09-22,1.3556,1.35684,1.35538,1.35651,1264,15,0
2024-09-23,1.35652,1.3581400000000001,1.3486500000000001,1.3529499999999999,26792,15,0
2024-09-24,1.35294,1.35311,1.34201,1.34202,27787,15,0
2024-09-25,1.34205,1.34864,1.34189,1.3483100000000001,27541,15,0
2024-09-26,1.34832,1.3489,1.34571,1.34756,32200,15,0
2024-09-27,1.34757,1.3525800000000001,1.34631,1.35147,30910,15,0
2024-09-29,1.3501,1.3513600000000001,1.35005,1.35092,1525,15,0
2024-09-30,1.35092,1.3537,1.3489200000000001,1.35251,31895,15,0
2024-10-01,1.35251,1.35388,1.34805,1.34944,37038,15,0
2024-10-02,1.34943,1.35093,1.34718,1.35065,30169,15,0
2024-10-03,1.35065,1.3559,1.3505099999999999,1.3548,32903,15,0
2024-10-04,1.3548,1.35904,1.35442,1.35755,29553,15,0
2024-10-06,1.35609,1.35821,1.35598,1.35805,1728,15,0
2024-10-07,1.35806,1.36388,1.35718,1.362,27655,15,0
2024-10-08,1.362,1.36745,1.36106,1.36542,29209,15,0
2024-10-09,1.36542,1.37181,1.36465,1.37093,25805,15,0
2024-10-10,1.37093,1.3774600000000001,1.3704100000000001,1.37455,29182,15,0
2024-10-11,1.37452,1.37825,1.37245,1.37631,21364,15,0
2024-10-13,1.37503,1.3784399999999999,1.37501,1.37818,1444,15,0
2024-10-14,1.37819,1.38045,1.377,1.38018,22773,15,0
2024-10-15,1.3801700000000001,1.38378,1.37694,1.37802,25344,15,0
2024-10-16,1.37802,1.37924,1.3749,1.3755600000000001,22879,15,0
2024-10-17,1.3755600000000001,1.38006,1.37466,1.37957,25499,15,0
2024-10-18,1.37957,1.38143,1.37849,1.37994,22217,15,0
2024-10-20,1.37943,1.38046,1.37936,1.37995,1004,15,0
2024-10-21,1.37994,1.3848799999999999,1.37989,1.38334,23202,15,0
2024-10-22,1.38334,1.38371,1.38127,1.38172,23647,15,0
2024-10-23,1.3817300000000001,1.3862,1.38155,1.3837,25314,15,0
2024-10-24,1.38372,1.38679,1.3812,1.38532,24825,15,0
2024-10-25,1.38531,1.38967,1.38376,1.38919,21464,15,0
2024-10-27,1.38861,1.38963,1.38815,1.38953,1376,15,0
2024-10-28,1.38953,1.39078,1.38816,1.38877,21010,15,0
2024-10-29,1.38877,1.39289,1.3875899999999999,1.39148,24580,15,0
2024-10-30,1.39148,1.39398,1.38944,1.39086,27628,15,0
2024-10-31,1.39084,1.39445,1.38903,1.39346,28878,15,0
2024-11-01,1.39346,1.39582,1.3902,1.39526,24534,15,0
2024-11-03,1.39176,1.39264,1.3914,1.39204,1331,17,0
2024-11-04,1.39205,1.3921700000000001,1.38745,1.39005,26692,15,0
2024-11-05,1.39005,1.3906100000000001,1.38184,1.38337,22561,15,0
2024-11-06,1.38339,1.3957899999999999,1.38317,1.39471,53891,15,0
2024-11-07,1.39475,1.39475,1.38416,1.38675,31659,15,0
2024-11-08,1.38676,1.39272,1.38662,1.39107,25984,15,0
2024-11-10,1.39043,1.39113,1.39017,1.39097,1178,17,0
2024-11-11,1.391,1.39499,1.39044,1.39195,22059,15,0
2024-11-12,1.39197,1.39667,1.39164,1.39447,28937,15,0
2024-11-13,1.39447,1.40021,1.39296,1.3991500000000001,30346,15,0
2024-11-14,1.39916,1.40705,1.39874,1.40607,33023,15,0
2024-11-15,1.40609,1.4104999999999999,1.40326,1.40875,31503,15,0
2024-11-17,1.40832,1.4090099999999999,1.40805,1.40857,1241,17,0
2024-11-18,1.40857,1.4102000000000001,1.40036,1.40218,26568,15,0
2024-11-19,1.40219,1.40359,1.39507,1.3955,31806,15,0
2024-11-20,1.3955,1.40138,1.395,1.39682,25432,15,0
2024-11-21,1.39682,1.39838,1.39307,1.39838,28899,15,0
2024-11-22,1.39837,1.40202,1.39572,1.39792,33119,15,0
2024-11-24,1.39432,1.395,1.3932,1.39328,1397,15,0
2024-11-25,1.39328,1.41198,1.3927,1.4098,32603,15,0
2024-11-26,1.40981,1.41773,1.40493,1.40519,49711,15,0
2024-11-27,1.4052,1.40772,1.40087,1.4025400000000001,34411,15,0
2024-11-28,1.40255,1.40308,1.3998,1.40073,20664,15,0
2024-11-29,1.40075,1.40449,1.39801,1.39998,31023,15,0
2024-12-01,1.39848,1.40173,1.39836,1.40127,1609,17,0
2024-12-02,1.40133,1.4089,1.40125,1.40457,38804,15,0
2024-12-03,1.40458,1.4075199999999999,1.40086,1.40646,32498,15,0
2024-12-04,1.40647,1.40825,1.40514,1.40717,34021,15,0
2024-12-05,1.40717,1.40788,1.4009800000000001,1.40186,27829,15,0
2024-12-06,1.40186,1.41639,1.40186,1.4157899999999999,33258,15,0
2024-12-08,1.41494,1.41643,1.4148800000000001,1.415,956,17,0
2024-12-09,1.4151,1.41744,1.4092799999999999,1.41742,24052,15,0
2024-12-10,1.41743,1.4194200000000001,1.41552,1.41743,28684,15,0
2024-12-11,1.41744,1.41932,1.41191,1.4148399999999999,34900,15,0
2024-12-12,1.41485,1.42271,1.41306,1.42151,35890,15,0
2024-12-13,1.42154,1.42444,1.42089,1.42343,27990,15,0
2024-12-15,1.42251,1.42343,1.42244,1.42255,1000,17,0
2024-12-16,1.42257,1.4272,1.42163,1.4234200000000001,25973,15,0
2024-12-17,1.42341,1.43228,1.42314,1.43095,27697,15,0
2024-12-18,1.43095,1.44663,1.43041,1.44614,31857,15,0
2024-12-19,1.44612,1.44612,1.43436,1.44021,38245,15,0
2024-12-20,1.44021,1.44347,1.43347,1.43739,33192,15,0
2024-12-22,1.43601,1.43686,1.4358,1.43595,873,17,0
2024-12-23,1.43598,1.44325,1.43483,1.43735,27323,15,0
2024-12-24,1.43735,1.44194,1.43395,1.4341599999999999,18692,15,0
2024-12-25,1.43568,1.4365999999999999,1.435,1.4353,967,17,0
2024-12-26,1.4353,1.44198,1.43493,1.4409,19825,15,0
2024-12-27,1.4409,1.44485,1.43742,1.44135,22187,15,0
2024-12-29,1.44068,1.4414799999999999,1.44015,1.44021,734,17,0
2024-12-30,1.44021,1.44321,1.43442,1.43499,26525,15,0
2024-12-31,1.4350100000000001,1.44086,1.43375,1.4381300000000001,26796,15,0
2025-01-01,1.43774,1.43836,1.43723,1.4374500000000001,1108,17,0
2025-01-02,1.4374799999999999,1.44413,1.43685,1.44039,29896,15,0
2025-01-03,1.44041,1.44627,1.43826,1.44466,23169,15,0
2025-01-05,1.44391,1.44494,1.44356,1.44382,931,17,0
2025-01-06,1.44382,1.44439,1.42792,1.43408,42170,15,0
2025-01-07,1.43405,1.43698,1.42972,1.4365,32429,15,0
2025-01-08,1.4365,1.44089,1.4338600000000001,1.43766,34576,15,0
2025-01-09,1.43765,1.4404,1.43644,1.44012,22636,15,0
2025-01-10,1.44013,1.44421,1.43749,1.44211,34177,15,0
2025-01-12,1.44163,1.44227,1.44108,1.4414500000000001,1119,17,0
2025-01-13,1.44146,1.44463,1.43418,1.43639,34087,15,0
2025-01-14,1.43639,1.4409399999999999,1.43453,1.4351,35283,15,0
2025-01-15,1.4351099999999999,1.4365999999999999,1.43018,1.43241,30565,15,0
2025-01-16,1.43245,1.44024,1.43218,1.4394,32020,15,0
2025-01-17,1.4394,1.44838,1.43819,1.448,29706,15,0
2025-01-19,1.4457900000000001,1.44842,1.4457900000000001,1.44693,826,19,0
2025-01-20,1.44699,1.44777,1.42607,1.43021,45709,15,0
2025-01-21,1.43022,1.45156,1.42888,1.43407,63770,15,0
2025-01-22,1.43405,1.44035,1.43003,1.43951,34487,15,0
2025-01-23,1.43951,1.44126,1.43337,1.4377,37217,15,0
2025-01-24,1.4377,1.43832,1.43141,1.43445,37722,15,0
2025-01-26,1.43584,1.43866,1.43577,1.43853,1394,19,0
2025-01-27,1.43855,1.44147,1.43327,1.44048,46760,15,0
2025-01-28,1.44047,1.44194,1.4368400000000001,1.44021,35822,15,0
2025-01-29,1.44021,1.44709,1.43911,1.43963,42007,15,0
2025-01-30,1.43964,1.45942,1.43964,1.44923,44914,15,0
2025-01-31,1.44926,1.45588,1.43705,1.45255,72783,15,0
2025-02-02,1.4722,1.47475,1.47025,1.47107,3293,46,0
2025-02-03,1.47122,1.47925,1.43856,1.4421,122142,17,0
2025-02-04,1.4421,1.45023,1.43007,1.43384,48949,15,0
2025-02-05,1.43381,1.43435,1.42693,1.43148,39156,15,0
2025-02-06,1.43148,1.43658,1.43006,1.43072,30492,15,0
2025-02-07,1.4307400000000001,1.4344299999999999,1.42729,1.4292099999999999,43137,15,0
2025-02-09,1.43417,1.43703,1.4329100000000001,1.4332,1642,25,0
2025-02-10,1.43322,1.43583,1.43046,1.4338199999999999,30722,15,0
2025-02-11,1.4338,1.4344999999999999,1.42785,1.42863,26670,15,0
2025-02-12,1.4286400000000001,1.43417,1.42551,1.42997,36713,15,0
2025-02-13,1.42998,1.43029,1.41826,1.41921,41939,15,0
2025-02-14,1.41922,1.41997,1.41503,1.41784,30384,15,0
2025-02-16,1.41639,1.41894,1.41639,1.41806,1504,17,0
2025-02-17,1.41809,1.41933,1.4159,1.41846,20688,15,0
2025-02-18,1.41848,1.42122,1.4178899999999999,1.41895,28012,15,0
2025-02-19,1.41894,1.42448,1.41749,1.42401,28876,15,0
2025-02-20,1.4240300000000001,1.42441,1.41658,1.41745,31970,15,0
2025-02-21,1.41747,1.42356,1.41678,1.42219,31921,15,0
2025-02-23,1.4218600000000001,1.42245,1.42042,1.4209800000000001,1512,17,0
2025-02-24,1.421,1.42785,1.41814,1.42774,35754,15,0
2025-02-25,1.42776,1.4316499999999999,1.42392,1.43011,38035,15,0
2025-02-26,1.43011,1.43675,1.42936,1.4337900000000001,38753,15,0
2025-02-27,1.4337900000000001,1.44483,1.43216,1.44458,43475,15,0
2025-02-28,1.44455,1.44707,1.43991,1.44666,38619,15,0
2025-03-02,1.4441,1.44463,1.44347,1.44432,2004,17,0
2025-03-03,1.44433,1.45408,1.4368400000000001,1.44935,50890,15,0
2025-03-04,1.44936,1.45423,1.43697,1.43981,68410,15,0
2025-03-05,1.43981,1.4449100000000001,1.43283,1.43394,65825,15,0
2025-03-06,1.43394,1.4376,1.42392,1.42931,55502,15,0
2025-03-07,1.42932,1.44256,1.42789,1.43701,48723,15,0
2025-03-09,1.43576,1.4384700000000001,1.43576,1.43729,3247,17,0
2025-03-10,1.43728,1.44717,1.43526,1.44263,44909,15,0
2025-03-11,1.44261,1.45202,1.43788,1.44345,59060,15,0
2025-03-12,1.44346,1.44841,1.4352800000000001,1.43587,43189,15,0
2025-03-13,1.43588,1.44509,1.43586,1.44264,44380,15,0
2025-03-14,1.4426700000000001,1.44408,1.43548,1.4369,38461,15,0
2025-03-16,1.43711,1.43768,1.43542,1.43729,1925,17,0
2025-03-17,1.43731,1.43797,1.42749,1.4298,31053,15,0
2025-03-18,1.4298,1.43188,1.42663,1.42992,30846,15,0
2025-03-19,1.42992,1.43484,1.42951,1.4322300000000001,31161,15,0
2025-03-20,1.4322300000000001,1.44007,1.4312,1.43242,29976,15,0
2025-03-21,1.43242,1.4372099999999999,1.43131,1.43553,27279,15,0
2025-03-23,1.4344700000000001,1.43494,1.43244,1.4333,1704,17,0
2025-03-24,1.43327,1.435,1.42885,1.43159,28073,15,0
2025-03-25,1.43159,1.4332,1.4270399999999999,1.42727,26148,15,0
2025-03-26,1.42728,1.43095,1.4234499999999999,1.42957,31624,15,0
2025-03-27,1.4296,1.43281,1.4258899999999999,1.43065,33397,15,0
2025-03-28,1.43067,1.43323,1.42757,1.43174,31139,15,0
2025-03-30,1.43025,1.4324,1.42998,1.43093,2794,17,0
2025-03-31,1.43093,1.43954,1.4298600000000001,1.43902,33930,15,0
2025-04-01,1.43902,1.44144,1.42883,1.42934,37592,15,0
2025-04-02,1.42935,1.43666,1.42147,1.4216199999999999,49765,15,0
2025-04-03,1.42165,1.42578,1.40266,1.40829,74402,15,0
2025-04-04,1.40826,1.4258,1.4053,1.4227400000000001,93435,15,0
2025-04-06,1.42416,1.42679,1.42051,1.42416,8560,15,0
2025-04-07,1.42413,1.4295499999999999,1.41787,1.42384,105841,15,0
2025-04-08,1.42387,1.4271099999999999,1.41425,1.42556,73986,15,0
2025-04-09,1.42558,1.42728,1.40732,1.41022,101824,15,0
2025-04-10,1.4102299999999999,1.41092,1.39509,1.39519,76486,15,0
2025-04-11,1.3952200000000001,1.39841,1.3838599999999999,1.38626,93541,15,0
2025-04-13,1.38535,1.38838,1.38497,1.38742,3708,15,0
2025-04-14,1.38745,1.39101,1.38281,1.39004,47473,15,0
2025-04-15,1.39006,1.3976899999999999,1.38494,1.39574,41514,15,0
2025-04-16,1.39574,1.39593,1.38528,1.3859,43138,15,0
2025-04-17,1.3859,1.39054,1.38213,1.38415,35586,15,0
2025-04-18,1.38414,1.38647,1.38238,1.38276,36141,61,0
2025-04-20,1.3844400000000001,1.38465,1.38216,1.38247,2544,15,0
2025-04-21,1.38249,1.38492,1.3780700000000001,1.3833,31877,15,0
2025-04-22,1.3833,1.3860999999999999,1.37926,1.3847800000000001,39121,15,0
2025-04-23,1.3848,1.3904,1.37976,1.38744,40973,15,0
2025-04-24,1.38742,1.38982,1.38394,1.3855,32874,15,0
2025-04-25,1.38552,1.38918,1.38492,1.38529,27385,15,0
2025-04-27,1.3857599999999999,1.38717,1.38483,1.38704,1894,15,0
2025-04-28,1.38703,1.38919,1.38159,1.38317,28994,15,0
2025-04-29,1.38317,1.38709,1.38079,1.38252,30938,15,0
2025-04-30,1.38252,1.3854600000000001,1.37694,1.37934,30893,15,0
2025-05-01,1.37934,1.38616,1.37836,1.3848099999999999,27088,15,0
2025-05-02,1.3848,1.38494,1.37596,1.3817599999999999,32621,15,0
2025-05-04,1.37914,1.38276,1.37894,1.38243,1902,15,0
2025-05-05,1.38242,1.38289,1.3786100000000001,1.38222,27539,15,0
2025-05-06,1.38222,1.38445,1.37499,1.37709,31656,15,0
2025-05-07,1.37709,1.38388,1.37672,1.3835899999999999,31155,15,0
2025-05-08,1.3835899999999999,1.39322,1.3813,1.3923,32105,15,0
2025-05-09,1.39231,1.39439,1.39059,1.39378,23377,15,0
2025-05-11,1.38984,1.39313,1.38956,1.39275,2260,15,0
2025-05-12,1.39273,1.4015,1.39139,1.3973499999999999,34369,15,0
2025-05-13,1.3973499999999999,1.40155,1.3926,1.39329,29696,15,0
2025-05-14,1.39329,1.39855,1.39009,1.39775,30373,15,0
2025-05-15,1.39776,1.4003999999999999,1.39514,1.39557,26192,15,0
2025-05-16,1.39557,1.3994900000000001,1.39348,1.39677,20837,15,0
2025-05-18,1.39632,1.3968099999999999,1.39512,1.39524,1873,15,0
2025-05-19,1.3952200000000001,1.39722,1.39166,1.39575,23436,15,0
2025-05-20,1.39578,1.39679,1.39075,1.39083,25590,15,0
2025-05-21,1.39084,1.39106,1.38134,1.38612,31682,15,0
2025-05-22,1.3860999999999999,1.38883,1.38456,1.3858,28055,15,0
2025-05-23,1.3858,1.38584,1.37086,1.373,29104,15,0
2025-05-25,1.3726099999999999,1.37377,1.37198,1.37358,2395,15,0
2025-05-26,1.37357,1.37385,1.36856,1.37358,18563,15,0
2025-05-27,1.37358,1.38352,1.37215,1.38094,26229,15,0
2025-05-28,1.38094,1.38602,1.3801,1.3853,28841,15,0
2025-05-29,1.38529,1.3860999999999999,1.37845,1.38065,31392,15,0
2025-05-30,1.38064,1.3829099999999999,1.37133,1.37387,29041,15,0
2025-06-01,1.37304,1.37395,1.3721700000000001,1.37248,1805,15,0
2025-06-02,1.37249,1.37282,1.3674,1.3710200000000001,29427,15,0
2025-06-03,1.3710200000000001,1.37422,1.3700700000000001,1.37151,24476,15,0
2025-06-04,1.3715,1.3731,1.36517,1.36811,26488,15,0
2025-06-05,1.3681,1.36834,1.3633899999999999,1.3666800000000001,27117,15,0
2025-06-06,1.36669,1.37038,1.36598,1.36941,25506,15,0
2025-06-08,1.3689200000000001,1.36991,1.36856,1.3692,1326,15,0
2025-06-09,1.3692,1.37067,1.36689,1.37002,20493,15,0
2025-06-10,1.37,1.37279,1.3663699999999999,1.36679,24622,15,0
2025-06-11,1.36679,1.36895,1.3649200000000001,1.36657,24503,15,0
2025-06-12,1.36658,1.36747,1.35948,1.35952,25084,15,0
2025-06-13,1.35954,1.3651,1.3565800000000001,1.35805,39378,15,0
2025-06-15,1.35786,1.35947,1.35763,1.35822,3273,15,0
2025-06-16,1.35824,1.36063,1.35394,1.35727,27675,15,0
2025-06-17,1.35727,1.36927,1.35561,1.36833,31261,15,0
2025-06-18,1.3683100000000001,1.37026,1.36338,1.3696,35406,15,0
2025-06-19,1.3696,1.37457,1.36936,1.36947,23881,15,0
2025-06-20,1.3694899999999999,1.3746399999999999,1.36868,1.3732199999999999,25642,15,0
2025-06-22,1.37401,1.37594,1.37369,1.37406,2944,15,0
2025-06-23,1.37406,1.37974,1.37218,1.37294,38301,15,0
2025-06-24,1.37294,1.3734,1.36782,1.37256,27915,15,0
2025-06-25,1.37256,1.37539,1.37113,1.37119,24003,15,0
2025-06-26,1.37117,1.3722400000000001,1.36173,1.36418,30323,15,0
2025-06-27,1.36416,1.37588,1.3627099999999999,1.36792,31849,15,0
2025-06-29,1.36807,1.36914,1.36757,1.36815,2187,15,0
2025-06-30,1.36815,1.36991,1.35994,1.3606,32103,15,0
2025-07-01,1.3606,1.36664,1.35906,1.36442,25942,15,0
2025-07-02,1.36442,1.36581,1.3583,1.35877,24856,15,0
2025-07-03,1.35877,1.36232,1.35559,1.35747,24744,15,0
2025-07-04,1.35746,1.36164,1.3566099999999999,1.35967,21100,15,0
2025-07-06,1.35969,1.36077,1.35896,1.36032,1533,15,0
2025-07-07,1.36033,1.36849,1.35969,1.36645,27456,15,0
2025-07-08,1.36647,1.36937,1.3638,1.36684,26612,15,0
2025-07-09,1.36683,1.37093,1.3665,1.36853,23512,15,0
2025-07-10,1.36853,1.3707799999999999,1.36498,1.36552,20633,15,0
2025-07-11,1.3655300000000001,1.373,1.36514,1.36901,32791,15,0
2025-07-13,1.3691900000000001,1.37039,1.36846,1.36864,2063,15,0
2025-07-14,1.36864,1.37083,1.36693,1.37057,23191,15,0
2025-07-15,1.37058,1.37291,1.3671,1.3716,24784,15,0
2025-07-16,1.3716,1.37548,1.3675899999999999,1.36894,30696,15,0
2025-07-17,1.36895,1.37736,1.3688799999999999,1.37359,23711,15,0
2025-07-18,1.37358,1.37419,1.3695,1.37216,18691,15,0
2025-07-20,1.37112,1.37297,1.3708,1.37231,2157,15,0
2025-07-21,1.3723,1.37339,1.36746,1.36755,18499,15,0
2025-07-22,1.36755,1.3694600000000001,1.35954,1.36042,20673,15,0
2025-07-23,1.36042,1.36284,1.3575,1.36016,22357,15,0
2025-07-24,1.36016,1.3654,1.3596,1.3639999999999999,21531,15,0
2025-07-25,1.36399,1.3725100000000001,1.36377,1.37015,24002,15,0
2025-07-27,1.3701400000000001,1.37052,1.36941,1.37022,1869,15,0
2025-07-28,1.37022,1.37417,1.36867,1.3734199999999999,25997,15,0
2025-07-29,1.3734199999999999,1.37877,1.37304,1.37741,23348,15,0
2025-07-30,1.37741,1.38445,1.37582,1.38262,28519,15,0
2025-07-31,1.38262,1.38702,1.3813,1.38575,28618,15,0
2025-08-01,1.38574,1.38785,1.3762400000000001,1.37849,35610,15,0
2025-08-03,1.37704,1.3788,1.37683,1.3777300000000001,2350,15,0
2025-08-04,1.37775,1.37942,1.37578,1.3768799999999999,25813,15,0
2025-08-05,1.3768799999999999,1.38096,1.37628,1.37711,24815,15,0
2025-08-06,1.37713,1.37789,1.37348,1.37392,20433,15,0
2025-08-07,1.37392,1.37731,1.37211,1.3732199999999999,23827,15,0
2025-08-08,1.3732,1.37629,1.37253,1.37542,18341,15,0
2025-08-10,1.37443,1.37562,1.3744100000000001,1.37528,1158,15,0
2025-08-11,1.3752900000000001,1.37947,1.37446,1.3774199999999999,18362,15,0
2025-08-12,1.37744,1.3805399999999999,1.37535,1.37697,27130,15,0
2025-08-13,1.37697,1.37813,1.3751,1.37523,19458,15,0
2025-08-14,1.37523,1.38188,1.3744,1.3813,23753,15,0
2025-08-15,1.38129,1.38191,1.37869,1.38175,17389,15,0
2025-08-17,1.3807,1.38167,1.38038,1.38148,1408,15,0
2025-08-18,1.38148,1.38307,1.37824,1.38022,17210,15,0
2025-08-19,1.3801999999999999,1.38693,1.38009,1.3866100000000001,20057,15,0
2025-08-20,1.38662,1.38828,1.38531,1.38737,21133,15,0
2025-08-21,1.38737,1.39119,1.38723,1.39011,19434,15,0
2025-08-22,1.39011,1.3924,1.3814,1.38263,22609,15,0
2025-08-24,1.38157,1.38328,1.38157,1.38292,1469,15,0
2025-08-25,1.38294,1.38632,1.38164,1.38585,17913,15,0
2025-08-26,1.38584,1.38673,1.38217,1.38343,21974,15,0
2025-08-27,1.38343,1.3857,1.37804,1.37808,20386,15,0
2025-08-28,1.37808,1.37873,1.37408,1.37514,21101,15,0
2025-08-29,1.37514,1.37785,1.3726,1.37412,20987,15,0
2025-08-31,1.37317,1.37423,1.37298,1.37385,1198,15,0
2025-09-01,1.37386,1.37612,1.37321,1.37478,14067,15,0
2025-09-02,1.37479,1.3814199999999999,1.37449,1.37842,27191,15,0
2025-09-03,1.37843,1.3807,1.37825,1.37924,22441,15,0
2025-09-04,1.3792200000000001,1.3844699999999999,1.37917,1.3814899999999999,18908,15,0
2025-09-05,1.38148,1.38535,1.37581,1.38256,23228,15,0
2025-09-07,1.38231,1.38436,1.38225,1.38349,2094,15,0
2025-09-08,1.3835,1.3843,1.37876,1.37953,21517,15,0
2025-09-09,1.37953,1.38591,1.3792900000000001,1.3846,20830,15,0
2025-09-10,1.38461,1.3869099999999999,1.383,1.3860000000000001,21808,15,0
2025-09-11,1.3860000000000001,1.3890799999999999,1.38254,1.38342,21569,15,0
2025-09-12,1.38344,1.38628,1.38321,1.38449,16265,15,0
2025-09-14,1.3835600000000001,1.38433,1.38338,1.38387,1266,15,0
2025-09-15,1.38387,1.3845100000000001,1.37664,1.37743,18839,15,0
2025-09-16,1.37744,1.37775,1.37338,1.37386,21693,15,0
2025-09-17,1.37386,1.37865,1.3726,1.37702,28084,15,0
2025-09-18,1.377,1.38091,1.37652,1.37915,24935,15,0
2025-09-19,1.37915,1.38244,1.37683,1.37765,21643,15,0
2025-09-21,1.37754,1.37845,1.37737,1.3782,1122,15,0
2025-09-22,1.3782,1.38311,1.37811,1.38249,19490,15,0
2025-09-23,1.38249,1.38492,1.3810799999999999,1.38382,21070,15,0
2025-09-24,1.3838,1.39062,1.38369,1.3896,20964,15,0
2025-09-25,1.38958,1.3948800000000001,1.3884699999999999,1.39408,20506,15,0
2025-09-26,1.39408,1.3957899999999999,1.3931200000000001,1.39422,19795,15,0
2025-09-28,1.39264,1.39465,1.39263,1.3937599999999999,1205,15,0
2025-09-29,1.3937599999999999,1.39388,1.39025,1.3917,19877,15,0
2025-09-30,1.3917,1.39351,1.38958,1.39236,21378,15,0
2025-10-01,1.39235,1.39562,1.3906399999999999,1.39399,22838,15,0
2025-10-02,1.39398,1.39855,1.39318,1.39605,18564,15,0
2025-10-03,1.39603,1.39686,1.39392,1.3948800000000001,16363,15,0
2025-10-05,1.39483,1.39667,1.39456,1.39642,2155,15,0
2025-10-06,1.39639,1.3967,1.39395,1.39446,17996,15,0
2025-10-07,1.39446,1.39619,1.39381,1.39526,18797,15,0
2025-10-08,1.39526,1.39704,1.39311,1.39548,19220,15,0
2025-10-09,1.39546,1.40332,1.39329,1.40195,23164,15,0
2025-10-10,1.40195,1.40333,1.39754,1.40019,26069,15,0
2025-10-12,1.39903,1.40034,1.3988399999999999,1.39985,2811,15,0
2025-10-13,1.39987,1.40396,1.39824,1.4039,20734,15,0
2025-10-14,1.4039,1.40792,1.40294,1.40449,26313,15,0
2025-10-15,1.40451,1.40591,1.4026,1.40457,22835,15,0
2025-10-16,1.40457,1.40601,1.4022000000000001,1.40456,24805,15,0
2025-10-17,1.40455,1.40665,1.40073,1.4021,24278,15,0
2025-10-19,1.40133,1.40211,1.40093,1.40155,1221,15,0
2025-10-20,1.40155,1.40502,1.40049,1.40329,16966,15,0
2025-10-21,1.4033,1.4064999999999999,1.40027,1.40194,22638,15,0
2025-10-22,1.40194,1.4031500000000001,1.39753,1.39892,21831,15,0
2025-10-23,1.39892,1.4003999999999999,1.3972,1.39866,17084,15,0
2025-10-24,1.39866,1.4038300000000001,1.39837,1.39933,20200,15,0
2025-10-26,1.40056,1.40069,1.39874,1.39935,2087,15,0
2025-10-27,1.39935,1.40076,1.39697,1.39914,17063,15,0
2025-10-28,1.39913,1.4004699999999999,1.39327,1.39387,18517,15,0
2025-10-29,1.39387,1.39541,1.3887399999999999,1.3941,26794,15,0
2025-10-30,1.39412,1.40136,1.39266,1.39809,23591,15,0
2025-10-31,1.39809,1.40347,1.39785,1.40099,19657,15,0
2025-11-02,1.40061,1.40174,1.40058,1.40153,1304,18,0
2025-11-03,1.40153,1.4075,1.4008,1.40551,17571,15,0
2025-11-04,1.4055,1.41069,1.4053499999999999,1.4101,20189,15,0
2025-11-05,1.41012,1.4139599999999999,1.4101,1.41017,19840,15,0
2025-11-06,1.4102000000000001,1.4139300000000001,1.40895,1.4111799999999999,20513,15,0
2025-11-07,1.4111500000000001,1.41253,1.40252,1.40434,21354,15,0
2025-11-09,1.40536,1.40541,1.40371,1.4043700000000001,1605,15,0
2025-11-10,1.40438,1.40456,1.40004,1.4025400000000001,20888,15,0
2025-11-11,1.4025400000000001,1.40404,1.4001299999999999,1.40155,17579,15,0
2025-11-12,1.40156,1.4021,1.3989500000000001,1.40094,18641,15,0
2025-11-13,1.40094,1.4037,1.39847,1.40361,20823,15,0
2025-11-14,1.40362,1.40445,1.4013499999999999,1.40237,22953,15,0
2025-11-16,1.40119,1.40258,1.40114,1.40179,897,18,0
2025-11-17,1.40178,1.4057,1.40155,1.40504,20156,15,0
2025-11-18,1.4050500000000001,1.40615,1.39707,1.39851,22992,15,0
2025-11-19,1.39852,1.40646,1.39846,1.40433,22545,15,0
2025-11-20,1.40434,1.41063,1.40394,1.40909,24763,15,0
2025-11-21,1.40913,1.41302,1.4081000000000001,1.41016,24518,15,0
2025-11-23,1.40921,1.40985,1.40919,1.40947,782,18,0
2025-11-24,1.40948,1.4117899999999999,1.40909,1.41095,17078,15,0
2025-11-25,1.41095,1.4123999999999999,1.40891,1.41028,20549,15,0
2025-11-26,1.41028,1.41042,1.4034,1.40389,21694,15,0
2025-11-27,1.40389,1.40492,1.40239,1.4025699999999999,11709,15,0
2025-11-28,1.40258,1.4050500000000001,1.39363,1.39565,51084,15,0
2025-11-30,1.39721,1.39764,1.3965,1.39697,973,18,0
2025-12-01,1.39698,1.40009,1.39543,1.40009,22012,15,0
2025-12-02,1.40009,1.40138,1.39659,1.39693,17202,15,0
2025-12-03,1.39693,1.39748,1.3938,1.3953,18401,15,0
2025-12-04,1.3953,1.3976600000000001,1.3924699999999999,1.39594,19901,15,0
2025-12-05,1.39594,1.39594,1.38154,1.38163,19094,15,0
2025-12-07,1.3828,1.38348,1.38233,1.38346,1225,15,0
2025-12-08,1.38345,1.3859,1.37994,1.3848099999999999,19263,15,0
2025-12-09,1.38483,1.38601,1.38229,1.3845399999999999,19530,15,0
2025-12-10,1.38456,1.3871,1.37833,1.37893,25704,15,0
2025-12-11,1.37893,1.38222,1.37561,1.37752,23221,15,0
2025-12-12,1.37753,1.37939,1.37528,1.37699,19487,15,0
2025-12-14,1.37673,1.37732,1.37615,1.37679,1148,15,0
2025-12-15,1.37679,1.37877,1.3747099999999999,1.37691,20567,15,0
2025-12-16,1.37691,1.37805,1.37296,1.3755,24814,15,0
2025-12-17,1.3755,1.37975,1.3755,1.37833,21222,15,0
2025-12-18,1.37833,1.37953,1.37554,1.37769,24050,15,0
2025-12-19,1.3777,1.3805,1.37544,1.3801,19322,15,0
2025-12-21,1.37899,1.38016,1.37892,1.37908,1237,18,0
2025-12-22,1.37909,1.38003,1.37351,1.37491,18035,15,0
2025-12-23,1.37491,1.37491,1.36846,1.3685,20553,15,0
2025-12-24,1.3685,1.3688500000000001,1.3664399999999999,1.36692,15454,15,0
2025-12-25,1.36722,1.3677000000000001,1.36688,1.36733,790,18,0
2025-12-26,1.36734,1.36843,1.36417,1.3672,16866,15,0
2025-12-28,1.36587,1.36742,1.36587,1.36681,1087,15,0
2025-12-29,1.36681,1.37005,1.36569,1.36872,23463,15,0
2025-12-30,1.36872,1.3708,1.36783,1.3695,18333,15,0
2025-12-31,1.3695,1.37275,1.36876,1.37238,20684,15,0
2026-01-01,1.37187,1.3721700000000001,1.37131,1.37169,617,18,0
2026-01-02,1.3717,1.37469,1.36998,1.37307,20509,15,0
2026-01-04,1.37331,1.3747,1.3731499999999999,1.37467,1249,15,0
2026-01-05,1.37467,1.38147,1.37405,1.37729,27050,15,0
2026-01-06,1.37729,1.38163,1.37509,1.38156,22926,15,0
2026-01-07,1.38156,1.38609,1.3789500000000001,1.38579,20671,15,0
2026-01-08,1.38579,1.38876,1.38499,1.38641,20884,15,0
2026-01-09,1.38641,1.39189,1.38641,1.39134,21931,15,0
2026-01-11,1.3912499999999999,1.39168,1.39099,1.39119,743,15,0
2026-01-12,1.39121,1.39138,1.38667,1.3876,22145,15,0
2026-01-13,1.3876,1.38975,1.38541,1.38868,21984,15,0
2026-01-14,1.38868,1.38972,1.38657,1.38865,21840,15,0
2026-01-15,1.38865,1.3919000000000001,1.38842,1.38894,19105,15,0
2026-01-16,1.38896,1.39279,1.38839,1.39145,20413,15,0
2026-01-18,1.39117,1.39172,1.38993,1.38997,1504,15,0
2026-01-19,1.38997,1.3907,1.38591,1.38739,17237,15,0
2026-01-20,1.38739,1.3878300000000001,1.38138,1.3833,27716,15,0
2026-01-21,1.3833199999999999,1.38434,1.3785,1.38433,27460,15,0
2026-01-22,1.38433,1.38441,1.3780999999999999,1.37839,24580,15,0
2026-01-23,1.3784,1.37989,1.36931,1.37004,24636,15,0
2026-01-25,1.36967,1.37089,1.36883,1.37,2171,15,0
2026-01-26,1.36999,1.37192,1.3670900000000001,1.3713899999999999,30991,15,0
2026-01-27,1.3713899999999999,1.37386,1.35582,1.35926,36049,15,0
2026-01-28,1.35926,1.3614,1.35349,1.35372,45813,15,0
2026-01-29,1.35377,1.35773,1.34809,1.34906,51194,15,0
2026-01-30,1.34908,1.36222,1.34837,1.36177,56727,15,0
2026-02-01,1.36054,1.36568,1.36029,1.36378,2915,18,0
2026-02-02,1.3638,1.37018,1.3613,1.36726,55933,15,0
2026-02-03,1.36726,1.3685100000000001,1.36318,1.36395,42142,15,0
2026-02-04,1.36395,1.36832,1.36281,1.36703,37992,15,0
2026-02-05,1.36704,1.37137,1.36518,1.37113,41689,15,0
2026-02-06,1.37112,1.37238,1.36239,1.36706,29782,15,0
2026-02-08,1.36692,1.36733,1.3655599999999999,1.3658000000000001,1833,18,0
2026-02-09,1.36581,1.36666,1.3552,1.3560400000000001,30757,15,0
2026-02-10,1.35605,1.35755,1.35227,1.35529,25861,15,0
2026-02-11,1.35529,1.36182,1.35037,1.35755,35795,15,0
2026-02-12,1.35755,1.36349,1.35549,1.36109,33783,15,0
2026-02-13,1.36111,1.36367,1.35927,1.36169,31930,15,0
2026-02-15,1.3605,1.36246,1.3605,1.3617,1370,15,0
2026-02-16,1.3617,1.36381,1.3603,1.36359,14405,15,0
2026-02-17,1.36356,1.3692,1.36316,1.36382,28468,15,0
2026-02-18,1.36386,1.36994,1.3636599999999999,1.36965,23210,15,0
2026-02-19,1.36964,1.3714,1.3667099999999999,1.36875,27738,15,0
2026-02-20,1.36875,1.3710200000000001,1.36682,1.36803,37602,15,0
2026-02-22,1.36674,1.36784,1.36479,1.3648799999999999,1478,18,0
2026-02-23,1.3649,1.37033,1.3649,1.36939,29790,15,0
2026-02-24,1.36939,1.37241,1.36911,1.37026,24261,15,0
2026-02-25,1.37026,1.3706,1.36714,1.36753,24120,15,0
2026-02-26,1.36755,1.37117,1.36585,1.36758,25629,15,0
2026-02-27,1.36758,1.36841,1.36245,1.36411,27137,15,0
2026-03-01,1.36425,1.36723,1.36324,1.36681,2666,18,0
2026-03-02,1.36682,1.3718,1.36402,1.36718,44854,15,0
2026-03-03,1.36719,1.37521,1.36526,1.36748,56682,15,0
2026-03-04,1.36748,1.36992,1.36264,1.36432,47022,15,0
2026-03-05,1.36433,1.37155,1.36144,1.36714,49759,15,0
2026-03-06,1.36714,1.36737,1.35635,1.35636,45699,15,0
2026-03-08,1.3601,1.3605800000000001,1.35525,1.36007,4851,15,0
2026-03-09,1.3601,1.36059,1.35248,1.35867,54816,15,0
2026-03-10,1.35867,1.36009,1.3541400000000001,1.35827,39579,15,0
2026-03-11,1.35827,1.36041,1.3554300000000001,1.36022,33170,15,0
2026-03-12,1.3602400000000001,1.36452,1.35763,1.3632,33885,15,0
2026-03-13,1.36323,1.37409,1.36204,1.3721,34278,15,0
2026-03-15,1.37235,1.37269,1.37086,1.37119,2443,15,0
2026-03-16,1.37121,1.37221,1.36525,1.36863,29983,15,0
2026-03-17,1.36864,1.37221,1.36795,1.36895,26922,15,0
2026-03-18,1.36895,1.37372,1.36867,1.37301,31568,15,0
2026-03-19,1.37301,1.37474,1.37042,1.3737,42983,15,0
2026-03-20,1.3737,1.3747,1.36989,1.3723,35578,15,0
2026-03-22,1.3715600000000001,1.3732,1.37043,1.37089,2813,15,0
2026-03-23,1.37086,1.37541,1.36691,1.37298,57506,15,0
2026-03-24,1.37298,1.37846,1.3725100000000001,1.37576,43846,15,0
2026-03-25,1.37576,1.3819,1.3749500000000001,1.3814199999999999,30583,15,0
2026-03-26,1.3814199999999999,1.38655,1.38137,1.38531,27559,14,0
2026-03-27,1.38531,1.38949,1.3844699999999999,1.38928,26126,14,0
2026-03-29,1.38779,1.39025,1.38779,1.38997,2201,14,0
2026-03-30,1.38995,1.39447,1.38856,1.39283,26322,14,0
2026-03-31,1.39282,1.39661,1.39023,1.39031,32953,14,0
2026-04-01,1.39033,1.39115,1.38714,1.3877,31096,14,0
2026-04-02,1.3877,1.39327,1.38686,1.39135,29294,14,0
2026-04-03,1.39135,1.39487,1.3911,1.39398,8567,14,0
2026-04-05,1.3938,1.3947,1.39346,1.3945699999999999,1445,14,0
2026-04-06,1.39458,1.3947,1.39018,1.39119,19644,14,0
2026-04-07,1.39119,1.39293,1.38403,1.38421,29486,14,0
2026-04-08,1.38423,1.38741,1.38233,1.3850500000000001,35781,14,0
2026-04-09,1.3850500000000001,1.38598,1.38041,1.38222,24314,14,0
2026-04-10,1.38222,1.38434,1.37987,1.38392,20682,14,0
2026-04-12,1.38589,1.38772,1.3855,1.38728,1954,14,0
2026-04-13,1.38728,1.38763,1.37856,1.37858,24574,14,0
2026-04-14,1.37858,1.37894,1.37303,1.3766,21356,14,0
2026-04-15,1.37662,1.37877,1.37262,1.37313,22569,14,0
2026-04-16,1.3731200000000001,1.37375,1.3694899999999999,1.37003,22919,14,0
2026-04-17,1.37003,1.3703,1.3648799999999999,1.36907,24440,14,0
2026-04-19,1.3681,1.3709,1.36775,1.37055,1824,14,0
2026-04-20,1.37055,1.3707099999999999,1.36345,1.3644,22446,14,0
2026-04-21,1.3644,1.36761,1.36307,1.36577,24555,14,0
2026-04-22,1.3657599999999999,1.3674,1.36428,1.36697,20312,14,0
2026-04-23,1.36699,1.37135,1.36598,1.36984,27209,14,0
2026-04-24,1.36982,1.37138,1.36627,1.36688,20638,14,0
2026-04-26,1.36653,1.36802,1.36653,1.36777,1425,14,0
2026-04-27,1.36776,1.36784,1.3597000000000001,1.36215,20103,14,0
2026-04-28,1.36215,1.36909,1.36124,1.3679999999999999,25036,14,0
2026-04-29,1.3679999999999999,1.371,1.3666800000000001,1.36713,27253,14,0
2026-04-30,1.36711,1.36883,1.35764,1.35795,32559,14,0
2026-05-01,1.35795,1.35927,1.35497,1.35904,21736,14,0
2026-05-03,1.3588,1.35889,1.35778,1.35876,1018,14,0
2026-05-04,1.3587799999999999,1.36255,1.35818,1.36201,25192,14,0
2026-05-05,1.36203,1.36294,1.35957,1.36041,21838,14,0
2026-05-06,1.36039,1.36407,1.35776,1.36365,29666,14,0
2026-05-07,1.3636300000000001,1.36646,1.36197,1.36603,25076,14,0
2026-05-08,1.36604,1.37097,1.36421,1.36754,22507,14,0
2026-05-10,1.3683,1.36911,1.36769,1.36829,1309,14,0
2026-05-11,1.36829,1.36941,1.36476,1.36786,22115,14,0
2026-05-12,1.36788,1.37238,1.36788,1.36972,25799,14,0
2026-05-13,1.36972,1.37181,1.36837,1.37046,23772,14,0
2026-05-14,1.37046,1.37371,1.37011,1.37237,21647,14,0
2026-05-15,1.37237,1.37664,1.37235,1.37478,27206,14,0
2026-05-17,1.37484,1.37629,1.3747099999999999,1.37619,1593,14,0
2026-05-18,1.3761700000000001,1.37629,1.37318,1.3738299999999999,25763,14,0
2026-05-19,1.37384,1.37734,1.37367,1.37484,25372,14,0
2026-05-20,1.37485,1.37779,1.37306,1.37478,28226,14,0
2026-05-21,1.37477,1.3799299999999999,1.37453,1.37759,26492,14,0
2026-05-22,1.37759,1.3823699999999999,1.37758,1.38185,19597,14,0
2026-05-24,1.38125,1.3813900000000001,1.37977,1.3801999999999999,1643,14,0
2026-05-25,1.3801999999999999,1.38198,1.37944,1.38056,12992,14,0
2026-05-26,1.38056,1.38206,1.3798300000000001,1.38077,20194,14,0
2026-05-27,1.3807800000000001,1.3851499999999999,1.3803,1.3844,23362,14,0
2026-05-28,1.38442,1.38692,1.37735,1.37827,27064,14,0
2026-05-29,1.37825,1.38288,1.37697,1.3795899999999999,27062,14,0
2026-05-31,1.3796,1.38014,1.3786800000000001,1.3796599999999999,1522,14,0
2026-06-01,1.3796599999999999,1.38487,1.3796599999999999,1.38409,24960,14,0
2026-06-02,1.38408,1.38536,1.3814600000000001,1.3845100000000001,20669,14,0
2026-06-03,1.38453,1.38989,1.3835899999999999,1.38932,23212,14,0
2026-06-04,1.38934,1.3924400000000001,1.38806,1.39067,23208,14,0
2026-06-05,1.39069,1.39499,1.3866100000000001,1.39414,27427,14,0
2026-06-07,1.39356,1.3951500000000001,1.39324,1.39448,2137,14,0
2026-06-08,1.3945,1.39605,1.39257,1.39573,29138,14,0
2026-06-09,1.39573,1.39686,1.39184,1.39528,28886,14,0
2026-06-10,1.3953,1.39564,1.38986,1.39468,32539,14,0
2026-06-11,1.39465,1.40232,1.3931,1.39723,33828,14,0
2026-06-12,1.39725,1.39951,1.39587,1.39882,30524,14,0
2026-06-14,1.399,1.399,1.39543,1.39635,2415,14,0
2026-06-15,1.3963700000000001,1.3994900000000001,1.39501,1.3992,24497,14,0
2026-06-16,1.39921,1.40178,1.3979599999999999,1.39961,22877,14,0
2026-06-17,1.39961,1.41221,1.39901,1.41011,27999,14,0
2026-06-18,1.41011,1.41459,1.4094,1.41408,29147,14,0
2026-06-19,1.41408,1.41825,1.41342,1.4149,19420,14,0
2026-06-21,1.41537,1.41779,1.41537,1.41742,1222,14,0
2026-06-22,1.41743,1.41927,1.41445,1.41583,26528,14,0
2026-06-23,1.41585,1.42165,1.41561,1.4209399999999999,26558,14,0
2026-06-24,1.4209399999999999,1.42473,1.42054,1.42351,27371,14,0
2026-06-25,1.42349,1.42475,1.41769,1.42004,28444,14,0
2026-06-26,1.42007,1.42088,1.41686,1.41921,27891,14,0
2026-06-28,1.4191,1.41953,1.41807,1.41897,1119,14,0
2026-06-29,1.41899,1.4217,1.41748,1.42103,23358,14,0
2026-06-30,1.42102,1.4246699999999999,1.41775,1.42075,26209,14,0
2026-07-01,1.42075,1.4234200000000001,1.4191099999999999,1.4218600000000001,23684,14,0
2026-07-02,1.4218600000000001,1.42236,1.41494,1.41902,31349,14,0
2026-07-03,1.41902,1.42075,1.4159,1.41998,19675,14,0
2026-07-05,1.4190800000000001,1.42068,1.419,1.42041,1057,14,0
2026-07-06,1.42043,1.4238,1.41983,1.42075,21596,14,0
2026-07-07,1.42075,1.4225400000000001,1.4183,1.42042,23731,14,0
2026-07-08,1.42041,1.42079,1.41546,1.41678,31580,14,0
2026-07-09,1.41678,1.4189,1.41524,1.4167100000000001,22236,14,0
2026-07-10,1.41668,1.41719,1.41168,1.41541,25766,14,0
2026-07-12,1.41552,1.41699,1.41522,1.41634,1167,14,0
2026-07-13,1.41632,1.4174,1.41246,1.41489,28003,14,0
2026-07-14,1.41491,1.41538,1.4047,1.40516,33902,14,0
2026-07-15,1.40516,1.40766,1.40242,1.40373,27463,14,0
2026-07-16,1.40373,1.40575,1.40099,1.40375,24425,14,0
2026-07-17,1.40372,1.4040599999999999,1.40049,1.40191,23505,14,0
2026-07-19,1.40125,1.4022299999999999,1.40109,1.40191,1342,14,0
2026-07-20,1.40188,1.40841,1.40027,1.4071,22507,14,0
2026-07-21,1.40711,1.41107,1.4053499999999999,1.4104999999999999,22885,14,0
2026-07-22,1.41051,1.41075,1.40761,1.40855,21125,14,0
2026-07-23,1.40855,1.4099,1.40561,1.40848,27251,14,0
2026-07-24,1.40848,1.41141,1.40658,1.40929,23166,14,0
2026-07-26,1.40865,1.4090799999999999,1.40787,1.40866,1486,14,0
2026-07-27,1.40863,1.41257,1.407,1.41244,23265,14,0
2026-07-28,1.41243,1.41283,1.40856,1.41062,22485,14,0
2026-07-29,1.41064,1.4109099999999999,1.40229,1.40359,31609,14,0
2026-07-30,1.40361,1.40672,1.39903,1.40111,34646,14,0
2026-07-31,1.40111,1.40579,1.40032,1.4013,32916,14,0
2026-08-02,1.40092,1.40146,1.40032,1.40131,1870,14,0
2026-08-03,1.4013,1.40529,1.4004400000000001,1.40463,24733,14,0
2026-08-04,1.40463,1.40795,1.40346,1.40652,25399,14,0
2026-08-05,1.40653,1.40795,1.4004400000000001,1.4010099999999999,24254,14,0
2026-08-06,1.40102,1.40372,1.399,1.40134,19817,14,0
2026-08-07,1.40134,1.40285,1.3925,1.3939300000000001,24497,14,0
2026-08-09,1.39485,1.3952,1.39408,1.3952,982,14,0
2026-08-10,1.3951799999999999,1.39632,1.3926,1.39334,20004,14,0
2026-08-11,1.39334,1.39453,1.39148,1.39201,19196,14,0
2026-08-12,1.39201,1.3946399999999999,1.39075,1.39405,19975,14,0
2026-08-13,1.39405,1.39577,1.39264,1.3927,21308,14,0
2026-08-14,1.3927,1.39297,1.3863699999999999,1.38737,20712,14,0
2026-08-16,1.38735,1.38747,1.3869500000000001,1.38717,888,14,0
2026-08-17,1.38717,1.38771,1.38442,1.387,19464,14,0
2026-08-18,1.38699,1.39096,1.3860999999999999,1.38987,20813,14,0
2026-08-19,1.38986,1.39073,1.38028,1.38101,31024,14,0
2026-08-20,1.38101,1.3812,1.37551,1.37814,28581,14,0
2026-08-21,1.37812,1.37814,1.3731499999999999,1.37663,23700,14,0
2026-08-23,1.38126,1.3814,1.37888,1.3792200000000001,1607,14,0
2026-08-24,1.3792200000000001,1.37982,1.37823,1.37919,3690,14,0
