time,open,high,low,close,tick_volume,spread,real_volume
2020-01-02,0.96822,0.97321,0.96765,0.97137,15262,15,0
2020-01-03,0.9714,0.9743,0.96875,0.97224,17565,15,0
2020-01-05,0.97085,0.97137,0.97051,0.97137,895,31,0
2020-01-06,0.97151,0.9716,0.96758,0.96843,16414,15,0
2020-01-07,0.9685,0.97289,0.96827,0.96863,18361,15,0
2020-01-08,0.96871,0.9739,0.96647,0.97319,25658,15,0
2020-01-09,0.97324,0.97473,0.97107,0.97307,16764,15,0
2020-01-10,0.97312,0.97614,0.97194,0.97281,13439,15,0
2020-01-12,0.97264,0.97345,0.97242,0.97306,636,26,0
2020-01-13,0.97314,0.97353,0.96937,0.97081,12863,15,0
2020-01-14,0.97088,0.97126,0.96649,0.96702,16799,15,0
2020-01-15,0.96707,0.96795,0.96298,0.96362,15125,15,0
2020-01-16,0.96368,0.96516,0.96125,0.96488,14215,15,0
2020-01-17,0.96493,0.9695,0.96448,0.96773,13693,15,0
2020-01-19,0.96755,0.96814,0.96753,0.96808,616,26,0
2020-01-20,0.96813,0.96987,0.96755,0.96831,10304,15,0
2020-01-21,0.96837,0.96895,0.96608,0.96873,14041,15,0
2020-01-22,0.96879,0.97277,0.96728,0.96731,15158,15,0
2020-01-23,0.96735,0.97028,0.96682,0.9695,16106,15,0
2020-01-24,0.96955,0.97174,0.96913,0.97108,13255,15,0
2020-01-26,0.97026,0.97051,0.96898,0.96995,1146,26,0
2020-01-27,0.97005,0.97186,0.96813,0.9698,14423,15,0
2020-01-28,0.96984,0.97407,0.96782,0.97282,12096,15,0
2020-01-29,0.97287,0.97659,0.97259,0.97311,13169,15,0
2020-01-30,0.97317,0.97323,0.96793,0.96937,16473,15,0
2020-01-31,0.96944,0.97123,0.96287,0.96332,16498,15,0
2020-02-02,0.96347,0.96361,0.96284,0.96326,754,26,0
2020-02-03,0.96336,0.96713,0.96293,0.96572,17317,15,0
2020-02-04,0.96578,0.97035,0.96561,0.96918,14887,15,0
2020-02-05,0.96924,0.9747,0.96775,0.97332,16509,15,0
2020-02-06,0.97338,0.97557,0.97305,0.97457,14543,15,0
2020-02-07,0.97462,0.97805,0.97391,0.9775,16533,15,0
2020-02-09,0.97676,0.97757,0.97615,0.97652,910,26,0
2020-02-10,0.97657,0.97829,0.97632,0.9773,16301,15,0
2020-02-11,0.97735,0.9788,0.97503,0.97564,15071,15,0
2020-02-12,0.9757,0.97849,0.97404,0.97756,15713,15,0
2020-02-13,0.97763,0.9795,0.97602,0.97892,15997,15,0
2020-02-14,0.97899,0.98215,0.97899,0.98205,12245,15,0
2020-02-16,0.9814,0.98194,0.9814,0.98161,483,26,0
2020-02-17,0.98167,0.98262,0.98038,0.98063,8665,15,0
2020-02-18,0.98069,0.98385,0.9796,0.98309,13874,15,0
2020-02-19,0.98315,0.98439,0.98257,0.98356,13360,15,0
2020-02-20,0.98361,0.98478,0.98147,0.98369,18499,15,0
2020-02-21,0.98375,0.98397,0.97703,0.97823,16439,15,0
2020-02-23,0.97954,0.97955,0.97817,0.97878,968,26,0
2020-02-24,0.97884,0.98149,0.97644,0.97971,22648,15,0
2020-02-25,0.97988,0.98041,0.97506,0.97596,24216,15,0
2020-02-26,0.97606,0.97779,0.97282,0.9763,26257,15,0
2020-02-27,0.97644,0.97647,0.96744,0.96872,28891,15,0
2020-02-28,0.96876,0.9695,0.96096,0.96529,36771,15,0
2020-03-01,0.96286,0.96388,0.96185,0.96382,1161,26,0
2020-03-02,0.96389,0.96543,0.95432,0.95821,35714,15,0
2020-03-03,0.95831,0.95964,0.95152,0.95559,37256,15,0
2020-03-04,0.95572,0.95965,0.9532,0.95657,26929,15,0
2020-03-05,0.95662,0.95709,0.94461,0.94576,26966,15,0
2020-03-06,0.94586,0.9466,0.93178,0.9374,44999,15,0
2020-03-08,0.93256,0.93357,0.92663,0.92729,3367,15,0
2020-03-09,0.92731,0.93187,0.91806,0.92833,60123,15,0
2020-03-10,0.92833,0.94108,0.92668,0.93686,53127,15,0
2020-03-11,0.93685,0.94012,0.93242,0.93897,43219,15,0
2020-03-12,0.93895,0.9551,0.93211,0.94434,64195,15,0
2020-03-13,0.94434,0.95686,0.94222,0.95099,54034,15,0
2020-03-15,0.94906,0.94919,0.9445,0.94642,22800,15,0
2020-03-16,0.94641,0.9525,0.93916,0.94735,63960,15,0
2020-03-17,0.94735,0.96477,0.94734,0.95973,56651,15,0
2020-03-18,0.95973,0.97495,0.95664,0.96767,65254,15,0
2020-03-19,0.96769,0.9888,0.96492,0.98868,84325,15,0
2020-03-20,0.98868,0.99002,0.97436,0.98568,75032,15,0
2020-03-22,0.98484,0.98959,0.98373,0.98526,3245,15,0
2020-03-23,0.98527,0.98869,0.97894,0.98183,75543,15,0
2020-03-24,0.98186,0.98448,0.97182,0.98046,60850,15,0
2020-03-25,0.98046,0.98336,0.97543,0.97622,51132,15,0
2020-03-26,0.97622,0.97719,0.96027,0.96168,52371,15,0
2020-03-27,0.96168,0.96544,0.95059,0.95069,51128,15,0
2020-03-29,0.95279,0.95292,0.9502,0.95052,2314,15,0
2020-03-30,0.95052,0.96102,0.95049,0.95996,40834,15,0
2020-03-31,0.95996,0.9685,0.95921,0.96154,45190,15,0
2020-04-01,0.96152,0.96906,0.96025,0.96635,37653,15,0
2020-04-02,0.96633,0.97496,0.96573,0.97438,35567,15,0
2020-04-03,0.97438,0.9795,0.9731,0.97662,29983,15,0
2020-04-05,0.97585,0.97739,0.97554,0.97727,2326,15,0
2020-04-06,0.97728,0.97966,0.97605,0.97827,31506,15,0
2020-04-07,0.97827,0.97871,0.9685,0.96924,31400,15,0
2020-04-08,0.96924,0.97427,0.96892,0.97188,28552,15,0
2020-04-09,0.97188,0.97331,0.96477,0.96665,29872,15,0
2020-04-10,0.96668,0.96734,0.96365,0.96558,18734,57,0
2020-04-12,0.96511,0.96591,0.96461,0.96588,1268,15,0
2020-04-13,0.96587,0.96863,0.96292,0.96673,20691,15,0
2020-04-14,0.96674,0.96696,0.95922,0.96001,24676,15,0
2020-04-15,0.96004,0.96996,0.9598,0.96513,25122,15,0
2020-04-16,0.96512,0.97148,0.96461,0.96909,43472,15,0
2020-04-17,0.96909,0.97233,0.96557,0.96666,37234,15,0
2020-04-19,0.96681,0.96807,0.96639,0.96806,1856,15,0
2020-04-20,0.96806,0.96996,0.96551,0.968,31348,15,0
2020-04-21,0.96799,0.9727,0.96696,0.96972,36825,15,0
2020-04-22,0.96972,0.97312,0.9668,0.97282,28425,15,0
2020-04-23,0.97282,0.97718,0.9705,0.97627,40825,15,0
2020-04-24,0.97628,0.98011,0.97241,0.97284,32672,15,0
2020-04-26,0.97252,0.97379,0.97242,0.97354,946,15,0
2020-04-27,0.97354,0.97663,0.97119,0.9758,29754,15,0
2020-04-28,0.97581,0.97993,0.97199,0.97372,32090,15,0
2020-04-29,0.97372,0.9767,0.97118,0.97386,31180,15,0
2020-04-30,0.97386,0.97585,0.9638,0.96643,45079,15,0
2020-05-01,0.96643,0.96687,0.9588,0.96129,26745,15,0
2020-05-03,0.96167,0.96317,0.96135,0.96246,1713,15,0
2020-05-04,0.96246,0.96622,0.96246,0.96559,27594,15,0
2020-05-05,0.96559,0.97341,0.96453,0.97257,31809,15,0
2020-05-06,0.97257,0.9758,0.97207,0.97527,29858,15,0
2020-05-07,0.97527,0.97835,0.97226,0.97294,32665,15,0
2020-05-08,0.97296,0.97318,0.96806,0.9709,24418,15,0
2020-05-10,0.97188,0.97201,0.97068,0.97115,1593,15,0
2020-05-11,0.97115,0.9736,0.96998,0.97282,26601,15,0
2020-05-12,0.97283,0.97493,0.96643,0.96987,28170,15,0
2020-05-13,0.96989,0.97255,0.9665,0.97192,30628,15,0
2020-05-14,0.97192,0.97545,0.97129,0.97318,30712,15,0
2020-05-15,0.97317,0.97439,0.96975,0.97142,28030,15,0
2020-05-17,0.97148,0.972,0.97089,0.97193,1241,15,0
2020-05-18,0.97194,0.97601,0.9676,0.97172,31792,15,0
2020-05-19,0.97174,0.9728,0.96979,0.97112,29767,15,0
2020-05-20,0.97112,0.97112,0.96377,0.96484,25086,15,0
2020-05-21,0.96484,0.97123,0.96483,0.97066,26677,15,0
2020-05-22,0.97066,0.97326,0.96965,0.97111,22423,15,0
2020-05-24,0.97112,0.97164,0.97096,0.97119,1049,15,0
2020-05-25,0.97119,0.97355,0.97038,0.97134,15779,15,0
2020-05-26,0.97134,0.97175,0.9646,0.96543,26039,15,0
2020-05-27,0.96544,0.97277,0.96542,0.968,41693,15,0
2020-05-28,0.96799,0.97185,0.96299,0.9642,35145,15,0
2020-05-29,0.96421,0.96496,0.96011,0.96112,39770,15,0
2020-05-31,0.9609,0.96125,0.96008,0.96062,1438,15,0
2020-06-01,0.96062,0.96243,0.95782,0.96109,31888,15,0
2020-06-02,0.96109,0.96369,0.95726,0.9617,36901,15,0
2020-06-03,0.9617,0.96471,0.96058,0.96142,39716,15,0
2020-06-04,0.96142,0.9623,0.95429,0.95558,41260,15,0
2020-06-05,0.95558,0.96498,0.95412,0.96221,39625,15,0
2020-06-07,0.96102,0.9618,0.96084,0.96139,1361,15,0
2020-06-08,0.96139,0.96387,0.95552,0.9576,28581,15,0
2020-06-09,0.9576,0.95848,0.94818,0.95105,30878,15,0
2020-06-10,0.95105,0.9514,0.94243,0.94364,39017,15,0
2020-06-11,0.94364,0.94596,0.93756,0.94412,42194,15,0
2020-06-12,0.94414,0.95527,0.94371,0.95226,35330,15,0
2020-06-14,0.95303,0.95322,0.95126,0.95138,1850,15,0
2020-06-15,0.95137,0.95463,0.94794,0.94909,34706,15,0
2020-06-16,0.94909,0.95224,0.9463,0.95124,34305,15,0
2020-06-17,0.95124,0.95283,0.94807,0.94871,29722,15,0
2020-06-18,0.94871,0.95243,0.94819,0.95177,28621,15,0
2020-06-19,0.95178,0.953,0.94873,0.95226,25770,15,0
2020-06-21,0.95152,0.95258,0.95106,0.95238,1046,15,0
2020-06-22,0.95238,0.95244,0.94646,0.94685,24005,15,0
2020-06-23,0.94685,0.9493,0.94197,0.94446,30474,15,0
2020-06-24,0.94448,0.94854,0.94326,0.94813,28202,15,0
2020-06-25,0.94813,0.95075,0.94753,0.94836,27276,15,0
2020-06-26,0.94837,0.94991,0.9467,0.94803,20761,15,0
2020-06-28,0.94729,0.94799,0.94687,0.94795,1015,15,0
2020-06-29,0.94795,0.95244,0.9441,0.95102,22460,15,0
2020-06-30,0.95102,0.95319,0.94609,0.9471,27405,15,0
2020-07-01,0.9471,0.94932,0.94444,0.94573,26539,15,0
2020-07-02,0.94573,0.94643,0.9426,0.94553,23451,15,0
2020-07-03,0.94553,0.94694,0.94337,0.94472,17113,15,0
2020-07-05,0.94485,0.94521,0.94437,0.94495,650,15,0
2020-07-06,0.94495,0.94495,0.93838,0.9418,22698,15,0
2020-07-07,0.9418,0.94524,0.94078,0.94242,22885,15,0
2020-07-08,0.94242,0.94317,0.93693,0.93826,22893,15,0
2020-07-09,0.93826,0.94098,0.93616,0.9403,27184,15,0
2020-07-10,0.9403,0.94306,0.93842,0.94115,20020,15,0
2020-07-12,0.94055,0.94075,0.9398,0.9405,1032,15,0
2020-07-13,0.9405,0.94369,0.93918,0.94175,21510,15,0
2020-07-14,0.94175,0.94237,0.93793,0.9394,23576,15,0
2020-07-15,0.9394,0.94567,0.93696,0.94392,24078,15,0
2020-07-16,0.94392,0.94671,0.94287,0.94533,24341,15,0
2020-07-17,0.94533,0.94581,0.93796,0.93857,17356,15,0
2020-07-19,0.93974,0.9402,0.9379,0.93832,1425,15,0
2020-07-20,0.93832,0.94096,0.93734,0.93879,24130,15,0
2020-07-21,0.93879,0.93974,0.93206,0.93241,26460,15,0
2020-07-22,0.93241,0.93509,0.92861,0.92982,28742,15,0
2020-07-23,0.92982,0.92982,0.92448,0.92529,27703,15,0
2020-07-24,0.92528,0.92598,0.92022,0.92036,27868,15,0
2020-07-26,0.92089,0.92171,0.92046,0.92102,1923,15,0
2020-07-27,0.92101,0.92294,0.91646,0.91953,33476,15,0
2020-07-28,0.91955,0.92272,0.91546,0.91788,32603,15,0
2020-07-29,0.91788,0.91869,0.91164,0.9125,33041,15,0
2020-07-30,0.91249,0.91505,0.90764,0.90856,34207,15,0
2020-07-31,0.90858,0.9148,0.90557,0.91282,42988,15,0
2020-08-02,0.91343,0.91391,0.91263,0.91349,2138,15,0
2020-08-03,0.91348,0.92405,0.91317,0.91761,34827,15,0
2020-08-04,0.91762,0.91876,0.91248,0.91255,28999,15,0
2020-08-05,0.91257,0.91342,0.90498,0.90801,29377,15,0
2020-08-06,0.90803,0.91282,0.90649,0.9099,36384,15,0
2020-08-07,0.9099,0.91573,0.90962,0.91212,34007,15,0
2020-08-09,0.91256,0.91308,0.9117,0.91275,1368,15,0
2020-08-10,0.91275,0.91837,0.91213,0.91559,26455,15,0
2020-08-11,0.91559,0.91772,0.91048,0.91744,35805,15,0
2020-08-12,0.91744,0.91972,0.90965,0.91178,32575,15,0
2020-08-13,0.91177,0.91191,0.90816,0.90964,28454,15,0
2020-08-14,0.90964,0.91221,0.90863,0.90879,25975,15,0
2020-08-16,0.90884,0.90904,0.90822,0.90873,869,15,0
2020-08-17,0.90873,0.90959,0.90507,0.9065,23334,15,0
2020-08-18,0.90651,0.90663,0.90091,0.90273,27692,15,0
2020-08-19,0.90274,0.91538,0.90184,0.91473,34351,15,0
2020-08-20,0.91471,0.9161,0.90691,0.907,37418,15,0
2020-08-21,0.907,0.9139,0.90605,0.91127,29665,15,0
2020-08-23,0.91145,0.91199,0.91067,0.91194,1449,15,0
2020-08-24,0.91192,0.91272,0.9074,0.91189,27238,15,0
2020-08-25,0.9119,0.91254,0.90688,0.90803,28342,15,0
2020-08-26,0.90802,0.912,0.90716,0.90745,28544,15,0
2020-08-27,0.90745,0.9123,0.90356,0.90914,48416,15,0
2020-08-28,0.90914,0.90993,0.90236,0.90389,35057,15,0
2020-08-30,0.90405,0.90439,0.90288,0.90359,2847,15,0
2020-08-31,0.9036,0.90524,0.89981,0.90401,31507,15,0
2020-09-01,0.904,0.91002,0.89984,0.90936,41047,15,0
2020-09-02,0.90935,0.9136,0.90925,0.91131,35623,15,0
2020-09-03,0.91131,0.91416,0.90821,0.90999,33734,15,0
2020-09-04,0.90999,0.91626,0.90897,0.91317,30892,15,0
2020-09-06,0.91291,0.91358,0.91275,0.91349,717,15,0
2020-09-07,0.91349,0.91685,0.91202,0.91638,17359,15,0
2020-09-08,0.91638,0.91999,0.91554,0.91802,29314,15,0
2020-09-09,0.91803,0.91898,0.91162,0.91213,26545,15,0
2020-09-10,0.91214,0.91218,0.90483,0.91021,27005,15,0
2020-09-11,0.91021,0.91055,0.90789,0.90854,17346,15,0
2020-09-13,0.90884,0.90905,0.9083,0.90887,872,15,0
2020-09-14,0.90887,0.90978,0.90576,0.90836,17552,15,0
2020-09-15,0.90837,0.90881,0.90507,0.90858,19807,15,0
2020-09-16,0.90857,0.91099,0.90543,0.91048,29067,15,0
2020-09-17,0.91048,0.91388,0.90775,0.90825,28197,15,0
2020-09-18,0.90825,0.91133,0.90744,0.91106,19751,15,0
2020-09-20,0.90997,0.91116,0.90988,0.91103,820,15,0
2020-09-21,0.91105,0.91705,0.90864,0.91529,25352,15,0
2020-09-22,0.91529,0.9207,0.91359,0.92,26791,15,0
2020-09-23,0.92,0.92447,0.91893,0.92409,26583,15,0
2020-09-24,0.9241,0.92795,0.92153,0.9267,27797,15,0
2020-09-25,0.9267,0.92956,0.92501,0.92849,20525,15,0
2020-09-27,0.92829,0.92854,0.92764,0.92827,996,15,0
2020-09-28,0.92827,0.92948,0.92365,0.9238,20728,15,0
2020-09-29,0.9238,0.92465,0.91886,0.91941,19707,15,0
2020-09-30,0.91941,0.92439,0.91619,0.92083,30526,15,0
2020-10-01,0.92083,0.9214,0.9164,0.91889,26946,15,0
2020-10-02,0.91888,0.92178,0.91806,0.92008,27288,15,0
2020-10-04,0.91922,0.91957,0.91618,0.91796,2314,15,0
2020-10-05,0.91795,0.91863,0.91445,0.91508,19162,15,0
2020-10-06,0.91508,0.91795,0.91326,0.91748,21307,15,0
2020-10-07,0.91751,0.9184,0.9159,0.91698,18129,15,0
2020-10-08,0.91698,0.9197,0.91567,0.91689,16116,15,0
2020-10-09,0.91689,0.91717,0.90919,0.90945,15696,15,0
2020-10-11,0.91009,0.91049,0.90971,0.91045,887,15,0
2020-10-12,0.91045,0.91231,0.90859,0.90906,15617,15,0
2020-10-13,0.90906,0.91542,0.90889,0.91507,18523,15,0
2020-10-14,0.91509,0.9162,0.91127,0.91335,17070,15,0
2020-10-15,0.91335,0.91552,0.9126,0.91459,18691,15,0
2020-10-16,0.91459,0.91617,0.91225,0.91458,16996,15,0
2020-10-18,0.91439,0.91522,0.91412,0.91508,609,15,0
2020-10-19,0.91508,0.91645,0.90896,0.91053,15045,15,0
2020-10-20,0.91053,0.91095,0.90547,0.90673,17090,15,0
2020-10-21,0.90673,0.90681,0.90301,0.90588,20102,15,0
2020-10-22,0.90588,0.90798,0.90535,0.90758,17555,15,0
2020-10-23,0.90758,0.90915,0.90336,0.90375,17401,15,0
2020-10-25,0.90501,0.90505,0.90365,0.90455,1375,15,0
2020-10-26,0.90455,0.90817,0.90425,0.90799,17832,15,0
2020-10-27,0.90799,0.90969,0.9061,0.90889,16437,15,0
2020-10-28,0.9089,0.91268,0.90839,0.91069,21178,15,0
2020-10-29,0.91069,0.9172,0.90884,0.91529,22403,15,0
2020-10-30,0.91531,0.91721,0.91376,0.91669,20626,15,0
2020-11-01,0.91617,0.91705,0.91602,0.91694,629,57,0
2020-11-02,0.91716,0.9207,0.91657,0.91859,17446,15,0
2020-11-03,0.9188,0.91912,0.91034,0.91043,17228,15,0
2020-11-04,0.91063,0.91956,0.90892,0.91135,43712,15,0
2020-11-05,0.91158,0.91254,0.9025,0.90412,28624,15,0
2020-11-06,0.9043,0.90558,0.8982,0.89998,28727,15,0
2020-11-08,0.89929,0.89954,0.89827,0.89904,882,57,0
2020-11-09,0.89925,0.91425,0.89834,0.91247,36966,15,0
2020-11-10,0.91268,0.91745,0.91148,0.91477,30327,15,0
2020-11-11,0.91498,0.91911,0.91379,0.91642,20544,15,0
2020-11-12,0.91663,0.91698,0.91309,0.91459,19756,15,0
2020-11-13,0.9148,0.91583,0.91237,0.91237,15744,15,0
2020-11-15,0.91255,0.91276,0.91173,0.91186,537,57,0
2020-11-16,0.91207,0.91507,0.90971,0.91211,20853,15,0
2020-11-17,0.91232,0.91277,0.90876,0.91108,18247,15,0
2020-11-18,0.91129,0.9122,0.90915,0.91158,19675,15,0
2020-11-19,0.91179,0.91387,0.90993,0.91079,20376,15,0
2020-11-20,0.91102,0.91227,0.90911,0.9107,18109,15,0
2020-11-22,0.91079,0.91091,0.91029,0.91033,882,64,0
2020-11-23,0.91057,0.91473,0.90758,0.91219,20842,15,0
2020-11-24,0.9124,0.91357,0.90972,0.91067,22177,15,0
2020-11-25,0.91088,0.91383,0.90761,0.90796,23722,15,0
2020-11-26,0.90817,0.90927,0.90585,0.90621,15666,15,0
2020-11-27,0.90647,0.90821,0.90399,0.90419,17281,15,0
2020-11-29,0.9038,0.90421,0.90356,0.9037,399,100,0
2020-11-30,0.90404,0.90924,0.90187,0.90797,21692,15,0
2020-12-01,0.90818,0.90833,0.89902,0.89928,21253,15,0
2020-12-02,0.89949,0.90127,0.89399,0.89436,22748,15,0
2020-12-03,0.89457,0.89531,0.88908,0.89061,20371,15,0
2020-12-04,0.89082,0.89225,0.8885,0.89164,20907,15,0
2020-12-06,0.89106,0.8916,0.89067,0.8916,993,58,0
2020-12-07,0.89183,0.89459,0.88749,0.89058,21093,15,0
2020-12-08,0.89079,0.89135,0.8881,0.88844,20218,15,0
2020-12-09,0.88865,0.89139,0.88704,0.88923,18993,15,0
2020-12-10,0.88943,0.8901,0.88516,0.88568,23037,15,0
2020-12-11,0.88589,0.89084,0.88507,0.88934,18678,15,0
2020-12-13,0.88838,0.88846,0.88759,0.88826,797,62,0
2020-12-14,0.8885,0.88951,0.88495,0.88646,17920,15,0
2020-12-15,0.88667,0.888,0.88496,0.88528,18682,15,0
2020-12-16,0.88549,0.88913,0.88254,0.88516,24579,15,0
2020-12-17,0.88537,0.88573,0.88217,0.88454,19578,15,0
2020-12-18,0.88473,0.88675,0.88249,0.88283,17961,15,0
2020-12-20,0.88487,0.88549,0.88393,0.88549,711,67,0
2020-12-21,0.88572,0.89186,0.88414,0.88535,28914,15,0
2020-12-22,0.88556,0.8904,0.88446,0.88755,21147,15,0
2020-12-23,0.88776,0.89104,0.88669,0.88753,21655,15,0
2020-12-24,0.88773,0.89176,0.88679,0.89093,14514,15,0
2020-12-27,0.88915,0.8903,0.88911,0.88929,616,66,0
2020-12-28,0.88954,0.89183,0.88756,0.8881,19924,15,0
2020-12-29,0.88831,0.88836,0.883,0.88388,17880,15,0
2020-12-30,0.88409,0.88539,0.88091,0.88138,21359,15,0
2020-12-31,0.88159,0.88571,0.87931,0.88459,18503,15,0
2021-01-03,0.88334,0.8838,0.88256,0.88278,987,72,0
2021-01-04,0.88307,0.8845,0.87841,0.881,24335,15,0
2021-01-05,0.88121,0.88159,0.87753,0.87796,22682,15,0
2021-01-06,0.87817,0.88208,0.87572,0.87785,32084,15,0
2021-01-07,0.87806,0.886,0.87739,0.88493,27586,15,0
2021-01-08,0.88514,0.88839,0.88218,0.88496,32037,15,0
2021-01-10,0.88547,0.88752,0.88471,0.88727,1026,64,0
2021-01-11,0.88752,0.89196,0.88681,0.88941,25533,15,0
2021-01-12,0.88962,0.89155,0.88585,0.88585,22313,15,0
2021-01-13,0.88606,0.88888,0.88491,0.88687,21231,15,0
2021-01-14,0.88708,0.89166,0.88551,0.88809,26440,15,0
2021-01-15,0.8883,0.89142,0.88687,0.89108,21132,15,0
2021-01-17,0.89023,0.89228,0.89013,0.89226,781,58,0
2021-01-18,0.89248,0.89248,0.88977,0.89066,17585,15,0
2021-01-19,0.89087,0.89159,0.88634,0.88781,19758,15,0
2021-01-20,0.88802,0.89197,0.88666,0.8891,21003,15,0
2021-01-21,0.88931,0.88988,0.88444,0.8851,21025,15,0
2021-01-22,0.88532,0.88655,0.88379,0.88482,18427,15,0
2021-01-24,0.88516,0.88542,0.88467,0.88532,735,61,0
2021-01-25,0.88555,0.88922,0.88471,0.8878,19740,15,0
2021-01-26,0.88801,0.88952,0.88601,0.88637,17902,15,0
2021-01-27,0.88658,0.89168,0.8861,0.889,24861,15,0
2021-01-28,0.88921,0.8918,0.88688,0.88831,25442,15,0
2021-01-29,0.88852,0.89112,0.88737,0.8906,25467,15,0
2021-01-31,0.88996,0.89145,0.88953,0.89117,919,64,0
2021-02-01,0.89142,0.89721,0.89052,0.8963,22873,15,0
2021-02-02,0.8965,0.89946,0.89465,0.89769,22632,15,0
2021-02-03,0.89789,0.90018,0.89698,0.89818,17820,15,0
2021-02-04,0.89839,0.90441,0.89835,0.9038,19602,15,0
2021-02-05,0.90401,0.90452,0.89869,0.8987,19838,15,0
2021-02-07,0.8988,0.89902,0.89818,0.89881,937,57,0
2021-02-08,0.89902,0.9019,0.89816,0.89841,17279,15,0
2021-02-09,0.89861,0.89874,0.89184,0.89233,19632,15,0
2021-02-10,0.89254,0.89306,0.88896,0.89001,18907,15,0
2021-02-11,0.89022,0.89096,0.88915,0.88985,13896,15,0
2021-02-12,0.89006,0.89392,0.88991,0.89168,14488,15,0
2021-02-14,0.89135,0.89167,0.89073,0.89167,725,57,0
2021-02-15,0.89188,0.89242,0.88928,0.88965,12660,15,0
2021-02-16,0.88987,0.89363,0.88706,0.89332,19485,15,0
2021-02-17,0.89353,0.89916,0.89265,0.89832,20800,15,0
2021-02-18,0.89853,0.89948,0.89542,0.89576,18207,15,0
2021-02-19,0.89597,0.89717,0.89332,0.89625,17418,15,0
2021-02-21,0.89584,0.89715,0.89529,0.89655,921,57,0
2021-02-22,0.89683,0.9023,0.89479,0.89557,21545,15,0
2021-02-23,0.89578,0.90565,0.89482,0.90499,21927,15,0
2021-02-24,0.90528,0.9094,0.90479,0.90648,26070,15,0
2021-02-25,0.9067,0.90807,0.90275,0.90549,32796,15,0
2021-02-26,0.9057,0.91012,0.90262,0.90822,31532,15,0
2021-02-28,0.90816,0.90832,0.90707,0.9071,967,60,0
2021-03-01,0.90731,0.91586,0.90704,0.91474,24237,15,0
2021-03-02,0.91495,0.91931,0.91357,0.91487,22305,14,0
2021-03-03,0.91508,0.91992,0.91398,0.91977,22537,15,0
2021-03-04,0.92002,0.92972,0.91887,0.92905,29155,15,0
2021-03-05,0.92926,0.93183,0.92573,0.93064,29137,15,0
2021-03-07,0.9287,0.93048,0.9287,0.92986,1192,67,0
2021-03-08,0.93009,0.9369,0.92974,0.9359,21887,15,0
2021-03-09,0.93611,0.93748,0.92709,0.92793,24452,15,0
2021-03-10,0.92814,0.93223,0.928,0.92963,23164,15,0
2021-03-11,0.92984,0.93084,0.9234,0.92457,21700,15,0
2021-03-12,0.92478,0.93243,0.92458,0.92911,20523,15,0
2021-03-14,0.92855,0.92964,0.92821,0.92937,1856,15,0
2021-03-15,0.92937,0.93118,0.92661,0.92764,19769,15,0
2021-03-16,0.92764,0.92864,0.92418,0.92494,20380,15,0
2021-03-17,0.92494,0.92953,0.9213,0.92216,23161,15,0
2021-03-18,0.92216,0.93046,0.92183,0.92732,27596,15,0
2021-03-19,0.92732,0.93194,0.92507,0.92911,20882,15,0
2021-03-21,0.92956,0.93015,0.92876,0.92997,1276,15,0
2021-03-22,0.92998,0.93088,0.92219,0.92335,19380,15,0
2021-03-23,0.92335,0.93466,0.92325,0.93441,19294,15,0
2021-03-24,0.9344,0.93689,0.93369,0.93592,18230,15,0
2021-03-25,0.93593,0.94011,0.9349,0.93953,20701,15,0
2021-03-26,0.93953,0.94173,0.9382,0.93903,15459,15,0
2021-03-28,0.93863,0.93967,0.9383,0.93954,701,15,0
2021-03-29,0.93954,0.94039,0.93697,0.93896,17643,15,0
2021-03-30,0.93896,0.94382,0.93881,0.94179,17823,15,0
2021-03-31,0.94179,0.9458,0.94031,0.94386,21060,15,0
2021-04-01,0.94386,0.9472,0.94042,0.94187,26814,6,0
2021-04-02,0.94187,0.94331,0.94039,0.94096,9024,26,0
2021-04-04,0.94242,0.94308,0.94184,0.94202,1210,15,0
2021-04-05,0.94202,0.94382,0.93528,0.93603,15747,10,0
2021-04-06,0.93603,0.93958,0.93021,0.9308,21826,10,0
2021-04-07,0.9308,0.93143,0.92675,0.92937,23281,10,0
2021-04-08,0.92937,0.93017,0.92317,0.92414,20030,10,0
2021-04-09,0.92415,0.9281,0.92361,0.92446,22561,10,0
2021-04-11,0.92472,0.92564,0.92421,0.92564,766,15,0
2021-04-12,0.92564,0.92681,0.92122,0.92234,23243,10,0
2021-04-13,0.92234,0.92592,0.91973,0.92026,29290,10,0
2021-04-14,0.92024,0.92337,0.91863,0.92272,26992,10,0
2021-04-15,0.92272,0.92452,0.92059,0.92194,28425,10,0
2021-04-16,0.92194,0.92346,0.91774,0.91984,25041,10,0
2021-04-18,0.91927,0.92081,0.91899,0.92054,765,15,0
2021-04-19,0.92054,0.92146,0.91282,0.91489,27618,10,0
2021-04-20,0.91489,0.91691,0.91346,0.91602,26400,10,0
2021-04-21,0.91604,0.91951,0.91527,0.91669,24422,10,0
2021-04-22,0.91669,0.91906,0.91432,0.91711,27204,10,0
2021-04-23,0.91714,0.91731,0.91273,0.91354,23511,10,0
2021-04-25,0.91335,0.91394,0.91296,0.91394,796,15,0
2021-04-26,0.91396,0.91656,0.91208,0.91461,24240,10,0
2021-04-27,0.91461,0.91712,0.91229,0.91401,24491,10,0
2021-04-28,0.91403,0.91811,0.9087,0.90889,32846,10,0
2021-04-29,0.90892,0.9119,0.90794,0.9089,29671,10,0
2021-04-30,0.90893,0.91399,0.90797,0.91314,30198,10,0
2021-05-02,0.91177,0.91296,0.91169,0.91285,675,15,0
2021-05-03,0.91288,0.91473,0.90925,0.91151,25399,10,0
2021-05-04,0.91154,0.916,0.9114,0.91359,30834,10,0
2021-05-05,0.91361,0.91641,0.91209,0.91309,24467,10,0
2021-05-06,0.91311,0.91444,0.90694,0.90757,26090,10,0
2021-05-07,0.90759,0.90932,0.90035,0.9005,33201,10,0
2021-05-09,0.90067,0.90071,0.89974,0.90044,1121,15,0
2021-05-10,0.90047,0.90188,0.8985,0.90048,28621,10,0
2021-05-11,0.90051,0.90403,0.90007,0.90383,30012,10,0
2021-05-12,0.90382,0.90936,0.90294,0.90881,39890,10,0
2021-05-13,0.90884,0.90928,0.90503,0.90594,41649,10,0
2021-05-14,0.90594,0.90632,0.90116,0.9012,26958,10,0
2021-05-16,0.90112,0.90168,0.90078,0.9014,588,15,0
2021-05-17,0.9014,0.90336,0.90016,0.90332,25352,10,0
2021-05-18,0.90334,0.90342,0.89598,0.8975,25823,10,0
2021-05-19,0.89753,0.9047,0.89677,0.904,36644,10,0
2021-05-20,0.90403,0.90469,0.89642,0.89751,27488,10,0
2021-05-21,0.89753,0.9,0.8952,0.89777,27356,10,0
2021-05-23,0.89774,0.89791,0.89721,0.89745,609,15,0
2021-05-24,0.89745,0.90022,0.89563,0.89698,23787,10,0
2021-05-25,0.89701,0.89741,0.89299,0.8956,28761,10,0
2021-05-26,0.89562,0.89868,0.89411,0.89772,25764,10,0
2021-05-27,0.89774,0.90082,0.89601,0.89702,29697,10,0
2021-05-28,0.89705,0.90293,0.89704,0.89985,26708,10,0
2021-05-30,0.89918,0.90013,0.89903,0.90009,724,15,0
2021-05-31,0.90011,0.90123,0.89794,0.89836,17685,10,0
2021-06-01,0.89839,0.89983,0.89463,0.89704,22214,10,0
2021-06-02,0.89707,0.90238,0.89663,0.89817,22892,10,0
2021-06-03,0.89819,0.90515,0.89785,0.90345,23024,10,0
2021-06-04,0.90347,0.90533,0.89815,0.89905,26319,10,0
2021-06-06,0.89901,0.89927,0.89842,0.89925,791,15,0
2021-06-07,0.89927,0.90097,0.89666,0.89765,19055,10,0
2021-06-08,0.89768,0.89888,0.89513,0.89687,22095,10,0
2021-06-09,0.8969,0.89712,0.89254,0.89582,17415,10,0
2021-06-10,0.89584,0.89919,0.89398,0.89455,30124,10,0
2021-06-11,0.89456,0.89993,0.89323,0.89773,19556,10,0
2021-06-13,0.89806,0.89841,0.89734,0.89781,894,15,0
2021-06-14,0.89784,0.90009,0.89781,0.89931,20233,10,0
2021-06-15,0.89933,0.9007,0.8965,0.89852,21034,10,0
2021-06-16,0.89855,0.90902,0.89767,0.90863,32247,10,0
2021-06-17,0.90866,0.91872,0.90753,0.91763,38357,10,0
2021-06-18,0.91765,0.92385,0.91682,0.92298,38664,10,0
2021-06-20,0.92224,0.92253,0.9217,0.92246,1232,15,0
2021-06-21,0.92246,0.92364,0.91714,0.91859,33240,10,0
2021-06-22,0.91862,0.92124,0.91726,0.91858,29805,10,0
2021-06-23,0.9186,0.91994,0.91535,0.91817,27951,10,0
2021-06-24,0.91821,0.91997,0.91731,0.91809,26139,10,0
2021-06-25,0.91812,0.9182,0.91418,0.91681,24062,10,0
2021-06-27,0.91767,0.91779,0.91639,0.91661,860,15,0
2021-06-28,0.91662,0.9214,0.91662,0.91956,24879,10,0
2021-06-29,0.91959,0.92326,0.91891,0.92088,25325,10,0
2021-06-30,0.9209,0.92617,0.92055,0.92505,29282,10,0
2021-07-01,0.92505,0.92709,0.92354,0.92587,32787,10,0
2021-07-02,0.92589,0.9274,0.91999,0.92071,34690,10,0
2021-07-04,0.92099,0.92177,0.92031,0.92173,972,15,0
2021-07-05,0.92173,0.92321,0.92035,0.92221,18017,10,0
2021-07-06,0.92223,0.92509,0.9193,0.92467,33311,10,0
2021-07-07,0.9247,0.92672,0.92221,0.92565,36321,10,0
2021-07-08,0.92565,0.92608,0.91329,0.91474,37959,10,0
2021-07-09,0.91476,0.91745,0.91353,0.91383,24656,10,0
2021-07-11,0.91412,0.91441,0.91342,0.91403,1058,15,0
2021-07-12,0.91405,0.91705,0.91314,0.915,23068,10,0
2021-07-13,0.91502,0.92001,0.91425,0.91888,36900,10,0
2021-07-14,0.9189,0.91982,0.91383,0.9147,31757,10,0
2021-07-15,0.91472,0.91927,0.91169,0.91783,31148,10,0
2021-07-16,0.91785,0.92032,0.91735,0.91944,28433,10,0
2021-07-18,0.91895,0.91956,0.91843,0.91853,684,15,0
2021-07-19,0.91855,0.9221,0.91625,0.91867,34798,10,0
2021-07-20,0.9187,0.9232,0.91723,0.92119,34595,10,0
2021-07-21,0.92121,0.92306,0.91688,0.91766,27540,10,0
2021-07-22,0.91769,0.92009,0.91543,0.91907,33653,10,0
2021-07-23,0.91907,0.92214,0.91858,0.91953,23780,10,0
2021-07-25,0.91926,0.91964,0.91889,0.91954,287,15,0
2021-07-26,0.91955,0.92019,0.91479,0.91551,20237,10,0
2021-07-27,0.91554,0.91861,0.91287,0.91439,21449,10,0
2021-07-28,0.91441,0.91668,0.90949,0.9097,26578,10,0
2021-07-29,0.90973,0.91003,0.90526,0.90572,17254,10,0
2021-07-30,0.90574,0.90749,0.90387,0.90526,18785,10,0
2021-08-01,0.9052,0.90599,0.90516,0.9059,444,15,0
2021-08-02,0.90592,0.90669,0.90369,0.90524,15991,10,0
2021-08-03,0.90527,0.90571,0.90222,0.90375,16614,10,0
2021-08-04,0.90381,0.90755,0.90179,0.90656,17405,10,0
2021-08-05,0.90659,0.90772,0.90508,0.90662,16437,10,0
2021-08-06,0.90665,0.91557,0.90661,0.91496,21717,10,0
2021-08-08,0.91415,0.91626,0.91406,0.91566,1113,15,0
2021-08-09,0.91565,0.92092,0.9145,0.92086,15162,10,0
2021-08-10,0.92089,0.92337,0.91944,0.92294,13974,10,0
2021-08-11,0.92291,0.92417,0.92022,0.92157,17369,10,0
2021-08-12,0.92159,0.92393,0.92112,0.92305,12038,10,0
2021-08-13,0.92308,0.92385,0.91505,0.91517,11368,10,0
2021-08-15,0.91562,0.91593,0.9149,0.91536,328,15,0
2021-08-16,0.91539,0.91631,0.91089,0.91253,14149,10,0
2021-08-17,0.91255,0.91523,0.90993,0.91489,17627,10,0
2021-08-18,0.91491,0.9196,0.91265,0.91753,20109,10,0
2021-08-19,0.91755,0.92062,0.91449,0.9189,20764,10,0
2021-08-20,0.91892,0.91892,0.91583,0.91685,14003,10,0
2021-08-22,0.91651,0.91769,0.91635,0.91719,538,15,0
2021-08-23,0.91722,0.91773,0.91186,0.91229,14957,10,0
2021-08-24,0.91232,0.91386,0.91101,0.91315,13412,10,0
2021-08-25,0.91317,0.91575,0.91245,0.91363,15923,10,0
2021-08-26,0.91366,0.91916,0.91346,0.91793,18804,10,0
2021-08-27,0.91796,0.91992,0.91057,0.91103,19879,10,0
2021-08-29,0.91116,0.91151,0.91075,0.91136,333,15,0
2021-08-30,0.91138,0.91845,0.9101,0.91716,12398,10,0
2021-08-31,0.91719,0.91727,0.91137,0.91531,18845,10,0
2021-09-01,0.91533,0.91888,0.91385,0.91555,16859,10,0
2021-09-02,0.91557,0.91675,0.91391,0.91447,14043,10,0
2021-09-03,0.91449,0.91591,0.91148,0.91385,21503,10,0
2021-09-05,0.91284,0.91411,0.91284,0.91382,371,15,0
2021-09-06,0.91384,0.9168,0.91379,0.91486,9079,10,0
2021-09-07,0.91488,0.91984,0.91322,0.91941,18470,10,0
2021-09-08,0.91944,0.92342,0.9183,0.92181,20665,10,0
2021-09-09,0.92184,0.92227,0.91604,0.91651,21177,10,0
2021-09-10,0.91653,0.91841,0.91495,0.91801,15494,10,0
2021-09-12,0.91805,0.91848,0.91752,0.9182,1404,10,0
2021-09-13,0.91818,0.92404,0.91814,0.92222,13754,10,0
2021-09-14,0.92224,0.92276,0.91806,0.92007,16416,10,0
2021-09-15,0.92005,0.92047,0.91631,0.9197,15633,10,0
2021-09-16,0.91972,0.92775,0.91935,0.92732,17932,10,0
2021-09-17,0.92734,0.93243,0.9259,0.93223,17700,10,0
2021-09-19,0.93152,0.93247,0.93098,0.93202,365,15,0
2021-09-20,0.93201,0.93323,0.92688,0.92769,17740,10,0
2021-09-21,0.92768,0.92831,0.92247,0.92348,18920,10,0
2021-09-22,0.92346,0.92722,0.92149,0.92636,30242,10,0
2021-09-23,0.92634,0.92729,0.92166,0.92466,21038,10,0
2021-09-24,0.92469,0.92603,0.92216,0.92432,15892,10,0
2021-09-26,0.92414,0.92508,0.92399,0.92457,396,10,0
2021-09-27,0.92458,0.92906,0.92439,0.92568,22177,10,0
2021-09-28,0.92567,0.93013,0.92563,0.92916,25351,10,0
2021-09-29,0.92911,0.93546,0.92796,0.93426,24307,10,0
2021-09-30,0.93423,0.93679,0.93106,0.93254,25510,10,0
2021-10-01,0.93252,0.93371,0.92808,0.93047,24889,10,0
2021-10-03,0.9296,0.93016,0.92928,0.92959,563,10,0
2021-10-04,0.92957,0.93102,0.92298,0.92496,17921,10,0
2021-10-05,0.92498,0.92875,0.92455,0.92837,17626,10,0
2021-10-06,0.92838,0.93069,0.92688,0.92774,23622,10,0
2021-10-07,0.92776,0.92917,0.92523,0.92855,17860,10,0
2021-10-08,0.92857,0.93052,0.92585,0.92713,21671,10,0
2021-10-10,0.92673,0.92786,0.92657,0.92782,416,15,0
2021-10-11,0.9278,0.92871,0.92494,0.92755,15739,10,0
2021-10-12,0.92752,0.93128,0.92562,0.93056,17567,10,0
2021-10-13,0.93059,0.93071,0.92326,0.92409,22443,10,0
2021-10-14,0.92408,0.92436,0.91938,0.92433,18049,10,0
2021-10-15,0.92434,0.92636,0.92212,0.92311,19941,10,0
2021-10-17,0.92378,0.92394,0.9228,0.92351,760,15,0
2021-10-18,0.92353,0.92728,0.92227,0.92349,20099,10,0
2021-10-19,0.92352,0.92354,0.91844,0.92305,19682,10,0
2021-10-20,0.92301,0.92518,0.91841,0.91893,20394,10,0
2021-10-21,0.91889,0.92057,0.91697,0.91811,20016,10,0
2021-10-22,0.91812,0.9185,0.91505,0.91604,20686,10,0
2021-10-24,0.91618,0.91686,0.91565,0.91661,481,15,0
2021-10-25,0.91663,0.9202,0.91494,0.91987,19825,10,0
2021-10-26,0.9199,0.92256,0.91864,0.9197,18473,10,0
2021-10-27,0.91973,0.92033,0.91638,0.91813,23691,10,0
2021-10-28,0.91811,0.91942,0.91119,0.91168,31368,10,0
2021-10-29,0.91169,0.91757,0.91018,0.91532,26240,10,0
2021-10-31,0.91541,0.91628,0.91528,0.91614,455,10,0
2021-11-01,0.91611,0.9171,0.90841,0.90935,20002,10,0
2021-11-02,0.90931,0.915,0.90897,0.91478,18752,10,0
2021-11-03,0.91479,0.91505,0.9104,0.9113,29833,10,0
2021-11-04,0.91129,0.91445,0.91109,0.91261,23672,10,0
2021-11-05,0.91259,0.91748,0.91118,0.91213,24553,10,0
2021-11-07,0.91233,0.91238,0.91182,0.91194,424,15,0
2021-11-08,0.91192,0.91576,0.91192,0.91337,18051,10,0
2021-11-09,0.91338,0.91536,0.91012,0.91098,23544,10,0
2021-11-10,0.91096,0.91855,0.91081,0.91793,32158,10,0
2021-11-11,0.91795,0.92242,0.91784,0.92122,21437,10,0
2021-11-12,0.9212,0.92373,0.92017,0.92112,20616,10,0
2021-11-14,0.92066,0.92126,0.92044,0.92111,235,15,0
2021-11-15,0.92109,0.92574,0.91866,0.92526,22559,10,0
2021-11-16,0.92524,0.93113,0.92366,0.93033,25896,10,0
2021-11-17,0.93032,0.93287,0.92754,0.92852,24731,10,0
2021-11-18,0.92854,0.92913,0.92504,0.92575,26103,10,0
2021-11-19,0.92576,0.92898,0.92495,0.92861,34724,10,0
2021-11-21,0.92798,0.9295,0.92792,0.92929,1123,15,0
2021-11-22,0.92926,0.93342,0.92663,0.93256,28509,10,0
2021-11-23,0.93259,0.93438,0.93006,0.9334,32164,10,0
2021-11-24,0.93339,0.93729,0.93277,0.93403,30330,10,0
2021-11-25,0.93402,0.93611,0.93237,0.93527,15699,10,0
2021-11-26,0.93528,0.93544,0.92124,0.92329,42576,10,0
2021-11-28,0.92331,0.92531,0.92249,0.92433,1072,15,0
2021-11-29,0.92435,0.92725,0.92227,0.92287,31444,10,0
2021-11-30,0.92286,0.92661,0.91569,0.91949,45664,10,0
2021-12-01,0.91947,0.92174,0.91687,0.92057,33390,10,0
2021-12-02,0.92058,0.92213,0.91777,0.91978,26683,10,0
2021-12-03,0.91976,0.92172,0.91651,0.91776,32080,10,0
2021-12-05,0.91735,0.91864,0.91731,0.91847,482,15,0
2021-12-06,0.91849,0.92685,0.91843,0.92551,23622,10,0
2021-12-07,0.92554,0.92747,0.92303,0.92447,24029,10,0
2021-12-08,0.92445,0.9252,0.91947,0.92014,26978,10,0
2021-12-09,0.92015,0.92644,0.91998,0.9237,22040,10,0
2021-12-10,0.92373,0.9253,0.91985,0.9207,19923,10,0
2021-12-12,0.92064,0.92126,0.92017,0.92124,491,15,0
2021-12-13,0.92122,0.92561,0.92053,0.92235,17176,10,0
2021-12-14,0.92238,0.92446,0.91878,0.92412,16899,10,0
2021-12-15,0.92413,0.92939,0.92332,0.92442,29604,10,0
2021-12-16,0.92441,0.92561,0.91842,0.91895,26202,10,0
2021-12-17,0.91894,0.92457,0.91741,0.9242,20821,10,0
2021-12-19,0.92395,0.92436,0.92322,0.92329,324,15,0
2021-12-20,0.92332,0.92501,0.91919,0.9217,21973,10,0
2021-12-21,0.92171,0.92537,0.91945,0.923,21017,10,0
2021-12-22,0.92302,0.9252,0.91896,0.91944,17830,10,0
2021-12-23,0.91946,0.92188,0.91747,0.91885,18894,10,0
2021-12-24,0.91887,0.9202,0.91657,0.91897,15221,15,0
2021-12-26,0.91864,0.91899,0.91749,0.91885,469,15,0
2021-12-27,0.91883,0.91997,0.91685,0.91714,12385,10,0
2021-12-28,0.91713,0.91901,0.91588,0.91711,12783,10,0
2021-12-29,0.91712,0.92012,0.91262,0.91387,15749,10,0
2021-12-30,0.91389,0.91808,0.91291,0.91386,17524,10,0
2021-12-31,0.91388,0.91475,0.91015,0.91172,16843,10,0
2022-01-02,0.91121,0.91241,0.91095,0.91201,327,15,0
2022-01-03,0.91204,0.91998,0.91154,0.91834,22124,10,0
2022-01-04,0.91836,0.91925,0.9136,0.91618,21689,10,0
2022-01-05,0.9162,0.91829,0.91407,0.91735,23184,10,0
2022-01-06,0.91737,0.92235,0.91674,0.92142,25137,10,0
2022-01-07,0.9214,0.92319,0.91817,0.9184,21347,10,0
2022-01-09,0.91856,0.91921,0.9184,0.91884,373,15,0
2022-01-10,0.91885,0.92747,0.91854,0.92718,25737,10,0
2022-01-11,0.92716,0.92776,0.92287,0.92348,22961,10,0
2022-01-12,0.92347,0.92438,0.91294,0.91412,25572,10,0
2022-01-13,0.91415,0.91478,0.9091,0.91108,26044,10,0
2022-01-14,0.91106,0.91415,0.90941,0.9139,25786,10,0
2022-01-16,0.9124,0.91475,0.9124,0.91443,380,15,0
2022-01-17,0.91442,0.91584,0.91214,0.91394,16640,10,0
2022-01-18,0.91391,0.91787,0.91314,0.9171,29156,10,0
2022-01-19,0.91707,0.91771,0.91443,0.91559,23748,10,0
2022-01-20,0.91556,0.9181,0.91389,0.9169,24488,10,0
2022-01-21,0.91689,0.91719,0.91072,0.91192,22906,10,0
2022-01-23,0.9112,0.91258,0.91115,0.91258,444,15,0
2022-01-24,0.91255,0.91583,0.91086,0.91408,26990,10,0
2022-01-25,0.91409,0.92031,0.91404,0.91787,21302,10,0
2022-01-26,0.91785,0.92457,0.9171,0.92395,27557,10,0
2022-01-27,0.92397,0.93373,0.9237,0.93099,26898,10,0
2022-01-28,0.93101,0.93288,0.92896,0.93097,24285,10,0
2022-01-30,0.93083,0.93177,0.93073,0.93113,395,14,0
2022-01-31,0.93117,0.93426,0.9251,0.92704,26244,9,0
2022-02-01,0.92705,0.92768,0.92036,0.92103,26374,9,0
2022-02-02,0.92104,0.92218,0.91782,0.91901,23619,9,0
2022-02-03,0.91903,0.92354,0.91765,0.92034,38752,9,0
2022-02-04,0.92036,0.92582,0.91923,0.92554,35909,9,0
2022-02-06,0.9249,0.92562,0.92465,0.92512,438,14,0
2022-02-07,0.9251,0.92614,0.9221,0.92301,25999,9,0
2022-02-08,0.92303,0.92624,0.92252,0.92517,23113,9,0
2022-02-09,0.92519,0.9254,0.92213,0.92422,20463,9,0
2022-02-10,0.92425,0.92964,0.92263,0.92579,37713,9,0
2022-02-11,0.9258,0.92866,0.92362,0.9249,44968,9,0
2022-02-13,0.9244,0.92517,0.92419,0.92472,381,14,0
2022-02-14,0.92473,0.92717,0.9237,0.9245,34652,9,0
2022-02-15,0.92451,0.92735,0.9226,0.92546,30137,9,0
2022-02-16,0.92548,0.92602,0.92059,0.92187,26278,9,0
2022-02-17,0.92186,0.92283,0.91878,0.91975,38291,9,0
2022-02-18,0.91978,0.92177,0.91913,0.92141,27005,9,0
2022-02-20,0.92053,0.92147,0.92049,0.92087,567,14,0
2022-02-21,0.92085,0.92158,0.91498,0.91584,19124,9,0
2022-02-22,0.91582,0.92273,0.91511,0.92151,28788,9,0
2022-02-23,0.92149,0.92183,0.91676,0.91748,22213,9,0
2022-02-24,0.91749,0.92886,0.9172,0.92574,66157,9,0
2022-02-25,0.92573,0.92836,0.92282,0.92545,37828,9,0
2022-02-27,0.92641,0.92757,0.92513,0.92679,2933,14,0
2022-02-28,0.92677,0.92775,0.91621,0.91751,44674,9,0
2022-03-01,0.91752,0.92051,0.91497,0.91855,38984,9,0
2022-03-02,0.91857,0.92391,0.91658,0.92052,37046,9,0
2022-03-03,0.92053,0.92162,0.91676,0.91781,29874,9,0
2022-03-04,0.91784,0.92097,0.91628,0.91683,42767,9,0
2022-03-06,0.91658,0.92037,0.91646,0.92021,1479,14,0
2022-03-07,0.92019,0.92717,0.91936,0.9254,51440,9,0
2022-03-08,0.92539,0.93062,0.92485,0.92957,50408,9,0
2022-03-09,0.92954,0.92986,0.92498,0.9265,36658,9,0
2022-03-10,0.92651,0.93089,0.92544,0.92938,42638,9,0
2022-03-11,0.9294,0.93493,0.92902,0.93476,31626,9,0
2022-03-13,0.93366,0.93498,0.93354,0.93472,818,14,0
2022-03-14,0.93474,0.93861,0.93197,0.93848,28857,9,0
2022-03-15,0.93846,0.9431,0.93716,0.94089,32228,9,0
2022-03-16,0.94087,0.94597,0.93897,0.94152,38933,9,0
2022-03-17,0.94153,0.94173,0.93355,0.93608,25823,9,0
2022-03-18,0.93606,0.93821,0.93135,0.93174,25697,9,0
2022-03-20,0.93146,0.93306,0.93135,0.93292,553,14,0
2022-03-21,0.93294,0.93517,0.92935,0.93392,24080,9,0
2022-03-22,0.93394,0.93752,0.93133,0.93343,27602,9,0
2022-03-23,0.93342,0.9357,0.9296,0.93073,25048,9,0
2022-03-24,0.93074,0.93445,0.92922,0.92948,27474,9,0
2022-03-25,0.9295,0.93132,0.92599,0.9305,28298,9,0
2022-03-27,0.93023,0.9314,0.9298,0.93124,658,14,0
2022-03-28,0.93123,0.9381,0.93073,0.93347,37277,9,0
2022-03-29,0.93344,0.93735,0.92973,0.93113,42069,9,0
2022-03-30,0.93112,0.93128,0.92196,0.92311,37252,9,0
2022-03-31,0.92314,0.92584,0.91944,0.92315,40048,9,0
2022-04-01,0.92318,0.92792,0.92201,0.92551,26437,9,0
2022-04-03,0.92537,0.92644,0.9248,0.92588,549,14,0
2022-04-04,0.92587,0.92804,0.92444,0.92629,20352,9,0
2022-04-05,0.92631,0.92977,0.92369,0.92959,25107,9,0
2022-04-06,0.92962,0.93494,0.92948,0.93301,31656,9,0
2022-04-07,0.93302,0.93473,0.9317,0.93446,25118,9,0
2022-04-08,0.93447,0.93732,0.93267,0.93411,20227,9,0
2022-04-10,0.9321,0.93428,0.93209,0.93424,912,14,0
2022-04-11,0.93422,0.93713,0.93028,0.93144,23948,9,0
2022-04-12,0.93142,0.93443,0.9286,0.93262,30164,9,0
2022-04-13,0.93261,0.93558,0.93135,0.9339,27225,9,0
2022-04-14,0.93389,0.94331,0.93238,0.94283,31551,9,0
2022-04-15,0.94285,0.94388,0.94108,0.94252,25701,25,0
2022-04-17,0.94204,0.94363,0.94204,0.9424,882,14,0
2022-04-18,0.94241,0.94527,0.94206,0.94481,17836,9,0
2022-04-19,0.94483,0.95237,0.94332,0.95211,33658,9,0
2022-04-20,0.95208,0.95356,0.94538,0.94907,32193,9,0
2022-04-21,0.94909,0.95526,0.94566,0.9537,36893,9,0
2022-04-22,0.95371,0.95921,0.95283,0.9568,30397,9,0
2022-04-24,0.95681,0.95746,0.95547,0.95569,995,14,0
2022-04-25,0.95568,0.95964,0.95464,0.95847,38106,9,0
2022-04-26,0.95848,0.9626,0.95638,0.96232,29724,9,0
2022-04-27,0.96234,0.97005,0.96162,0.96878,33439,9,0
2022-04-28,0.96875,0.97586,0.968,0.9717,46148,9,0
2022-04-29,0.97168,0.9736,0.96705,0.97336,37686,9,0
2022-05-01,0.97101,0.97423,0.97082,0.97418,988,14,0
2022-05-02,0.97416,0.97889,0.97138,0.9776,15709,9,0
2022-05-03,0.97757,0.97992,0.97199,0.97877,18175,9,0
2022-05-04,0.97879,0.98521,0.97167,0.97327,34822,9,0
2022-05-05,0.97325,0.98895,0.97092,0.98523,37315,9,0
2022-05-06,0.98525,0.98919,0.98268,0.98849,36979,9,0
2022-05-08,0.98695,0.98939,0.98692,0.98907,1086,14,0
2022-05-09,0.98905,0.99652,0.98894,0.993,36858,9,0
2022-05-10,0.99298,0.99744,0.99052,0.9959,34329,9,0
2022-05-11,0.99591,0.99634,0.98717,0.99451,47346,9,0
2022-05-12,0.99452,1.00486,0.99317,1.00326,39195,9,0
2022-05-13,1.00324,1.00467,0.99917,1.00179,34123,9,0
2022-05-15,1.00106,1.00302,1.00095,1.00228,1263,14,0
2022-05-16,1.00229,1.00641,1.00071,1.00199,28987,9,0
2022-05-17,1.00198,1.0023,0.99178,0.99362,33485,9,0
2022-05-18,0.99364,0.9984,0.98596,0.98717,31251,9,0
2022-05-19,0.98719,0.98751,0.96964,0.97223,39377,9,0
2022-05-20,0.97222,0.97635,0.96936,0.97464,36167,9,0
2022-05-22,0.97447,0.97508,0.97392,0.97503,773,14,0
2022-05-23,0.97502,0.97502,0.96269,0.96575,33646,9,0
2022-05-24,0.96572,0.96693,0.95734,0.96034,37658,9,0
2022-05-25,0.96033,0.9642,0.96009,0.96153,35204,9,0
2022-05-26,0.96154,0.96323,0.95822,0.95857,32157,9,0
2022-05-27,0.95856,0.9602,0.95442,0.9573,30574,9,0
2022-05-29,0.95671,0.95824,0.95646,0.95791,618,14,0
2022-05-30,0.95789,0.96058,0.95535,0.95823,21226,9,0
2022-05-31,0.95825,0.96199,0.95672,0.95956,35563,9,0
2022-06-01,0.95959,0.96586,0.95886,0.96303,31605,9,0
2022-06-02,0.96305,0.96358,0.95707,0.95756,33767,9,0
2022-06-03,0.95758,0.96424,0.95561,0.96255,28015,9,0
2022-06-05,0.96216,0.96327,0.96183,0.96231,810,14,0
2022-06-06,0.96232,0.97182,0.96048,0.97135,22486,9,0
2022-06-07,0.97133,0.97786,0.97051,0.97354,30145,9,0
2022-06-08,0.97352,0.97894,0.97298,0.97883,30405,9,0
2022-06-09,0.97881,0.98171,0.97234,0.98034,41554,9,0
2022-06-10,0.98032,0.98976,0.97656,0.98753,38962,9,0
2022-06-12,0.98781,0.98963,0.98707,0.98927,1628,14,0
2022-06-13,0.98925,0.99941,0.98812,0.99669,49362,9,0
2022-06-14,0.99668,1.00365,0.9873,0.99945,56582,9,0
2022-06-15,0.99943,1.00493,0.99311,0.99445,79207,9,0
2022-06-16,0.99442,0.99886,0.96289,0.96683,83716,9,0
2022-06-17,0.96681,0.97321,0.96191,0.96981,63172,9,0
2022-06-19,0.97004,0.97132,0.9686,0.96977,1456,14,0
2022-06-20,0.96975,0.97036,0.96215,0.96741,32918,9,0
2022-06-21,0.96739,0.96834,0.96317,0.96616,41612,9,0
2022-06-22,0.96614,0.96892,0.95799,0.96164,49738,9,0
2022-06-23,0.96166,0.96782,0.95662,0.96129,58618,9,0
2022-06-24,0.96127,0.96319,0.95214,0.95842,52390,9,0
2022-06-26,0.95718,0.95828,0.95625,0.95727,1325,14,0
2022-06-27,0.95725,0.96199,0.95426,0.95632,41024,9,0
2022-06-28,0.9563,0.95866,0.95332,0.95674,47768,9,0
2022-06-29,0.95677,0.95778,0.94946,0.9541,52084,9,0
2022-06-30,0.95411,0.9605,0.95293,0.95508,54988,9,0
2022-07-01,0.95505,0.96412,0.95465,0.95923,52009,9,0
2022-07-03,0.96042,0.9607,0.95842,0.95858,1195,14,0
2022-07-04,0.9586,0.9617,0.95598,0.96092,27173,9,0
2022-07-05,0.96094,0.97043,0.95925,0.96842,45793,9,0
2022-07-06,0.96843,0.97433,0.96711,0.97021,57505,9,0
2022-07-07,0.97024,0.97481,0.96814,0.97378,42526,9,0
2022-07-08,0.97376,0.97973,0.97225,0.97666,52097,9,0
2022-07-10,0.97646,0.97781,0.97632,0.97769,1120,14,0
2022-07-11,0.9777,0.98426,0.97758,0.98289,40771,9,0
2022-07-12,0.98292,0.9858,0.98033,0.9819,47709,9,0
2022-07-13,0.98192,0.98293,0.97559,0.9808,64223,9,0
2022-07-14,0.98077,0.98856,0.98063,0.9829,55337,9,0
2022-07-15,0.98289,0.98408,0.97592,0.97602,44975,9,0
2022-07-17,0.97675,0.97687,0.97543,0.97545,1043,14,0
2022-07-18,0.97543,0.97895,0.97303,0.97752,43233,9,0
2022-07-19,0.9775,0.9786,0.96534,0.96889,49068,9,0
2022-07-20,0.96891,0.97355,0.96757,0.97153,42611,9,0
2022-07-21,0.97155,0.97387,0.96579,0.96635,53868,9,0
2022-07-22,0.96632,0.97037,0.95993,0.96136,49487,9,0
2022-07-24,0.96229,0.96336,0.96078,0.96322,2629,14,0
2022-07-25,0.96325,0.96598,0.96174,0.96427,36542,9,0
2022-07-26,0.96425,0.96671,0.96152,0.96228,34836,9,0
2022-07-27,0.96231,0.96588,0.9582,0.95832,48266,9,0
2022-07-28,0.9583,0.96314,0.95427,0.95432,53206,9,0
2022-07-29,0.9543,0.95937,0.95013,0.95124,49219,9,0
2022-07-31,0.9514,0.95348,0.95117,0.95284,1155,14,0
2022-08-01,0.95282,0.9529,0.94817,0.95009,37810,9,0
2022-08-02,0.95007,0.95863,0.947,0.95835,49279,9,0
2022-08-03,0.95833,0.9651,0.95419,0.96119,44307,9,0
2022-08-04,0.96117,0.96225,0.95383,0.95399,37853,9,0
2022-08-05,0.95397,0.96492,0.95372,0.96176,41260,9,0
2022-08-07,0.96169,0.96243,0.96162,0.96212,834,14,0
2022-08-08,0.9621,0.96344,0.95216,0.95497,30000,9,0
2022-08-09,0.95499,0.95555,0.95108,0.95417,25224,9,0
2022-08-10,0.9542,0.95443,0.93931,0.94239,42242,9,0
2022-08-11,0.94237,0.94457,0.93703,0.9415,38557,9,0
2022-08-12,0.94147,0.945,0.94073,0.9413,31719,9,0
2022-08-14,0.94092,0.94196,0.9408,0.94184,664,14,0
2022-08-15,0.94182,0.94705,0.94087,0.94597,30636,9,0
2022-08-16,0.94595,0.95137,0.94538,0.94966,34530,9,0
2022-08-17,0.94967,0.95431,0.94825,0.9513,42046,9,0
2022-08-18,0.95132,0.95711,0.94975,0.95668,38474,9,0
2022-08-19,0.95667,0.95976,0.95526,0.9589,31993,9,0
2022-08-21,0.95816,0.95899,0.95769,0.95877,753,14,0
2022-08-22,0.95878,0.96583,0.95734,0.96444,34589,9,0
2022-08-23,0.96442,0.9692,0.96027,0.96442,43732,9,0
2022-08-24,0.96444,0.96872,0.96072,0.96651,39389,9,0
2022-08-25,0.96652,0.96704,0.96126,0.96365,36420,9,0
2022-08-26,0.96364,0.96689,0.95776,0.96592,44220,9,0
2022-08-28,0.96564,0.96874,0.96524,0.96868,1122,14,0
2022-08-29,0.96869,0.97072,0.96593,0.96726,38091,9,0
2022-08-30,0.96724,0.97617,0.96652,0.97401,44454,9,0
2022-08-31,0.97403,0.9807,0.9726,0.9792,41837,9,0
2022-09-01,0.97922,0.98609,0.97439,0.98121,45944,9,0
2022-09-02,0.98122,0.98586,0.97833,0.9809,42763,9,0
2022-09-04,0.98133,0.98338,0.98093,0.98329,1396,14,0
2022-09-05,0.9833,0.98372,0.97844,0.97856,27846,9,0
2022-09-06,0.97854,0.98611,0.9765,0.98462,49145,9,0
2022-09-07,0.98463,0.9869,0.97591,0.97667,45322,9,0
2022-09-08,0.97666,0.97816,0.96864,0.96865,61348,9,0
2022-09-09,0.96864,0.96875,0.95468,0.95998,48223,9,0
2022-09-11,0.95885,0.96079,0.9583,0.95968,1278,14,0
2022-09-12,0.9597,0.96077,0.95087,0.95294,47263,9,0
2022-09-13,0.95295,0.96326,0.94792,0.96059,55070,9,0
2022-09-14,0.96057,0.9636,0.95887,0.96206,56616,9,0
2022-09-15,0.96208,0.96416,0.95558,0.96182,38165,9,0
2022-09-16,0.96183,0.96609,0.95999,0.96437,43764,9,0
2022-09-18,0.96323,0.96456,0.96274,0.96312,1142,14,0
2022-09-19,0.96309,0.96948,0.96254,0.96397,32391,9,0
2022-09-20,0.96395,0.9682,0.96226,0.96377,47286,9,0
2022-09-21,0.96379,0.96999,0.96197,0.96776,71510,9,0
2022-09-22,0.96774,0.98496,0.96208,0.97582,96848,9,0
2022-09-23,0.97583,0.98396,0.97552,0.98128,67249,9,0
2022-09-25,0.98195,0.98279,0.97877,0.98243,2707,14,0
2022-09-26,0.98241,0.9965,0.98032,0.99224,98505,9,0
2022-09-27,0.99222,0.99283,0.98486,0.99171,75555,9,0
2022-09-28,0.99173,0.99655,0.97454,0.9778,106217,9,0
2022-09-29,0.97777,0.98558,0.97356,0.97491,83303,9,0
2022-09-30,0.97489,0.98765,0.97397,0.98718,92439,9,0
2022-10-02,0.98508,0.98643,0.9844,0.98545,1760,28,0
2022-10-03,0.98546,0.99496,0.98317,0.99277,75349,9,0
2022-10-04,0.99274,0.99409,0.9784,0.97872,75430,9,0
2022-10-05,0.9787,0.98884,0.97844,0.98126,63218,9,0
2022-10-06,0.98124,0.99134,0.97801,0.99,59924,9,0
2022-10-07,0.98998,0.99531,0.98778,0.99466,56912,9,0
2022-10-09,0.99341,0.99504,0.99339,0.99448,1300,14,0
2022-10-10,0.9945,1.00102,0.99317,0.99946,47013,9,0
2022-10-11,0.99947,1.00204,0.99155,0.99765,62644,9,0
2022-10-12,0.99766,1.00039,0.99308,0.99758,61372,9,0
2022-10-13,0.9976,1.00732,0.99595,1.00164,70486,9,0
2022-10-14,1.00166,1.00656,0.99643,1.00555,63788,9,0
2022-10-16,1.00464,1.00514,1.00333,1.00359,10170,14,0
2022-10-17,1.00357,1.00447,0.99432,0.99569,48545,9,0
2022-10-18,0.9957,0.99784,0.99187,0.99373,52617,9,0
2022-10-19,0.99376,1.00626,0.99339,1.00497,50264,9,0
2022-10-20,1.00495,1.00681,0.99942,1.00397,54826,9,0
2022-10-21,1.00394,1.01474,0.99616,0.99786,94584,9,0
2022-10-23,0.99598,1.00155,0.99436,0.99764,6198,14,0
2022-10-24,0.99766,1.0031,0.99647,0.9996,72289,9,0
2022-10-25,0.99957,1.00312,0.99392,0.99479,56199,9,0
2022-10-26,0.99477,0.99618,0.9847,0.9847,62593,9,0
2022-10-27,0.98472,0.99276,0.9841,0.99032,68015,9,0
2022-10-28,0.99036,0.99793,0.98824,0.99609,59306,9,0
2022-10-30,0.99599,0.9981,0.99557,0.9964,2326,14,0
2022-10-31,0.99638,1.00317,0.99592,1.00153,43315,9,0
2022-11-01,1.00151,1.00169,0.99145,0.99991,53620,9,0
2022-11-02,0.99989,1.00404,0.99104,1.00329,65722,9,0
2022-11-03,1.00328,1.01468,1.00068,1.01342,55097,9,0
2022-11-04,1.01341,1.01348,0.99312,0.99407,65313,9,0
2022-11-06,0.99772,0.99802,0.99463,0.99669,1548,30,0
2022-11-07,0.99677,0.99773,0.98748,0.98886,52289,9,0
2022-11-08,0.98887,0.99266,0.98364,0.98453,45920,9,0
2022-11-09,0.98454,0.98735,0.97998,0.98355,56941,9,0
2022-11-10,0.98353,0.98988,0.96298,0.9647,80956,9,0
2022-11-11,0.96504,0.96812,0.9397,0.94118,75851,9,0
2022-11-13,0.94162,0.94401,0.94136,0.94401,1133,28,0
2022-11-14,0.944,0.94886,0.94047,0.94331,59332,9,0
2022-11-15,0.94333,0.9475,0.93562,0.94288,92321,9,0
2022-11-16,0.94286,0.94689,0.93855,0.94438,63613,9,0
2022-11-17,0.94436,0.95568,0.94326,0.95286,48692,9,0
2022-11-18,0.95284,0.95488,0.94978,0.95457,38697,9,0
2022-11-20,0.95355,0.95369,0.95272,0.95331,771,14,0
2022-11-21,0.95332,0.9598,0.9533,0.95845,40211,9,0
2022-11-22,0.95844,0.95871,0.95073,0.95077,34101,9,0
2022-11-23,0.9511,0.95328,0.94056,0.94098,42690,9,0
2022-11-24,0.94096,0.94452,0.93868,0.94349,33681,9,0
2022-11-25,0.94351,0.94997,0.94222,0.94549,42133,9,0
2022-11-27,0.94681,0.9478,0.94606,0.94741,1067,14,0
2022-11-28,0.94738,0.94973,0.94048,0.94895,50823,9,0
2022-11-29,0.94893,0.95453,0.94599,0.95449,49032,9,0
2022-11-30,0.9545,0.95471,0.94289,0.94381,63181,9,0
2022-12-01,0.94383,0.94599,0.9356,0.9364,62384,9,0
2022-12-02,0.93639,0.94392,0.93259,0.93684,66739,9,0
2022-12-04,0.93756,0.93777,0.93609,0.93644,809,14,0
2022-12-05,0.93646,0.94351,0.93301,0.94229,47918,9,0
2022-12-06,0.94219,0.94555,0.93804,0.942,43081,9,0
2022-12-07,0.94197,0.94374,0.9363,0.94003,51265,9,0
2022-12-08,0.94036,0.94264,0.93432,0.936,39508,9,0
2022-12-09,0.93601,0.93796,0.93118,0.93466,46210,9,0
2022-12-11,0.9331,0.93481,0.93293,0.93477,530,80,0
2022-12-12,0.9351,0.93793,0.93126,0.93572,34685,9,0
2022-12-13,0.93573,0.93747,0.92309,0.92902,58042,9,0
2022-12-14,0.92904,0.92965,0.92152,0.92433,70227,9,0
2022-12-15,0.92436,0.93168,0.92318,0.92766,63528,9,0
2022-12-16,0.92763,0.9342,0.92533,0.93419,44404,9,0
2022-12-18,0.93324,0.93461,0.9326,0.93461,836,14,0
2022-12-19,0.93459,0.93459,0.92808,0.92864,35931,9,0
2022-12-20,0.92863,0.93069,0.92412,0.92631,60073,9,0
2022-12-21,0.9263,0.9289,0.92382,0.92622,41893,9,0
2022-12-22,0.92656,0.93209,0.92259,0.93115,40431,9,0
2022-12-23,0.93117,0.93441,0.92846,0.9332,40747,9,0
2022-12-25,0.93329,0.93346,0.93283,0.93301,875,85,0
2022-12-26,0.93316,0.93405,0.93039,0.9313,19204,26,0
2022-12-27,0.9313,0.93227,0.92691,0.92934,32698,9,0
2022-12-28,0.92936,0.93069,0.92446,0.92784,35165,9,0
2022-12-29,0.92782,0.92872,0.92099,0.92297,34458,9,0
2022-12-30,0.92296,0.92681,0.91997,0.92443,46684,9,0
2023-01-01,0.92297,0.92388,0.92108,0.92203,455,406,0
2023-01-02,0.92291,0.92618,0.92158,0.92199,19291,80,0
2023-01-03,0.92207,0.93981,0.9217,0.93616,53049,9,0
2023-01-04,0.93617,0.93618,0.92527,0.92966,54845,9,0
2023-01-05,0.92969,0.93778,0.92603,0.93616,53408,9,0
2023-01-06,0.93614,0.94085,0.92698,0.92781,58041,9,0
2023-01-08,0.92704,0.92775,0.92607,0.92642,934,14,0
2023-01-09,0.92644,0.92795,0.91665,0.92102,49037,9,0
2023-01-10,0.921,0.92517,0.91948,0.92234,47008,9,0
2023-01-11,0.92232,0.93313,0.92043,0.93094,44530,9,0
2023-01-12,0.93096,0.93643,0.92622,0.92697,71235,9,0
2023-01-13,0.9273,0.93164,0.92553,0.92638,49387,9,0
2023-01-15,0.92616,0.92701,0.92563,0.92684,879,14,0
2023-01-16,0.92682,0.9288,0.92182,0.92532,36385,9,0
2023-01-17,0.92531,0.92756,0.91869,0.92191,52854,9,0
2023-01-18,0.92189,0.92449,0.90848,0.91592,73193,9,0
2023-01-19,0.9159,0.91889,0.91455,0.91544,51755,9,0
2023-01-20,0.91577,0.92342,0.9141,0.92018,43584,9,0
2023-01-22,0.91839,0.91992,0.91837,0.91992,811,14,0
2023-01-23,0.91989,0.92403,0.91594,0.92166,44097,9,0
2023-01-24,0.92165,0.9279,0.91916,0.92224,41287,9,0
2023-01-25,0.92223,0.92445,0.91661,0.91712,40624,9,0
2023-01-26,0.9171,0.92249,0.91578,0.91983,43534,9,0
2023-01-27,0.92017,0.92394,0.91918,0.92103,36072,9,0
2023-01-29,0.92066,0.9208,0.92003,0.92065,495,14,0
2023-01-30,0.92067,0.92559,0.91815,0.92501,37001,9,0
2023-01-31,0.92534,0.92876,0.91495,0.91635,44643,9,0
2023-02-01,0.91633,0.91833,0.90569,0.9072,53778,9,0
2023-02-02,0.90717,0.91391,0.90599,0.91321,56413,9,0
2023-02-03,0.91324,0.92689,0.91256,0.92591,49206,0,0
2023-02-05,0.92704,0.92713,0.92488,0.92646,1189,15,0
2023-02-06,0.92648,0.92905,0.92269,0.92767,39260,9,0
2023-02-07,0.928,0.9289,0.91915,0.92163,58522,9,0
2023-02-08,0.92166,0.92231,0.91776,0.92089,39242,9,0
2023-02-09,0.92091,0.92282,0.916,0.92206,38419,9,0
2023-02-10,0.92208,0.92526,0.91978,0.92362,42178,9,0
2023-02-12,0.92294,0.92388,0.9228,0.92381,849,14,0
2023-02-13,0.92382,0.92592,0.91833,0.91871,41779,9,0
2023-02-14,0.91872,0.92339,0.91365,0.92119,83246,9,0
2023-02-15,0.92151,0.92622,0.92125,0.92334,57983,9,0
2023-02-16,0.92333,0.92715,0.92136,0.92658,57726,9,0
2023-02-17,0.92659,0.93317,0.92395,0.92414,48628,9,0
2023-02-19,0.92487,0.92533,0.92373,0.92533,684,14,0
2023-02-20,0.92532,0.92594,0.92081,0.9232,20674,9,0
2023-02-21,0.92322,0.92822,0.92293,0.9275,52571,9,0
2023-02-22,0.92749,0.93182,0.92525,0.93124,52681,9,0
2023-02-23,0.93123,0.93482,0.92897,0.93367,47128,9,0
2023-02-24,0.93369,0.94118,0.93255,0.9409,51391,9,0
2023-02-26,0.93953,0.94034,0.93947,0.94029,436,14,0
2023-02-27,0.94028,0.94287,0.93436,0.93536,39547,9,0
2023-02-28,0.93569,0.94227,0.93409,0.94198,43448,9,0
2023-03-01,0.942,0.94279,0.93498,0.93948,48106,9,0
2023-03-02,0.93946,0.94398,0.93918,0.94195,46269,9,0
2023-03-03,0.94196,0.94207,0.93586,0.93595,42199,9,0
2023-03-05,0.93555,0.93697,0.9355,0.93697,321,15,0
2023-03-06,0.93699,0.93724,0.92979,0.93068,40976,9,0
2023-03-07,0.93069,0.94239,0.92853,0.94226,56439,9,0
2023-03-08,0.94225,0.94379,0.93882,0.94052,45780,9,0
2023-03-09,0.94086,0.94155,0.93166,0.93286,41851,9,0
2023-03-10,0.93284,0.93285,0.91742,0.92123,70540,9,0
2023-03-12,0.91846,0.91957,0.91366,0.91918,4901,14,0
2023-03-13,0.91916,0.92021,0.9071,0.9125,107448,9,0
2023-03-14,0.91252,0.91642,0.90958,0.9145,86130,9,0
2023-03-15,0.91452,0.93386,0.91227,0.93149,99017,9,0
2023-03-16,0.93151,0.93219,0.92292,0.9292,83295,9,0
2023-03-17,0.92922,0.92951,0.92393,0.92632,58724,9,0
2023-03-19,0.92531,0.9275,0.92502,0.92697,2214,14,0
2023-03-20,0.92699,0.93121,0.92396,0.92923,52832,9,0
2023-03-21,0.92924,0.93168,0.9209,0.9217,43185,9,0
2023-03-22,0.92168,0.92454,0.91469,0.91664,56186,9,0
2023-03-23,0.91667,0.91804,0.91195,0.91669,62456,9,0
2023-03-24,0.91671,0.92167,0.91546,0.91985,63545,9,0
2023-03-26,0.91695,0.91939,0.91689,0.91892,1830,14,0
2023-03-27,0.91895,0.91993,0.91466,0.9151,49434,9,0
2023-03-28,0.91512,0.92222,0.91363,0.92038,42122,9,0
2023-03-29,0.92037,0.92227,0.91642,0.9182,44634,9,0
2023-03-30,0.91822,0.91997,0.91229,0.91338,46880,9,0
2023-03-31,0.9134,0.91772,0.91153,0.91512,49412,9,0
2023-04-02,0.91398,0.91778,0.91379,0.91768,1894,14,0
2023-04-03,0.9177,0.91959,0.91148,0.91278,48526,9,0
2023-04-04,0.91281,0.91423,0.90483,0.90566,49925,9,0
2023-04-05,0.90568,0.90755,0.90065,0.90635,40918,9,0
2023-04-06,0.90638,0.90745,0.90212,0.90367,35537,9,0
2023-04-07,0.90365,0.90801,0.90273,0.90297,19178,29,0
2023-04-09,0.90331,0.90482,0.90292,0.90445,835,14,0
2023-04-10,0.90448,0.91198,0.90436,0.90882,29179,9,0
2023-04-11,0.90883,0.90897,0.90234,0.90302,32754,9,0
2023-04-12,0.90304,0.90341,0.89433,0.89579,40023,9,0
2023-04-13,0.89582,0.89744,0.88594,0.88902,37633,9,0
2023-04-14,0.88904,0.89584,0.88665,0.89392,41533,9,0
2023-04-16,0.89376,0.89489,0.89345,0.89483,686,14,0
2023-04-17,0.89485,0.8996,0.89214,0.89853,34454,9,0
2023-04-18,0.89856,0.89865,0.89539,0.896,33910,9,0
2023-04-19,0.89602,0.90023,0.89575,0.89767,37922,9,0
2023-04-20,0.8977,0.89827,0.89154,0.89234,39397,9,0
2023-04-21,0.89237,0.89537,0.89071,0.89224,38739,9,0
2023-04-23,0.89159,0.89213,0.89155,0.89188,731,14,0
2023-04-24,0.8919,0.89276,0.88677,0.88706,32981,9,0
2023-04-25,0.88708,0.89271,0.88602,0.8918,37151,9,0
2023-04-26,0.89183,0.89253,0.88515,0.89085,43784,9,0
2023-04-27,0.89087,0.89759,0.89025,0.89389,42034,9,0
2023-04-28,0.89391,0.8975,0.88955,0.89441,52047,9,0
2023-04-30,0.89199,0.89483,0.89197,0.89467,748,14,0
2023-05-01,0.8947,0.89663,0.89148,0.89588,35611,9,0
2023-05-02,0.89591,0.89947,0.89199,0.89233,45176,9,0
2023-05-03,0.89235,0.8927,0.88232,0.88339,51682,9,0
2023-05-04,0.88341,0.88908,0.88196,0.8854,61195,9,0
2023-05-05,0.88542,0.8973,0.8834,0.89058,45741,9,0
2023-05-07,0.88979,0.89116,0.88953,0.89116,931,14,0
2023-05-08,0.89119,0.89122,0.88673,0.88991,30105,9,0
2023-05-09,0.88993,0.89424,0.88879,0.89014,33858,9,0
2023-05-10,0.89016,0.89268,0.88677,0.88933,42209,9,0
2023-05-11,0.88934,0.89574,0.88861,0.89418,42190,9,0
2023-05-12,0.8942,0.89873,0.88968,0.89837,35470,9,0
2023-05-14,0.89657,0.89861,0.89636,0.89836,567,14,0
2023-05-15,0.89838,0.89871,0.89408,0.89544,31278,9,0
2023-05-16,0.89546,0.89702,0.89195,0.8963,34834,9,0
2023-05-17,0.89633,0.90249,0.89486,0.89857,36480,9,0
2023-05-18,0.89859,0.90621,0.89798,0.90485,33401,9,0
2023-05-19,0.90487,0.90583,0.89744,0.8994,39385,9,0
2023-05-21,0.89817,0.89871,0.89785,0.89822,644,14,0
2023-05-22,0.89824,0.89964,0.89404,0.89828,40593,9,0
2023-05-23,0.8983,0.90288,0.89748,0.90142,41061,9,0
2023-05-24,0.90145,0.90664,0.90047,0.90429,42177,9,0
2023-05-25,0.90431,0.90729,0.90371,0.90505,38758,9,0
2023-05-26,0.90508,0.90739,0.9018,0.90496,39310,9,0
2023-05-28,0.90461,0.90584,0.9044,0.90584,850,14,0
2023-05-29,0.90582,0.90616,0.90269,0.90448,19552,9,0
2023-05-30,0.9045,0.90838,0.90137,0.90604,42239,9,0
2023-05-31,0.90607,0.9147,0.90552,0.90994,43554,9,0
2023-06-01,0.90997,0.91135,0.90471,0.90557,40572,9,0
2023-06-02,0.90559,0.90915,0.90342,0.90877,39013,9,0
2023-06-04,0.90751,0.90992,0.90737,0.90976,716,14,0
2023-06-05,0.90979,0.91191,0.9048,0.90599,37425,9,0
2023-06-06,0.90602,0.90975,0.90326,0.90705,34031,9,0
2023-06-07,0.90708,0.91066,0.90428,0.90953,33925,9,0
2023-06-08,0.90956,0.91073,0.89789,0.89891,38437,9,0
2023-06-09,0.89893,0.90389,0.8984,0.90316,31770,9,0
2023-06-11,0.90285,0.90387,0.90199,0.90328,597,14,0
2023-06-12,0.9033,0.91088,0.9015,0.90853,34025,9,0
2023-06-13,0.90856,0.9089,0.90313,0.90521,42436,9,0
2023-06-14,0.90523,0.906,0.89648,0.90017,39188,9,0
2023-06-15,0.9002,0.90555,0.89068,0.89177,35007,9,0
2023-06-16,0.89178,0.89488,0.89011,0.89387,37784,9,0
2023-06-18,0.89346,0.89463,0.8931,0.89449,2113,14,0
2023-06-19,0.89451,0.89746,0.89329,0.89585,34582,9,0
2023-06-20,0.89587,0.90006,0.89534,0.89767,49041,9,0
2023-06-21,0.89767,0.89973,0.8919,0.89248,51112,9,0
2023-06-22,0.8925,0.89724,0.89063,0.89493,54076,9,0
2023-06-23,0.89495,0.90129,0.8945,0.89695,53077,9,0
2023-06-25,0.89564,0.89614,0.89529,0.89576,1638,14,0
2023-06-26,0.89578,0.89678,0.89113,0.89572,40327,9,0
2023-06-27,0.89575,0.89699,0.89235,0.89372,46070,9,0
2023-06-28,0.89375,0.89866,0.89316,0.8967,45600,9,0
2023-06-29,0.89672,0.90012,0.89427,0.89914,46682,9,0
2023-06-30,0.89916,0.90163,0.89349,0.89514,46894,9,0
2023-07-02,0.89386,0.89526,0.89367,0.89519,1145,14,0
2023-07-03,0.89522,0.90038,0.89405,0.89588,39805,9,0
2023-07-04,0.8959,0.89744,0.89453,0.89674,28129,9,0
2023-07-05,0.89676,0.89942,0.89617,0.89851,41001,9,0
2023-07-06,0.89853,0.89973,0.89442,0.8953,54161,9,0
2023-07-07,0.89532,0.89698,0.88751,0.88911,47216,9,0
2023-07-09,0.88762,0.88957,0.88753,0.88896,1413,14,0
2023-07-10,0.88898,0.89175,0.88364,0.88514,38777,9,0
2023-07-11,0.88516,0.88525,0.87852,0.87874,37466,9,0
2023-07-12,0.87873,0.87921,0.86588,0.86666,50398,9,0
2023-07-13,0.86668,0.86704,0.85712,0.85909,46458,9,0
2023-07-14,0.85909,0.86307,0.85655,0.86202,42971,9,0
2023-07-16,0.86034,0.86234,0.86011,0.86197,1353,14,0
2023-07-17,0.86199,0.86301,0.85779,0.8603,34887,9,0
2023-07-18,0.86033,0.86069,0.85545,0.8577,50237,9,0
2023-07-19,0.85772,0.8613,0.85639,0.85787,46341,9,0
2023-07-20,0.85791,0.86835,0.85599,0.86622,47288,9,0
2023-07-21,0.86623,0.86721,0.86403,0.86575,41253,9,0
2023-07-23,0.86502,0.86632,0.86464,0.86626,1166,14,0
2023-07-24,0.86628,0.86999,0.8637,0.86989,49477,9,0
2023-07-25,0.86992,0.86994,0.86201,0.86453,37607,9,0
2023-07-26,0.86456,0.86559,0.8597,0.86153,50811,9,0
2023-07-27,0.86155,0.86982,0.85519,0.86882,65942,9,0
2023-07-28,0.86885,0.8736,0.86603,0.87041,73995,9,0
2023-07-30,0.86876,0.86995,0.86819,0.86979,1438,14,0
2023-07-31,0.86981,0.87293,0.86649,0.8717,43825,9,0
2023-08-01,0.87173,0.87774,0.87119,0.87256,44626,9,0
2023-08-02,0.87258,0.88052,0.87256,0.87737,55011,9,0
2023-08-03,0.87739,0.87982,0.8731,0.87427,62936,9,0
2023-08-04,0.8743,0.87822,0.86989,0.87278,48398,9,0
2023-08-06,0.87134,0.87435,0.87127,0.87415,1529,14,0
2023-08-07,0.87417,0.87732,0.87168,0.8729,36291,9,0
2023-08-08,0.87293,0.87825,0.87197,0.87558,42891,9,0
2023-08-09,0.8756,0.87821,0.87313,0.87693,37917,9,0
2023-08-10,0.87695,0.87761,0.86897,0.87681,54833,9,0
2023-08-11,0.87683,0.87802,0.87346,0.87638,45636,9,0
2023-08-13,0.8754,0.87698,0.87487,0.8767,1218,14,0
2023-08-14,0.87672,0.88272,0.87548,0.87801,47169,9,0
2023-08-15,0.87803,0.87964,0.87438,0.87862,51543,9,0
2023-08-16,0.87865,0.88139,0.87739,0.8801,46109,9,0
2023-08-17,0.88013,0.88093,0.87597,0.87827,49610,9,0
2023-08-18,0.87829,0.88272,0.87733,0.88234,41769,9,0
2023-08-20,0.88078,0.88251,0.88076,0.88234,1149,14,0
2023-08-21,0.88235,0.88275,0.87728,0.87849,40202,9,0
2023-08-22,0.87851,0.8809,0.87646,0.88011,43192,9,0
2023-08-23,0.88011,0.88169,0.87645,0.8774,50804,9,0
2023-08-24,0.87742,0.88546,0.87596,0.8852,42817,9,0
2023-08-25,0.88523,0.88758,0.88213,0.88446,44771,9,0
2023-08-27,0.88376,0.88508,0.88305,0.88477,1480,14,0
2023-08-28,0.8848,0.88532,0.88179,0.88345,36357,9,0
2023-08-29,0.88347,0.88583,0.87707,0.87892,43767,9,0
2023-08-30,0.87894,0.8803,0.87443,0.87805,47615,9,0
2023-08-31,0.87807,0.88457,0.87709,0.88327,49023,9,0
2023-09-01,0.88329,0.88634,0.87948,0.88571,46754,9,0
2023-09-03,0.88453,0.88568,0.88427,0.88518,957,14,0
2023-09-04,0.8852,0.88553,0.8832,0.88477,25399,9,0
2023-09-05,0.88479,0.89025,0.88437,0.88939,40192,9,0
2023-09-06,0.88941,0.89441,0.88807,0.89131,41416,9,0
2023-09-07,0.89134,0.89399,0.8908,0.89265,35275,9,0
2023-09-08,0.89267,0.89361,0.88944,0.89294,35945,9,0
2023-09-10,0.89078,0.89257,0.89015,0.89201,2176,14,0
2023-09-11,0.89204,0.89223,0.88964,0.8912,33275,9,0
2023-09-12,0.89122,0.89336,0.89004,0.89146,30826,9,0
2023-09-13,0.89149,0.8952,0.89072,0.89344,43230,9,0
2023-09-14,0.89346,0.89703,0.89142,0.89616,42007,9,0
2023-09-15,0.89619,0.89773,0.89452,0.89768,32716,9,0
2023-09-17,0.89512,0.89752,0.89492,0.89689,867,14,0
2023-09-18,0.89691,0.8982,0.89534,0.89727,25585,6,0
2023-09-19,0.8973,0.89835,0.89474,0.8973,28964,4,0
2023-09-20,0.89732,0.89953,0.89315,0.89939,40294,9,0
2023-09-21,0.89938,0.90779,0.89847,0.90469,51541,9,0
2023-09-22,0.90471,0.90748,0.90424,0.90693,35012,9,0
2023-09-24,0.90514,0.90717,0.90496,0.90713,1332,14,0
2023-09-25,0.90715,0.91348,0.90696,0.9121,34114,9,0
2023-09-26,0.91212,0.91586,0.91183,0.91576,37001,6,0
2023-09-27,0.91578,0.92248,0.91536,0.92078,41697,9,0
2023-09-28,0.92081,0.92161,0.91424,0.91478,45130,9,0
2023-09-29,0.9148,0.91631,0.90905,0.91498,53202,9,0
2023-10-01,0.91415,0.916,0.91387,0.91549,2117,14,0
2023-10-02,0.91548,0.91943,0.91097,0.91792,42215,9,0
2023-10-03,0.91794,0.92441,0.91792,0.92103,66771,9,0
2023-10-04,0.92106,0.92317,0.91433,0.91671,61951,4,0
2023-10-05,0.91673,0.91818,0.91208,0.91269,52339,9,0
2023-10-06,0.91271,0.91754,0.90725,0.90983,55649,9,0
2023-10-08,0.90795,0.91015,0.90794,0.90892,3290,14,0
2023-10-09,0.90894,0.9123,0.90463,0.90498,50536,8,0
2023-10-10,0.90501,0.90825,0.90336,0.90453,59241,9,0
2023-10-11,0.90456,0.90541,0.90013,0.90101,52740,8,0
2023-10-12,0.90103,0.90873,0.89864,0.90785,58718,9,0
2023-10-13,0.90785,0.90843,0.90017,0.90234,48851,9,0
2023-10-15,0.9002,0.90285,0.89974,0.90238,2152,14,0
2023-10-16,0.9024,0.9042,0.89951,0.90045,44108,6,0
2023-10-17,0.90043,0.90316,0.89893,0.90009,48050,6,0
2023-10-18,0.90012,0.90081,0.89539,0.89876,48960,8,0
2023-10-19,0.89879,0.90015,0.89083,0.89176,55696,9,0
2023-10-20,0.89178,0.89348,0.89021,0.89225,45010,9,0
2023-10-22,0.89045,0.89336,0.89003,0.89322,2374,14,0
2023-10-23,0.89324,0.89567,0.89051,0.89081,40342,9,0
2023-10-24,0.89083,0.89521,0.88876,0.89304,42217,8,0
2023-10-25,0.89306,0.89735,0.89202,0.89665,38894,9,0
2023-10-26,0.8967,0.90041,0.89629,0.89881,49181,9,0
2023-10-27,0.89883,0.90342,0.89799,0.90244,44331,9,0
2023-10-29,0.90027,0.90261,0.89987,0.90238,1446,14,0
2023-10-30,0.90241,0.90482,0.90072,0.90203,36779,8,0
2023-10-31,0.90205,0.91057,0.90091,0.90998,47066,4,0
2023-11-01,0.91001,0.91113,0.90552,0.90552,49771,9,0
2023-11-02,0.90549,0.9067,0.9017,0.90608,40229,13,0
2023-11-03,0.90611,0.90731,0.89648,0.89908,39185,15,0
2023-11-05,0.89555,0.89888,0.89555,0.89842,1192,128,0
2023-11-06,0.89909,0.89948,0.89531,0.89912,33065,15,0
2023-11-07,0.89913,0.90177,0.8981,0.89993,39034,15,0
2023-11-08,0.89993,0.90232,0.89758,0.89898,37947,13,0
2023-11-09,0.89899,0.904,0.89864,0.9031,39241,10,0
2023-11-10,0.9031,0.9045,0.90015,0.90191,31174,15,0
2023-11-12,0.90025,0.9021,0.89896,0.90134,1278,128,0
2023-11-13,0.90186,0.90514,0.90061,0.90125,29738,15,0
2023-11-14,0.90125,0.90264,0.8879,0.88903,41788,13,0
2023-11-15,0.88903,0.89013,0.88546,0.8871,40614,9,0
2023-11-16,0.88711,0.88994,0.8854,0.88849,37014,9,0
2023-11-17,0.88848,0.88932,0.88517,0.88561,39325,9,0
2023-11-19,0.88384,0.88581,0.88346,0.88579,870,80,0
2023-11-20,0.88596,0.88647,0.88253,0.88441,36354,8,0
2023-11-21,0.88441,0.88479,0.88188,0.88337,38121,4,0
2023-11-22,0.88337,0.88741,0.88202,0.88407,35460,9,0
2023-11-23,0.88407,0.88491,0.88103,0.88435,26927,9,0
2023-11-24,0.88432,0.8848,0.88036,0.88108,32198,9,0
2023-11-26,0.87928,0.88216,0.87928,0.88174,1101,80,0
2023-11-27,0.88213,0.88274,0.87934,0.87997,39138,4,0
2023-11-28,0.87997,0.88181,0.87605,0.87707,41384,9,0
2023-11-29,0.87707,0.87831,0.872,0.87333,49092,4,0
2023-11-30,0.87332,0.87701,0.86838,0.87471,56293,8,0
2023-12-01,0.87469,0.87676,0.8679,0.86901,49970,9,0
2023-12-03,0.8671,0.86901,0.866,0.86741,2506,80,0
2023-12-04,0.86757,0.87546,0.86755,0.87255,52928,8,0
2023-12-05,0.87255,0.87655,0.8714,0.87501,48827,9,0
2023-12-06,0.87501,0.87594,0.87286,0.87461,45456,4,0
2023-12-07,0.87461,0.87814,0.87277,0.87546,52783,8,0
2023-12-08,0.87545,0.88201,0.87409,0.87998,56412,9,0
2023-12-10,0.87881,0.87989,0.87822,0.8793,1236,80,0
2023-12-11,0.87959,0.88154,0.87787,0.8783,42616,9,0
2023-12-12,0.87829,0.87839,0.87227,0.87513,51104,8,0
2023-12-13,0.87513,0.87794,0.869,0.87099,58727,4,0
2023-12-14,0.87099,0.87312,0.863,0.86702,79341,8,0
2023-12-15,0.86703,0.8711,0.86518,0.87016,55636,9,0
2023-12-17,0.86868,0.87047,0.86824,0.87023,2057,80,0
2023-12-18,0.87061,0.87111,0.86593,0.8671,43075,6,0
2023-12-19,0.8671,0.86766,0.85925,0.86067,51923,8,0
2023-12-20,0.86067,0.86502,0.86011,0.86264,46829,6,0
2023-12-21,0.86263,0.86319,0.85571,0.85631,53311,8,0
2023-12-22,0.8563,0.85728,0.85135,0.85586,50294,9,0
2023-12-25,0.85128,0.87462,0.83051,0.85508,1253,170,0
2023-12-26,0.85517,0.8578,0.85308,0.85371,18809,10,0
2023-12-27,0.85371,0.85482,0.84081,0.84246,29315,10,0
2023-12-28,0.84245,0.84503,0.83321,0.84341,39530,10,0
2023-12-29,0.84343,0.84354,0.8356,0.84148,42214,14,0
2024-01-01,0.8381,0.84153,0.83724,0.84095,1118,170,0
2024-01-02,0.84116,0.85063,0.84091,0.85004,38369,10,0
2024-01-03,0.85005,0.85539,0.84864,0.84918,49380,9,0
2024-01-04,0.84918,0.85282,0.84768,0.8502,39085,10,0
2024-01-05,0.8502,0.85765,0.84546,0.85022,44402,14,0
2024-01-07,0.8484,0.85097,0.84818,0.85039,1283,80,0
2024-01-08,0.85072,0.85206,0.84597,0.84799,33671,10,0
2024-01-09,0.84799,0.85313,0.84638,0.85236,34733,12,0
2024-01-10,0.85236,0.85347,0.85044,0.8505,31471,4,0
2024-01-11,0.8505,0.85656,0.8488,0.85102,44574,12,0
2024-01-12,0.85102,0.85501,0.8488,0.85251,33945,14,0
2024-01-14,0.85082,0.85311,0.85076,0.85304,972,80,0
2024-01-15,0.85336,0.85614,0.85216,0.85597,22803,10,0
2024-01-16,0.85598,0.86189,0.85586,0.86142,43247,12,0
2024-01-17,0.86143,0.86848,0.86072,0.86434,39834,12,0
2024-01-18,0.86431,0.86934,0.86327,0.86796,38747,8,0
2024-01-19,0.86796,0.87036,0.86763,0.86804,30548,14,0
2024-01-21,0.86699,0.86843,0.86643,0.86809,1962,80,0
2024-01-22,0.86846,0.86998,0.86659,0.86915,31659,12,0
2024-01-23,0.86915,0.87276,0.86496,0.86962,33168,10,0
2024-01-24,0.86964,0.86991,0.86061,0.86298,37391,10,0
2024-01-25,0.86304,0.86842,0.8626,0.86699,40174,10,0
2024-01-26,0.86711,0.86843,0.86159,0.8639,34018,14,0
2024-01-28,0.86307,0.86398,0.86251,0.86394,1227,80,0
2024-01-29,0.86428,0.86485,0.86064,0.86135,30862,10,0
2024-01-30,0.86135,0.86423,0.86073,0.86183,32006,12,0
2024-01-31,0.86181,0.86431,0.85503,0.86232,51959,10,0
2024-02-01,0.86232,0.86488,0.85705,0.85759,41685,10,0
2024-02-02,0.85761,0.86799,0.85528,0.86693,36685,14,0
2024-02-04,0.86527,0.86753,0.86506,0.86654,1389,80,0
2024-02-05,0.86696,0.87177,0.86675,0.87069,33840,10,0
2024-02-06,0.87068,0.87406,0.86898,0.86954,33533,10,0
2024-02-07,0.86955,0.87526,0.86877,0.87409,33598,10,0
2024-02-08,0.87409,0.876,0.87237,0.87347,30472,10,0
2024-02-09,0.87345,0.87613,0.8731,0.87475,26979,14,0
2024-02-11,0.87364,0.87431,0.87354,0.87394,1134,80,0
2024-02-12,0.87419,0.87719,0.87263,0.87579,24482,12,0
2024-02-13,0.8758,0.88801,0.87551,0.88744,39203,12,0
2024-02-14,0.8874,0.88849,0.88471,0.8852,29675,10,0
2024-02-15,0.88519,0.88573,0.87826,0.87979,30936,10,0
2024-02-16,0.87985,0.88384,0.87976,0.88102,27791,14,0
2024-02-18,0.87945,0.88078,0.87889,0.88045,1206,80,0
2024-02-19,0.8807,0.88289,0.87964,0.8827,20003,10,0
2024-02-20,0.88271,0.88371,0.87851,0.88179,26177,10,0
2024-02-21,0.88187,0.88196,0.87882,0.87916,26036,12,0
2024-02-22,0.87917,0.88206,0.87422,0.88007,32923,10,0
2024-02-23,0.88004,0.88186,0.87809,0.88115,23328,14,0
2024-02-25,0.87912,0.88102,0.879,0.88097,1322,80,0
2024-02-26,0.88125,0.88214,0.87876,0.88001,23181,10,0
2024-02-27,0.88002,0.88097,0.87811,0.87894,25607,12,0
2024-02-28,0.87899,0.88149,0.87836,0.87872,27857,10,0
2024-02-29,0.87871,0.8847,0.87788,0.88448,32966,12,0
2024-03-01,0.88437,0.88919,0.88296,0.88323,30129,14,0
2024-03-03,0.88231,0.88321,0.8816,0.88306,1239,80,0
2024-03-04,0.88338,0.88634,0.88053,0.88519,26677,12,0
2024-03-05,0.88519,0.88657,0.88253,0.88355,26759,10,0
2024-03-06,0.88356,0.8855,0.8804,0.88207,29799,10,0
2024-03-07,0.88202,0.88228,0.8772,0.8773,32174,10,0
2024-03-08,0.87725,0.87828,0.87294,0.87761,33128,14,0
2024-03-10,0.87507,0.87771,0.87482,0.8775,2162,14,0
2024-03-11,0.87751,0.87941,0.87545,0.87724,26722,10,0
2024-03-12,0.87727,0.8794,0.87467,0.87739,31129,10,0
2024-03-13,0.87738,0.87891,0.87658,0.87834,22827,10,0
2024-03-14,0.8783,0.8843,0.87813,0.88425,27776,10,0
2024-03-15,0.88425,0.8852,0.88187,0.88351,22071,14,0
2024-03-17,0.88224,0.88358,0.88176,0.88351,1833,14,0
2024-03-18,0.88353,0.88839,0.88212,0.88747,22812,10,0
2024-03-19,0.88751,0.88978,0.88667,0.88855,29714,12,0
2024-03-20,0.88853,0.89179,0.88537,0.88558,34226,10,0
2024-03-21,0.88562,0.89934,0.88389,0.89775,42445,12,0
2024-03-22,0.89772,0.90195,0.89653,0.89718,27968,14,0
2024-03-24,0.89581,0.89763,0.89555,0.89762,1742,14,0
2024-03-25,0.89759,0.89977,0.89685,0.89952,22888,10,0
2024-03-26,0.89952,0.90425,0.89901,0.9036,24683,10,0
2024-03-27,0.90361,0.90709,0.90324,0.90558,24509,10,0
2024-03-28,0.90557,0.90639,0.89993,0.90114,33198,10,0
2024-03-29,0.90109,0.90269,0.89971,0.90026,24681,14,0
2024-03-31,0.90007,0.90225,0.89994,0.90205,2158,14,0
2024-04-01,0.90197,0.90561,0.90051,0.90505,21843,12,0
2024-04-02,0.90501,0.909,0.90496,0.9078,26035,12,0
2024-04-03,0.90775,0.90948,0.90261,0.90293,25456,12,0
2024-04-04,0.90293,0.90743,0.90087,0.90154,28029,12,0
2024-04-05,0.9015,0.90702,0.89975,0.90196,29763,14,0
2024-04-07,0.9003,0.90352,0.89948,0.9032,3157,14,0
2024-04-08,0.90317,0.9065,0.90234,0.90511,28113,10,0
2024-04-09,0.90502,0.90558,0.90124,0.90307,24332,10,0
2024-04-10,0.90304,0.91466,0.90245,0.91302,37099,10,0
2024-04-11,0.91315,0.91459,0.90741,0.90984,35864,10,0
2024-04-12,0.90979,0.91449,0.90932,0.91438,32341,14,0
2024-04-14,0.91054,0.91399,0.91054,0.91373,2409,14,0
2024-04-15,0.91372,0.91514,0.91121,0.91183,34071,10,0
2024-04-16,0.91186,0.91412,0.91111,0.91256,37329,12,0
2024-04-17,0.91262,0.91317,0.90933,0.91063,31764,10,0
2024-04-18,0.9106,0.91303,0.90807,0.91243,28345,10,0
2024-04-19,0.91245,0.91266,0.90108,0.91025,45783,14,0
2024-04-21,0.90802,0.91123,0.90732,0.91116,2339,14,0
2024-04-22,0.91115,0.91232,0.90981,0.91182,24817,12,0
2024-04-23,0.91182,0.91293,0.90866,0.91171,26623,10,0
2024-04-24,0.91171,0.91523,0.91127,0.91441,25444,10,0
2024-04-25,0.91441,0.91563,0.91168,0.91264,29606,10,0
2024-04-26,0.91264,0.91494,0.90956,0.91446,30436,14,0
2024-04-28,0.91183,0.91406,0.91183,0.91367,1546,14,0
2024-04-29,0.91366,0.91528,0.90878,0.91077,36765,10,0
2024-04-30,0.91076,0.91964,0.91043,0.9196,36059,10,0
2024-05-01,0.9196,0.92236,0.91453,0.91638,38855,12,0
2024-05-02,0.91636,0.91727,0.9097,0.90975,37335,12,0
2024-05-03,0.90973,0.91045,0.90054,0.90499,38487,14,0
2024-05-05,0.90346,0.90595,0.9031,0.90583,1745,14,0
2024-05-06,0.90583,0.90674,0.90354,0.90671,21316,12,0
2024-05-07,0.90672,0.9093,0.90574,0.90845,22880,12,0
2024-05-08,0.90845,0.90951,0.90729,0.90785,19117,12,0
2024-05-09,0.90785,0.9098,0.90538,0.90589,20781,12,0
2024-05-10,0.90589,0.90845,0.90554,0.90642,19031,14,0
2024-05-12,0.90527,0.90645,0.90458,0.90644,1325,14,0
2024-05-13,0.90644,0.90866,0.90451,0.90793,19664,10,0
2024-05-14,0.90793,0.91017,0.90548,0.90687,22644,10,0
2024-05-15,0.90688,0.907,0.90048,0.90063,28729,10,0
2024-05-16,0.90061,0.90624,0.89879,0.90601,24533,10,0
2024-05-17,0.906,0.90975,0.9059,0.90902,18324,14,0
2024-05-19,0.90726,0.90902,0.90726,0.90893,1389,14,0
2024-05-20,0.90893,0.91082,0.90786,0.91011,20649,10,0
2024-05-21,0.91011,0.91158,0.90868,0.91123,23529,10,0
2024-05-22,0.91123,0.91574,0.91066,0.91519,24088,10,0
2024-05-23,0.91519,0.91544,0.91259,0.91441,29632,10,0
2024-05-24,0.91442,0.91576,0.91332,0.91464,20204,14,0
2024-05-26,0.91305,0.91448,0.91279,0.91443,1437,14,0
2024-05-27,0.91443,0.91531,0.91317,0.9132,14130,12,0
2024-05-28,0.91319,0.9133,0.9085,0.91229,25289,10,0
2024-05-29,0.91229,0.91428,0.91123,0.91316,25063,10,0
2024-05-30,0.91316,0.91403,0.90304,0.90335,29776,10,0
2024-05-31,0.90333,0.90684,0.90022,0.90228,28536,14,0
2024-06-02,0.90152,0.90254,0.90109,0.90132,1912,14,0
2024-06-03,0.90132,0.9035,0.89496,0.89504,27190,10,0
2024-06-04,0.89504,0.89711,0.88838,0.89,30789,12,0
2024-06-05,0.89,0.8948,0.89,0.89262,25085,10,0
2024-06-06,0.89262,0.89299,0.88876,0.88968,23403,13,0
2024-06-07,0.88967,0.8972,0.88805,0.8965,27180,14,0
2024-06-09,0.89532,0.89734,0.89491,0.89604,2495,14,0
2024-06-10,0.89603,0.89821,0.89537,0.89652,22494,10,0
2024-06-11,0.89652,0.89924,0.89587,0.89777,20384,12,0
2024-06-12,0.89777,0.89825,0.88926,0.89414,33493,10,0
2024-06-13,0.89414,0.89666,0.89312,0.89395,25720,10,0
2024-06-14,0.89395,0.89471,0.88944,0.89002,30650,14,0
2024-06-16,0.88906,0.89089,0.88803,0.89076,1873,14,0
2024-06-17,0.89076,0.89312,0.88828,0.88839,24179,12,0
2024-06-18,0.88839,0.88992,0.88262,0.88416,28324,12,0
2024-06-19,0.88416,0.88537,0.88333,0.8843,17084,10,0
2024-06-20,0.8843,0.89252,0.88317,0.89145,30415,10,0
2024-06-21,0.89144,0.89485,0.89047,0.89423,23390,14,0
2024-06-23,0.89249,0.89438,0.89197,0.89435,1815,14,0
2024-06-24,0.89435,0.89445,0.89213,0.89316,21239,10,0
2024-06-25,0.89316,0.89527,0.89125,0.89525,19706,12,0
2024-06-26,0.89525,0.89822,0.89461,0.89699,21235,10,0
2024-06-27,0.89699,0.89882,0.8957,0.8985,20620,10,0
2024-06-28,0.8985,0.90092,0.89791,0.89854,24468,14,0
2024-06-30,0.89627,0.90034,0.89604,0.90031,2376,14,0
2024-07-01,0.90031,0.90438,0.89839,0.9032,23611,10,0
2024-07-02,0.9032,0.90493,0.90298,0.9037,20335,10,0
2024-07-03,0.9037,0.90498,0.89852,0.9008,20152,10,0
2024-07-04,0.90081,0.90385,0.89909,0.90023,16752,12,0
2024-07-05,0.90021,0.9006,0.89536,0.89572,22664,14,0
2024-07-07,0.8944,0.89533,0.8939,0.89523,2235,14,0
2024-07-08,0.89523,0.89777,0.89445,0.89774,18981,12,0
2024-07-09,0.89774,0.89897,0.89681,0.89751,19781,10,0
2024-07-10,0.89751,0.90001,0.89634,0.89916,16520,10,0
2024-07-11,0.89915,0.89976,0.89149,0.89607,30093,10,0
2024-07-12,0.89607,0.89694,0.89319,0.8944,23601,14,0
2024-07-14,0.89345,0.89704,0.89315,0.89689,2298,2,0
2024-07-15,0.89689,0.89717,0.89339,0.89548,22728,10,0
2024-07-16,0.89548,0.89781,0.89329,0.89346,20690,12,0
2024-07-17,0.89345,0.89443,0.88196,0.88225,30469,12,0
2024-07-18,0.88225,0.8878,0.88222,0.88744,27854,10,0
2024-07-19,0.88745,0.88992,0.8874,0.88892,20171,14,0
2024-07-21,0.88713,0.88893,0.88668,0.888,1729,14,0
2024-07-22,0.888,0.89015,0.88706,0.88958,20835,10,0
2024-07-23,0.88959,0.89231,0.88878,0.89144,20702,12,0
2024-07-24,0.89145,0.89208,0.88283,0.8851,28819,10,0
2024-07-25,0.8851,0.88533,0.87765,0.88064,38603,12,0
2024-07-26,0.88064,0.88444,0.88018,0.88363,23064,14,0
2024-07-28,0.88241,0.88444,0.88145,0.88442,2085,14,0
2024-07-29,0.88443,0.88708,0.88199,0.88606,22613,12,0
2024-07-30,0.88608,0.88748,0.88177,0.8819,26813,12,0
2024-07-31,0.8819,0.88299,0.87701,0.87818,42675,13,0
2024-08-01,0.8782,0.87822,0.87247,0.87292,38621,10,0
2024-08-02,0.87292,0.87332,0.85733,0.85789,48255,14,0
2024-08-04,0.8569,0.85937,0.85566,0.85638,5057,14,0
2024-08-05,0.85638,0.85724,0.84316,0.85478,93784,10,0
2024-08-06,0.85478,0.85711,0.85007,0.85268,59546,10,0
2024-08-07,0.85268,0.86614,0.85242,0.85998,57656,12,0
2024-08-08,0.85996,0.86734,0.85593,0.86693,55355,12,0
2024-08-09,0.86692,0.86712,0.86318,0.86513,30387,14,0
2024-08-11,0.86333,0.86618,0.86293,0.86498,2740,14,0
2024-08-12,0.86498,0.8711,0.86443,0.8648,34239,10,0
2024-08-13,0.8648,0.86794,0.86364,0.86507,34508,12,0
2024-08-14,0.86504,0.86604,0.86165,0.86498,36401,10,0
2024-08-15,0.86498,0.87478,0.86466,0.87253,33025,12,0
2024-08-16,0.87253,0.87259,0.86589,0.86603,26055,14,0
2024-08-18,0.86521,0.86762,0.86454,0.86759,1621,14,0
2024-08-19,0.86757,0.86769,0.86153,0.86255,23919,10,0
2024-08-20,0.86256,0.86256,0.85206,0.8536,24581,12,0
2024-08-21,0.85357,0.85607,0.84945,0.85112,29899,10,0
2024-08-22,0.85111,0.85334,0.84889,0.85176,25675,10,0
2024-08-23,0.85178,0.85409,0.84701,0.84775,26066,14,0
2024-08-25,0.84686,0.84821,0.84605,0.84715,2185,12,0
2024-08-26,0.84717,0.84853,0.84555,0.84709,21845,9,0
2024-08-27,0.84707,0.84836,0.84088,0.84164,23136,9,0
2024-08-28,0.84166,0.84514,0.84102,0.84177,23594,9,0
2024-08-29,0.84179,0.84926,0.83996,0.84694,26670,9,0
2024-08-30,0.84693,0.85099,0.84664,0.84997,22261,12,0
2024-09-01,0.84879,0.85098,0.84811,0.85069,2128,12,0
2024-09-02,0.85067,0.8537,0.84844,0.85136,21291,9,0
2024-09-03,0.85137,0.85371,0.84775,0.84988,37832,11,0
2024-09-04,0.84989,0.8518,0.84552,0.84606,39530,9,0
2024-09-05,0.84606,0.84903,0.84334,0.84381,38284,10,0
2024-09-06,0.84378,0.84751,0.83742,0.84312,53410,12,0
2024-09-08,0.84319,0.84414,0.84157,0.84401,2929,12,0
2024-09-09,0.844,0.84953,0.84352,0.84942,32632,9,0
2024-09-10,0.84943,0.84982,0.84558,0.8466,32145,11,0
2024-09-11,0.84662,0.85291,0.84215,0.85263,46367,9,0
2024-09-12,0.85263,0.85492,0.84971,0.84981,38827,10,0
2024-09-13,0.84981,0.85006,0.84435,0.84909,34030,12,0
2024-09-15,0.84637,0.84858,0.84637,0.84809,1944,12,0
2024-09-16,0.84809,0.84809,0.84338,0.84459,32386,10,0
2024-09-17,0.84458,0.84764,0.84291,0.84634,35149,10,0
2024-09-18,0.84633,0.84793,0.83907,0.84728,46435,10,0
2024-09-19,0.84729,0.85141,0.84488,0.84781,51369,11,0
2024-09-20,0.8478,0.85162,0.84511,0.85023,43205,12,0
2024-09-22,0.84865,0.85102,0.8486,0.85102,2265,12,0
2024-09-23,0.85104,0.85175,0.84561,0.84727,37867,10,0
2024-09-24,0.84727,0.84893,0.84152,0.84153,39094,11,0
2024-09-25,0.84154,0.85073,0.84146,0.85069,38003,10,0
2024-09-26,0.85069,0.85156,0.84525,0.84631,50794,10,0
2024-09-27,0.84631,0.84925,0.84011,0.8404,53942,12,0
2024-09-29,0.83941,0.84144,0.83941,0.84137,2465,12,0
2024-09-30,0.84137,0.84731,0.84059,0.8453,49902,12,0
2024-10-01,0.8453,0.84818,0.84307,0.84619,55048,10,0
2024-10-02,0.84618,0.8507,0.84485,0.84992,39927,10,0
2024-10-03,0.84992,0.85423,0.84888,0.85179,49193,12,0
2024-10-04,0.85179,0.86069,0.84997,0.85803,42290,12,0
2024-10-06,0.85729,0.85948,0.85693,0.85874,2360,12,0
2024-10-07,0.85874,0.85899,0.85305,0.85453,40226,10,0
2024-10-08,0.85453,0.85836,0.85297,0.85732,36214,10,0
2024-10-09,0.85734,0.86096,0.85648,0.86043,30508,10,0
2024-10-10,0.86043,0.86145,0.85582,0.85658,43062,11,0
2024-10-11,0.85658,0.85842,0.85583,0.85719,26451,12,0
2024-10-13,0.85579,0.85831,0.85573,0.85821,1647,12,0
2024-10-14,0.85821,0.86411,0.85792,0.86234,25251,10,0
2024-10-15,0.86234,0.86364,0.86063,0.86257,30018,11,0
2024-10-16,0.86257,0.86574,0.86136,0.86538,27035,10,0
2024-10-17,0.86538,0.86689,0.86293,0.86603,32008,10,0
2024-10-18,0.86601,0.86689,0.86453,0.86467,24353,12,0
2024-10-20,0.86367,0.86506,0.86334,0.86492,1649,12,0
2024-10-21,0.86494,0.86634,0.86328,0.86553,25678,10,0
2024-10-22,0.86553,0.86624,0.86449,0.86553,27744,12,0
2024-10-23,0.86553,0.86854,0.86552,0.86675,27314,10,0
2024-10-24,0.86675,0.86713,0.86501,0.86591,30508,12,0
2024-10-25,0.86589,0.86738,0.86499,0.86674,23925,12,0
2024-10-27,0.86599,0.86854,0.86599,0.86843,2588,12,0
2024-10-28,0.86845,0.86994,0.86461,0.86465,28309,10,0
2024-10-29,0.86465,0.86976,0.86429,0.8672,30270,10,0
2024-10-30,0.86721,0.86932,0.86534,0.86641,32396,10,0
2024-10-31,0.86641,0.86646,0.8632,0.86353,38016,12,0
2024-11-01,0.86353,0.87108,0.86316,0.86976,35059,12,0
2024-11-03,0.86636,0.86805,0.86622,0.8676,1617,12,0
2024-11-04,0.8676,0.86762,0.86147,0.86416,31469,12,0
2024-11-05,0.86414,0.86471,0.86157,0.86244,27849,12,0
2024-11-06,0.86244,0.8773,0.86195,0.87567,93293,10,0
2024-11-07,0.87567,0.8774,0.87091,0.8727,46130,12,0
2024-11-08,0.87269,0.87684,0.87007,0.8756,35560,12,0
2024-11-10,0.87462,0.87646,0.87393,0.87608,1989,12,0
2024-11-11,0.87609,0.88092,0.87576,0.88027,29397,11,0
2024-11-12,0.88027,0.88357,0.88023,0.88211,35241,10,0
2024-11-13,0.88211,0.8863,0.87971,0.88569,41514,10,0
2024-11-14,0.88569,0.89171,0.88545,0.89044,43413,10,0
2024-11-15,0.89043,0.89073,0.88588,0.88811,43046,12,0
2024-11-17,0.88636,0.88864,0.88633,0.88842,1605,12,0
2024-11-18,0.88841,0.88855,0.88288,0.88321,34448,10,0
2024-11-19,0.88321,0.88443,0.8801,0.88205,42114,12,0
2024-11-20,0.88206,0.88614,0.88172,0.88363,31314,10,0
2024-11-21,0.88363,0.88697,0.88205,0.88681,38023,10,0
2024-11-22,0.88681,0.89568,0.88511,0.89417,46002,12,0
2024-11-24,0.88915,0.89172,0.88915,0.89049,2857,12,0
2024-11-25,0.89048,0.89164,0.8848,0.8888,43312,10,0
2024-11-26,0.88879,0.88938,0.88417,0.88612,47386,10,0
2024-11-27,0.88612,0.88616,0.87973,0.88229,44406,10,0
2024-11-28,0.88229,0.88476,0.88222,0.88238,25853,10,0
2024-11-29,0.88238,0.88271,0.87949,0.88099,36891,12,0
2024-12-01,0.8795,0.88267,0.87927,0.88207,2731,12,0
2024-12-02,0.8821,0.88888,0.88199,0.88626,43774,10,0
2024-12-03,0.88629,0.88883,0.88293,0.88632,37486,10,0
2024-12-04,0.88632,0.8879,0.88262,0.88371,40245,12,0
2024-12-05,0.88371,0.88526,0.87785,0.87827,35460,10,0
2024-12-06,0.87827,0.87965,0.87355,0.87858,36742,12,0
2024-12-08,0.87754,0.87895,0.87732,0.87876,1630,12,0
2024-12-09,0.8791,0.88035,0.87585,0.87857,26074,10,0
2024-12-10,0.87858,0.88322,0.87706,0.88271,31278,12,0
2024-12-11,0.8827,0.88536,0.88108,0.88323,37926,10,0
2024-12-12,0.88323,0.89273,0.88162,0.89196,44621,12,0
2024-12-13,0.89198,0.89451,0.89143,0.89275,28175,12,0
2024-12-15,0.89178,0.89273,0.89131,0.89172,1645,12,0
2024-12-16,0.89172,0.89482,0.88983,0.89398,29910,10,0
2024-12-17,0.89398,0.89747,0.89144,0.89244,30498,10,0
2024-12-18,0.89244,0.90212,0.89169,0.90166,37329,11,0
2024-12-19,0.90164,0.90164,0.89513,0.89897,45328,10,0
2024-12-20,0.89896,0.89897,0.89129,0.89299,38520,12,0
2024-12-22,0.89102,0.89322,0.89086,0.89302,2020,12,0
2024-12-23,0.89304,0.90011,0.89271,0.89853,26986,10,0
2024-12-24,0.89854,0.90109,0.89824,0.90001,20828,12,0
2024-12-25,0.8984,0.90005,0.89813,0.89939,1650,12,0
2024-12-26,0.8994,0.90097,0.89832,0.89896,19844,10,0
2024-12-27,0.89896,0.90269,0.89883,0.90206,21783,12,0
2024-12-29,0.90009,0.90201,0.89992,0.90179,1360,12,0
2024-12-30,0.90179,0.90734,0.90097,0.90328,26775,10,0
2024-12-31,0.90328,0.90798,0.90227,0.9075,24399,12,0
2025-01-01,0.90507,0.90777,0.90469,0.90767,1510,12,0
2025-01-02,0.90768,0.91365,0.90385,0.91203,33686,10,0
2025-01-03,0.91203,0.91241,0.908,0.90842,23514,12,0
2025-01-05,0.90766,0.90938,0.90737,0.90933,1190,12,0
2025-01-06,0.90935,0.91045,0.90082,0.90492,42356,10,0
2025-01-07,0.90492,0.90974,0.90225,0.90951,36988,10,0
2025-01-08,0.90951,0.91278,0.90872,0.91099,34027,12,0
2025-01-09,0.91099,0.91306,0.90977,0.91205,26402,10,0
2025-01-10,0.91205,0.9188,0.91143,0.9164,36068,12,0
2025-01-12,0.91509,0.91691,0.91465,0.91689,1708,12,0
2025-01-13,0.91689,0.92004,0.91513,0.91584,34503,11,0
2025-01-14,0.91584,0.91732,0.91206,0.91247,37323,10,0
2025-01-15,0.91247,0.91458,0.90801,0.9121,36318,10,0
2025-01-16,0.9121,0.91359,0.90997,0.91114,37432,11,0
2025-01-17,0.91114,0.91533,0.90958,0.91492,31732,12,0
2025-01-19,0.91265,0.91517,0.91264,0.91444,1617,12,0
2025-01-20,0.91445,0.91466,0.90553,0.90608,43442,10,0
2025-01-21,0.90609,0.9114,0.90511,0.90664,45898,10,0
2025-01-22,0.90667,0.90748,0.90323,0.90635,33591,10,0
2025-01-23,0.90637,0.9108,0.90564,0.90743,35491,12,0
2025-01-24,0.90745,0.90758,0.90271,0.90606,40626,12,0
2025-01-26,0.90489,0.90693,0.90466,0.9068,1876,12,0
2025-01-27,0.9068,0.90725,0.89648,0.90442,46036,10,0
2025-01-28,0.90441,0.907,0.90362,0.90421,35523,12,0
2025-01-29,0.90421,0.90945,0.90312,0.90632,38775,11,0
2025-01-30,0.90632,0.91031,0.90584,0.90954,38620,11,0
2025-01-31,0.90957,0.91152,0.90711,0.91119,42912,12,0
2025-02-02,0.91295,0.9159,0.91248,0.9151,3762,12,0
2025-02-03,0.91511,0.91961,0.90925,0.91152,64426,10,0
2025-02-04,0.91152,0.91306,0.90449,0.90543,37203,10,0
2025-02-05,0.90541,0.90587,0.90012,0.90143,35651,11,0
2025-02-06,0.90142,0.90616,0.90073,0.90512,31060,12,0
2025-02-07,0.90512,0.91057,0.90463,0.9099,38896,12,0
2025-02-09,0.90909,0.91112,0.90905,0.91088,2028,12,0
2025-02-10,0.9109,0.91217,0.90932,0.91135,26608,12,0
2025-02-11,0.91134,0.91401,0.91098,0.91301,25674,10,0
2025-02-12,0.91302,0.91551,0.91024,0.91341,35494,10,0
2025-02-13,0.91341,0.91398,0.90266,0.90323,39434,10,0
2025-02-14,0.90326,0.90484,0.89717,0.89962,30330,12,0
2025-02-16,0.89715,0.9001,0.89715,0.89985,2313,12,0
2025-02-17,0.89985,0.90173,0.89911,0.90072,21899,10,0
2025-02-18,0.90072,0.90406,0.89953,0.90359,25226,11,0
2025-02-19,0.9036,0.90539,0.90232,0.90455,26112,10,0
2025-02-20,0.90455,0.90455,0.89754,0.89818,29103,10,0
2025-02-21,0.89817,0.90044,0.89673,0.89762,29999,12,0
2025-02-23,0.89633,0.89847,0.89572,0.89845,2307,12,0
2025-02-24,0.89844,0.89975,0.89533,0.89735,31676,10,0
2025-02-25,0.89733,0.89776,0.89117,0.89242,31150,10,0
2025-02-26,0.8924,0.8964,0.8916,0.89442,32839,10,0
2025-02-27,0.89442,0.9005,0.89442,0.90002,35302,12,0
2025-02-28,0.90001,0.90355,0.89822,0.90306,35572,12,0
2025-03-02,0.90166,0.90297,0.90123,0.90261,1857,12,0
2025-03-03,0.90262,0.90305,0.89598,0.89681,37119,12,0
2025-03-04,0.89681,0.8971,0.88713,0.8899,49474,10,0
2025-03-05,0.8899,0.8914,0.88553,0.89072,49877,10,0
2025-03-06,0.89072,0.89252,0.88249,0.88336,50413,10,0
2025-03-07,0.88337,0.88339,0.87668,0.87978,45642,12,0
2025-03-09,0.87856,0.8803,0.87667,0.87729,3536,12,0
2025-03-10,0.87728,0.88211,0.87576,0.87997,39591,11,0
2025-03-11,0.87998,0.88351,0.87723,0.88333,48556,10,0
2025-03-12,0.88334,0.88516,0.87996,0.88179,33982,10,0
2025-03-13,0.88179,0.88543,0.88031,0.88263,34288,10,0
2025-03-14,0.88263,0.88634,0.88214,0.88495,29773,12,0
2025-03-16,0.8837,0.88527,0.8835,0.88411,2070,12,0
2025-03-17,0.88411,0.88473,0.87973,0.88131,27545,11,0
2025-03-18,0.88131,0.88181,0.87588,0.87677,26948,10,0
2025-03-19,0.87678,0.88086,0.87644,0.87649,29478,12,0
2025-03-20,0.87649,0.88422,0.87552,0.8817,34984,10,0
2025-03-21,0.88169,0.88394,0.87962,0.88311,25447,12,0
2025-03-23,0.88187,0.88338,0.88138,0.88287,1662,12,0
2025-03-24,0.88286,0.8845,0.87992,0.88274,26205,12,0
2025-03-25,0.88274,0.88482,0.88001,0.88256,23432,10,0
2025-03-26,0.88255,0.88502,0.88249,0.8842,26197,12,0
2025-03-27,0.88419,0.88471,0.88033,0.8816,29032,10,0
2025-03-28,0.8816,0.88339,0.87989,0.88074,24037,12,0
2025-03-30,0.8783,0.88142,0.87791,0.88084,2751,12,0
2025-03-31,0.88084,0.88547,0.87808,0.88389,29921,10,0
2025-04-01,0.88388,0.88432,0.88164,0.88368,26609,10,0
2025-04-02,0.88367,0.8848,0.87635,0.87687,39166,12,0
2025-04-03,0.87689,0.87901,0.85468,0.85917,76357,10,0
2025-04-04,0.85917,0.8625,0.84762,0.86069,92204,12,0
2025-04-06,0.85355,0.8559,0.84959,0.85163,10521,12,0
2025-04-07,0.85161,0.86735,0.84506,0.85971,124012,10,0
2025-04-08,0.85969,0.8601,0.84486,0.846,78670,10,0
2025-04-09,0.84602,0.85826,0.8359,0.85551,126823,10,0
2025-04-10,0.8555,0.85743,0.82044,0.82085,98687,12,0
2025-04-11,0.82087,0.82567,0.80991,0.81515,135030,12,0
2025-04-13,0.81699,0.81932,0.8168,0.81812,4731,12,0
2025-04-14,0.81813,0.82679,0.81184,0.81623,82380,12,0
2025-04-15,0.81625,0.82386,0.81317,0.82055,56071,12,0
2025-04-16,0.82053,0.82073,0.81205,0.81386,70798,12,0
2025-04-17,0.81387,0.82307,0.81367,0.81884,57529,10,0
2025-04-18,0.81884,0.81946,0.81511,0.81574,60146,75,0
2025-04-20,0.81563,0.81683,0.812,0.81246,5433,12,0
2025-04-21,0.81246,0.81251,0.80388,0.80907,54164,12,0
2025-04-22,0.80907,0.82866,0.80665,0.82612,72156,12,0
2025-04-23,0.82613,0.83108,0.81968,0.82963,78683,12,0
2025-04-24,0.82963,0.83015,0.82393,0.82849,51377,12,0
2025-04-25,0.82848,0.83342,0.82661,0.82769,48498,12,0
2025-04-27,0.82741,0.82914,0.82641,0.82847,2908,12,0
2025-04-28,0.82848,0.83184,0.81955,0.82125,45072,11,0
2025-04-29,0.82125,0.82636,0.82076,0.82325,47706,12,0
2025-04-30,0.82323,0.82725,0.82136,0.82609,47593,12,0
2025-05-01,0.82609,0.83327,0.82537,0.82895,44557,12,0
2025-05-02,0.82895,0.83177,0.82052,0.8267,51722,12,0
2025-05-04,0.82493,0.82611,0.82379,0.82422,2880,12,0
2025-05-05,0.82422,0.82744,0.82137,0.82217,42674,12,0
2025-05-06,0.82216,0.82655,0.82126,0.82587,48224,12,0
2025-05-07,0.82587,0.82716,0.81851,0.82408,50032,12,0
2025-05-08,0.82409,0.83316,0.82234,0.83162,52699,12,0
2025-05-09,0.83164,0.83406,0.82691,0.83135,36516,12,0
2025-05-11,0.8327,0.83455,0.83255,0.83396,3363,12,0
2025-05-12,0.83397,0.84755,0.83306,0.84483,65129,12,0
2025-05-13,0.84483,0.84493,0.83857,0.83945,44108,12,0
2025-05-14,0.83945,0.84351,0.83241,0.84131,54072,12,0
2025-05-15,0.8413,0.84177,0.83457,0.83485,46902,12,0
2025-05-16,0.83485,0.84004,0.83262,0.83753,37264,12,0
2025-05-18,0.83578,0.83721,0.83424,0.83526,3583,12,0
2025-05-19,0.83528,0.83651,0.83181,0.83505,47078,12,0
2025-05-20,0.83505,0.8362,0.82569,0.8267,41850,12,0
2025-05-21,0.82671,0.82682,0.82091,0.82486,53312,12,0
2025-05-22,0.82485,0.83059,0.82338,0.82834,46123,12,0
2025-05-23,0.82832,0.82881,0.82041,0.82121,48217,12,0
2025-05-25,0.81951,0.82272,0.81945,0.82237,3529,12,0
2025-05-26,0.82235,0.82323,0.81922,0.82035,30726,12,0
2025-05-27,0.82035,0.82795,0.81874,0.82714,39084,12,0
2025-05-28,0.82712,0.8347,0.82445,0.83264,44231,12,0
2025-05-29,0.83263,0.83469,0.82176,0.82201,53232,12,0
2025-05-30,0.82202,0.82485,0.81989,0.82268,46533,12,0
2025-06-01,0.82168,0.82278,0.82092,0.82224,3277,12,0
2025-06-02,0.82224,0.82299,0.81564,0.81591,40912,12,0
2025-06-03,0.81591,0.8247,0.81581,0.82296,37414,12,0
2025-06-04,0.82295,0.82498,0.81697,0.81814,39023,12,0
2025-06-05,0.81814,0.82141,0.81718,0.81929,47923,12,0
2025-06-06,0.8193,0.82476,0.81917,0.82207,37443,12,0
2025-06-08,0.82099,0.82192,0.82065,0.82132,1873,12,0
2025-06-09,0.82132,0.82253,0.8192,0.82128,27486,12,0
2025-06-10,0.82129,0.82413,0.82031,0.82204,35910,12,0
2025-06-11,0.82204,0.82341,0.81829,0.81846,36079,12,0
2025-06-12,0.81846,0.81882,0.80761,0.80762,44511,12,0
2025-06-13,0.80764,0.81477,0.80556,0.8111,55779,12,0
2025-06-15,0.81013,0.81235,0.80976,0.81186,5754,12,0
2025-06-16,0.81186,0.81462,0.80885,0.81352,37071,12,0
2025-06-17,0.81351,0.81725,0.81199,0.81685,38506,12,0
2025-06-18,0.81687,0.81987,0.81533,0.81913,39529,12,0
2025-06-19,0.81913,0.82146,0.81556,0.81636,34301,12,0
2025-06-20,0.81638,0.81836,0.81515,0.81804,31155,12,0
2025-06-22,0.81584,0.81859,0.8157,0.81778,4611,12,0
2025-06-23,0.81777,0.81945,0.81145,0.81267,47843,12,0
2025-06-24,0.81267,0.81306,0.8034,0.80516,40965,12,0
2025-06-25,0.80518,0.80796,0.80363,0.80378,29698,12,0
2025-06-26,0.80378,0.80431,0.79777,0.80079,39897,12,0
2025-06-27,0.80079,0.80176,0.79572,0.79883,35993,12,0
2025-06-29,0.79745,0.79916,0.79709,0.7983,2422,12,0
2025-06-30,0.79829,0.7994,0.79257,0.79282,35213,12,0
2025-07-01,0.79282,0.79429,0.78716,0.79069,37893,12,0
2025-07-02,0.79069,0.7941,0.79028,0.7917,31517,12,0
2025-07-03,0.7917,0.79861,0.79002,0.79426,32373,12,0
2025-07-04,0.79427,0.79519,0.79214,0.79416,33755,12,0
2025-07-06,0.79327,0.79475,0.79283,0.79414,2455,12,0
2025-07-07,0.79414,0.79903,0.7935,0.79712,29720,12,0
2025-07-08,0.79712,0.79941,0.79523,0.79594,29382,12,0
2025-07-09,0.79593,0.79783,0.79249,0.79263,28528,12,0
2025-07-10,0.79263,0.7987,0.79191,0.7967,26957,12,0
2025-07-11,0.7967,0.79815,0.79534,0.79649,27042,12,0
2025-07-13,0.79535,0.79753,0.79535,0.79672,3084,12,0
2025-07-14,0.79672,0.79842,0.79548,0.79806,25967,12,0
2025-07-15,0.79806,0.80241,0.79532,0.80141,29241,12,0
2025-07-16,0.8014,0.80609,0.79467,0.80092,52615,12,0
2025-07-17,0.80093,0.80639,0.80082,0.8029,31762,12,0
2025-07-18,0.80289,0.80362,0.79848,0.80156,25418,12,0
2025-07-20,0.79916,0.80169,0.79893,0.80119,2652,12,0
2025-07-21,0.80119,0.80217,0.79653,0.79807,26015,12,0
2025-07-22,0.79807,0.79912,0.79188,0.79369,29681,12,0
2025-07-23,0.79369,0.79487,0.79103,0.79216,34731,12,0
2025-07-24,0.79217,0.79601,0.79152,0.79486,32376,12,0
2025-07-25,0.79485,0.79789,0.79467,0.79496,27790,12,0
2025-07-27,0.79447,0.79566,0.79389,0.79542,2256,12,0
2025-07-28,0.79541,0.80376,0.7944,0.8032,34046,12,0
2025-07-29,0.80319,0.80786,0.80247,0.80541,34549,12,0
2025-07-30,0.80539,0.81504,0.80378,0.81325,41425,12,0
2025-07-31,0.81325,0.81439,0.81115,0.81394,36261,12,0
2025-08-01,0.81394,0.81705,0.80259,0.80403,53864,12,0
2025-08-03,0.80272,0.80461,0.80222,0.80394,3308,12,0
2025-08-04,0.80395,0.8096,0.80382,0.80705,39256,12,0
2025-08-05,0.80704,0.81174,0.80649,0.80696,33232,12,0
2025-08-06,0.80695,0.80932,0.80485,0.80601,31871,12,0
2025-08-07,0.80601,0.80888,0.80424,0.80563,36183,12,0
2025-08-08,0.80561,0.80884,0.80546,0.80837,26409,12,0
2025-08-10,0.8064,0.80811,0.80601,0.80751,2163,12,0
2025-08-11,0.80751,0.81312,0.80607,0.81202,23880,12,0
2025-08-12,0.81203,0.81227,0.80598,0.80615,38815,12,0
2025-08-13,0.80615,0.80713,0.80218,0.80473,27737,12,0
2025-08-14,0.80472,0.80917,0.80439,0.80756,32119,12,0
2025-08-15,0.80755,0.80791,0.80454,0.80676,24291,12,0
2025-08-17,0.80456,0.80687,0.80434,0.80651,2308,12,0
2025-08-18,0.80651,0.80803,0.80541,0.80739,23886,12,0
2025-08-19,0.80739,0.80849,0.80468,0.80779,24661,12,0
2025-08-20,0.80779,0.80925,0.80304,0.80407,27771,12,0
2025-08-21,0.80406,0.809,0.80401,0.80867,27271,12,0
2025-08-22,0.80867,0.81033,0.79997,0.8014,30043,12,0
2025-08-24,0.79964,0.80261,0.79948,0.80241,2649,13,0
2025-08-25,0.80242,0.80705,0.80157,0.80621,23339,13,0
2025-08-26,0.80621,0.8072,0.80252,0.8038,33076,13,0
2025-08-27,0.8038,0.80758,0.80144,0.80153,25101,13,0
2025-08-28,0.80152,0.803,0.79935,0.80175,26851,13,0
2025-08-29,0.80174,0.80345,0.79852,0.80061,25350,13,0
2025-08-31,0.7982,0.80109,0.79819,0.80061,2011,13,0
2025-09-01,0.80063,0.80166,0.79859,0.80021,20910,13,0
2025-09-02,0.80021,0.80602,0.80013,0.80527,33765,13,0
2025-09-03,0.80527,0.80673,0.80268,0.80381,29179,13,0
2025-09-04,0.80381,0.80715,0.80344,0.80512,28185,13,0
2025-09-05,0.80512,0.80543,0.79556,0.79802,31074,13,0
2025-09-07,0.79709,0.7995,0.79612,0.79922,3050,13,0
2025-09-08,0.79922,0.79936,0.79256,0.79281,25449,13,0
2025-09-09,0.79281,0.79788,0.79151,0.79744,30251,13,0
2025-09-10,0.79744,0.7994,0.79609,0.7987,27372,13,0
2025-09-11,0.7987,0.80074,0.79482,0.79595,29734,13,0
2025-09-12,0.79595,0.79859,0.79547,0.79656,19497,13,0
2025-09-14,0.79526,0.79675,0.79495,0.7967,1919,13,0
2025-09-15,0.79671,0.79722,0.7936,0.79468,18947,13,0
2025-09-16,0.79468,0.79478,0.78518,0.78593,28757,13,0
2025-09-17,0.78592,0.78929,0.78289,0.78834,34986,13,0
2025-09-18,0.78834,0.7937,0.78713,0.79251,34099,13,0
2025-09-19,0.79251,0.79654,0.79196,0.79545,28345,13,0
2025-09-21,0.79309,0.79623,0.79268,0.79618,2401,13,0
2025-09-22,0.7962,0.79723,0.7918,0.79239,24192,13,0
2025-09-23,0.79239,0.79329,0.7908,0.79138,29038,13,0
2025-09-24,0.79138,0.7957,0.79125,0.7948,26128,13,0
2025-09-25,0.7948,0.80134,0.79425,0.80006,30645,13,0
2025-09-26,0.80006,0.80067,0.79729,0.79803,24657,13,0
2025-09-28,0.79621,0.79808,0.79599,0.79747,2061,13,0
2025-09-29,0.79748,0.79868,0.79513,0.79737,25390,13,0
2025-09-30,0.79739,0.7985,0.79387,0.7964,28681,13,0
2025-10-01,0.7964,0.79896,0.79281,0.79693,36580,13,0
2025-10-02,0.79694,0.79994,0.79509,0.79704,26721,13,0
2025-10-03,0.79703,0.79798,0.79467,0.79518,23746,13,0
2025-10-05,0.79471,0.79769,0.79471,0.79721,3661,13,0
2025-10-06,0.7972,0.79933,0.79435,0.79495,30197,13,0
2025-10-07,0.79494,0.79908,0.79487,0.79863,25420,13,0
2025-10-08,0.79863,0.80285,0.79854,0.80153,28090,13,0
2025-10-09,0.80153,0.80757,0.80022,0.80622,30084,13,0
2025-10-10,0.80622,0.80667,0.79872,0.79912,31448,13,0
2025-10-12,0.79943,0.80376,0.79918,0.80229,4483,13,0
2025-10-13,0.80231,0.80571,0.79997,0.80429,29003,13,0
2025-10-14,0.80429,0.80496,0.80019,0.80142,34911,13,0
2025-10-15,0.80142,0.80153,0.79563,0.79655,28050,13,0
2025-10-16,0.79655,0.79841,0.79168,0.79192,33585,13,0
2025-10-17,0.79192,0.79369,0.78725,0.79355,40077,13,0
2025-10-19,0.79083,0.7941,0.79083,0.79361,1926,13,0
2025-10-20,0.7936,0.79428,0.79058,0.79244,23985,13,0
2025-10-21,0.79244,0.79685,0.7914,0.79673,32349,13,0
2025-10-22,0.79674,0.79733,0.79481,0.79613,26800,13,0
2025-10-23,0.79614,0.79863,0.79486,0.79507,19805,13,0
2025-10-24,0.79507,0.79679,0.79343,0.79556,23604,13,0
2025-10-26,0.79537,0.79669,0.79467,0.79606,2423,13,0
2025-10-27,0.79606,0.79725,0.79436,0.79461,21221,13,0
2025-10-28,0.79461,0.79666,0.79244,0.79282,23280,13,0
2025-10-29,0.79284,0.80197,0.79251,0.80006,33734,13,0
2025-10-30,0.80007,0.80363,0.79753,0.80157,29040,13,0
2025-10-31,0.80159,0.80513,0.80086,0.80447,22753,13,0
2025-11-02,0.80414,0.80511,0.80385,0.80491,2158,13,0
2025-11-03,0.8049,0.80909,0.8038,0.80813,20909,13,0
2025-11-04,0.80813,0.81075,0.80668,0.81029,23121,13,0
2025-11-05,0.81029,0.81237,0.8079,0.80982,23794,13,0
2025-11-06,0.80983,0.81008,0.80598,0.80612,21683,13,0
2025-11-07,0.80611,0.80836,0.80317,0.80499,21194,13,0
2025-11-09,0.80416,0.80721,0.80393,0.80705,2228,13,0
2025-11-10,0.80705,0.80707,0.80436,0.80515,21723,13,0
2025-11-11,0.80515,0.8061,0.79859,0.8003,20793,13,0
2025-11-12,0.8003,0.80108,0.79672,0.79781,19575,13,0
2025-11-13,0.79781,0.79934,0.7908,0.7932,25544,13,0
2025-11-14,0.79321,0.79473,0.78777,0.79394,28602,13,0
2025-11-16,0.79288,0.79447,0.79235,0.79427,1161,13,0
2025-11-17,0.79427,0.79652,0.79313,0.79624,20399,13,0
2025-11-18,0.79624,0.80029,0.79372,0.80016,24063,13,0
2025-11-19,0.80016,0.80663,0.79852,0.80538,27155,13,0
2025-11-20,0.80538,0.80772,0.80483,0.8055,30760,13,0
2025-11-21,0.8055,0.80978,0.80353,0.80846,29872,13,0
2025-11-23,0.80646,0.80891,0.80631,0.80865,1256,13,0
2025-11-24,0.80865,0.81011,0.80599,0.80847,22023,13,0
2025-11-25,0.80847,0.81015,0.80572,0.80788,25183,13,0
2025-11-26,0.80787,0.80829,0.80337,0.80341,27882,13,0
2025-11-27,0.80341,0.80619,0.80259,0.80455,14988,13,0
2025-11-28,0.80456,0.80709,0.80244,0.80332,51220,13,0
2025-11-30,0.80248,0.8038,0.80232,0.80333,1637,13,0
2025-12-01,0.80332,0.80484,0.79959,0.80474,27015,13,0
2025-12-02,0.80474,0.80524,0.80261,0.80277,19343,13,0
2025-12-03,0.80277,0.80281,0.79913,0.79975,21801,13,0
2025-12-04,0.79974,0.8039,0.79948,0.80369,22110,13,0
2025-12-05,0.80368,0.80547,0.80186,0.80458,21388,13,0
2025-12-07,0.80373,0.80495,0.80243,0.80479,2971,13,0
2025-12-08,0.80479,0.8085,0.80275,0.80662,20652,13,0
2025-12-09,0.80662,0.80816,0.80493,0.80598,22056,13,0
2025-12-10,0.80598,0.80644,0.79912,0.79927,25942,13,0
2025-12-11,0.79926,0.80006,0.79239,0.79457,25906,13,0
2025-12-12,0.79458,0.79642,0.79415,0.79595,20055,13,0
2025-12-14,0.79427,0.79614,0.7941,0.79614,1423,13,0
2025-12-15,0.79613,0.7973,0.79379,0.79616,21905,13,0
2025-12-16,0.79616,0.79702,0.79259,0.79525,27077,13,0
2025-12-17,0.79524,0.79868,0.79349,0.79519,23739,13,0
2025-12-18,0.79519,0.79654,0.79244,0.79405,24494,13,0
2025-12-19,0.79405,0.79618,0.79402,0.79561,21591,13,0
2025-12-21,0.79378,0.79586,0.79348,0.7954,1828,13,0
2025-12-22,0.79543,0.79547,0.79139,0.79149,20588,13,0
2025-12-23,0.79149,0.7915,0.78662,0.78751,24275,13,0
2025-12-24,0.78751,0.78961,0.78608,0.78789,19730,13,0
2025-12-25,0.78628,0.78828,0.78547,0.7881,3316,13,0
2025-12-26,0.78809,0.79024,0.78757,0.78932,20716,13,0
2025-12-28,0.78748,0.78958,0.78653,0.78917,2956,13,0
2025-12-29,0.78917,0.79152,0.78729,0.7888,25036,13,0
2025-12-30,0.78881,0.79233,0.78758,0.79184,19054,13,0
2025-12-31,0.79184,0.79415,0.79155,0.79247,20332,13,0
2026-01-01,0.79198,0.79254,0.79129,0.79198,1082,13,0
2026-01-02,0.79197,0.79406,0.79009,0.79221,18926,13,0
2026-01-04,0.79067,0.79342,0.79067,0.79323,1146,13,0
2026-01-05,0.79321,0.7967,0.7912,0.79218,27554,13,0
2026-01-06,0.79218,0.7959,0.79057,0.79569,22514,13,0
2026-01-07,0.79569,0.79786,0.79438,0.79767,22755,13,0
2026-01-08,0.79767,0.7999,0.79677,0.79899,19354,13,0
2026-01-09,0.79898,0.80169,0.79857,0.80119,23768,13,0
2026-01-11,0.80028,0.80171,0.79954,0.80162,762,13,0
2026-01-12,0.80162,0.80168,0.79555,0.79724,26732,13,0
2026-01-13,0.79724,0.80152,0.79669,0.80108,24377,13,0
2026-01-14,0.80108,0.80268,0.79832,0.79975,23769,13,0
2026-01-15,0.79975,0.80401,0.79947,0.80334,21905,13,0
2026-01-16,0.80334,0.80389,0.80056,0.80292,19733,13,0
2026-01-18,0.80023,0.8025,0.79794,0.7987,3558,13,0
2026-01-19,0.7987,0.80035,0.7962,0.79787,23272,13,0
2026-01-20,0.79786,0.79836,0.78778,0.78961,36490,13,0
2026-01-21,0.78962,0.79681,0.78894,0.79631,34553,13,0
2026-01-22,0.79632,0.79632,0.7887,0.78905,26426,13,0
2026-01-23,0.78905,0.79139,0.77879,0.78036,30949,13,0
2026-01-25,0.7745,0.77816,0.77366,0.77795,3459,13,0
2026-01-26,0.77792,0.77931,0.77302,0.77729,43196,13,0
2026-01-27,0.77729,0.77836,0.76034,0.76283,52351,13,0
2026-01-28,0.76284,0.77266,0.76284,0.76545,56034,13,0
2026-01-29,0.76543,0.77055,0.76362,0.76435,50542,13,0
2026-01-30,0.76436,0.77314,0.76382,0.77289,54135,13,0
2026-02-01,0.77116,0.77467,0.77083,0.77367,2824,13,0
2026-02-02,0.77367,0.78167,0.77138,0.77899,49267,13,0
2026-02-03,0.77899,0.77908,0.77383,0.77575,34332,13,0
2026-02-04,0.77575,0.77754,0.77451,0.77731,33371,13,0
2026-02-05,0.77729,0.77865,0.77415,0.77774,36146,13,0
2026-02-06,0.77774,0.77853,0.77503,0.77572,24981,13,0
2026-02-08,0.77438,0.7771,0.77438,0.77583,1718,13,0
2026-02-09,0.77582,0.77646,0.7657,0.76698,33357,13,0
2026-02-10,0.76701,0.76879,0.76285,0.76862,29918,13,0
2026-02-11,0.76862,0.77296,0.76477,0.77118,39946,13,0
2026-02-12,0.77118,0.77244,0.76666,0.76946,35864,13,0
2026-02-13,0.76948,0.77174,0.76698,0.76756,28000,13,0
2026-02-15,0.76664,0.76865,0.76609,0.76832,1239,13,0
2026-02-16,0.76829,0.7704,0.76782,0.76966,15719,13,0
2026-02-17,0.76966,0.77392,0.76873,0.77011,26144,13,0
2026-02-18,0.77022,0.77314,0.76992,0.77243,22194,13,0
2026-02-19,0.77242,0.7762,0.772,0.77539,24487,13,0
2026-02-20,0.77538,0.77714,0.77304,0.77585,32260,13,0
2026-02-22,0.77327,0.77485,0.77167,0.77177,1868,13,0
2026-02-23,0.77177,0.77675,0.77099,0.77425,27841,13,0
2026-02-24,0.77426,0.77654,0.77297,0.77381,25906,13,0
2026-02-25,0.7738,0.7757,0.77182,0.77211,25556,13,0
2026-02-26,0.77211,0.77533,0.771,0.77319,25251,13,0
2026-02-27,0.77319,0.77385,0.76709,0.76892,26900,13,0
2026-03-01,0.76627,0.76967,0.76612,0.76951,2530,13,0
2026-03-02,0.76953,0.78128,0.76781,0.77871,45769,13,0
2026-03-03,0.77871,0.7878,0.77842,0.78195,54351,13,0
2026-03-04,0.78196,0.78347,0.77867,0.77911,43822,13,0
2026-03-05,0.77911,0.78371,0.77817,0.78083,46437,13,0
2026-03-06,0.78081,0.78269,0.77579,0.77601,44031,13,0
2026-03-08,0.778,0.78132,0.77762,0.78111,4906,13,0
2026-03-09,0.78113,0.78249,0.77677,0.77795,55482,13,0
2026-03-10,0.77795,0.77924,0.77475,0.77855,41565,13,0
2026-03-11,0.77855,0.78189,0.77648,0.7817,36243,13,0
2026-03-12,0.7817,0.78628,0.78009,0.78534,32209,13,0
2026-03-13,0.78537,0.79165,0.78465,0.79133,31510,13,0
2026-03-15,0.78886,0.7911,0.78829,0.78989,3134,13,0
2026-03-16,0.78988,0.79222,0.78644,0.78808,30097,13,0
2026-03-17,0.78808,0.78996,0.78432,0.78489,26427,13,0
2026-03-18,0.78487,0.79354,0.78456,0.79265,32337,13,0
2026-03-19,0.79268,0.79576,0.78573,0.78887,54345,13,0
2026-03-20,0.78887,0.7905,0.7855,0.78794,36591,13,0
2026-03-22,0.78773,0.7887,0.78673,0.78771,2982,13,0
2026-03-23,0.78771,0.79393,0.78339,0.78662,73805,13,0
2026-03-24,0.7866,0.7924,0.78593,0.78802,50214,13,0
2026-03-25,0.78801,0.79236,0.78696,0.79155,36583,13,0
2026-03-26,0.79155,0.79586,0.79128,0.79473,31668,13,0
2026-03-27,0.79473,0.79929,0.79446,0.79882,29596,13,0
2026-03-29,0.79686,0.80004,0.79622,0.79977,2448,13,0
2026-03-30,0.79975,0.80121,0.79787,0.79989,27098,13,0
2026-03-31,0.79989,0.80423,0.79758,0.79766,38748,13,0
2026-04-01,0.79768,0.79837,0.79044,0.794,38711,13,0
2026-04-02,0.794,0.80082,0.79277,0.79825,38642,13,0
2026-04-03,0.79825,0.80136,0.79729,0.79964,13570,13,0
2026-04-05,0.79931,0.80125,0.7982,0.80115,2658,13,0
2026-04-06,0.80116,0.80178,0.79609,0.7981,25779,13,0
2026-04-07,0.79812,0.80105,0.79033,0.79042,40795,13,0
2026-04-08,0.7904,0.79256,0.78688,0.79141,43602,13,0
2026-04-09,0.79141,0.79215,0.78786,0.79085,29263,13,0
2026-04-10,0.79085,0.79133,0.78542,0.78902,26147,13,0
2026-04-12,0.78946,0.79335,0.78899,0.79259,2971,13,0
2026-04-13,0.79258,0.79293,0.78297,0.78316,27158,13,0
2026-04-14,0.78316,0.78377,0.77897,0.78088,27510,13,0
2026-04-15,0.78088,0.78309,0.7798,0.78126,26239,13,0
2026-04-16,0.78125,0.78448,0.77985,0.78319,25188,13,0
2026-04-17,0.78319,0.78396,0.77748,0.78162,27844,13,0
2026-04-19,0.7798,0.78387,0.7798,0.7837,2420,13,0
2026-04-20,0.7837,0.78381,0.77756,0.77852,27828,13,0
2026-04-21,0.77852,0.78253,0.77824,0.78053,29520,13,0
2026-04-22,0.78053,0.78493,0.77918,0.78478,24347,13,0
2026-04-23,0.78478,0.78729,0.78316,0.7862,30919,13,0
2026-04-24,0.7862,0.7876,0.78454,0.78492,24513,13,0
2026-04-26,0.78518,0.7865,0.78436,0.78644,1196,13,0
2026-04-27,0.78643,0.78643,0.78302,0.78528,21296,13,0
2026-04-28,0.78528,0.79105,0.78482,0.78897,26869,13,0
2026-04-29,0.78895,0.79242,0.78828,0.79055,29695,13,0
2026-04-30,0.79055,0.79225,0.78054,0.78163,44077,13,0
2026-05-01,0.78163,0.78295,0.77787,0.78175,28756,13,0
2026-05-03,0.78004,0.78128,0.77897,0.78122,1554,13,0
2026-05-04,0.78124,0.78468,0.77995,0.78398,32281,13,0
2026-05-05,0.78398,0.78475,0.78078,0.7814,24818,13,0
2026-05-06,0.78139,0.78195,0.77711,0.77884,35267,13,0
2026-05-07,0.77884,0.7808,0.77653,0.78042,30226,13,0
2026-05-08,0.78042,0.78086,0.77612,0.77637,23871,13,0
2026-05-10,0.77691,0.77803,0.77596,0.77776,1839,13,0
2026-05-11,0.77776,0.7795,0.77677,0.77817,21918,13,0
2026-05-12,0.77817,0.78225,0.77817,0.78054,25555,13,0
2026-05-13,0.78054,0.78302,0.77996,0.78163,21307,13,0
2026-05-14,0.78164,0.7842,0.78075,0.78418,21184,13,0
2026-05-15,0.78418,0.78726,0.78381,0.78681,26148,13,0
2026-05-17,0.78561,0.78736,0.78546,0.78728,1364,13,0
2026-05-18,0.78727,0.78768,0.78395,0.78446,28894,13,0
2026-05-19,0.78446,0.79056,0.78437,0.78879,27108,13,0
2026-05-20,0.78882,0.79062,0.7857,0.78711,30018,13,0
2026-05-21,0.7871,0.79034,0.78571,0.78651,32816,13,0
2026-05-22,0.7865,0.78752,0.78376,0.78506,23831,13,0
2026-05-24,0.78332,0.78454,0.78175,0.78228,1878,13,0
2026-05-25,0.78227,0.78343,0.78076,0.78322,15769,13,0
2026-05-26,0.78321,0.78637,0.78285,0.78515,21195,13,0
2026-05-27,0.78517,0.7879,0.78425,0.78782,24976,13,0
2026-05-28,0.78784,0.78984,0.7833,0.78379,27069,13,0
2026-05-29,0.78378,0.78467,0.77948,0.78085,27014,13,0
2026-05-31,0.78057,0.78195,0.77961,0.78185,1530,13,0
2026-06-01,0.78186,0.78839,0.78182,0.78627,31264,13,0
2026-06-02,0.78627,0.7884,0.7844,0.78832,23847,13,0
2026-06-03,0.78834,0.79264,0.78729,0.79103,26930,13,0
2026-06-04,0.79105,0.79222,0.78676,0.78912,24915,13,0
2026-06-05,0.78915,0.79673,0.78715,0.79611,27912,13,0
2026-06-07,0.7944,0.79716,0.79433,0.79648,1917,13,0
2026-06-08,0.7965,0.79859,0.79468,0.79814,32421,13,0
2026-06-09,0.79816,0.7993,0.79481,0.7992,29042,13,0
2026-06-10,0.79922,0.80058,0.79648,0.79992,34344,13,0
2026-06-11,0.79991,0.8012,0.79415,0.79506,35706,13,0
2026-06-12,0.79506,0.79753,0.79475,0.79704,29418,13,0
2026-06-14,0.79523,0.79569,0.79315,0.79392,2747,13,0
2026-06-15,0.79391,0.79488,0.79208,0.79449,22782,13,0
2026-06-16,0.79449,0.79591,0.79212,0.79315,22362,13,0
2026-06-17,0.79315,0.80147,0.79096,0.79939,33601,13,0
2026-06-18,0.79937,0.80613,0.79816,0.80489,33752,13,0
2026-06-19,0.80488,0.8091,0.80431,0.80723,23996,13,0
2026-06-21,0.80711,0.8083,0.80623,0.808,1405,13,0
2026-06-22,0.80799,0.80967,0.80687,0.80877,29667,13,0
2026-06-23,0.80878,0.81058,0.80745,0.8097,27381,13,0
2026-06-24,0.80971,0.81388,0.80957,0.81257,30624,13,0
2026-06-25,0.81257,0.81342,0.80893,0.81064,30245,13,0
2026-06-26,0.81064,0.81113,0.80658,0.80983,28653,13,0
2026-06-28,0.80978,0.81028,0.80945,0.81001,898,13,0
2026-06-29,0.81002,0.81015,0.80713,0.80777,21908,13,0
2026-06-30,0.80777,0.8101,0.80625,0.80872,27001,13,0
2026-07-01,0.80871,0.81195,0.80776,0.80916,26470,13,0
2026-07-02,0.80916,0.80966,0.80094,0.80438,35866,13,0
2026-07-03,0.80438,0.80465,0.80102,0.80342,21720,13,0
2026-07-05,0.80189,0.80401,0.80189,0.80376,1312,13,0
2026-07-06,0.80377,0.80725,0.80331,0.8051,21774,13,0
2026-07-07,0.8051,0.80903,0.80476,0.80895,23177,13,0
2026-07-08,0.80897,0.81072,0.80634,0.80806,32950,13,0
2026-07-09,0.80806,0.80806,0.80527,0.80653,24048,13,0
2026-07-10,0.80653,0.80887,0.80303,0.80845,26129,13,0
2026-07-12,0.80733,0.81031,0.80647,0.80935,2075,13,0
2026-07-13,0.80933,0.81484,0.80744,0.81461,31356,13,0
2026-07-14,0.81459,0.81511,0.80603,0.80902,36276,13,0
2026-07-15,0.80902,0.81141,0.80336,0.80467,29624,13,0
2026-07-16,0.80466,0.80964,0.80443,0.80844,26465,13,0
2026-07-17,0.80842,0.80925,0.80598,0.8074,24529,13,0
2026-07-19,0.80783,0.8088,0.80649,0.80842,2287,13,0
2026-07-20,0.80841,0.8107,0.80609,0.80991,22043,13,0
2026-07-21,0.80991,0.81318,0.80906,0.81258,22369,13,0
2026-07-22,0.81258,0.81474,0.8113,0.81417,22562,13,0
2026-07-23,0.81417,0.81797,0.81296,0.81688,28414,13,0
2026-07-24,0.81688,0.81851,0.81526,0.81807,22619,13,0
2026-07-26,0.81645,0.81687,0.81452,0.81624,1656,13,0
2026-07-27,0.81623,0.81939,0.81385,0.81935,27437,13,0
2026-07-28,0.81936,0.82044,0.81672,0.81941,21227,13,0
2026-07-29,0.8194,0.82061,0.81313,0.8134,35317,13,0
2026-07-30,0.8134,0.81742,0.80385,0.80575,44083,13,0
2026-07-31,0.80575,0.81284,0.80537,0.80715,41147,13,0
2026-08-02,0.80527,0.80731,0.80513,0.80696,2649,13,0
2026-08-03,0.80697,0.81146,0.80558,0.81034,31185,13,0
2026-08-04,0.81034,0.81059,0.80794,0.80905,27319,13,0
2026-08-05,0.80906,0.81008,0.80635,0.80666,27651,13,0
2026-08-06,0.80667,0.81355,0.80596,0.81237,23107,13,0
2026-08-07,0.81237,0.8129,0.80562,0.80789,25742,13,0
2026-08-09,0.80718,0.80837,0.80571,0.80827,1485,13,0
2026-08-10,0.80828,0.81036,0.80684,0.80979,21442,13,0
2026-08-11,0.80978,0.812,0.80937,0.811,20755,13,0
2026-08-12,0.811,0.81389,0.80938,0.81315,24326,13,0
2026-08-13,0.81315,0.81463,0.81119,0.8141,23129,13,0
2026-08-14,0.81408,0.81436,0.8103,0.81325,22337,13,0
2026-08-16,0.81142,0.81344,0.81063,0.81263,1276,13,0
2026-08-17,0.81263,0.81263,0.80717,0.81061,26703,13,0
2026-08-18,0.81061,0.8131,0.81033,0.81221,22666,13,0
2026-08-19,0.81221,0.81277,0.79688,0.79774,39340,13,0
2026-08-20,0.79774,0.80091,0.79492,0.79956,38518,13,0
2026-08-21,0.79955,0.802,0.79825,0.80121,29552,13,0
2026-08-23,0.80005,0.80154,0.7998,0.80054,1300,13,0
2026-08-24,0.80054,0.80063,0.7996,0.80032,4424,13,0
