time,open,high,low,close,tick_volume,spread,real_volume
2020-01-02,108.696,108.859,108.208,108.529,16766,11,0
2020-01-03,108.534,108.558,107.84,108.094,28906,11,0
2020-01-05,107.876,107.949,107.754,107.943,2929,20,0
2020-01-06,107.954,108.501,107.912,108.397,24002,11,0
2020-01-07,108.403,108.623,107.821,107.984,25680,11,0
2020-01-08,107.988,109.237,107.647,109.026,40847,11,0
2020-01-09,109.03,109.574,109.027,109.486,23150,11,0
2020-01-10,109.488,109.681,109.432,109.476,16177,11,0
2020-01-12,109.514,109.576,109.489,109.537,2699,20,0
2020-01-13,109.543,109.984,109.53,109.984,14268,11,0
2020-01-14,109.995,110.205,109.797,109.842,23069,11,0
2020-01-15,109.845,109.995,109.785,109.869,18884,11,0
2020-01-16,109.874,110.214,109.871,110.169,15630,11,0
2020-01-17,110.172,110.282,110.046,110.13,14412,11,0
2020-01-19,110.075,110.18,110.075,110.178,1217,20,0
2020-01-20,110.18,110.212,110.111,110.165,10509,11,0
2020-01-21,110.168,110.216,109.756,109.903,21777,11,0
2020-01-22,109.905,110.09,109.661,109.727,18091,11,0
2020-01-23,109.727,109.759,109.263,109.549,22113,11,0
2020-01-24,109.555,109.646,109.168,109.248,19484,11,0
2020-01-26,108.936,108.996,108.716,108.79,3034,20,0
2020-01-27,108.793,109.131,108.793,108.922,27245,11,0
2020-01-28,108.925,109.228,108.755,109.126,23125,11,0
2020-01-29,109.129,109.25,108.929,108.978,21455,11,0
2020-01-30,108.981,109.041,108.58,108.874,29261,11,0
2020-01-31,108.88,109.128,108.308,108.346,26264,11,0
2020-02-02,108.414,108.417,108.299,108.36,2267,20,0
2020-02-03,108.371,108.793,108.363,108.604,26776,11,0
2020-02-04,108.609,109.538,108.545,109.433,23284,11,0
2020-02-05,109.436,109.838,109.3,109.803,24754,11,0
2020-02-06,109.808,109.997,109.777,109.954,19913,11,0
2020-02-07,109.957,109.998,109.528,109.755,21724,11,0
2020-02-09,109.659,109.757,109.546,109.603,2096,20,0
2020-02-10,109.604,109.872,109.603,109.76,20253,11,0
2020-02-11,109.762,109.956,109.723,109.834,16391,11,0
2020-02-12,109.836,110.128,109.797,109.856,16762,11,0
2020-02-13,109.86,109.981,109.615,109.753,23266,11,0
2020-02-14,109.759,109.904,109.695,109.77,15241,11,0
2020-02-16,109.791,109.816,109.738,109.786,1477,20,0
2020-02-17,109.788,109.955,109.715,109.827,11056,11,0
2020-02-18,109.829,109.942,109.655,109.905,18725,11,0
2020-02-19,109.91,111.586,109.858,111.183,21973,11,0
2020-02-20,111.188,112.219,111.108,111.961,35934,11,0
2020-02-21,111.965,112.179,111.472,111.537,28826,11,0
2020-02-23,111.383,111.576,111.368,111.535,2973,20,0
2020-02-24,111.539,111.677,110.329,110.837,37571,11,0
2020-02-25,110.842,111.036,109.887,110.269,44092,11,0
2020-02-26,110.278,110.695,110.126,110.356,47141,11,0
2020-02-27,110.367,110.396,109.351,109.6,54368,11,0
2020-02-28,109.608,109.66,107.507,108.029,63572,11,0
2020-03-01,107.552,107.716,107.389,107.66,3321,20,0
2020-03-02,107.664,108.572,107.399,108.474,63450,11,0
2020-03-03,108.498,108.521,106.834,107.025,67274,11,0
2020-03-04,107.044,107.681,107.03,107.665,47305,11,0
2020-03-05,107.687,107.71,105.976,106.238,45609,11,0
2020-03-06,106.249,106.336,104.99,105.321,69640,11,0
2020-03-08,104.264,104.518,103.66,103.932,9479,11,0
2020-03-09,103.932,104.258,101.18,103.078,130116,11,0
2020-03-10,103.078,105.913,102.702,105.041,115141,11,0
2020-03-11,105.04,105.324,104.094,104.533,88423,11,0
2020-03-12,104.531,106.096,103.079,104.665,126475,11,0
2020-03-13,104.664,108.497,104.655,107.747,102818,11,0
2020-03-15,107.154,107.156,105.732,106.495,15556,11,0
2020-03-16,106.496,107.564,105.146,106.211,116450,11,0
2020-03-17,106.213,107.855,106.072,107.38,117744,11,0
2020-03-18,107.382,108.649,106.752,108.362,101409,11,0
2020-03-19,108.36,111.359,108.195,111.309,129579,11,0
2020-03-20,111.307,111.498,109.331,110.809,91249,11,0
2020-03-22,110.744,111.222,110.287,110.385,8691,11,0
2020-03-23,110.387,111.588,109.666,110.809,94035,11,0
2020-03-24,110.81,111.708,110.081,111.124,72649,11,0
2020-03-25,111.122,111.671,110.75,110.831,68808,11,0
2020-03-26,110.831,110.946,109.087,109.127,82569,11,0
2020-03-27,109.129,109.385,107.755,107.924,64816,11,0
2020-03-29,107.657,107.952,107.362,107.45,6130,11,0
2020-03-30,107.453,108.289,107.121,108.068,61829,11,0
2020-03-31,108.07,108.721,107.4,107.506,74288,11,0
2020-04-01,107.506,107.935,106.919,107.29,60566,11,0
2020-04-02,107.289,108.195,107.013,108.027,54444,11,0
2020-04-03,108.026,108.669,107.799,108.456,44354,11,0
2020-04-05,108.34,108.736,108.318,108.712,4170,11,0
2020-04-06,108.712,109.375,108.668,109.125,49944,11,0
2020-04-07,109.125,109.141,108.612,108.669,48703,11,0
2020-04-08,108.669,109.094,108.502,108.931,40624,11,0
2020-04-09,108.932,109.057,108.204,108.53,39595,11,0
2020-04-10,108.534,108.554,108.287,108.409,26876,43,0
2020-04-12,108.394,108.498,108.222,108.338,3044,11,0
2020-04-13,108.338,108.374,107.497,107.623,28148,11,0
2020-04-14,107.623,107.753,106.976,107.108,28753,11,0
2020-04-15,107.109,107.861,106.924,107.613,36528,11,0
2020-04-16,107.613,108.079,107.162,107.93,54133,11,0
2020-04-17,107.93,107.947,107.297,107.488,46300,11,0
2020-04-19,107.495,107.7,107.437,107.693,2370,11,0
2020-04-20,107.692,107.943,107.549,107.67,33768,11,0
2020-04-21,107.671,107.887,107.277,107.714,45920,11,0
2020-04-22,107.715,107.931,107.51,107.825,37833,11,0
2020-04-23,107.824,108.037,107.342,107.652,51365,11,0
2020-04-24,107.653,107.754,107.339,107.446,31791,11,0
2020-04-26,107.551,107.584,107.402,107.504,2063,11,0
2020-04-27,107.504,107.617,106.989,107.291,36556,11,0
2020-04-28,107.292,107.334,106.556,106.753,38361,11,0
2020-04-29,106.753,106.768,106.354,106.607,37201,11,0
2020-04-30,106.607,107.494,106.402,107.278,56992,11,0
2020-05-01,107.277,107.401,106.601,106.821,37959,11,0
2020-05-03,106.821,106.917,106.707,106.727,2733,11,0
2020-05-04,106.727,107.064,106.587,106.693,30039,11,0
2020-05-05,106.693,106.889,106.404,106.445,32129,11,0
2020-05-06,106.445,106.445,105.955,106.21,33994,11,0
2020-05-07,106.211,106.65,106.133,106.364,38805,11,0
2020-05-08,106.366,106.727,106.217,106.614,31285,11,0
2020-05-10,106.524,106.952,106.49,106.918,2771,11,0
2020-05-11,106.918,107.763,106.771,107.59,36758,11,0
2020-05-12,107.589,107.68,107.069,107.165,32239,11,0
2020-05-13,107.166,107.261,106.738,106.929,36929,11,0
2020-05-14,106.928,107.369,106.77,107.353,32547,11,0
2020-05-15,107.352,107.427,106.853,106.988,29794,11,0
2020-05-17,107.074,107.268,107.028,107.208,2437,11,0
2020-05-18,107.208,107.498,107.064,107.378,31389,11,0
2020-05-19,107.379,108.08,107.3,107.819,37738,11,0
2020-05-20,107.819,107.979,107.333,107.589,28647,11,0
2020-05-21,107.591,107.843,107.523,107.638,30056,11,0
2020-05-22,107.639,107.757,107.318,107.581,23654,11,0
2020-05-24,107.532,107.776,107.517,107.744,2001,11,0
2020-05-25,107.744,107.776,107.624,107.684,15682,11,0
2020-05-26,107.683,107.917,107.397,107.492,28668,11,0
2020-05-27,107.491,107.94,107.362,107.803,38326,11,0
2020-05-28,107.804,107.896,107.545,107.639,33681,11,0
2020-05-29,107.64,107.886,107.075,107.773,47279,11,0
2020-05-31,107.638,107.793,107.631,107.705,2529,11,0
2020-06-01,107.705,107.851,107.374,107.554,34010,11,0
2020-06-02,107.554,108.831,107.515,108.826,43365,11,0
2020-06-03,108.827,109.035,108.419,108.995,44951,11,0
2020-06-04,108.994,109.196,108.611,109.142,48834,11,0
2020-06-05,109.142,109.843,109.04,109.565,48556,11,0
2020-06-07,109.561,109.67,109.513,109.618,2573,11,0
2020-06-08,109.617,109.619,108.23,108.415,44191,11,0
2020-06-09,108.415,108.415,107.617,107.793,54105,11,0
2020-06-10,107.792,107.868,106.885,106.995,56398,11,0
2020-06-11,106.996,107.229,106.568,106.8,57891,11,0
2020-06-12,106.801,107.549,106.581,107.334,56668,11,0
2020-06-14,107.294,107.548,107.283,107.318,3908,11,0
2020-06-15,107.319,107.495,106.995,107.479,47481,11,0
2020-06-16,107.48,107.633,107.209,107.394,52202,11,0
2020-06-17,107.394,107.437,106.861,106.872,36821,11,0
2020-06-18,106.871,107.125,106.662,106.998,44206,11,0
2020-06-19,106.999,107.04,106.759,106.81,29947,11,0
2020-06-21,106.751,106.88,106.714,106.832,2804,11,0
2020-06-22,106.833,107.005,106.763,106.894,27528,11,0
2020-06-23,106.894,107.215,106.069,106.419,49496,11,0
2020-06-24,106.418,107.12,106.378,107.023,39198,11,0
2020-06-25,107.024,107.447,107.015,107.155,37996,11,0
2020-06-26,107.153,107.354,106.794,107.172,28958,11,0
2020-06-28,107.066,107.229,107.066,107.225,1916,11,0
2020-06-29,107.224,107.878,107.037,107.579,33581,11,0
2020-06-30,107.58,107.989,107.518,107.987,37081,11,0
2020-07-01,107.987,108.158,107.334,107.368,35463,11,0
2020-07-02,107.367,107.718,107.328,107.492,28184,11,0
2020-07-03,107.492,107.562,107.422,107.455,14831,11,0
2020-07-05,107.425,107.591,107.425,107.581,1036,11,0
2020-07-06,107.581,107.768,107.253,107.356,22747,11,0
2020-07-07,107.356,107.785,107.241,107.569,25674,11,0
2020-07-08,107.569,107.706,107.188,107.279,22148,11,0
2020-07-09,107.279,107.392,107.093,107.231,31536,11,0
2020-07-10,107.231,107.258,106.634,106.89,23201,11,0
2020-07-12,106.874,106.916,106.833,106.911,1500,11,0
2020-07-13,106.911,107.313,106.782,107.276,26192,11,0
2020-07-14,107.276,107.428,107.114,107.242,26377,11,0
2020-07-15,107.242,107.304,106.662,106.896,26920,11,0
2020-07-16,106.896,107.396,106.829,107.28,28186,11,0
2020-07-17,107.28,107.357,106.909,107.008,20335,11,0
2020-07-19,107.087,107.098,106.973,107.098,1779,11,0
2020-07-20,107.098,107.536,107.031,107.187,29620,11,0
2020-07-21,107.187,107.361,106.677,106.822,28527,11,0
2020-07-22,106.822,107.283,106.707,107.169,31011,11,0
2020-07-23,107.17,107.224,106.706,106.839,26519,11,0
2020-07-24,106.839,106.843,105.677,106.075,40118,11,0
2020-07-26,106.01,106.062,105.836,105.988,3505,11,0
2020-07-27,105.988,106.046,105.112,105.271,45146,11,0
2020-07-28,105.273,105.681,104.951,105.105,46050,11,0
2020-07-29,105.105,105.237,104.768,105.042,50227,11,0
2020-07-30,105.041,105.289,104.648,104.684,50947,11,0
2020-07-31,104.684,106.049,104.183,105.803,69799,11,0
2020-08-02,105.747,105.897,105.66,105.864,4432,11,0
2020-08-03,105.864,106.468,105.576,106.028,64378,11,0
2020-08-04,106.028,106.189,105.61,105.624,40854,11,0
2020-08-05,105.625,105.867,105.316,105.557,47585,11,0
2020-08-06,105.557,105.692,105.296,105.577,47115,11,0
2020-08-07,105.576,106.049,105.477,105.866,42927,11,0
2020-08-09,105.81,105.924,105.768,105.852,2626,11,0
2020-08-10,105.852,106.196,105.704,105.989,29233,11,0
2020-08-11,105.989,106.678,105.926,106.487,45376,11,0
2020-08-12,106.486,107.009,106.453,106.838,45234,11,0
2020-08-13,106.839,107.044,106.56,106.976,40847,11,0
2020-08-14,106.975,107.032,106.431,106.54,29176,11,0
2020-08-16,106.576,106.621,106.515,106.554,1700,11,0
2020-08-17,106.555,106.649,105.925,105.999,33934,11,0
2020-08-18,106.0,106.0,105.2,105.228,40666,11,0
2020-08-19,105.229,106.158,105.098,106.081,51038,11,0
2020-08-20,106.08,106.211,105.65,105.673,48136,11,0
2020-08-21,105.672,106.066,105.436,105.74,40207,11,0
2020-08-23,105.732,105.902,105.693,105.872,2370,11,0
2020-08-24,105.872,106.003,105.684,105.994,30608,11,0
2020-08-25,105.995,106.573,105.868,106.391,37707,11,0
2020-08-26,106.392,106.551,105.785,105.868,38172,11,0
2020-08-27,105.867,106.695,105.599,106.648,59686,11,0
2020-08-28,106.65,106.941,105.197,105.298,66490,11,0
2020-08-30,105.367,105.775,105.321,105.534,3919,11,0
2020-08-31,105.532,106.09,105.288,105.993,46232,11,0
2020-09-01,105.993,106.156,105.587,105.893,53386,11,0
2020-09-02,105.891,106.3,105.854,106.205,41412,11,0
2020-09-03,106.205,106.544,105.998,106.085,43145,11,0
2020-09-04,106.084,106.5,106.052,106.185,38477,11,0
2020-09-06,106.196,106.314,106.173,106.31,1574,11,0
2020-09-07,106.31,106.379,106.128,106.3,20203,11,0
2020-09-08,106.3,106.377,105.787,105.968,39027,11,0
2020-09-09,105.967,106.275,105.787,106.23,32581,11,0
2020-09-10,106.231,106.297,105.979,106.143,28633,11,0
2020-09-11,106.142,106.259,106.02,106.097,18835,11,0
2020-09-13,106.085,106.223,106.037,106.145,1293,11,0
2020-09-14,106.145,106.16,105.542,105.723,22029,11,0
2020-09-15,105.723,105.81,105.289,105.396,24904,11,0
2020-09-16,105.396,105.407,104.795,105.058,38654,11,0
2020-09-17,105.057,105.172,104.512,104.692,33088,11,0
2020-09-18,104.69,104.865,104.269,104.515,24514,11,0
2020-09-20,104.473,104.536,104.395,104.528,1549,11,0
2020-09-21,104.53,104.893,103.996,104.687,33321,11,0
2020-09-22,104.687,105.072,104.401,105.052,27652,11,0
2020-09-23,105.053,105.491,104.924,105.305,29275,11,0
2020-09-24,105.306,105.525,105.201,105.434,28687,11,0
2020-09-25,105.432,105.695,105.236,105.524,21548,11,0
2020-09-27,105.466,105.63,105.466,105.578,1080,11,0
2020-09-28,105.577,105.66,105.259,105.44,23243,11,0
2020-09-29,105.439,105.728,105.338,105.672,24512,11,0
2020-09-30,105.672,105.799,105.373,105.447,30498,11,0
2020-10-01,105.447,105.723,105.413,105.545,25572,11,0
2020-10-02,105.545,105.661,104.939,105.248,32658,11,0
2020-10-04,105.248,105.588,105.228,105.511,2822,11,0
2020-10-05,105.513,105.789,105.49,105.704,20107,11,0
2020-10-06,105.705,105.74,105.467,105.638,23428,11,0
2020-10-07,105.637,106.102,105.624,105.965,21976,11,0
2020-10-08,105.965,106.102,105.92,106.023,18281,11,0
2020-10-09,106.022,106.023,105.552,105.564,19910,11,0
2020-10-11,105.718,105.759,105.593,105.619,1438,11,0
2020-10-12,105.619,105.653,105.227,105.334,17536,11,0
2020-10-13,105.334,105.622,105.278,105.463,20462,11,0
2020-10-14,105.464,105.51,105.031,105.136,19077,11,0
2020-10-15,105.135,105.487,105.114,105.352,20107,11,0
2020-10-16,105.354,105.436,105.186,105.335,18131,11,0
2020-10-18,105.365,105.464,105.298,105.426,1140,11,0
2020-10-19,105.426,105.498,105.297,105.455,17100,11,0
2020-10-20,105.454,105.742,105.406,105.473,18154,11,0
2020-10-21,105.473,105.485,104.336,104.677,24231,11,0
2020-10-22,104.675,104.932,104.472,104.9,20946,11,0
2020-10-23,104.902,104.911,104.542,104.655,17627,11,0
2020-10-25,104.663,104.749,104.609,104.687,1437,11,0
2020-10-26,104.688,105.05,104.651,104.827,19232,11,0
2020-10-27,104.827,104.833,104.355,104.542,16652,11,0
2020-10-28,104.542,104.548,104.109,104.313,24027,11,0
2020-10-29,104.311,104.722,104.02,104.553,24437,11,0
2020-10-30,104.553,104.737,104.12,104.595,25739,11,0
2020-11-01,104.52,104.666,104.515,104.556,1990,29,0
2020-11-02,104.576,104.944,104.576,104.703,19898,11,0
2020-11-03,104.719,104.795,104.42,104.525,27702,11,0
2020-11-04,104.541,105.339,104.146,104.419,70704,11,0
2020-11-05,104.435,104.468,103.42,103.58,50363,11,0
2020-11-06,103.602,103.754,103.173,103.307,45783,11,0
2020-11-08,103.311,103.319,103.144,103.236,2098,29,0
2020-11-09,103.249,105.641,103.236,105.106,60899,11,0
2020-11-10,105.133,105.482,104.816,105.243,43234,11,0
2020-11-11,105.257,105.671,105.001,105.377,28242,11,0
2020-11-12,105.41,105.473,105.032,105.078,27883,11,0
2020-11-13,105.094,105.145,104.532,104.565,24600,11,0
2020-11-15,104.658,104.684,104.56,104.642,1423,29,0
2020-11-16,104.672,105.13,104.358,104.511,32068,11,0
2020-11-17,104.528,104.562,104.066,104.155,25867,11,0
2020-11-18,104.171,104.171,103.648,103.874,28509,11,0
2020-11-19,103.89,104.211,103.685,103.778,29400,11,0
2020-11-20,103.805,103.905,103.697,103.796,19669,11,0
2020-11-22,103.761,103.839,103.751,103.798,1503,29,0
2020-11-23,103.814,104.632,103.679,104.51,27100,11,0
2020-11-24,104.525,104.757,104.142,104.491,31556,11,0
2020-11-25,104.505,104.593,104.252,104.383,26760,11,0
2020-11-26,104.398,104.4,104.185,104.235,18003,11,0
2020-11-27,104.251,104.266,103.903,103.994,20544,11,0
2020-11-29,103.997,104.114,103.97,104.046,1455,69,0
2020-11-30,104.079,104.394,103.824,104.285,28995,11,0
2020-12-01,104.301,104.572,104.178,104.28,28030,11,0
2020-12-02,104.295,104.746,104.22,104.429,28650,11,0
2020-12-03,104.444,104.531,103.667,103.812,27374,11,0
2020-12-04,103.829,104.238,103.734,104.128,30519,11,0
2020-12-06,104.085,104.216,104.074,104.186,1312,29,0
2020-12-07,104.202,104.307,103.918,103.988,27357,11,0
2020-12-08,104.003,104.201,103.95,104.119,24362,11,0
2020-12-09,104.135,104.4,104.047,104.266,21575,11,0
2020-12-10,104.281,104.574,104.141,104.159,27184,11,0
2020-12-11,104.175,104.175,103.82,103.974,23595,11,0
2020-12-13,103.887,103.99,103.81,103.945,2066,29,0
2020-12-14,103.96,104.099,103.507,103.988,25438,11,0
2020-12-15,104.004,104.146,103.579,103.627,22279,11,0
2020-12-16,103.643,103.912,103.257,103.453,29962,11,0
2020-12-17,103.47,103.555,102.869,103.127,28485,11,0
2020-12-18,103.143,103.59,103.117,103.249,24858,11,0
2020-12-20,103.474,103.482,103.287,103.459,1755,43,0
2020-12-21,103.475,103.885,103.233,103.319,35745,11,0
2020-12-22,103.335,103.729,103.276,103.478,26003,11,0
2020-12-23,103.509,103.647,103.351,103.514,25761,11,0
2020-12-24,103.53,103.762,103.498,103.572,18344,11,0
2020-12-27,103.524,103.581,103.471,103.508,1050,29,0
2020-12-28,103.524,103.893,103.399,103.671,21941,11,0
2020-12-29,103.687,103.8,103.456,103.533,20806,11,0
2020-12-30,103.549,103.578,102.957,103.107,25012,11,0
2020-12-31,103.123,103.31,102.99,103.232,20959,11,0
2021-01-03,103.162,103.294,103.148,103.225,1550,43,0
2021-01-04,103.241,103.256,102.708,103.113,29452,11,0
2021-01-05,103.129,103.186,102.601,102.666,28541,11,0
2021-01-06,102.682,103.438,102.588,103.003,38045,11,0
2021-01-07,103.019,103.951,102.946,103.781,35572,11,0
2021-01-08,103.797,104.087,103.599,103.912,42171,11,0
2021-01-10,103.863,104.074,103.821,104.066,1387,43,0
2021-01-11,104.081,104.392,104.028,104.12,27391,11,0
2021-01-12,104.136,104.326,103.676,103.728,27305,11,0
2021-01-13,103.744,103.99,103.521,103.807,27264,11,0
2021-01-14,103.823,104.192,103.559,103.819,31525,11,0
2021-01-15,103.835,103.891,103.613,103.82,22658,11,0
2021-01-17,103.822,103.902,103.773,103.897,1260,29,0
2021-01-18,103.913,103.926,103.606,103.685,19008,11,0
2021-01-19,103.701,104.08,103.648,103.879,22453,11,0
2021-01-20,103.895,103.923,103.441,103.536,20683,11,0
2021-01-21,103.553,103.662,103.323,103.49,24170,11,0
2021-01-22,103.505,103.881,103.489,103.7,17813,11,0
2021-01-24,103.766,103.809,103.741,103.769,1034,43,0
2021-01-25,103.785,103.931,103.668,103.741,18939,11,0
2021-01-26,103.758,103.823,103.551,103.581,15632,11,0
2021-01-27,103.597,104.194,103.581,104.109,22057,11,0
2021-01-28,104.137,104.458,104.13,104.283,24426,11,0
2021-01-29,104.298,104.934,104.283,104.669,25007,11,0
2021-01-31,104.704,104.792,104.645,104.697,1552,29,0
2021-02-01,104.713,105.029,104.604,104.862,19568,11,0
2021-02-02,104.879,105.168,104.824,105.011,20469,11,0
2021-02-03,105.025,105.099,104.918,104.976,15814,11,0
2021-02-04,104.992,105.575,104.97,105.541,18358,11,0
2021-02-05,105.571,105.763,105.303,105.305,22901,11,0
2021-02-07,105.309,105.412,105.297,105.375,1908,29,0
2021-02-08,105.391,105.666,105.146,105.194,20560,11,0
2021-02-09,105.21,105.223,104.49,104.563,23298,11,0
2021-02-10,104.578,104.838,104.405,104.597,22698,11,0
2021-02-11,104.613,104.8,104.545,104.73,15302,11,0
2021-02-12,104.746,105.177,104.731,104.878,16629,11,0
2021-02-14,104.899,105.057,104.891,105.047,1802,29,0
2021-02-15,105.063,105.412,104.974,105.351,15053,11,0
2021-02-16,105.367,106.197,105.175,106.084,25813,11,0
2021-02-17,106.112,106.208,105.774,105.82,28101,11,0
2021-02-18,105.848,105.918,105.594,105.634,22031,11,0
2021-02-19,105.649,105.737,105.235,105.368,22992,11,0
2021-02-21,105.381,105.6,105.369,105.498,1240,29,0
2021-02-22,105.532,105.839,104.87,104.987,27874,11,0
2021-02-23,105.003,105.424,104.917,105.275,23987,11,0
2021-02-24,105.292,106.099,105.264,105.933,31241,11,0
2021-02-25,105.95,106.398,105.839,106.356,44720,11,0
2021-02-26,106.386,106.687,105.843,106.493,46747,11,0
2021-02-28,106.477,106.561,106.435,106.462,1342,29,0
2021-03-01,106.478,106.883,106.362,106.814,27908,11,0
2021-03-02,106.842,106.951,106.632,106.74,23552,11,0
2021-03-03,106.756,107.147,106.694,107.049,25859,11,0
2021-03-04,107.065,107.984,106.962,107.917,29271,11,0
2021-03-05,107.945,108.639,107.815,108.339,43359,11,0
2021-03-07,108.291,108.453,108.251,108.372,1494,43,0
2021-03-08,108.4,108.937,108.304,108.907,25511,11,0
2021-03-09,108.923,109.229,108.41,108.555,34363,11,0
2021-03-10,108.571,108.915,108.332,108.429,34562,11,0
2021-03-11,108.446,108.807,108.352,108.553,32157,11,0
2021-03-12,108.569,109.159,108.511,108.964,30811,11,0
2021-03-14,108.995,109.141,108.943,109.111,1547,11,0
2021-03-15,109.111,109.359,108.91,109.123,26301,11,0
2021-03-16,109.123,109.283,108.767,109.025,26561,11,0
2021-03-17,109.025,109.32,108.665,108.894,30361,11,0
2021-03-18,108.893,109.298,108.621,108.929,37488,11,0
2021-03-19,108.928,109.126,108.603,108.861,29831,11,0
2021-03-21,108.593,108.926,108.538,108.869,2114,11,0
2021-03-22,108.871,108.95,108.614,108.774,23082,11,0
2021-03-23,108.774,108.867,108.402,108.518,24525,11,0
2021-03-24,108.517,108.951,108.447,108.785,23145,11,0
2021-03-25,108.784,109.231,108.784,109.174,22233,11,0
2021-03-26,109.173,109.842,109.125,109.656,21502,11,0
2021-03-28,109.67,109.797,109.594,109.787,1394,11,0
2021-03-29,109.787,109.88,109.369,109.833,21043,11,0
2021-03-30,109.833,110.421,109.782,110.302,24115,11,0
2021-03-31,110.302,110.96,110.27,110.753,31326,11,0
2021-04-01,110.753,110.842,110.53,110.6,25299,8,0
2021-04-02,110.6,110.74,110.365,110.647,13380,20,0
2021-04-04,110.619,110.744,110.572,110.673,1618,11,0
2021-04-05,110.675,110.716,109.958,110.188,21774,8,0
2021-04-06,110.189,110.547,109.665,109.791,34761,8,0
2021-04-07,109.791,109.937,109.574,109.85,34636,8,0
2021-04-08,109.852,109.899,108.996,109.325,34555,8,0
2021-04-09,109.327,109.955,109.209,109.643,32024,8,0
2021-04-11,109.65,109.749,109.574,109.716,1186,11,0
2021-04-12,109.718,109.766,109.241,109.376,28936,8,0
2021-04-13,109.378,109.748,108.884,108.918,41777,8,0
2021-04-14,108.917,109.091,108.748,108.888,33775,8,0
2021-04-15,108.89,108.954,108.608,108.686,33139,8,0
2021-04-16,108.687,108.961,108.608,108.773,28292,8,0
2021-04-18,108.727,108.813,108.664,108.716,1575,11,0
2021-04-19,108.717,108.765,108.005,108.103,38870,8,0
2021-04-20,108.105,108.544,107.968,108.128,36757,8,0
2021-04-21,108.13,108.278,107.871,108.038,30739,8,0
2021-04-22,108.038,108.227,107.808,107.982,34650,8,0
2021-04-23,107.982,108.14,107.473,107.847,31689,8,0
2021-04-25,107.878,107.922,107.825,107.878,1105,11,0
2021-04-26,107.879,108.205,107.637,108.195,35781,8,0
2021-04-27,108.196,108.772,108.095,108.745,32464,8,0
2021-04-28,108.746,109.073,108.491,108.502,40368,8,0
2021-04-29,108.503,109.217,108.43,108.901,34704,8,0
2021-04-30,108.9,109.338,108.709,109.311,33970,8,0
2021-05-02,109.246,109.33,109.215,109.282,917,11,0
2021-05-03,109.283,109.694,108.89,109.082,31243,8,0
2021-05-04,109.084,109.482,109.038,109.328,38840,8,0
2021-05-05,109.328,109.474,109.134,109.216,29785,8,0
2021-05-06,109.217,109.423,108.997,109.047,37404,8,0
2021-05-07,109.048,109.284,108.335,108.567,47597,8,0
2021-05-09,108.564,108.599,108.425,108.569,1726,11,0
2021-05-10,108.57,109.051,108.554,108.843,37216,8,0
2021-05-11,108.845,108.977,108.346,108.712,39046,8,0
2021-05-12,108.713,109.687,108.656,109.658,48910,8,0
2021-05-13,109.659,109.782,109.369,109.511,40993,8,0
2021-05-14,109.513,109.652,109.182,109.324,31467,8,0
2021-05-16,109.22,109.417,109.2,109.415,1120,11,0
2021-05-17,109.415,109.498,109.07,109.236,28982,8,0
2021-05-18,109.238,109.279,108.826,108.862,30692,8,0
2021-05-19,108.863,109.332,108.568,109.259,46064,8,0
2021-05-20,109.259,109.292,108.708,108.857,34796,8,0
2021-05-21,108.855,108.999,108.608,108.935,28960,8,0
2021-05-23,108.871,108.974,108.823,108.912,934,11,0
2021-05-24,108.912,108.986,108.684,108.847,26458,8,0
2021-05-25,108.847,109.065,108.554,108.787,33438,8,0
2021-05-26,108.789,109.173,108.719,109.165,28641,8,0
2021-05-27,109.166,109.919,109.032,109.804,34884,8,0
2021-05-28,109.805,110.195,109.739,109.828,31817,8,0
2021-05-30,109.799,109.928,109.738,109.905,928,11,0
2021-05-31,109.906,109.932,109.348,109.489,20831,8,0
2021-06-01,109.49,109.703,109.327,109.49,29289,8,0
2021-06-02,109.49,109.88,109.477,109.59,26695,8,0
2021-06-03,109.59,110.312,109.562,110.285,29388,8,0
2021-06-04,110.286,110.324,109.361,109.503,36380,8,0
2021-06-06,109.482,109.63,109.418,109.613,935,11,0
2021-06-07,109.614,109.633,109.187,109.268,27071,8,0
2021-06-08,109.269,109.552,109.194,109.465,27943,8,0
2021-06-09,109.465,109.652,109.221,109.608,23871,8,0
2021-06-10,109.607,109.791,109.262,109.39,38753,8,0
2021-06-11,109.388,109.836,109.313,109.638,24432,8,0
2021-06-13,109.587,109.73,109.557,109.712,1008,11,0
2021-06-14,109.713,110.094,109.607,110.038,22596,8,0
2021-06-15,110.038,110.163,109.983,110.078,23693,8,0
2021-06-16,110.079,110.795,109.799,110.767,39198,8,0
2021-06-17,110.768,110.818,110.156,110.32,39189,8,0
2021-06-18,110.318,110.48,109.938,110.206,43039,8,0
2021-06-20,110.17,110.228,110.128,110.198,1434,11,0
2021-06-21,110.2,110.377,109.712,110.372,40081,8,0
2021-06-22,110.374,110.787,110.207,110.65,27335,8,0
2021-06-23,110.651,111.099,110.642,111.008,30551,8,0
2021-06-24,111.008,111.112,110.682,110.916,26949,8,0
2021-06-25,110.918,110.98,110.476,110.766,23749,8,0
2021-06-27,110.78,110.832,110.724,110.807,1073,11,0
2021-06-28,110.808,110.971,110.493,110.602,25328,8,0
2021-06-29,110.603,110.754,110.426,110.53,26832,8,0
2021-06-30,110.532,111.133,110.415,111.127,29058,8,0
2021-07-01,111.127,111.633,111.023,111.567,28184,8,0
2021-07-02,111.569,111.654,110.946,111.001,31917,8,0
2021-07-04,110.942,111.153,110.917,111.136,1278,11,0
2021-07-05,111.138,111.186,110.791,110.912,19250,8,0
2021-07-06,110.914,110.926,110.514,110.597,31041,8,0
2021-07-07,110.598,110.811,110.391,110.63,35773,8,0
2021-07-08,110.632,110.645,109.529,109.796,48794,8,0
2021-07-09,109.797,110.255,109.759,110.098,31667,8,0
2021-07-11,110.069,110.231,110.058,110.213,1288,11,0
2021-07-12,110.215,110.397,109.973,110.324,24723,8,0
2021-07-13,110.326,110.643,110.194,110.593,36519,8,0
2021-07-14,110.594,110.693,109.893,109.992,32259,8,0
2021-07-15,109.993,110.085,109.709,109.775,31971,8,0
2021-07-16,109.776,110.337,109.728,110.054,29380,8,0
2021-07-18,110.015,110.078,109.844,109.872,1796,11,0
2021-07-19,109.873,110.028,109.061,109.524,41642,8,0
2021-07-20,109.525,109.952,109.325,109.914,44888,8,0
2021-07-21,109.916,110.383,109.797,110.244,34085,8,0
2021-07-22,110.244,110.353,110.01,110.137,33230,8,0
2021-07-23,110.139,110.588,110.109,110.526,24104,8,0
2021-07-25,110.498,110.563,110.439,110.543,649,11,0
2021-07-26,110.543,110.58,110.113,110.303,21958,8,0
2021-07-27,110.304,110.324,109.578,109.803,25721,8,0
2021-07-28,109.804,110.282,109.738,109.885,32040,8,0
2021-07-29,109.887,109.907,109.398,109.407,24787,8,0
2021-07-30,109.408,109.824,109.357,109.666,19174,8,0
2021-08-01,109.644,109.766,109.59,109.71,837,11,0
2021-08-02,109.711,109.743,109.183,109.266,18698,8,0
2021-08-03,109.269,109.329,108.873,108.989,19553,8,0
2021-08-04,108.987,109.671,108.718,109.53,25803,8,0
2021-08-05,109.531,109.783,109.399,109.749,21139,8,0
2021-08-06,109.751,110.35,109.695,110.208,28004,8,0
2021-08-08,110.174,110.287,110.171,110.258,1292,11,0
2021-08-09,110.259,110.33,110.022,110.316,15778,8,0
2021-08-10,110.318,110.594,110.297,110.594,14887,8,0
2021-08-11,110.595,110.796,110.304,110.373,24683,8,0
2021-08-12,110.374,110.542,110.309,110.397,14075,8,0
2021-08-13,110.399,110.452,109.536,109.574,14090,8,0
2021-08-15,109.567,109.727,109.507,109.623,1172,11,0
2021-08-16,109.624,109.624,109.109,109.296,21973,8,0
2021-08-17,109.298,109.649,109.112,109.535,23557,8,0
2021-08-18,109.536,110.063,109.475,109.838,22889,8,0
2021-08-19,109.838,110.225,109.479,109.765,30822,8,0
2021-08-20,109.766,109.88,109.565,109.756,19922,8,0
2021-08-22,109.699,109.877,109.688,109.836,1176,11,0
2021-08-23,109.836,110.143,109.617,109.672,18878,8,0
2021-08-24,109.674,109.875,109.408,109.726,19112,8,0
2021-08-25,109.728,110.12,109.681,109.972,17697,8,0
2021-08-26,109.975,110.224,109.923,110.045,21017,8,0
2021-08-27,110.046,110.265,109.771,109.814,22314,8,0
2021-08-29,109.83,109.87,109.718,109.859,521,11,0
2021-08-30,109.859,109.978,109.699,109.94,10467,8,0
2021-08-31,109.942,110.076,109.582,110.052,19945,8,0
2021-09-01,110.054,110.414,109.875,110.09,20079,8,0
2021-09-02,110.091,110.117,109.872,109.943,12010,8,0
2021-09-03,109.944,110.069,109.588,109.671,23335,8,0
2021-09-05,109.699,109.778,109.639,109.777,615,11,0
2021-09-06,109.778,109.943,109.743,109.819,8531,8,0
2021-09-07,109.819,110.318,109.68,110.291,16614,8,0
2021-09-08,110.292,110.442,110.138,110.217,16763,8,0
2021-09-09,110.218,110.269,109.617,109.769,18038,8,0
2021-09-10,109.769,109.987,109.693,109.886,14081,8,0
2021-09-12,109.857,109.923,109.794,109.914,783,11,0
2021-09-13,109.915,110.155,109.888,109.989,13161,8,0
2021-09-14,109.992,110.158,109.524,109.711,17413,8,0
2021-09-15,109.711,109.739,109.108,109.379,17913,8,0
2021-09-16,109.382,109.823,109.209,109.692,17080,8,0
2021-09-17,109.695,110.075,109.664,109.959,14746,8,0
2021-09-19,109.925,109.988,109.855,109.975,546,11,0
2021-09-20,109.975,110.032,109.318,109.43,21223,8,0
2021-09-21,109.428,109.701,109.131,109.149,21423,8,0
2021-09-22,109.151,109.895,109.117,109.82,31769,8,0
2021-09-23,109.819,110.337,109.754,110.323,17540,8,0
2021-09-24,110.322,110.787,110.308,110.71,16956,8,0
2021-09-26,110.67,110.792,110.647,110.764,569,8,0
2021-09-27,110.762,111.061,110.531,110.96,19588,8,0
2021-09-28,110.96,111.635,110.93,111.525,29038,8,0
2021-09-29,111.523,112.044,111.2,111.933,26471,8,0
2021-09-30,111.932,112.074,111.203,111.458,28832,8,0
2021-10-01,111.459,111.483,110.902,111.039,33273,8,0
2021-10-03,110.881,111.0,110.861,110.945,940,8,0
2021-10-04,110.946,111.297,110.818,110.966,28024,8,0
2021-10-05,110.963,111.556,110.867,111.484,24502,8,0
2021-10-06,111.485,111.782,111.194,111.403,30552,8,0
2021-10-07,111.401,111.671,111.226,111.657,19913,8,0
2021-10-08,111.659,112.243,111.507,112.21,29630,8,0
2021-10-10,112.145,112.306,112.118,112.27,834,11,0
2021-10-11,112.271,113.407,112.171,113.385,22814,8,0
2021-10-12,113.383,113.784,112.998,113.533,34492,8,0
2021-10-13,113.535,113.799,113.178,113.305,30892,8,0
2021-10-14,113.303,113.879,113.273,113.828,22256,8,0
2021-10-15,113.83,114.458,113.81,114.243,27738,8,0
2021-10-17,114.175,114.348,114.14,114.327,1625,11,0
2021-10-18,114.33,114.447,114.012,114.283,32929,8,0
2021-10-19,114.282,114.577,113.876,114.541,25629,8,0
2021-10-20,114.542,114.694,114.075,114.383,36337,8,0
2021-10-21,114.384,114.403,113.647,113.844,32717,8,0
2021-10-22,113.846,114.202,113.376,113.445,30673,8,0
2021-10-24,113.499,113.688,113.425,113.666,1024,8,0
2021-10-25,113.664,113.919,113.512,113.761,25350,8,0
2021-10-26,113.762,114.307,113.716,114.181,22130,8,0
2021-10-27,114.178,114.216,113.382,113.768,33757,8,0
2021-10-28,113.77,113.861,113.251,113.613,35688,8,0
2021-10-29,113.615,114.092,113.389,113.978,32397,8,0
2021-10-31,114.015,114.25,114.003,114.232,1134,11,0
2021-11-01,114.235,114.44,113.911,114.088,26074,8,0
2021-11-02,114.089,114.129,113.458,113.958,27707,8,0
2021-11-03,113.959,114.216,113.717,114.065,31606,8,0
2021-11-04,114.066,114.273,113.504,113.83,31264,8,0
2021-11-05,113.829,114.027,113.294,113.374,34218,8,0
2021-11-07,113.332,113.505,113.314,113.439,659,29,0
2021-11-08,113.472,113.662,113.076,113.25,22750,8,0
2021-11-09,113.251,113.257,112.722,112.908,31713,8,0
2021-11-10,112.905,114.01,112.771,113.902,36809,8,0
2021-11-11,113.905,114.153,113.802,114.04,19618,8,0
2021-11-12,114.038,114.297,113.757,113.892,24695,8,0
2021-11-14,113.918,114.024,113.874,113.979,528,11,0
2021-11-15,113.981,114.211,113.747,114.127,21391,8,0
2021-11-16,114.125,114.947,114.097,114.9,27846,8,0
2021-11-17,114.898,114.942,113.93,114.186,30667,8,0
2021-11-18,114.187,114.481,113.873,114.279,30089,8,0
2021-11-19,114.278,114.536,113.583,114.0,47657,8,0
2021-11-21,113.908,114.139,113.891,114.139,1047,11,0
2021-11-22,114.137,114.957,114.016,114.788,35141,8,0
2021-11-23,114.79,115.197,114.481,115.139,43343,8,0
2021-11-24,115.137,115.516,114.821,115.404,36893,8,0
2021-11-25,115.405,115.441,114.99,115.072,13395,8,0
2021-11-26,115.07,115.107,113.038,113.306,79150,8,0
2021-11-28,113.517,113.844,113.31,113.721,2854,11,0
2021-11-29,113.72,113.952,112.988,113.8,59520,8,0
2021-11-30,113.798,113.886,112.527,113.299,87329,8,0
2021-12-01,113.297,113.623,112.666,112.879,54551,8,0
2021-12-02,112.877,113.326,112.701,113.017,52852,8,0
2021-12-03,113.016,113.608,112.555,112.796,53795,8,0
2021-12-05,112.829,113.054,112.806,113.039,1629,11,0
2021-12-06,113.038,113.547,112.846,113.462,34277,8,0
2021-12-07,113.463,113.776,113.396,113.516,27649,8,0
2021-12-08,113.517,113.951,113.308,113.679,37566,8,0
2021-12-09,113.682,113.807,113.267,113.435,27354,8,0
2021-12-10,113.437,113.788,113.218,113.362,31043,8,0
2021-12-12,113.32,113.508,113.306,113.508,1282,11,0
2021-12-13,113.509,113.722,113.366,113.574,20909,8,0
2021-12-14,113.572,113.753,113.424,113.737,25718,8,0
2021-12-15,113.739,114.272,113.626,114.139,34906,8,0
2021-12-16,114.138,114.242,113.556,113.663,32987,8,0
2021-12-17,113.664,113.853,113.136,113.694,34530,8,0
2021-12-19,113.596,113.689,113.477,113.513,1038,11,0
2021-12-20,113.512,113.726,113.323,113.659,31912,8,0
2021-12-21,113.661,114.216,113.549,113.992,19858,8,0
2021-12-22,113.994,114.366,113.99,114.128,18746,8,0
2021-12-23,114.129,114.461,114.102,114.459,14982,8,0
2021-12-24,114.458,114.498,114.289,114.317,4896,11,0
2021-12-26,114.339,114.376,114.282,114.335,844,11,0
2021-12-27,114.337,114.909,114.315,114.788,12483,8,0
2021-12-28,114.786,114.944,114.702,114.765,13270,8,0
2021-12-29,114.764,115.034,114.664,114.944,16301,8,0
2021-12-30,114.945,115.205,114.941,115.061,15512,8,0
2021-12-31,115.06,115.194,115.0,115.087,12167,8,0
2022-01-02,115.025,115.138,115.003,115.138,703,11,0
2022-01-03,115.137,115.364,114.944,115.31,18780,8,0
2022-01-04,115.327,116.347,115.287,116.171,28241,8,0
2022-01-05,116.17,116.238,115.617,116.121,28250,8,0
2022-01-06,116.12,116.18,115.62,115.861,32022,8,0
2022-01-07,115.863,116.043,115.465,115.508,26709,8,0
2022-01-09,115.554,115.645,115.515,115.616,1079,11,0
2022-01-10,115.617,115.848,115.038,115.275,26715,8,0
2022-01-11,115.272,115.677,115.119,115.329,25893,8,0
2022-01-12,115.331,115.484,114.376,114.668,29710,8,0
2022-01-13,114.67,114.695,113.995,114.112,26857,8,0
2022-01-14,114.115,114.238,113.476,114.172,39505,8,0
2022-01-16,114.1,114.318,114.097,114.303,1190,11,0
2022-01-17,114.305,114.646,114.271,114.57,15352,8,0
2022-01-18,114.568,115.055,114.444,114.553,38018,8,0
2022-01-19,114.551,114.784,114.202,114.329,30826,8,0
2022-01-20,114.344,114.544,113.811,113.972,31038,8,0
2022-01-21,113.988,114.028,113.599,113.639,37011,8,0
2022-01-23,113.661,113.778,113.603,113.769,1244,29,0
2022-01-24,113.783,114.074,113.465,113.994,40222,8,0
2022-01-25,114.01,114.152,113.666,113.874,36696,8,0
2022-01-26,113.89,114.72,113.774,114.701,33857,8,0
2022-01-27,114.717,115.484,114.471,115.317,40554,8,0
2022-01-28,115.347,115.68,115.118,115.208,35143,8,0
2022-01-30,115.271,115.354,115.198,115.242,830,29,0
2022-01-31,115.258,115.588,114.92,115.101,31945,8,0
2022-02-01,115.116,115.188,114.562,114.714,30090,8,0
2022-02-02,114.73,114.798,114.156,114.36,25804,8,0
2022-02-03,114.377,114.969,114.323,114.938,31180,8,0
2022-02-04,114.954,115.424,114.77,115.18,33964,8,0
2022-02-06,115.217,115.299,115.18,115.205,1134,29,0
2022-02-07,115.222,115.373,114.91,115.044,24405,8,0
2022-02-08,115.059,115.623,115.057,115.57,22362,8,0
2022-02-09,115.463,115.58,115.317,115.58,18249,8,0
2022-02-10,115.596,116.334,115.478,116.03,40467,8,0
2022-02-11,116.047,116.17,115.01,115.417,44737,8,0
2022-02-13,115.328,115.57,115.313,115.565,1496,29,0
2022-02-14,115.582,115.743,115.006,115.517,47287,8,0
2022-02-15,115.533,115.872,115.253,115.619,33037,8,0
2022-02-16,115.635,115.786,115.3,115.371,27467,8,0
2022-02-17,115.388,115.533,114.756,114.843,49356,8,0
2022-02-18,114.858,115.294,114.786,114.998,30975,8,0
2022-02-20,114.995,115.025,114.833,114.945,1074,29,0
2022-02-21,114.961,115.121,114.461,114.585,22545,8,0
2022-02-22,114.605,115.237,114.517,115.078,37665,8,0
2022-02-23,115.094,115.196,114.822,114.879,21349,8,0
2022-02-24,114.894,115.69,114.403,115.511,85514,8,0
2022-02-25,115.545,115.757,115.143,115.5,42584,8,0
2022-02-27,115.497,115.708,115.341,115.555,2774,43,0
2022-02-28,115.568,115.688,114.857,115.039,43221,8,0
2022-03-01,115.081,115.284,114.695,114.821,37853,8,0
2022-03-02,114.836,115.683,114.788,115.496,37553,8,0
2022-03-03,115.512,115.801,115.38,115.461,27623,8,0
2022-03-04,115.476,115.553,114.645,114.798,43148,8,0
2022-03-06,114.879,114.935,114.781,114.933,2004,43,0
2022-03-07,114.948,115.468,114.829,115.335,39966,8,0
2022-03-08,115.332,115.786,115.319,115.705,35955,8,0
2022-03-09,115.721,115.938,115.552,115.888,28842,8,0
2022-03-10,115.904,116.191,115.811,116.159,29922,8,0
2022-03-11,116.176,117.352,116.14,117.267,31332,8,0
2022-03-13,117.316,117.597,117.269,117.53,1589,11,0
2022-03-14,117.528,118.291,117.453,118.213,28349,8,0
2022-03-15,118.215,118.446,117.693,118.308,35365,8,0
2022-03-16,118.31,119.116,118.17,118.866,38679,8,0
2022-03-17,118.867,119.02,118.365,118.487,33683,8,0
2022-03-18,118.484,119.395,118.468,119.129,24377,8,0
2022-03-20,119.08,119.288,119.06,119.261,1297,11,0
2022-03-21,119.262,119.622,119.101,119.588,19601,8,0
2022-03-22,119.59,121.407,119.581,121.334,51083,8,0
2022-03-23,121.336,121.339,120.588,121.117,43118,8,0
2022-03-24,121.119,122.431,120.949,122.347,43766,8,0
2022-03-25,122.348,122.356,121.176,122.072,62843,8,0
2022-03-27,122.038,122.36,121.97,122.267,2285,11,0
2022-03-28,122.268,125.098,122.138,123.6,131466,8,0
2022-03-29,123.601,124.301,121.975,123.122,121362,8,0
2022-03-30,123.123,123.123,121.308,122.017,108477,8,0
2022-03-31,122.018,122.452,121.277,121.742,96382,8,0
2022-04-01,121.743,123.031,121.743,122.517,65542,8,0
2022-04-03,122.56,122.707,122.488,122.631,2630,11,0
2022-04-04,122.633,122.953,122.261,122.802,44464,8,0
2022-04-05,122.8,123.709,122.361,123.653,53586,8,0
2022-04-06,123.655,124.048,123.456,123.722,61838,8,0
2022-04-07,123.719,124.197,123.467,124.094,41542,8,0
2022-04-08,124.095,124.674,123.664,124.263,40203,8,0
2022-04-10,124.026,124.426,124.026,124.395,1865,11,0
2022-04-11,124.396,125.767,124.28,125.479,57023,8,0
2022-04-12,125.478,125.753,124.762,125.426,64175,8,0
2022-04-13,125.424,126.311,125.345,125.361,64595,8,0
2022-04-14,125.362,126.193,125.081,126.161,55044,8,0
2022-04-15,126.159,126.657,126.04,126.372,15444,35,0
2022-04-17,126.367,126.692,126.3,126.609,2964,11,0
2022-04-18,126.61,127.219,126.235,127.141,36075,8,0
2022-04-19,127.143,129.375,126.986,129.327,82811,8,0
2022-04-20,129.326,129.4,127.448,127.979,113166,8,0
2022-04-21,127.98,128.699,127.801,128.434,76464,8,0
2022-04-22,128.433,129.098,127.733,128.499,84338,8,0
2022-04-24,128.525,128.83,128.418,128.605,3083,11,0
2022-04-25,128.606,128.853,127.518,127.77,89842,8,0
2022-04-26,127.772,128.198,126.906,127.261,87589,8,0
2022-04-27,127.259,128.587,127.242,128.437,70892,8,0
2022-04-28,128.44,131.249,128.35,130.782,142889,8,0
2022-04-29,130.783,130.818,129.314,129.782,96675,8,0
2022-05-01,129.73,130.27,129.711,130.0,4985,11,0
2022-05-02,129.998,130.474,129.609,130.1,63316,8,0
2022-05-03,130.098,130.285,129.695,130.121,43379,8,0
2022-05-04,130.12,130.382,128.621,129.232,79537,8,0
2022-05-05,129.234,130.555,128.751,130.318,80195,8,0
2022-05-06,130.321,130.804,130.141,130.522,68957,8,0
2022-05-08,130.484,130.778,130.452,130.735,2909,11,0
2022-05-09,130.733,131.342,130.109,130.376,64972,8,0
2022-05-10,130.374,130.546,129.79,130.364,71911,8,0
2022-05-11,130.364,130.81,129.441,129.844,86573,8,0
2022-05-12,129.844,129.904,127.516,128.6,125226,8,0
2022-05-13,128.602,129.449,128.344,129.221,79325,8,0
2022-05-15,129.226,129.496,129.196,129.404,2559,11,0
2022-05-16,129.407,129.632,128.697,128.946,61685,8,0
2022-05-17,128.945,129.779,128.826,129.418,54436,8,0
2022-05-18,129.421,129.454,127.905,127.925,58979,8,0
2022-05-19,127.926,128.939,127.021,127.849,98337,8,0
2022-05-20,127.849,128.293,127.524,127.864,73441,8,0
2022-05-22,127.821,128.036,127.788,127.888,2356,11,0
2022-05-23,127.89,127.953,127.15,127.817,57710,8,0
2022-05-24,127.815,128.081,126.356,126.733,76582,8,0
2022-05-25,126.734,127.492,126.651,127.148,64486,8,0
2022-05-26,127.15,127.578,126.55,127.1,61117,8,0
2022-05-27,127.098,127.249,126.673,127.091,46000,8,0
2022-05-29,127.019,127.34,127.01,127.268,1617,11,0
2022-05-30,127.271,127.871,126.856,127.777,29509,8,0
2022-05-31,127.779,128.885,127.631,128.732,65457,8,0
2022-06-01,128.734,130.234,128.734,130.121,56850,8,0
2022-06-02,130.123,130.214,129.509,129.934,45376,8,0
2022-06-03,129.932,130.976,129.682,130.811,40817,8,0
2022-06-05,130.828,130.963,130.705,130.719,2288,11,0
2022-06-06,130.718,132.296,130.428,132.172,40111,8,0
2022-06-07,132.174,132.996,132.09,132.818,64503,8,0
2022-06-08,132.816,134.525,132.717,134.454,71612,8,0
2022-06-09,134.452,134.552,133.181,134.389,81943,8,0
2022-06-10,134.386,134.456,133.36,134.351,81240,8,0
2022-06-12,134.319,134.847,134.299,134.783,3910,11,0
2022-06-13,134.782,135.196,133.587,134.235,99442,8,0
2022-06-14,134.233,135.538,133.868,135.273,93035,8,0
2022-06-15,135.271,135.302,133.453,134.046,118920,8,0
2022-06-16,134.044,134.673,131.489,132.414,143780,8,0
2022-06-17,132.411,135.419,132.174,134.937,159936,8,0
2022-06-19,134.922,135.378,134.904,135.293,5418,11,0
2022-06-20,135.295,135.438,134.528,135.094,54680,8,0
2022-06-21,135.095,136.678,134.92,136.314,64170,8,0
2022-06-22,136.313,136.62,135.679,135.987,76161,11,0
2022-06-23,135.986,136.192,134.261,134.817,97519,8,0
2022-06-24,134.814,135.394,134.348,135.142,69316,8,0
2022-06-26,135.093,135.215,135.002,135.052,2861,11,0
2022-06-27,135.049,135.547,134.517,135.436,57567,8,0
2022-06-28,135.434,136.379,135.108,136.04,55897,8,0
2022-06-29,136.043,136.996,135.767,136.618,65547,8,0
2022-06-30,136.615,136.803,135.549,135.795,59857,8,0
2022-07-01,135.794,135.98,134.741,135.232,75273,8,0
2022-07-03,135.229,135.283,134.991,134.999,2955,11,0
2022-07-04,135.001,135.971,134.779,135.862,31912,8,0
2022-07-05,135.86,136.357,135.417,135.535,68243,8,0
2022-07-06,135.537,136.126,134.945,135.951,78739,8,0
2022-07-07,135.949,136.216,135.546,135.915,49627,8,0
2022-07-08,135.914,136.561,135.324,136.018,76492,8,0
2022-07-10,136.037,136.35,136.01,136.293,2121,11,0
2022-07-11,136.294,137.746,136.225,137.41,55733,11,0
2022-07-12,137.409,137.529,136.47,136.73,54462,11,0
2022-07-13,136.731,137.86,136.688,137.629,66157,11,0
2022-07-14,137.627,139.383,137.587,138.974,78290,11,0
2022-07-15,138.972,139.083,138.382,138.434,51507,11,0
2022-07-17,138.507,138.541,138.272,138.293,2338,11,0
2022-07-18,138.295,138.45,137.887,138.254,34580,11,0
2022-07-19,138.255,138.387,137.378,138.186,44201,11,0
2022-07-20,138.183,138.467,137.899,138.413,34388,11,0
2022-07-21,138.414,138.871,137.02,137.076,64559,11,0
2022-07-22,137.077,137.949,135.564,136.031,70385,8,0
2022-07-24,136.101,136.413,136.006,136.337,3230,11,0
2022-07-25,136.336,136.784,135.886,136.407,46329,11,0
2022-07-26,136.404,136.983,136.271,136.96,37355,11,0
2022-07-27,136.958,137.458,136.077,136.113,62383,11,0
2022-07-28,136.114,136.413,134.161,134.399,88000,8,0
2022-07-29,134.398,134.671,132.501,133.198,116861,8,0
2022-07-31,133.24,133.554,133.161,133.369,2824,11,0
2022-08-01,133.367,133.406,131.371,131.401,98328,8,0
2022-08-02,131.399,133.598,130.391,133.34,120780,8,0
2022-08-03,133.338,134.544,132.282,133.928,109428,8,0
2022-08-04,133.926,134.418,132.518,132.615,90318,8,0
2022-08-05,132.617,135.498,132.569,134.982,92051,8,0
2022-08-07,134.982,135.276,134.906,135.058,3773,11,0
2022-08-08,135.06,135.578,134.348,134.834,64680,8,0
2022-08-09,134.836,135.197,134.663,135.191,43155,8,0
2022-08-10,135.192,135.299,132.025,132.81,93499,8,0
2022-08-11,132.808,133.307,131.732,133.008,75628,8,0
2022-08-12,133.009,133.887,132.899,133.472,65140,8,0
2022-08-14,133.383,133.573,133.215,133.312,2480,11,0
2022-08-15,133.313,133.538,132.55,133.132,53693,8,0
2022-08-16,133.13,134.679,132.948,134.28,53650,8,0
2022-08-17,134.282,135.493,133.903,134.951,64180,8,0
2022-08-18,134.953,135.896,134.643,135.804,58477,8,0
2022-08-19,135.805,137.225,135.805,136.869,50293,11,0
2022-08-21,136.812,137.073,136.784,137.023,2602,11,0
2022-08-22,137.021,137.643,136.682,137.573,50084,8,0
2022-08-23,137.575,137.698,135.805,136.74,69707,11,0
2022-08-24,136.741,137.239,136.17,137.093,56184,11,0
2022-08-25,137.095,137.195,136.316,136.562,52618,11,0
2022-08-26,136.56,137.513,136.203,137.498,69746,11,0
2022-08-28,137.607,138.206,137.527,138.16,3461,11,0
2022-08-29,138.163,138.996,138.081,138.642,51799,11,0
2022-08-30,138.644,139.073,138.047,138.757,56031,11,0
2022-08-31,138.759,139.439,138.267,139.328,53928,11,0
2022-09-01,139.327,140.267,139.053,140.084,59157,11,0
2022-09-02,140.086,140.796,139.868,140.149,55295,11,0
2022-09-04,140.116,140.547,140.071,140.536,2645,11,0
2022-09-05,140.538,140.657,140.114,140.43,30928,11,0
2022-09-06,140.428,143.456,140.247,143.158,65399,11,0
2022-09-07,143.157,144.986,142.923,144.09,97032,11,0
2022-09-08,144.089,144.554,143.315,143.874,91707,11,0
2022-09-09,143.872,143.955,141.499,142.554,98100,11,0
2022-09-11,142.108,142.752,142.105,142.561,2632,11,0
2022-09-12,142.563,143.49,142.156,142.58,73387,11,0
2022-09-13,142.578,144.932,141.628,144.452,123849,11,0
2022-09-14,144.451,144.847,142.547,142.918,117777,11,0
2022-09-15,142.916,143.796,142.905,143.335,67678,11,0
2022-09-16,143.333,143.688,142.825,142.899,55532,11,0
2022-09-18,142.882,143.085,142.639,142.755,3711,11,0
2022-09-19,142.753,143.64,142.679,143.179,38158,11,0
2022-09-20,143.177,143.917,142.93,143.58,45928,11,0
2022-09-21,143.578,144.696,143.339,144.238,93874,11,0
2022-09-22,144.239,145.897,140.346,142.269,310625,11,0
2022-09-23,142.267,143.456,141.761,143.318,113758,11,0
2022-09-25,143.597,143.597,143.207,143.522,5080,11,0
2022-09-26,143.521,144.783,143.418,144.466,119369,11,0
2022-09-27,144.468,144.898,144.058,144.705,72917,11,0
2022-09-28,144.703,144.846,143.904,144.413,88849,11,0
2022-09-29,144.411,144.81,144.202,144.421,68930,11,0
2022-09-30,144.422,144.945,144.2,144.714,57725,11,0
2022-10-02,144.685,144.884,144.58,144.801,2809,11,0
2022-10-03,144.803,145.314,144.152,144.522,61793,11,0
2022-10-04,144.52,144.929,143.77,143.85,55786,11,0
2022-10-05,143.848,144.841,143.523,144.435,60186,11,0
2022-10-06,144.434,145.133,144.382,145.042,39834,11,0
2022-10-07,145.04,145.438,144.715,145.353,42949,11,0
2022-10-09,145.277,145.485,145.277,145.463,1747,11,0
2022-10-10,145.46,145.799,145.232,145.666,30095,11,0
2022-10-11,145.665,145.941,145.424,145.888,38915,11,0
2022-10-12,145.885,146.965,145.813,146.77,60542,11,0
2022-10-13,146.772,147.665,146.469,147.305,76369,11,0
2022-10-14,147.303,148.856,147.088,148.72,59733,11,0
2022-10-16,148.571,148.678,148.405,148.633,4010,11,0
2022-10-17,148.635,149.085,148.424,148.967,39398,11,0
2022-10-18,148.966,149.378,148.139,149.211,52958,11,0
2022-10-19,149.209,149.895,149.095,149.823,35846,11,0
2022-10-20,149.821,150.281,149.549,150.17,40662,11,0
2022-10-21,150.168,151.937,146.203,147.604,333442,11,0
2022-10-23,147.635,149.704,145.516,147.624,84308,11,0
2022-10-24,147.622,149.453,147.363,148.885,120195,11,0
2022-10-25,148.883,149.056,147.51,147.978,69238,11,0
2022-10-26,147.975,148.406,146.067,146.074,89777,11,0
2022-10-27,146.073,146.931,145.103,146.278,97806,11,0
2022-10-28,146.276,147.856,145.985,147.443,89653,11,0
2022-10-30,147.571,147.833,147.496,147.81,3387,11,0
2022-10-31,147.808,148.845,147.731,148.733,50804,11,0
2022-11-01,148.731,148.819,146.98,147.912,83919,11,0
2022-11-02,147.914,147.99,145.668,147.889,111949,11,0
2022-11-03,147.888,148.445,147.109,148.388,75163,11,0
2022-11-04,148.386,148.398,146.507,146.623,82257,11,0
2022-11-06,146.973,147.011,146.756,146.797,2108,43,0
2022-11-07,146.84,147.563,146.079,146.593,67368,11,0
2022-11-08,146.623,146.929,145.145,145.259,63180,11,0
2022-11-09,145.293,146.79,145.167,146.168,80493,11,0
2022-11-10,146.197,146.584,140.211,141.699,149985,11,0
2022-11-11,141.734,142.477,138.461,138.733,171511,11,0
2022-11-13,139.726,139.753,139.234,139.567,2637,43,0
2022-11-14,139.611,140.794,138.797,140.063,125793,11,0
2022-11-15,140.092,140.621,137.672,138.903,158236,11,0
2022-11-16,138.963,140.286,138.864,139.289,111673,11,0
2022-11-17,139.323,140.736,138.872,140.4,87863,11,0
2022-11-18,140.421,140.494,139.631,140.333,63648,11,0
2022-11-20,140.312,140.356,140.11,140.231,1451,43,0
2022-11-21,140.26,142.248,140.19,142.061,64649,11,0
2022-11-22,142.09,142.24,141.08,141.127,58325,11,0
2022-11-23,141.156,141.608,139.161,139.217,73047,11,0
2022-11-24,139.188,139.462,138.044,138.586,65931,11,0
2022-11-25,138.565,139.589,138.369,139.132,64425,11,0
2022-11-27,139.265,139.344,139.193,139.339,798,74,0
2022-11-28,139.336,139.336,137.493,138.684,89782,11,0
2022-11-29,138.673,139.348,137.864,138.71,88132,11,0
2022-11-30,138.69,139.889,137.304,137.324,113188,11,0
2022-12-01,137.313,137.463,135.018,135.099,122486,8,0
2022-12-02,135.1,135.98,133.619,134.319,132091,8,0
2022-12-04,134.467,134.527,134.256,134.458,1644,43,0
2022-12-05,134.441,136.855,134.128,136.544,85700,8,0
2022-12-06,136.532,137.422,135.959,136.857,83709,11,0
2022-12-07,136.838,137.854,136.21,136.361,97939,11,0
2022-12-08,136.346,137.24,136.219,136.583,71594,11,0
2022-12-09,136.584,136.901,135.597,136.591,86411,11,0
2022-12-11,136.507,136.762,136.456,136.686,1591,43,0
2022-12-12,136.68,137.845,136.614,137.479,56859,11,0
2022-12-13,137.477,137.963,134.652,135.545,113621,8,0
2022-12-14,135.53,135.987,134.511,135.32,132780,8,0
2022-12-15,135.313,138.169,135.28,137.731,88510,11,0
2022-12-16,137.717,137.736,136.29,136.74,73721,11,0
2022-12-18,135.915,136.553,135.914,136.53,2188,43,0
2022-12-19,136.531,137.157,135.748,136.953,70306,11,0
2022-12-20,136.94,137.471,130.563,131.889,272682,8,0
2022-12-21,131.887,132.525,131.488,132.393,105359,8,0
2022-12-22,132.392,132.716,131.64,132.375,77426,8,0
2022-12-23,132.376,133.133,132.287,132.816,63648,8,0
2022-12-25,132.747,132.821,132.694,132.767,521,41,0
2022-12-26,132.769,133.203,132.304,132.728,32337,26,0
2022-12-27,132.724,133.591,132.601,133.481,49879,8,0
2022-12-28,133.484,134.495,133.396,134.029,66319,8,0
2022-12-29,134.031,134.192,132.858,132.907,64890,8,0
2022-12-30,132.916,132.953,130.771,131.106,100047,8,0
2023-01-01,130.753,130.865,130.639,130.861,511,124,0
2023-01-02,130.877,131.334,130.397,130.694,19460,70,0
2023-01-03,130.749,131.416,129.498,131.291,130898,8,0
2023-01-04,131.293,132.715,129.923,132.242,124985,8,0
2023-01-05,132.244,134.05,131.679,133.317,117410,8,0
2023-01-06,133.319,134.77,131.992,132.095,135628,8,0
2023-01-08,131.901,132.279,131.771,131.801,3334,11,0
2023-01-09,131.803,132.652,131.304,131.727,101837,8,0
2023-01-10,131.728,132.475,131.381,132.092,99564,8,0
2023-01-11,132.1,132.868,131.767,131.89,73267,8,0
2023-01-12,131.898,132.03,128.862,129.169,175642,8,0
2023-01-13,129.171,129.344,127.454,127.857,137799,8,0
2023-01-15,127.75,128.132,127.682,128.052,2847,11,0
2023-01-16,128.053,128.861,127.217,128.298,95946,8,0
2023-01-17,128.297,129.155,127.989,128.277,111921,8,0
2023-01-18,128.279,131.572,127.563,128.548,266573,8,0
2023-01-19,128.549,128.813,127.757,128.369,102112,8,0
2023-01-20,128.367,130.607,128.341,129.569,96915,8,0
2023-01-22,129.425,129.634,129.307,129.378,2488,11,0
2023-01-23,129.384,130.886,129.04,130.592,86895,8,0
2023-01-24,130.59,131.114,129.722,130.203,78034,8,0
2023-01-25,130.21,130.578,129.221,129.252,76745,8,0
2023-01-26,129.255,130.614,129.02,129.799,92324,8,0
2023-01-27,129.804,130.266,129.495,129.862,67510,8,0
2023-01-29,129.615,129.881,129.608,129.833,1945,11,0
2023-01-30,129.835,130.565,129.202,130.483,80938,8,0
2023-01-31,130.482,130.501,129.741,130.11,73464,8,0
2023-02-01,130.107,130.405,128.402,128.602,114243,8,0
2023-02-02,128.6,129.13,128.079,128.759,101877,8,0
2023-02-03,128.761,131.208,128.324,131.191,97777,0,0
2023-02-05,132.182,132.182,131.499,132.058,4736,11,0
2023-02-06,132.06,132.898,131.579,132.623,90877,8,0
2023-02-07,132.621,132.621,130.472,131.046,124492,8,0
2023-02-08,131.053,131.535,130.593,131.383,72061,8,0
2023-02-09,131.385,131.821,130.339,131.512,90150,8,0
2023-02-10,131.515,131.879,129.801,131.423,139039,8,0
2023-02-12,131.31,131.639,131.31,131.552,1835,11,0
2023-02-13,131.553,132.905,131.445,132.332,76006,8,0
2023-02-14,132.334,133.31,131.488,132.988,131943,8,0
2023-02-15,132.987,134.353,132.541,133.902,81304,8,0
2023-02-16,133.9,134.458,133.6,134.071,75260,8,0
2023-02-17,134.068,135.109,134.051,134.15,57434,8,0
2023-02-19,134.226,134.324,134.167,134.304,1631,11,0
2023-02-20,134.308,134.533,133.919,134.327,30914,11,0
2023-02-21,134.333,135.223,134.146,134.984,61033,8,0
2023-02-22,134.99,135.057,134.361,134.932,61362,8,0
2023-02-23,134.933,135.359,134.259,134.618,51235,8,0
2023-02-24,134.622,136.514,134.052,136.487,89698,8,0
2023-02-26,136.434,136.466,136.232,136.422,1332,11,0
2023-02-27,136.423,136.554,135.912,136.316,51918,11,0
2023-02-28,136.319,136.914,135.733,136.344,53079,11,0
2023-03-01,136.342,136.466,135.254,136.186,59282,8,0
2023-03-02,136.191,137.1,136.049,136.716,63563,11,0
2023-03-03,136.714,136.764,135.742,135.813,53121,11,0
2023-03-05,135.921,136.029,135.844,136.016,2743,11,0
2023-03-06,136.019,136.187,135.364,135.99,47565,8,0
2023-03-07,135.994,137.415,135.537,137.386,67638,8,0
2023-03-08,137.386,137.906,136.475,137.222,66024,11,0
2023-03-09,137.225,137.25,135.938,136.362,54044,11,0
2023-03-10,136.368,136.99,134.112,135.059,142163,8,0
2023-03-12,134.379,135.049,133.549,134.963,19267,11,0
2023-03-13,134.965,134.97,132.282,133.085,222362,8,0
2023-03-14,133.087,134.897,133.024,134.433,146660,8,0
2023-03-15,134.431,135.109,132.212,132.899,212319,8,0
2023-03-16,132.901,133.821,131.715,133.364,197149,8,0
2023-03-17,133.361,133.577,131.552,131.844,120498,8,0
2023-03-19,131.806,132.358,131.648,132.274,6575,11,0
2023-03-20,132.275,132.644,130.536,131.395,150012,8,0
2023-03-21,131.393,132.626,131.03,132.397,83664,8,0
2023-03-22,132.395,132.998,131.002,131.182,110674,8,0
2023-03-23,131.181,131.66,130.318,130.862,116218,8,0
2023-03-24,130.864,130.937,129.636,130.719,120997,8,0
2023-03-26,130.552,130.96,130.474,130.847,4756,11,0
2023-03-27,130.844,131.753,130.492,131.236,73100,8,0
2023-03-28,131.235,131.292,130.402,131.045,74555,8,0
2023-03-29,131.043,132.888,130.922,132.547,74304,8,0
2023-03-30,132.545,133.266,132.197,133.197,69639,8,0
2023-03-31,133.198,133.588,132.618,132.802,80162,8,0
2023-04-02,133.234,133.377,133.051,133.352,5086,11,0
2023-04-03,133.35,133.751,132.169,132.317,70897,8,0
2023-04-04,132.319,133.165,131.357,131.432,75043,8,0
2023-04-05,131.43,131.84,130.616,130.932,76012,8,0
2023-04-06,130.934,131.9,130.774,131.63,54286,8,0
2023-04-07,131.628,132.362,131.513,132.139,23951,23,0
2023-04-09,132.105,132.162,131.814,132.097,2329,11,0
2023-04-10,132.095,133.867,131.992,133.467,61450,8,0
2023-04-11,133.464,133.801,132.969,133.596,49241,8,0
2023-04-12,133.594,134.04,132.73,133.084,67108,8,0
2023-04-13,133.082,133.388,132.015,132.482,55043,8,0
2023-04-14,132.484,133.832,132.166,133.753,60326,8,0
2023-04-16,133.784,133.99,133.743,133.984,2024,11,0
2023-04-17,133.982,134.567,133.708,134.451,48657,8,0
2023-04-18,134.45,134.7,133.856,134.039,44301,8,0
2023-04-19,134.037,135.131,133.95,134.71,48207,8,0
2023-04-20,134.708,134.969,133.951,133.995,48275,8,0
2023-04-21,133.994,134.487,133.544,134.122,46833,8,0
2023-04-23,134.037,134.113,133.925,133.96,1946,11,0
2023-04-24,133.962,134.727,133.888,134.082,38828,8,0
2023-04-25,134.079,134.474,133.362,133.707,53830,8,0
2023-04-26,133.705,133.923,133.012,133.46,68219,8,0
2023-04-27,133.457,134.194,133.173,133.801,56771,8,0
2023-04-28,133.799,136.556,133.344,136.304,110478,8,0
2023-04-30,136.128,136.43,136.122,136.4,3376,11,0
2023-05-01,136.399,137.572,136.248,137.517,42697,11,0
2023-05-02,137.515,137.768,136.311,136.468,60519,11,0
2023-05-03,136.467,136.568,134.381,134.549,81225,8,0
2023-05-04,134.547,134.874,133.495,134.158,99763,8,0
2023-05-05,134.157,135.118,133.877,134.832,56108,8,0
2023-05-07,134.845,135.295,134.792,135.19,2700,11,0
2023-05-08,135.187,135.222,134.639,135.083,43148,8,0
2023-05-09,135.081,135.354,134.719,135.288,43953,8,0
2023-05-10,135.287,135.463,134.016,134.096,57310,8,0
2023-05-11,134.098,134.84,133.74,134.489,64732,8,0
2023-05-12,134.486,135.749,134.398,135.705,38822,8,0
2023-05-14,135.607,135.894,135.592,135.82,1649,11,0
2023-05-15,135.818,136.32,135.708,136.026,38019,8,0
2023-05-16,136.029,136.678,135.651,136.423,36373,8,0
2023-05-17,136.422,137.688,136.3,137.601,36255,11,0
2023-05-18,137.599,138.741,137.285,138.623,44785,11,0
2023-05-19,138.622,138.66,137.422,137.915,60451,11,0
2023-05-21,137.932,137.984,137.571,137.693,2003,11,0
2023-05-22,137.691,138.794,137.49,138.66,51069,11,0
2023-05-23,138.658,138.905,138.239,138.607,53824,11,0
2023-05-24,138.606,139.447,138.229,139.292,51893,11,0
2023-05-25,139.295,140.224,139.175,140.019,57308,11,0
2023-05-26,140.018,140.721,139.491,140.568,45269,11,0
2023-05-28,140.572,140.886,140.471,140.88,2819,11,0
2023-05-29,140.879,140.914,140.11,140.467,21700,11,0
2023-05-30,140.47,140.927,139.567,139.791,65285,11,0
2023-05-31,139.789,140.393,138.955,139.135,59683,11,0
2023-06-01,139.133,139.945,138.41,138.738,49757,11,0
2023-06-02,138.736,140.064,138.602,139.938,47455,11,0
2023-06-04,139.947,140.24,139.895,140.209,1929,11,0
2023-06-05,140.211,140.447,139.247,139.41,43357,11,0
2023-06-06,139.411,139.989,139.093,139.519,40194,11,0
2023-06-07,139.521,140.24,139.022,139.91,42795,11,0
2023-06-08,139.909,140.09,138.755,138.88,44189,11,0
2023-06-09,138.882,139.72,138.862,139.325,38029,11,0
2023-06-11,139.306,139.461,139.275,139.37,1717,11,0
2023-06-12,139.368,139.76,139.058,139.457,39946,11,0
2023-06-13,139.455,140.303,139.007,140.146,52322,11,0
2023-06-14,140.144,140.198,139.278,139.96,58180,11,0
2023-06-15,139.962,141.498,139.939,140.262,66391,11,0
2023-06-16,140.263,141.887,139.85,141.795,68695,11,0
2023-06-18,141.708,141.949,141.676,141.86,3134,11,0
2023-06-19,141.859,141.998,141.438,141.9,36562,11,0
2023-06-20,141.902,142.247,141.21,141.337,62877,11,0
2023-06-21,141.335,142.363,141.332,141.683,63777,11,0
2023-06-22,141.683,143.222,141.606,143.025,61132,11,0
2023-06-23,143.024,143.867,142.694,143.694,68336,11,0
2023-06-25,143.491,143.673,143.398,143.534,3805,11,0
2023-06-26,143.534,143.707,142.934,143.458,58378,11,0
2023-06-27,143.458,144.169,143.279,143.873,57380,11,0
2023-06-28,143.873,144.612,143.726,144.385,62739,11,0
2023-06-29,144.387,144.894,144.129,144.791,62726,11,0
2023-06-30,144.791,145.062,144.201,144.268,62056,11,0
2023-07-02,144.292,144.402,144.217,144.394,2404,11,0
2023-07-03,144.393,144.908,143.974,144.593,51489,11,0
2023-07-04,144.594,144.671,144.202,144.403,28257,11,0
2023-07-05,144.403,144.73,144.075,144.494,45739,11,0
2023-07-06,144.494,144.649,143.552,143.972,71600,11,0
2023-07-07,143.97,144.192,142.028,142.089,73182,11,0
2023-07-09,142.115,142.284,142.055,142.208,3261,11,0
2023-07-10,142.206,143.0,141.174,141.305,61961,11,0
2023-07-11,141.305,141.455,140.069,140.118,62563,11,0
2023-07-12,140.116,140.159,138.152,138.32,78945,11,0
2023-07-13,138.318,138.951,137.889,138.062,71393,11,0
2023-07-14,138.061,139.151,137.23,138.739,74729,11,0
2023-07-16,138.682,138.797,138.647,138.683,2666,11,0
2023-07-17,138.683,139.402,137.992,138.719,52352,11,0
2023-07-18,138.718,139.185,137.675,139.018,80971,11,0
2023-07-19,139.018,139.989,138.847,139.604,68388,11,0
2023-07-20,139.604,140.492,139.108,139.85,62778,11,0
2023-07-21,139.848,141.95,139.745,141.762,76100,11,0
2023-07-23,141.655,141.763,141.602,141.751,2623,11,0
2023-07-24,141.749,141.808,140.74,141.538,64531,11,0
2023-07-25,141.538,141.732,140.695,140.909,52624,11,0
2023-07-26,140.909,141.181,139.923,140.366,71338,11,0
2023-07-27,140.364,141.316,138.701,138.866,117469,11,0
2023-07-28,138.868,141.157,138.059,141.147,212964,11,0
2023-07-30,140.966,141.109,140.746,140.752,4974,11,0
2023-07-31,140.749,142.682,140.688,142.323,83933,11,0
2023-08-01,142.323,143.54,142.254,142.958,68463,11,0
2023-08-02,142.96,143.473,142.231,143.356,78626,11,0
2023-08-03,143.352,143.887,142.061,142.6,99444,11,0
2023-08-04,142.602,142.878,141.547,141.702,70176,11,0
2023-08-06,141.61,141.938,141.605,141.869,3041,11,0
2023-08-07,141.867,142.582,141.511,142.528,48345,11,0
2023-08-08,142.534,143.488,142.525,143.258,62550,11,0
2023-08-09,143.256,143.754,142.996,143.715,46597,11,0
2023-08-10,143.714,144.868,143.277,144.85,63625,11,0
2023-08-11,144.85,144.997,144.417,144.924,40398,11,0
2023-08-13,144.907,144.96,144.819,144.849,2457,11,0
2023-08-14,144.849,145.574,144.651,145.432,48395,11,0
2023-08-15,145.431,145.86,145.101,145.62,55872,11,0
2023-08-16,145.617,146.401,145.304,146.333,46173,11,0
2023-08-17,146.333,146.555,145.573,145.708,51709,11,0
2023-08-18,145.705,145.792,144.924,145.356,51483,11,0
2023-08-20,145.3,145.412,145.222,145.322,1922,11,0
2023-08-21,145.321,146.397,145.142,146.242,43870,11,0
2023-08-22,146.244,146.394,145.492,145.775,44011,11,0
2023-08-23,145.773,145.81,144.537,144.677,57488,11,0
2023-08-24,144.677,146.072,144.613,146.049,45400,11,0
2023-08-25,146.05,146.628,145.719,146.389,50965,11,0
2023-08-27,146.395,146.611,146.354,146.541,2100,11,0
2023-08-28,146.541,146.739,146.269,146.458,34843,11,0
2023-08-29,146.457,147.369,145.664,145.978,54989,11,0
2023-08-30,145.977,146.531,145.554,146.085,57291,11,0
2023-08-31,146.083,146.223,145.346,145.481,56121,11,0
2023-09-01,145.481,146.289,144.439,146.197,55257,11,0
2023-09-03,146.155,146.223,146.02,146.064,1719,11,0
2023-09-04,146.064,146.55,146.034,146.538,23402,11,0
2023-09-05,146.536,147.796,146.483,147.455,46570,11,0
2023-09-06,147.455,147.812,147.011,147.712,50427,11,0
2023-09-07,147.71,147.868,147.04,147.332,42354,11,0
2023-09-08,147.331,147.864,146.577,147.777,47441,11,0
2023-09-10,146.986,147.257,146.619,147.124,4952,11,0
2023-09-11,147.125,147.142,145.898,146.668,69470,11,0
2023-09-12,146.668,147.229,146.434,147.156,45452,11,0
2023-09-13,147.154,147.721,147.093,147.326,55978,11,0
2023-09-14,147.327,147.56,147.012,147.458,50337,11,0
2023-09-15,147.456,147.945,147.335,147.833,43405,11,0
2023-09-17,147.678,147.875,147.655,147.863,1532,11,0
2023-09-18,147.865,147.871,147.482,147.611,29666,11,0
2023-09-19,147.611,147.917,147.503,147.757,33217,11,0
2023-09-20,147.757,148.336,147.469,148.318,49899,11,0
2023-09-21,148.316,148.457,147.316,147.643,49494,11,0
2023-09-22,147.645,148.411,147.504,148.349,49297,11,0
2023-09-24,148.267,148.442,148.199,148.43,2480,11,0
2023-09-25,148.43,148.958,148.283,148.819,30190,11,0
2023-09-26,148.819,149.181,148.701,149.05,38063,11,0
2023-09-27,149.053,149.702,148.858,149.489,38004,11,0
2023-09-28,149.49,149.553,149.142,149.333,40620,11,0
2023-09-29,149.328,149.508,148.522,149.314,49151,11,0
2023-10-01,149.537,149.628,149.372,149.528,3465,11,0
2023-10-02,149.527,149.877,149.452,149.861,34157,11,0
2023-10-03,149.86,150.153,147.285,149.176,81099,11,0
2023-10-04,149.174,149.314,148.731,148.975,55780,11,0
2023-10-05,148.978,149.111,148.256,148.466,52690,11,0
2023-10-06,148.468,149.531,148.461,149.253,49441,11,0
2023-10-08,149.037,149.206,148.927,149.148,4257,11,0
2023-10-09,149.148,149.22,148.286,148.328,30714,11,0
2023-10-10,148.328,149.093,148.158,148.625,52751,11,0
2023-10-11,148.623,149.319,148.42,149.032,47304,11,0
2023-10-12,149.031,149.824,148.951,149.783,40242,11,0
2023-10-13,149.783,149.822,149.449,149.526,34814,11,0
2023-10-15,149.308,149.627,149.305,149.558,2843,11,0
2023-10-16,149.557,149.758,149.37,149.577,29210,11,0
2023-10-17,149.575,149.845,148.738,149.758,37804,11,0
2023-10-18,149.756,149.912,149.481,149.761,30156,11,0
2023-10-19,149.767,149.959,149.664,149.802,36787,11,0
2023-10-20,149.802,149.987,149.643,149.838,27954,11,0
2023-10-22,149.836,149.889,149.734,149.882,1617,11,0
2023-10-23,149.882,149.986,149.552,149.773,23040,11,0
2023-10-24,149.772,149.926,149.317,149.852,30616,11,0
2023-10-25,149.851,150.285,149.791,150.092,23133,11,0
2023-10-26,150.093,150.772,149.864,150.363,43836,11,0
2023-10-27,150.361,150.408,149.456,149.6,30721,11,0
2023-10-29,149.452,149.764,149.438,149.733,1726,11,0
2023-10-30,149.733,149.849,148.8,149.094,37870,11,0
2023-10-31,149.095,151.706,149.086,151.32,73229,11,0
2023-11-01,151.32,151.441,150.536,150.572,48652,11,0
2023-11-02,150.571,150.589,149.843,150.495,44907,11,0
2023-11-03,150.493,150.494,149.191,149.331,40064,11,0
2023-11-05,149.314,149.455,149.254,149.428,1322,43,0
2023-11-06,149.452,150.05,149.371,149.95,32603,11,0
2023-11-07,149.983,150.688,149.957,150.376,33769,11,0
2023-11-08,150.394,151.055,150.346,150.827,33561,11,0
2023-11-09,150.852,151.383,150.769,151.291,37981,11,0
2023-11-10,151.343,151.595,151.219,151.497,25572,11,0
2023-11-12,151.416,151.488,151.393,151.418,1187,43,0
2023-11-13,151.456,151.905,151.202,151.603,32483,11,0
2023-11-14,151.643,151.789,150.149,150.456,42028,11,0
2023-11-15,150.482,151.404,150.042,151.181,45712,11,0
2023-11-16,151.206,151.428,150.282,150.665,37078,11,0
2023-11-17,150.698,150.77,149.196,149.534,50905,11,0
2023-11-19,149.573,149.924,149.468,149.921,2012,43,0
2023-11-20,149.956,149.988,148.099,148.35,65845,11,0
2023-11-21,148.381,148.591,147.149,148.109,79324,10,0
2023-11-22,148.146,149.745,148.031,149.438,62717,10,0
2023-11-23,149.461,149.685,148.884,149.55,38001,11,0
2023-11-24,149.628,149.708,149.194,149.32,38760,10,0
2023-11-26,149.408,149.553,149.351,149.545,2035,40,0
2023-11-27,149.575,149.672,148.314,148.386,65172,10,0
2023-11-28,148.413,148.826,146.948,147.039,78153,10,0
2023-11-29,147.063,147.901,146.667,147.023,94929,10,0
2023-11-30,147.056,148.513,146.861,147.968,86886,10,0
2023-12-01,147.996,148.342,146.655,146.78,84803,10,0
2023-12-03,146.662,146.747,146.151,146.308,3490,43,0
2023-12-04,146.359,147.449,146.221,147.26,85745,10,0
2023-12-05,147.299,147.387,146.556,147.15,80192,10,0
2023-12-06,147.182,147.496,146.892,147.138,60407,10,0
2023-12-07,147.182,147.186,141.623,144.137,152525,10,0
2023-12-08,144.234,145.204,142.493,144.909,164539,10,0
2023-12-10,144.914,145.032,144.747,144.935,2869,43,0
2023-12-11,144.985,146.587,144.868,145.989,91950,10,0
2023-12-12,146.044,146.123,144.725,145.268,88214,10,0
2023-12-13,145.294,145.991,142.094,142.747,116154,10,0
2023-12-14,142.787,142.911,140.95,142.227,161223,10,0
2023-12-15,142.275,142.463,141.425,142.134,107224,10,0
2023-12-17,142.038,142.325,142.025,142.304,2044,43,0
2023-12-18,142.327,143.154,142.067,142.667,72942,10,0
2023-12-19,142.691,144.954,142.243,143.86,135630,11,0
2023-12-20,143.919,144.097,143.234,143.494,82444,11,0
2023-12-21,143.528,143.559,141.946,142.047,86421,11,0
2023-12-22,142.071,142.66,141.86,142.429,75864,11,0
2023-12-25,142.233,142.381,141.976,142.071,1273,350,0
2023-12-26,142.192,142.615,142.043,142.399,28854,37,0
2023-12-27,142.474,142.83,141.309,141.407,45925,11,0
2023-12-28,141.437,141.666,140.247,141.404,79092,11,0
2023-12-29,141.437,141.911,140.79,140.993,69246,11,0
2024-01-01,140.699,140.96,140.643,140.952,1417,344,0
2024-01-02,141.064,142.213,141.047,142.141,63317,11,0
2024-01-03,142.172,143.729,141.855,142.959,80058,11,0
2024-01-04,142.994,144.848,142.85,144.741,80700,11,0
2024-01-05,144.77,145.967,143.804,144.592,105250,11,0
2024-01-07,144.39,144.88,144.39,144.689,2128,43,0
2024-01-08,144.718,144.794,143.657,144.186,75615,11,0
2024-01-09,144.218,144.62,143.417,144.397,82809,11,0
2024-01-10,144.428,145.83,144.411,145.707,67971,11,0
2024-01-11,145.724,146.413,144.877,145.073,105076,11,0
2024-01-12,145.096,145.563,144.346,144.895,86863,11,0
2024-01-14,144.86,145.141,144.806,145.111,1718,43,0
2024-01-15,145.146,145.938,144.929,145.767,50034,11,0
2024-01-16,145.792,147.308,145.581,147.201,89856,11,0
2024-01-17,147.242,148.527,147.093,148.109,85046,11,0
2024-01-18,148.134,148.299,147.651,148.082,77963,11,0
2024-01-19,148.12,148.801,147.835,148.123,76526,11,0
2024-01-21,148.112,148.218,148.03,148.09,2441,43,0
2024-01-22,148.121,148.3,147.612,148.11,69214,11,0
2024-01-23,148.142,148.691,146.977,148.2,99302,11,0
2024-01-24,148.243,148.259,146.643,147.55,83648,11,0
2024-01-25,147.585,147.946,147.078,147.693,77527,11,0
2024-01-26,147.716,148.204,147.411,148.08,65517,11,0
2024-01-28,148.068,148.153,147.96,148.152,2231,43,0
2024-01-29,148.18,148.331,147.249,147.451,57971,11,0
2024-01-30,147.484,147.924,147.093,147.259,62310,11,0
2024-01-31,147.332,147.896,146.011,146.971,126492,11,0
2024-02-01,147.004,147.11,145.89,146.423,102929,11,0
2024-02-02,146.457,148.582,146.239,148.335,79034,11,0
2024-02-04,148.365,148.626,148.246,148.439,2813,43,0
2024-02-05,148.509,148.889,148.264,148.618,66725,11,0
2024-02-06,148.66,148.785,147.688,147.792,62816,11,0
2024-02-07,147.817,148.255,147.613,148.055,64895,11,0
2024-02-08,148.084,149.474,147.928,149.243,65633,11,0
2024-02-09,149.26,149.571,149.006,149.24,57735,11,0
2024-02-11,149.242,149.261,149.032,149.149,2116,43,0
2024-02-12,149.177,149.474,148.923,149.365,47304,11,0
2024-02-13,149.401,150.882,149.201,150.697,63922,11,0
2024-02-14,150.721,150.774,150.261,150.515,58671,11,0
2024-02-15,150.554,150.554,149.53,149.915,63787,11,0
2024-02-16,149.957,150.642,149.923,150.175,54849,11,0
2024-02-18,150.158,150.179,149.967,150.102,2212,43,0
2024-02-19,150.15,150.258,149.871,150.21,32133,11,0
2024-02-20,150.267,150.435,149.678,149.925,50840,11,0
2024-02-21,149.962,150.39,149.849,150.303,48880,11,0
2024-02-22,150.337,150.684,150.012,150.445,56078,11,0
2024-02-23,150.472,150.766,150.289,150.517,41635,11,0
2024-02-25,150.319,150.523,150.208,150.461,2166,43,0
2024-02-26,150.496,150.835,150.289,150.534,44652,11,0
2024-02-27,150.571,150.606,150.071,150.465,43377,11,0
2024-02-28,150.51,150.84,150.368,150.628,45762,11,0
2024-02-29,150.656,150.656,149.204,150.053,69216,11,0
2024-03-01,150.062,150.717,150.029,150.081,55819,11,0
2024-03-03,149.987,150.127,149.899,150.112,1926,43,0
2024-03-04,150.126,150.565,149.836,150.424,41074,11,0
2024-03-05,150.451,150.541,149.698,149.997,49037,11,0
2024-03-06,150.049,150.08,149.089,149.235,61664,11,0
2024-03-07,149.261,149.261,147.578,147.832,79396,11,0
2024-03-08,147.861,148.114,146.476,147.053,85959,11,0
2024-03-10,146.956,147.099,146.704,146.799,4852,11,0
2024-03-11,146.793,147.145,146.482,146.729,58469,11,0
2024-03-12,146.731,148.165,146.615,147.642,72811,11,0
2024-03-13,147.618,148.044,147.227,147.633,55142,11,0
2024-03-14,147.586,148.354,147.429,148.299,62778,11,0
2024-03-15,148.297,149.161,148.029,149.033,51189,11,0
2024-03-17,148.929,149.05,148.842,148.953,3169,11,0
2024-03-18,148.948,149.326,148.903,149.157,44079,11,0
2024-03-19,149.149,151.062,148.996,151.045,81579,11,0
2024-03-20,151.018,151.814,150.678,150.738,73437,11,0
2024-03-21,150.739,151.751,150.261,151.641,67727,11,0
2024-03-22,151.626,151.86,150.999,151.427,54237,11,0
2024-03-24,151.352,151.407,151.081,151.317,3643,11,0
2024-03-25,151.305,151.54,151.047,151.383,40967,11,0
2024-03-26,151.375,151.598,151.199,151.533,32881,11,0
2024-03-27,151.518,151.968,151.012,151.293,54522,11,0
2024-03-28,151.289,151.54,151.146,151.44,40098,11,0
2024-03-29,151.44,151.493,151.051,151.136,20555,13,0
2024-03-31,151.096,151.425,151.096,151.419,3520,11,0
2024-04-01,151.397,151.769,151.244,151.585,28253,11,0
2024-04-02,151.593,151.801,151.432,151.547,30866,11,0
2024-04-03,151.54,151.95,151.428,151.575,32156,11,0
2024-04-04,151.578,151.765,151.114,151.292,34292,11,0
2024-04-05,151.29,151.748,150.807,151.6,42426,11,0
2024-04-07,151.525,151.691,151.445,151.689,2950,11,0
2024-04-08,151.673,151.939,151.668,151.834,28844,11,0
2024-04-09,151.829,151.931,151.566,151.779,29849,11,0
2024-04-10,151.772,153.142,151.676,152.96,54269,11,0
2024-04-11,152.947,153.315,152.755,153.204,50977,11,0
2024-04-12,153.19,153.379,152.587,153.247,47199,11,0
2024-04-14,152.919,153.317,152.791,153.298,4269,11,0
2024-04-15,153.3,154.44,153.275,154.223,56938,11,0
2024-04-16,154.216,154.782,153.894,154.707,54861,11,0
2024-04-17,154.694,154.729,154.082,154.355,41314,11,0
2024-04-18,154.332,154.675,153.951,154.604,41625,11,0
2024-04-19,154.609,154.667,153.586,154.617,61591,11,0
2024-04-21,154.57,154.648,154.277,154.632,3418,11,0
2024-04-22,154.632,154.847,154.583,154.808,26692,11,0
2024-04-23,154.811,154.871,154.546,154.744,32000,11,0
2024-04-24,154.744,155.37,154.737,155.263,35764,11,0
2024-04-25,155.264,155.742,155.24,155.618,43458,11,0
2024-04-26,155.62,158.32,154.963,158.309,93921,11,0
2024-04-28,157.752,158.376,157.692,158.197,5574,11,0
2024-04-29,158.196,160.221,154.515,156.319,287742,11,0
2024-04-30,156.312,157.766,156.148,157.729,46433,18,0
2024-05-01,157.727,157.979,152.843,155.721,49056,18,0
2024-05-02,155.717,156.278,152.859,153.124,79833,18,0
2024-05-03,153.121,153.43,151.851,152.889,56773,18,0
2024-05-05,152.813,153.698,152.625,153.65,4493,18,0
2024-05-06,153.653,154.279,153.312,154.24,39662,11,0
2024-05-07,154.238,154.839,153.869,154.769,50991,11,0
2024-05-08,154.771,155.681,154.684,155.374,43636,11,0
2024-05-09,155.376,155.946,155.15,155.39,40521,11,0
2024-05-10,155.393,155.9,155.357,155.732,32472,11,0
2024-05-12,155.665,155.831,155.579,155.828,2267,11,0
2024-05-13,155.828,156.246,155.498,156.223,33726,11,0
2024-05-14,156.226,156.775,156.222,156.517,33366,11,0
2024-05-15,156.514,156.557,154.15,154.297,66326,11,0
2024-05-16,154.293,155.533,153.595,155.397,69029,11,0
2024-05-17,155.394,155.973,155.245,155.614,38497,11,0
2024-05-19,155.551,155.818,155.353,155.763,2924,11,0
2024-05-20,155.765,156.399,155.49,156.397,35485,11,0
2024-05-21,156.397,156.544,155.838,156.265,43738,11,0
2024-05-22,156.268,156.766,156.139,156.73,36503,11,0
2024-05-23,156.73,157.191,156.522,156.988,48567,11,0
2024-05-24,156.989,157.142,156.817,156.936,28566,11,0
2024-05-26,156.927,156.983,156.685,156.865,3054,11,0
2024-05-27,156.865,156.955,156.659,156.834,22624,11,0
2024-05-28,156.834,157.285,156.573,157.267,35181,11,0
2024-05-29,157.268,157.704,156.889,157.625,36990,11,0
2024-05-30,157.623,157.623,156.366,156.985,56928,11,0
2024-05-31,156.983,157.362,156.552,157.228,53908,11,0
2024-06-02,157.077,157.297,157.005,157.178,3241,11,0
2024-06-03,157.178,157.469,155.944,156.089,52922,11,0
2024-06-04,156.089,156.482,154.544,155.113,79889,11,0
2024-06-05,155.113,156.481,155.091,155.912,63975,11,0
2024-06-06,155.909,156.443,155.348,155.675,60596,11,0
2024-06-07,155.676,157.07,155.114,156.724,65563,11,0
2024-06-09,156.611,156.91,156.551,156.82,4244,11,0
2024-06-10,156.819,157.188,156.715,157.04,45642,11,0
2024-06-11,157.039,157.4,156.801,157.105,42481,11,0
2024-06-12,157.103,157.368,155.714,156.799,75746,11,0
2024-06-13,156.797,157.307,156.576,157.121,55045,11,0
2024-06-14,157.119,158.252,156.8,157.35,104114,11,0
2024-06-16,157.339,157.659,157.089,157.553,3730,11,0
2024-06-17,157.553,157.955,157.151,157.692,41813,11,0
2024-06-18,157.692,158.225,157.511,157.861,45697,11,0
2024-06-19,157.862,158.066,157.598,157.951,22173,11,0
2024-06-20,157.95,158.947,157.95,158.932,35746,11,0
2024-06-21,158.931,159.799,158.664,159.771,37927,11,0
2024-06-23,159.694,159.903,159.488,159.893,3823,11,0
2024-06-24,159.893,159.926,158.738,159.695,51183,11,0
2024-06-25,159.695,159.751,159.183,159.697,39395,11,0
2024-06-26,159.699,160.841,159.661,160.627,48792,11,0
2024-06-27,160.626,160.815,160.277,160.701,40243,11,0
2024-06-28,160.7,161.282,160.259,160.858,57859,11,0
2024-06-30,160.646,160.932,160.626,160.921,3534,11,0
2024-07-01,160.92,161.725,160.733,161.506,43572,11,0
2024-07-02,161.506,161.741,161.263,161.483,34451,11,0
2024-07-03,161.484,161.946,160.765,161.586,44044,11,0
2024-07-04,161.583,161.602,160.941,161.354,31242,11,0
2024-07-05,161.353,161.39,160.331,160.764,61236,11,0
2024-07-07,160.641,160.813,160.571,160.633,3621,11,0
2024-07-08,160.635,161.115,160.259,160.855,43430,11,0
2024-07-09,160.852,161.512,160.732,161.324,39779,11,0
2024-07-10,161.323,161.803,161.295,161.591,30002,11,0
2024-07-11,161.588,161.756,157.414,158.281,182470,11,0
2024-07-12,158.279,159.382,157.359,157.875,132839,11,0
2024-07-14,157.974,158.418,157.93,158.288,5325,11,0
2024-07-15,158.284,158.363,157.159,158.15,59028,11,0
2024-07-16,158.147,158.853,158.103,158.36,47450,11,0
2024-07-17,158.36,158.623,155.367,155.668,108263,11,0
2024-07-18,155.667,157.395,155.454,157.175,84265,11,0
2024-07-19,157.172,157.858,156.955,157.449,63910,11,0
2024-07-21,157.388,157.494,157.153,157.421,5166,11,0
2024-07-22,157.421,157.608,156.28,156.902,67757,11,0
2024-07-23,156.9,156.924,155.41,155.76,73771,11,0
2024-07-24,155.762,155.987,153.1,153.912,118113,11,0
2024-07-25,153.911,154.315,151.938,153.697,164039,11,0
2024-07-26,153.694,154.735,153.093,153.752,106806,11,0
2024-07-28,153.647,154.21,153.511,154.145,6525,11,0
2024-07-29,154.147,154.347,153.01,153.831,92001,11,0
2024-07-30,153.829,155.214,152.374,152.654,119185,11,0
2024-07-31,152.652,153.904,149.605,149.784,237502,11,0
2024-08-01,149.786,150.888,148.505,149.205,179011,11,0
2024-08-02,149.203,149.774,146.413,146.522,190045,11,0
2024-08-04,146.389,146.551,145.277,145.589,21793,11,0
2024-08-05,145.586,145.939,141.679,145.8,384025,11,0
2024-08-06,145.802,146.375,144.042,144.732,283225,11,0
2024-08-07,144.735,147.904,144.546,146.283,261780,11,0
2024-08-08,146.284,147.813,145.423,147.691,212319,11,0
2024-08-09,147.689,147.775,146.262,146.614,117332,11,0
2024-08-11,146.561,147.125,146.45,147.069,7301,11,0
2024-08-12,147.07,148.221,146.697,147.019,86237,11,0
2024-08-13,147.022,147.944,146.592,146.944,96296,11,0
2024-08-14,146.942,147.577,146.065,147.267,102758,11,0
2024-08-15,147.271,149.381,147.048,149.225,84727,11,0
2024-08-16,149.228,149.27,147.555,147.599,77755,11,0
2024-08-18,147.519,148.048,147.438,147.959,3629,11,0
2024-08-19,147.962,148.002,145.184,146.709,104372,11,0
2024-08-20,146.711,147.343,144.938,145.32,98850,11,0
2024-08-21,145.317,146.896,144.45,145.12,120666,11,0
2024-08-22,145.118,146.523,144.937,146.208,81888,11,0
2024-08-23,146.211,146.477,144.041,144.36,96918,11,0
2024-08-25,144.185,144.333,143.553,143.919,11692,9,0
2024-08-26,143.922,144.65,143.443,144.501,85279,9,0
2024-08-27,144.504,145.17,143.671,143.96,67259,9,0
2024-08-28,143.963,145.037,143.907,144.435,68520,9,0
2024-08-29,144.432,145.553,144.269,144.887,74498,9,0
2024-08-30,144.885,146.244,144.649,146.176,58229,9,0
2024-09-01,145.997,146.599,145.933,146.398,5546,9,0
2024-09-02,146.398,147.174,145.77,146.746,53398,9,0
2024-09-03,146.748,147.205,145.086,145.364,108370,9,0
2024-09-04,145.365,145.551,143.183,143.333,116371,9,0
2024-09-05,143.33,144.229,142.845,143.385,113394,9,0
2024-09-06,143.382,144.045,141.766,142.297,169498,9,0
2024-09-08,142.221,142.526,141.954,142.488,9404,9,0
2024-09-09,142.487,143.796,142.417,143.181,100451,9,0
2024-09-10,143.181,143.709,142.188,142.233,89153,9,0
2024-09-11,142.235,142.674,140.706,142.632,145872,9,0
2024-09-12,142.634,143.041,141.423,141.506,126793,9,0
2024-09-13,141.509,141.557,140.278,140.806,116020,9,0
2024-09-15,140.747,140.897,140.435,140.845,5807,9,0
2024-09-16,140.845,141.245,139.576,140.797,112400,9,0
2024-09-17,140.796,142.453,140.317,142.005,121857,9,0
2024-09-18,142.005,142.757,140.434,142.698,157643,9,0
2024-09-19,142.7,143.942,142.038,142.862,170788,9,0
2024-09-20,142.859,144.494,141.731,143.917,170401,9,0
2024-09-22,143.82,144.088,143.671,144.078,6671,9,0
2024-09-23,144.08,144.457,143.16,143.633,120969,9,0
2024-09-24,143.63,144.675,142.86,142.946,119996,9,0
2024-09-25,142.948,144.838,142.906,144.709,102967,9,0
2024-09-26,144.707,145.211,144.104,145.081,118593,9,0
2024-09-27,145.08,146.496,142.063,142.204,212755,9,0
2024-09-29,142.214,142.947,142.057,142.786,7557,9,0
2024-09-30,142.789,143.915,141.641,143.712,136294,9,0
2024-10-01,143.71,144.527,142.963,143.722,170337,9,0
2024-10-02,143.72,146.797,143.526,146.569,126863,9,0
2024-10-03,146.568,147.241,146.297,146.84,124006,9,0
2024-10-04,146.837,149.004,145.913,148.687,117132,9,0
2024-10-06,148.658,149.111,148.555,148.796,7602,9,0
2024-10-07,148.792,148.792,147.548,148.126,111407,9,0
2024-10-08,148.129,148.38,147.338,148.14,102435,9,0
2024-10-09,148.14,149.362,148.006,149.161,75985,9,0
2024-10-10,149.158,149.595,148.245,148.705,120217,9,0
2024-10-11,148.705,149.283,148.397,149.091,68025,9,0
2024-10-13,148.997,149.392,148.942,149.302,3968,9,0
2024-10-14,149.302,149.979,149.14,149.712,49437,9,0
2024-10-15,149.712,149.756,148.845,149.082,78399,9,0
2024-10-16,149.084,149.802,148.855,149.562,68919,9,0
2024-10-17,149.56,150.32,149.233,150.1,74193,9,0
2024-10-18,150.102,150.152,149.362,149.528,63927,9,0
2024-10-20,149.449,149.633,149.347,149.6,3397,9,0
2024-10-21,149.599,150.879,149.08,150.619,65811,9,0
2024-10-22,150.619,151.191,150.492,151.149,71782,9,0
2024-10-23,151.147,153.183,151.132,152.769,84759,9,0
2024-10-24,152.767,152.792,151.547,151.783,97918,9,0
2024-10-25,151.785,152.376,151.446,152.301,72398,9,0
2024-10-27,153.007,153.19,152.598,152.953,10109,9,0
2024-10-28,152.955,153.879,152.404,153.136,85519,9,0
2024-10-29,153.139,153.862,152.75,153.262,83734,9,0
2024-10-30,153.265,153.494,152.773,153.235,85795,9,0
2024-10-31,153.235,153.614,151.781,151.98,121033,9,0
2024-11-01,151.977,153.084,151.786,152.974,96706,9,0
2024-11-03,152.264,152.488,152.163,152.286,4308,9,0
2024-11-04,152.29,152.29,151.528,152.273,81566,9,0
2024-11-05,152.274,152.541,151.33,151.435,72385,9,0
2024-11-06,151.436,154.696,151.282,154.298,239956,9,0
2024-11-07,154.304,154.71,152.686,153.17,121347,9,0
2024-11-08,153.168,153.365,152.136,152.585,95740,9,0
2024-11-10,152.612,152.94,152.53,152.908,3019,9,0
2024-11-11,152.91,153.948,152.868,153.513,61218,9,0
2024-11-12,153.522,154.921,153.4,154.656,73975,9,0
2024-11-13,154.658,155.62,154.337,155.414,89692,9,0
2024-11-14,155.415,156.51,155.402,156.475,84431,9,0
2024-11-15,156.476,156.746,153.858,154.354,112418,9,0
2024-11-17,154.279,154.739,154.178,154.634,3748,9,0
2024-11-18,154.636,155.354,153.835,154.611,119546,9,0
2024-11-19,154.611,154.796,153.276,154.717,139202,9,0
2024-11-20,154.723,155.886,154.583,155.271,81715,9,0
2024-11-21,155.272,155.301,153.902,154.149,129399,9,0
2024-11-22,154.155,155.023,153.963,154.742,105755,9,0
2024-11-24,154.17,154.36,154.047,154.146,4357,9,0
2024-11-25,154.147,154.72,153.546,154.374,110265,9,0
2024-11-26,154.382,154.414,152.921,152.921,113889,9,0
2024-11-27,152.927,153.029,150.448,151.34,124379,9,0
2024-11-28,151.34,151.949,150.972,151.179,60397,9,0
2024-11-29,151.181,151.204,149.461,149.658,120016,9,0
2024-12-01,149.557,150.062,149.363,149.858,4330,9,0
2024-12-02,149.864,150.748,149.077,149.507,117908,9,0
2024-12-03,149.512,150.234,148.638,149.61,107383,9,0
2024-12-04,149.608,151.229,149.516,150.543,116007,9,0
2024-12-05,150.545,150.694,149.649,150.112,98480,9,0
2024-12-06,150.117,150.697,149.356,150.04,100275,9,0
2024-12-08,149.883,150.039,149.805,150.03,2335,9,0
2024-12-09,149.943,151.424,149.833,151.386,60724,9,0
2024-12-10,151.389,152.18,150.895,151.832,77599,9,0
2024-12-11,151.84,152.858,150.998,152.257,109143,9,0
2024-12-12,152.257,152.771,151.796,152.585,96725,9,0
2024-12-13,152.588,153.799,152.55,153.633,65001,9,0
2024-12-15,153.621,153.677,153.391,153.45,2752,9,0
2024-12-16,153.451,154.475,153.323,154.088,60788,9,0
2024-12-17,154.096,154.34,153.156,153.561,74862,9,0
2024-12-18,153.568,154.813,153.331,154.658,82125,9,0
2024-12-19,154.661,157.807,154.461,157.643,138572,9,0
2024-12-20,157.647,157.923,155.948,156.424,103412,9,0
2024-12-22,156.348,156.561,156.255,156.557,2485,9,0
2024-12-23,156.565,157.265,156.333,157.176,60841,9,0
2024-12-24,157.181,157.389,156.885,157.119,37976,9,0
2024-12-25,156.994,157.261,156.962,157.117,2046,9,0
2024-12-26,157.123,158.08,157.07,157.762,42083,9,0
2024-12-27,157.767,157.95,157.347,157.873,52845,9,0
2024-12-29,157.687,157.889,157.594,157.885,1785,9,0
2024-12-30,157.899,158.072,156.668,157.006,58515,9,0
2024-12-31,157.007,157.545,156.018,157.208,69064,9,0
2025-01-01,157.014,157.768,156.999,157.678,2377,9,0
2025-01-02,157.697,157.85,156.434,157.353,82230,9,0
2025-01-03,157.355,157.491,156.867,157.302,49309,9,0
2025-01-05,157.152,157.524,157.085,157.498,2085,9,0
2025-01-06,157.505,157.959,156.238,157.733,89918,9,0
2025-01-07,157.736,158.425,157.362,158.209,87179,9,0
2025-01-08,158.227,158.551,157.901,158.188,66724,9,0
2025-01-09,158.192,158.322,157.57,158.034,52121,9,0
2025-01-10,158.04,158.875,157.22,157.722,98021,9,0
2025-01-12,157.703,157.912,157.605,157.902,2422,9,0
2025-01-13,157.907,157.964,156.909,157.302,78484,9,0
2025-01-14,157.305,158.194,157.055,158.039,92715,9,0
2025-01-15,158.043,158.082,155.931,156.219,91798,9,0
2025-01-16,156.219,156.524,154.977,155.36,108143,9,0
2025-01-17,155.363,156.372,154.972,156.285,72892,9,0
2025-01-19,156.195,156.568,156.153,156.3,2630,9,0
2025-01-20,156.307,156.467,155.16,155.268,91400,9,0
2025-01-21,155.27,156.235,154.77,155.741,109638,9,0
2025-01-22,155.744,156.704,155.35,156.416,70787,9,0
2025-01-23,156.432,156.749,155.738,156.135,70340,9,0
2025-01-24,156.134,156.574,154.836,155.984,128411,9,0
2025-01-26,155.636,155.808,155.556,155.711,3154,9,0
2025-01-27,155.718,156.245,153.709,154.911,140460,9,0
2025-01-28,154.915,155.977,154.796,155.559,95725,9,0
2025-01-29,155.561,155.788,154.936,155.177,91442,9,0
2025-01-30,155.176,155.199,153.786,154.087,106667,9,0
2025-01-31,154.089,155.218,153.911,155.199,106620,9,0
2025-02-02,154.714,155.424,154.682,155.337,6602,9,0
2025-02-03,155.346,155.883,154.001,155.257,143729,9,0
2025-02-04,155.264,155.519,154.009,154.126,89783,9,0
2025-02-05,154.129,154.355,152.108,152.644,110928,9,0
2025-02-06,152.648,152.892,151.142,151.163,97613,9,0
2025-02-07,151.167,152.42,150.927,151.402,120929,9,0
2025-02-09,151.182,151.876,151.09,151.865,4170,9,0
2025-02-10,151.872,152.535,151.564,151.781,72585,9,0
2025-02-11,151.788,152.754,151.645,152.754,65931,9,0
2025-02-12,152.766,154.801,152.723,154.23,90830,9,0
2025-02-13,154.231,154.666,152.65,152.984,93967,9,0
2025-02-14,152.987,153.098,152.018,152.297,80901,9,0
2025-02-16,152.16,152.38,151.955,152.005,2475,9,0
2025-02-17,152.004,152.114,151.216,151.434,58974,9,0
2025-02-18,151.435,152.219,151.413,151.919,63991,9,0
2025-02-19,151.92,152.309,151.115,151.22,72722,9,0
2025-02-20,151.221,151.234,149.272,149.475,94223,9,0
2025-02-21,149.479,150.734,148.919,149.281,95665,9,0
2025-02-23,149.126,149.394,149.083,149.394,3315,9,0
2025-02-24,149.402,149.905,148.841,149.905,95485,9,0
2025-02-25,149.91,150.296,148.557,149.046,107856,9,0
2025-02-26,149.047,149.885,148.614,148.87,104930,9,0
2025-02-27,148.877,150.161,148.781,150.081,116766,9,0
2025-02-28,150.087,150.983,149.095,150.617,130655,9,0
2025-03-02,150.663,151.01,150.544,150.801,3665,9,0
2025-03-03,150.807,151.3,149.093,149.298,137775,9,0
2025-03-04,149.304,149.962,148.09,149.82,193270,9,0
2025-03-05,149.824,150.181,148.391,148.883,170641,9,0
2025-03-06,148.881,149.332,147.308,148.14,171401,9,0
2025-03-07,148.147,148.201,146.935,148.04,178126,9,0
2025-03-09,147.886,147.931,147.382,147.588,9168,9,0
2025-03-10,147.585,147.79,146.626,147.076,143797,9,0
2025-03-11,147.078,148.117,146.538,148.046,178174,9,0
2025-03-12,148.043,149.193,147.842,148.289,121087,9,0
2025-03-13,148.291,148.369,147.409,147.936,111908,9,0
2025-03-14,147.937,149.02,147.847,148.63,90613,9,0
2025-03-16,148.726,148.795,148.459,148.602,5730,9,0
2025-03-17,148.604,149.395,148.244,149.395,98095,9,0
2025-03-18,149.392,149.931,149.093,149.439,80260,9,0
2025-03-19,149.437,150.145,148.412,148.455,97668,9,0
2025-03-20,148.458,148.958,148.169,148.618,81996,9,0
2025-03-21,148.62,149.662,148.588,149.298,77559,9,0
2025-03-23,149.32,149.688,149.288,149.66,5047,9,0
2025-03-24,149.66,150.859,149.45,150.775,70493,9,0
2025-03-25,150.778,150.94,149.543,149.938,65700,9,0
2025-03-26,149.939,150.743,149.836,150.469,75816,9,0
2025-03-27,150.466,151.154,150.055,150.846,78297,9,0
2025-03-28,150.849,151.209,149.673,149.821,82538,9,0
2025-03-30,149.763,149.817,149.297,149.616,8245,9,0
2025-03-31,149.613,150.264,148.696,149.943,117061,9,0
2025-04-01,149.941,149.986,148.971,149.746,105006,9,0
2025-04-02,149.744,150.38,147.682,147.879,111333,9,0
2025-04-03,147.876,148.333,145.184,146.251,252500,9,0
2025-04-04,146.25,147.429,144.546,146.931,361029,9,0
2025-04-06,145.451,145.652,144.814,145.435,28378,9,0
2025-04-07,145.432,148.148,145.068,147.788,419353,9,0
2025-04-08,147.786,147.967,145.595,145.846,262918,9,0
2025-04-09,145.844,148.28,143.987,147.399,413843,9,0
2025-04-10,147.397,147.46,143.709,143.746,263086,9,0
2025-04-11,143.75,144.197,142.046,143.49,321390,9,0
2025-04-13,143.756,144.042,143.496,143.691,13446,9,0
2025-04-14,143.693,144.078,142.226,143.21,183955,9,0
2025-04-15,143.212,143.59,142.591,143.157,128321,9,0
2025-04-16,143.156,143.17,141.493,141.927,146505,9,0
2025-04-17,141.923,143.085,141.844,142.338,133613,9,0
2025-04-18,142.346,142.413,142.001,142.09,40495,67,0
2025-04-20,141.987,142.114,141.492,141.589,10835,9,0
2025-04-21,141.587,141.587,140.466,140.873,105706,9,0
2025-04-22,140.869,143.163,139.879,142.698,139738,9,0
2025-04-23,142.701,143.555,141.526,143.192,167582,9,0
2025-04-24,143.189,143.337,142.273,142.849,100718,9,0
2025-04-25,142.85,144.028,142.818,143.649,105098,9,0
2025-04-27,143.499,143.873,143.395,143.848,5790,9,0
2025-04-28,143.85,143.894,141.916,142.182,91951,9,0
2025-04-29,142.18,142.756,141.959,142.253,88904,9,0
2025-04-30,142.251,143.182,142.167,143.019,96514,9,0
2025-05-01,143.016,145.733,142.875,145.404,106335,9,0
2025-05-02,145.407,145.924,143.726,144.951,120951,9,0
2025-05-04,144.647,144.99,144.507,144.648,5885,9,0
2025-05-05,144.646,144.794,143.535,143.7,91167,9,0
2025-05-06,143.699,144.273,142.295,143.084,101308,9,0
2025-05-07,143.087,143.985,142.742,143.86,111799,9,0
2025-05-08,143.858,146.173,143.443,145.948,121481,9,0
2025-05-09,145.946,146.186,144.82,145.365,83162,9,0
2025-05-11,145.984,146.19,145.697,145.836,8504,9,0
2025-05-12,145.833,148.649,145.709,148.255,146727,9,0
2025-05-13,148.253,148.274,147.289,147.52,99649,9,0
2025-05-14,147.523,147.666,145.6,146.633,129483,9,0
2025-05-15,146.635,146.75,145.409,145.573,108626,9,0
2025-05-16,145.575,146.098,144.916,145.636,80177,9,0
2025-05-18,145.233,145.448,144.999,145.231,6947,9,0
2025-05-19,145.235,145.343,144.658,144.975,98116,9,0
2025-05-20,144.977,145.513,144.086,144.317,94928,9,0
2025-05-21,144.314,144.369,143.279,143.693,119276,9,0
2025-05-22,143.691,144.327,142.801,143.858,115083,9,0
2025-05-23,143.861,144.013,142.415,142.561,116111,9,0
2025-05-25,142.477,143.067,142.328,142.825,7803,9,0
2025-05-26,142.823,143.032,142.222,142.624,60921,9,0
2025-05-27,142.625,144.457,142.108,144.133,93451,9,0
2025-05-28,144.131,146.023,143.848,145.716,112682,9,0
2025-05-29,145.717,146.286,143.738,143.75,129723,9,0
2025-05-30,143.752,144.442,143.433,144.046,112604,9,0
2025-06-01,143.786,143.981,143.668,143.788,5575,9,0
2025-06-02,143.791,143.795,142.372,142.423,88269,9,0
2025-06-03,142.425,144.108,142.419,143.817,83645,9,0
2025-06-04,143.815,144.391,142.485,142.725,91658,9,0
2025-06-05,142.722,143.975,142.565,143.552,118192,9,0
2025-06-06,143.553,145.085,143.524,144.841,91220,9,0
2025-06-08,144.849,144.852,144.597,144.691,3297,9,0
2025-06-09,144.689,144.945,143.969,144.559,65462,9,0
2025-06-10,144.56,145.289,144.397,144.84,79254,9,0
2025-06-11,144.838,145.464,144.113,144.179,92458,9,0
2025-06-12,144.177,144.342,143.071,143.093,101097,9,0
2025-06-13,143.095,144.481,142.787,144.1,129908,9,0
2025-06-15,143.981,144.748,143.783,144.567,8819,9,0
2025-06-16,144.567,144.873,143.648,144.682,83125,9,0
2025-06-17,144.679,145.432,144.383,145.384,93952,9,0
2025-06-18,145.385,145.44,144.326,144.951,88925,9,0
2025-06-19,144.954,145.766,144.733,145.227,65349,9,0
2025-06-20,145.225,146.199,145.119,146.096,59900,9,0
2025-06-22,146.595,146.677,146.203,146.21,7275,9,0
2025-06-23,146.208,148.03,145.694,145.918,104975,9,0
2025-06-24,145.918,145.935,144.51,144.929,91292,9,0
2025-06-25,144.927,145.947,144.603,144.912,70491,9,0
2025-06-26,144.909,144.962,143.747,144.666,91166,9,0
2025-06-27,144.664,144.944,144.172,144.644,80398,9,0
2025-06-29,144.339,144.661,144.245,144.502,5471,9,0
2025-06-30,144.499,144.761,143.769,143.805,80463,9,0
2025-07-01,143.806,143.932,142.677,143.37,89195,9,0
2025-07-02,143.368,144.242,143.313,143.517,80832,9,0
2025-07-03,143.516,145.229,143.44,144.703,77631,9,0
2025-07-04,144.704,144.788,144.179,144.496,45836,9,0
2025-07-06,144.329,144.628,144.276,144.485,4080,9,0
2025-07-07,144.488,146.238,144.221,145.878,73013,9,0
2025-07-08,145.875,146.973,145.828,146.866,75165,9,0
2025-07-09,146.864,147.179,146.064,146.104,67081,9,0
2025-07-10,146.101,146.784,145.75,146.275,67964,9,0
2025-07-11,146.276,147.52,146.242,147.417,66873,9,0
2025-07-13,147.056,147.571,147.032,147.292,6761,9,0
2025-07-14,147.294,147.886,146.843,147.78,68514,9,0
2025-07-15,147.781,149.022,147.546,148.774,67387,9,0
2025-07-16,148.774,149.184,146.907,147.988,127714,9,0
2025-07-17,147.992,149.085,147.981,148.44,73856,9,0
2025-07-18,148.438,148.88,148.182,148.821,60442,9,0
2025-07-20,147.846,148.658,147.82,148.453,6327,9,0
2025-07-21,148.449,148.558,147.081,147.397,65163,9,0
2025-07-22,147.395,147.943,146.243,146.758,76766,9,0
2025-07-23,146.761,147.212,146.103,146.342,100892,9,0
2025-07-24,146.342,147.226,145.852,147.002,80618,9,0
2025-07-25,147.002,147.936,146.808,147.652,75271,9,0
2025-07-27,147.607,147.876,147.577,147.783,4545,9,0
2025-07-28,147.781,148.633,147.514,148.454,74025,9,0
2025-07-29,148.457,148.802,148.152,148.422,73037,9,0
2025-07-30,148.424,149.494,147.797,149.223,92361,9,0
2025-07-31,149.224,150.877,148.585,150.804,92399,9,0
2025-08-01,150.802,150.916,147.286,147.392,132610,9,0
2025-08-03,147.107,147.38,147.043,147.343,6269,9,0
2025-08-04,147.339,148.084,146.689,146.79,88194,9,0
2025-08-05,146.79,147.832,146.617,147.521,77669,9,0
2025-08-06,147.521,147.882,146.973,147.196,67879,9,0
2025-08-07,147.192,147.709,146.685,146.798,87406,9,0
2025-08-08,146.796,147.903,146.715,147.722,65403,9,0
2025-08-10,147.396,147.782,147.38,147.654,4234,9,0
2025-08-11,147.652,148.246,147.345,148.147,50482,9,0
2025-08-12,148.149,148.517,147.575,147.771,83768,9,0
2025-08-13,147.77,148.166,147.084,147.12,60867,9,0
2025-08-14,147.118,147.96,146.212,147.679,87295,9,0
2025-08-15,147.682,147.724,146.734,147.154,63016,9,0
2025-08-17,147.164,147.382,147.063,147.229,3810,9,0
2025-08-18,147.231,147.982,147.118,147.917,55920,9,0
2025-08-19,147.916,148.111,147.44,147.735,58931,9,0
2025-08-20,147.737,147.816,146.867,147.301,62620,9,0
2025-08-21,147.304,148.451,147.253,148.381,62480,9,0
2025-08-22,148.384,148.773,146.571,146.924,74398,9,0
2025-08-24,146.674,147.299,146.673,147.263,5827,10,0
2025-08-25,147.26,147.935,147.094,147.811,55423,10,0
2025-08-26,147.812,147.904,146.986,147.469,82701,10,0
2025-08-27,147.469,148.179,147.12,147.333,60131,10,0
2025-08-28,147.33,147.485,146.654,146.828,67505,10,0
2025-08-29,146.827,147.406,146.76,147.035,56230,10,0
2025-08-31,146.92,147.185,146.885,147.117,4012,10,0
2025-09-01,147.119,147.375,146.783,147.091,47455,10,0
2025-09-02,147.09,148.94,147.084,148.582,90458,10,0
2025-09-03,148.579,149.134,147.824,147.974,73744,10,0
2025-09-04,147.972,148.775,147.785,148.42,72307,10,0
2025-09-05,148.418,148.435,146.814,147.394,81854,10,0
2025-09-07,147.976,148.464,147.81,148.314,9256,10,0
2025-09-08,148.313,148.577,147.21,147.37,66250,10,0
2025-09-09,147.371,147.462,146.305,147.39,81817,10,0
2025-09-10,147.39,147.644,147.101,147.347,59504,10,0
2025-09-11,147.348,148.192,146.982,147.226,67369,10,0
2025-09-12,147.224,148.072,147.163,147.653,50216,10,0
2025-09-14,147.544,147.751,147.458,147.672,3322,10,0
2025-09-15,147.674,147.687,147.154,147.399,44884,10,0
2025-09-16,147.401,147.536,146.273,146.408,71215,10,0
2025-09-17,146.406,147.038,145.478,146.881,95870,10,0
2025-09-18,146.881,148.264,146.841,147.959,81344,10,0
2025-09-19,147.959,148.282,147.192,147.96,82393,10,0
2025-09-21,147.858,148.109,147.801,148.097,2953,10,0
2025-09-22,148.101,148.374,147.591,147.729,56293,10,0
2025-09-23,147.729,147.925,147.456,147.599,59622,10,0
2025-09-24,147.596,148.901,147.513,148.779,53224,10,0
2025-09-25,148.78,149.951,148.556,149.87,66172,10,0
2025-09-26,149.872,149.949,149.402,149.505,54888,10,0
2025-09-28,149.474,149.509,149.336,149.412,3325,10,0
2025-09-29,149.41,149.419,148.45,148.616,56125,10,0
2025-09-30,148.616,148.841,147.646,148.021,68515,10,0
2025-10-01,148.02,148.221,146.585,147.105,88899,10,0
2025-10-02,147.107,147.511,146.595,147.152,66403,10,0
2025-10-03,147.151,147.814,147.073,147.48,60884,10,0
2025-10-05,149.171,149.656,149.026,149.58,11453,10,0
2025-10-06,149.578,150.475,149.448,150.358,95341,10,0
2025-10-07,150.356,152.091,150.244,152.053,66440,10,0
2025-10-08,152.055,152.996,152.052,152.708,79972,10,0
2025-10-09,152.71,153.272,152.104,153.025,98922,10,0
2025-10-10,153.023,153.159,151.15,151.17,99509,10,0
2025-10-12,151.693,152.257,151.682,152.066,11915,10,0
2025-10-13,152.068,152.46,151.716,152.455,66729,10,0
2025-10-14,152.458,152.611,151.601,151.7,93996,10,0
2025-10-15,151.704,151.831,150.733,150.985,78211,10,0
2025-10-16,150.987,151.396,150.046,150.147,97937,10,0
2025-10-17,150.145,150.626,149.37,150.622,108796,10,0
2025-10-19,150.373,150.964,150.261,150.914,6975,10,0
2025-10-20,150.914,151.199,150.271,150.819,68746,10,0
2025-10-21,150.821,152.172,150.465,151.876,95395,10,0
2025-10-22,151.873,152.041,151.484,151.983,73666,10,0
2025-10-23,151.983,152.795,151.967,152.606,54469,10,0
2025-10-24,152.609,153.06,152.255,152.874,58204,10,0
2025-10-26,152.758,153.174,152.715,153.068,5690,10,0
2025-10-27,153.07,153.255,152.562,152.693,56129,10,0
2025-10-28,152.69,152.732,151.718,151.734,71941,10,0
2025-10-29,151.737,153.056,151.531,152.722,93611,10,0
2025-10-30,152.724,154.443,152.158,153.905,99342,10,0
2025-10-31,153.903,154.415,153.649,154.009,63099,10,0
2025-11-02,154.073,154.25,154.006,154.193,3542,10,0
2025-11-03,154.196,154.296,153.909,154.208,41417,10,0
2025-11-04,154.208,154.48,153.311,153.546,64618,10,0
2025-11-05,153.544,154.354,152.955,154.085,67286,10,0
2025-11-06,154.085,154.139,152.804,152.946,57216,10,0
2025-11-07,152.949,153.593,152.857,153.415,68208,10,0
2025-11-09,153.619,153.861,153.462,153.82,3406,10,0
2025-11-10,153.822,154.247,153.396,154.147,57805,10,0
2025-11-11,154.144,154.495,153.662,154.078,51124,10,0
2025-11-12,154.075,155.044,154.045,154.705,57970,10,0
2025-11-13,154.702,155.014,154.124,154.624,67516,10,0
2025-11-14,154.627,154.761,153.612,154.528,79169,10,0
2025-11-16,154.486,154.627,154.44,154.587,2163,10,0
2025-11-17,154.589,155.306,154.412,155.276,51390,10,0
2025-11-18,155.278,155.731,154.81,155.529,79721,10,0
2025-11-19,155.528,157.171,155.209,156.987,75202,10,0
2025-11-20,156.992,157.893,156.876,157.379,104299,10,0
2025-11-21,157.386,157.541,156.199,156.397,103527,10,0
2025-11-23,156.354,156.697,156.289,156.684,2651,10,0
2025-11-24,156.683,157.183,156.495,156.905,53759,10,0
2025-11-25,156.902,156.981,155.799,156.19,71627,10,0
2025-11-26,156.196,156.732,155.648,156.219,73942,10,0
2025-11-27,156.219,156.403,155.719,156.285,42284,10,0
2025-11-28,156.286,156.578,155.953,156.105,108270,10,0
2025-11-30,156.026,156.144,155.871,155.906,2560,10,0
2025-12-01,155.906,155.988,154.66,155.557,66651,10,0
2025-12-02,155.558,156.177,155.457,155.758,47045,10,0
2025-12-03,155.761,155.808,154.966,155.107,49763,10,0
2025-12-04,155.11,155.538,154.504,155.129,58600,10,0
2025-12-05,155.131,155.491,154.339,155.354,52382,10,0
2025-12-07,155.107,155.374,155.059,155.304,2140,10,0
2025-12-08,155.307,155.98,154.898,155.838,48864,10,0
2025-12-09,155.842,156.951,155.738,156.793,53844,10,0
2025-12-10,156.799,156.934,155.621,155.746,66284,10,0
2025-12-11,155.747,156.159,154.942,155.5,67407,10,0
2025-12-12,155.497,156.127,155.453,155.816,52935,10,0
2025-12-14,155.901,155.902,155.713,155.863,1872,10,0
2025-12-15,155.863,155.983,154.83,155.029,58042,10,0
2025-12-16,155.033,155.118,154.392,154.764,78520,10,0
2025-12-17,154.768,155.747,154.507,155.484,60555,10,0
2025-12-18,155.489,155.973,155.278,155.567,60982,10,0
2025-12-19,155.575,157.769,155.558,157.708,85868,10,0
2025-12-21,157.373,157.7,157.319,157.624,3218,10,0
2025-12-22,157.625,157.657,156.698,156.91,62576,10,0
2025-12-23,156.916,156.923,155.647,156.17,67806,10,0
2025-12-24,156.17,156.28,155.549,155.726,59107,10,0
2025-12-25,155.868,156.125,155.735,156.096,2844,10,0
2025-12-26,156.104,156.73,155.984,156.566,54349,10,0
2025-12-28,156.394,156.553,156.335,156.482,2785,10,0
2025-12-29,156.483,156.508,155.914,155.975,60443,10,0
2025-12-30,155.986,156.563,155.738,156.393,52353,10,0
2025-12-31,156.397,156.991,156.326,156.567,40681,10,0
2026-01-01,156.644,156.877,156.575,156.716,1683,10,0
2026-01-02,156.719,157.0,156.515,156.832,41126,10,0
2026-01-04,156.64,157.001,156.578,156.99,2673,10,0
2026-01-05,156.997,157.297,156.113,156.607,67320,10,0
2026-01-06,156.609,156.794,156.159,156.662,59322,10,0
2026-01-07,156.664,156.806,156.29,156.693,51708,10,0
2026-01-08,156.695,157.069,156.454,156.856,46372,10,0
2026-01-09,156.862,158.185,156.862,157.927,65582,10,0
2026-01-11,158.019,158.175,157.952,158.131,1959,10,0
2026-01-12,158.133,158.203,157.513,157.974,55791,10,0
2026-01-13,157.976,159.197,157.958,159.191,64104,10,0
2026-01-14,159.198,159.45,158.064,158.417,76816,10,0
2026-01-15,158.417,158.874,158.223,158.58,60716,10,0
2026-01-16,158.59,158.703,157.817,158.073,65971,10,0
2026-01-18,157.883,157.942,157.492,157.547,4562,10,0
2026-01-19,157.549,158.216,157.42,158.153,55146,10,0
2026-01-20,158.159,158.598,157.461,158.144,95029,10,0
2026-01-21,158.151,158.528,157.743,158.448,71827,10,0
2026-01-22,158.454,158.889,158.174,158.479,60408,10,0
2026-01-23,158.481,159.224,155.597,155.73,137417,10,0
2026-01-25,154.677,155.242,154.096,155.138,5947,10,0
2026-01-26,155.143,155.344,153.301,154.385,141311,10,0
2026-01-27,154.382,154.876,152.087,152.488,143324,10,0
2026-01-28,152.493,154.043,152.279,153.076,135946,10,0
2026-01-29,153.077,153.534,152.676,153.137,110794,10,0
2026-01-30,153.139,154.784,153.077,154.762,127177,10,0
2026-02-01,154.787,155.504,154.739,155.215,5337,10,0
2026-02-02,155.216,155.782,154.546,155.461,111645,10,0
2026-02-03,155.469,156.081,155.285,155.796,72834,10,0
2026-02-04,155.801,156.939,155.801,156.905,68216,10,0
2026-02-05,156.905,157.333,156.521,156.794,81008,10,0
2026-02-06,156.802,157.251,156.505,157.236,62074,10,0
2026-02-08,157.275,157.648,156.936,157.242,4796,10,0
2026-02-09,157.247,157.29,155.517,156.124,102181,10,0
2026-02-10,156.126,156.289,154.049,154.498,84918,10,0
2026-02-11,154.497,154.65,152.549,153.265,127386,10,0
2026-02-12,153.268,153.754,152.264,152.787,118609,10,0
2026-02-13,152.788,153.663,152.591,152.683,90269,10,0
2026-02-15,152.604,152.847,152.532,152.797,2202,10,0
2026-02-16,152.797,153.716,152.762,153.552,42244,10,0
2026-02-17,153.554,153.92,152.695,153.122,78977,10,0
2026-02-18,153.125,154.868,153.064,154.678,65939,10,0
2026-02-19,154.68,155.339,154.536,155.189,70998,10,0
2026-02-20,155.194,155.642,154.711,155.067,84618,10,0
2026-02-22,154.783,154.939,154.3,154.343,3328,10,0
2026-02-23,154.343,155.041,153.989,154.656,67232,10,0
2026-02-24,154.658,156.279,154.62,155.902,77636,10,0
2026-02-25,155.907,156.823,155.343,156.167,75611,10,0
2026-02-26,156.166,156.429,155.692,155.856,66845,10,0
2026-02-27,155.853,156.23,155.533,156.055,65616,10,0
2026-03-01,155.975,156.652,155.96,156.627,4822,10,0
2026-03-02,156.632,157.749,156.153,157.261,99935,10,0
2026-03-03,157.269,157.964,157.145,157.761,101074,10,0
2026-03-04,157.763,157.862,156.85,156.975,85026,10,0
2026-03-05,156.977,157.846,156.449,157.565,90346,10,0
2026-03-06,157.563,158.088,157.378,157.8,86565,10,0
2026-03-08,158.045,158.454,158.032,158.401,8637,10,0
2026-03-09,158.398,158.9,157.57,157.874,110298,10,0
2026-03-10,157.877,158.185,157.269,158.102,87314,10,0
2026-03-11,158.106,159.128,157.858,159.083,67458,10,0
2026-03-12,159.085,159.427,158.565,159.241,65582,10,0
2026-03-13,159.237,159.741,159.0,159.726,66790,10,0
2026-03-15,159.551,159.739,159.393,159.558,5169,10,0
2026-03-16,159.558,159.639,158.847,159.132,59210,10,0
2026-03-17,159.133,159.495,158.718,158.911,51584,10,0
2026-03-18,158.908,159.89,158.566,159.811,63060,10,0
2026-03-19,159.811,159.847,157.505,157.928,101049,10,0
2026-03-20,157.93,159.385,157.741,159.227,63857,10,0
2026-03-22,159.274,159.467,159.018,159.142,5828,10,0
2026-03-23,159.145,159.655,158.014,158.481,144243,10,0
2026-03-24,158.48,159.188,158.357,158.705,84797,10,0
2026-03-25,158.702,159.498,158.568,159.384,66184,10,0
2026-03-26,159.387,159.839,159.28,159.719,51763,10,0
2026-03-27,159.721,160.41,159.452,160.269,53363,10,0
2026-03-29,160.186,160.457,159.973,160.234,4783,10,0
2026-03-30,160.231,160.251,159.321,159.84,56872,10,0
2026-03-31,159.84,159.969,158.56,158.586,74817,10,0
2026-04-01,158.586,159.009,158.265,158.71,74194,10,0
2026-04-02,158.713,159.741,158.579,159.441,66448,10,0
2026-04-03,159.443,159.844,159.379,159.626,17809,10,0
2026-04-05,159.599,159.829,159.356,159.774,5000,10,0
2026-04-06,159.776,159.801,159.3,159.689,43725,10,0
2026-04-07,159.689,160.025,158.597,158.717,65072,10,0
2026-04-08,158.715,158.796,157.882,158.649,79079,10,0
2026-04-09,158.65,159.292,158.615,159.087,51976,10,0
2026-04-10,159.089,159.37,158.887,159.296,40858,10,0
2026-04-12,159.515,159.851,159.462,159.674,4625,10,0
2026-04-13,159.677,159.863,159.201,159.216,46882,10,0
2026-04-14,159.216,159.332,158.598,158.797,49070,10,0
2026-04-15,158.8,159.148,158.641,158.814,50202,10,0
2026-04-16,158.814,159.305,158.259,159.201,50949,10,0
2026-04-17,159.203,159.53,157.584,158.606,70443,10,0
2026-04-19,158.721,159.193,158.71,159.155,4860,10,0
2026-04-20,159.152,159.199,158.546,158.849,59084,10,0
2026-04-21,158.849,159.635,158.789,159.375,53841,10,0
2026-04-22,159.373,159.567,159.102,159.485,46642,10,0
2026-04-23,159.488,159.844,159.292,159.752,61050,10,0
2026-04-24,159.751,159.839,159.302,159.362,49463,10,0
2026-04-26,159.355,159.593,159.355,159.58,2915,10,0
2026-04-27,159.578,159.579,159.09,159.363,41935,10,0
2026-04-28,159.364,159.787,158.957,159.554,55493,10,0
2026-04-29,159.551,160.442,159.514,160.198,49303,10,0
2026-04-30,160.196,160.723,155.549,156.988,181924,10,0
2026-05-01,156.986,157.325,155.486,157.054,100822,10,0
2026-05-03,156.701,156.914,156.532,156.895,3364,10,0
2026-05-04,156.898,157.302,155.692,157.21,95347,10,0
2026-05-05,157.213,157.924,157.076,157.673,54150,10,0
2026-05-06,157.674,157.89,155.025,156.517,137608,10,0
2026-05-07,156.519,156.939,156.017,156.845,63314,10,0
2026-05-08,156.847,156.987,156.429,156.676,43721,10,0
2026-05-10,156.544,156.939,156.414,156.863,2898,10,0
2026-05-11,156.865,157.264,156.828,157.235,35195,10,0
2026-05-12,157.235,157.761,156.718,157.667,52139,10,0
2026-05-13,157.668,157.921,157.55,157.854,35082,10,0
2026-05-14,157.857,158.435,157.295,158.377,50943,10,0
2026-05-15,158.379,158.833,158.289,158.758,43570,10,0
2026-05-17,158.507,158.88,158.419,158.845,2742,10,0
2026-05-18,158.847,159.08,158.611,158.864,49305,10,0
2026-05-19,158.864,159.247,158.646,159.041,51062,10,0
2026-05-20,159.043,159.164,158.584,158.883,51145,10,0
2026-05-21,158.884,159.346,158.806,159.022,48663,10,0
2026-05-22,159.022,159.23,158.988,159.192,30934,10,0
2026-05-24,158.778,158.959,158.671,158.951,3671,10,0
2026-05-25,158.952,159.035,158.754,158.951,20358,10,0
2026-05-26,158.953,159.377,158.907,159.247,25771,10,0
2026-05-27,159.247,159.574,159.173,159.565,29392,10,0
2026-05-28,159.568,159.649,159.107,159.268,36512,10,0
2026-05-29,159.266,159.373,159.091,159.262,30856,10,0
2026-05-31,159.317,159.423,159.245,159.358,2463,10,0
2026-06-01,159.358,159.76,159.358,159.642,31985,10,0
2026-06-02,159.642,159.993,159.631,159.976,23363,10,0
2026-06-03,159.978,160.08,159.367,159.944,39069,10,0
2026-06-04,159.947,160.036,159.587,159.99,30395,10,0
2026-06-05,159.99,160.34,159.716,160.308,37940,10,0
2026-06-07,160.214,160.349,160.148,160.334,2688,10,0
2026-06-08,160.332,160.389,159.84,160.176,39899,10,0
2026-06-09,160.178,160.44,160.048,160.384,31681,10,0
2026-06-10,160.386,160.56,160.236,160.528,31598,10,0
2026-06-11,160.525,160.594,159.536,160.132,38624,10,0
2026-06-12,160.132,160.372,159.949,160.215,38325,10,0
2026-06-14,160.132,160.143,159.69,159.958,3626,10,0
2026-06-15,159.955,160.387,159.879,160.243,28096,10,0
2026-06-16,160.241,160.476,160.043,160.422,30912,10,0
2026-06-17,160.42,160.792,160.111,160.597,35177,10,0
2026-06-18,160.601,161.806,160.469,161.293,51102,10,0
2026-06-19,161.293,161.455,160.982,161.302,37001,10,0
2026-06-21,161.229,161.514,161.208,161.437,2435,10,0
2026-06-22,161.435,161.925,161.069,161.572,55027,10,0
2026-06-23,161.569,161.736,161.266,161.596,39431,10,0
2026-06-24,161.594,161.838,161.525,161.765,31253,10,0
2026-06-25,161.762,161.945,161.552,161.801,35988,10,0
2026-06-26,161.799,161.844,161.528,161.743,30648,10,0
2026-06-28,161.694,161.819,161.652,161.788,1682,10,0
2026-06-29,161.789,161.98,161.714,161.921,25043,10,0
2026-06-30,161.919,162.665,161.918,162.63,47418,10,0
2026-07-01,162.63,162.838,162.291,162.542,38025,10,0
2026-07-02,162.542,162.594,160.624,161.451,85606,10,0
2026-07-03,161.451,161.519,160.478,161.359,41960,10,0
2026-07-05,161.252,161.504,161.215,161.454,2111,10,0
2026-07-06,161.456,162.423,161.452,162.091,40193,10,0
2026-07-07,162.091,162.362,161.649,162.356,44086,10,0
2026-07-08,162.358,162.704,162.074,162.538,44467,10,0
2026-07-09,162.538,162.569,162.246,162.361,31893,10,0
2026-07-10,162.361,162.418,161.276,161.701,64208,10,0
2026-07-12,161.664,162.063,161.613,161.882,3998,10,0
2026-07-13,161.881,162.476,161.832,162.417,53592,10,0
2026-07-14,162.414,162.466,161.607,162.189,53332,10,0
2026-07-15,162.189,162.419,161.89,162.069,42717,10,0
2026-07-16,162.068,162.542,161.976,162.377,33418,10,0
2026-07-17,162.378,162.518,162.119,162.394,33776,10,0
2026-07-19,162.425,162.559,162.193,162.514,2608,10,0
2026-07-20,162.513,162.596,162.19,162.483,28421,10,0
2026-07-21,162.482,163.236,162.427,163.183,30256,10,0
2026-07-22,163.183,163.204,162.661,163.082,35225,10,0
2026-07-23,163.083,163.985,162.992,163.838,40964,10,0
2026-07-24,163.838,163.935,163.637,163.842,32163,10,0
2026-07-26,163.582,163.703,163.514,163.618,3020,10,0
2026-07-27,163.618,163.793,163.325,163.774,34463,10,0
2026-07-28,163.774,163.945,163.642,163.862,30065,10,0
2026-07-29,163.86,163.901,163.229,163.305,51992,10,0
2026-07-30,163.303,163.735,157.949,160.181,188011,10,0
2026-07-31,160.179,160.876,157.264,157.44,206240,10,0
2026-08-02,157.143,157.87,156.971,157.581,13905,10,0
2026-08-03,157.58,157.883,155.223,157.536,146198,10,0
2026-08-04,157.538,157.953,157.211,157.701,68571,10,0
2026-08-05,157.702,157.872,157.302,157.606,57910,10,0
2026-08-06,157.604,158.551,157.586,158.418,41786,10,0
2026-08-07,158.418,158.572,156.664,157.786,66293,10,0
2026-08-09,157.715,157.941,157.469,157.906,3044,10,0
2026-08-10,157.903,159.359,157.836,159.154,53258,10,0
2026-08-11,159.151,159.386,158.918,159.27,38968,10,0
2026-08-12,159.269,159.546,158.572,159.333,54584,10,0
2026-08-13,159.333,159.565,159.019,159.43,43564,10,0
2026-08-14,159.43,159.499,158.599,159.316,49005,10,0
2026-08-16,159.285,159.395,159.132,159.222,2888,10,0
2026-08-17,159.222,159.595,158.841,159.329,42155,10,0
2026-08-18,159.331,159.776,159.305,159.553,38492,10,0
2026-08-19,159.553,159.553,157.955,158.259,80724,10,0
2026-08-20,158.259,159.179,158.159,158.893,69237,10,0
2026-08-21,158.889,159.13,158.351,158.973,55770,10,0
2026-08-23,158.983,158.999,158.421,158.876,2884,10,0
2026-08-24,158.874,158.967,158.7,158.919,9534,10,0
