time,open,high,low,close,tick_volume,spread,real_volume
2020-01-02,61.202,61.275,60.523,60.986,17232,33,0
2020-01-03,60.997,63.761,60.97,62.893,35136,33,0
2020-01-05,63.711,63.743,63.418,63.655,1078,33,0
2020-01-06,63.675,64.46,62.488,62.749,29504,33,0
2020-01-07,62.765,64.969,61.993,64.629,28146,33,0
2020-01-08,64.654,65.339,59.012,59.796,42434,33,0
2020-01-09,59.807,60.123,58.564,59.418,30687,33,0
2020-01-10,59.418,59.652,58.78,59.109,23716,33,0
2020-01-12,58.78,58.843,58.635,58.827,478,49,0
2020-01-13,58.843,59.178,57.884,58.091,22185,49,0
2020-01-14,58.09,58.684,57.701,58.072,23267,49,0
2020-01-15,58.09,58.359,57.381,58.11,20271,49,0
2020-01-16,58.109,58.803,57.546,58.58,18673,49,0
2020-01-17,58.595,58.904,58.248,58.719,17357,49,0
2020-01-19,59.384,59.49,59.156,59.207,835,49,0
2020-01-20,59.206,59.265,58.501,58.693,9845,49,0
2020-01-21,58.693,58.782,57.666,58.27,18282,49,0
2020-01-22,58.27,58.337,56.063,56.086,18880,49,0
2020-01-23,56.105,56.127,54.743,55.626,22389,49,0
2020-01-24,55.622,55.895,53.819,54.226,18304,49,0
2020-01-26,52.484,52.78,52.467,52.584,1274,55,0
2020-01-27,52.595,53.37,52.146,52.944,25150,33,0
2020-01-28,52.957,53.853,52.668,53.744,20583,33,0
2020-01-29,53.759,54.261,52.786,53.114,21387,49,0
2020-01-30,53.128,53.162,51.664,52.894,26691,33,0
2020-01-31,52.904,53.327,51.019,51.62,32743,33,0
2020-02-02,51.126,51.141,50.948,51.073,812,55,0
2020-02-03,51.09,51.963,49.826,49.979,33446,33,0
2020-02-04,49.981,51.502,49.508,49.686,31884,33,0
2020-02-05,49.685,51.886,49.685,51.303,32672,33,0
2020-02-06,51.314,52.235,50.358,51.547,31619,33,0
2020-02-07,51.558,51.561,50.239,50.569,29138,33,0
2020-02-09,50.057,50.153,49.712,49.923,977,33,0
2020-02-10,49.936,50.6,49.57,49.952,29901,33,0
2020-02-11,49.962,50.789,49.892,50.301,26019,33,0
2020-02-12,50.314,52.101,50.271,51.65,26570,33,0
2020-02-13,51.669,51.958,50.798,51.615,29668,33,0
2020-02-14,51.616,52.466,51.534,52.418,25975,33,0
2020-02-16,52.391,52.429,52.313,52.322,378,55,0
2020-02-17,52.337,52.435,52.025,52.198,12628,33,0
2020-02-18,52.2,52.405,51.165,52.366,17828,33,0
2020-02-19,52.386,53.75,52.174,53.746,17361,33,0
2020-02-20,53.76,54.536,53.377,53.485,20939,33,0
2020-02-21,53.484,53.808,52.556,53.337,22428,33,0
2020-02-23,51.975,52.13,51.917,52.057,698,55,0
2020-02-24,52.072,52.259,50.47,51.468,28514,33,0
2020-02-25,51.478,51.996,49.726,50.185,31152,33,0
2020-02-26,50.187,50.422,48.259,48.43,40029,33,0
2020-02-27,48.443,48.553,45.957,46.86,44653,33,0
2020-02-28,46.86,46.932,43.927,45.317,56820,33,0
2020-03-01,44.219,44.645,44.118,44.627,1468,55,0
2020-03-02,44.646,47.933,44.49,47.919,51269,33,0
2020-03-03,47.944,48.639,46.542,47.051,52402,33,0
2020-03-04,47.067,48.437,46.733,47.407,50351,33,0
2020-03-05,47.411,47.615,45.735,46.306,45948,33,0
2020-03-06,46.316,46.451,41.201,41.669,55556,33,0
2020-03-08,33.64,33.685,32.073,32.741,4193,33,0
2020-03-09,32.745,34.787,27.681,32.667,60940,33,0
2020-03-10,32.669,35.136,32.202,34.186,60198,33,0
2020-03-11,34.194,36.001,32.889,33.461,65813,33,0
2020-03-12,33.461,33.778,30.418,31.433,64227,33,0
2020-03-13,31.43,34.126,30.995,33.535,60874,33,0
2020-03-15,31.578,31.578,30.2,30.781,4600,33,0
2020-03-16,30.78,31.753,28.646,29.433,51461,33,0
2020-03-17,29.43,30.526,26.676,26.903,53406,33,0
2020-03-18,26.908,27.588,20.561,24.128,50426,33,0
2020-03-19,24.114,27.528,21.861,26.574,57486,33,0
2020-03-20,26.581,28.421,22.878,23.646,54945,33,0
2020-03-22,21.527,21.961,21.177,21.886,4154,33,0
2020-03-23,21.884,24.979,21.881,24.921,62636,33,0
2020-03-24,24.92,25.572,23.636,25.153,49179,33,0
2020-03-25,25.167,25.733,23.742,25.188,47754,33,0
2020-03-26,25.187,25.516,23.398,24.186,41853,33,0
2020-03-27,24.182,24.443,22.324,23.148,35039,33,0
2020-03-29,22.208,22.208,21.647,21.986,3179,33,0
2020-03-30,21.997,22.493,20.999,22.364,36964,33,0
2020-03-31,22.379,23.512,21.922,22.395,37329,33,0
2020-04-01,22.397,23.135,21.852,22.983,33886,33,0
2020-04-02,22.985,28.127,22.542,26.336,43447,33,0
2020-04-03,26.346,30.624,25.349,30.357,81054,55,0
2020-04-05,28.035,28.441,27.976,28.421,2328,55,0
2020-04-06,28.44,30.222,27.983,29.706,58145,55,0
2020-04-07,29.706,30.094,27.073,28.339,40899,55,0
2020-04-08,28.336,30.231,27.779,30.193,62482,55,0
2020-04-09,30.222,32.17,27.435,27.983,87708,55,0
2020-04-12,27.839,28.395,27.358,28.357,4456,55,0
2020-04-13,28.36,29.682,27.452,29.14,68132,55,0
2020-04-14,29.145,29.229,26.522,27.707,58675,55,0
2020-04-15,27.705,27.744,25.456,26.415,48432,55,0
2020-04-16,26.413,26.953,24.838,26.679,38005,55,0
2020-04-17,26.689,26.965,24.726,25.435,33870,55,0
2020-04-19,25.021,25.226,24.656,24.813,2147,55,0
2020-04-20,24.812,25.013,20.757,22.086,45367,55,0
2020-04-21,22.096,23.366,8.4,15.361,97432,55,0
2020-04-22,15.365,17.139,11.736,16.081,77549,55,0
2020-04-23,16.058,19.463,15.032,18.823,66336,86,0
2020-04-24,18.84,19.373,17.157,18.288,49249,86,0
2020-04-26,17.887,18.23,17.884,18.095,1788,135,0
2020-04-27,18.093,18.128,14.002,14.621,47945,86,0
2020-04-28,14.615,15.81,12.966,15.326,59060,86,0
2020-04-29,15.322,18.219,15.017,17.842,50078,86,0
2020-04-30,17.841,21.335,17.533,21.126,52480,86,0
2020-05-01,21.117,21.901,19.571,21.086,47423,86,0
2020-05-03,20.565,20.565,20.104,20.222,2823,86,0
2020-05-04,20.229,23.071,19.725,22.852,46141,86,0
2020-05-05,22.86,27.326,22.633,27.055,47375,86,0
2020-05-06,27.038,27.038,23.986,24.841,55457,86,0
2020-05-07,24.842,27.474,24.015,24.783,52945,86,0
2020-05-08,24.774,25.976,24.497,25.797,45816,86,0
2020-05-10,25.446,25.788,25.297,25.612,2119,86,0
2020-05-11,25.609,26.506,24.57,25.226,44777,86,0
2020-05-12,25.24,26.738,25.0,25.729,35835,86,0
2020-05-13,25.73,26.882,25.184,26.034,38307,86,0
2020-05-14,26.03,28.219,25.512,28.043,38257,86,0
2020-05-15,28.05,29.794,27.524,29.793,35783,86,0
2020-05-17,29.986,30.551,29.971,30.476,2137,86,0
2020-05-18,30.482,33.067,30.378,32.698,40308,86,0
2020-05-19,32.685,32.762,31.17,31.7,42102,86,0
2020-05-20,31.693,33.806,31.641,33.628,34624,86,0
2020-05-21,33.63,34.691,33.336,34.064,35819,86,0
2020-05-22,34.065,34.077,30.803,33.64,45486,86,0
2020-05-24,33.004,33.162,32.535,32.954,2592,86,0
2020-05-25,32.963,34.225,32.771,33.988,22089,86,0
2020-05-26,33.988,34.865,33.466,34.156,34154,86,0
2020-05-27,34.168,34.401,31.077,31.868,39153,86,0
2020-05-28,31.854,34.28,31.426,33.649,42753,86,0
2020-05-29,33.638,35.847,32.497,35.288,42045,86,0
2020-05-31,35.383,35.973,35.164,35.342,2479,135,0
2020-06-01,35.35,35.86,34.411,35.592,38230,86,0
2020-06-02,35.585,37.466,35.43,37.296,32959,86,0
2020-06-03,37.293,38.25,36.05,37.084,44582,86,0
2020-06-04,37.095,37.741,36.533,37.348,34089,86,0
2020-06-05,37.349,39.766,37.208,39.202,34523,86,0
2020-06-07,39.919,40.562,39.735,40.515,3137,86,0
2020-06-08,40.513,40.526,38.112,38.738,42403,86,0
2020-06-09,38.74,39.216,37.222,38.423,40310,86,0
2020-06-10,38.423,39.995,37.884,38.757,38809,86,0
2020-06-11,38.765,38.954,35.602,35.819,47683,86,0
2020-06-12,35.829,37.143,34.669,36.685,54366,86,0
2020-06-14,35.954,36.029,35.56,35.779,3223,86,0
2020-06-15,35.776,37.664,34.595,37.392,48296,86,0
2020-06-16,37.388,39.297,36.615,37.985,48385,86,0
2020-06-17,37.994,38.959,37.435,37.743,41623,86,0
2020-06-18,37.743,39.619,37.371,39.388,32171,86,0
2020-06-19,39.386,40.551,38.471,39.497,32673,86,0
2020-06-21,39.27,39.951,39.132,39.815,2463,86,0
2020-06-22,39.817,41.204,39.364,40.93,28883,86,0
2020-06-23,40.92,41.602,39.745,40.092,36089,86,0
2020-06-24,40.095,40.521,37.324,37.996,39838,86,0
2020-06-25,37.999,39.217,37.112,39.006,41954,86,0
2020-06-26,39.013,39.344,37.811,38.204,33269,86,0
2020-06-28,37.844,38.027,37.714,37.902,1656,86,0
2020-06-29,37.907,39.88,37.555,39.549,34875,86,0
2020-06-30,39.557,40.051,38.859,39.579,33380,86,0
2020-07-01,39.57,40.547,39.041,39.513,35248,86,0
2020-07-02,39.518,40.739,39.509,40.244,28778,86,0
2020-07-03,40.247,40.474,39.836,40.311,15877,86,0
2020-07-05,40.319,40.521,40.31,40.383,695,135,0
2020-07-06,40.388,41.097,40.187,40.756,25676,86,0
2020-07-07,40.751,40.945,39.926,40.401,26257,86,0
2020-07-08,40.401,41.094,40.292,40.956,25881,86,0
2020-07-09,40.957,41.002,39.361,39.79,27365,86,0
2020-07-10,39.793,40.847,38.688,40.701,32690,86,0
2020-07-12,40.201,40.575,40.157,40.268,1841,86,0
2020-07-13,40.258,40.831,39.654,39.745,31689,86,0
2020-07-14,39.743,41.041,39.256,40.682,34184,86,0
2020-07-15,40.679,41.406,40.267,41.147,30571,86,0
2020-07-16,41.146,41.328,40.648,40.912,23294,86,0
2020-07-17,40.909,41.007,40.149,40.721,15838,86,0
2020-07-19,40.631,40.795,40.631,40.748,351,86,0
2020-07-20,40.747,40.985,39.95,40.802,15256,86,0
2020-07-21,40.797,42.479,40.795,41.576,19777,86,0
2020-07-22,41.577,41.999,41.132,41.665,18826,86,0
2020-07-23,41.678,42.347,40.828,41.101,22480,86,0
2020-07-24,41.093,41.656,40.666,41.26,23751,86,0
2020-07-26,41.214,41.241,40.916,41.101,1142,86,0
2020-07-27,41.099,41.826,40.505,41.751,21840,86,0
2020-07-28,41.757,41.95,40.893,41.185,19521,86,0
2020-07-29,41.184,41.622,40.99,41.345,17893,86,0
2020-07-30,41.342,41.406,39.066,40.401,25214,86,0
2020-07-31,40.409,40.633,39.778,40.551,26612,86,0
2020-08-02,40.247,40.338,40.101,40.28,883,86,0
2020-08-03,40.269,41.331,39.71,40.78,23777,86,0
2020-08-04,40.791,42.151,40.272,41.624,23881,86,0
2020-08-05,41.624,43.577,41.556,42.338,28161,86,0
2020-08-06,42.334,42.754,41.76,42.202,26900,86,0
2020-08-07,42.202,42.339,41.216,41.684,26441,86,0
2020-08-09,41.809,41.835,41.67,41.761,926,86,0
2020-08-10,41.761,42.441,41.672,42.173,22023,86,0
2020-08-11,42.171,43.059,41.657,41.779,25561,86,0
2020-08-12,41.779,43.083,41.737,42.753,25825,86,0
2020-08-13,42.755,43.032,42.299,42.684,21961,86,0
2020-08-14,42.688,42.709,41.875,42.445,21463,86,0
2020-08-16,42.557,42.645,42.494,42.529,841,86,0
2020-08-17,42.529,43.192,42.058,43.013,19053,86,0
2020-08-18,43.006,43.254,42.384,42.883,14425,86,0
2020-08-19,42.886,43.199,42.534,42.828,13764,86,0
2020-08-20,42.829,42.927,41.643,42.919,16365,86,0
2020-08-21,42.915,42.957,41.465,42.298,16281,86,0
2020-08-23,42.699,42.701,42.416,42.441,783,86,0
2020-08-24,42.439,42.894,42.254,42.543,15247,86,0
2020-08-25,42.545,43.596,42.49,43.433,16470,86,0
2020-08-26,43.435,43.818,43.06,43.482,15369,86,0
2020-08-27,43.486,43.519,42.437,43.018,18444,86,0
2020-08-28,43.018,43.482,42.791,43.042,17164,86,0
2020-08-30,43.122,43.158,43.078,43.14,370,86,0
2020-08-31,43.14,43.667,42.644,43.003,14633,86,0
2020-09-01,42.999,43.515,42.84,43.191,16655,86,0
2020-09-02,43.182,43.329,41.385,41.925,20193,86,0
2020-09-03,41.931,41.951,40.407,41.15,30519,86,0
2020-09-04,41.151,42.033,39.567,39.64,31493,86,0
2020-09-06,39.085,39.131,38.753,38.951,2461,86,0
2020-09-07,38.95,39.754,38.95,39.409,21697,86,0
2020-09-08,39.407,39.543,36.388,36.86,36727,86,0
2020-09-09,36.86,38.643,36.546,37.992,33070,86,0
2020-09-10,37.994,38.401,37.18,37.525,28306,86,0
2020-09-11,37.512,38.013,36.92,37.508,24866,86,0
2020-09-13,37.374,37.656,37.337,37.647,1124,86,0
2020-09-14,37.649,37.882,37.036,37.548,22583,86,0
2020-09-15,37.545,38.756,37.285,38.73,23051,86,0
2020-09-16,38.73,40.532,38.577,40.446,25590,86,0
2020-09-17,40.444,41.438,39.635,41.099,29598,86,0
2020-09-18,41.101,41.707,40.499,41.074,19504,86,0
2020-09-20,40.882,41.148,40.847,41.025,868,86,0
2020-09-21,41.022,41.47,38.872,39.935,24476,86,0
2020-09-22,39.935,40.263,39.2,39.711,24426,86,0
2020-09-23,39.718,40.766,39.164,39.352,25597,86,0
2020-09-24,39.356,40.389,39.334,40.354,25829,86,0
2020-09-25,40.341,40.664,39.762,40.142,20578,86,0
2020-09-27,40.223,40.304,40.152,40.152,654,86,0
2020-09-28,40.151,40.84,39.835,40.653,17964,86,0
2020-09-29,40.658,40.754,38.494,39.221,21572,86,0
2020-09-30,39.217,40.431,38.759,40.12,28238,86,0
2020-10-01,40.118,40.534,37.726,38.611,26964,86,0
2020-10-02,38.611,38.702,36.753,37.143,32169,86,0
2020-10-04,37.312,37.465,37.261,37.434,1071,86,0
2020-10-05,37.434,39.811,37.395,39.345,27610,86,0
2020-10-06,39.361,40.968,39.237,39.958,27793,86,0
2020-10-07,39.959,40.482,39.441,40.213,26027,86,0
2020-10-08,40.214,41.639,39.928,41.408,23186,86,0
2020-10-09,41.403,41.572,40.583,40.77,22780,86,0
2020-10-11,40.555,40.627,40.379,40.43,1066,86,0
2020-10-12,40.429,40.603,39.246,39.812,23068,86,0
2020-10-13,39.814,40.715,39.581,40.373,27135,86,0
2020-10-14,40.374,41.519,40.063,41.435,25556,86,0
2020-10-15,41.435,41.458,39.477,41.143,29299,86,0
2020-10-16,41.135,41.263,40.324,40.958,19683,86,0
2020-10-18,41.091,41.322,41.066,41.177,740,86,0
2020-10-19,41.184,41.431,40.758,40.899,19332,86,0
2020-10-20,40.895,41.875,40.464,41.416,19732,86,0
2020-10-21,41.417,41.587,39.787,39.903,20602,86,0
2020-10-22,39.913,41.035,39.736,40.625,19740,86,0
2020-10-23,40.626,40.94,39.609,39.767,17991,86,0
2020-10-25,39.223,39.319,38.894,39.204,1247,86,0
2020-10-26,39.21,39.376,38.343,38.706,22673,86,0
2020-10-27,38.701,39.885,38.578,38.939,20556,86,0
2020-10-28,38.941,39.063,37.069,37.831,25802,86,0
2020-10-29,37.844,37.844,35.044,36.291,32493,86,0
2020-10-30,36.292,36.706,35.345,35.874,31790,86,0
2020-11-01,34.479,34.52,33.783,34.152,1454,135,0
2020-11-02,34.162,37.479,34.001,37.217,33412,86,0
2020-11-03,37.217,39.004,36.726,38.583,32829,86,0
2020-11-04,38.58,39.389,37.418,39.185,43794,86,0
2020-11-05,39.185,39.515,38.447,38.612,33467,86,0
2020-11-06,38.614,38.7,37.258,37.611,33414,86,0
2020-11-08,37.515,38.121,37.481,38.006,927,86,0
2020-11-09,37.996,41.51,37.913,39.875,36673,86,0
2020-11-10,39.876,42.29,39.623,41.823,37197,86,0
2020-11-11,41.823,43.237,41.511,41.739,36078,86,0
2020-11-12,41.738,42.367,40.835,40.96,33926,86,0
2020-11-13,40.972,41.046,40.302,40.32,28830,86,0
2020-11-15,40.527,40.719,40.512,40.684,673,86,0
2020-11-16,40.682,42.289,40.597,41.579,29242,86,0
2020-11-17,41.577,41.88,40.766,41.468,28235,86,0
2020-11-18,41.467,42.649,41.278,41.754,27030,86,0
2020-11-19,41.753,42.128,41.252,41.633,25726,86,0
2020-11-20,41.631,42.525,41.631,42.389,22206,86,0
2020-11-22,42.446,42.562,42.356,42.473,538,86,0
2020-11-23,42.471,43.346,42.298,43.168,25813,86,0
2020-11-24,43.167,45.198,43.024,44.836,27794,86,0
2020-11-25,44.838,46.263,44.752,45.819,31385,86,0
2020-11-26,45.817,46.096,44.755,45.005,18876,86,0
2020-11-27,45.012,45.704,44.588,45.62,20978,86,0
2020-11-29,45.007,45.246,44.722,45.171,744,86,0
2020-11-30,45.174,45.827,44.468,45.242,31625,86,0
2020-12-01,45.244,45.722,44.068,44.208,27838,86,0
2020-12-02,44.204,45.927,43.967,44.939,28444,86,0
2020-12-03,44.936,45.873,44.729,45.743,27036,86,0
2020-12-04,45.744,46.712,45.719,46.094,26836,86,0
2020-12-06,46.251,46.297,46.128,46.129,223,86,0
2020-12-07,46.128,46.598,45.43,45.712,24331,86,0
2020-12-08,45.707,46.003,45.237,45.609,24290,86,0
2020-12-09,45.614,46.335,45.052,45.787,25995,86,0
2020-12-10,45.789,47.808,45.641,47.184,26754,86,0
2020-12-11,47.184,47.385,46.457,46.66,27445,86,0
2020-12-13,46.906,46.913,46.758,46.771,322,86,0
2020-12-14,46.773,47.515,45.823,47.074,26458,86,0
2020-12-15,47.081,47.84,46.669,47.668,25325,86,0
2020-12-16,47.664,48.064,47.299,47.986,22604,86,0
2020-12-17,47.986,48.756,47.968,48.501,23954,86,0
2020-12-18,48.501,49.388,48.236,49.174,21991,86,0
2020-12-20,48.683,48.683,48.422,48.557,907,86,0
2020-12-21,48.548,48.562,46.231,47.786,35881,86,0
2020-12-22,47.785,47.856,46.569,46.844,29788,86,0
2020-12-23,46.846,48.478,46.152,48.044,27404,86,0
2020-12-24,48.043,48.602,47.563,48.216,19553,86,0
2020-12-27,47.714,47.996,47.684,47.882,913,86,0
2020-12-28,47.88,48.96,47.561,47.806,23510,86,0
2020-12-29,47.804,48.358,47.743,48.12,22838,86,0
2020-12-30,48.117,48.674,47.645,48.387,21959,86,0
2020-12-31,48.388,48.559,47.786,48.394,18171,86,0
2021-01-03,48.376,48.535,48.358,48.449,736,86,0
2021-01-04,48.46,49.848,47.217,47.454,37187,86,0
2021-01-05,47.454,50.201,47.383,49.803,33353,86,0
2021-01-06,49.804,50.915,49.474,50.464,39779,86,0
2021-01-07,50.459,51.252,50.381,50.93,29371,86,0
2021-01-08,50.928,52.681,50.807,52.681,30072,86,0
2021-01-10,52.485,52.485,52.191,52.262,711,86,0
2021-01-11,52.263,52.355,51.467,52.08,29695,86,0
2021-01-12,52.08,53.402,52.047,53.343,27287,86,0
2021-01-13,53.342,53.891,52.568,52.749,27361,86,0
2021-01-14,52.747,53.79,52.257,53.776,26950,86,0
2021-01-15,53.778,53.816,51.847,52.157,31170,86,0
2021-01-17,52.142,52.325,52.099,52.155,811,86,0
2021-01-18,52.168,52.555,51.775,52.308,20824,86,0
2021-01-19,52.306,53.159,52.17,53.131,25411,86,0
2021-01-20,53.135,53.751,52.819,52.892,24693,86,0
2021-01-21,52.896,53.344,52.684,52.964,22214,86,0
2021-01-22,52.963,52.984,51.385,52.021,28502,86,0
2021-01-24,52.136,52.282,52.119,52.216,546,86,0
2021-01-25,52.225,52.828,51.755,52.783,26223,86,0
2021-01-26,52.782,53.162,52.227,52.697,24428,86,0
2021-01-27,52.698,53.203,51.781,52.318,26953,86,0
2021-01-28,52.32,53.465,52.072,52.135,29250,86,0
2021-01-29,52.133,53.149,51.856,52.085,33015,86,0
2021-01-31,51.739,51.877,51.623,51.874,1072,86,0
2021-02-01,51.874,53.609,51.78,53.469,29118,86,0
2021-02-02,53.47,55.121,53.348,54.827,28892,86,0
2021-02-03,54.825,56.18,54.682,55.752,25332,86,0
2021-02-04,55.737,56.433,55.171,56.379,25041,86,0
2021-02-05,56.374,57.121,56.329,56.819,23706,86,0
2021-02-07,57.071,57.243,57.064,57.243,478,86,0
2021-02-08,57.24,57.984,57.153,57.908,22373,86,0
2021-02-09,57.907,58.472,57.149,58.251,24460,86,0
2021-02-10,58.249,58.748,57.951,58.184,23391,86,0
2021-02-11,58.186,58.537,57.741,57.833,21765,86,0
2021-02-12,57.834,59.681,57.274,59.505,23657,86,0
2021-02-14,60.227,60.453,60.028,60.165,1082,86,0
2021-02-15,60.159,60.743,59.906,60.012,20052,86,0
2021-02-16,60.012,60.253,59.309,59.963,26993,86,0
2021-02-17,59.963,61.668,59.514,61.667,30639,86,0
2021-02-18,61.666,62.208,59.587,59.65,35637,86,0
2021-02-19,59.653,60.246,58.53,58.939,36315,86,0
2021-02-21,59.425,59.635,59.266,59.572,1022,86,0
2021-02-22,59.568,61.803,59.359,61.516,35816,86,0
2021-02-23,61.532,62.887,60.585,61.152,40826,86,0
2021-02-24,61.148,63.546,60.88,63.442,36467,86,0
2021-02-25,63.439,63.675,62.55,63.274,38875,86,0
2021-02-26,63.274,63.307,61.208,61.408,44157,86,0
2021-02-28,62.12,62.373,62.034,62.346,977,86,0
2021-03-01,62.348,62.773,59.846,60.119,34361,86,0
2021-03-02,60.122,61.061,59.13,59.294,40305,86,0
2021-03-03,59.295,61.83,59.222,60.593,35874,86,0
2021-03-04,60.596,64.681,60.4,64.057,46659,86,0
2021-03-05,64.056,66.23,63.637,66.124,43384,86,0
2021-03-07,67.192,67.296,66.924,66.988,1105,86,0
2021-03-08,66.989,67.824,64.444,64.779,42986,86,0
2021-03-09,64.776,65.859,63.592,63.863,40068,86,0
2021-03-10,63.864,64.865,63.071,64.594,38357,86,0
2021-03-11,64.596,66.133,64.461,65.849,32562,86,0
2021-03-12,65.843,66.165,65.356,65.573,30582,86,0
2021-03-14,65.758,66.135,65.739,65.934,1057,86,0
2021-03-15,65.934,66.39,64.167,65.304,32897,86,0
2021-03-16,65.297,65.425,63.83,64.904,30612,86,0
2021-03-17,64.904,65.353,63.596,64.557,31478,86,0
2021-03-18,64.559,64.823,58.265,59.787,42297,86,0
2021-03-19,59.788,61.733,58.968,61.391,45514,86,0
2021-03-21,61.08,61.17,60.806,60.853,1417,86,0
2021-03-22,60.854,61.971,60.292,61.243,36886,86,0
2021-03-23,61.246,61.251,57.289,57.529,42204,86,0
2021-03-24,57.539,61.289,57.409,60.582,41764,86,0
2021-03-25,60.577,60.787,57.412,58.737,42717,86,0
2021-03-26,58.736,61.309,58.639,60.774,35190,86,0
2021-03-28,60.49,60.799,60.434,60.692,1433,86,0
2021-03-29,60.697,62.202,59.381,62.057,42873,86,0
2021-03-30,62.06,62.06,59.915,60.362,37126,86,0
2021-03-31,60.37,61.129,58.828,59.542,36171,86,0
2021-04-01,59.539,61.702,58.861,61.212,43137,86,0
2021-04-04,61.153,61.368,60.889,61.242,1190,86,0
2021-04-05,61.245,61.34,57.621,58.888,31396,86,0
2021-04-06,58.887,60.846,58.596,59.166,35461,86,0
2021-04-07,59.163,60.015,58.111,59.609,33852,86,0
2021-04-08,59.613,59.885,58.802,59.712,30386,86,0
2021-04-09,59.711,59.896,59.084,59.353,25677,86,0
2021-04-11,59.377,59.568,59.33,59.552,746,86,0
2021-04-12,59.546,60.742,58.729,59.766,30776,86,0
2021-04-13,59.77,60.677,59.627,60.539,27826,86,0
2021-04-14,60.542,63.459,60.393,62.9,28750,86,0
2021-04-15,62.902,63.576,62.576,63.36,27654,86,0
2021-04-16,63.358,63.886,62.845,63.082,27112,86,0
2021-04-18,62.936,62.936,62.792,62.823,1009,86,0
2021-04-19,62.813,63.639,62.627,63.562,26590,86,0
2021-04-20,63.562,64.322,61.443,62.286,32319,86,0
2021-04-21,62.282,62.499,60.813,61.076,34292,86,0
2021-04-22,61.091,62.003,60.566,61.776,32241,86,0
2021-04-23,61.779,62.351,61.187,62.054,27780,86,0
2021-04-25,62.075,62.17,61.837,61.845,938,86,0
2021-04-26,61.847,62.221,60.595,61.984,30681,86,0
2021-04-27,61.981,63.199,61.843,62.913,28198,86,0
2021-04-28,62.909,64.418,62.58,63.721,28650,86,0
2021-04-29,63.723,65.349,63.667,64.688,29233,86,0
2021-04-30,64.688,64.751,63.005,63.382,29117,86,0
2021-05-02,63.573,63.672,63.448,63.645,788,86,0
2021-05-03,63.646,64.616,62.835,64.549,25285,86,0
2021-05-04,64.547,66.195,64.209,66.132,28832,86,0
2021-05-05,66.132,66.659,64.86,65.053,28698,86,0
2021-05-06,65.05,65.894,64.444,64.843,27746,86,0
2021-05-07,64.84,65.166,63.852,64.786,28099,86,0
2021-05-09,65.338,65.501,65.215,65.409,1266,86,0
2021-05-10,65.406,65.703,63.918,64.938,29409,86,0
2021-05-11,64.947,65.51,63.671,65.487,32739,86,0
2021-05-12,65.49,66.582,64.935,65.692,35551,86,0
2021-05-13,65.691,65.778,63.075,63.803,36400,86,0
2021-05-14,63.798,65.438,63.319,65.438,29427,86,0
2021-05-16,65.434,65.64,65.423,65.491,824,86,0
2021-05-17,65.49,66.369,64.801,66.303,28534,86,0
2021-05-18,66.298,66.954,64.092,65.114,31193,86,0
2021-05-19,65.127,65.154,61.918,63.294,38683,86,0
2021-05-20,63.295,63.874,61.615,62.036,35888,86,0
2021-05-21,62.038,63.975,61.483,63.776,32346,86,0
2021-05-23,63.643,63.707,63.554,63.554,479,86,0
2021-05-24,63.565,66.032,63.565,65.912,29933,86,0
2021-05-25,65.91,66.375,65.288,65.786,30253,86,0
2021-05-26,65.789,66.293,65.137,65.988,27216,86,0
2021-05-27,65.987,67.299,65.345,67.163,25793,86,0
2021-05-28,67.169,67.373,66.045,66.489,26552,86,0
2021-05-30,66.503,66.534,66.392,66.448,622,86,0
2021-05-31,66.448,67.266,66.271,66.82,16508,86,0
2021-06-01,66.836,68.721,66.759,67.784,31551,86,0
2021-06-02,67.784,68.846,67.645,68.579,25853,86,0
2021-06-03,68.581,69.236,68.031,68.581,26469,86,0
2021-06-04,68.587,69.565,68.169,69.233,24530,86,0
2021-06-06,69.313,69.548,69.267,69.527,716,86,0
2021-06-07,69.528,69.804,68.747,68.933,24669,86,0
2021-06-08,68.932,70.09,68.308,69.839,26694,86,0
2021-06-09,69.833,70.439,69.294,69.531,26561,86,0
2021-06-10,69.534,70.457,68.508,69.961,28405,86,0
2021-06-11,69.961,70.882,69.467,70.517,26828,86,0
2021-06-13,70.635,70.721,70.611,70.644,605,86,0
2021-06-14,70.643,71.407,70.448,70.757,23016,86,0
2021-06-15,70.76,72.178,70.531,72.092,27578,86,0
2021-06-16,72.092,72.709,71.156,71.239,30139,86,0
2021-06-17,71.24,72.047,69.514,70.537,34353,86,0
2021-06-18,70.539,71.728,69.794,70.982,30517,86,0
2021-06-20,71.223,71.487,71.154,71.357,1289,86,0
2021-06-21,71.358,73.1,70.647,72.83,33545,86,0
2021-06-22,72.832,73.249,72.275,72.626,29495,86,0
2021-06-23,72.625,74.008,72.603,72.936,26094,86,0
2021-06-24,72.935,73.363,72.102,73.018,23829,86,0
2021-06-25,73.016,73.888,72.601,73.717,25108,86,0
2021-06-27,73.753,73.863,73.693,73.833,707,86,0
2021-06-28,73.834,74.124,72.329,72.534,25000,86,0
2021-06-29,72.534,73.453,71.647,73.072,25579,86,0
2021-06-30,73.075,73.755,72.437,73.08,27342,86,0
2021-07-01,73.079,75.655,72.962,74.467,33617,86,0
2021-07-02,74.465,75.024,73.881,74.588,27634,86,0
2021-07-04,74.511,74.759,74.486,74.627,800,86,0
2021-07-05,74.629,75.776,74.245,75.643,18039,86,0
2021-07-06,75.646,76.359,72.405,73.002,34306,86,0
2021-07-07,73.002,74.266,70.601,71.561,35708,86,0
2021-07-08,71.572,72.651,70.236,72.598,35547,86,0
2021-07-09,72.583,74.093,72.082,74.03,27775,86,0
2021-07-11,74.153,74.224,73.957,74.011,703,86,0
2021-07-12,74.007,74.095,72.517,73.608,29208,86,0
2021-07-13,73.61,74.907,73.097,74.437,25264,86,0
2021-07-14,74.436,74.871,71.705,72.258,32384,86,0
2021-07-15,72.255,72.413,70.97,71.021,33084,86,0
2021-07-16,71.036,71.948,70.094,71.112,30220,86,0
2021-07-18,71.041,71.282,70.92,71.03,1267,86,0
2021-07-19,71.026,71.027,65.477,66.774,43653,86,0
2021-07-20,66.776,67.466,64.949,66.619,41404,86,0
2021-07-21,66.611,70.33,66.356,70.052,33366,86,0
2021-07-22,70.048,71.814,69.657,71.477,31508,86,0
2021-07-23,71.477,71.891,71.172,71.848,25683,86,0
2021-07-25,72.032,72.166,71.993,72.07,586,86,0
2021-07-26,72.067,72.067,70.329,71.854,26061,86,0
2021-07-27,71.85,72.089,70.884,71.724,25408,86,0
2021-07-28,71.735,72.314,71.451,72.102,23064,86,0
2021-07-29,72.105,73.346,71.961,72.949,18636,86,0
2021-07-30,72.947,73.842,72.589,73.297,19977,86,0
2021-08-01,73.384,73.469,73.282,73.295,582,86,0
2021-08-02,73.292,73.316,70.201,70.97,26842,86,0
2021-08-03,70.985,71.533,68.849,70.053,26921,86,0
2021-08-04,70.064,70.461,67.623,67.81,27857,86,0
2021-08-05,67.812,69.058,67.323,68.752,25342,86,0
2021-08-06,68.751,69.916,67.638,67.804,24520,86,0
2021-08-08,67.194,67.353,66.53,67.013,1536,86,0
2021-08-09,67.01,67.078,64.994,66.705,32354,86,0
2021-08-10,66.707,68.666,66.317,68.241,25539,86,0
2021-08-11,68.244,69.179,66.464,69.08,29964,86,0
2021-08-12,69.093,69.381,68.228,68.604,23052,86,0
2021-08-13,68.618,68.959,67.54,67.66,22496,86,0
2021-08-15,67.9,67.995,67.775,67.807,543,86,0
2021-08-16,67.806,67.859,65.487,67.314,29622,86,0
2021-08-17,67.311,67.407,66.052,66.265,27603,86,0
2021-08-18,66.264,67.166,64.191,64.435,29717,86,0
2021-08-19,64.433,64.492,62.346,63.559,38232,86,0
2021-08-20,63.557,63.932,61.768,61.85,29868,86,0
2021-08-22,62.086,62.348,62.033,62.224,883,86,0
2021-08-23,62.211,65.89,62.211,65.442,28281,86,0
2021-08-24,65.447,67.679,65.303,67.287,25255,86,0
2021-08-25,67.274,68.404,66.801,67.856,24259,86,0
2021-08-26,67.858,68.145,66.876,67.656,26114,86,0
2021-08-27,67.653,68.861,67.35,68.522,22652,86,0
2021-08-29,69.106,69.37,69.049,69.207,1330,86,0
2021-08-30,69.221,69.221,67.57,68.955,24038,86,0
2021-08-31,68.951,69.164,68.035,68.32,24653,86,0
2021-09-01,68.317,69.062,66.974,68.018,26637,86,0
2021-09-02,68.019,70.395,67.653,69.549,22553,86,0
2021-09-03,69.544,70.324,68.929,69.049,22771,86,0
2021-09-05,68.885,68.958,68.564,68.582,645,86,0
2021-09-06,68.568,69.28,68.086,68.608,15568,86,0
2021-09-07,68.613,69.221,67.464,68.225,25743,86,0
2021-09-08,68.226,69.513,68.129,68.992,23256,86,0
2021-09-09,68.998,69.639,67.362,67.739,28914,86,0
2021-09-10,67.727,69.716,67.472,69.351,22349,86,0
2021-09-12,69.524,69.892,69.524,69.832,773,86,0
2021-09-13,69.829,70.679,69.56,70.361,23472,86,0
2021-09-14,70.367,70.934,69.729,70.523,23635,86,0
2021-09-15,70.531,72.843,70.406,72.265,23307,86,0
2021-09-16,72.263,72.672,71.258,72.278,26551,86,0
2021-09-17,72.275,72.4,70.968,71.709,25397,86,0
2021-09-19,71.584,71.586,71.288,71.428,944,86,0
2021-09-20,71.429,71.557,69.639,70.561,31104,86,0
2021-09-21,70.548,71.37,69.312,70.627,28786,86,0
2021-09-22,70.619,72.187,70.534,71.836,26791,86,0
2021-09-23,71.828,73.355,71.508,73.148,23791,86,0
2021-09-24,73.157,74.101,72.666,73.829,22982,86,0
2021-09-26,74.159,74.659,74.159,74.651,1148,86,0
2021-09-27,74.649,75.568,74.398,75.196,27061,86,0
2021-09-28,75.198,76.466,74.082,74.258,32441,86,0
2021-09-29,74.244,75.571,73.534,74.481,31462,86,0
2021-09-30,74.467,75.855,72.954,75.028,36249,86,0
2021-10-01,75.043,75.771,74.024,75.54,31308,86,0
2021-10-03,75.784,75.821,75.524,75.641,979,86,0
2021-10-04,75.654,78.161,75.114,77.328,31253,86,0
2021-10-05,77.336,79.183,77.244,78.704,29786,86,0
2021-10-06,78.714,79.481,76.561,76.926,36293,86,0
2021-10-07,76.911,78.588,74.706,78.491,32767,86,0
2021-10-08,78.484,79.694,78.276,79.001,30928,86,0
2021-10-10,79.34,79.71,79.119,79.123,1387,86,0
2021-10-11,79.106,81.238,79.066,79.837,31739,86,0
2021-10-12,79.83,80.854,78.932,79.58,32441,86,0
2021-10-13,79.593,80.378,78.805,80.118,30951,86,0
2021-10-14,80.1,81.175,79.783,81.05,26617,86,0
2021-10-15,81.048,81.927,80.909,81.809,24366,86,0
2021-10-17,82.385,82.434,82.132,82.285,1270,86,0
2021-10-18,82.299,83.093,81.13,81.496,29258,86,0
2021-10-19,81.494,82.844,80.962,82.349,27242,86,0
2021-10-20,82.364,83.509,80.634,83.402,26846,86,0
2021-10-21,83.405,83.677,80.567,82.013,29089,86,0
2021-10-22,82.032,83.879,81.463,83.813,27773,86,0
2021-10-24,83.68,83.84,83.552,83.641,1067,86,0
2021-10-25,83.642,84.931,83.035,83.418,26614,86,0
2021-10-26,83.431,84.381,82.614,83.749,25547,86,0
2021-10-27,83.755,83.987,81.572,81.714,30308,86,0
2021-10-28,81.7,82.608,80.094,82.086,34135,86,0
2021-10-29,82.072,82.867,80.797,82.511,30606,86,0
2021-10-31,82.197,82.306,81.871,82.094,1140,86,0
2021-11-01,82.098,83.928,81.914,82.979,26540,86,0
2021-11-02,82.965,83.521,81.878,82.099,28785,86,0
2021-11-03,82.097,82.13,78.967,79.531,33221,86,0
2021-11-04,79.544,82.497,77.572,78.934,37212,86,0
2021-11-05,78.951,80.867,78.111,80.496,34940,86,0
2021-11-07,80.693,80.833,80.616,80.637,466,86,0
2021-11-08,80.631,81.711,80.446,81.082,29082,86,0
2021-11-09,81.084,83.541,80.795,83.238,27475,86,0
2021-11-10,83.24,83.341,79.727,80.367,33487,86,0
2021-11-11,80.369,81.084,79.11,80.247,36001,86,0
2021-11-12,80.25,80.424,78.733,79.73,31206,86,0
2021-11-14,79.999,80.044,79.776,79.864,654,86,0
2021-11-15,79.863,79.944,78.291,79.636,30687,86,0
2021-11-16,79.638,80.625,78.931,79.437,28764,86,0
2021-11-17,79.435,79.436,76.847,77.392,31535,86,0
2021-11-18,77.394,78.648,76.316,78.132,30640,86,0
2021-11-19,78.13,79.152,74.954,75.504,39642,86,0
2021-11-21,75.006,75.373,74.952,75.368,1114,86,0
2021-11-22,75.363,76.973,74.968,76.216,37516,86,0
2021-11-23,76.214,78.657,75.128,78.031,36954,86,0
2021-11-24,78.028,78.982,77.779,78.136,32340,86,0
2021-11-25,78.14,78.425,77.009,77.151,16599,86,0
2021-11-26,77.159,77.3,67.224,67.943,42893,86,0
2021-11-28,70.026,71.21,69.696,71.197,2348,86,0
2021-11-29,71.198,72.696,68.696,70.627,53713,86,0
2021-11-30,70.643,71.004,64.275,66.734,61313,86,0
2021-12-01,66.737,69.292,64.69,66.048,53090,86,0
2021-12-02,66.072,67.317,62.288,67.195,58779,86,0
2021-12-03,67.161,69.012,65.473,66.264,45414,86,0
2021-12-05,67.355,67.435,67.206,67.386,809,86,0
2021-12-06,67.382,69.973,67.135,69.567,42429,86,0
2021-12-07,69.57,72.771,69.479,71.654,40847,86,0
2021-12-08,71.656,72.764,70.74,72.401,42386,86,0
2021-12-09,72.4,73.127,70.231,70.372,35028,86,0
2021-12-10,70.374,72.139,70.168,71.748,34258,86,0
2021-12-12,71.893,72.353,71.893,72.311,579,86,0
2021-12-13,72.32,72.785,70.517,70.999,34154,86,0
2021-12-14,70.996,71.751,69.293,70.046,35275,86,0
2021-12-15,70.068,71.449,69.166,71.355,33228,86,0
2021-12-16,71.352,72.677,70.816,71.595,30247,86,0
2021-12-17,71.603,71.965,69.659,70.137,32525,86,0
2021-12-19,69.09,69.313,68.753,69.172,1093,86,0
2021-12-20,69.183,69.448,66.061,69.117,44648,86,0
2021-12-21,69.125,71.434,68.47,71.134,33177,86,0
2021-12-22,71.131,73.007,70.717,72.921,28506,86,0
2021-12-23,72.916,73.799,72.114,73.661,25242,86,0
2021-12-26,73.222,73.292,73.094,73.149,566,79,0
2021-12-27,73.155,75.794,72.417,75.638,25402,86,0
2021-12-28,75.637,76.713,75.337,75.918,26330,86,0
2021-12-29,75.919,77.158,75.174,76.353,27210,86,0
2021-12-30,76.34,77.21,75.561,76.106,24202,86,0
2021-12-31,76.104,76.824,74.758,75.115,25863,86,0
2022-01-02,75.477,75.672,75.46,75.582,527,86,0
2022-01-03,75.593,76.241,74.082,75.766,27372,86,0
2022-01-04,75.771,77.441,75.514,76.821,31347,86,0
2022-01-05,76.82,78.246,76.301,76.852,30073,86,0
2022-01-06,76.853,79.71,76.372,78.987,37806,86,0
2022-01-07,78.985,79.929,78.139,78.439,31254,86,0
2022-01-09,78.235,78.279,77.943,78.145,711,86,0
2022-01-10,78.139,78.977,77.39,78.07,34223,86,0
2022-01-11,78.073,80.995,77.871,80.704,31061,86,0
2022-01-12,80.702,82.429,80.571,82.107,31107,86,0
2022-01-13,82.103,82.271,80.889,81.284,29562,86,0
2022-01-14,81.281,83.721,81.053,83.716,32553,86,0
2022-01-16,83.899,84.044,83.734,83.793,949,86,0
2022-01-17,83.802,83.922,82.893,83.604,19824,83,0
2022-01-18,83.612,86.143,83.498,85.972,36045,81,0
2022-01-19,85.965,86.631,84.76,84.784,36933,86,0
2022-01-20,84.794,86.893,83.796,83.875,37323,86,0
2022-01-21,83.868,85.325,82.599,84.571,45156,86,0
2022-01-23,84.807,85.599,84.717,85.577,1319,86,0
2022-01-24,85.571,85.818,81.677,83.908,47679,86,0
2022-01-25,83.913,85.341,82.717,84.928,46096,86,0
2022-01-26,84.925,87.441,84.597,86.838,39843,86,0
2022-01-27,86.825,87.953,85.688,86.768,47401,86,0
2022-01-28,86.761,88.182,85.841,86.655,44836,86,0
2022-01-30,86.993,87.12,86.941,87.059,920,62,0
2022-01-31,87.071,87.58,85.686,87.499,36091,62,0
2022-02-01,87.503,87.953,85.717,87.36,35215,62,0
2022-02-02,87.362,88.701,86.238,86.694,37675,62,0
2022-02-03,86.699,89.316,85.829,88.924,34960,62,0
2022-02-04,88.919,91.743,88.854,90.665,39035,62,0
2022-02-06,90.405,90.683,90.244,90.581,940,62,0
2022-02-07,90.582,91.486,89.578,90.213,42365,62,0
2022-02-08,90.21,90.465,87.435,88.692,41652,62,0
2022-02-09,88.437,89.452,87.411,88.98,35500,62,0
2022-02-10,88.978,90.492,88.06,88.71,40298,62,0
2022-02-11,88.715,92.97,87.957,92.275,45999,62,0
2022-02-13,92.098,92.689,92.087,92.649,1229,62,0
2022-02-14,92.646,93.963,90.564,92.859,55352,62,0
2022-02-15,92.864,93.219,88.987,90.525,49622,62,0
2022-02-16,90.526,93.032,88.173,89.4,46755,62,0
2022-02-17,89.394,91.37,88.943,89.721,55064,62,0
2022-02-18,89.716,90.843,87.252,90.658,52700,62,0
2022-02-20,91.462,91.462,91.232,91.411,962,62,0
2022-02-21,91.409,93.255,88.884,92.362,39288,62,0
2022-02-22,92.36,94.619,90.794,91.362,59828,62,0
2022-02-23,91.363,93.554,90.359,92.39,49141,62,0
2022-02-24,92.392,99.937,90.979,94.131,82255,62,0
2022-02-25,94.117,95.012,89.564,91.237,66150,62,0
2022-02-27,96.854,97.057,95.536,95.998,2748,94,0
2022-02-28,96.015,96.728,93.692,95.038,58855,62,0
2022-03-01,95.024,105.27,95.024,104.768,68999,62,0
2022-03-02,104.756,110.778,103.631,108.991,81413,94,0
2022-03-03,108.988,114.489,104.735,107.433,93358,94,0
2022-03-04,107.432,114.045,105.625,113.064,76823,94,0
2022-03-06,122.508,124.968,122.097,124.429,3166,140,0
2022-03-07,124.405,124.405,113.293,118.601,89442,94,0
2022-03-08,118.597,126.434,114.847,122.512,79426,94,0
2022-03-09,122.492,123.863,100.994,108.005,88140,94,0
2022-03-10,107.995,111.818,103.2,104.896,71946,94,0
2022-03-11,104.872,107.696,101.868,106.723,56773,94,0
2022-03-13,106.482,106.513,104.265,104.812,2923,140,0
2022-03-14,104.789,104.872,98.204,99.794,57058,94,0
2022-03-15,99.789,99.995,92.304,94.282,65798,94,0
2022-03-16,94.267,97.918,92.683,94.61,63107,94,0
2022-03-17,94.615,102.626,93.612,101.669,58612,94,0
2022-03-18,101.666,104.482,100.807,103.631,47830,94,0
2022-03-20,103.409,104.606,103.171,104.4,1828,94,0
2022-03-21,104.421,111.909,104.421,111.698,47933,94,0
2022-03-22,111.717,112.832,106.673,108.118,63506,94,0
2022-03-23,108.121,114.72,107.807,113.752,53879,94,0
2022-03-24,113.77,115.794,109.864,111.086,69679,94,0
2022-03-25,111.098,113.201,107.775,111.824,66514,94,0
2022-03-27,110.064,110.842,109.505,109.759,3302,94,0
2022-03-28,109.75,110.064,101.985,103.033,63751,94,0
2022-03-29,103.04,106.827,97.679,105.203,73960,94,0
2022-03-30,105.195,107.663,103.54,106.401,55620,94,0
2022-03-31,106.399,106.667,98.729,99.992,72348,94,0
2022-04-01,99.993,100.489,96.886,98.652,59137,94,0
2022-04-03,97.421,97.931,97.365,97.613,1771,94,0
2022-04-04,97.612,103.808,97.516,103.282,47549,94,0
2022-04-05,103.279,104.528,99.027,100.108,49149,94,0
2022-04-06,100.103,102.971,95.14,96.108,56225,94,0
2022-04-07,96.121,98.096,93.325,96.341,52382,94,0
2022-04-08,96.344,98.212,94.768,97.375,45884,94,0
2022-04-10,97.704,97.837,96.144,96.321,1314,94,0
2022-04-11,96.316,96.66,92.603,94.916,46910,62,0
2022-04-12,94.933,101.385,94.516,100.966,45754,94,0
2022-04-13,100.972,103.974,99.503,103.184,44992,94,0
2022-04-14,103.191,106.954,101.675,105.918,41851,83,0
2022-04-17,106.937,107.738,106.864,107.334,1686,94,0
2022-04-18,107.339,109.077,105.359,107.177,36729,94,0
2022-04-19,107.175,108.177,101.402,103.062,46773,94,0
2022-04-20,103.056,103.789,99.75,102.156,46214,62,0
2022-04-21,102.155,105.187,101.836,103.401,45087,94,0
2022-04-22,103.394,103.974,100.804,101.249,43348,62,0
2022-04-24,100.533,100.627,99.796,100.234,1568,94,0
2022-04-25,100.246,100.544,95.026,98.294,48890,62,0
2022-04-26,98.297,102.302,96.792,101.467,48571,94,0
2022-04-27,101.464,102.459,99.35,101.204,44499,94,0
2022-04-28,101.211,104.853,99.533,104.101,44508,62,0
2022-04-29,104.118,107.014,102.999,103.619,48295,94,0
2022-05-01,103.511,104.222,103.327,103.773,2057,94,0
2022-05-02,103.764,104.977,99.536,104.255,46164,94,0
2022-05-03,104.254,104.793,101.238,102.502,42804,62,0
2022-05-04,102.503,107.584,101.993,107.11,42268,94,0
2022-05-05,107.118,110.283,105.453,107.605,49172,62,0
2022-05-06,107.61,109.987,106.169,109.18,51172,94,0
2022-05-08,108.311,108.529,107.722,108.058,1686,94,0
2022-05-09,108.072,109.318,101.13,101.678,56840,94,0
2022-05-10,101.671,103.036,97.166,97.718,60248,94,0
2022-05-11,97.745,104.974,97.551,104.179,57078,94,0
2022-05-12,104.188,105.762,101.264,105.423,60322,94,0
2022-05-13,105.43,108.875,104.746,108.708,45860,94,0
2022-05-15,109.183,109.689,109.181,109.555,1592,94,0
2022-05-16,109.548,112.53,106.318,111.699,51755,94,0
2022-05-17,111.705,113.126,108.914,110.764,51701,94,0
2022-05-18,110.762,112.178,104.803,105.313,51678,94,0
2022-05-19,105.315,109.795,102.947,108.662,57866,94,0
2022-05-20,108.657,110.499,107.647,110.007,46983,94,0
2022-05-22,109.389,109.766,108.868,109.652,1409,94,0
2022-05-23,109.637,111.244,108.555,108.991,43259,94,0
2022-05-24,109.022,110.703,107.893,109.76,48412,62,0
2022-05-25,109.762,110.794,108.455,109.729,40346,62,0
2022-05-26,109.744,113.747,109.283,112.882,35418,62,0
2022-05-27,112.875,114.085,111.697,113.962,40607,62,0
2022-05-29,114.128,114.597,114.034,114.412,776,94,0
2022-05-30,114.41,116.468,114.199,116.3,24482,94,0
2022-05-31,116.322,118.612,112.946,113.666,53474,94,0
2022-06-01,113.682,116.372,111.726,111.762,47037,94,0
2022-06-02,111.75,116.25,109.909,115.782,48904,94,0
2022-06-03,115.785,118.786,113.683,118.681,36556,94,0
2022-06-05,119.012,119.023,118.456,118.495,858,94,0
2022-06-06,118.498,118.692,115.977,117.231,39216,94,0
2022-06-07,117.227,118.653,115.642,117.722,42162,94,0
2022-06-08,117.702,121.303,117.597,120.232,39334,94,0
2022-06-09,120.225,120.817,118.93,119.238,38375,94,0
2022-06-10,119.241,120.489,116.156,117.998,46301,94,0
2022-06-12,116.633,116.818,116.326,116.508,1288,94,0
2022-06-13,116.511,119.796,115.114,118.007,51353,94,0
2022-06-14,117.982,120.966,114.259,115.863,55766,94,0
2022-06-15,115.862,116.868,112.339,114.06,55277,94,0
2022-06-16,114.034,115.521,110.291,114.247,51378,94,0
2022-06-17,114.261,116.248,106.148,108.236,55826,94,0
2022-06-19,109.036,109.057,108.513,108.702,1432,94,0
2022-06-20,108.704,108.906,106.553,108.474,37283,94,0
2022-06-21,108.489,110.769,108.489,108.684,44650,62,0
2022-06-22,108.702,108.756,101.122,103.296,58116,94,0
2022-06-23,103.29,106.38,101.769,103.537,56666,62,0
2022-06-24,103.534,107.564,102.746,106.548,47799,62,0
2022-06-26,105.22,105.578,104.965,105.334,1619,94,0
2022-06-27,105.336,109.347,104.461,108.962,48262,62,0
2022-06-28,108.979,111.009,108.5,110.5,47388,94,0
2022-06-29,110.498,112.671,107.929,108.329,49643,94,0
2022-06-30,108.325,109.057,103.859,104.711,54169,62,0
2022-07-01,104.7,107.597,103.074,106.77,52382,62,0
2022-07-03,106.755,106.875,106.44,106.465,913,94,0
2022-07-04,106.466,108.989,105.568,108.48,31189,94,0
2022-07-05,108.462,109.482,95.708,99.193,62674,62,0
2022-07-06,99.192,100.14,93.161,95.699,65982,62,0
2022-07-07,95.688,101.834,94.038,100.233,55989,62,0
2022-07-08,100.244,102.722,99.14,102.366,55987,62,0
2022-07-10,101.445,102.11,101.259,101.921,1294,94,0
2022-07-11,101.927,102.565,98.487,100.67,54813,94,0
2022-07-12,100.677,100.898,91.636,92.028,61418,62,0
2022-07-13,92.048,95.548,92.048,93.504,62548,62,0
2022-07-14,93.488,94.558,88.3,93.655,57502,62,0
2022-07-15,93.633,96.001,91.599,94.447,51840,62,0
2022-07-17,94.248,94.362,94.04,94.086,1263,94,0
2022-07-18,94.079,99.438,92.725,98.647,50069,62,0
2022-07-19,98.653,100.653,96.232,99.855,48016,62,0
2022-07-20,99.842,100.25,97.724,98.952,48298,62,0
2022-07-21,98.951,99.152,94.076,95.49,53678,62,0
2022-07-22,95.491,97.313,93.659,94.43,53802,62,0
2022-07-24,94.669,94.899,94.28,94.28,1201,94,0
2022-07-25,94.278,96.276,92.393,95.461,51630,62,0
2022-07-26,95.465,98.203,94.109,94.72,47131,62,0
2022-07-27,94.731,97.805,93.586,97.189,46961,62,0
2022-07-28,97.192,98.996,95.326,96.542,43952,62,0
2022-07-29,96.547,100.897,95.578,97.468,41768,62,0
2022-07-31,96.883,97.256,96.66,97.018,1144,94,0
2022-08-01,97.015,97.518,91.683,92.898,55046,62,0
2022-08-02,92.907,95.657,91.789,93.099,57414,62,0
2022-08-03,93.111,95.816,89.851,90.468,55487,62,0
2022-08-04,90.462,91.232,86.985,87.344,56167,62,0
2022-08-05,87.341,90.031,86.348,87.904,53830,62,0
2022-08-07,87.786,87.824,87.202,87.413,1325,62,0
2022-08-08,87.416,90.256,86.593,89.772,55457,62,0
2022-08-09,89.763,91.925,88.422,89.779,47596,62,0
2022-08-10,89.78,91.761,87.145,90.912,51818,62,0
2022-08-11,90.931,94.29,90.651,93.291,45632,62,0
2022-08-12,93.296,94.089,90.578,91.26,45584,62,0
2022-08-14,91.16,91.24,90.949,90.957,689,94,0
2022-08-15,90.971,91.356,86.295,87.757,47074,62,0
2022-08-16,87.749,90.05,85.361,86.546,47906,62,0
2022-08-17,86.55,88.594,85.446,87.256,45246,62,0
2022-08-18,87.238,90.966,87.001,90.268,42111,62,0
2022-08-19,90.272,91.605,87.879,89.553,42509,62,0
2022-08-21,89.358,89.457,89.205,89.382,990,62,0
2022-08-22,89.377,90.95,86.225,90.705,55342,62,0
2022-08-23,90.709,94.046,90.396,93.512,44507,62,0
2022-08-24,93.516,95.215,92.664,95.028,49107,62,0
2022-08-25,95.044,95.575,92.159,92.78,46210,62,0
2022-08-26,92.786,93.845,90.926,92.705,49246,62,0
2022-08-28,92.289,93.018,92.262,92.641,1369,94,0
2022-08-29,92.645,96.956,92.521,96.419,43700,62,0
2022-08-30,96.408,97.23,90.338,91.788,48414,62,0
2022-08-31,91.798,92.456,88.051,88.905,53265,62,0
2022-09-01,88.901,89.292,85.768,86.948,53178,62,0
2022-09-02,86.946,89.272,86.37,86.779,46978,62,0
2022-09-04,87.296,87.996,87.283,87.949,1104,94,0
2022-09-05,87.963,90.107,87.695,88.679,34633,62,0
2022-09-06,88.677,89.188,85.961,86.498,50545,62,0
2022-09-07,86.501,87.408,81.283,81.75,60847,62,0
2022-09-08,81.752,83.824,80.93,82.569,58448,62,0
2022-09-09,82.553,86.746,82.449,85.861,46321,62,0
2022-09-11,86.085,86.296,85.914,85.944,1003,62,0
2022-09-12,85.951,88.671,84.76,87.653,46576,62,0
2022-09-13,87.668,88.927,84.653,87.096,56290,62,0
2022-09-14,87.116,89.617,85.724,88.554,57850,62,0
2022-09-15,88.556,88.624,83.902,84.198,54157,62,0
2022-09-16,84.197,86.104,83.798,84.855,53153,62,0
2022-09-18,84.909,85.299,84.909,85.191,1102,62,0
2022-09-19,85.197,85.774,81.66,85.341,46772,62,0
2022-09-20,85.338,85.989,82.91,83.912,55092,62,0
2022-09-21,83.91,86.517,82.361,82.724,61819,62,0
2022-09-22,82.722,85.822,82.255,83.473,56805,62,0
2022-09-23,83.472,83.761,77.98,79.166,55780,62,0
2022-09-25,79.061,79.361,79.005,79.361,1754,62,0
2022-09-26,79.359,80.096,76.147,76.464,68626,62,0
2022-09-27,76.455,79.232,76.394,78.156,59103,62,0
2022-09-28,78.166,81.912,76.238,81.29,64245,62,0
2022-09-29,81.3,82.474,79.919,81.201,62666,62,0
2022-09-30,81.211,82.094,78.717,79.246,58930,62,0
2022-10-02,81.345,81.675,81.159,81.595,1827,62,0
2022-10-03,81.59,84.006,80.879,82.811,53383,62,0
2022-10-04,82.807,86.32,82.777,85.864,45759,62,0
2022-10-05,85.862,87.755,84.821,87.383,51184,62,0
2022-10-06,87.382,88.423,86.386,88.212,43772,62,0
2022-10-07,88.211,92.276,87.352,92.133,46576,62,0
2022-10-09,91.707,91.832,91.385,91.625,1719,62,0
2022-10-10,91.627,92.581,89.562,89.747,49244,62,0
2022-10-11,89.733,90.343,86.8,87.442,56478,62,0
2022-10-12,87.444,88.814,85.174,86.039,53924,62,0
2022-10-13,86.035,88.466,84.501,87.805,49998,62,0
2022-10-14,87.789,88.541,84.255,84.646,51108,62,0
2022-10-16,84.821,85.234,84.773,85.18,1086,62,0
2022-10-17,85.182,86.141,83.676,84.866,46487,62,0
2022-10-18,84.855,85.45,81.252,83.0,52222,62,0
2022-10-19,82.982,84.886,81.631,84.597,49308,62,0
2022-10-20,84.586,86.906,83.982,84.347,50462,62,0
2022-10-21,84.351,85.63,82.926,84.889,49084,62,0
2022-10-23,85.132,85.351,84.856,85.059,2256,62,0
2022-10-24,85.06,85.564,82.383,84.567,50866,62,0
2022-10-25,84.564,85.705,82.785,84.509,42700,62,0
2022-10-26,84.499,87.962,83.816,87.688,42093,62,0
2022-10-27,87.671,89.275,86.869,88.042,44430,62,0
2022-10-28,88.033,88.219,86.559,87.697,42195,62,0
2022-10-30,87.807,87.857,87.58,87.76,1109,62,0
2022-10-31,87.759,87.919,84.747,85.613,46132,62,0
2022-11-01,85.601,88.81,85.348,88.044,45248,62,0
2022-11-02,88.033,89.647,87.101,88.255,46376,62,0
2022-11-03,88.251,88.955,86.931,87.364,31868,62,0
2022-11-04,87.37,92.048,87.166,91.693,48404,62,0
2022-11-06,90.026,90.248,89.911,89.922,788,62,0
2022-11-07,89.911,92.889,89.902,91.091,45692,62,0
2022-11-08,91.097,91.364,87.897,88.326,44086,62,0
2022-11-09,88.318,88.374,84.849,85.092,50237,62,0
2022-11-10,85.08,86.601,84.029,85.612,48249,62,0
2022-11-11,85.626,89.297,85.569,88.234,48552,62,0
2022-11-13,88.406,88.996,88.254,88.947,713,62,0
2022-11-14,88.934,89.061,84.549,84.634,48893,62,0
2022-11-15,84.637,88.025,83.525,86.612,54331,62,0
2022-11-16,86.609,86.841,83.64,84.594,47543,62,0
2022-11-17,84.596,84.797,81.147,81.784,47944,62,0
2022-11-18,81.786,82.364,77.572,80.206,50113,62,0
2022-11-20,80.307,80.319,80.053,80.11,313,94,0
2022-11-21,80.136,80.396,75.235,80.281,35717,94,0
2022-11-22,80.259,82.251,79.78,81.179,29678,94,0
2022-11-23,81.187,81.843,76.834,77.515,46778,62,0
2022-11-24,77.525,78.194,76.907,77.894,27490,62,0
2022-11-25,77.934,79.865,76.204,76.28,32225,62,0
2022-11-27,76.162,76.183,75.809,76.07,726,62,0
2022-11-28,76.068,77.821,73.621,76.553,56298,62,0
2022-11-29,76.551,79.599,76.308,78.745,54708,62,0
2022-11-30,78.746,81.354,78.414,80.58,44977,62,0
2022-12-01,80.575,83.264,79.966,81.266,45917,62,0
2022-12-02,81.255,82.113,79.657,80.253,45784,62,0
2022-12-04,80.356,81.296,80.257,81.179,1057,62,0
2022-12-05,81.175,82.706,76.829,77.448,50380,62,0
2022-12-06,77.461,77.954,73.531,74.594,50892,62,0
2022-12-07,74.592,75.455,71.963,72.722,54906,62,0
2022-12-08,72.725,75.21,71.206,72.111,52767,62,0
2022-12-09,72.114,72.934,70.246,71.601,46732,62,0
2022-12-11,72.164,72.365,71.908,71.993,757,62,0
2022-12-12,71.989,73.967,70.423,73.498,47828,62,0
2022-12-13,73.494,76.273,73.276,75.196,48514,62,0
2022-12-14,75.188,77.721,74.931,77.266,44048,62,0
2022-12-15,77.268,77.793,75.396,76.241,45303,62,0
2022-12-16,76.239,76.544,73.394,74.574,48615,62,0
2022-12-18,74.757,75.116,74.582,75.081,723,62,0
2022-12-19,75.082,76.592,74.011,75.855,43655,62,0
2022-12-20,75.854,76.878,74.44,76.132,49034,62,0
2022-12-21,76.138,78.563,75.772,78.438,39254,62,0
2022-12-22,78.436,79.814,76.995,78.395,39895,62,0
2022-12-23,78.401,80.245,77.927,79.433,38265,62,0
2022-12-26,80.131,80.858,80.104,80.785,635,426,0
2022-12-27,80.788,81.156,79.175,79.79,37303,62,0
2022-12-28,79.788,79.885,77.339,78.625,40715,62,0
2022-12-29,78.62,78.844,76.826,78.617,38648,62,0
2022-12-30,78.616,80.622,77.748,80.383,36081,62,0
2023-01-02,80.262,80.455,80.139,80.434,795,200,0
2023-01-03,80.433,81.515,76.722,77.159,51490,62,0
2023-01-04,77.16,77.486,72.884,73.513,48721,62,0
2023-01-05,73.502,75.035,72.619,74.099,45682,62,0
2023-01-06,74.092,75.604,73.408,73.893,43384,62,0
2023-01-08,74.246,74.305,74.127,74.282,605,62,0
2023-01-09,74.292,76.87,74.241,74.895,43044,62,0
2023-01-10,74.898,76.084,74.057,74.79,41873,62,0
2023-01-11,74.792,77.966,74.489,77.912,41088,62,0
2023-01-12,77.914,79.314,77.293,78.551,38654,62,0
2023-01-13,78.556,80.237,78.192,80.234,33998,62,0
2023-01-15,80.237,80.237,79.994,80.004,538,62,0
2023-01-16,80.003,80.134,78.757,78.967,22847,62,0
2023-01-17,78.978,81.468,78.895,80.931,35476,62,0
2023-01-18,80.919,82.636,79.201,79.417,39879,62,0
2023-01-19,79.414,81.462,78.447,81.015,41657,62,0
2023-01-20,81.014,81.9,79.898,81.81,37320,62,0
2023-01-22,81.501,81.521,81.162,81.249,779,62,0
2023-01-23,81.252,82.643,81.082,81.647,35098,62,0
2023-01-24,81.648,82.256,79.713,80.232,35360,62,0
2023-01-25,80.226,81.277,79.51,80.578,37916,62,0
2023-01-26,80.591,82.177,79.993,81.207,34732,62,0
2023-01-27,81.2,82.526,79.123,79.516,36257,62,0
2023-01-29,80.375,80.583,80.22,80.431,835,62,0
2023-01-30,80.433,80.525,77.761,78.047,40953,62,0
2023-01-31,78.049,79.349,76.668,79.273,37685,62,0
2023-02-01,79.271,79.845,76.196,76.947,41654,62,0
2023-02-02,76.951,77.372,75.125,76.12,41947,62,0
2023-02-03,76.123,78.138,73.301,73.384,41019,0,0
2023-02-05,73.77,73.883,73.651,73.686,518,62,0
2023-02-06,73.684,74.741,72.474,74.741,42289,62,0
2023-02-07,74.732,77.752,74.582,77.674,40779,62,0
2023-02-08,77.665,78.702,77.234,78.627,37667,62,0
2023-02-09,78.637,78.966,76.692,77.818,35600,62,0
2023-02-10,77.82,80.455,77.612,79.96,40120,62,0
2023-02-12,79.578,79.668,79.4,79.532,511,62,0
2023-02-13,79.534,80.726,78.621,79.418,34200,62,0
2023-02-14,79.407,79.784,77.674,78.982,38502,62,0
2023-02-15,78.983,79.332,77.446,78.738,35919,62,0
2023-02-16,78.736,79.728,77.979,78.039,35293,62,0
2023-02-17,78.037,78.482,75.312,76.511,40259,62,0
2023-02-19,76.579,76.676,76.503,76.643,387,62,0
2023-02-20,76.652,77.719,76.306,77.262,21339,57,0
2023-02-21,77.296,77.62,75.907,76.216,38803,58,0
2023-02-22,76.215,76.547,73.828,73.986,37596,62,0
2023-02-23,73.985,75.995,73.888,75.67,35015,62,0
2023-02-24,75.66,76.626,74.129,76.562,37006,62,0
2023-02-26,76.637,76.759,76.598,76.659,471,62,0
2023-02-27,76.658,76.819,75.018,75.751,34769,62,0
2023-02-28,75.752,77.831,75.572,76.697,32030,62,0
2023-03-01,76.695,77.867,76.177,77.688,36069,62,0
2023-03-02,77.682,78.622,77.271,77.988,31583,62,0
2023-03-03,77.994,79.894,75.89,79.866,32751,62,0
2023-03-05,79.475,79.559,79.369,79.421,493,62,0
2023-03-06,79.419,80.65,78.368,80.547,31205,62,0
2023-03-07,80.544,80.958,77.127,77.319,35179,62,0
2023-03-08,77.32,77.803,76.191,76.637,37380,62,0
2023-03-09,76.638,78.106,75.425,75.514,31995,62,0
2023-03-10,75.517,77.146,74.861,76.667,41032,62,0
2023-03-12,76.359,77.498,76.253,77.142,2172,62,0
2023-03-13,77.143,77.289,72.381,74.653,55241,62,0
2023-03-14,74.639,74.978,70.902,71.939,46272,62,0
2023-03-15,71.927,72.657,65.786,68.318,55396,62,0
2023-03-16,68.308,69.494,65.877,68.464,53700,62,0
2023-03-17,68.449,69.8,65.388,66.486,50846,62,0
2023-03-19,66.656,67.453,66.656,67.258,1459,62,0
2023-03-20,67.255,67.865,64.355,67.635,54709,62,0
2023-03-21,67.634,69.746,66.91,69.462,42191,62,0
2023-03-22,69.461,71.296,68.889,70.07,39551,62,0
2023-03-23,70.068,71.662,69.155,69.555,39772,62,0
2023-03-24,69.557,70.395,66.857,69.272,47562,62,0
2023-03-26,69.74,69.919,69.566,69.695,1156,62,0
2023-03-27,69.685,73.095,69.144,73.012,39106,62,0
2023-03-28,73.01,73.933,72.226,73.763,34841,62,0
2023-03-29,73.764,74.366,72.799,72.92,31744,62,0
2023-03-30,72.926,74.622,72.66,74.392,29898,62,0
2023-03-31,74.382,75.744,73.804,75.695,30473,62,0
2023-04-02,81.006,81.454,80.492,80.505,2954,62,0
2023-04-03,80.519,80.932,78.996,80.431,39713,62,0
2023-04-04,80.44,81.768,79.604,80.903,35204,62,0
2023-04-05,80.899,81.213,79.718,80.513,29680,62,0
2023-04-06,80.511,80.934,79.654,80.445,31620,62,0
2023-04-09,80.785,81.137,80.74,80.769,719,62,0
2023-04-10,80.771,81.048,79.61,79.836,24920,62,0
2023-04-11,79.824,81.517,79.362,81.398,27034,62,0
2023-04-12,81.402,83.368,81.203,82.916,27764,62,0
2023-04-13,82.914,83.242,81.974,82.127,26493,62,0
2023-04-14,82.125,82.96,81.624,82.588,29536,62,0
2023-04-16,82.115,82.445,82.067,82.432,623,94,0
2023-04-17,82.421,82.564,80.435,80.795,28324,62,0
2023-04-18,80.811,81.475,79.881,80.913,29157,62,0
2023-04-19,80.894,81.177,78.497,78.816,31787,62,0
2023-04-20,78.817,78.942,76.907,77.048,29432,62,0
2023-04-21,77.04,78.305,76.658,77.805,27382,62,0
2023-04-23,77.68,77.756,77.542,77.658,512,62,0
2023-04-24,77.66,79.097,76.662,78.558,26528,62,0
2023-04-25,78.55,78.982,76.445,77.199,30827,62,0
2023-04-26,77.196,77.825,73.991,74.342,36248,62,0
2023-04-27,74.344,75.181,73.951,74.699,32063,62,0
2023-04-28,74.71,76.815,73.845,76.566,32526,62,0
2023-04-30,76.5,76.574,75.953,75.981,840,62,0
2023-05-01,75.991,76.174,74.443,75.487,27274,62,0
2023-05-02,75.485,75.998,71.344,71.507,33493,62,0
2023-05-03,71.508,71.692,66.135,67.21,42415,62,0
2023-05-04,67.215,69.741,67.215,68.69,44491,62,0
2023-05-05,68.692,71.719,68.437,71.221,32984,62,0
2023-05-07,71.611,71.775,71.299,71.323,927,62,0
2023-05-08,71.321,73.562,70.954,72.874,28148,62,0
2023-05-09,72.887,73.676,71.264,73.508,31660,62,0
2023-05-10,73.505,73.785,71.766,72.809,33427,62,0
2023-05-11,72.797,73.436,70.617,71.311,37378,62,0
2023-05-12,71.301,71.71,69.909,70.023,36968,62,0
2023-05-14,70.05,70.088,69.899,70.003,396,62,0
2023-05-15,69.999,71.635,69.362,71.332,30325,62,0
2023-05-16,71.324,71.725,70.423,70.6,30516,62,0
2023-05-17,70.589,73.267,70.026,72.688,30242,62,0
2023-05-18,72.686,72.924,71.506,72.067,30343,62,0
2023-05-19,72.065,73.51,71.152,71.842,33729,62,0
2023-05-21,71.734,71.84,71.632,71.78,607,62,0
2023-05-22,71.783,72.478,70.632,72.279,34472,62,0
2023-05-23,72.266,73.915,71.667,73.794,31720,62,0
2023-05-24,73.804,74.667,73.094,74.185,33289,62,0
2023-05-25,74.178,74.329,70.997,71.843,33798,62,0
2023-05-26,71.841,73.038,71.494,72.789,30042,62,0
2023-05-28,73.263,73.337,73.061,73.208,647,62,0
2023-05-29,73.209,73.545,72.034,72.858,15887,62,0
2023-05-30,72.86,73.356,69.053,69.57,36024,62,0
2023-05-31,69.559,69.706,67.095,67.775,37677,62,0
2023-06-01,67.756,71.067,67.594,70.112,34858,62,0
2023-06-02,70.113,72.18,70.032,72.01,31071,62,0
2023-06-04,74.14,74.282,73.304,73.4,1808,62,0
2023-06-05,73.399,73.86,71.782,72.0,34781,62,0
2023-06-06,72.002,72.356,70.212,71.798,32243,62,0
2023-06-07,71.788,73.231,71.082,72.476,29649,62,0
2023-06-08,72.475,73.305,69.142,70.953,36029,62,0
2023-06-09,70.948,71.868,70.213,70.457,32413,62,0
2023-06-11,70.095,70.155,69.955,70.08,554,62,0
2023-06-12,70.09,70.09,66.924,67.532,36877,62,0
2023-06-13,67.518,69.922,67.284,69.318,34202,62,0
2023-06-14,69.333,70.608,68.239,68.672,34360,62,0
2023-06-15,68.674,71.121,68.127,70.769,33537,62,0
2023-06-16,70.775,71.992,70.16,71.758,31864,62,0
2023-06-18,71.629,71.631,71.376,71.441,722,62,0
2023-06-19,71.44,72.224,70.791,71.3,24995,62,0
2023-06-20,71.29,72.33,69.746,70.894,39568,62,0
2023-06-21,70.897,72.67,70.829,72.452,37052,62,0
2023-06-22,72.461,72.605,68.944,69.333,36344,62,0
2023-06-23,69.333,69.548,67.372,69.438,37209,62,0
2023-06-25,69.671,70.094,69.665,69.967,1205,62,0
2023-06-26,69.97,70.07,68.745,69.494,40359,62,0
2023-06-27,69.506,70.167,67.551,67.985,41234,62,0
2023-06-28,67.988,69.765,67.122,69.349,42489,62,0
2023-06-29,69.354,70.626,68.998,69.782,36761,62,0
2023-06-30,69.782,71.069,69.607,70.497,34958,62,0
2023-07-02,70.507,70.577,70.317,70.452,706,62,0
2023-07-03,70.461,71.791,69.744,70.124,35416,62,0
2023-07-04,70.121,71.382,69.947,71.101,20983,62,0
2023-07-05,71.104,72.181,70.426,71.958,32328,62,0
2023-07-06,71.959,72.316,70.239,71.768,36156,62,0
2023-07-07,71.769,73.818,71.189,73.574,30651,62,0
2023-07-09,73.481,73.539,73.369,73.474,712,62,0
2023-07-10,73.476,74.039,72.628,73.049,31808,62,0
2023-07-11,73.052,74.802,72.922,74.636,29082,62,0
2023-07-12,74.632,75.919,74.528,75.607,31664,62,0
2023-07-13,75.612,77.139,75.21,77.036,31114,62,0
2023-07-14,77.037,77.085,75.035,75.133,31281,62,0
2023-07-16,74.59,74.818,74.486,74.788,917,62,0
2023-07-17,74.787,75.939,73.755,74.107,34402,62,0
2023-07-18,74.103,75.855,73.793,75.689,30231,62,0
2023-07-19,75.702,76.808,74.983,75.133,32183,62,0
2023-07-20,75.136,76.093,74.474,75.76,32485,62,0
2023-07-21,75.756,77.202,75.64,76.853,30667,62,0
2023-07-23,76.597,76.618,76.477,76.49,670,62,0
2023-07-24,76.489,79.159,76.351,78.739,34235,62,0
2023-07-25,78.737,79.751,78.165,79.138,31810,62,0
2023-07-26,79.137,79.588,78.406,78.834,33105,62,0
2023-07-27,78.833,80.391,78.775,79.414,34292,62,0
2023-07-28,79.415,80.504,78.887,80.472,33531,62,0
2023-07-30,80.264,80.34,80.197,80.207,755,46,0
2023-07-31,80.208,81.758,79.928,81.404,34214,46,0
2023-08-01,81.404,82.133,80.368,81.972,34471,46,0
2023-08-02,81.98,82.153,78.838,79.504,40284,46,0
2023-08-03,79.507,81.578,78.472,81.461,41419,46,0
2023-08-04,81.46,82.854,81.208,82.254,35162,46,0
2023-08-06,82.834,82.863,82.486,82.578,939,46,0
2023-08-07,82.577,82.855,81.207,82.064,33233,46,0
2023-08-08,82.063,82.655,79.637,82.306,40036,46,0
2023-08-09,82.306,84.08,82.237,83.661,38228,46,0
2023-08-10,83.658,84.291,82.171,82.406,39209,46,0
2023-08-11,82.409,83.244,81.803,82.502,38749,46,0
2023-08-13,82.297,82.338,82.171,82.326,857,46,0
2023-08-14,82.334,82.582,81.246,81.844,41143,46,0
2023-08-15,81.836,82.351,79.98,80.563,41319,46,0
2023-08-16,80.584,80.958,78.682,78.756,37918,46,0
2023-08-17,78.755,80.585,78.581,79.535,34925,46,0
2023-08-18,79.535,80.907,78.992,80.641,38894,46,0
2023-08-20,80.452,80.6,80.448,80.521,773,46,0
2023-08-21,80.521,81.66,79.917,80.032,35931,46,0
2023-08-22,80.03,80.301,79.4,79.564,32168,46,0
2023-08-23,79.564,79.819,77.551,78.533,35182,46,0
2023-08-24,78.528,79.162,77.508,78.785,34740,46,0
2023-08-25,78.784,80.28,78.04,79.887,37194,46,0
2023-08-27,80.164,80.209,80.001,80.035,676,46,0
2023-08-28,80.035,80.683,79.458,79.857,32526,46,0
2023-08-29,79.861,81.222,79.18,81.129,31693,46,0
2023-08-30,81.13,81.79,80.659,81.351,32599,46,0
2023-08-31,81.35,83.321,81.217,83.207,31544,46,0
2023-09-01,83.208,85.449,83.142,85.432,32933,46,0
2023-09-03,85.262,85.508,85.238,85.35,694,70,0
2023-09-04,85.348,85.675,84.815,85.316,20784,46,0
2023-09-05,85.319,87.525,84.558,86.345,36745,46,0
2023-09-06,86.343,87.526,85.503,87.131,34420,46,0
2023-09-07,87.136,87.193,85.867,86.146,34184,46,0
2023-09-08,86.15,87.357,85.638,86.732,33161,46,0
2023-09-10,86.441,86.575,86.397,86.446,880,46,0
2023-09-11,86.464,87.585,86.205,86.716,34672,46,0
2023-09-12,86.717,88.708,86.658,88.163,31362,46,0
2023-09-13,88.164,88.967,87.697,88.057,32625,46,0
2023-09-14,88.056,90.164,88.04,89.913,31116,46,0
2023-09-15,89.91,90.536,88.613,90.332,32971,46,0
2023-09-17,90.153,90.177,89.967,90.093,767,46,0
2023-09-18,90.091,91.272,89.833,90.9,33975,46,0
2023-09-19,90.898,92.234,90.171,90.473,35871,46,0
2023-09-20,90.46,90.819,88.781,88.934,41207,46,0
2023-09-21,88.933,90.68,88.129,89.4,38334,46,0
2023-09-22,89.403,90.903,88.958,89.865,37922,46,0
2023-09-24,89.863,90.134,89.809,90.115,943,46,0
2023-09-25,90.113,90.309,88.593,89.197,34745,46,0
2023-09-26,89.198,90.168,87.719,89.958,35192,46,0
2023-09-27,89.959,93.235,89.959,92.851,39044,46,0
2023-09-28,92.849,93.942,90.509,90.771,43234,46,0
2023-09-29,90.771,92.098,89.463,89.878,39935,46,0
2023-10-01,89.998,90.173,89.968,90.08,1002,46,0
2023-10-02,90.079,90.846,87.456,87.631,38322,46,0
2023-10-03,87.629,89.136,86.872,88.277,42548,46,0
2023-10-04,88.284,88.485,83.161,83.229,45081,46,0
2023-10-05,83.231,83.811,81.196,81.793,49478,46,0
2023-10-06,81.792,82.154,80.597,81.65,45697,46,0
2023-10-08,83.75,85.205,83.75,84.476,4099,70,0
2023-10-09,84.473,85.972,83.63,85.027,50828,27,0
2023-10-10,85.027,85.328,83.762,84.499,56817,27,0
2023-10-11,84.5,85.029,81.876,81.948,55608,27,0
2023-10-12,81.947,83.933,81.44,82.387,56495,27,0
2023-10-13,82.392,86.619,82.288,86.442,52684,27,0
2023-10-15,86.289,86.702,86.058,86.31,2309,42,0
2023-10-16,86.319,86.982,85.048,85.436,53205,27,0
2023-10-17,85.448,86.926,84.366,86.924,51738,27,0
2023-10-18,86.917,88.478,86.181,86.979,52883,27,0
2023-10-19,86.977,89.372,85.357,88.958,50245,27,0
2023-10-20,88.958,89.603,87.344,87.99,46882,27,0
2023-10-22,87.644,87.695,87.361,87.487,1426,42,0
2023-10-23,87.487,87.979,85.144,85.853,49814,27,0
2023-10-24,85.849,85.994,82.746,83.451,51232,27,0
2023-10-25,83.449,85.338,81.886,84.942,53012,27,0
2023-10-26,84.93,85.315,82.35,83.378,53166,27,0
2023-10-27,83.379,85.536,82.822,84.719,57354,27,0
2023-10-29,84.346,84.464,83.441,84.198,2631,42,0
2023-10-30,84.2,84.622,81.527,82.316,55809,27,0
2023-10-31,82.31,83.06,80.503,81.079,54525,27,0
2023-11-01,81.079,83.071,80.115,80.678,50673,27,0
2023-11-02,80.678,82.59,80.087,82.317,49640,27,0
2023-11-03,82.316,83.336,79.934,80.567,53491,27,0
2023-11-05,80.592,80.838,80.576,80.819,794,42,0
2023-11-06,80.818,81.993,80.585,80.722,46600,27,0
2023-11-07,80.724,80.747,76.931,76.982,51597,27,0
2023-11-08,76.981,77.437,74.919,75.518,61896,27,0
2023-11-09,75.518,77.088,75.172,75.559,51128,27,0
2023-11-10,75.559,77.699,75.34,77.363,43226,27,0
2023-11-12,76.903,77.058,76.898,76.932,303,42,0
2023-11-13,76.857,78.543,76.182,78.442,42090,27,0
2023-11-14,78.44,79.651,77.737,78.049,44054,27,0
2023-11-15,78.048,78.673,76.434,76.482,45996,27,0
2023-11-16,76.483,76.78,72.371,73.23,49846,27,0
2023-11-17,73.229,76.17,72.906,75.997,44435,27,0
2023-11-19,76.105,76.275,75.973,76.241,862,27,0
2023-11-20,76.24,78.439,75.915,77.619,41379,27,0
2023-11-21,77.613,77.926,76.933,77.698,43303,27,0
2023-11-22,77.697,77.991,73.828,76.711,55302,27,0
2023-11-23,76.709,76.835,75.33,76.373,34064,27,0
2023-11-24,76.376,77.118,75.561,75.582,34890,27,0
2023-11-26,75.667,75.797,75.579,75.781,767,31,0
2023-11-27,75.78,76.264,74.145,75.279,53900,27,0
2023-11-28,75.278,77.055,74.728,76.71,44586,27,0
2023-11-29,76.705,78.116,75.743,77.723,51877,27,0
2023-11-30,77.724,79.613,75.088,75.696,72166,27,0
2023-12-01,75.696,76.762,74.035,74.467,57965,27,0
2023-12-03,74.483,75.109,74.465,74.92,1266,31,0
2023-12-04,74.92,74.939,72.753,73.43,60298,27,0
2023-12-05,73.426,74.249,72.171,72.275,58160,27,0
2023-12-06,72.271,72.746,69.287,69.677,53138,27,0
2023-12-07,69.677,70.625,68.995,69.973,51439,26,0
2023-12-08,69.976,71.758,69.682,71.504,48068,27,0
2023-12-10,71.276,71.425,71.197,71.419,547,27,0
2023-12-11,71.418,71.978,70.57,71.612,40942,27,0
2023-12-12,71.611,72.169,68.466,68.936,43730,27,0
2023-12-13,68.935,70.205,67.966,70.163,47232,27,0
2023-12-14,70.163,72.709,69.812,71.884,39612,27,0
2023-12-15,71.888,72.547,70.641,72.038,48163,27,0
2023-12-17,72.359,72.538,72.338,72.533,462,27,0
2023-12-18,72.529,74.623,71.011,72.816,50105,27,0
2023-12-19,72.816,74.449,72.174,74.152,42898,27,0
2023-12-20,74.154,75.388,73.566,73.669,43780,27,0
2023-12-21,73.671,74.615,72.505,73.863,47847,27,0
2023-12-22,73.862,75.002,73.419,73.551,46129,27,0
2023-12-25,73.905,73.905,73.764,73.812,433,35,0
2023-12-26,73.814,76.208,73.158,75.296,36022,27,0
2023-12-27,75.299,75.699,73.851,74.122,48281,27,0
2023-12-28,74.124,74.481,71.798,72.121,51468,27,0
2023-12-29,72.12,72.692,71.338,71.428,46069,27,0
2024-01-01,72.125,72.133,71.951,72.049,534,30,0
2024-01-02,72.05,73.71,70.181,70.602,63121,25,0
2024-01-03,70.605,73.292,69.423,73.124,57962,27,0
2024-01-04,73.123,74.063,71.178,72.368,56313,27,0
2024-01-05,72.367,74.262,72.284,73.894,52001,27,0
2024-01-07,73.862,73.951,73.752,73.792,528,27,0
2024-01-08,73.793,73.863,70.202,70.855,53007,27,0
2024-01-09,70.853,72.95,70.579,72.181,50234,27,0
2024-01-10,72.18,73.538,71.058,71.304,52848,27,0
2024-01-11,71.308,73.786,71.22,73.423,55998,27,0
2024-01-12,73.432,75.261,72.482,72.798,60495,27,0
2024-01-14,72.37,72.665,72.333,72.665,732,27,0
2024-01-15,72.657,73.052,71.373,72.769,35014,27,0
2024-01-16,72.766,73.656,71.846,72.017,57428,27,0
2024-01-17,72.02,72.854,70.609,72.806,50282,27,0
2024-01-18,72.8,74.168,72.08,73.818,49275,27,0
2024-01-19,73.817,74.596,72.968,73.392,45733,27,0
2024-01-21,73.212,73.313,73.09,73.147,687,27,0
2024-01-22,73.148,75.414,72.533,74.612,45489,27,0
2024-01-23,74.606,75.2,73.385,74.401,46077,27,0
2024-01-24,74.409,75.783,73.926,75.392,47331,27,0
2024-01-25,75.367,77.438,75.112,77.066,42529,27,0
2024-01-26,77.043,78.186,76.002,78.035,48173,27,0
2024-01-28,78.815,78.989,78.663,78.777,1294,27,0
2024-01-29,78.773,78.824,76.348,76.943,52874,27,0
2024-01-30,76.946,78.035,75.777,77.69,48299,27,0
2024-01-31,77.692,77.977,75.451,75.787,58711,27,0
2024-02-01,75.788,76.821,73.683,74.219,69816,27,0
2024-02-02,74.22,74.467,71.819,72.312,60448,27,0
2024-02-04,72.829,72.919,72.78,72.788,621,27,0
2024-02-05,72.772,73.277,71.445,72.695,51514,27,0
2024-02-06,72.707,73.845,72.437,73.433,47651,27,0
2024-02-07,73.432,74.225,73.255,74.025,43666,27,0
2024-02-08,74.009,76.495,73.624,76.344,39459,27,0
2024-02-09,76.335,77.166,75.875,76.457,40084,27,0
2024-02-11,76.245,76.454,76.198,76.422,532,27,0
2024-02-12,76.389,76.988,75.49,76.867,37485,27,0
2024-02-13,76.867,78.102,76.776,77.412,40914,27,0
2024-02-14,77.401,78.417,76.11,76.215,44020,27,0
2024-02-15,76.224,78.037,75.503,77.583,42145,27,0
2024-02-16,77.585,78.453,76.634,78.204,41609,27,0
2024-02-18,78.005,78.122,77.992,78.087,419,27,0
2024-02-19,78.104,78.497,77.572,78.035,24244,27,0
2024-02-20,78.033,78.46,76.746,77.143,44313,27,0
2024-02-21,77.142,77.949,76.23,77.936,44443,27,0
2024-02-22,77.933,78.719,77.065,78.063,38725,27,0
2024-02-23,78.063,78.191,76.205,76.417,41262,27,0
2024-02-25,76.349,76.408,76.289,76.294,565,27,0
2024-02-26,76.294,77.846,75.719,77.439,33245,27,0
2024-02-27,77.441,78.69,76.973,78.126,34225,27,0
2024-02-28,78.133,79.268,77.521,77.799,38608,27,0
2024-02-29,77.789,78.814,77.575,77.845,40568,27,0
2024-03-01,77.845,80.326,77.646,79.31,36682,27,0
2024-03-03,79.497,79.543,79.352,79.436,769,27,0
2024-03-04,79.44,79.892,78.191,78.345,41402,27,0
2024-03-05,78.331,78.951,77.21,77.717,48000,27,0
2024-03-06,77.711,80.007,77.486,78.546,37092,27,0
2024-03-07,78.536,79.058,77.621,78.703,45573,27,0
2024-03-08,78.707,79.444,77.162,77.408,43398,27,0
2024-03-10,77.419,77.44,77.246,77.384,830,27,0
2024-03-11,77.374,78.107,76.491,77.768,41237,27,0
2024-03-12,77.772,78.356,77.051,77.699,40328,27,0
2024-03-13,77.696,79.494,77.321,79.302,34655,27,0
2024-03-14,79.297,81.042,79.225,80.491,34341,27,0
2024-03-15,80.49,80.868,79.999,80.514,35194,27,0
2024-03-17,80.696,80.697,80.543,80.568,732,27,0
2024-03-18,80.562,82.45,80.521,82.125,39317,27,0
2024-03-19,82.125,83.041,81.738,82.37,36035,27,0
2024-03-20,82.366,82.555,80.759,81.526,40568,27,0
2024-03-21,81.52,81.8,80.221,80.839,36009,27,0
2024-03-22,80.84,81.335,80.299,80.742,33616,27,0
2024-03-24,80.504,80.776,80.504,80.741,818,27,0
2024-03-25,80.739,82.279,80.581,81.843,32935,27,0
2024-03-26,81.841,82.15,80.947,81.066,31534,27,0
2024-03-27,81.056,81.493,80.34,81.461,31140,27,0
2024-03-28,81.47,82.884,81.26,82.725,30078,27,0
2024-03-31,82.859,82.905,82.691,82.795,956,27,0
2024-04-01,82.804,83.995,82.253,83.415,31388,27,0
2024-04-02,83.412,85.092,83.406,84.938,35046,27,0
2024-04-03,84.933,85.671,84.373,85.069,32919,27,0
2024-04-04,85.07,86.725,84.22,86.471,35839,27,0
2024-04-05,86.461,87.102,85.865,86.202,38099,27,0
2024-04-07,85.542,85.629,85.271,85.351,1142,27,0
2024-04-08,85.347,86.472,84.145,85.998,42758,27,0
2024-04-09,85.981,86.299,84.485,84.699,37562,27,0
2024-04-10,84.696,85.76,83.988,85.637,44635,27,0
2024-04-11,85.623,85.997,84.349,84.932,44111,27,0
2024-04-12,84.945,87.015,84.779,84.868,44527,27,0
2024-04-14,85.155,85.279,84.673,85.056,1638,55,0
2024-04-15,85.06,85.421,83.521,85.235,42328,55,0
2024-04-16,85.235,85.605,84.207,84.878,38414,55,0
2024-04-17,84.885,84.945,81.978,82.22,39668,55,0
2024-04-18,82.231,82.775,81.02,81.942,41021,55,0
2024-04-19,81.961,85.493,81.073,82.03,52848,55,0
2024-04-21,81.802,81.997,81.774,81.809,1028,55,0
2024-04-22,81.809,82.163,80.602,81.922,38830,55,0
2024-04-23,81.923,83.321,80.75,83.211,39704,55,0
2024-04-24,83.216,83.484,82.233,82.44,35750,55,0
2024-04-25,82.431,83.55,81.76,83.443,32919,55,0
2024-04-26,83.445,84.143,83.068,83.397,29310,55,0
2024-04-28,83.27,83.271,82.92,82.932,894,55,0
2024-04-29,82.934,83.594,82.162,82.319,30328,55,0
2024-04-30,82.32,82.976,80.661,81.018,34462,55,0
2024-05-01,81.017,81.214,78.524,78.804,37559,55,0
2024-05-02,78.804,79.552,78.117,78.918,37843,55,0
2024-05-03,78.92,79.323,77.737,77.747,32109,55,0
2024-05-05,78.108,78.303,78.097,78.132,892,55,0
2024-05-06,78.127,78.807,77.652,78.612,31549,55,0
2024-05-07,78.599,78.877,77.355,78.063,31799,55,0
2024-05-08,78.053,78.914,76.688,78.879,32316,55,0
2024-05-09,78.879,79.421,78.54,79.218,26514,55,0
2024-05-10,79.216,79.543,77.774,77.774,27148,55,0
2024-05-12,77.679,77.718,77.607,77.716,634,55,0
2024-05-13,77.705,79.029,77.393,78.654,29245,55,0
2024-05-14,78.654,78.892,77.239,77.996,29622,55,0
2024-05-15,77.987,78.477,76.349,78.465,33898,55,0
2024-05-16,78.465,79.271,77.724,78.878,29173,55,0
2024-05-17,78.872,79.601,78.55,79.471,28615,55,0
2024-05-19,79.497,79.644,79.268,79.28,858,55,0
2024-05-20,79.288,80.023,78.617,79.163,32193,55,0
2024-05-21,79.168,79.216,77.599,78.222,40805,27,0
2024-05-22,78.224,78.305,76.981,77.052,41565,27,0
2024-05-23,77.052,78.534,76.322,76.717,40970,27,0
2024-05-24,76.713,77.887,76.022,77.61,34971,27,0
2024-05-26,77.601,77.684,77.587,77.669,378,42,0
2024-05-27,77.67,78.64,77.586,78.459,13410,27,0
2024-05-28,78.45,80.089,78.426,80.011,31415,27,0
2024-05-29,80.012,80.4,78.808,79.023,32664,27,0
2024-05-30,79.025,79.185,77.479,77.585,43802,27,0
2024-05-31,77.579,78.436,76.501,77.122,44175,27,0
2024-06-02,76.671,76.933,76.444,76.629,1756,19,0
2024-06-03,76.625,77.355,73.907,73.997,59288,19,0
2024-06-04,73.99,74.04,72.462,72.873,56380,19,0
2024-06-05,72.872,74.247,72.738,74.233,41922,19,0
2024-06-06,74.234,75.559,73.872,75.463,39232,19,0
2024-06-07,75.462,75.971,74.983,75.05,37942,19,0
2024-06-09,75.205,75.254,75.061,75.111,554,29,0
2024-06-10,75.112,77.773,75.07,77.686,39221,19,0
2024-06-11,77.689,78.026,76.903,77.768,41476,19,0
2024-06-12,77.773,78.968,77.576,77.932,40152,19,0
2024-06-13,77.933,78.544,77.362,77.521,39941,19,0
2024-06-14,77.52,78.787,77.414,78.054,39256,19,0
2024-06-16,77.938,78.087,77.839,77.843,565,19,0
2024-06-17,77.848,79.934,77.546,79.708,35855,19,0
2024-06-18,79.704,80.769,79.095,80.695,39775,19,0
2024-06-19,80.689,81.082,80.23,80.476,25241,19,0
2024-06-20,80.486,81.394,80.293,81.098,36571,19,0
2024-06-21,81.099,81.618,80.193,80.472,36526,19,0
2024-06-23,80.504,80.507,80.05,80.068,705,19,0
2024-06-24,80.067,81.573,80.054,81.453,32440,19,0
2024-06-25,81.45,81.661,80.318,80.479,34276,19,0
2024-06-26,80.48,81.365,79.951,80.359,38996,19,0
2024-06-27,80.363,81.72,80.232,81.477,37735,19,0
2024-06-28,81.479,82.304,80.613,81.109,38058,19,0
2024-06-30,81.151,81.396,80.977,81.278,784,29,0
2024-07-01,81.275,83.121,81.177,82.858,37560,19,0
2024-07-02,82.867,83.765,82.294,82.5,39125,19,0
2024-07-03,82.5,83.423,81.958,83.118,36496,19,0
2024-07-04,83.119,83.561,82.561,83.345,18943,19,0
2024-07-05,83.351,83.924,82.533,82.797,33219,19,0
2024-07-07,82.448,82.759,82.406,82.633,1106,29,0
2024-07-08,82.636,82.66,81.546,81.663,37693,19,0
2024-07-09,81.663,81.88,80.649,81.009,36274,19,0
2024-07-10,81.009,81.84,80.137,81.588,35917,19,0
2024-07-11,81.593,82.014,80.791,81.854,40258,19,0
2024-07-12,81.858,82.495,81.077,81.158,36662,19,0
2024-07-14,81.346,81.392,81.139,81.139,598,29,0
2024-07-15,81.142,81.34,80.469,80.805,38913,19,0
2024-07-16,80.807,80.877,79.258,79.66,36789,19,0
2024-07-17,79.665,81.637,79.421,81.618,36428,19,0
2024-07-18,81.619,82.19,80.538,80.666,41286,19,0
2024-07-19,80.665,81.205,78.471,78.601,44397,19,0
2024-07-21,78.757,78.905,78.672,78.861,763,29,0
2024-07-22,78.86,78.963,77.398,78.036,41489,19,0
2024-07-23,78.035,78.504,76.209,77.079,43049,19,0
2024-07-24,77.078,77.917,76.72,77.168,43057,19,0
2024-07-25,77.17,78.127,75.741,77.878,48632,19,0
2024-07-26,77.88,78.198,75.812,76.253,46292,19,0
2024-07-28,76.896,76.99,76.796,76.823,1119,19,0
2024-07-29,76.821,77.237,74.963,75.193,54052,19,0
2024-07-30,75.198,75.509,74.225,74.845,51938,19,0
2024-07-31,74.846,78.083,74.737,77.931,55484,19,0
2024-08-01,77.932,78.271,75.75,76.241,59037,19,0
2024-08-02,76.231,76.723,72.469,73.564,69016,19,0
2024-08-04,73.467,73.585,73.09,73.405,1977,29,0
2024-08-05,73.407,73.776,71.166,73.646,99261,19,0
2024-08-06,73.646,74.022,71.693,72.236,72544,19,0
2024-08-07,72.233,75.035,71.98,74.622,62305,19,0
2024-08-08,74.627,75.565,73.775,75.158,62014,19,0
2024-08-09,75.16,76.028,74.906,75.922,44673,19,0
2024-08-11,75.855,75.884,75.61,75.681,998,29,0
2024-08-12,75.68,78.775,75.617,78.09,41948,19,0
2024-08-13,78.089,78.584,76.776,77.243,49517,19,0
2024-08-14,77.241,77.597,75.703,76.0,50932,19,0
2024-08-15,76.012,77.363,75.698,76.71,45458,19,0
2024-08-16,76.714,76.868,74.481,75.512,49016,19,0
2024-08-18,75.349,75.373,75.017,75.158,979,19,0
2024-08-19,75.163,75.642,73.383,73.596,51967,19,0
2024-08-20,73.589,74.253,72.456,72.964,52858,19,0
2024-08-21,72.965,74.001,71.351,71.655,49249,19,0
2024-08-22,71.658,73.34,71.438,72.898,47537,19,0
2024-08-23,72.892,74.818,72.627,74.655,39122,19,0
2024-08-25,74.94,75.15,74.729,75.1,977,26,0
2024-08-26,75.11,77.205,74.971,76.734,37651,17,0
2024-08-27,76.73,77.004,75.012,75.362,42790,17,0
2024-08-28,75.366,75.508,73.448,73.963,54412,17,0
2024-08-29,73.966,76.261,73.528,75.082,54790,17,0
2024-08-30,75.089,75.944,72.896,73.151,62324,17,0
2024-09-01,72.863,72.867,72.5,72.512,535,26,0
2024-09-02,72.516,73.88,72.423,73.223,33092,17,0
2024-09-03,73.229,73.718,69.693,69.802,70767,17,0
2024-09-04,69.803,70.949,68.425,68.818,82115,17,0
2024-09-05,68.823,70.294,68.36,68.889,65245,17,0
2024-09-06,68.89,69.631,66.713,67.605,69988,17,0
2024-09-08,67.544,67.832,67.544,67.793,1153,17,0
2024-09-09,67.791,68.36,66.795,68.148,69951,17,0
2024-09-10,68.149,68.473,64.749,65.702,79101,17,0
2024-09-11,65.702,67.286,65.095,66.656,77988,17,0
2024-09-12,66.654,69.036,66.632,68.53,66391,17,0
2024-09-13,68.531,69.431,67.657,68.335,55713,17,0
2024-09-15,68.102,68.108,67.933,67.933,722,17,0
2024-09-16,67.924,69.649,67.737,69.261,47326,17,0
2024-09-17,69.261,70.646,68.515,69.856,43526,17,0
2024-09-18,69.862,70.255,68.533,69.3,67998,17,0
2024-09-19,69.299,71.445,69.074,70.896,54614,17,0
2024-09-20,70.902,71.298,70.244,71.069,46188,17,0
2024-09-22,70.951,71.0,70.717,70.854,931,17,0
2024-09-23,70.855,71.643,69.348,70.443,59003,17,0
2024-09-24,70.441,72.205,70.258,71.384,52197,17,0
2024-09-25,71.383,71.536,69.093,69.41,67356,17,0
2024-09-26,69.41,69.821,66.791,67.167,91091,17,0
2024-09-27,67.166,68.419,66.875,68.408,61407,17,0
2024-09-29,67.992,68.128,67.667,68.073,1378,17,0
2024-09-30,68.079,69.114,67.388,68.127,74067,17,0
2024-10-01,68.128,71.662,66.167,70.546,93665,17,0
2024-10-02,70.55,72.202,69.647,70.574,68172,17,0
2024-10-03,70.57,73.755,70.276,73.528,73824,17,0
2024-10-04,73.525,75.12,73.145,74.295,67097,17,0
2024-10-06,73.419,73.672,73.222,73.493,1539,26,0
2024-10-07,73.487,77.925,73.33,76.741,64289,17,0
2024-10-08,76.737,76.907,72.309,73.455,84301,17,0
2024-10-09,73.46,73.986,71.17,72.832,84927,17,0
2024-10-10,72.839,75.613,72.819,75.046,64589,17,0
2024-10-11,75.034,75.41,73.963,75.015,58566,17,0
2024-10-13,74.098,74.174,73.5,73.638,2226,26,0
2024-10-14,73.633,74.239,71.11,71.146,64748,17,0
2024-10-15,71.149,71.457,69.242,70.457,75607,17,0
2024-10-16,70.453,70.704,69.127,70.113,56730,17,0
2024-10-17,70.115,70.516,68.871,70.237,50365,17,0
2024-10-18,70.243,70.638,68.138,68.785,61162,17,0
2024-10-20,68.91,68.934,68.42,68.784,1247,17,0
2024-10-21,68.782,70.336,68.496,69.932,51708,17,0
2024-10-22,69.93,72.012,69.279,71.351,62963,17,0
2024-10-23,71.352,71.638,70.045,71.09,53742,17,0
2024-10-24,71.077,72.218,69.677,70.326,54348,17,0
2024-10-25,70.324,71.793,69.851,71.499,47683,17,0
2024-10-27,67.889,68.681,67.885,68.635,3604,17,0
2024-10-28,68.641,68.747,66.798,67.795,57962,17,0
2024-10-29,67.799,68.346,66.565,67.267,52293,17,0
2024-10-30,67.257,68.938,67.106,68.73,54197,17,0
2024-10-31,68.731,70.544,68.08,70.315,60078,17,0
2024-11-01,70.32,71.162,69.171,69.213,59453,17,0
2024-11-03,70.174,70.347,70.129,70.285,1127,17,0
2024-11-04,70.29,71.545,70.096,71.195,47489,17,0
2024-11-05,71.197,72.361,71.028,71.745,42458,17,0
2024-11-06,71.75,72.318,69.463,71.394,67909,17,0
2024-11-07,71.392,72.539,70.372,71.884,58323,17,0
2024-11-08,71.883,71.96,69.741,70.193,49273,17,0
2024-11-10,70.179,70.195,69.94,70.031,357,26,0
2024-11-11,70.029,70.337,67.804,68.081,49785,17,0
2024-11-12,68.083,68.984,67.65,67.912,48935,17,0
2024-11-13,67.917,68.692,66.794,67.873,52281,17,0
2024-11-14,67.878,69.234,67.765,68.41,48209,17,0
2024-11-15,68.414,68.501,66.706,66.887,48479,17,0
2024-11-17,66.619,66.76,66.547,66.72,635,17,0
2024-11-18,66.72,69.348,66.638,68.916,47428,17,0
2024-11-19,68.918,69.715,68.459,69.284,54564,17,0
2024-11-20,69.283,69.903,68.606,68.981,40289,17,0
2024-11-21,68.982,70.306,68.807,70.031,44690,17,0
2024-11-22,70.03,71.379,69.2,71.119,49523,17,0
2024-11-24,71.13,71.27,71.118,71.128,340,26,0
2024-11-25,71.129,71.275,68.49,68.507,54103,17,0
2024-11-26,68.505,70.147,67.933,68.715,49274,17,0
2024-11-27,68.72,69.22,68.023,68.629,47409,17,0
2024-11-28,68.629,69.143,68.114,68.688,26094,17,0
2024-11-29,68.69,69.513,68.095,68.475,41718,17,0
2024-12-01,68.024,68.237,67.989,68.138,727,26,0
2024-12-02,68.14,68.952,67.566,68.011,46430,17,0
2024-12-03,67.997,70.008,67.76,69.78,41385,17,0
2024-12-04,69.784,70.259,68.274,68.528,46682,17,0
2024-12-05,68.534,68.897,67.756,68.183,47693,17,0
2024-12-06,68.185,68.234,66.789,66.972,41577,15,0
2024-12-08,66.968,67.158,66.947,67.13,428,17,0
2024-12-09,67.388,68.648,67.192,67.92,35219,17,0
2024-12-10,67.921,68.779,67.508,68.215,37821,17,0
2024-12-11,68.213,70.14,68.212,69.937,38085,17,0
2024-12-12,69.939,70.315,68.774,69.598,41758,17,0
2024-12-13,69.595,70.958,69.532,70.682,34796,17,0
2024-12-15,70.626,70.754,70.56,70.676,432,17,0
2024-12-16,70.674,70.734,69.972,70.179,35496,17,0
2024-12-17,70.182,70.507,68.813,69.705,37651,17,0
2024-12-18,69.71,70.741,69.346,69.365,35823,17,0
2024-12-19,69.365,70.493,69.036,69.119,41385,17,0
2024-12-20,69.119,69.745,68.354,69.421,37165,17,0
2024-12-22,69.391,69.527,69.362,69.478,469,17,0
2024-12-23,69.479,69.815,68.489,69.323,33022,17,0
2024-12-24,69.326,70.266,69.227,69.903,26444,17,0
2024-12-25,70.05,70.123,70.01,70.046,216,26,0
2024-12-26,70.049,70.566,69.186,69.516,25862,17,0
2024-12-27,69.513,70.564,69.275,70.054,31409,17,0
2024-12-29,70.094,70.319,70.082,70.252,546,17,0
2024-12-30,70.255,71.311,70.013,70.982,33711,17,0
2024-12-31,70.976,71.758,70.638,71.558,29792,17,0
2025-01-01,71.722,71.796,71.619,71.796,241,26,0
2025-01-02,71.796,73.393,71.523,72.741,40775,17,0
2025-01-03,72.742,73.822,72.337,73.583,32437,17,0
2025-01-05,73.634,73.756,73.611,73.653,563,17,0
2025-01-06,73.658,74.455,72.763,72.875,41300,17,0
2025-01-07,72.876,74.197,72.68,74.105,39862,17,0
2025-01-08,74.104,74.65,72.666,72.724,45218,17,0
2025-01-09,72.723,73.696,72.32,73.628,33348,17,0
2025-01-10,73.633,77.013,73.426,75.859,64018,17,0
2025-01-12,76.779,77.456,76.705,77.147,2256,26,0
2025-01-13,77.15,77.802,76.383,77.364,69921,17,0
2025-01-14,77.369,77.581,76.26,76.772,59766,17,0
2025-01-15,76.769,79.373,76.151,78.982,59677,17,0
2025-01-16,78.974,79.124,76.864,77.831,67785,17,0
2025-01-17,77.833,78.398,77.018,77.331,55059,17,0
2025-01-19,77.424,77.606,77.381,77.533,730,17,0
2025-01-20,77.534,77.722,75.725,76.239,47607,17,0
2025-01-21,76.242,77.007,74.933,75.586,58468,17,0
2025-01-22,75.588,76.268,75.007,75.04,48451,17,0
2025-01-23,75.042,75.809,74.005,74.082,47388,17,0
2025-01-24,74.079,75.001,73.832,74.319,43374,17,0
2025-01-26,74.044,74.1,73.864,73.91,723,17,0
2025-01-27,73.909,74.858,72.17,72.839,47627,17,0
2025-01-28,72.841,73.98,72.648,73.46,43409,17,0
2025-01-29,73.459,73.674,72.04,72.582,40531,17,0
2025-01-30,72.578,73.473,71.71,72.83,41238,17,0
2025-01-31,72.831,73.356,71.654,73.33,50075,17,0
2025-02-02,73.761,73.818,73.306,73.479,2391,17,0
2025-02-03,73.478,74.234,71.724,72.08,69145,17,0
2025-02-04,72.082,73.038,70.409,72.318,57752,17,0
2025-02-05,72.318,72.675,70.772,70.992,43349,17,0
2025-02-06,70.995,71.608,70.259,70.341,41375,17,0
2025-02-07,70.331,71.168,70.324,70.791,35995,17,0
2025-02-09,70.851,70.968,70.851,70.953,499,17,0
2025-02-10,70.951,72.253,70.948,72.149,32016,17,0
2025-02-11,72.145,73.365,72.027,72.932,35307,17,0
2025-02-12,72.928,73.01,71.033,71.088,40206,17,0
2025-02-13,71.085,71.344,70.152,71.278,36566,17,0
2025-02-14,71.277,71.877,70.508,70.62,34391,17,0
2025-02-16,70.362,70.447,70.126,70.284,614,26,0
2025-02-17,70.291,71.338,70.253,71.217,25410,17,0
2025-02-18,71.212,72.009,70.872,71.697,36137,17,0
2025-02-19,71.698,72.863,71.67,72.074,29911,17,0
2025-02-20,72.074,73.095,71.69,72.637,31834,17,0
2025-02-21,72.643,72.703,70.134,70.187,33110,17,0
2025-02-23,70.261,70.419,70.234,70.331,639,17,0
2025-02-24,70.332,70.864,69.962,70.748,33623,17,0
2025-02-25,70.749,71.159,68.6,69.005,34839,17,0
2025-02-26,69.008,69.189,68.275,68.687,37832,17,0
2025-02-27,68.685,70.367,68.486,69.989,32251,17,0
2025-02-28,69.992,70.067,68.975,69.768,36655,17,0
2025-03-02,69.907,70.025,69.907,69.976,483,17,0
2025-03-03,69.972,70.378,67.735,68.077,47837,17,0
2025-03-04,68.078,68.223,66.535,67.651,51044,17,0
2025-03-05,67.646,67.821,64.991,66.175,52341,17,0
2025-03-06,66.174,66.709,65.373,66.103,52944,17,0
2025-03-07,66.102,67.934,65.89,66.81,48651,17,0
2025-03-09,66.596,66.678,66.284,66.337,1045,17,0
2025-03-10,66.335,67.321,65.397,65.49,42945,17,0
2025-03-11,65.49,66.852,65.046,66.366,39921,17,0
2025-03-12,66.373,67.573,65.871,67.395,35972,17,0
2025-03-13,67.394,67.663,66.106,66.528,40173,17,0
2025-03-14,66.528,67.181,66.331,66.895,32006,17,0
2025-03-16,67.401,67.522,67.262,67.397,982,26,0
2025-03-17,67.391,68.093,67.001,67.173,30566,17,0
2025-03-18,67.175,68.467,66.431,66.652,35970,17,0
2025-03-19,66.651,67.385,66.061,67.042,34204,17,0
2025-03-20,67.04,68.568,66.58,68.467,32442,17,0
2025-03-21,68.466,68.531,67.578,68.228,28674,17,0
2025-03-23,68.247,68.326,68.066,68.321,603,17,0
2025-03-24,68.321,69.215,67.859,69.03,30026,17,0
2025-03-25,69.027,69.544,68.408,69.137,27478,17,0
2025-03-26,69.135,70.044,68.924,69.564,26902,17,0
2025-03-27,69.569,69.79,68.969,69.702,28634,17,0
2025-03-28,69.705,69.889,68.733,68.927,30690,17,0
2025-03-30,69.457,69.493,69.076,69.258,1022,17,0
2025-03-31,69.26,71.557,68.637,71.114,39000,17,0
2025-04-01,71.117,71.797,70.788,70.996,36807,17,0
2025-04-02,70.996,71.98,69.001,69.083,40482,17,0
2025-04-03,69.063,69.832,65.751,66.428,53412,17,0
2025-04-04,66.431,66.577,60.239,62.284,93906,17,0
2025-04-06,60.124,60.373,59.368,59.601,2501,26,0
2025-04-07,59.618,63.631,58.772,61.025,146855,17,0
2025-04-08,61.022,61.505,56.909,57.272,103048,17,0
2025-04-09,57.266,62.755,54.767,62.452,149427,17,0
2025-04-10,62.444,62.598,58.36,59.405,106436,17,0
2025-04-11,59.403,61.289,59.041,60.992,89661,17,0
2025-04-13,61.136,61.146,60.578,60.789,2245,17,0
2025-04-14,60.791,62.126,60.151,61.141,49411,17,0
2025-04-15,61.147,61.583,60.41,60.877,42431,17,0
2025-04-16,60.873,62.35,59.864,62.244,50041,17,0
2025-04-17,62.243,64.142,61.942,63.634,45701,17,0
2025-04-20,63.139,63.316,62.911,63.062,759,26,0
2025-04-21,63.067,63.341,61.681,62.877,38108,17,0
2025-04-22,62.873,64.308,62.626,64.087,42668,17,0
2025-04-23,64.088,64.708,61.37,62.112,63163,17,0
2025-04-24,62.115,63.12,61.808,62.628,43508,17,0
2025-04-25,62.628,63.159,61.607,62.943,45374,17,0
2025-04-27,62.932,63.439,62.812,62.85,1504,26,0
2025-04-28,62.85,63.26,61.237,61.728,45731,17,0
2025-04-29,61.729,61.793,59.898,60.01,50106,17,0
2025-04-30,60.012,60.158,57.665,58.06,62215,17,0
2025-05-01,58.061,59.189,56.116,58.611,59618,17,0
2025-05-02,58.61,59.538,57.446,58.212,53413,17,0
2025-05-04,55.646,56.3,55.358,55.675,3932,26,0
2025-05-05,55.681,57.435,55.55,56.905,44737,17,0
2025-05-06,56.9,59.519,56.784,59.233,49111,17,0
2025-05-07,59.225,59.913,57.545,57.792,44102,17,0
2025-05-08,57.79,59.913,57.699,59.796,40177,17,0
2025-05-09,59.794,61.064,59.557,60.711,34485,17,0
2025-05-11,61.03,61.068,60.903,60.953,1074,17,0
2025-05-12,60.947,63.185,60.615,61.558,45299,17,0
2025-05-13,61.561,63.474,61.258,63.235,34257,17,0
2025-05-14,63.233,63.237,61.433,61.74,32779,17,0
2025-05-15,61.745,61.924,60.07,61.308,47935,17,0
2025-05-16,61.31,62.14,60.745,61.789,36413,17,0
2025-05-18,61.259,62.06,61.171,62.011,1203,26,0
2025-05-19,62.019,62.626,60.936,62.11,39024,17,0
2025-05-20,62.112,64.017,61.395,62.867,39790,17,0
2025-05-21,62.858,63.145,61.069,61.208,45602,17,0
2025-05-22,61.209,61.605,60.11,60.622,43760,17,0
2025-05-23,60.617,61.68,59.872,61.535,45672,17,0
2025-05-25,61.764,61.961,61.692,61.744,941,26,0
2025-05-26,61.734,61.842,61.065,61.262,17987,17,0
2025-05-27,61.259,61.67,60.076,60.995,35281,17,0
2025-05-28,60.995,62.277,60.624,61.94,34572,17,0
2025-05-29,61.942,62.776,60.256,60.484,39390,17,0
2025-05-30,60.483,61.334,59.365,60.29,47901,17,0
2025-06-01,61.622,61.697,61.244,61.434,2046,26,0
2025-06-02,61.432,63.242,61.353,62.493,42908,17,0
2025-06-03,62.492,63.267,61.851,62.721,37347,17,0
2025-06-04,62.726,63.309,61.587,62.02,39862,17,0
2025-06-05,62.021,63.303,61.891,62.573,30722,17,0
2025-06-06,62.577,64.073,62.184,64.039,31145,17,0
2025-06-08,64.012,64.012,63.832,63.893,1054,17,0
2025-06-09,63.887,64.592,63.476,64.49,28623,17,0
2025-06-10,64.491,65.32,63.701,63.851,33020,17,0
2025-06-11,63.855,67.814,63.678,67.368,44915,17,0
2025-06-12,67.363,68.128,65.608,67.953,52885,17,0
2025-06-13,67.974,74.741,67.658,71.86,145120,17,0
2025-06-15,73.191,73.478,72.624,72.708,4758,26,0
2025-06-16,72.697,72.744,67.822,71.645,87432,17,0
2025-06-17,71.633,73.845,69.598,73.435,86613,17,0
2025-06-18,73.436,74.076,71.164,73.179,83801,17,0
2025-06-19,73.186,75.529,72.452,73.543,54119,17,0
2025-06-20,73.548,74.018,72.06,73.722,69407,17,0
2025-06-22,76.266,76.277,74.841,75.376,6863,17,0
2025-06-23,75.376,75.753,64.11,65.568,117198,17,0
2025-06-24,65.573,66.91,63.71,64.778,96698,17,0
2025-06-25,64.777,65.589,64.148,64.557,48555,17,0
2025-06-26,64.56,65.901,64.18,64.844,45282,16,0
2025-06-27,64.844,65.487,64.226,64.566,43170,18,0
2025-06-29,64.309,64.435,64.121,64.213,1130,18,0
2025-06-30,64.209,65.191,63.903,64.303,39162,18,0
2025-07-01,64.301,65.301,64.064,64.726,37085,18,0
2025-07-02,64.723,66.802,64.537,66.376,38595,18,0
2025-07-03,66.374,66.689,65.719,66.319,36563,18,0
2025-07-04,66.316,66.334,65.251,65.645,21049,18,0
2025-07-06,65.021,65.32,64.905,65.069,1905,18,0
2025-07-07,65.063,67.401,64.698,66.81,42749,18,0
2025-07-08,66.809,67.967,66.405,67.114,33878,18,0
2025-07-09,67.113,67.931,66.75,67.138,33322,18,0
2025-07-10,67.143,67.609,65.533,65.785,38445,18,0
2025-07-11,65.79,67.626,65.52,67.555,34735,18,0
2025-07-13,67.61,67.613,67.252,67.358,1152,18,0
2025-07-14,67.359,68.365,65.849,65.885,40648,18,0
2025-07-15,65.881,66.139,65.294,65.717,39003,18,0
2025-07-16,65.717,65.833,64.422,65.425,38108,18,0
2025-07-17,65.428,66.347,65.008,66.168,33567,18,0
2025-07-18,66.169,67.471,65.869,66.018,44535,18,0
2025-07-20,66.068,66.185,66.045,66.072,841,18,0
2025-07-21,66.071,66.328,65.126,65.689,35050,18,0
2025-07-22,65.687,65.702,64.698,65.454,40757,18,0
2025-07-23,65.454,65.606,64.579,65.255,36906,18,0
2025-07-24,65.256,66.166,65.125,65.96,40845,18,0
2025-07-25,65.956,66.428,64.765,64.792,33989,18,0
2025-07-27,64.951,65.051,64.83,65.006,735,18,0
2025-07-28,65.009,66.853,64.982,66.657,35097,18,0
2025-07-29,66.655,69.38,66.228,68.778,38548,18,0
2025-07-30,68.78,70.016,68.041,69.833,43860,18,0
2025-07-31,69.83,69.859,68.067,68.804,39481,18,0
2025-08-01,68.81,68.969,66.464,66.564,54568,18,0
2025-08-03,66.075,66.439,66.063,66.308,1651,18,0
2025-08-04,66.31,67.053,64.917,65.677,43214,18,0
2025-08-05,65.678,65.762,64.437,64.624,39986,18,0
2025-08-06,64.62,66.019,63.02,63.663,45774,18,0
2025-08-07,63.667,64.421,63.098,63.173,39095,18,0
2025-08-08,63.176,63.893,62.176,62.773,44716,18,0
2025-08-10,62.904,62.992,62.733,62.75,890,18,0
2025-08-11,62.749,63.695,62.353,63.37,35899,18,0
2025-08-12,63.369,63.595,62.41,62.52,32376,18,0
2025-08-13,62.515,62.659,61.34,62.101,32552,18,0
2025-08-14,62.1,63.206,61.868,63.028,32033,18,0
2025-08-15,63.032,63.278,61.859,62.296,30721,18,0
2025-08-17,61.692,61.909,61.675,61.712,911,18,0
2025-08-18,61.713,62.976,61.422,62.576,38270,18,0
2025-08-19,62.581,62.596,61.603,62.04,31350,18,0
2025-08-20,62.039,62.94,61.762,62.791,31745,18,0
2025-08-21,62.792,63.588,62.458,63.386,30235,18,0
2025-08-22,63.385,63.808,63.196,63.671,29362,18,0
2025-08-24,63.649,63.67,63.599,63.619,336,18,0
2025-08-25,63.621,64.954,63.415,64.553,22522,18,0
2025-08-26,64.554,64.567,63.001,63.256,27849,18,0
2025-08-27,63.259,64.018,62.781,63.584,27948,18,0
2025-08-28,63.585,64.463,63.161,63.948,28762,18,0
2025-08-29,63.953,64.3,63.624,63.741,24628,18,0
2025-08-31,63.688,63.759,63.671,63.712,230,18,0
2025-09-01,63.709,64.614,63.404,64.366,15652,18,0
2025-09-02,64.368,65.721,64.246,65.291,31387,18,0
2025-09-03,65.294,65.429,63.507,63.537,37407,18,0
2025-09-04,63.541,63.544,62.502,63.013,33873,18,0
2025-09-05,63.011,63.206,61.2,61.705,35346,18,0
2025-09-07,61.709,61.947,61.579,61.942,1635,18,0
2025-09-08,61.945,63.037,61.687,62.145,30783,18,0
2025-09-09,62.148,63.346,62.074,62.754,31900,18,0
2025-09-10,62.751,63.775,62.645,63.5,27433,18,0
2025-09-11,63.494,63.531,61.925,61.938,26188,18,0
2025-09-12,61.934,63.695,61.442,62.33,32504,18,0
2025-09-14,62.323,62.451,62.28,62.425,746,18,0
2025-09-15,62.424,63.401,62.413,63.052,25077,18,0
2025-09-16,63.053,64.398,62.631,64.271,27051,18,0
2025-09-17,64.27,64.283,63.345,63.735,25969,18,0
2025-09-18,63.733,64.177,63.0,63.181,32245,18,0
2025-09-19,63.187,63.317,62.174,62.322,29004,18,0
2025-09-21,62.439,62.472,62.373,62.468,608,18,0
2025-09-22,62.469,62.92,61.561,62.263,24720,18,0
2025-09-23,62.261,63.779,61.758,63.595,27526,18,0
2025-09-24,63.6,64.896,63.134,64.548,26363,18,0
2025-09-25,64.547,65.153,63.905,65.039,32430,18,0
2025-09-26,65.044,66.187,64.467,65.029,30716,18,0
2025-09-28,64.858,64.98,64.788,64.934,1123,18,0
2025-09-29,64.933,65.194,62.823,62.901,32764,18,0
2025-09-30,62.898,63.055,61.84,62.295,39290,18,0
2025-10-01,62.292,62.684,61.217,61.622,38754,18,0
2025-10-02,61.623,62.301,60.212,60.528,38167,18,0
2025-10-03,60.529,61.164,60.36,60.562,33014,18,0
2025-10-05,61.315,61.382,61.136,61.368,2244,18,0
2025-10-06,61.37,61.846,60.808,61.455,34208,18,0
2025-10-07,61.457,61.861,60.5,61.8,31672,18,0
2025-10-08,61.805,62.498,61.526,61.656,28305,18,0
2025-10-09,61.661,62.444,60.863,61.181,35036,18,0
2025-10-10,61.18,61.269,58.354,58.418,42410,18,0
2025-10-12,59.083,59.343,58.831,59.2,2653,18,0
2025-10-13,59.203,59.749,58.845,59.256,39022,18,0
2025-10-14,59.255,59.424,57.316,58.259,46544,18,0
2025-10-15,58.258,58.94,57.783,58.217,34591,18,0
2025-10-16,58.214,58.616,56.774,56.918,42076,18,0
2025-10-17,56.913,57.308,56.135,57.148,49139,18,0
2025-10-19,57.355,57.421,56.938,56.945,1311,18,0
2025-10-20,56.947,57.065,55.956,56.962,32587,18,0
2025-10-21,56.959,58.031,56.337,57.511,32564,18,0
2025-10-22,57.51,60.08,57.311,60.005,49644,18,0
2025-10-23,60.012,62.064,59.645,61.483,62857,18,0
2025-10-24,61.482,62.381,61.052,61.26,38995,18,0
2025-10-26,61.864,61.984,61.677,61.74,1440,18,0
2025-10-27,61.734,61.841,60.502,61.089,40203,18,0
2025-10-28,61.095,61.195,59.605,60.074,44950,18,0
2025-10-29,60.072,60.838,59.555,60.078,38587,18,0
2025-10-30,60.08,60.607,59.476,60.106,39150,18,0
2025-10-31,60.104,61.168,59.792,60.695,36321,18,0
2025-11-02,61.165,61.22,61.081,61.176,177,30,0
2025-11-03,61.172,61.291,60.341,60.837,30369,18,0
2025-11-04,60.837,60.837,59.778,60.121,31341,18,0
2025-11-05,60.121,60.889,59.399,59.455,35188,18,0
2025-11-06,59.458,60.341,58.747,59.546,39831,18,0
2025-11-07,59.543,60.323,59.231,59.713,39306,18,0
2025-11-09,59.651,59.787,59.619,59.766,296,18,0
2025-11-10,59.765,60.343,59.321,59.9,30089,18,0
2025-11-11,59.901,61.201,59.585,60.971,23650,18,0
2025-11-12,60.969,60.986,58.185,58.203,33532,18,0
2025-11-13,58.206,59.145,58.111,58.915,37108,18,0
2025-11-14,58.911,60.468,58.9,59.818,53655,18,0
2025-11-16,59.479,59.488,59.328,59.429,755,18,0
2025-11-17,59.428,60.286,59.212,59.708,33812,18,0
2025-11-18,59.707,60.815,59.248,60.591,46620,18,0
2025-11-19,60.588,60.594,58.637,59.457,47308,18,0
2025-11-20,59.454,60.034,58.399,58.406,50901,18,0
2025-11-21,58.409,58.578,57.318,57.932,58654,18,0
2025-11-23,57.755,57.806,57.57,57.689,979,18,0
2025-11-24,57.69,58.977,57.357,58.779,39459,18,0
2025-11-25,58.78,58.799,57.026,57.981,47784,18,0
2025-11-26,57.976,58.633,57.585,58.384,36950,18,0
2025-11-27,58.382,59.043,58.19,58.883,16769,18,0
2025-11-28,58.88,59.496,58.687,59.426,7225,18,0
2025-11-30,59.084,59.46,59.009,59.255,1044,18,0
2025-12-01,59.258,59.822,58.709,59.445,31736,18,0
2025-12-02,59.443,59.465,58.157,58.494,38138,18,0
2025-12-03,58.493,59.449,58.225,58.825,33578,18,0
2025-12-04,58.828,59.798,58.635,59.471,30913,18,0
2025-12-05,59.466,60.238,59.201,59.964,28605,18,0
2025-12-07,59.973,60.073,59.843,60.013,629,18,0
2025-12-08,60.01,60.094,58.502,58.682,31221,18,0
2025-12-09,58.69,58.982,57.998,58.202,25047,18,0
2025-12-10,58.201,58.865,57.537,58.561,29504,18,0
2025-12-11,58.564,58.754,56.866,57.726,32562,18,0
2025-12-12,57.729,58.018,56.977,57.32,29343,18,0
2025-12-14,57.207,57.469,57.205,57.411,678,18,0
2025-12-15,57.414,57.612,56.233,56.492,29240,18,0
2025-12-16,56.49,56.531,54.88,55.415,31125,18,0
2025-12-17,55.414,56.815,55.387,56.704,41073,18,0
2025-12-18,56.7,56.781,55.709,55.834,30194,18,0
2025-12-19,55.837,56.684,55.586,56.52,27402,18,0
2025-12-21,56.808,56.941,56.743,56.824,1121,18,0
2025-12-22,56.821,58.078,56.802,57.811,26663,18,0
2025-12-23,57.813,58.481,57.683,58.464,22126,18,0
2025-12-24,58.46,58.659,58.052,58.301,17209,18,0
2025-12-25,58.353,58.444,58.31,58.428,272,18,0
2025-12-26,58.419,58.768,56.581,56.85,21690,18,0
2025-12-28,56.968,57.157,56.885,57.129,833,18,0
2025-12-29,57.127,58.182,56.986,57.668,28918,18,0
2025-12-30,57.671,58.357,57.486,57.81,23731,18,0
2025-12-31,57.81,58.424,57.093,57.299,24793,18,0
2026-01-01,57.425,57.433,57.319,57.368,198,18,0
2026-01-02,57.365,57.804,56.49,57.201,28751,18,0
2026-01-04,56.912,57.236,56.763,57.182,1406,18,0
2026-01-05,57.187,58.319,56.186,58.054,36926,18,0
2026-01-06,58.06,58.679,56.251,56.327,35902,18,0
2026-01-07,56.335,57.041,55.674,56.207,41402,18,0
2026-01-08,56.204,58.61,55.898,58.161,33546,18,0
2026-01-09,58.159,59.596,57.495,58.636,37733,18,0
2026-01-11,59.009,59.621,58.933,59.417,1447,18,0
2026-01-12,59.415,59.736,58.322,59.597,40637,18,0
2026-01-13,59.589,61.222,59.288,60.9,49583,18,0
2026-01-14,60.894,62.188,59.088,60.564,65368,18,0
2026-01-15,60.56,60.868,58.744,59.051,54462,18,0
2026-01-16,59.051,60.017,58.785,59.192,39534,18,0
2026-01-18,58.908,59.166,58.781,58.943,1820,18,0
2026-01-19,58.951,59.577,58.521,59.355,28406,18,0
2026-01-20,59.358,60.465,58.685,59.581,45286,18,0
2026-01-21,59.587,60.823,59.178,60.437,49397,18,0
2026-01-22,60.438,60.746,58.91,59.54,41194,18,0
2026-01-23,59.543,61.26,59.519,61.221,38612,18,0
2026-01-25,60.689,60.967,60.509,60.931,2251,18,0
2026-01-26,60.928,61.598,60.25,60.727,46088,18,0
2026-01-27,60.734,62.512,60.057,62.398,44271,18,0
2026-01-28,62.386,63.648,61.934,63.202,49379,18,0
2026-01-29,63.21,66.235,63.152,65.335,80278,18,0
2026-01-30,65.326,65.843,63.413,65.467,86729,18,0
2026-02-01,63.388,63.679,62.741,63.036,4139,18,0
2026-02-02,63.04,63.552,61.184,61.665,85662,18,0
2026-02-03,61.666,63.933,60.866,63.484,70772,18,0
2026-02-04,63.473,65.229,62.605,64.155,75864,18,0
2026-02-05,64.156,64.407,62.454,62.636,71173,18,0
2026-02-06,62.638,64.376,62.047,63.305,75299,18,0
2026-02-08,62.566,62.985,62.474,62.801,1577,18,0
2026-02-09,62.8,64.694,62.539,64.255,46968,18,0
2026-02-10,64.253,64.536,63.518,64.15,47247,18,0
2026-02-11,64.151,65.638,64.02,64.753,48140,18,0
2026-02-12,64.751,64.933,62.229,62.684,52363,18,0
2026-02-13,62.687,63.091,61.979,62.672,52941,18,0
2026-02-15,62.887,62.887,62.637,62.764,818,18,0
2026-02-16,62.759,63.688,62.357,63.569,22708,18,0
2026-02-17,63.564,63.943,61.757,62.16,51573,18,0
2026-02-18,62.16,65.404,62.103,64.974,46566,18,0
2026-02-19,64.97,66.827,64.881,66.404,54913,18,0
2026-02-20,66.403,66.993,65.767,66.279,56328,18,0
2026-02-22,65.607,66.065,65.427,65.946,1992,18,0
2026-02-23,65.948,67.227,65.474,66.208,43939,18,0
2026-02-24,66.207,67.097,65.523,65.988,54838,18,0
2026-02-25,65.995,66.537,65.092,65.576,47475,18,0
2026-02-26,65.574,66.648,63.558,65.164,71624,18,0
2026-02-27,65.162,67.747,64.803,67.221,65202,18,0
2026-03-01,72.604,72.983,70.951,71.807,9987,18,0
2026-03-02,71.807,73.084,69.199,70.639,174759,18,0
2026-03-03,70.645,77.196,70.619,74.915,207098,18,0
2026-03-04,74.914,76.538,72.698,75.06,166078,18,0
2026-03-05,75.068,80.537,74.235,78.125,177631,18,0
2026-03-06,78.134,89.669,77.011,89.028,245683,18,0
2026-03-08,98.084,107.259,97.932,104.399,23995,30,0
2026-03-09,104.444,113.144,79.658,86.329,280078,18,0
2026-03-10,86.359,89.181,75.938,84.565,210625,20,0
2026-03-11,84.599,93.505,80.853,91.473,160440,20,0
2026-03-12,91.502,96.89,88.885,95.53,105683,20,0
2026-03-13,95.493,97.513,91.242,97.339,127091,20,0
2026-03-15,98.99,99.819,96.748,97.108,5042,20,0
2026-03-16,97.128,99.336,91.88,93.866,79048,20,0
2026-03-17,93.877,97.63,93.174,95.099,136443,20,0
2026-03-18,95.105,99.594,91.287,98.0,212987,20,0
2026-03-19,97.98,100.16,91.872,93.553,272478,20,0
2026-03-20,93.548,98.266,92.065,97.467,200268,20,0
2026-03-22,99.114,99.506,96.143,97.869,14487,20,0
2026-03-23,97.862,100.998,83.947,88.776,265527,20,0
2026-03-24,88.753,92.686,85.836,88.132,162041,20,0
2026-03-25,88.141,90.805,85.841,90.104,203993,20,0
2026-03-26,90.111,94.23,88.508,92.066,177108,20,0
2026-03-27,92.065,99.081,90.858,98.764,174082,20,0
2026-03-29,99.634,100.763,98.717,100.278,11292,20,0
2026-03-30,100.309,103.405,97.357,102.719,188854,20,0
2026-03-31,102.725,102.988,96.262,97.106,219266,20,0
2026-04-01,97.114,98.83,92.466,93.826,184025,20,0
2026-04-02,93.807,105.036,92.486,103.877,240999,20,0
2026-04-05,104.614,106.445,104.177,105.692,12899,20,0
2026-04-06,105.681,105.727,100.726,103.875,189915,20,0
2026-04-07,103.871,106.642,85.979,90.424,244968,20,0
2026-04-08,90.432,92.192,86.118,91.795,273256,20,0
2026-04-09,91.784,95.201,89.851,92.162,200339,20,0
2026-04-10,92.162,93.432,90.026,90.19,145242,20,0
2026-04-12,97.107,98.145,96.463,97.345,9990,20,0
2026-04-13,97.341,97.607,90.939,91.383,159757,20,0
2026-04-14,91.339,93.155,84.836,87.559,173875,20,0
2026-04-15,87.557,90.571,87.393,87.65,163753,20,0
2026-04-16,87.646,91.808,87.298,89.811,124381,20,0
2026-04-17,89.814,90.123,78.865,83.352,173683,20,0
2026-04-19,88.457,88.457,86.978,88.233,10559,20,0
2026-04-20,88.23,88.456,85.136,85.688,144414,20,0
2026-04-21,85.695,91.629,85.187,89.715,153785,20,0
2026-04-22,89.709,92.771,86.966,91.582,139687,20,0
2026-04-23,91.59,97.024,91.147,95.238,170815,20,0
2026-04-24,95.237,96.224,91.295,93.381,142416,20,0
2026-04-26,94.207,94.858,94.185,94.367,4975,20,0
2026-04-27,94.368,95.862,92.857,94.652,118345,20,0
2026-04-28,94.656,99.488,94.302,96.981,139875,20,0
2026-04-29,96.982,105.357,96.112,104.534,153424,20,0
2026-04-30,104.541,107.34,100.305,102.487,202329,20,0
2026-05-01,102.497,103.445,96.539,99.413,136967,20,0
2026-05-03,96.728,98.654,96.608,98.588,7698,20,0
2026-05-04,98.58,103.859,97.062,101.946,175644,20,0
2026-05-05,101.929,102.393,96.407,96.964,139218,20,0
2026-05-06,96.962,98.443,86.879,92.864,224290,20,0
2026-05-07,92.872,94.913,87.526,93.703,221285,20,0
2026-05-08,93.692,94.029,90.933,91.81,162230,20,0
2026-05-10,95.285,95.758,94.463,95.713,4406,20,0
2026-05-11,95.723,96.916,93.322,95.082,130764,20,0
2026-05-12,95.083,99.338,95.083,98.379,118281,20,0
2026-05-13,98.379,99.303,96.485,96.797,151416,20,0
2026-05-14,96.798,98.123,95.105,97.51,200840,40,0
2026-05-15,97.517,101.325,97.22,100.921,107826,40,0
2026-05-17,102.245,102.416,101.529,101.978,3031,40,0
2026-05-18,101.937,104.733,98.21,101.601,121657,40,0
2026-05-19,101.605,104.166,101.49,103.011,115827,20,0
2026-05-20,103.014,103.53,96.213,97.889,146550,20,0
2026-05-21,97.893,101.653,94.974,96.796,175959,20,0
2026-05-22,96.795,98.449,93.82,95.995,122780,20,0
2026-05-24,91.375,91.378,90.466,91.27,6022,20,0
2026-05-25,91.277,91.852,88.626,90.044,200501,20,0
2026-05-26,90.051,93.579,90.018,92.077,163686,20,0
2026-05-27,92.075,92.174,86.77,89.036,135658,20,0
2026-05-28,89.039,91.267,86.294,87.568,128833,20,0
2026-05-29,87.565,88.048,85.396,86.838,122868,20,0
2026-05-31,87.807,88.837,87.8,88.256,4164,20,0
2026-06-01,88.253,93.222,87.887,90.295,125251,20,0
2026-06-02,90.295,94.076,88.544,92.69,109673,20,0
2026-06-03,92.694,94.889,92.242,93.292,109712,20,0
2026-06-04,93.293,93.613,90.033,90.979,106981,20,0
2026-06-05,90.973,91.532,88.02,88.504,110067,20,0
2026-06-07,91.133,91.855,90.546,90.874,5121,20,0
2026-06-08,90.876,93.494,88.917,89.752,148655,20,0
2026-06-09,89.75,89.849,84.77,87.816,139676,20,0
2026-06-10,87.826,91.887,86.135,90.795,140357,20,0
2026-06-11,90.803,91.041,83.824,84.715,183800,20,0
2026-06-12,84.715,85.744,81.794,82.845,155982,20,0
2026-06-14,79.533,80.381,79.456,79.722,6034,20,0
2026-06-15,79.731,80.274,78.492,80.126,123190,20,0
2026-06-16,80.121,80.121,74.715,75.814,112029,20,0
2026-06-17,75.812,79.105,74.019,75.226,112285,20,0
2026-06-18,75.221,75.97,72.764,75.325,111287,20,0
2026-06-19,75.325,76.67,74.882,76.439,73521,20,0
2026-06-21,77.528,77.834,77.052,77.523,5099,20,0
2026-06-22,77.523,77.655,73.129,73.986,157391,20,0
2026-06-23,73.986,74.129,72.341,72.526,184333,20,0
2026-06-24,72.525,73.002,69.534,69.879,211500,20,0
2026-06-25,69.875,72.365,68.793,71.377,153799,20,0
2026-06-26,71.377,71.685,68.47,70.205,140211,20,0
2026-06-28,70.185,70.249,69.507,69.614,9987,20,0
2026-06-29,69.615,70.965,69.191,70.005,121567,20,0
2026-06-30,70.01,71.433,69.127,69.98,101395,20,0
2026-07-01,69.977,70.033,67.892,67.958,97890,20,0
2026-07-02,67.961,68.775,67.078,68.371,104970,18,0
2026-07-03,68.371,69.238,68.057,68.736,83530,20,0
2026-07-05,68.589,68.593,68.209,68.239,3350,20,0
2026-07-06,68.239,69.178,67.816,68.744,114867,20,0
2026-07-07,68.744,72.324,68.619,72.243,144476,20,0
2026-07-08,72.246,75.717,71.584,74.193,274678,20,0
2026-07-09,74.185,74.381,71.117,71.78,172438,20,0
2026-07-10,71.784,72.966,70.683,71.387,164808,20,0
2026-07-12,73.164,74.043,73.026,73.6,11129,20,0
2026-07-13,73.6,79.34,72.524,78.736,223880,20,0
2026-07-14,78.733,80.598,77.423,79.147,412589,18,0
2026-07-15,79.145,80.163,77.784,79.624,197953,20,0
2026-07-16,79.624,80.285,77.99,78.963,166341,20,0
2026-07-17,78.96,81.987,77.881,81.736,145954,20,0
2026-07-19,83.671,84.406,83.537,83.661,14009,20,0
2026-07-20,83.664,84.013,79.463,82.243,258054,20,0
2026-07-21,82.235,84.715,81.185,84.324,196730,20,0
2026-07-22,84.322,87.83,84.005,87.006,233721,20,0
2026-07-23,87.002,92.248,86.58,90.76,276820,20,0
2026-07-24,90.756,91.283,86.62,89.249,294323,20,0
2026-07-26,82.577,84.052,82.09,83.536,42365,20,0
2026-07-27,83.53,84.577,80.923,81.244,271246,20,0
2026-07-28,81.247,82.164,77.149,80.849,290678,20,0
2026-07-29,80.851,84.293,80.542,83.037,238410,20,0
2026-07-30,83.037,84.436,81.716,82.64,239888,20,0
2026-07-31,82.63,84.626,79.925,84.563,189047,20,0
2026-08-02,77.713,79.987,77.524,79.421,22188,20,0
2026-08-03,79.418,79.688,77.423,78.904,204514,20,0
2026-08-04,78.904,80.891,74.238,74.379,236987,20,0
2026-08-05,74.38,75.795,73.499,74.103,176984,20,0
2026-08-06,74.102,77.566,73.808,77.116,172774,20,0
2026-08-07,77.114,77.756,75.675,76.38,134490,20,0
2026-08-09,77.736,78.552,77.682,77.973,8913,20,0
2026-08-10,77.976,81.544,77.013,81.263,164566,20,0
2026-08-11,81.265,83.558,80.362,82.288,173049,20,0
2026-08-12,82.291,83.104,81.279,81.699,182964,12,0
2026-08-13,81.699,82.278,79.375,80.546,178325,20,0
2026-08-14,80.547,82.026,79.937,81.518,140878,20,0
2026-08-16,81.683,81.816,81.406,81.504,3484,20,0
2026-08-17,81.502,84.429,80.78,83.998,191287,20,0
2026-08-18,83.999,84.984,83.705,84.366,145788,20,0
2026-08-19,84.366,85.658,83.308,84.067,176536,20,0
2026-08-20,84.071,87.374,83.993,85.841,167134,20,0
2026-08-21,85.841,87.126,85.461,86.341,140047,20,0
2026-08-23,86.008,86.135,85.56,85.596,5744,20,0
2026-08-24,85.59,85.799,84.442,85.278,36848,20,0
