time,open,high,low,close,tick_volume,spread,real_volume
2020-01-01,8750.55,8761.1,8746.48,8754.24,1664,360,0
2020-01-02,8753.64,8884.71,8750.48,8876.08,43173,340,0
2020-01-03,8877.48,8884.04,8713.23,8791.49,54895,350,0
2020-01-05,8746.75,8760.64,8726.67,8759.88,2368,371,0
2020-01-06,8760.49,8854.13,8705.18,8830.98,52937,340,0
2020-01-07,8834.91,8875.87,8709.1,8734.36,54935,342,0
2020-01-08,8698.22,8953.78,8660.6,8934.54,58542,355,0
2020-01-09,8938.1,9003.66,8915.56,8998.38,50953,350,0
2020-01-10,8999.02,9037.58,8949.52,8960.35,45604,346,0
2020-01-12,8971.25,8982.41,8967.16,8970.85,1453,391,0
2020-01-13,8973.76,9090.7,8969.26,9088.72,44269,354,0
2020-01-14,9091.76,9098.29,9013.97,9015.12,51761,354,0
2020-01-15,9021.04,9079.74,9007.48,9058.81,49429,358,0
2020-01-16,9057.93,9142.86,9048.68,9131.65,45752,354,0
2020-01-17,9130.05,9174.91,9116.04,9158.04,43778,353,0
2020-01-19,9158.63,9172.0,9155.47,9171.86,1515,373,0
2020-01-20,9172.25,9174.18,9147.59,9157.76,25580,349,0
2020-01-21,9157.81,9185.55,9103.11,9166.15,49999,351,0
2020-01-22,9169.59,9241.67,9166.01,9170.62,49595,360,0
2020-01-23,9171.72,9260.1,9140.14,9258.59,52474,363,0
2020-01-24,9256.74,9275.84,9099.16,9125.5,44599,358,0
2020-01-26,9046.55,9048.25,8983.94,9004.72,2451,431,0
2020-01-27,9015.88,9043.66,8916.28,8969.93,53410,367,0
2020-01-28,8973.23,9126.39,8956.53,9091.19,49082,359,0
2020-01-29,9089.94,9149.32,9063.79,9112.91,46188,313,0
2020-01-30,9110.97,9230.76,8994.64,9208.89,56428,314,0
2020-01-31,9202.69,9239.13,8957.39,9004.42,52292,321,0
2020-02-02,9019.63,9029.55,8991.72,9013.79,2228,359,0
2020-02-03,9021.45,9149.43,9013.81,9083.81,51716,322,0
2020-02-04,9101.33,9362.01,9095.85,9331.14,47266,320,0
2020-02-05,9338.76,9455.35,9311.43,9372.11,53335,320,0
2020-02-06,9370.04,9458.37,9354.21,9455.33,50549,321,0
2020-02-07,9453.57,9455.22,9373.43,9388.82,46564,325,0
2020-02-09,9389.29,9413.13,9320.75,9346.06,2408,363,0
2020-02-10,9350.9,9521.21,9347.78,9515.33,47047,320,0
2020-02-11,9513.75,9599.1,9491.53,9531.76,44823,323,0
2020-02-12,9531.89,9618.52,9514.9,9565.34,44398,314,0
2020-02-13,9566.69,9634.96,9501.32,9600.31,50553,320,0
2020-02-14,9600.56,9649.26,9580.21,9625.02,44193,315,0
2020-02-16,9649.06,9660.86,9647.26,9656.32,1175,343,0
2020-02-17,9655.95,9679.38,9571.66,9595.81,24901,315,0
2020-02-18,9595.61,9654.24,9527.58,9653.8,47829,320,0
2020-02-19,9654.42,9737.97,9637.49,9734.77,42210,316,0
2020-02-20,9734.75,9752.37,9506.47,9563.37,51720,325,0
2020-02-21,9563.13,9602.36,9402.39,9444.87,52051,338,0
2020-02-23,9335.54,9344.52,9281.39,9300.65,2314,391,0
2020-02-24,9301.39,9315.16,9032.85,9133.15,63165,338,0
2020-02-25,9131.28,9216.49,8802.75,8913.46,66191,343,0
2020-02-26,8913.28,9029.86,8702.61,8822.26,72255,343,0
2020-02-27,8822.26,8843.69,8306.33,8405.92,80293,344,0
2020-02-28,8409.88,8566.37,8119.17,8535.03,91207,373,0
2020-03-01,8296.42,8377.59,8293.8,8348.69,2894,480,0
2020-03-02,8351.16,8876.6,8310.52,8853.21,85109,381,0
2020-03-03,8853.92,8993.93,8503.38,8556.31,82782,380,0
2020-03-04,8560.22,8944.16,8556.5,8877.22,68318,349,0
2020-03-05,8872.29,8881.56,8606.32,8689.36,66516,350,0
2020-03-06,8689.44,8721.07,8306.73,8495.64,75570,365,0
2020-03-08,8200.9,8215.87,8098.98,8110.95,5071,435,0
2020-03-09,8109.69,8235.14,7811.49,8106.87,42198,399,0
2020-03-10,8113.72,8373.61,7928.51,8208.52,73242,405,0
2020-03-11,8208.88,8245.54,7889.66,7988.4,74271,391,0
2020-03-12,7992.46,8011.66,7055.98,7110.93,70904,345,0
2020-03-13,7109.82,7969.16,6940.04,7831.7,64833,424,0
2020-03-15,7658.48,7661.2,7545.2,7545.21,655,459,0
2020-03-16,7096.4,7556.07,6923.64,7154.11,39062,425,0
2020-03-17,7154.04,7551.99,6949.17,7184.8,59133,485,0
2020-03-18,7183.75,7432.58,6821.52,7374.58,55349,440,0
2020-03-19,7375.48,7508.84,6886.26,7201.28,81133,449,0
2020-03-20,7198.55,7635.47,6896.07,6923.03,70130,413,0
2020-03-22,6697.41,6739.23,6626.89,6691.23,1656,417,0
2020-03-23,6692.11,7317.15,6628.57,7087.42,87178,420,0
2020-03-24,7089.89,7636.53,7040.74,7499.73,76483,403,0
2020-03-25,7497.64,7764.91,7378.18,7483.21,85714,397,0
2020-03-26,7479.51,7895.75,7314.55,7881.8,77254,402,0
2020-03-27,7878.83,7896.14,7556.1,7564.14,67232,373,0
2020-03-29,7417.49,7508.89,7415.32,7469.06,5510,451,0
2020-03-30,7470.67,7886.79,7459.43,7876.58,67399,355,0
2020-03-31,7879.5,7997.14,7708.47,7714.16,64344,365,0
2020-04-01,7714.34,7745.59,7407.24,7505.78,63382,336,0
2020-04-02,7504.17,7656.95,7377.46,7593.15,65198,363,0
2020-04-03,7590.89,7660.23,7426.06,7523.36,56015,345,0
2020-04-05,7614.89,7656.93,7596.25,7654.69,3690,388,0
2020-04-06,7655.36,8099.24,7652.93,8082.91,57279,318,0
2020-04-07,8075.49,8304.43,7950.28,8044.2,69011,373,0
2020-04-08,8048.69,8243.52,7956.27,8226.49,63054,346,0
2020-04-09,8221.53,8327.51,8104.88,8238.88,61081,342,0
2020-04-12,8283.52,8293.85,8077.33,8121.57,4934,461,0
2020-04-13,8122.21,8375.38,8088.71,8368.14,48024,336,0
2020-04-14,8366.69,8706.52,8322.29,8677.66,50895,334,0
2020-04-15,8677.02,8684.19,8489.86,8536.38,54718,355,0
2020-04-16,8535.84,8969.67,8504.73,8937.49,76118,378,0
2020-04-17,8935.81,8956.28,8694.7,8813.72,67106,328,0
2020-04-19,8773.0,8792.62,8738.48,8753.02,3929,386,0
2020-04-20,8753.19,8850.79,8693.0,8735.89,66495,373,0
2020-04-21,8736.26,8768.54,8346.66,8463.37,83182,384,0
2020-04-22,8467.12,8702.54,8405.93,8623.03,65472,362,0
2020-04-23,8623.76,8792.72,8540.83,8561.17,66084,370,0
2020-04-24,8559.73,8788.11,8506.73,8775.15,56324,357,0
2020-04-26,8810.87,8816.4,8738.86,8761.77,3314,423,0
2020-04-27,8763.0,8904.66,8747.17,8831.69,53106,367,0
2020-04-28,8831.25,8953.44,8662.54,8776.52,59225,375,0
2020-04-29,8776.06,9125.22,8773.94,9099.51,58931,368,0
2020-04-30,9096.94,9152.61,8865.16,8876.89,60653,378,0
2020-05-03,8614.85,8649.44,8570.81,8591.02,5087,410,0
2020-05-04,8592.32,8836.31,8566.22,8833.07,60416,354,0
2020-05-05,8833.11,9028.8,8827.81,8964.01,54046,357,0
2020-05-06,8964.4,9063.92,8886.1,8972.54,59398,370,0
2020-05-07,8977.39,9148.47,8974.22,9146.66,54926,355,0
2020-05-08,9147.36,9242.8,9121.53,9225.71,47264,361,0
2020-05-10,9185.65,9261.09,9182.48,9259.01,3636,415,0
2020-05-11,9258.87,9344.17,9124.27,9282.11,53563,360,0
2020-05-12,9282.62,9349.92,9012.65,9019.49,61535,373,0
2020-05-13,9020.14,9206.54,8884.44,9017.33,75223,377,0
2020-05-14,9016.83,9115.6,8852.12,9111.5,78310,386,0
2020-05-15,9112.49,9153.14,8931.12,9123.61,67823,380,0
2020-05-17,9137.57,9183.12,9115.67,9170.37,3867,431,0
2020-05-18,9170.22,9366.35,9161.07,9349.16,56746,373,0
2020-05-19,9348.69,9420.89,9274.64,9319.65,63504,372,0
2020-05-20,9319.88,9504.19,9311.89,9487.62,52180,371,0
2020-05-21,9487.56,9512.63,9353.22,9405.24,56306,377,0
2020-05-22,9405.83,9425.45,9244.57,9423.92,54110,366,0
2020-05-24,9402.56,9466.55,9400.09,9458.43,2811,431,0
2020-05-25,9459.12,9539.28,9420.23,9513.22,26303,370,0
2020-05-26,9513.61,9606.73,9376.42,9397.81,52443,369,0
2020-05-27,9397.85,9510.86,9176.52,9444.32,61742,390,0
2020-05-28,9443.77,9567.97,9323.27,9420.63,60546,383,0
2020-05-29,9420.87,9573.1,9374.38,9544.41,61555,397,0
2020-05-31,9487.95,9516.8,9479.52,9510.62,2661,417,0
2020-06-01,9510.07,9608.03,9483.7,9567.72,51788,369,0
2020-06-02,9568.24,9678.55,9507.53,9676.7,46983,376,0
2020-06-03,9677.13,9728.83,9642.71,9696.99,50681,370,0
2020-06-04,9697.49,9742.3,9572.76,9619.18,55267,373,0
2020-06-05,9619.07,9846.03,9602.51,9813.59,53901,379,0
2020-06-07,9858.72,9875.15,9849.79,9871.45,2122,423,0
2020-06-08,9871.4,9901.06,9747.86,9880.38,51590,380,0
2020-06-09,9881.06,10004.92,9812.03,9989.9,52602,385,0
2020-06-10,9989.37,10154.93,9959.02,10041.65,58331,369,0
2020-06-11,10042.78,10094.0,9583.48,9675.74,80320,387,0
2020-06-12,9677.64,9846.94,9492.76,9656.77,74220,426,0
2020-06-14,9566.1,9582.92,9520.8,9549.04,3174,490,0
2020-06-15,9549.1,9877.4,9379.19,9875.0,66062,415,0
2020-06-16,9873.87,10011.51,9795.93,9995.42,70023,410,0
2020-06-17,9995.02,10058.07,9926.49,9960.42,57980,393,0
2020-06-18,9962.11,10038.71,9877.88,10029.49,58082,386,0
2020-06-19,10029.62,10121.27,9931.45,10001.52,53776,394,0
2020-06-21,9898.6,9916.92,9883.72,9915.1,2811,439,0
2020-06-22,9915.55,10167.6,9904.75,10160.0,51850,392,0
2020-06-23,10159.52,10304.48,9982.08,10190.55,56149,390,0
2020-06-24,10190.98,10251.12,9937.77,9984.08,67523,399,0
2020-06-25,9984.75,10130.22,9896.2,10115.54,62877,410,0
2020-06-26,10116.14,10129.93,9834.14,9853.18,58960,399,0
2020-06-28,9832.73,9849.56,9814.87,9837.43,2851,437,0
2020-06-29,9838.03,10017.5,9739.46,10003.3,61470,382,0
2020-06-30,10003.06,10180.4,9949.9,10139.03,52563,369,0
2020-07-01,10139.51,10318.04,10085.75,10276.97,50071,390,0
2020-07-02,10276.65,10429.27,10260.6,10358.5,51429,387,0
2020-07-03,10358.49,10398.07,10318.12,10337.59,25693,391,0
2020-07-05,10391.01,10408.1,10388.57,10401.82,1898,413,0
2020-07-06,10402.25,10656.42,10400.25,10648.24,50403,388,0
2020-07-07,10647.94,10702.37,10514.6,10558.44,55228,402,0
2020-07-08,10558.29,10693.43,10514.02,10689.52,56178,393,0
2020-07-09,10690.02,10780.77,10568.62,10761.92,58945,402,0
2020-07-10,10762.57,10838.04,10634.49,10831.28,55403,397,0
2020-07-12,10904.34,10910.12,10885.49,10885.9,2331,440,0
2020-07-13,10885.36,11066.52,10570.58,10654.26,63280,402,0
2020-07-14,10653.71,10731.28,10367.33,10725.77,80357,403,0
2020-07-15,10725.97,10773.43,10559.44,10655.21,66656,405,0
2020-07-16,10655.17,10655.17,10483.82,10575.63,63934,404,0
2020-07-17,10575.36,10676.82,10547.0,10638.76,48205,397,0
2020-07-19,10661.91,10661.91,10640.42,10655.51,1783,428,0
2020-07-20,10655.71,10970.51,10555.39,10958.08,52360,396,0
2020-07-21,10958.7,11066.04,10793.35,10882.3,58453,410,0
2020-07-22,10882.14,10924.51,10770.13,10830.73,55917,410,0
2020-07-23,10831.45,10945.75,10523.45,10591.39,64804,413,0
2020-07-24,10590.95,10605.68,10310.5,10479.39,68609,411,0
2020-07-26,10464.42,10471.24,10409.39,10448.35,2920,474,0
2020-07-27,10449.14,10715.55,10443.66,10706.91,54918,414,0
2020-07-28,10707.34,10766.86,10523.02,10572.34,58081,413,0
2020-07-29,10571.12,10702.45,10521.86,10687.46,50018,413,0
2020-07-30,10687.92,10919.03,10510.53,10913.52,61206,401,0
2020-07-31,10912.66,10946.67,10699.23,10904.94,64652,410,0
2020-08-02,10906.65,10927.23,10890.62,10920.4,1969,509,0
2020-08-03,10920.24,11081.09,10902.48,11044.2,50359,418,0
2020-08-04,11044.21,11099.24,10992.25,11083.67,49827,406,0
2020-08-05,11083.35,11153.19,11065.9,11096.97,46302,406,0
2020-08-06,11096.66,11278.73,11059.09,11257.42,50147,412,0
2020-08-07,11256.9,11286.94,11040.87,11133.73,56064,425,0
2020-08-09,11089.41,11118.19,11087.84,11112.28,2031,467,0
2020-08-10,11112.72,11151.06,10934.34,11079.48,50742,420,0
2020-08-11,11079.47,11162.9,10850.8,10927.76,58313,405,0
2020-08-12,10928.29,11189.99,10884.71,11137.98,51666,429,0
2020-08-13,11137.25,11271.42,11100.27,11210.25,51238,424,0
2020-08-14,11210.74,11241.79,11101.12,11163.78,47277,420,0
2020-08-16,11160.5,11169.09,11154.83,11166.55,1187,447,0
2020-08-17,11166.41,11313.8,11159.23,11310.28,37557,412,0
2020-08-18,11310.28,11421.48,11273.53,11418.43,40704,416,0
2020-08-19,11417.93,11440.67,11286.02,11291.57,42086,417,0
2020-08-20,11291.85,11504.26,11223.44,11501.83,47127,422,0
2020-08-21,11501.96,11575.03,11409.59,11557.33,47579,432,0
2020-08-23,11582.47,11594.73,11580.5,11586.2,1628,446,0
2020-08-24,11586.26,11724.54,11531.19,11649.66,51948,417,0
2020-08-25,11650.05,11756.39,11577.83,11749.94,48920,423,0
2020-08-26,11750.23,11976.79,11729.43,11969.44,46872,425,0
2020-08-27,11968.83,12047.6,11836.6,11971.31,53720,439,0
2020-08-28,11970.64,12019.35,11922.39,11993.67,48449,442,0
2020-08-30,12012.01,12050.76,12011.3,12050.07,1774,460,0
2020-08-31,12050.33,12166.17,11990.71,12127.2,48928,434,0
2020-09-01,12127.94,12362.78,12127.05,12361.4,50783,443,0
2020-09-02,12360.83,12465.69,12173.95,12422.03,59071,450,0
2020-09-03,12421.51,12421.51,11582.26,11600.61,80891,452,0
2020-09-04,11600.28,11841.28,11141.18,11619.84,96888,479,0
2020-09-07,11389.59,11584.27,11372.11,11559.05,39519,474,0
2020-09-08,11559.03,11575.58,10964.31,11040.97,88194,494,0
2020-09-09,11040.33,11478.55,11037.56,11444.12,74270,450,0
2020-09-10,11443.75,11565.76,11090.31,11204.0,66717,484,0
2020-09-11,11203.68,11356.24,10938.42,11084.62,51051,492,0
2020-09-13,11167.61,11194.38,11156.99,11187.48,1956,524,0
2020-09-14,11186.92,11363.63,11164.67,11298.51,47827,448,0
2020-09-15,11298.28,11495.48,11247.34,11435.23,43459,445,0
2020-09-16,11435.56,11548.18,11242.37,11282.59,47577,447,0
2020-09-17,11282.18,11285.98,10919.06,11081.07,62436,461,0
2020-09-18,11080.03,11173.91,10755.59,10926.94,55376,438,0
2020-09-20,10892.99,10976.25,10890.94,10945.52,2495,528,0
2020-09-21,10945.04,11030.12,10670.1,11025.73,63402,452,0
2020-09-22,11026.18,11204.82,10911.94,11134.76,57517,436,0
2020-09-23,11134.11,11235.99,10739.72,10763.67,58201,454,0
2020-09-24,10763.96,11024.6,10676.23,10965.2,65944,464,0
2020-09-25,10964.69,11178.29,10826.51,11147.94,53537,444,0
2020-09-27,11189.64,11192.07,11162.88,11172.21,1922,486,0
2020-09-28,11171.6,11434.66,11153.73,11430.53,47303,417,0
2020-09-29,11430.99,11461.34,11302.87,11353.28,47833,429,0
2020-09-30,11352.55,11538.21,11180.09,11455.44,59104,438,0
2020-10-01,11455.6,11610.49,11422.32,11583.89,50860,448,0
2020-10-02,11583.02,11601.62,11217.92,11258.04,60144,464,0
2020-10-04,11318.98,11349.02,11300.03,11344.86,2428,493,0
2020-10-05,11344.9,11507.87,11281.12,11445.63,46013,426,0
2020-10-06,11446.51,11536.47,11221.43,11267.51,49993,430,0
2020-10-07,11267.56,11518.6,11255.01,11513.56,45496,440,0
2020-10-08,11513.9,11594.95,11486.69,11592.44,42577,432,0
2020-10-09,11591.82,11726.92,11565.04,11724.46,37503,418,0
2020-10-11,11757.05,11768.88,11736.75,11756.96,2157,466,0
2020-10-12,11756.68,12209.71,11731.09,12122.48,47250,428,0
2020-10-13,12122.48,12260.84,12033.53,12128.18,56086,463,0
2020-10-14,12128.44,12189.94,11915.85,11974.27,50701,461,0
2020-10-15,11973.97,11980.99,11751.21,11929.86,53532,460,0
2020-10-16,11929.5,12035.64,11829.08,11837.59,46237,452,0
2020-10-18,11886.25,11902.47,11882.16,11887.79,1784,504,0
2020-10-19,11887.18,11963.71,11607.08,11728.32,48190,464,0
2020-10-20,11728.22,11804.59,11612.17,11716.61,54058,455,0
2020-10-21,11716.78,11790.53,11597.8,11638.5,53653,395,0
2020-10-22,11638.06,11735.55,11523.73,11677.3,51432,384,0
2020-10-23,11676.97,11704.11,11564.7,11692.06,45797,367,0
2020-10-25,11617.9,11646.56,11605.54,11638.65,2103,406,0
2020-10-26,11636.92,11706.7,11356.17,11501.17,51437,360,0
2020-10-27,11501.1,11635.22,11495.04,11550.55,51172,363,0
2020-10-28,11551.58,11579.13,11135.62,11200.64,61985,346,0
2020-10-29,11200.65,11468.65,11155.71,11225.96,62201,340,0
2020-10-30,11225.68,11291.78,10958.18,11066.96,67345,378,0
2020-11-01,11059.55,11063.8,10995.49,11011.25,1161,442,0
2020-11-02,11011.32,11224.11,10955.72,11100.81,60485,382,0
2020-11-03,11100.73,11357.65,11079.69,11328.63,55166,372,0
2020-11-04,11329.38,11851.88,11241.24,11805.96,88897,409,0
2020-11-05,11805.96,12127.92,11781.47,12075.26,62866,399,0
2020-11-06,12074.31,12115.18,11876.88,12087.52,60971,396,0
2020-11-08,12237.21,12263.9,12230.64,12241.14,1191,443,0
2020-11-09,12241.15,12415.6,11818.12,11859.86,75040,402,0
2020-11-10,11862.31,11897.35,11510.75,11603.67,76911,408,0
2020-11-11,11603.94,11918.84,11581.9,11905.13,59333,387,0
2020-11-12,11903.66,11982.81,11783.98,11858.9,58109,393,0
2020-11-13,11860.08,11958.95,11808.57,11938.32,48691,380,0
2020-11-15,12049.09,12070.32,12047.09,12053.11,901,427,0
2020-11-16,12053.87,12078.0,11860.18,12057.09,50615,377,0
2020-11-17,12056.86,12064.41,11962.06,11984.86,46169,372,0
2020-11-18,11984.13,12031.33,11885.98,11888.29,47534,367,0
2020-11-19,11889.07,12005.18,11811.02,11944.69,46752,368,0
2020-11-20,11944.95,12025.88,11908.53,11910.19,41460,363,0
2020-11-22,11929.38,11941.98,11923.75,11938.34,675,420,0
2020-11-23,11938.39,12006.37,11814.31,11960.45,42442,361,0
2020-11-24,11960.56,12130.85,11879.21,12130.3,45598,357,0
2020-11-25,12129.36,12192.44,12085.59,12187.0,56578,359,0
2020-11-26,12186.72,12229.35,12133.63,12161.96,24833,357,0
2020-11-27,12163.2,12313.91,12144.11,12278.04,30892,355,0
2020-11-29,12336.94,12338.88,12322.67,12323.84,799,396,0
2020-11-30,12323.2,12351.85,12093.52,12351.25,54001,372,0
2020-12-01,12351.89,12512.91,12336.32,12453.13,47506,361,0
2020-12-02,12453.38,12477.4,12316.09,12468.06,46744,372,0
2020-12-03,12467.73,12540.65,12444.78,12486.65,41737,366,0
2020-12-04,12486.87,12532.97,12449.61,12529.53,35704,353,0
2020-12-06,12552.03,12554.63,12544.5,12546.17,784,394,0
2020-12-07,12545.81,12612.38,12475.46,12576.55,38486,363,0
2020-12-08,12576.07,12658.33,12503.99,12650.44,37388,362,0
2020-12-09,12649.97,12667.07,12308.88,12365.31,43572,360,0
2020-12-10,12365.21,12450.79,12220.47,12406.04,50645,372,0
2020-12-11,12405.71,12415.56,12236.21,12379.03,46717,365,0
2020-12-13,12425.53,12427.66,12409.76,12423.55,640,415,0
2020-12-14,12423.76,12555.3,12395.11,12486.87,39924,365,0
2020-12-15,12486.91,12604.62,12429.82,12602.08,42193,376,0
2020-12-16,12602.32,12711.45,12579.27,12689.65,36603,373,0
2020-12-17,12689.77,12768.41,12678.55,12755.82,34448,368,0
2020-12-18,12756.06,12793.99,12616.13,12704.62,38737,362,0
2020-12-20,12760.35,12760.5,12739.94,12756.19,889,415,0
2020-12-21,12755.82,12781.53,12468.2,12711.74,58646,380,0
2020-12-22,12712.16,12769.46,12604.37,12731.61,50514,377,0
2020-12-23,12732.15,12749.49,12639.84,12666.36,43314,367,0
2020-12-24,12665.69,12734.35,12642.62,12714.24,26785,356,0
2020-12-27,12749.58,12754.02,12744.41,12745.59,747,399,0
2020-12-28,12745.8,12866.32,12736.73,12862.55,35206,368,0
2020-12-29,12862.63,12927.38,12819.52,12857.64,35456,364,0
2020-12-30,12857.2,12920.11,12832.32,12860.96,36520,371,0
2020-12-31,12861.2,12906.04,12808.09,12881.05,29763,375,0
2021-01-03,12897.53,12897.53,12862.52,12874.14,878,428,0
2021-01-04,12874.64,12970.18,12533.09,12684.94,50678,379,0
2021-01-05,12685.08,12811.69,12621.74,12805.26,51156,375,0
2021-01-06,12805.3,12853.61,12500.85,12684.28,71400,392,0
2021-01-07,12684.31,12968.03,12668.3,12950.31,50827,388,0
2021-01-08,12951.48,13114.6,12939.93,13102.75,49481,388,0
2021-01-10,13092.45,13098.22,13082.56,13093.93,868,421,0
2021-01-11,13094.06,13106.88,12884.29,12934.72,53296,394,0
2021-01-12,12934.96,12970.31,12780.03,12910.19,46976,391,0
2021-01-13,12911.28,13014.04,12831.97,12982.14,43510,385,0
2021-01-14,12982.44,13039.13,12891.08,12927.9,44638,389,0
2021-01-15,12927.86,12940.64,12755.23,12809.4,52450,388,0
2021-01-17,12804.56,12805.2,12744.98,12757.23,1129,405,0
2021-01-18,12756.39,12845.79,12738.55,12843.12,26313,370,0
2021-01-19,12843.73,13065.78,12843.19,13063.68,42029,379,0
2021-01-20,13063.69,13340.37,13033.04,13329.03,41547,386,0
2021-01-21,13328.61,13436.78,13297.16,13398.43,41214,390,0
2021-01-22,13398.3,13410.01,13314.73,13369.1,42918,390,0
2021-01-24,13411.51,13421.57,13409.29,13412.59,543,422,0
2021-01-25,13412.99,13568.14,13202.41,13476.53,46376,399,0
2021-01-26,13475.64,13594.16,13394.71,13573.2,47476,393,0
2021-01-27,13573.71,13585.34,12967.27,12990.87,60784,404,0
2021-01-28,12991.42,13404.76,12919.03,13146.59,70042,426,0
2021-01-29,13146.83,13175.65,12842.97,12923.34,76692,439,0
2021-01-31,12783.42,12816.84,12777.15,12805.06,1629,495,0
2021-02-01,12806.99,13286.36,12795.61,13275.39,61037,410,0
2021-02-02,13275.73,13520.98,13245.88,13501.45,50737,397,0
2021-02-03,13502.06,13597.32,13401.74,13455.47,49006,409,0
2021-02-04,13454.6,13567.89,13357.74,13561.91,45872,391,0
2021-02-05,13561.66,13645.74,13527.76,13604.86,41631,398,0
2021-02-07,13640.85,13651.65,13632.97,13646.6,772,443,0
2021-02-08,13646.57,13699.05,13604.4,13688.49,39313,392,0
2021-02-09,13688.41,13741.82,13641.01,13696.14,35651,389,0
2021-02-10,13696.48,13778.11,13525.51,13661.62,44164,399,0
2021-02-11,13661.1,13750.2,13621.38,13738.41,40262,408,0
2021-02-12,13739.3,13816.51,13653.34,13810.93,34049,395,0
2021-02-14,13833.86,13837.68,13826.87,13833.19,530,429,0
2021-02-15,13832.45,13885.55,13830.68,13865.25,16178,381,0
2021-02-16,13865.54,13907.66,13723.93,13734.84,40311,397,0
2021-02-17,13734.93,13788.72,13548.46,13706.33,47821,411,0
2021-02-18,13707.22,13725.64,13473.33,13619.01,50650,413,0
2021-02-19,13618.53,13731.78,13538.73,13581.74,48661,401,0
2021-02-21,13559.6,13595.86,13559.6,13594.72,949,452,0
2021-02-22,13595.2,13631.57,13221.82,13231.47,57231,407,0
2021-02-23,13231.5,13339.02,12760.99,13174.14,68940,411,0
2021-02-24,13172.82,13341.26,12963.1,13332.03,69878,422,0
2021-02-25,13332.55,13357.15,12767.94,12783.83,74343,423,0
2021-02-26,12782.1,13093.02,12668.36,12897.66,88459,452,0
2021-02-28,13000.61,13010.91,12981.58,13007.56,1315,457,0
2021-03-01,13008.17,13325.35,13002.3,13322.5,58327,401,0
2021-03-02,13323.0,13329.63,13052.9,13098.77,62700,405,0
2021-03-03,13098.67,13194.79,12591.0,12595.65,63961,399,0
2021-03-04,12595.77,12798.12,12307.96,12408.58,87417,425,0
2021-03-05,12407.12,12698.7,12210.21,12663.66,85514,413,0
2021-03-07,12710.73,12726.91,12658.83,12672.19,1337,460,0
2021-03-08,12671.22,12717.25,12286.87,12373.78,79536,431,0
2021-03-09,12373.13,12869.49,12329.03,12812.3,66142,402,0
2021-03-10,12811.83,12994.27,12706.7,12772.77,69580,414,0
2021-03-11,12772.4,13120.64,12726.01,13074.11,58298,400,0
2021-03-12,13074.48,13098.8,12772.85,12941.29,57979,404,0
2021-03-14,12953.3,12980.13,12928.87,12964.62,1978,445,0
2021-03-15,12964.45,13083.0,12877.04,13067.25,50947,399,0
2021-03-16,13067.22,13301.91,13060.58,13162.29,49030,402,0
2021-03-17,13162.5,13285.35,12949.1,13237.14,56871,397,0
2021-03-18,13237.26,13281.02,12776.84,12797.76,62908,408,0
2021-03-19,12796.96,12911.81,12695.51,12863.15,61283,409,0
2021-03-21,12834.19,12884.07,12831.2,12875.83,2511,412,0
2021-03-22,12876.19,13170.82,12834.62,13097.66,52860,397,0
2021-03-23,13098.89,13185.38,12992.53,13042.81,57958,406,0
2021-03-24,13043.59,13156.52,12806.17,12818.24,58287,402,0
2021-03-25,12819.11,12871.95,12623.25,12814.69,64418,399,0
2021-03-26,12815.31,12956.26,12690.57,12956.26,54502,396,0
2021-03-28,12954.4,12967.71,12930.42,12934.88,2079,420,0
2021-03-29,12935.05,13015.94,12821.75,12992.0,61075,406,0
2021-03-30,12991.25,12991.25,12791.21,12908.48,53248,403,0
2021-03-31,12909.14,13171.19,12874.5,13136.38,45776,392,0
2021-04-01,13135.8,13365.54,13119.06,13362.1,43206,393,0
2021-04-02,13362.3,13404.42,13357.84,13365.45,11920,388,0
2021-04-04,13341.2,13370.49,13329.98,13366.55,2120,429,0
2021-04-05,13365.99,13635.64,13326.82,13629.89,35732,395,0
2021-04-06,13629.72,13666.91,13538.69,13607.94,43877,404,0
2021-04-07,13607.41,13666.21,13526.46,13651.54,42170,396,0
2021-04-08,13652.21,13815.1,13642.44,13814.62,39654,398,0
2021-04-09,13815.02,13852.83,13662.02,13844.0,41284,407,0
2021-04-11,13836.44,13845.83,13789.52,13793.23,2104,444,0
2021-04-12,13793.96,13843.14,13746.85,13831.71,43831,406,0
2021-04-13,13832.18,14008.8,13787.77,13982.06,42048,390,0
2021-04-14,13982.18,14043.69,13785.77,13824.24,41979,396,0
2021-04-15,13825.23,14047.77,13803.02,14024.86,42669,402,0
2021-04-16,14024.98,14072.91,13966.9,14049.66,40303,400,0
2021-04-18,14010.91,14020.12,14003.18,14005.94,1354,424,0
2021-04-19,14006.4,14066.69,13835.29,13930.96,46112,402,0
2021-04-20,13931.04,13946.96,13733.4,13758.84,50137,410,0
2021-04-21,13759.57,13938.65,13713.42,13896.89,46578,404,0
2021-04-22,13897.1,13955.79,13714.69,13772.5,48594,402,0
2021-04-23,13772.35,13993.48,13751.45,13946.06,39804,401,0
2021-04-25,13931.03,13939.77,13920.87,13922.84,1190,428,0
2021-04-26,13923.66,14044.26,13878.91,14040.46,39732,401,0
2021-04-27,14040.12,14061.21,13925.63,13976.26,37415,401,0
2021-04-28,13976.95,13994.62,13891.39,13984.92,39815,398,0
2021-04-29,13984.8,14077.29,13832.3,13927.8,43367,407,0
2021-04-30,13928.21,13968.91,13832.31,13852.64,44748,411,0
2021-05-02,13894.95,13900.9,13889.95,13892.21,1214,423,0
2021-05-03,13892.52,13959.08,13774.98,13780.96,40845,411,0
2021-05-04,13780.92,13788.42,13392.73,13535.68,48513,405,0
2021-05-05,13535.72,13675.22,13474.27,13509.82,45617,404,0
2021-05-06,13509.1,13625.2,13398.46,13618.83,52910,399,0
2021-05-07,13618.77,13821.3,13595.13,13719.24,45990,394,0
2021-05-09,13741.84,13753.26,13740.62,13747.15,1207,413,0
2021-05-10,13747.92,13759.67,13320.32,13341.55,48677,397,0
2021-05-11,13340.41,13382.09,13072.99,13344.27,65362,411,0
2021-05-12,13344.61,13358.29,12967.64,13023.26,69014,418,0
2021-05-13,13022.41,13229.48,12921.67,13116.34,65981,410,0
2021-05-14,13116.5,13431.83,13110.35,13396.72,50788,391,0
2021-05-16,13407.51,13410.85,13394.4,13400.85,806,473,0
2021-05-17,13400.08,13404.34,13190.58,13335.85,55194,414,0
2021-05-18,13336.22,13438.68,13171.29,13171.81,45644,395,0
2021-05-19,13174.45,13245.18,12958.46,13190.0,62681,414,0
2021-05-20,13190.75,13526.27,13155.89,13523.27,48865,396,0
2021-05-21,13523.72,13572.09,13400.27,13402.71,45566,400,0
2021-05-23,13378.85,13397.92,13363.83,13370.95,2158,430,0
2021-05-24,13371.29,13689.79,13367.07,13660.73,42072,392,0
2021-05-25,13660.19,13741.96,13610.75,13698.65,44570,407,0
2021-05-26,13697.56,13731.45,13659.97,13710.45,39646,392,0
2021-05-27,13709.7,13723.08,13623.33,13705.77,42423,404,0
2021-05-28,13706.21,13766.14,13665.68,13688.78,34451,388,0
2021-05-30,13714.96,13722.15,13707.55,13714.9,1121,424,0
2021-05-31,13715.34,13720.91,13654.78,13689.59,20106,387,0
2021-06-01,13689.05,13774.85,13595.89,13636.62,39099,397,0
2021-06-02,13636.52,13714.23,13605.79,13688.01,38718,397,0
2021-06-03,13687.98,13707.6,13463.3,13504.31,43578,400,0
2021-06-04,13504.57,13784.66,13468.86,13766.75,39560,398,0
2021-06-06,13774.6,13778.36,13767.64,13768.37,1229,429,0
2021-06-07,13767.69,13835.06,13692.19,13823.55,40147,390,0
2021-06-08,13824.17,13916.7,13743.3,13820.02,41430,397,0
2021-06-09,13820.86,13905.72,13809.77,13817.85,37556,399,0
2021-06-10,13817.61,13976.06,13728.17,13968.42,40521,397,0
2021-06-11,13970.05,13999.1,13937.07,13993.29,33478,388,0
2021-06-13,14019.85,14025.43,14011.89,14019.03,806,431,0
2021-06-14,14018.9,14130.62,13972.53,14122.57,29861,398,0
2021-06-15,14123.14,14169.58,14015.68,14046.41,34245,409,0
2021-06-16,14046.26,14110.01,13845.2,13902.34,38497,406,0
2021-06-17,13902.35,14213.41,13858.2,14192.19,47412,426,0
2021-06-18,14192.05,14219.63,14026.09,14076.73,45600,418,0
2021-06-20,14041.7,14060.96,14040.18,14052.72,1993,461,0
2021-06-21,14051.98,14163.04,13973.56,14149.64,50472,422,0
2021-06-22,14150.05,14293.36,14081.58,14287.17,40669,412,0
2021-06-23,14287.29,14329.71,14246.76,14300.91,37026,409,0
2021-06-24,14300.98,14436.51,14299.63,14360.92,34641,407,0
2021-06-25,14360.95,14408.06,14327.63,14353.39,34328,411,0
2021-06-27,14374.58,14379.86,14357.63,14368.61,1154,436,0
2021-06-28,14368.93,14534.59,14347.86,14507.19,34391,416,0
2021-06-29,14506.89,14604.98,14485.15,14602.72,34388,415,0
2021-06-30,14602.4,14613.17,14534.8,14575.94,35253,413,0
2021-07-01,14575.94,14619.97,14486.61,14547.2,36884,416,0
2021-07-02,14547.23,14742.16,14527.36,14727.0,34233,415,0
2021-07-04,14731.93,14734.62,14725.23,14728.43,974,453,0
2021-07-05,14728.52,14732.01,14688.82,14726.89,19113,408,0
2021-07-06,14726.77,14802.03,14637.9,14777.07,39050,419,0
2021-07-07,14775.71,14895.42,14738.61,14822.9,41483,420,0
2021-07-08,14822.85,14833.79,14553.5,14703.51,53377,433,0
2021-07-09,14704.39,14844.07,14654.05,14825.5,44866,423,0
2021-07-11,14840.44,14847.02,14834.46,14841.74,1092,447,0
2021-07-12,14841.13,14898.82,14797.35,14894.49,38303,418,0
2021-07-13,14894.68,15007.51,14808.07,14856.29,37964,422,0
2021-07-14,14856.27,15006.35,14853.2,14914.73,42995,433,0
2021-07-15,14914.75,14973.35,14720.74,14767.2,46863,435,0
2021-07-16,14766.35,14879.28,14667.69,14681.88,44773,428,0
2021-07-18,14678.48,14683.01,14622.61,14653.38,2189,460,0
2021-07-19,14654.11,14676.05,14455.0,14600.07,57866,437,0
2021-07-20,14600.57,14792.51,14526.46,14754.47,49881,431,0
2021-07-21,14754.03,14857.69,14679.8,14848.8,44083,421,0
2021-07-22,14848.6,14990.68,14841.62,14985.67,37317,422,0
2021-07-23,14986.06,15128.95,14945.61,15112.06,34653,425,0
2021-07-25,15113.7,15138.07,15110.86,15134.5,1312,451,0
2021-07-26,15134.3,15145.83,15051.38,15125.09,40203,431,0
2021-07-27,15124.86,15143.6,14784.24,14930.99,46748,432,0
2021-07-28,14930.08,15082.89,14903.85,14999.35,50591,440,0
2021-07-29,14998.93,15093.47,14871.82,14880.34,41553,436,0
2021-07-30,14880.11,14987.73,14821.25,14956.18,46364,441,0
2021-08-01,15003.02,15020.63,15002.27,15011.22,1524,453,0
2021-08-02,15011.11,15065.12,14943.56,14972.1,41342,429,0
2021-08-03,14972.17,15059.27,14860.62,15042.92,41822,430,0
2021-08-04,15042.41,15120.22,15010.24,15095.19,38026,424,0
2021-08-05,15095.28,15176.92,15081.61,15170.32,34094,424,0
2021-08-06,15170.73,15179.59,15060.11,15105.94,32920,413,0
2021-08-08,15083.35,15083.86,15013.04,15030.99,2223,465,0
2021-08-09,15031.46,15155.13,15022.69,15127.38,33342,424,0
2021-08-10,15127.18,15166.5,15006.32,15045.68,33112,427,0
2021-08-11,15045.96,15128.18,14974.15,15003.91,36794,419,0
2021-08-12,15003.83,15098.48,14949.91,15075.91,31350,418,0
2021-08-13,15076.11,15149.7,15063.78,15128.71,27823,420,0
2021-08-15,15122.3,15129.94,15119.11,15121.44,953,451,0
2021-08-16,15121.54,15140.47,14924.2,15137.5,36353,425,0
2021-08-17,15137.38,15139.43,14904.84,14961.15,43631,426,0
2021-08-18,14961.39,15041.31,14841.92,14849.75,41232,427,0
2021-08-19,14849.45,15002.24,14714.72,14920.43,54693,429,0
2021-08-20,14920.73,15103.43,14856.18,15094.51,45356,434,0
2021-08-22,15118.3,15123.53,15109.86,15111.22,1196,451,0
2021-08-23,15110.91,15339.89,15107.0,15334.32,34792,425,0
2021-08-24,15335.1,15386.29,15313.53,15363.32,32772,416,0
2021-08-25,15363.09,15401.49,15338.48,15366.65,32733,424,0
2021-08-26,15367.15,15370.27,15260.86,15283.27,38593,427,0
2021-08-27,15282.52,15448.88,15271.09,15430.84,32483,422,0
2021-08-29,15444.44,15461.77,15441.92,15458.55,1039,449,0
2021-08-30,15458.95,15624.04,15426.58,15605.68,29002,424,0
2021-08-31,15605.75,15683.96,15525.84,15606.05,38628,422,0
2021-09-01,15605.72,15705.84,15587.46,15626.23,34129,428,0
2021-09-02,15626.12,15688.1,15559.91,15606.85,33774,426,0
2021-09-03,15606.94,15682.75,15561.03,15661.81,33501,430,0
2021-09-05,15669.5,15669.74,15658.25,15659.29,744,457,0
2021-09-06,15659.37,15717.15,15651.69,15698.02,15900,422,0
2021-09-07,15697.83,15710.69,15617.23,15671.39,35273,428,0
2021-09-08,15671.99,15699.81,15535.05,15609.91,40002,432,0
2021-09-09,15609.96,15684.66,15557.09,15573.72,39851,441,0
2021-09-10,15573.83,15677.5,15444.47,15452.38,34840,430,0
2021-09-12,15479.9,15506.83,15475.56,15503.72,1166,492,0
2021-09-13,15503.91,15575.23,15362.37,15464.61,41862,443,0
2021-09-14,15464.4,15540.94,15363.11,15425.4,38821,441,0
2021-09-15,15425.76,15532.05,15325.13,15521.73,37726,439,0
2021-09-16,15521.45,15549.93,15377.34,15499.55,37980,450,0
2021-09-17,15498.9,15546.42,15295.08,15349.83,40026,439,0
2021-09-19,15313.57,15346.41,15312.65,15343.79,1574,481,0
2021-09-20,15343.56,15355.84,14826.72,15046.66,56316,460,0
2021-09-21,15047.42,15180.29,14988.69,14989.98,50891,452,0
2021-09-22,14990.55,15243.25,14948.7,15209.08,48004,444,0
2021-09-23,15208.97,15363.33,15193.21,15321.44,43091,440,0
2021-09-24,15322.26,15350.59,15194.78,15337.77,42211,437,0
2021-09-26,15327.05,15336.31,15318.41,15335.49,1363,466,0
2021-09-27,15335.94,15415.98,15101.53,15185.73,43995,446,0
2021-09-28,15186.49,15208.73,14759.06,14818.86,56785,450,0
2021-09-29,14818.21,14941.27,14728.13,14804.05,55755,447,0
2021-09-30,14803.81,14898.63,14698.65,14728.5,54367,440,0
2021-10-01,14729.29,14832.77,14552.89,14783.51,57089,447,0
2021-10-03,14843.5,14848.03,14823.44,14828.84,2075,479,0
2021-10-04,14828.07,14831.45,14381.28,14498.07,62837,451,0
2021-10-05,14496.65,14766.31,14423.33,14650.4,54004,444,0
2021-10-06,14651.12,14841.16,14435.99,14821.73,62044,440,0
2021-10-07,14820.89,15012.26,14811.16,14936.75,46109,432,0
2021-10-08,14935.96,15006.66,14803.47,14824.94,48842,442,0
2021-10-10,14784.45,14786.15,14716.57,14729.65,2920,497,0
2021-10-11,14729.69,14908.81,14676.7,14698.42,50229,450,0
2021-10-12,14697.32,14795.25,14599.52,14617.46,53616,442,0
2021-10-13,14617.39,14822.84,14604.39,14817.92,49174,437,0
2021-10-14,14816.51,15089.76,14816.09,15083.81,38538,429,0
2021-10-15,15082.68,15149.71,15033.24,15149.35,39493,432,0
2021-10-17,15136.95,15139.84,15091.1,15095.48,2144,482,0
2021-10-18,15096.28,15307.37,15052.92,15305.52,42139,436,0
2021-10-19,15304.94,15427.81,15288.78,15422.12,38335,431,0
2021-10-20,15422.32,15457.69,15332.25,15347.48,38484,441,0
2021-10-21,15347.73,15494.43,15313.36,15402.67,38568,436,0
2021-10-22,15403.3,15474.63,15285.43,15358.83,40830,443,0
2021-10-24,15343.39,15343.39,15308.52,15317.41,1880,474,0
2021-10-25,15318.34,15553.61,15316.65,15551.22,38556,443,0
2021-10-26,15552.28,15712.38,15516.05,15572.86,41190,445,0
2021-10-27,15573.06,15727.03,15519.83,15639.51,44015,453,0
2021-10-28,15638.98,15773.67,15605.14,15682.31,43349,454,0
2021-10-29,15683.43,15856.94,15609.58,15856.94,44618,448,0
2021-10-31,15902.88,15902.88,15868.29,15892.86,1889,494,0
2021-11-01,15893.05,15927.28,15781.01,15888.89,37771,456,0
2021-11-02,15889.75,15992.65,15862.28,15955.65,36667,459,0
2021-11-03,15955.67,16197.44,15949.09,16195.98,35086,451,0
2021-11-04,16195.52,16387.05,16164.01,16350.26,36205,460,0
2021-11-05,16348.9,16457.1,16300.93,16363.18,39163,465,0
2021-11-07,16324.15,16342.81,16317.18,16320.66,675,508,0
2021-11-08,16321.13,16401.13,16281.25,16318.85,39845,476,0
2021-11-09,16318.99,16399.12,16169.03,16192.79,41804,460,0
2021-11-10,16193.52,16249.02,15905.26,15999.7,48014,465,0
2021-11-11,15999.67,16120.34,15987.79,16070.88,41212,469,0
2021-11-12,16070.96,16218.84,16008.56,16195.74,37021,462,0
2021-11-14,16238.67,16241.96,16229.49,16231.57,517,490,0
2021-11-15,16231.63,16281.05,16088.13,16194.78,36217,472,0
2021-11-16,16195.13,16327.02,16148.32,16305.68,37113,475,0
2021-11-17,16305.76,16396.51,16270.72,16330.07,34461,470,0
2021-11-18,16330.53,16505.32,16305.05,16499.2,37591,460,0
2021-11-19,16498.59,16634.03,16496.46,16578.85,43875,478,0
2021-11-21,16610.14,16611.89,16594.42,16594.81,421,501,0
2021-11-22,16595.68,16777.31,16402.15,16406.64,40558,474,0
2021-11-23,16407.29,16427.32,16128.95,16296.3,53635,497,0
2021-11-24,16295.99,16375.59,16111.31,16366.92,49664,484,0
2021-11-25,16367.73,16444.7,16365.94,16379.04,21011,466,0
2021-11-26,16379.11,16381.45,15997.64,16051.14,50191,501,0
2021-11-28,16156.56,16183.56,16153.4,16178.19,1408,544,0
2021-11-29,16179.45,16450.96,16175.73,16441.45,51273,485,0
2021-11-30,16441.37,16465.97,16079.85,16233.32,63115,476,0
2021-12-01,16233.56,16437.02,15901.92,15956.93,58241,491,0
2021-12-02,15957.3,16073.61,15771.51,15946.17,68492,501,0
2021-12-03,15946.39,16129.03,15547.09,15718.58,65763,511,0
2021-12-05,15721.75,15760.64,15718.93,15747.48,1091,529,0
2021-12-06,15747.69,15905.51,15568.89,15852.73,62771,502,0
2021-12-07,15853.57,16361.44,15834.84,16352.61,49210,484,0
2021-12-08,16353.11,16441.96,16261.91,16387.17,50713,480,0
2021-12-09,16387.55,16429.39,16158.9,16188.79,45319,480,0
2021-12-10,16189.9,16340.94,16148.59,16340.7,43085,472,0
2021-12-12,16363.1,16382.17,16360.65,16377.04,668,510,0
2021-12-13,16376.11,16426.47,16100.24,16104.11,46193,476,0
2021-12-14,16104.26,16145.82,15749.73,15928.2,52365,460,0
2021-12-15,15928.52,16345.81,15754.74,16335.32,53408,477,0
2021-12-16,16334.94,16470.31,15806.92,15853.87,56138,496,0
2021-12-17,15854.0,15969.6,15666.06,15825.13,64000,499,0
2021-12-19,15808.56,15819.94,15709.1,15721.18,1308,558,0
2021-12-20,15722.66,15745.32,15506.57,15731.82,66178,496,0
2021-12-21,15732.23,15995.09,15617.45,15972.28,52741,484,0
2021-12-22,15971.01,16200.9,15894.39,16197.35,47153,475,0
2021-12-23,16196.44,16366.28,16157.89,16325.79,34984,471,0
2021-12-26,16345.62,16358.35,16343.26,16354.15,654,512,0
2021-12-27,16354.45,16574.0,16316.68,16566.58,36610,467,0
2021-12-28,16566.91,16668.05,16465.4,16551.07,42452,477,0
2021-12-29,16551.83,16575.7,16399.53,16474.68,42009,471,0
2021-12-30,16474.77,16578.31,16422.6,16449.04,37816,462,0
2021-12-31,16449.53,16474.11,16358.95,16370.14,34949,489,0
2022-01-02,16390.21,16398.13,16380.9,16395.41,541,532,0
2022-01-03,16396.31,16508.79,16303.25,16492.07,43280,486,0
2022-01-04,16493.16,16571.53,16148.45,16240.3,46687,458,0
2022-01-05,16240.2,16266.9,15770.35,15792.04,53846,457,0
2022-01-06,15793.04,15902.71,15607.35,15825.48,67614,492,0
2022-01-07,15826.48,15860.27,15518.98,15605.58,58501,471,0
2022-01-09,15539.62,15581.91,15533.66,15568.2,995,517,0
2022-01-10,15569.22,15678.67,15161.37,15636.54,63145,487,0
2022-01-11,15637.6,15846.61,15484.66,15829.1,60508,473,0
2022-01-12,15828.13,16019.21,15772.51,15903.09,55999,464,0
2022-01-13,15903.91,15988.73,15469.07,15509.62,55611,476,0
2022-01-14,15508.55,15616.36,15323.49,15612.18,67167,489,0
2022-01-16,15600.45,15624.21,15590.92,15593.87,1136,530,0
2022-01-17,15593.7,15647.58,15519.28,15600.02,35224,466,0
2022-01-18,15599.92,15613.85,15182.25,15205.74,67270,472,0
2022-01-19,15206.15,15381.53,15007.01,15017.18,69525,473,0
2022-01-20,15016.98,15350.33,14708.79,14755.59,64426,471,0
2022-01-21,14756.46,14869.43,14434.62,14495.49,83034,489,0
2022-01-23,14520.58,14573.07,14503.17,14560.18,1567,486,0
2022-01-24,14560.63,14588.49,13718.9,14490.86,93600,455,0
2022-01-25,14491.08,14499.82,14026.87,14202.61,91731,493,0
2022-01-26,14203.64,14648.09,13989.54,14279.16,81325,465,0
2022-01-27,14277.58,14418.14,13857.28,14105.91,94909,486,0
2022-01-28,14105.34,14431.06,13840.88,14430.45,87101,474,0
2022-01-30,14421.47,14421.47,14363.22,14406.92,1410,481,0
2022-01-31,14407.27,14918.85,14377.39,14878.59,67567,455,0
2022-02-01,14879.42,15132.23,14739.16,15132.11,62900,463,0
2022-02-02,15131.8,15270.9,14768.22,14775.41,58806,446,0
2022-02-03,14776.11,14879.41,14469.22,14769.87,65183,444,0
2022-02-04,14769.92,14832.16,14370.71,14704.98,72137,459,0
2022-02-06,14713.95,14726.97,14704.74,14720.0,1048,482,0
2022-02-07,14720.5,14814.98,14522.05,14621.81,68804,451,0
2022-02-08,14621.34,14785.43,14477.26,14783.66,61263,434,0
2022-02-09,14761.53,15052.76,14760.01,15050.57,48785,444,0
2022-02-10,15050.91,15059.85,14630.51,14668.93,63377,443,0
2022-02-11,14669.07,14773.15,14189.1,14271.74,73445,460,0
2022-02-13,14205.64,14270.84,14205.64,14255.89,1305,503,0
2022-02-14,14255.94,14401.08,14037.29,14305.24,81939,446,0
2022-02-15,14305.14,14621.27,14231.56,14567.75,64392,430,0
2022-02-16,14568.07,14671.81,14386.6,14576.66,59269,428,0
2022-02-17,14576.49,14604.35,14154.68,14180.08,63503,438,0
2022-02-18,14179.19,14303.87,13909.88,14002.37,67040,431,0
2022-02-20,13860.46,13879.59,13849.86,13857.03,1269,471,0
2022-02-21,13857.33,14161.45,13604.9,13683.42,53988,441,0
2022-02-22,13684.57,14111.13,13618.37,13976.5,84920,439,0
2022-02-23,13977.0,14072.61,13483.29,13502.66,67509,430,0
2022-02-24,13502.6,13986.1,13028.7,13862.54,107043,455,0
2022-02-25,13862.2,14186.39,13763.92,14176.11,81013,450,0
2022-02-27,13819.38,13893.52,13814.3,13857.45,1851,539,0
2022-02-28,13856.94,14293.14,13758.15,14260.1,81450,447,0
2022-03-01,14259.9,14328.52,13904.37,14054.17,75372,456,0
2022-03-02,14054.68,14293.82,13914.78,14205.64,74731,456,0
2022-03-03,14206.25,14391.01,13958.8,14081.24,64992,447,0
2022-03-04,14081.07,14087.05,13735.36,13837.58,80111,466,0
2022-03-06,13588.32,13630.26,13563.3,13586.06,1597,533,0
2022-03-07,13584.7,13878.85,13255.01,13270.38,81947,454,0
2022-03-08,13270.07,13665.73,13105.55,13251.53,92921,458,0
2022-03-09,13251.16,13795.57,13223.04,13746.48,78850,444,0
2022-03-10,13746.45,13762.88,13396.77,13594.79,74203,428,0
2022-03-11,13595.94,13857.61,13301.52,13301.52,63456,439,0
2022-03-13,13361.03,13381.61,13339.07,13369.75,3339,468,0
2022-03-14,13369.79,13442.25,13019.67,13110.43,70079,436,0
2022-03-15,13110.19,13490.31,12947.22,13458.06,69789,412,0
2022-03-16,13458.18,13986.35,13422.39,13982.01,71619,427,0
2022-03-17,13980.93,14115.31,13823.1,14026.69,67466,450,0
2022-03-18,14028.76,14426.65,13971.56,14403.08,58900,427,0
2022-03-20,14417.57,14421.35,14403.99,14406.16,2262,440,0
2022-03-21,14406.26,14467.98,14188.27,14345.52,59878,419,0
2022-03-22,14345.0,14692.85,14297.76,14670.14,55017,411,0
2022-03-23,14670.09,14684.59,14451.88,14478.7,55651,422,0
2022-03-24,14478.73,14762.16,14436.82,14753.1,56430,423,0
2022-03-25,14752.79,14841.51,14576.46,14741.18,54288,434,0
2022-03-27,14759.87,14759.98,14725.12,14725.12,2234,463,0
2022-03-28,14724.24,14990.5,14662.55,14976.22,57898,424,0
2022-03-29,14976.5,15271.66,14960.08,15224.66,56057,431,0
2022-03-30,15223.69,15264.26,15014.8,15105.04,54794,438,0
2022-03-31,15105.35,15184.4,14878.75,14915.49,52802,438,0
2022-04-01,14915.7,14961.03,14728.64,14868.96,52810,423,0
2022-04-03,14843.49,14844.37,14813.49,14822.22,1695,471,0
2022-04-04,14822.38,15162.55,14805.04,15152.36,46858,424,0
2022-04-05,15152.61,15197.3,14781.73,14835.73,47933,424,0
2022-04-06,14835.94,14844.8,14397.76,14449.55,62082,435,0
2022-04-07,14449.48,14633.52,14320.53,14566.91,61670,419,0
2022-04-08,14566.16,14641.77,14313.14,14323.82,54930,432,0
2022-04-10,14353.55,14371.03,14315.23,14318.16,1965,458,0
2022-04-11,14317.26,14317.26,13977.28,13985.82,61733,429,0
2022-04-12,13985.58,14283.95,13882.48,13998.01,64180,422,0
2022-04-13,13997.74,14267.37,13924.25,14216.38,57694,410,0
2022-04-14,14217.18,14297.57,13887.49,13891.54,54190,416,0
2022-04-17,13805.31,13823.7,13732.63,13738.83,3121,454,0
2022-04-18,13738.86,14023.91,13735.63,14022.33,50804,408,0
2022-04-19,14021.58,14244.0,13833.35,14083.6,58463,426,0
2022-04-20,14083.75,14300.78,13960.63,14088.91,61423,426,0
2022-04-21,14088.71,14285.45,13679.22,13685.74,62090,412,0
2022-04-22,13685.63,13782.12,13358.99,13359.16,67497,418,0
2022-04-24,13332.75,13363.86,13297.6,13333.9,3356,446,0
2022-04-25,13333.41,13540.92,13188.73,13529.38,82760,407,0
2022-04-26,13528.76,13588.36,12959.61,13000.33,69145,398,0
2022-04-27,13000.98,13257.48,12934.85,13178.02,83138,406,0
2022-04-28,13179.04,13545.68,13038.97,13252.69,71302,406,0
2022-04-29,13253.42,13437.35,12837.62,12848.31,72365,411,0
2022-05-01,12831.74,12926.08,12812.35,12886.21,4474,458,0
2022-05-02,12886.26,13086.01,12715.28,13060.45,81744,404,0
2022-05-03,13060.88,13187.93,12973.04,13125.55,72959,412,0
2022-05-04,13124.89,13558.92,12888.78,13516.03,64922,394,0
2022-05-05,13516.65,13550.93,12710.49,12886.51,74261,402,0
2022-05-06,12887.52,12928.57,12519.38,12702.09,88145,400,0
2022-05-08,12602.9,12638.59,12555.01,12579.84,3640,447,0
2022-05-09,12579.68,12625.67,12139.29,12240.56,82062,406,0
2022-05-10,12239.42,12548.28,12106.29,12342.76,87453,389,0
2022-05-11,12342.65,12556.55,11942.73,12008.24,83516,387,0
2022-05-12,12007.35,12130.88,11692.06,12024.99,94434,412,0
2022-05-13,12024.26,12432.54,12009.14,12375.03,68489,395,0
2022-05-15,12467.35,12497.43,12432.52,12468.73,3391,432,0
2022-05-16,12467.97,12469.99,12190.74,12268.15,76662,406,0
2022-05-17,12268.44,12588.72,12253.82,12560.25,65727,385,0
2022-05-18,12560.36,12571.05,11819.69,11823.62,64910,387,0
2022-05-19,11822.76,12072.68,11701.97,11931.25,86011,400,0
2022-05-20,11932.03,12093.2,11488.41,11834.91,73386,401,0
2022-05-22,11909.43,11983.72,11890.95,11969.6,3416,426,0
2022-05-23,11969.05,12051.08,11781.91,11886.61,75614,400,0
2022-05-24,11886.65,11895.63,11574.17,11852.5,72879,374,0
2022-05-25,11851.5,12031.95,11670.91,11890.8,73212,390,0
2022-05-26,11889.21,12340.41,11846.49,12287.41,64623,396,0
2022-05-27,12287.33,12670.04,12219.33,12666.61,55126,384,0
2022-05-29,12688.3,12754.38,12686.48,12735.47,2629,422,0
2022-05-30,12734.91,12879.05,12717.19,12813.66,38229,394,0
2022-05-31,12813.85,12819.95,12478.64,12701.92,73411,405,0
2022-06-01,12702.64,12819.06,12452.72,12505.36,67076,394,0
2022-06-02,12505.56,12929.33,12439.07,12919.76,63508,405,0
2022-06-03,12919.01,12921.8,12499.35,12545.17,59058,401,0
2022-06-05,12532.27,12565.81,12524.61,12547.42,2430,418,0
2022-06-06,12545.88,12808.84,12529.06,12600.51,59475,381,0
2022-06-07,12601.11,12737.31,12409.4,12669.3,57164,387,0
2022-06-08,12669.29,12779.32,12576.37,12622.5,58566,389,0
2022-06-09,12622.39,12723.38,12272.48,12286.16,60875,386,0
2022-06-10,12287.26,12336.35,11820.16,11853.46,59828,386,0
2022-06-12,11684.78,11692.41,11648.78,11665.4,2730,434,0
2022-06-13,11665.25,11666.74,11254.81,11345.77,75397,387,0
2022-06-14,11345.58,11507.78,11210.75,11404.96,74026,386,0
2022-06-15,11404.6,11763.98,11333.08,11696.9,74944,371,0
2022-06-16,11695.76,11743.38,11040.28,11164.36,77479,382,0
2022-06-17,11163.62,11368.16,11092.43,11279.67,73495,364,0
2022-06-19,11358.31,11411.48,11355.64,11404.07,3045,397,0
2022-06-20,11403.31,11415.75,11249.21,11398.16,42595,361,0
2022-06-21,11397.86,11650.26,11384.4,11548.54,55922,362,0
2022-06-22,11549.41,11719.15,11294.9,11459.08,64587,375,0
2022-06-23,11458.05,11740.2,11455.76,11671.95,70242,378,0
2022-06-24,11673.06,12096.7,11660.7,12095.21,53753,375,0
2022-06-26,12079.47,12109.7,12064.42,12066.87,2832,410,0
2022-06-27,12066.16,12234.03,11965.73,12041.03,61035,378,0
2022-06-28,12040.02,12146.79,11641.23,11662.33,61681,386,0
2022-06-29,11662.05,11722.67,11539.98,11654.8,64446,381,0
2022-06-30,11654.46,11664.17,11325.28,11518.08,68808,377,0
2022-07-01,11518.77,11600.63,11355.99,11578.73,69491,387,0
2022-07-03,11577.59,11589.14,11537.0,11547.5,2312,389,0
2022-07-04,11546.35,11719.96,11476.16,11669.06,37416,366,0
2022-07-05,11669.66,11797.51,11361.58,11755.71,67139,373,0
2022-07-06,11756.6,11946.69,11703.0,11870.96,68558,385,0
2022-07-07,11869.9,12140.7,11810.26,12077.23,54730,383,0
2022-07-08,12078.1,12184.36,11925.91,12133.33,56595,381,0
2022-07-10,12078.39,12101.17,12069.05,12091.1,2259,395,0
2022-07-11,12091.28,12097.84,11828.68,11878.4,56217,374,0
2022-07-12,11878.56,11999.28,11687.25,11750.86,60977,381,0
2022-07-13,11751.11,11939.6,11456.86,11653.89,67701,374,0
2022-07-14,11653.01,11840.24,11486.08,11838.46,66874,371,0
2022-07-15,11836.89,11976.35,11714.76,11975.17,57061,382,0
2022-07-17,12021.19,12040.28,12017.62,12033.17,1910,400,0
2022-07-18,12033.36,12158.38,11832.64,11915.3,53698,379,0
2022-07-19,11915.63,12298.96,11863.71,12287.98,51719,369,0
2022-07-20,12287.39,12491.07,12210.74,12410.82,55791,372,0
2022-07-21,12409.71,12617.0,12347.67,12521.8,61038,386,0
2022-07-22,12521.73,12668.57,12319.51,12387.89,54256,375,0
2022-07-24,12393.86,12408.15,12379.18,12379.92,1960,411,0
2022-07-25,12380.88,12477.59,12246.0,12277.98,54907,384,0
2022-07-26,12277.2,12312.52,12053.73,12260.05,52467,374,0
2022-07-27,12260.09,12669.69,12237.59,12556.04,51659,375,0
2022-07-28,12556.34,12876.35,12428.29,12871.38,53918,375,0
2022-07-29,12871.63,12984.96,12723.34,12948.97,51261,387,0
2022-07-31,12902.35,12918.23,12892.46,12899.55,2290,416,0
2022-08-01,12898.72,13086.3,12831.48,12931.76,52355,389,0
2022-08-02,12932.97,13076.57,12796.91,12884.75,58232,389,0
2022-08-03,12884.01,13289.54,12848.56,13213.24,53628,394,0
2022-08-04,13213.04,13333.17,13162.25,13309.9,52798,398,0
2022-08-05,13311.1,13361.79,13062.68,13200.23,49520,391,0
2022-08-07,13173.11,13173.79,13148.75,13158.64,1983,432,0
2022-08-08,13158.98,13398.7,13101.64,13201.55,55208,355,0
2022-08-09,13200.91,13206.32,12944.79,13033.87,53816,351,0
2022-08-10,13032.99,13388.83,12964.66,13379.22,52450,351,0
2022-08-11,13379.32,13555.98,13267.43,13315.79,52971,362,0
2022-08-12,13316.49,13561.63,13292.48,13559.94,46387,347,0
2022-08-14,13534.31,13547.19,13519.69,13521.12,1703,381,0
2022-08-15,13521.93,13690.18,13478.29,13662.67,44875,354,0
2022-08-16,13662.63,13721.81,13504.79,13630.78,48048,357,0
2022-08-17,13630.98,13650.9,13385.57,13433.35,54947,370,0
2022-08-18,13434.45,13553.73,13390.79,13507.37,49977,366,0
2022-08-19,13506.49,13511.99,13208.66,13250.44,48707,354,0
2022-08-21,13184.15,13193.63,13160.63,13170.61,2026,378,0
2022-08-22,13170.27,13205.38,12859.9,12939.41,51251,351,0
2022-08-23,12938.89,13001.22,12807.24,12879.15,55412,348,0
2022-08-24,12878.96,12995.25,12809.76,12918.46,51203,350,0
2022-08-25,12918.91,13146.16,12909.66,13130.95,50527,347,0
2022-08-26,13130.74,13204.85,12610.83,12616.06,55529,343,0
2022-08-28,12481.56,12492.18,12399.92,12407.56,3065,437,0
2022-08-29,12407.18,12595.57,12389.73,12522.19,63284,348,0
2022-08-30,12522.62,12648.14,12237.16,12357.77,62548,347,0
2022-08-31,12356.93,12503.6,12140.93,12165.51,66957,357,0
2022-09-01,12165.78,12292.05,12008.75,12289.1,68069,348,0
2022-09-02,12289.01,12452.29,12032.16,12076.89,64800,339,0
2022-09-04,12062.96,12122.0,12057.9,12117.14,2311,374,0
2022-09-05,12115.86,12176.87,12050.91,12143.88,38420,326,0
2022-09-06,12143.34,12238.55,11927.69,12004.29,65874,344,0
2022-09-07,12003.4,12301.09,11918.4,12254.0,62576,341,0
2022-09-08,12254.1,12374.67,12112.3,12347.51,63651,348,0
2022-09-09,12346.51,12609.9,12342.51,12590.29,48573,338,0
2022-09-11,12642.26,12652.03,12623.49,12628.01,1289,382,0
2022-09-12,12626.92,12773.52,12568.34,12766.26,50892,346,0
2022-09-13,12766.5,12879.5,12009.97,12059.17,59693,342,0
2022-09-14,12058.1,12193.83,12007.04,12177.45,66860,350,0
2022-09-15,12175.2,12186.68,11829.36,11840.57,60540,343,0
2022-09-16,11841.04,11878.52,11703.05,11875.22,60907,330,0
2022-09-18,11819.44,11873.79,11818.38,11860.3,2232,423,0
2022-09-19,11860.72,12005.69,11719.87,12005.69,58331,329,0
2022-09-20,12004.16,12019.36,11756.82,11854.06,57427,325,0
2022-09-21,11853.68,12068.19,11540.93,11546.19,66362,325,0
2022-09-22,11544.8,11729.93,11445.56,11521.43,72707,338,0
2022-09-23,11521.51,11534.78,11162.23,11292.82,68343,328,0
2022-09-25,11317.52,11323.89,11265.25,11282.6,3231,372,0
2022-09-26,11281.48,11473.4,11192.68,11283.96,79481,330,0
2022-09-27,11284.19,11503.18,11170.22,11285.07,73768,334,0
2022-09-28,11286.64,11551.57,11079.9,11470.31,84152,333,0
2022-09-29,11471.25,11501.4,11029.74,11203.89,77261,329,0
2022-09-30,11204.48,11293.0,10965.7,10967.2,79090,332,0
2022-10-02,10932.7,10978.24,10873.62,10886.58,3386,417,0
2022-10-03,10887.48,11301.87,10830.88,11285.48,72679,323,0
2022-10-04,11285.58,11612.64,11276.79,11559.79,65583,323,0
2022-10-05,11559.86,11648.81,11306.99,11635.9,66187,332,0
2022-10-06,11636.79,11667.23,11431.1,11441.18,71172,331,0
2022-10-07,11440.35,11505.44,10983.15,11047.54,65271,315,0
2022-10-09,10959.19,10992.95,10933.81,10982.55,3393,376,0
2022-10-10,10982.92,11080.4,10822.59,10962.24,68281,319,0
2022-10-11,10960.63,10988.67,10714.39,10812.76,79152,329,0
2022-10-12,10813.05,10925.91,10755.65,10819.79,76971,319,0
2022-10-13,10819.51,11092.88,10436.04,11016.75,78538,317,0
2022-10-14,11013.91,11205.95,10680.76,10682.62,79843,326,0
2022-10-16,10747.23,10757.14,10729.17,10748.09,2679,335,0
2022-10-17,10746.9,11176.93,10717.93,11167.88,67104,316,0
2022-10-18,11168.06,11383.81,11035.92,11300.27,73302,331,0
2022-10-19,11300.03,11333.12,11004.43,11045.89,72202,329,0
2022-10-20,11045.5,11286.59,10954.42,10978.07,73954,331,0
2022-10-21,10979.61,11332.06,10895.27,11312.25,72907,324,0
2022-10-23,11447.43,11458.86,11412.39,11412.39,3893,399,0
2022-10-24,11413.73,11476.47,11166.38,11435.99,79069,320,0
2022-10-25,11436.62,11689.55,11392.56,11430.21,63572,318,0
2022-10-26,11430.58,11666.38,11395.24,11463.1,67727,328,0
2022-10-27,11462.05,11497.75,11092.23,11097.23,71353,320,0
2022-10-28,11097.91,11569.13,11024.77,11544.85,64992,323,0
2022-10-30,11522.06,11552.69,11518.35,11522.27,2195,410,0
2022-10-31,11523.15,11544.15,11333.42,11433.77,59302,328,0
2022-11-01,11434.44,11583.12,11281.47,11298.99,60183,322,0
2022-11-02,11300.75,11422.15,10871.49,10885.11,65632,302,0
2022-11-03,10885.08,10962.14,10673.84,10678.75,65318,316,0
2022-11-04,10678.88,10941.36,10607.39,10841.54,70839,312,0
2022-11-06,10771.78,10773.62,10758.68,10767.91,845,373,0
2022-11-07,10768.87,11012.5,10756.69,10999.05,63579,310,0
2022-11-08,10998.97,11204.4,10902.27,11097.79,59157,305,0
2022-11-09,11098.03,11136.09,10794.79,10817.95,67461,325,0
2022-11-10,10816.62,11655.7,10801.47,11646.76,64527,311,0
2022-11-11,11647.92,11849.7,11540.98,11818.11,65875,332,0
2022-11-13,11782.86,11793.57,11767.91,11786.35,938,425,0
2022-11-14,11784.97,11874.62,11677.37,11746.3,58270,328,0
2022-11-15,11746.95,12095.24,11740.92,11874.23,68467,323,0
2022-11-16,11874.37,11936.31,11681.87,11755.14,63687,334,0
2022-11-17,11755.47,11802.61,11505.55,11695.73,59880,326,0
2022-11-18,11696.6,11818.27,11582.4,11677.98,56877,329,0
2022-11-20,11684.66,11690.12,11680.71,11687.52,789,405,0
2022-11-21,11687.58,11692.84,11535.54,11577.23,55202,312,0
2022-11-22,11577.6,11739.15,11510.25,11727.54,50319,311,0
2022-11-23,11727.45,11875.24,11703.17,11872.57,45212,316,0
2022-11-24,11872.27,11916.56,11858.41,11901.51,24162,307,0
2022-11-25,11901.45,11903.16,11750.47,11767.75,32970,315,0
2022-11-27,11729.6,11730.66,11712.92,11713.4,706,379,0
2022-11-28,11713.0,11774.0,11562.03,11605.72,51801,312,0
2022-11-29,11605.85,11691.25,11451.7,11490.3,53696,314,0
2022-11-30,11491.03,12064.2,11483.04,12059.46,58706,314,0
2022-12-01,12059.16,12125.07,11930.32,12026.5,59200,322,0
2022-12-02,12025.78,12053.86,11725.76,12001.96,55244,321,0
2022-12-04,11982.16,11994.69,11973.93,11991.44,779,410,0
2022-12-05,11990.43,11999.61,11735.3,11812.03,52465,323,0
2022-12-06,11813.59,11837.59,11496.12,11571.94,56491,322,0
2022-12-07,11572.82,11589.62,11416.83,11504.67,59803,326,0
2022-12-08,11504.67,11680.08,11429.04,11633.97,54184,315,0
2022-12-09,11632.4,11730.23,11504.22,11566.61,51982,319,0
2022-12-11,11537.48,11537.48,11524.61,11534.05,611,421,0
2022-12-12,11533.51,11718.51,11519.47,11713.3,47411,322,0
2022-12-13,11713.89,12211.33,11683.02,11846.46,65396,327,0
2022-12-14,11846.39,11954.83,11614.49,11769.18,62447,327,0
2022-12-15,11769.67,11783.98,11291.78,11349.46,61271,324,0
2022-12-16,11349.25,11380.58,11168.37,11244.4,60187,319,0
2022-12-18,11251.36,11254.62,11244.23,11245.21,603,378,0
2022-12-19,11245.89,11305.35,11025.71,11107.27,51813,315,0
2022-12-20,11106.53,11139.59,10937.57,11119.32,65077,318,0
2022-12-21,11119.81,11284.82,11076.48,11248.4,53270,309,0
2022-12-22,11248.07,11280.06,10765.2,10947.12,53729,311,0
2022-12-23,10946.54,11042.12,10815.69,10971.63,60154,314,0
2022-12-26,11056.55,11067.49,11056.02,11061.58,765,384,0
2022-12-27,11061.89,11088.28,10800.2,10819.27,49143,302,0
2022-12-28,10819.64,10901.12,10670.59,10706.54,53058,306,0
2022-12-29,10707.29,10983.26,10691.3,10936.46,46568,304,0
2022-12-30,10937.4,10942.32,10768.69,10936.03,48644,304,0
2023-01-02,10966.81,10971.03,10955.62,10970.26,837,387,0
2023-01-03,10970.14,11098.53,10763.34,10870.3,65385,317,0
2023-01-04,10869.68,10987.64,10785.6,10916.1,60970,313,0
2023-01-05,10915.9,10965.49,10726.91,10761.28,58540,300,0
2023-01-06,10761.07,11086.77,10674.06,11034.29,57202,309,0
2023-01-08,11064.88,11074.15,11060.54,11066.6,645,386,0
2023-01-09,11067.09,11307.87,11044.63,11094.61,53506,308,0
2023-01-10,11096.05,11212.72,11014.5,11211.17,58101,315,0
2023-01-11,11211.25,11401.88,11165.95,11401.29,48230,307,0
2023-01-12,11402.44,11503.27,11216.6,11450.32,60370,312,0
2023-01-13,11449.69,11544.46,11313.63,11535.73,53569,321,0
2023-01-15,11524.02,11524.68,11512.96,11516.66,609,395,0
2023-01-16,11517.38,11567.17,11439.68,11517.16,26515,296,0
2023-01-17,11517.51,11613.88,11462.47,11528.66,49550,313,0
2023-01-18,11528.05,11693.27,11405.85,11414.99,53895,311,0
2023-01-19,11414.71,11418.94,11244.92,11322.1,54164,311,0
2023-01-20,11321.87,11621.92,11304.17,11609.6,46343,319,0
2023-01-22,11603.77,11604.74,11592.33,11600.08,611,383,0
2023-01-23,11600.55,11922.6,11592.09,11858.97,46445,323,0
2023-01-24,11859.0,11891.69,11759.66,11780.69,47086,323,0
2023-01-25,11780.9,11859.84,11545.12,11851.86,51600,324,0
2023-01-26,11852.3,12046.0,11824.44,11984.35,51769,322,0
2023-01-27,11984.85,12246.7,11961.26,12169.16,46487,328,0
2023-01-29,12144.14,12157.83,12136.62,12150.85,782,429,0
2023-01-30,12152.37,12169.55,11908.49,11950.68,55384,332,0
2023-01-31,11951.17,12097.94,11819.21,12051.35,53345,327,0
2023-02-01,12051.24,12497.94,12004.73,12496.58,55575,328,0
2023-02-02,12494.93,12885.92,12452.23,12617.37,59722,347,0
2023-02-03,12618.08,12825.4,12507.82,12582.97,62445,0,0
2023-02-05,12533.79,12556.35,12521.57,12542.74,1027,448,0
2023-02-06,12542.83,12558.18,12407.83,12489.48,57752,352,0
2023-02-07,12488.95,12770.46,12413.03,12703.73,59709,332,0
2023-02-08,12704.48,12761.06,12471.28,12518.42,56013,363,0
2023-02-09,12519.27,12686.32,12325.96,12393.02,55993,340,0
2023-02-10,12393.9,12404.56,12202.86,12310.7,59269,348,0
2023-02-12,12271.55,12275.42,12259.05,12271.51,797,433,0
2023-02-13,12272.29,12530.43,12229.52,12501.23,50301,339,0
2023-02-14,12501.27,12644.3,12353.85,12567.17,61425,349,0
2023-02-15,12566.94,12710.02,12487.96,12706.57,54409,345,0
2023-02-16,12706.76,12752.06,12383.97,12388.98,55103,347,0
2023-02-17,12389.17,12410.24,12230.13,12352.43,55385,345,0
2023-02-19,12330.21,12330.21,12322.69,12328.63,552,421,0
2023-02-20,12328.86,12387.07,12315.93,12346.46,23946,302,0
2023-02-21,12346.91,12347.3,12070.81,12088.08,52064,331,0
2023-02-22,12087.35,12160.01,12005.92,12139.58,56427,335,0
2023-02-23,12139.8,12231.82,12001.41,12145.77,51920,335,0
2023-02-24,12145.92,12186.06,11896.68,11963.79,52163,326,0
2023-02-26,11973.74,12002.31,11972.72,11994.2,705,406,0
2023-02-27,11994.55,12165.33,11981.12,12071.54,48242,327,0
2023-02-28,12071.66,12151.35,11992.96,12001.57,48103,332,0
2023-03-01,12002.47,12121.63,11906.29,11950.37,52457,321,0
2023-03-02,11950.44,12077.84,11813.58,12020.86,54915,330,0
2023-03-03,12020.0,12301.61,11995.38,12292.32,46023,326,0
2023-03-05,12264.65,12278.23,12262.05,12276.43,546,407,0
2023-03-06,12276.19,12469.48,12269.56,12318.31,47815,338,0
2023-03-07,12318.11,12368.09,12130.35,12165.87,50749,333,0
2023-03-08,12166.35,12243.78,12100.67,12215.03,54339,329,0
2023-03-09,12214.92,12342.96,11968.12,11977.65,53996,322,0
2023-03-10,11977.5,12101.07,11792.64,11836.88,72788,354,0
2023-03-12,11980.14,12016.2,11930.05,11979.57,4520,511,0
2023-03-13,11978.14,12087.1,11677.99,11937.65,86378,374,0
2023-03-14,11940.44,12224.8,11898.36,12195.26,69032,341,0
2023-03-15,12195.32,12300.06,11966.3,12275.1,77987,351,0
2023-03-16,12273.71,12599.19,12187.74,12592.19,68619,356,0
2023-03-17,12591.97,12677.98,12439.75,12512.18,59677,351,0
2023-03-19,12576.95,12606.81,12559.63,12580.84,3015,431,0
2023-03-20,12580.49,12600.57,12400.57,12565.8,65649,356,0
2023-03-21,12565.84,12768.92,12550.77,12742.03,48387,345,0
2023-03-22,12742.28,12953.28,12580.61,12591.71,51138,339,0
2023-03-23,12590.59,12902.39,12577.94,12738.04,57398,344,0
2023-03-24,12737.82,12792.88,12604.44,12759.92,59333,363,0
2023-03-26,12816.9,12839.66,12808.77,12827.45,2164,420,0
2023-03-27,12828.51,12856.35,12645.89,12703.92,48739,355,0
2023-03-28,12703.94,12713.99,12512.68,12642.09,43690,340,0
2023-03-29,12641.45,12876.86,12641.45,12828.7,40297,337,0
2023-03-30,12830.02,12997.45,12817.39,12982.06,42080,330,0
2023-03-31,12981.38,13194.06,12943.8,13194.06,38921,344,0
2023-04-02,13138.15,13154.87,13127.35,13130.3,1987,432,0
2023-04-03,13130.32,13166.12,13042.48,13133.87,41471,346,0
2023-04-04,13134.24,13234.78,13055.14,13129.27,43113,343,0
2023-04-05,13128.2,13134.78,12894.06,12945.92,42197,348,0
2023-04-06,12945.72,13080.25,12845.14,13046.97,41249,350,0
2023-04-07,13046.45,13074.98,13013.58,13070.71,10418,1050,0
2023-04-09,13083.15,13087.66,13046.01,13050.54,1599,435,0
2023-04-10,13050.78,13069.94,12863.2,13068.12,36581,340,0
2023-04-11,13068.18,13105.12,12950.87,12988.56,40465,346,0
2023-04-12,12988.26,13138.87,12825.52,12830.04,46624,345,0
2023-04-13,12830.73,13126.43,12829.65,13091.85,42082,349,0
2023-04-14,13092.55,13156.56,12958.8,13080.98,43956,353,0
2023-04-16,13097.54,13102.35,13083.87,13092.54,1383,427,0
2023-04-17,13092.87,13123.58,12984.26,13086.39,42322,348,0
2023-04-18,13085.95,13203.57,13045.41,13083.86,39862,353,0
2023-04-19,13082.73,13133.99,12974.33,13037.71,39497,350,0
2023-04-20,13037.85,13108.09,12935.2,12997.88,42113,347,0
2023-04-21,12997.76,13033.75,12898.22,12999.64,42149,360,0
2023-04-23,12982.5,12991.04,12980.71,12985.43,949,422,0
2023-04-24,12984.61,13048.44,12885.12,12968.18,39307,346,0
2023-04-25,12967.78,12977.95,12735.44,12882.86,43758,350,0
2023-04-26,12882.53,12934.9,12785.39,12878.59,47522,353,0
2023-04-27,12878.71,13177.27,12859.58,13135.67,41194,341,0
2023-04-28,13134.89,13241.07,13092.56,13240.34,44682,357,0
2023-04-30,13248.3,13251.82,13235.54,13238.93,1427,422,0
2023-05-01,13237.88,13295.9,13192.79,13220.61,36682,346,0
2023-05-02,13219.38,13269.19,13050.22,13119.36,43228,343,0
2023-05-03,13119.74,13238.37,12999.3,13030.98,47949,349,0
2023-05-04,13031.72,13103.89,12936.49,13028.0,49766,359,0
2023-05-05,13027.86,13290.92,13011.33,13251.87,37824,346,0
2023-05-07,13268.31,13273.04,13243.84,13245.2,1299,431,0
2023-05-08,13245.01,13308.9,13199.78,13279.78,36519,340,0
2023-05-09,13279.67,13289.29,13196.64,13219.4,33646,344,0
2023-05-10,13219.12,13387.83,13147.32,13368.07,42434,362,0
2023-05-11,13368.02,13416.11,13307.81,13399.82,41302,354,0
2023-05-12,13398.81,13438.6,13255.65,13338.84,36866,350,0
2023-05-14,13310.8,13319.21,13305.7,13315.78,962,420,0
2023-05-15,13315.33,13427.97,13299.97,13408.79,36595,351,0
2023-05-16,13408.67,13505.26,13379.54,13448.51,35869,351,0
2023-05-17,13450.93,13618.33,13423.48,13595.58,35564,355,0
2023-05-18,13595.4,13901.1,13580.85,13882.83,38505,356,0
2023-05-19,13882.76,13896.15,13768.53,13817.77,41125,370,0
2023-05-21,13793.71,13814.59,13789.1,13812.31,1222,438,0
2023-05-22,13812.78,13911.57,13784.44,13903.09,38602,360,0
2023-05-23,13902.36,13937.73,13675.73,13711.41,41661,362,0
2023-05-24,13710.43,13823.42,13530.46,13812.43,44098,364,0
2023-05-25,13813.87,13991.28,13789.52,13930.08,48064,372,0
2023-05-26,13930.47,14333.42,13890.27,14300.26,41085,376,0
2023-05-28,14390.48,14398.54,14377.56,14387.66,1519,475,0
2023-05-29,14387.25,14416.07,14339.09,14361.64,21112,375,0
2023-05-30,14358.49,14539.25,14311.71,14394.75,47779,389,0
2023-05-31,14394.62,14397.0,14225.63,14281.26,47588,384,0
2023-06-01,14281.05,14500.62,14219.09,14456.75,45921,372,0
2023-06-02,14456.56,14600.59,14444.82,14554.13,43602,381,0
2023-06-04,14551.23,14555.41,14503.6,14516.72,1921,469,0
2023-06-05,14517.35,14672.42,14493.3,14546.8,44095,379,0
2023-06-06,14547.27,14603.06,14485.68,14575.37,41531,385,0
2023-06-07,14575.86,14655.03,14287.91,14314.59,43655,377,0
2023-06-08,14314.71,14507.43,14241.32,14486.86,44733,381,0
2023-06-09,14486.82,14669.84,14447.26,14533.4,41892,391,0
2023-06-11,14553.8,14602.62,14552.84,14584.16,1636,504,0
2023-06-12,14586.71,14844.84,14571.86,14824.29,41648,378,0
2023-06-13,14824.37,14973.44,14785.34,14925.28,49300,397,0
2023-06-14,14924.96,15063.76,14798.31,15037.61,49535,394,0
2023-06-15,15037.18,15260.75,14890.85,15182.73,52078,401,0
2023-06-16,15182.79,15297.66,15087.34,15093.77,46190,410,0
2023-06-18,15143.66,15148.0,15127.84,15132.5,1502,487,0
2023-06-19,15128.79,15132.37,15058.08,15078.74,23552,380,0
2023-06-20,15076.19,15138.62,14956.39,15090.29,46059,402,0
2023-06-21,15089.39,15101.18,14832.05,14875.61,47190,399,0
2023-06-22,14875.57,15070.89,14798.75,15057.01,47979,401,0
2023-06-23,15057.6,15057.6,14821.19,14893.86,46262,402,0
2023-06-25,14903.04,14945.38,14902.58,14940.45,2034,480,0
2023-06-26,14941.19,14993.12,14695.98,14738.3,49949,402,0
2023-06-27,14739.04,14985.4,14708.84,14910.01,46985,389,0
2023-06-28,14909.83,15067.01,14870.79,15024.31,49050,403,0
2023-06-29,15024.46,15049.75,14878.03,14967.91,47114,402,0
2023-06-30,14968.01,15226.66,14951.11,15187.94,40781,393,0
2023-07-02,15211.37,15216.97,15187.2,15205.5,1678,483,0
2023-07-03,15207.01,15246.55,15165.87,15192.93,29734,383,0
2023-07-04,15194.57,15225.72,15191.55,15197.9,14335,375,0
2023-07-05,15198.31,15287.74,15114.02,15217.24,39778,387,0
2023-07-06,15218.21,15218.21,14976.15,15088.67,44681,404,0
2023-07-07,15088.27,15218.9,15034.15,15043.53,40489,458,0
2023-07-09,15048.66,15059.99,15021.71,15050.9,2250,505,0
2023-07-10,15049.36,15086.82,14932.2,15062.72,45128,464,0
2023-07-11,15062.95,15153.25,14979.4,15137.19,41804,455,0
2023-07-12,15136.59,15380.75,15127.1,15344.91,41864,458,0
2023-07-13,15344.79,15614.49,15343.17,15585.01,40110,470,0
2023-07-14,15583.52,15729.96,15537.92,15556.53,39840,475,0
2023-07-16,15567.08,15568.39,15540.82,15545.08,1677,497,0
2023-07-17,15544.34,15759.08,15541.32,15700.38,38123,471,0
2023-07-18,15700.41,15910.65,15615.53,15845.61,39497,465,0
2023-07-19,15844.8,15943.52,15726.56,15741.74,43441,465,0
2023-07-20,15742.02,15788.41,15432.26,15469.02,44999,476,0
2023-07-21,15468.61,15605.82,15411.11,15426.24,42200,479,0
2023-07-23,15460.45,15460.55,15435.38,15444.77,1646,491,0
2023-07-24,15444.26,15511.16,15379.92,15466.89,42279,472,0
2023-07-25,15467.28,15634.16,15446.79,15540.57,41335,465,0
2023-07-26,15542.0,15608.18,15417.23,15558.65,45895,462,0
2023-07-27,15558.45,15807.4,15418.04,15491.52,48999,481,0
2023-07-28,15492.42,15797.94,15452.31,15748.93,48838,479,0
2023-07-30,15764.69,15824.96,15763.45,15797.23,2423,523,0
2023-07-31,15797.94,15817.97,15701.3,15772.22,45264,472,0
2023-08-01,15772.06,15800.85,15631.17,15667.62,44113,469,0
2023-08-02,15667.09,15703.37,15330.3,15412.09,52793,476,0
2023-08-03,15410.83,15469.24,15259.03,15403.13,56393,488,0
2023-08-04,15403.12,15528.86,15261.26,15274.63,49432,483,0
2023-08-06,15314.04,15332.97,15312.18,15329.99,2051,486,0
2023-08-07,15331.5,15421.6,15262.6,15415.84,47446,464,0
2023-08-08,15416.2,15419.28,15149.11,15285.47,49395,472,0
2023-08-09,15284.98,15364.96,15075.23,15148.86,46606,471,0
2023-08-10,15149.09,15372.66,15063.85,15165.27,52155,463,0
2023-08-11,15165.24,15191.89,14965.33,15020.47,47269,473,0
2023-08-13,15064.75,15084.58,15055.5,15075.92,2001,488,0
2023-08-14,15076.0,15258.5,14960.31,15244.7,53379,460,0
2023-08-15,15244.42,15277.63,15020.95,15065.94,51106,469,0
2023-08-16,15066.47,15109.05,14861.9,14871.14,51397,468,0
2023-08-17,14871.23,14956.53,14675.67,14698.81,55140,464,0
2023-08-18,14698.4,14744.96,14554.53,14690.71,53610,455,0
2023-08-20,14723.3,14739.61,14708.99,14725.59,2215,466,0
2023-08-21,14726.56,14964.91,14670.05,14907.21,51701,459,0
2023-08-22,14907.22,15071.35,14885.67,14919.95,51695,455,0
2023-08-23,14920.27,15301.69,14916.41,15291.75,51820,460,0
2023-08-24,15291.72,15375.52,14772.84,14810.6,56444,468,0
2023-08-25,14810.58,15005.0,14712.11,14939.44,53753,452,0
2023-08-27,14980.62,14996.11,14967.01,14977.37,2323,493,0
2023-08-28,14977.92,15094.23,14942.11,15071.47,48923,458,0
2023-08-29,15070.9,15418.43,15025.26,15410.57,47111,458,0
2023-08-30,15410.37,15497.36,15338.84,15476.21,48014,471,0
2023-08-31,15476.54,15583.1,15436.02,15514.49,45714,477,0
2023-09-01,15515.06,15636.01,15431.26,15497.87,43729,470,0
2023-09-03,15498.96,15504.09,15485.42,15500.46,1309,504,0
2023-09-04,15501.34,15563.19,15496.09,15515.32,24563,466,0
2023-09-05,15514.45,15574.02,15407.42,15512.81,48231,476,0
2023-09-06,15512.68,15523.48,15303.41,15383.81,47231,471,0
2023-09-07,15383.68,15387.93,15151.1,15277.14,49441,463,0
2023-09-08,15276.95,15384.99,15220.54,15285.05,44573,469,0
2023-09-10,15301.2,15325.19,15300.33,15325.09,1863,503,0
2023-09-11,15324.44,15502.89,15298.61,15470.02,47316,465,0
2023-09-12,15470.07,15490.95,15296.79,15319.97,47794,465,0
2023-09-13,15319.48,15433.22,15213.64,15392.22,52488,466,0
2023-09-14,15392.04,15526.72,15346.57,15494.12,49512,469,0
2023-09-15,15494.18,15536.3,15174.36,15212.33,45656,473,0
2023-09-17,15215.93,15232.38,15213.13,15230.93,1714,483,0
2023-09-18,15231.15,15273.39,15152.2,15245.41,45187,464,0
2023-09-19,15245.17,15263.11,15076.91,15205.38,44348,457,0
2023-09-20,15204.68,15255.51,14935.35,14938.35,49447,455,0
2023-09-21,14938.35,14959.19,14668.91,14680.84,54055,455,0
2023-09-22,14680.85,14852.71,14666.64,14699.39,48630,447,0
2023-09-24,14733.1,14751.6,14729.07,14737.29,2311,483,0
2023-09-25,14735.27,14791.51,14621.33,14770.24,52783,446,0
2023-09-26,14770.36,14771.18,14511.5,14583.41,54193,448,0
2023-09-27,14583.59,14664.88,14436.98,14619.49,54710,448,0
2023-09-28,14620.37,14789.81,14507.78,14715.49,59106,452,0
2023-09-29,14715.54,14901.93,14660.67,14714.55,53223,460,0
2023-10-01,14812.54,14829.62,14790.06,14810.43,3225,499,0
2023-10-02,14809.98,14898.19,14684.39,14848.35,56688,454,0
2023-10-03,14848.35,14883.94,14509.24,14575.16,58941,453,0
2023-10-04,14575.3,14811.82,14448.62,14775.47,61602,455,0
2023-10-05,14775.03,14822.25,14579.66,14714.44,56270,454,0
2023-10-06,14714.85,15016.49,14524.56,14968.55,52825,449,0
2023-10-08,14877.24,14904.19,14858.26,14892.05,4024,512,0
2023-10-09,14893.39,15076.86,14818.74,15070.99,51742,456,0
2023-10-10,15070.68,15251.95,15043.74,15158.98,52447,449,0
2023-10-11,15159.18,15288.48,15124.45,15288.2,51578,449,0
2023-10-12,15288.08,15338.85,15089.04,15202.67,50616,449,0
2023-10-13,15203.97,15237.78,14939.25,14988.47,52157,457,0
2023-10-15,15038.85,15048.19,15023.33,15044.91,2824,476,0
2023-10-16,15049.13,15217.85,14966.57,15174.82,53101,456,0
2023-10-17,15174.83,15193.41,14935.89,15097.26,53305,444,0
2023-10-18,15096.04,15114.16,14865.79,14925.87,58161,461,0
2023-10-19,14926.22,15025.68,14713.79,14736.23,63872,457,0
2023-10-20,14736.06,14779.62,14547.19,14562.6,54516,447,0
2023-10-22,14585.58,14610.72,14581.93,14610.72,2340,472,0
2023-10-23,14609.53,14752.91,14415.63,14665.46,55949,441,0
2023-10-24,14665.13,14848.43,14609.34,14721.05,57803,442,0
2023-10-25,14721.11,14722.44,14245.11,14263.04,59240,445,0
2023-10-26,14263.17,14366.69,14059.66,14232.56,64411,439,0
2023-10-27,14232.2,14319.72,14126.14,14165.85,55389,431,0
2023-10-29,14248.07,14265.88,14222.2,14251.55,3181,448,0
2023-10-30,14253.15,14394.16,14226.88,14320.11,51814,429,0
2023-10-31,14319.98,14425.18,14234.17,14377.44,58277,428,0
2023-11-01,14376.99,14717.36,14335.67,14713.06,55468,425,0
2023-11-02,14713.16,14932.33,14700.92,14869.45,51545,437,0
2023-11-03,14869.79,15151.99,14860.04,15098.65,43249,441,0
2023-11-05,15124.86,15131.01,15103.06,15106.07,1536,474,0
2023-11-06,15106.02,15185.97,15070.43,15141.72,46124,443,0
2023-11-07,15142.28,15342.66,15109.13,15309.13,47877,449,0
2023-11-08,15309.05,15359.42,15233.08,15302.72,47647,447,0
2023-11-09,15302.62,15395.0,15165.62,15174.3,50233,442,0
2023-11-10,15173.95,15539.0,15148.96,15524.68,47478,448,0
2023-11-12,15534.83,15544.82,15493.37,15505.12,1605,506,0
2023-11-13,15505.14,15532.19,15411.44,15505.44,46373,440,0
2023-11-14,15505.07,15860.63,15498.8,15849.03,45637,451,0
2023-11-15,15849.48,15987.74,15775.39,15808.98,50167,454,0
2023-11-16,15809.03,15852.56,15745.06,15835.05,50817,467,0
2023-11-17,15834.6,15887.76,15773.37,15850.71,47592,455,0
2023-11-19,15850.89,15856.67,15804.05,15818.57,1953,502,0
2023-11-20,15819.42,16069.42,15793.97,16058.46,50446,454,0
2023-11-21,16058.03,16079.81,15869.15,15914.62,48753,463,0
2023-11-22,15914.66,16131.21,15903.58,16007.91,46283,465,0
2023-11-23,16008.04,16046.91,16001.08,16028.45,23845,462,0
2023-11-24,16028.22,16034.6,15946.75,15973.12,31784,463,0
2023-11-26,15973.94,15973.94,15954.4,15958.19,1341,485,0
2023-11-27,15958.09,16057.71,15910.74,15983.64,44675,466,0
2023-11-28,15983.59,16044.56,15919.82,16028.34,46166,462,0
2023-11-29,16028.2,16181.85,15989.81,16022.94,52619,450,0
2023-11-30,16023.18,16069.9,15832.59,15940.73,57989,451,0
2023-12-01,15941.12,16025.64,15842.47,16002.8,55160,448,0
2023-12-03,16007.76,16009.99,15972.53,15976.22,1921,470,0
2023-12-04,15976.15,15988.2,15707.06,15835.14,56230,448,0
2023-12-05,15835.29,15944.24,15747.48,15917.48,60058,447,0
2023-12-06,15918.04,16026.31,15792.91,15808.26,59622,450,0
2023-12-07,15807.9,16053.39,15782.82,16011.47,58715,450,0
2023-12-08,16011.29,16119.26,15882.73,16101.48,54128,452,0
2023-12-10,16103.59,16126.95,16096.41,16119.0,1787,481,0
2023-12-11,16118.01,16260.76,16060.99,16257.74,55397,461,0
2023-12-12,16257.9,16417.76,16202.67,16413.42,52590,460,0
2023-12-13,16413.45,16623.08,16381.89,16622.3,52288,459,0
2023-12-14,16622.19,16690.27,16432.86,16566.86,65167,464,0
2023-12-15,16566.85,16690.43,16555.35,16644.86,57903,461,0
2023-12-17,16646.86,16653.99,16620.42,16642.94,1744,492,0
2023-12-18,16642.92,16791.36,16627.46,16742.88,52280,455,0
2023-12-19,16742.83,16853.0,16728.72,16847.8,52730,453,0
2023-12-20,16847.87,16889.49,16578.62,16633.43,56386,459,0
2023-12-21,16633.28,16789.43,16621.99,16766.45,62041,460,0
2023-12-22,16766.27,16861.63,16716.1,16796.24,53746,464,0
2023-12-25,16827.97,16844.98,16822.22,16838.82,1376,499,0
2023-12-26,16837.45,16941.87,16820.5,16916.78,36857,464,0
2023-12-27,16917.18,16957.16,16883.88,16951.09,47408,461,0
2023-12-28,16951.01,16993.14,16909.32,16932.31,44526,460,0
2023-12-29,16932.58,16961.25,16771.12,16838.7,44904,463,0
2024-01-01,16856.06,16876.99,16856.06,16869.63,1205,483,0
2024-01-02,16869.92,16878.58,16465.33,16567.59,56505,472,0
2024-01-03,16568.13,16571.78,16365.0,16394.62,62257,463,0
2024-01-04,16394.47,16432.32,16282.96,16303.91,57721,462,0
2024-01-05,16303.9,16422.39,16183.06,16311.39,54342,463,0
2024-01-07,16317.88,16343.57,16313.42,16336.66,1809,469,0
2024-01-08,16336.46,16661.93,16233.38,16641.58,56390,459,0
2024-01-09,16641.64,16723.78,16514.99,16695.86,56761,456,0
2024-01-10,16695.91,16837.8,16660.19,16821.69,55331,471,0
2024-01-11,16821.32,16913.95,16615.95,16813.28,66353,474,0
2024-01-12,16812.93,16902.48,16729.28,16837.4,63413,474,0
2024-01-14,16828.72,16832.02,16808.32,16814.75,1515,489,0
2024-01-15,16814.72,16890.96,16804.97,16807.37,32014,469,0
2024-01-16,16807.96,16903.53,16685.01,16852.06,69610,475,0
2024-01-17,16852.09,16854.13,16564.29,16728.87,65760,467,0
2024-01-18,16728.86,17028.87,16714.72,17026.15,66813,464,0
2024-01-19,17025.23,17320.9,17009.6,17307.18,59084,481,0
2024-01-21,17353.51,17380.56,17353.51,17365.53,2139,510,0
2024-01-22,17365.65,17465.98,17318.04,17351.6,61412,487,0
2024-01-23,17351.33,17465.56,17296.15,17465.56,56596,484,0
2024-01-24,17463.8,17678.84,17457.22,17507.21,59236,483,0
2024-01-25,17508.29,17642.13,17424.93,17438.38,64540,495,0
2024-01-26,17437.3,17524.89,17362.07,17424.34,57181,493,0
2024-01-28,17382.2,17396.03,17358.73,17383.54,2125,522,0
2024-01-29,17383.57,17634.13,17382.01,17624.86,50708,490,0
2024-01-30,17624.86,17638.64,17315.62,17354.88,56280,492,0
2024-01-31,17354.96,17390.35,17128.56,17191.65,67180,485,0
2024-02-01,17191.74,17553.78,17172.01,17504.01,65221,485,0
2024-02-02,17502.99,17684.01,17377.28,17651.32,60933,490,0
2024-02-04,17612.67,17641.0,17611.51,17625.6,1917,532,0
2024-02-05,17626.66,17663.82,17475.43,17614.84,58350,498,0
2024-02-06,17616.5,17688.93,17483.83,17573.72,58830,494,0
2024-02-07,17575.68,17796.32,17553.79,17767.27,54559,498,0
2024-02-08,17766.1,17821.57,17718.1,17794.58,47139,491,0
2024-02-09,17793.16,17994.79,17778.6,17965.35,44444,497,0
2024-02-11,17973.41,17974.47,17936.11,17970.24,1425,539,0
2024-02-12,17970.24,18053.19,17845.7,17875.56,43031,504,0
2024-02-13,17876.7,17899.94,17482.73,17623.83,60741,500,0
2024-02-14,17623.87,17817.09,17604.13,17815.18,58029,500,0
2024-02-15,17814.47,17903.81,17717.1,17889.53,54624,498,0
2024-02-16,17890.36,17963.47,17657.17,17681.52,54597,500,0
2024-02-18,17676.44,17739.05,17676.44,17721.92,1896,524,0
2024-02-19,17724.09,17753.37,17685.35,17697.68,30637,502,0
2024-02-20,17697.42,17702.05,17402.03,17523.32,67961,504,0
2024-02-21,17519.41,17659.31,17325.43,17654.49,67600,497,0
2024-02-22,17656.12,18036.71,17654.61,17995.22,63011,504,0
2024-02-23,17995.03,18096.83,17901.93,17955.65,54051,509,0
2024-02-25,17928.35,17951.7,17905.63,17946.43,1562,528,0
2024-02-26,17944.49,18019.84,17884.9,17928.84,53554,512,0
2024-02-27,17928.3,18005.14,17875.02,17970.33,52435,505,0
2024-02-28,17970.67,17982.3,17812.75,17836.11,52543,507,0
2024-02-29,17834.57,18074.72,17792.05,18027.03,55995,509,0
2024-03-01,18028.34,18338.02,17998.75,18308.51,48802,510,0
2024-03-03,18313.27,18339.45,18305.06,18321.23,1870,542,0
2024-03-04,18321.16,18351.76,18194.23,18204.22,50298,517,0
2024-03-05,18200.67,18215.29,17812.6,17945.68,59804,513,0
2024-03-06,17946.48,18156.21,17926.96,18006.33,64102,508,0
2024-03-07,18002.13,18342.12,17899.93,18249.62,66087,514,0
2024-03-08,18252.8,18424.24,18004.87,18047.29,72204,519,0
2024-03-10,18048.68,18050.52,17972.67,18035.19,4351,548,0
2024-03-11,18041.62,18054.53,17889.54,18048.75,70050,521,0
2024-03-12,18047.81,18245.66,17928.09,18237.57,60845,509,0
2024-03-13,18235.79,18263.92,18041.53,18132.88,58072,512,0
2024-03-14,18133.28,18186.31,17923.45,18002.21,62586,511,0
2024-03-15,18002.37,18085.52,17771.69,17815.42,57480,507,0
2024-03-17,17849.37,17875.39,17834.85,17852.39,3229,535,0
2024-03-18,17851.86,18151.52,17836.93,17967.28,58499,513,0
2024-03-19,17968.21,18065.33,17831.7,18045.81,62718,510,0
2024-03-20,18043.91,18367.75,18003.22,18355.59,54624,510,0
2024-03-21,18354.9,18484.98,18330.27,18371.51,54966,520,0
2024-03-22,18369.91,18402.47,18273.31,18370.19,50474,519,0
2024-03-24,18351.33,18375.85,18340.97,18373.65,2767,535,0
2024-03-25,18373.83,18388.63,18206.18,18332.29,50090,514,0
2024-03-26,18332.45,18409.77,18231.14,18283.19,50314,516,0
2024-03-27,18281.68,18362.99,18171.54,18275.46,51844,516,0
2024-03-28,18275.74,18333.25,18243.88,18258.07,48550,515,0
2024-03-31,18311.77,18416.19,18307.62,18413.89,3591,542,0
2024-04-01,18413.76,18415.34,18222.36,18277.38,48392,520,0
2024-04-02,18277.34,18317.02,18010.25,18137.61,55318,516,0
2024-04-03,18137.3,18295.71,18042.8,18253.28,56168,518,0
2024-04-04,18257.92,18377.73,17869.92,17909.28,60552,518,0
2024-04-05,17908.23,18220.61,17865.98,18119.04,63581,521,0
2024-04-07,18177.83,18191.94,18129.43,18141.86,2924,543,0
2024-04-08,18143.46,18197.61,18064.06,18127.51,58686,515,0
2024-04-09,18127.6,18231.87,17988.52,18197.93,58560,515,0
2024-04-10,18197.3,18292.98,17887.74,17988.26,65573,513,0
2024-04-11,17990.66,18346.88,17920.53,18322.27,62189,517,0
2024-04-12,18323.74,18340.6,17957.22,18007.68,57275,511,0
2024-04-14,18006.62,18096.26,18006.62,18080.13,4775,538,0
2024-04-15,18079.63,18190.74,17685.05,17715.69,71108,507,0
2024-04-16,17717.75,17832.03,17639.56,17785.12,75936,511,0
2024-04-17,17783.48,17815.92,17466.72,17537.55,74676,501,0
2024-04-18,17537.44,17621.51,17332.2,17353.29,72204,493,0
2024-04-19,17346.91,17407.77,16971.47,17047.47,89443,493,0
2024-04-21,17101.96,17137.4,17059.08,17134.95,4300,515,0
2024-04-22,17133.98,17311.59,17017.09,17189.52,68225,485,0
2024-04-23,17190.5,17586.79,17159.3,17569.23,64162,492,0
2024-04-24,17569.42,17662.7,17312.42,17335.63,67614,500,0
2024-04-25,17335.55,17699.42,17182.28,17633.71,76709,496,0
2024-04-26,17633.81,17775.93,17543.37,17712.9,57980,501,0
2024-04-28,17747.4,17774.87,17738.83,17770.38,2913,524,0
2024-04-29,17772.07,17834.08,17677.84,17797.15,57346,498,0
2024-04-30,17797.15,17807.92,17358.14,17399.77,60631,505,0
2024-05-01,17399.95,17682.36,17291.26,17423.02,72612,501,0
2024-05-02,17423.97,17701.37,17280.7,17650.31,68609,502,0
2024-05-03,17649.91,17938.51,17614.1,17894.97,52525,507,0
2024-05-05,17960.5,17962.38,17904.77,17908.97,2683,535,0
2024-05-06,17908.51,18102.58,17887.72,18087.0,46519,508,0
2024-05-07,18086.89,18166.52,18054.3,18109.29,48274,509,0
2024-05-08,18109.83,18146.68,17979.1,18067.74,47778,511,0
2024-05-09,18067.84,18149.76,18011.04,18137.85,48204,504,0
2024-05-10,18138.44,18253.51,18094.49,18159.07,44761,505,0
2024-05-12,18155.74,18169.23,18143.94,18160.3,2046,512,0
2024-05-13,18160.54,18249.35,18149.49,18200.61,44726,507,0
2024-05-14,18200.32,18346.74,18084.92,18333.74,50200,503,0
2024-05-15,18333.77,18642.34,18310.03,18636.91,50685,505,0
2024-05-16,18636.9,18675.11,18548.43,18569.17,51543,513,0
2024-05-17,18569.38,18604.23,18465.08,18557.82,44598,511,0
2024-05-19,18564.11,18597.76,18563.2,18593.92,2337,536,0
2024-05-20,18594.18,18721.58,18563.99,18682.14,44213,521,0
2024-05-21,18682.02,18748.0,18609.7,18746.32,43351,518,0
2024-05-22,18746.53,18818.88,18618.56,18813.13,51863,521,0
2024-05-23,18813.63,18960.55,18562.91,18642.55,60433,534,0
2024-05-24,18641.67,18865.43,18624.66,18815.12,48421,524,0
2024-05-26,18824.38,18837.72,18787.71,18787.91,2383,562,0
2024-05-27,18788.16,18907.79,18785.54,18862.04,25631,525,0
2024-05-28,18861.67,18934.16,18775.53,18888.12,52824,529,0
2024-05-29,18888.08,18892.56,18668.83,18688.09,58550,528,0
2024-05-30,18688.11,18750.57,18512.97,18527.32,58444,514,0
2024-05-31,18527.01,18633.79,18209.69,18554.81,60427,520,0
2024-06-02,18562.48,18573.59,18514.0,18566.8,3656,549,0
2024-06-03,18566.58,18729.68,18412.22,18627.94,62605,530,0
2024-06-04,18628.18,18730.3,18489.73,18718.06,62728,528,0
2024-06-05,18717.96,19089.15,18683.28,19072.48,52823,525,0
2024-06-06,19072.7,19102.8,18999.57,19057.07,53165,533,0
2024-06-07,19057.4,19137.14,18924.03,19022.98,53709,528,0
2024-06-09,19015.23,19050.34,19000.86,19018.24,3018,562,0
2024-06-10,19018.68,19120.57,18965.74,19078.61,53020,535,0
2024-06-11,19078.6,19266.7,18990.52,19253.83,53527,528,0
2024-06-12,19253.81,19608.71,19235.66,19599.85,58285,533,0
2024-06-13,19599.77,19683.98,19500.73,19618.83,54923,550,0
2024-06-14,19617.85,19690.39,19502.41,19687.56,52243,547,0
2024-06-16,19702.67,19733.69,19678.54,19720.3,2754,570,0
2024-06-17,19720.32,20018.77,19652.0,19954.63,54489,549,0
2024-06-18,19955.0,20016.24,19877.37,19977.26,52139,553,0
2024-06-19,19976.93,20005.75,19962.87,19994.17,23967,552,0
2024-06-20,19993.94,20127.1,19721.41,19830.45,60554,553,0
2024-06-21,19829.45,19845.89,19676.46,19738.78,53975,559,0
2024-06-23,19787.31,19795.38,19770.15,19774.74,2502,574,0
2024-06-24,19775.23,19795.95,19497.64,19543.26,61786,550,0
2024-06-25,19543.49,19760.85,19496.8,19739.97,55912,545,0
2024-06-26,19740.01,19844.37,19675.79,19695.7,59793,554,0
2024-06-27,19695.59,19892.72,19651.76,19873.88,56374,553,0
2024-06-28,19873.83,20053.47,19690.98,19706.37,55669,554,0
2024-06-30,19764.91,19771.18,19721.39,19732.79,3610,577,0
2024-07-01,19733.41,19863.12,19600.89,19812.48,64142,556,0
2024-07-02,19812.63,20048.58,19704.05,20030.06,59208,556,0
2024-07-03,20030.24,20223.12,19997.84,20194.39,40498,556,0
2024-07-04,20194.11,20209.17,20153.58,20183.37,22080,558,0
2024-07-05,20184.01,20431.92,20170.34,20423.93,47337,562,0
2024-07-07,20390.26,20418.03,20383.75,20392.93,2640,587,0
2024-07-08,20392.46,20544.61,20381.59,20542.72,49413,565,0
2024-07-09,20542.93,20576.57,20422.31,20506.21,49337,566,0
2024-07-10,20506.12,20719.94,20505.2,20690.21,44991,568,0
2024-07-11,20690.44,20792.3,20185.24,20224.54,60910,571,0
2024-07-12,20223.59,20550.29,20138.8,20340.26,55577,570,0
2024-07-14,20396.55,20396.55,20327.07,20379.0,3879,601,0
2024-07-15,20379.06,20607.92,20323.56,20451.76,60733,575,0
2024-07-16,20452.13,20503.8,20285.63,20389.06,60919,570,0
2024-07-17,20389.3,20402.67,19791.12,19885.28,75872,560,0
2024-07-18,19884.12,19989.28,19589.22,19775.98,86495,560,0
2024-07-19,19775.05,19809.2,19485.42,19540.66,74884,557,0
2024-07-21,19573.63,19680.6,19566.61,19656.77,4932,582,0
2024-07-22,19656.58,19882.52,19559.58,19797.43,74832,565,0
2024-07-23,19796.47,19928.5,19631.98,19637.7,71505,565,0
2024-07-24,19637.86,19683.09,19020.29,19123.68,74411,543,0
2024-07-25,19122.7,19241.22,18737.55,18883.34,115627,540,0
2024-07-26,18882.34,19156.31,18877.88,19031.37,82852,548,0
2024-07-28,19044.72,19122.14,19039.78,19110.33,4436,567,0
2024-07-29,19110.83,19245.92,18982.78,19004.93,80153,548,0
2024-07-30,19004.75,19191.91,18598.13,18934.52,87458,542,0
2024-07-31,18933.52,19560.5,18889.44,19548.62,94753,554,0
2024-08-01,19549.89,19590.91,18720.8,18791.98,119490,538,0
2024-08-02,18790.07,18811.65,18268.64,18442.2,126382,538,0
2024-08-04,18235.5,18276.51,18105.17,18155.01,6654,655,0
2024-08-05,18154.84,18183.49,17245.86,18182.63,179277,518,0
2024-08-06,18183.86,18377.93,17863.59,17954.86,131377,527,0
2024-08-07,17954.79,18456.7,17646.8,17746.32,122498,528,0
2024-08-08,17747.82,18519.46,17727.45,18504.9,105636,533,0
2024-08-09,18503.88,18577.44,18287.45,18511.19,87592,528,0
2024-08-11,18500.24,18566.58,18425.63,18536.96,5004,575,0
2024-08-12,18536.89,18673.9,18433.4,18567.49,68898,538,0
2024-08-13,18569.0,19035.18,18549.85,19029.02,67267,543,0
2024-08-14,19029.93,19114.74,18839.67,19018.23,71426,546,0
2024-08-15,19018.28,19550.57,19015.83,19524.59,63703,553,0
2024-08-16,19525.21,19594.08,19359.36,19515.37,59588,549,0
2024-08-18,19557.34,19593.47,19534.89,19568.31,3778,599,0
2024-08-19,19569.28,19801.18,19446.4,19783.98,57767,553,0
2024-08-20,19784.13,19853.56,19666.45,19716.67,57283,554,0
2024-08-21,19716.34,19906.92,19697.92,19865.28,60723,562,0
2024-08-22,19864.18,19956.03,19472.17,19571.63,67716,557,0
2024-08-23,19571.7,19836.02,19525.54,19722.32,68647,558,0
2024-08-25,19725.99,19771.92,19658.6,19704.75,4164,533,0
2024-08-26,19705.98,19787.5,19448.75,19517.05,63773,494,0
2024-08-27,19516.67,19639.28,19388.45,19536.53,63171,491,0
2024-08-28,19537.43,19639.63,19092.17,19144.26,74575,497,0
2024-08-29,19145.29,19644.06,19143.83,19384.79,89125,492,0
2024-08-30,19384.98,19587.57,19325.52,19570.97,62983,497,0
2024-09-01,19568.55,19591.36,19535.93,19552.43,2722,509,0
2024-09-02,19552.62,19650.54,19477.65,19548.95,33344,498,0
2024-09-03,19549.09,19612.69,18881.68,18925.47,81865,481,0
2024-09-04,18926.51,19083.02,18793.85,18901.7,97260,468,0
2024-09-05,18902.24,19119.18,18802.44,18882.65,83300,489,0
2024-09-06,18881.51,18942.64,18404.65,18429.43,92298,468,0
2024-09-08,18403.16,18442.97,18369.13,18428.67,5872,527,0
2024-09-09,18429.08,18724.58,18423.81,18698.04,79811,475,0
2024-09-10,18697.15,18860.93,18568.04,18824.06,81182,468,0
2024-09-11,18824.63,19280.61,18535.21,19234.61,98635,484,0
2024-09-12,19235.75,19473.05,19176.76,19443.75,88616,490,0
2024-09-13,19445.14,19566.34,19389.52,19519.59,63650,493,0
2024-09-15,19501.34,19547.66,19477.85,19539.86,3683,522,0
2024-09-16,19539.97,19544.9,19294.07,19439.53,66230,487,0
2024-09-17,19438.55,19614.04,19340.04,19473.01,75440,496,0
2024-09-18,19473.39,19671.9,19342.22,19543.53,90106,490,0
2024-09-19,19544.75,19979.68,19458.13,19830.3,83698,503,0
2024-09-20,19829.91,19864.4,19642.84,19808.43,65215,501,0
2024-09-22,19818.68,19852.94,19783.52,19849.42,3082,522,0
2024-09-23,19850.39,19950.51,19742.6,19860.27,66689,496,0
2024-09-24,19859.81,20005.39,19744.93,19974.13,66004,499,0
2024-09-25,19974.73,20080.82,19858.51,20074.59,62234,498,0
2024-09-26,20073.91,20332.15,19985.73,20141.91,70032,506,0
2024-09-27,20142.76,20191.72,19971.71,20021.66,67735,500,0
2024-09-29,20000.13,20084.84,19963.48,20076.24,3602,536,0
2024-09-30,20077.72,20091.36,19862.05,20056.55,72242,505,0
2024-10-01,20056.48,20140.03,19629.66,19739.11,87434,506,0
2024-10-02,19739.76,19896.12,19640.96,19864.97,77109,497,0
2024-10-03,19864.1,19921.67,19661.36,19795.82,82895,504,0
2024-10-04,19795.4,20074.98,19761.39,20035.74,75473,506,0
2024-10-06,20045.92,20088.45,20040.43,20054.34,5293,174,0
2024-10-07,20053.8,20086.52,19727.96,19809.05,127231,167,0
2024-10-08,19809.99,20152.88,19768.5,20102.63,111797,165,0
2024-10-09,20102.79,20311.25,20026.02,20282.53,97288,167,0
2024-10-10,20282.53,20339.71,20134.93,20287.1,102714,165,0
2024-10-11,20287.54,20330.37,20152.07,20285.53,78555,167,0
2024-10-13,20272.81,20296.25,20253.27,20272.07,3825,178,0
2024-10-14,20272.61,20524.21,20229.18,20477.67,75300,167,0
2024-10-15,20478.16,20505.92,20100.86,20200.19,116052,168,0
2024-10-16,20200.63,20246.22,20055.99,20164.9,95929,165,0
2024-10-17,20164.12,20444.29,20128.25,20259.27,121112,167,0
2024-10-18,20258.73,20383.29,20175.16,20338.22,83065,168,0
2024-10-20,20360.57,20387.5,20358.32,20375.85,3398,177,0
2024-10-21,20376.32,20415.98,20206.13,20380.3,91575,168,0
2024-10-22,20380.8,20464.33,20225.41,20398.49,96794,166,0
2024-10-23,20398.96,20410.69,19948.3,20161.76,110304,167,0
2024-10-24,20161.21,20298.03,20133.25,20255.28,99733,167,0
2024-10-25,20256.07,20579.14,20239.05,20372.67,97452,169,0
2024-10-27,20410.64,20505.55,20410.64,20481.98,5547,180,0
2024-10-28,20482.47,20560.58,20372.59,20396.1,104379,167,0
2024-10-29,20396.55,20653.5,20321.33,20639.03,107341,169,0
2024-10-30,20639.5,20678.91,20314.73,20317.22,118509,169,0
2024-10-31,20316.74,20355.1,19901.26,19968.43,149036,167,0
2024-11-01,19968.93,20180.34,19912.52,20043.74,122672,167,0
2024-11-03,20017.71,20059.29,19973.24,20036.52,5275,179,0
2024-11-04,20036.71,20150.04,19916.73,19992.97,119731,166,0
2024-11-05,19992.44,20289.07,19947.19,20249.89,102652,167,0
2024-11-06,20249.39,20838.7,20230.52,20796.63,158226,171,0
2024-11-07,20797.25,21157.12,20767.82,21131.56,94988,173,0
2024-11-08,21132.01,21169.58,21028.06,21136.3,79029,172,0
2024-11-10,21193.04,21224.15,21174.88,21217.18,2647,176,0
2024-11-11,21216.77,21253.08,21012.2,21131.86,81276,172,0
2024-11-12,21131.74,21166.86,20971.47,21079.17,96896,172,0
2024-11-13,21079.65,21187.28,20975.9,21085.95,103060,174,0
2024-11-14,21086.29,21110.4,20857.7,20870.77,112139,174,0
2024-11-15,20870.27,20876.57,20331.47,20414.62,118647,168,0
2024-11-17,20438.04,20500.38,20408.71,20499.89,3126,176,0
2024-11-18,20499.45,20656.89,20414.34,20560.4,99935,168,0
2024-11-19,20560.67,20730.28,20320.37,20723.46,121993,169,0
2024-11-20,20723.67,20783.38,20419.01,20691.2,129874,170,0
2024-11-21,20691.82,20845.54,20455.11,20717.18,176300,171,0
2024-11-22,20716.58,20822.19,20637.08,20790.96,127395,170,0
2024-11-24,20883.19,20903.97,20879.63,20886.25,2079,185,0
2024-11-25,20885.81,21030.59,20730.27,20787.33,112841,170,0
2024-11-26,20786.86,20977.04,20708.42,20939.99,110307,171,0
2024-11-27,20940.73,20972.47,20630.27,20781.67,94798,169,0
2024-11-28,20781.26,20866.79,20781.26,20847.08,28611,172,0
2024-11-29,20847.7,20976.24,20765.35,20951.34,61093,172,0
2024-12-01,20965.43,20970.41,20922.91,20935.23,2949,180,0
2024-12-02,20934.92,21227.07,20907.66,21186.41,81214,172,0
2024-12-03,21186.91,21312.85,21110.33,21310.15,73171,172,0
2024-12-04,21309.71,21524.34,21293.18,21488.91,70302,173,0
2024-12-05,21488.61,21546.29,21407.57,21438.07,66789,173,0
2024-12-06,21438.56,21650.05,21425.69,21636.58,66970,174,0
2024-12-08,21624.71,21657.51,21613.92,21653.96,1445,564,0
2024-12-09,21633.96,21696.48,21429.51,21460.08,116155,104,0
2024-12-10,21459.7,21600.03,21349.3,21427.19,104964,174,0
2024-12-11,21426.95,21818.41,21404.62,21764.38,100710,175,0
2024-12-12,21763.95,21776.72,21612.78,21753.31,118357,176,0
2024-12-13,21753.74,21921.52,21685.73,21834.15,137514,179,0
2024-12-15,21837.66,21852.4,21813.47,21840.24,2743,194,0
2024-12-16,21840.56,22211.57,21835.13,22167.89,121766,181,0
2024-12-17,22167.69,22199.68,21985.72,22053.19,156427,181,0
2024-12-18,22052.78,22167.12,21093.72,21257.93,246532,181,0
2024-12-19,21257.89,21484.49,21132.48,21161.68,330852,179,0
2024-12-20,21162.13,21600.52,20798.36,21352.01,315914,179,0
2024-12-22,21387.04,21475.92,21385.15,21450.45,5925,196,0
2024-12-23,21450.96,21569.12,21271.33,21532.66,235767,180,0
2024-12-24,21532.99,21845.69,21505.7,21842.75,96322,180,0
2024-12-25,21863.21,21884.89,21849.87,21861.04,3610,179,0
2024-12-26,21860.62,21911.91,21671.48,21808.22,149194,180,0
2024-12-27,21808.68,21810.55,21301.35,21506.06,228383,176,0
2024-12-29,21527.66,21554.4,21483.65,21514.85,4593,194,0
2024-12-30,21514.9,21533.95,21070.12,21207.86,257266,181,0
2024-12-31,21207.91,21341.13,20999.2,21052.2,248408,179,0
2025-01-01,21084.43,21140.97,21065.91,21088.67,4861,196,0
2025-01-02,21088.31,21310.72,20806.72,20984.92,400123,178,0
2025-01-03,20984.65,21379.53,20975.14,21330.49,188845,175,0
2025-01-05,21363.03,21370.25,21329.2,21351.61,4076,190,0
2025-01-06,21352.02,21724.27,21309.08,21601.73,211212,180,0
2025-01-07,21601.91,21636.96,21117.13,21227.35,284196,176,0
2025-01-08,21227.62,21284.1,21001.95,21153.29,332616,176,0
2025-01-09,21153.06,21184.93,21052.17,21077.92,68091,182,0
2025-01-10,21078.21,21212.14,20719.0,20856.97,329496,175,0
2025-01-12,20856.31,20877.44,20793.48,20849.75,6193,195,0
2025-01-13,20849.29,20944.23,20545.9,20902.13,311100,175,0
2025-01-14,20902.39,20997.89,20628.09,20804.64,294086,175,0
2025-01-15,20804.62,21307.11,20765.86,21271.24,189119,174,0
2025-01-16,21270.9,21422.23,21026.57,21091.44,247388,175,0
2025-01-17,21091.21,21534.82,21083.78,21452.9,187957,177,0
2025-01-19,21462.06,21479.39,21389.74,21408.1,6203,194,0
2025-01-20,21408.65,21640.61,21396.55,21599.77,103451,179,0
2025-01-21,21600.04,21692.33,21245.62,21682.17,224794,176,0
2025-01-22,21681.79,21963.98,21676.84,21838.23,129961,178,0
2025-01-23,21838.6,21922.5,21729.21,21885.71,125408,178,0
2025-01-24,21885.74,21952.89,21718.5,21781.53,132407,177,0
2025-01-26,21636.32,21641.56,21516.02,21550.24,10716,188,0
2025-01-27,21550.05,21557.05,20652.31,21217.46,497487,177,0
2025-01-28,21217.32,21513.16,21052.02,21436.39,245235,174,0
2025-01-29,21436.84,21587.81,21257.33,21429.74,300592,176,0
2025-01-30,21429.9,21641.95,21315.79,21592.73,260635,177,0
2025-01-31,21593.27,21859.64,21430.95,21472.98,241977,179,0
2025-02-02,20869.47,21043.43,20869.47,21019.55,21859,197,0
2025-02-03,21018.96,21502.55,20881.8,21477.58,399187,179,0
2025-02-04,21477.37,21598.3,21149.3,21475.63,219695,177,0
2025-02-05,21475.9,21703.73,21339.05,21684.47,181262,178,0
2025-02-06,21684.21,21793.75,21618.19,21767.28,157303,179,0
2025-02-07,21766.86,21881.77,21467.23,21499.98,256059,181,0
2025-02-09,21352.77,21574.12,21334.72,21562.99,8914,193,0
2025-02-10,21563.17,21811.45,21560.28,21715.88,123197,178,0
2025-02-11,21715.69,21790.83,21589.84,21734.37,134091,179,0
2025-02-12,21734.41,21824.26,21435.29,21814.72,178323,179,0
2025-02-13,21814.48,22050.38,21680.01,22010.98,174531,179,0
2025-02-14,22011.44,22148.65,21969.38,22120.98,108898,180,0
2025-02-16,22164.03,22164.65,22130.66,22145.41,4126,192,0
2025-02-17,22145.42,22215.22,22126.09,22156.93,43685,185,0
2025-02-18,22156.54,22255.67,22038.81,22188.46,127502,180,0
2025-02-19,22188.33,22237.51,22057.13,22154.87,122630,180,0
2025-02-20,22154.69,22166.32,21889.87,22102.11,162339,180,0
2025-02-21,22102.05,22186.27,21604.47,21626.98,201200,181,0
2025-02-23,21654.65,21721.81,21625.62,21705.24,6697,186,0
2025-02-24,21705.51,21759.96,21320.4,21338.68,248243,178,0
2025-02-25,21339.23,21405.43,20944.81,21177.11,362814,178,0
2025-02-26,21176.5,21360.43,21022.54,21169.02,297105,176,0
2025-02-27,21168.74,21341.15,20545.66,20630.8,434019,174,0
2025-02-28,20630.72,20900.9,20421.07,20872.84,459850,175,0
2025-03-02,20945.31,21001.03,20914.97,20933.64,12035,182,0
2025-03-03,20933.86,21086.26,20291.67,20493.11,517127,175,0
2025-03-04,20492.62,20708.52,20053.89,20557.1,692541,176,0
2025-03-05,20557.63,20698.3,20194.13,20584.5,566732,175,0
2025-03-06,20584.02,20626.14,19980.06,20158.29,568988,172,0
2025-03-07,20158.18,20259.29,19744.72,20221.88,629230,169,0
2025-03-09,20102.2,20106.01,19912.89,20017.09,20845,179,0
2025-03-10,20016.95,20135.73,19223.09,19296.55,631441,168,0
2025-03-11,19296.95,19678.52,19134.97,19471.21,723473,167,0
2025-03-12,19471.82,19777.87,19379.71,19682.32,584638,167,0
2025-03-13,19681.86,19691.14,19164.96,19349.04,644112,163,0
2025-03-14,19349.28,19741.05,19325.61,19703.89,445173,162,0
2025-03-16,19663.74,19691.16,19554.51,19590.77,21550,172,0
2025-03-17,19590.38,19964.44,19562.35,19830.02,431618,165,0
2025-03-18,19829.97,19838.47,19403.26,19507.42,449882,163,0
2025-03-19,19506.86,19944.03,19461.26,19832.55,356945,166,0
2025-03-20,19832.58,19905.87,19537.21,19693.59,361810,166,0
2025-03-21,19693.35,19777.11,19414.5,19755.34,356935,164,0
2025-03-23,19879.65,19931.72,19866.41,19925.48,10625,172,0
2025-03-24,19925.92,20221.71,19911.36,20170.17,174411,165,0
2025-03-25,20170.01,20350.44,20109.38,20341.35,168829,165,0
2025-03-26,20340.95,20353.94,19822.04,19877.97,242832,166,0
2025-03-27,19877.74,20019.78,19760.33,19785.5,333819,165,0
2025-03-28,19785.21,19829.14,19240.86,19279.95,344880,159,0
2025-03-30,19139.33,19194.25,19045.14,19087.31,22066,167,0
2025-03-31,19086.88,19322.75,18810.15,19194.41,549519,162,0
2025-04-01,19194.65,19526.2,19094.98,19476.12,497458,164,0
2025-04-02,19475.88,19879.96,18655.54,18714.91,577013,164,0
2025-04-03,18715.42,19014.02,18434.35,18496.72,768412,155,0
2025-04-04,18497.15,18556.18,17379.16,17400.31,1275049,148,0
2025-04-06,16484.38,16704.91,16316.46,16574.61,42537,193,0
2025-04-07,16575.0,18230.6,16336.79,17634.09,1234251,152,0
2025-04-08,17633.48,18219.77,16750.37,16866.09,1175757,154,0
2025-04-09,16866.33,19243.68,16613.88,19174.44,1167636,156,0
2025-04-10,19174.08,19196.29,17788.98,18222.05,1301022,158,0
2025-04-11,18221.73,18737.15,17936.45,18675.83,986212,162,0
2025-04-13,18972.81,18993.64,18808.72,18887.3,39417,176,0
2025-04-14,18887.53,19125.98,18607.81,18719.6,649487,163,0
2025-04-15,18719.21,19014.76,18566.67,18600.76,444218,162,0
2025-04-16,18600.9,18733.89,17990.71,18280.86,509983,158,0
2025-04-17,18280.95,18531.25,18143.04,18305.08,518768,158,0
2025-04-20,18201.0,18268.31,18141.05,18203.15,15927,170,0
2025-04-21,18202.9,18262.92,17594.95,17897.54,338272,153,0
2025-04-22,17897.94,18694.82,17838.53,18655.59,412767,157,0
2025-04-23,18656.0,19056.03,18517.88,18733.3,486269,164,0
2025-04-24,18733.55,19330.03,18490.02,19308.54,356024,163,0
2025-04-25,19308.05,19445.43,19109.99,19422.02,413187,163,0
2025-04-27,19405.46,19410.53,19336.9,19358.64,8930,179,0
2025-04-28,19357.82,19521.48,19155.03,19430.9,332962,164,0
2025-04-29,19430.67,19592.38,19282.39,19468.77,348219,162,0
2025-04-30,19468.54,19837.2,19006.75,19820.6,469349,165,0
2025-05-01,19820.75,20028.27,19654.38,19691.73,326026,167,0
2025-05-02,19691.69,20179.94,19656.96,20091.73,300029,168,0
2025-05-04,20105.42,20105.43,19962.14,19996.5,14720,173,0
2025-05-05,19996.29,20103.01,19881.43,19922.97,230264,167,0
2025-05-06,19923.21,20046.78,19654.55,19984.24,319455,169,0
2025-05-07,19983.68,20025.47,19597.99,19873.35,438226,166,0
2025-05-08,19873.6,20255.39,19843.85,20058.28,311771,164,0
2025-05-09,20057.92,20206.22,19977.7,20052.94,246578,167,0
2025-05-11,20352.78,20424.62,20296.46,20375.94,18317,184,0
2025-05-12,20375.68,20914.86,20365.33,20829.97,261022,172,0
2025-05-13,20830.3,21270.39,20743.16,21220.64,184014,176,0
2025-05-14,21220.82,21345.32,21164.56,21300.79,192230,179,0
2025-05-15,21300.4,21457.34,21119.59,21339.81,194548,180,0
2025-05-16,21339.99,21435.69,21246.31,21317.01,142202,177,0
2025-05-18,21239.91,21350.37,21218.9,21314.68,13871,184,0
2025-05-19,21315.19,21501.11,21047.47,21480.38,182330,178,0
2025-05-20,21480.04,21502.9,21241.29,21376.92,175919,176,0
2025-05-21,21377.35,21502.13,21019.84,21099.83,290694,177,0
2025-05-22,21100.23,21284.34,20986.86,21128.17,263248,178,0
2025-05-23,21128.45,21180.1,20678.55,20891.08,318561,178,0
2025-05-25,20925.85,21184.06,20913.73,21147.29,19116,189,0
2025-05-26,21146.91,21266.0,21125.02,21197.91,74284,178,0
2025-05-27,21197.91,21450.15,21107.27,21433.74,145985,177,0
2025-05-28,21433.35,21739.81,21295.3,21729.38,180460,178,0
2025-05-29,21729.34,21820.35,21267.76,21283.24,268109,179,0
2025-05-30,21283.22,21398.62,21040.19,21326.09,271888,181,0
2025-06-01,21270.36,21321.88,21250.94,21277.25,8523,187,0
2025-06-02,21277.59,21550.44,21136.97,21472.6,208325,179,0
2025-06-03,21472.72,21739.39,21377.67,21685.91,149215,179,0
2025-06-04,21685.45,21784.82,21620.1,21726.0,147184,176,0
2025-06-05,21726.35,21916.35,21462.59,21529.22,254164,183,0
2025-06-06,21528.91,21853.99,21528.03,21790.23,170376,181,0
2025-06-08,21794.75,21809.84,21719.18,21751.98,9808,188,0
2025-06-09,21752.43,21876.9,21708.48,21824.37,117037,180,0
2025-06-10,21824.3,21993.61,21724.96,21946.36,159623,181,0
2025-06-11,21946.3,22083.37,21782.15,21834.04,205379,182,0
2025-06-12,21834.3,21972.35,21713.43,21780.04,164170,181,0
2025-06-13,21781.34,21851.05,21466.25,21644.44,300061,178,0
2025-06-15,21535.8,21700.42,21530.95,21690.4,21175,189,0
2025-06-16,21689.91,22003.88,21662.67,21803.13,160857,180,0
2025-06-17,21803.86,21921.32,21650.59,21692.11,212389,182,0
2025-06-18,21692.55,21881.13,21669.0,21737.16,191200,182,0
2025-06-19,21737.02,21740.72,21439.06,21673.03,104516,183,0
2025-06-20,21673.04,21916.74,21556.85,21667.6,201137,179,0
2025-06-22,21399.08,21581.7,21363.4,21558.72,19473,189,0
2025-06-23,21558.97,22053.21,21505.47,22034.74,217934,182,0
2025-06-24,22034.98,22240.43,21990.64,22220.73,134147,181,0
2025-06-25,22221.29,22344.43,22185.5,22263.43,109786,182,0
2025-06-26,22263.74,22511.88,22255.83,22479.99,101563,183,0
2025-06-27,22480.69,22622.35,22401.45,22544.17,117588,185,0
2025-06-29,22561.13,22652.09,22561.13,22621.85,7672,196,0
2025-06-30,22622.11,22737.4,22586.68,22688.12,105228,186,0
2025-07-01,22688.41,22721.17,22403.42,22516.08,135993,186,0
2025-07-02,22516.54,22667.5,22391.27,22655.0,108689,186,0
2025-07-03,22654.34,22909.32,22633.73,22846.2,73770,187,0
2025-07-04,22845.74,22860.45,22694.77,22719.46,53856,191,0
2025-07-06,22793.17,22845.93,22765.28,22805.8,10417,199,0
2025-07-07,22806.27,22823.29,22600.8,22696.33,145849,188,0
2025-07-08,22695.98,22794.1,22663.93,22725.46,113651,187,0
2025-07-09,22725.53,22937.4,22667.25,22862.94,103895,187,0
2025-07-10,22862.61,22917.72,22729.01,22872.79,93125,188,0
2025-07-11,22873.31,22873.76,22655.13,22771.04,129040,187,0
2025-07-13,22692.76,22724.88,22638.62,22701.47,9970,195,0
2025-07-14,22702.15,22904.45,22643.32,22851.91,101708,189,0
2025-07-15,22852.5,23062.65,22819.16,22858.7,140683,190,0
2025-07-16,22858.92,22944.25,22680.68,22887.94,153684,190,0
2025-07-17,22887.55,23137.66,22865.29,23131.84,91900,188,0
2025-07-18,23131.38,23167.96,23023.88,23071.54,84429,188,0
2025-07-20,23085.87,23117.91,23060.36,23115.64,4255,197,0
2025-07-21,23115.95,23280.72,23079.78,23205.3,65641,191,0
2025-07-22,23205.08,23224.08,22967.57,23122.85,111314,190,0
2025-07-23,23123.17,23279.64,23009.78,23267.64,113270,190,0
2025-07-24,23267.72,23291.59,23166.97,23276.5,88619,191,0
2025-07-25,23276.58,23343.77,23201.3,23310.08,66898,190,0
2025-07-27,23394.86,23433.19,23382.52,23410.26,6477,201,0
2025-07-28,23410.68,23463.8,23316.82,23410.17,75631,190,0
2025-07-29,23410.17,23528.02,23299.1,23354.48,89860,191,0
2025-07-30,23354.48,23622.45,23237.09,23607.05,134925,191,0
2025-07-31,23607.23,23726.07,23126.96,23182.43,179795,194,0
2025-08-01,23181.93,23226.67,22674.36,22759.74,257103,191,0
2025-08-03,22743.75,22824.48,22715.93,22820.21,12750,197,0
2025-08-04,22820.95,23255.05,22810.51,23231.54,119261,190,0
2025-08-05,23231.21,23301.01,22947.82,22954.55,154411,190,0
2025-08-06,22954.08,23384.85,22951.23,23356.49,143043,192,0
2025-08-07,23356.68,23576.84,23232.72,23446.73,175716,194,0
2025-08-08,23446.49,23670.39,23408.67,23660.13,92271,193,0
2025-08-10,23676.46,23681.41,23614.32,23620.33,5462,200,0
2025-08-11,23620.01,23716.35,23501.81,23552.73,101170,195,0
2025-08-12,23552.25,23881.53,23512.57,23877.86,127982,195,0
2025-08-13,23877.42,23986.07,23804.89,23867.45,97293,197,0
2025-08-14,23867.82,23922.67,23710.21,23806.4,123276,197,0
2025-08-15,23806.66,23878.04,23655.4,23714.39,113034,196,0
2025-08-17,23727.74,23786.53,23727.74,23777.95,4135,200,0
2025-08-18,23777.91,23808.45,23646.3,23733.97,98531,196,0
2025-08-19,23733.58,23735.75,23349.64,23357.11,131407,194,0
2025-08-20,23357.47,23387.37,22970.54,23255.08,196685,193,0
2025-08-21,23255.45,23304.2,23055.73,23183.28,180859,193,0
2025-08-22,23182.94,23580.27,23012.74,23510.06,184824,191,0
2025-08-24,23528.25,23533.68,23484.14,23513.17,11398,120,0
2025-08-25,23513.39,23554.9,23383.63,23438.07,219169,80,0
2025-08-26,23437.91,23575.5,23312.27,23567.45,266914,80,0
2025-08-27,23567.53,23637.38,23387.99,23464.78,209339,80,0
2025-08-28,23464.59,23758.62,23444.03,23705.68,281854,80,0
2025-08-29,23705.47,23713.65,23356.42,23418.76,307160,80,0
2025-08-31,23450.23,23510.11,23428.92,23502.59,8174,120,0
2025-09-01,23502.78,23516.68,23335.44,23410.92,100690,80,0
2025-09-02,23410.77,23449.47,22995.72,23308.07,474095,80,0
2025-09-03,23307.69,23495.65,23271.22,23411.87,346062,80,0
2025-09-04,23411.62,23689.92,23384.42,23680.42,263200,80,0
2025-09-05,23680.43,23875.82,23480.56,23647.28,501623,80,0
2025-09-07,23668.39,23765.7,23632.98,23759.54,13809,120,0
2025-09-08,23759.7,23869.2,23708.35,23793.92,291406,56,0
2025-09-09,23794.23,23907.88,23718.38,23878.65,319230,56,0
2025-09-10,23878.35,24034.12,23782.88,23897.61,336677,56,0
2025-09-11,23897.54,24043.18,23840.44,24018.63,303809,56,0
2025-09-12,24018.33,24162.23,23969.76,24116.4,233220,56,0
2025-09-14,24130.23,24140.88,24109.41,24121.35,7078,120,0
2025-09-15,24121.48,24329.68,24091.59,24322.22,251781,56,0
2025-09-16,24322.49,24423.24,24277.64,24321.32,214251,56,0
2025-09-17,24321.24,24364.43,24016.89,24360.88,652046,56,0
2025-09-18,24360.97,24592.72,24337.92,24520.3,339099,56,0
2025-09-19,24520.07,24667.64,24435.77,24635.84,266244,56,0
2025-09-21,24636.34,24650.49,24611.01,24635.03,6222,120,0
2025-09-22,24634.78,24811.06,24534.65,24784.17,230012,56,0
2025-09-23,24784.32,24813.05,24566.89,24631.87,301487,56,0
2025-09-24,24631.72,24703.26,24419.92,24549.72,287703,56,0
2025-09-25,24549.65,24586.99,24217.02,24413.1,474986,56,0
2025-09-26,24413.35,24542.79,24316.25,24522.31,452655,56,0
2025-09-28,24533.64,24582.46,24529.33,24576.75,9046,120,0
2025-09-29,24576.95,24779.09,24569.86,24630.89,292853,56,0
2025-09-30,24630.66,24722.21,24532.12,24640.8,377626,56,0
2025-10-01,24640.89,24843.34,24444.56,24835.05,328776,56,0
2025-10-02,24834.98,24993.51,24807.94,24935.85,318480,56,0
2025-10-03,24936.08,25007.6,24737.08,24796.67,334808,56,0
2025-10-05,24828.99,24907.28,24820.83,24888.54,12825,120,0
2025-10-06,24888.78,25070.85,24865.03,24965.2,318969,56,0
2025-10-07,24964.91,25096.29,24808.56,24857.68,372970,56,0
2025-10-08,24857.48,25220.01,24851.77,25207.9,253377,56,0
2025-10-09,25208.01,25208.01,24988.64,25165.27,358924,56,0
2025-10-10,25165.6,25216.74,24018.61,24040.78,1328919,56,0
2025-10-12,24567.2,24635.71,24459.17,24628.02,30447,120,0
2025-10-13,24628.0,24805.74,24565.42,24756.36,695183,56,0
2025-10-14,24756.12,24888.52,24266.75,24619.32,1015665,56,0
2025-10-15,24619.1,24960.2,24509.98,24790.9,719204,56,0
2025-10-16,24790.69,25028.93,24490.24,24614.37,1205657,56,0
2025-10-17,24614.14,24907.41,24264.85,24885.44,1290177,56,0
2025-10-19,24935.42,24958.67,24848.31,24872.55,19981,120,0
2025-10-20,24872.34,25214.87,24816.49,25188.8,368605,56,0
2025-10-21,25188.51,25233.35,25067.47,25113.15,379262,56,0
2025-10-22,25113.38,25205.41,24674.48,24867.52,803018,56,0
2025-10-23,24867.24,25177.9,24809.13,25171.17,269260,56,0
2025-10-24,25171.55,25441.49,25158.76,25386.47,134492,160,0
2025-10-26,25614.05,25635.57,25583.05,25600.22,12873,192,0
2025-10-27,25599.83,25901.9,25590.01,25878.66,109979,173,0
2025-10-28,25878.33,26113.09,25826.61,26070.21,122329,173,0
2025-10-29,26070.15,26264.24,25935.12,26125.5,268949,173,0
2025-10-30,26125.54,26288.6,25743.38,26063.24,383601,173,0
2025-10-31,26063.49,26163.61,25782.32,25882.26,230645,173,0
2025-11-02,25922.1,25996.18,25917.3,25984.71,5889,192,0
2025-11-03,25984.73,26169.47,25921.53,25978.92,200007,173,0
2025-11-04,25978.63,25978.63,25416.36,25418.19,306269,173,0
2025-11-05,25418.27,25791.98,25198.15,25691.52,308617,173,0
2025-11-06,25691.58,25740.7,25120.46,25241.94,375620,173,0
2025-11-07,25242.06,25278.13,24636.75,25147.25,444089,173,0
2025-11-09,25268.89,25317.42,25229.67,25267.54,9056,192,0
2025-11-10,25267.38,25693.7,25201.47,25679.39,223962,160,0
2025-11-11,25679.49,25706.37,25415.51,25588.32,224355,173,0
2025-11-12,25588.67,25767.83,25427.95,25483.57,243558,173,0
2025-11-13,25483.95,25663.6,24943.69,25049.08,458926,173,0
2025-11-14,25048.79,25235.05,24569.54,25074.25,515839,160,0
2025-11-16,25091.73,25137.28,24971.93,25119.5,12802,192,0
2025-11-17,25119.18,25310.72,24680.73,24871.11,446794,160,0
2025-11-18,24870.75,24909.85,24330.37,24543.92,797890,173,0
2025-11-19,24544.25,25064.29,24398.2,25062.51,616493,160,0
2025-11-20,25062.24,25267.23,23970.9,24088.11,928447,160,0
2025-11-21,24087.79,24544.5,23856.4,24299.5,963768,173,0
2025-11-23,24438.81,24492.73,24414.7,24428.85,8318,191,0
2025-11-24,24428.64,24949.94,24320.53,24918.69,332846,192,0
2025-11-25,24918.65,25098.07,24563.3,25050.2,309532,192,0
2025-11-26,25050.16,25343.61,25031.55,25292.69,200728,192,0
2025-11-27,25292.27,25308.12,25255.4,25299.41,51426,192,0
2025-11-28,25299.39,25470.5,25296.05,25454.87,45930,192,0
2025-11-30,25491.62,25515.65,25427.94,25451.82,8116,216,0
2025-12-01,25451.91,25483.11,25179.0,25389.55,244734,192,0
2025-12-02,25390.0,25659.52,25316.06,25615.1,202149,192,0
2025-12-03,25615.5,25676.31,25415.17,25641.3,200726,192,0
2025-12-04,25640.95,25724.57,25481.95,25616.0,183055,192,0
2025-12-05,25615.9,25860.05,25571.04,25730.1,153799,192,0
2025-12-07,25754.4,25768.04,25721.24,25747.18,4538,216,0
2025-12-08,25747.43,25861.3,25566.92,25730.84,151869,192,0
2025-12-09,25730.44,25740.38,25563.94,25678.71,135557,192,0
2025-12-10,25678.44,25878.24,25535.35,25745.29,202219,192,0
2025-12-11,25745.2,25877.09,25399.04,25690.12,236003,191,0
2025-12-12,25690.46,25724.57,25146.55,25229.46,265649,192,0
2025-12-14,25251.35,25270.88,25159.0,25223.41,8177,192,0
2025-12-15,25223.1,25443.62,25064.5,25087.39,237138,192,0
2025-12-16,25087.67,25227.96,24855.48,25102.98,346295,191,0
2025-12-17,25102.59,25293.97,24672.44,24717.22,326606,192,0
2025-12-18,24717.84,25194.8,24686.86,25043.13,276470,191,0
2025-12-19,25042.96,25385.18,24998.52,25380.35,185757,192,0
2025-12-21,25437.61,25468.52,25426.04,25463.02,4557,191,0
2025-12-22,25463.32,25588.1,25427.2,25508.74,112809,192,0
2025-12-23,25508.88,25620.24,25403.18,25610.62,100105,192,0
2025-12-24,25611.3,25692.83,25579.61,25666.25,48862,192,0
2025-12-25,25681.72,25705.02,25672.88,25694.87,3853,216,0
2025-12-26,25694.87,25741.71,25640.78,25668.27,75739,192,0
2025-12-28,25679.75,25692.94,25658.42,25685.04,3058,216,0
2025-12-29,25685.14,25707.98,25463.29,25524.18,121297,192,0
2025-12-30,25524.59,25610.93,25465.19,25478.25,91138,192,0
2025-12-31,25478.17,25535.82,25255.64,25260.32,103231,192,0
2026-01-01,25302.64,25334.85,25278.68,25328.87,3982,216,0
2026-01-02,25328.71,25628.98,25095.14,25213.54,211052,192,0
2026-01-04,25274.22,25299.73,25243.88,25294.84,7535,191,0
2026-01-05,25295.15,25542.55,25273.22,25406.96,174379,192,0
2026-01-06,25407.16,25683.4,25367.24,25664.44,124859,192,0
2026-01-07,25664.98,25833.62,25567.51,25664.76,117892,192,0
2026-01-08,25664.59,25686.86,25411.54,25521.38,181395,192,0
2026-01-09,25520.94,25830.72,25459.94,25777.62,173185,192,0
2026-01-11,25800.88,25808.59,25725.93,25749.49,5875,216,0
2026-01-12,25749.45,25875.72,25490.75,25753.81,148795,192,0
2026-01-13,25753.8,25904.12,25658.5,25746.27,172889,192,0
2026-01-14,25746.28,25780.51,25272.67,25463.25,243621,192,0
2026-01-15,25462.97,25810.88,25420.97,25603.45,201596,192,0
2026-01-16,25603.93,25753.35,25455.1,25545.95,143518,192,0
2026-01-18,25331.47,25342.28,25265.39,25336.68,14411,191,0
2026-01-19,25336.25,25338.85,25106.73,25251.13,123914,192,0
2026-01-20,25250.69,25310.06,24967.27,24992.57,323143,192,0
2026-01-21,24993.09,25526.58,24903.22,25429.95,324309,192,0
2026-01-22,25430.33,25618.24,25361.5,25498.34,199186,192,0
2026-01-23,25497.98,25726.95,25422.06,25565.12,176475,192,0
2026-01-25,25385.18,25457.62,25268.64,25445.8,11029,191,0
2026-01-26,25445.38,25820.98,25430.44,25781.8,162382,192,0
2026-01-27,25781.54,26038.68,25767.23,26030.12,110850,192,0
2026-01-28,26030.48,26240.57,25887.39,26062.61,190355,192,0
2026-01-29,26062.19,26171.25,25427.87,25863.73,307283,216,0
2026-01-30,25863.25,25883.08,25464.51,25535.87,417674,191,0
2026-02-01,25412.64,25474.26,25277.91,25436.35,18719,191,0
2026-02-02,25435.7,25882.59,25084.29,25854.19,307510,192,0
2026-02-03,25854.31,25934.3,25125.9,25336.63,334293,192,0
2026-02-04,25337.05,25423.43,24694.67,24981.9,511619,192,0
2026-02-05,24982.38,25083.47,24215.29,24255.35,661854,191,0
2026-02-06,24254.83,25142.41,24161.85,25018.07,413464,192,0
2026-02-08,25100.04,25221.03,25100.04,25203.0,9808,191,0
2026-02-09,25202.62,25355.46,24882.72,25271.88,271458,192,0
2026-02-10,25272.27,25374.05,25125.86,25202.6,221473,192,0
2026-02-11,25202.57,25394.62,24988.18,25166.97,302582,191,0
2026-02-12,25166.61,25352.08,24654.77,24755.2,333165,192,0
2026-02-13,24754.91,24927.13,24511.78,24712.57,462190,191,0
2026-02-15,24732.75,24777.69,24694.59,24775.9,7899,216,0
2026-02-16,24775.58,24861.33,24611.25,24759.41,114352,192,0
2026-02-17,24759.9,24830.14,24390.39,24654.71,428175,192,0
2026-02-18,24655.07,25071.67,24652.9,24903.65,233297,192,0
2026-02-19,24904.01,24992.47,24688.79,24824.61,284900,192,0
2026-02-20,24824.78,25085.35,24624.88,25024.7,326205,191,0
2026-02-22,24999.09,25014.33,24893.17,24928.61,11578,216,0
2026-02-23,24927.98,24995.94,24624.97,24748.01,279801,192,0
2026-02-24,24748.59,25038.56,24655.3,25008.05,238100,192,0
2026-02-25,25007.8,25456.55,24959.98,25282.41,169745,191,0
2026-02-26,25281.98,25380.59,24828.19,24961.96,255785,192,0
2026-02-27,24961.83,25064.4,24748.67,24913.05,302564,191,0
2026-03-01,24636.63,24791.22,24636.02,24715.79,19087,191,0
2026-03-02,24716.23,25077.2,24453.38,24950.22,399849,192,0
2026-03-03,24950.56,24960.88,24332.8,24684.84,573529,192,0
2026-03-04,24685.22,25200.16,24482.6,25157.22,423177,192,0
2026-03-05,25157.63,25228.8,24759.25,25044.09,467472,192,0
2026-03-06,25043.78,25125.95,24593.63,24663.94,476703,191,0
2026-03-08,24439.85,24463.78,24165.06,24210.82,38745,191,0
2026-03-09,24211.38,25045.31,23996.75,24877.45,539428,192,0
2026-03-10,24876.88,25211.83,24827.33,25014.1,393076,192,0
2026-03-11,25014.66,25175.65,24733.52,24787.8,314009,191,0
2026-03-12,24788.18,24926.7,24517.46,24528.3,339321,192,0
2026-03-13,24527.61,24804.68,24342.62,24353.31,351762,192,0
2026-03-15,24289.22,24504.68,24287.63,24444.49,22919,191,0
2026-03-16,24444.95,24828.36,24441.78,24679.53,296489,192,0
2026-03-17,24680.09,24911.45,24527.89,24804.26,219959,192,0
2026-03-18,24803.4,25009.89,24367.79,24422.22,232413,192,0
2026-03-19,24421.75,24529.93,24132.43,24427.75,387963,192,0
2026-03-20,24427.44,24468.06,23780.28,24013.28,301650,192,0
2026-03-22,23721.71,23906.83,23721.49,23820.32,26572,191,0
2026-03-23,23820.72,24576.1,23588.51,24270.91,467722,191,0
2026-03-24,24270.44,24360.31,23949.72,24228.5,396346,192,0
2026-03-25,24228.94,24354.72,24102.32,24141.3,299250,192,0
2026-03-26,24142.1,24239.12,23585.12,23698.63,315371,192,0
2026-03-27,23698.93,23798.14,23056.61,23098.71,308066,192,0
2026-03-29,23009.87,23073.77,22940.63,22958.88,24652,192,0
2026-03-30,22959.4,23404.57,22859.45,22881.95,346648,191,0
2026-03-31,22882.45,23885.78,22801.03,23877.36,470257,192,0
2026-04-01,23877.0,24186.57,23796.91,24021.94,292514,191,0
2026-04-02,24022.31,24101.39,23506.42,24054.45,370992,192,0
2026-04-03,24054.92,24095.93,23948.31,23972.8,49386,191,0
2026-04-05,23931.12,23947.95,23832.25,23942.53,27460,192,0
2026-04-06,23941.96,24299.53,23938.07,24156.01,261696,191,0
2026-04-07,24155.97,24943.37,23797.18,24906.39,367804,191,0
2026-04-08,24905.68,25110.63,24783.46,24881.89,243237,192,0
2026-04-09,24882.41,25121.18,24809.09,25079.73,197928,192,0
2026-04-10,25079.4,25248.49,25058.9,25172.27,155206,191,0
2026-04-12,24827.1,24883.51,24775.72,24847.92,22877,191,0
2026-04-13,24848.36,25485.4,24814.22,25454.64,169768,192,0
2026-04-14,25454.14,25903.8,25428.72,25886.75,124986,192,0
2026-04-15,25886.64,26287.16,25802.68,26278.33,148217,192,0
2026-04-16,26278.64,26432.69,26146.24,26352.82,161981,216,0
2026-04-17,26352.49,26752.6,26316.04,26712.62,161140,216,0
2026-04-19,26453.96,26559.76,26414.74,26536.89,16540,195,0
2026-04-20,26537.24,26702.6,26444.61,26674.67,180023,216,0
2026-04-21,26675.07,26780.03,26431.5,26654.94,198801,191,0
2026-04-22,26655.24,27017.55,26649.55,26980.6,151650,216,0
2026-04-23,26980.14,27031.1,26557.73,26960.66,237076,191,0
2026-04-24,26961.3,27340.43,26896.65,27319.3,186503,216,0
2026-04-26,27284.05,27303.41,27228.6,27268.54,8992,240,0
2026-04-27,27269.05,27426.08,27182.73,27376.34,164920,216,0
2026-04-28,27376.53,27398.98,26897.0,27135.12,219595,216,0
2026-04-29,27135.59,27446.09,26983.52,27441.17,217306,191,0
2026-04-30,27441.52,27539.35,27054.47,27486.52,274140,216,0
2026-05-01,27486.96,27808.2,27429.34,27678.42,161392,216,0
2026-05-03,27792.38,27825.55,27715.91,27724.72,11619,192,0
2026-05-04,27724.54,27866.02,27516.74,27647.59,234073,240,0
2026-05-05,27648.17,28322.04,27642.1,28273.92,154288,191,0
2026-05-06,28274.42,28703.29,28152.72,28578.06,208082,193,0
2026-05-07,28577.69,28851.14,28449.98,28586.05,238220,192,0
2026-05-08,28586.59,29289.09,28586.59,29242.82,159448,240,0
2026-05-10,29200.59,29257.66,29138.52,29215.48,12488,240,0
2026-05-11,29216.35,29390.11,29158.66,29341.58,194887,240,0
2026-05-12,29341.15,29341.59,28657.94,28999.63,289119,240,0
2026-05-13,28998.5,29570.33,28973.69,29554.9,223697,240,0
2026-05-14,29554.59,29697.29,29369.4,29605.89,231592,240,0
2026-05-15,29605.7,29644.64,29010.03,29100.1,376012,240,0
2026-05-17,29081.39,29220.84,28948.04,29054.46,31062,240,0
2026-05-18,29053.93,29353.71,28749.97,29068.83,487220,240,0
2026-05-19,29068.41,29122.14,28599.29,28890.06,425262,240,0
2026-05-20,28889.58,29336.15,28738.39,29132.2,352323,240,0
2026-05-21,29131.54,29516.75,29067.25,29495.13,330852,240,0
2026-05-22,29495.81,29688.57,29381.87,29478.09,207350,191,0
2026-05-24,29636.07,29833.78,29635.69,29795.49,13673,191,0
2026-05-25,29795.04,29946.74,29779.55,29833.11,80549,240,0
2026-05-26,29832.93,30072.55,29698.63,30056.46,182276,240,0
2026-05-27,30055.14,30335.99,29836.56,29940.77,241782,240,0
2026-05-28,29940.01,30324.59,29725.96,30265.0,212606,240,0
2026-05-29,30264.79,30499.23,30180.29,30347.59,189410,191,0
2026-05-31,30386.49,30462.17,30339.62,30455.17,12032,240,0
2026-06-01,30455.56,30672.13,30270.16,30453.07,203520,240,0
2026-06-02,30453.55,30745.87,30302.22,30695.48,183751,240,0
2026-06-03,30695.93,30793.56,30360.64,30383.23,236028,191,0
2026-06-04,30382.84,30593.8,30143.41,30255.94,282052,240,0
2026-06-05,30256.58,30256.58,28772.86,28842.31,426924,240,0
2026-06-07,28879.11,29102.69,28823.09,29085.94,38184,191,0
2026-06-08,29085.48,29742.25,28972.82,29428.05,462612,240,0
2026-06-09,29427.54,29849.94,28233.07,29071.56,698958,191,0
2026-06-10,29072.12,29255.89,28276.92,28373.92,756261,191,0
2026-06-11,28374.38,29606.0,28345.67,29590.31,632457,191,0
2026-06-12,29590.77,29783.35,29247.42,29691.2,463541,191,0
2026-06-14,29958.21,30124.42,29937.64,30081.13,31084,192,0
2026-06-15,30080.73,30646.72,30068.63,30570.64,249238,206,0
2026-06-16,30570.09,30710.7,30012.07,30070.11,337337,240,0
2026-06-17,30070.55,30323.76,29664.01,30056.02,581979,100,0
2026-06-18,30056.4,30525.82,30026.83,30437.91,338273,197,0
2026-06-19,30437.43,30450.41,30135.6,30392.47,93732,240,0
2026-06-21,30307.31,30371.33,30093.09,30109.0,25435,191,0
2026-06-22,30109.49,30723.08,30103.15,30334.65,302075,240,0
2026-06-23,30334.21,30394.5,29336.38,29510.38,455188,240,0
2026-06-24,29509.73,29932.79,29030.61,29861.31,501744,240,0
2026-06-25,29862.41,30027.07,29061.12,29474.78,517183,240,0
2026-06-26,29474.38,29540.6,28931.51,29062.48,491995,191,0
2026-06-28,29083.28,29460.89,29066.06,29397.53,20320,191,0
2026-06-29,29398.5,29849.98,29055.62,29822.91,397203,210,0
2026-06-30,29822.63,30378.3,29718.58,30314.64,245294,240,0
2026-07-01,30315.27,30332.93,29790.0,29828.29,286577,240,0
2026-07-02,29828.78,30102.56,29112.42,29387.54,475302,240,0
2026-07-03,29387.0,29742.49,29311.02,29690.62,92127,240,0
2026-07-05,29751.09,29803.7,29656.27,29779.16,13696,192,0
2026-07-06,29779.93,29888.75,29478.01,29649.89,270083,240,0
2026-07-07,29648.07,29711.08,29008.0,29099.96,311368,240,0
2026-07-08,29098.39,29355.85,28708.5,29295.05,296952,360,0
2026-07-09,29294.45,29796.05,29200.08,29739.1,182493,360,0
2026-07-10,29739.97,29882.38,29484.74,29869.9,155075,286,0
2026-07-12,29751.29,29793.46,29661.48,29709.21,9934,287,0
2026-07-13,29708.38,29857.63,29151.11,29243.2,213593,287,0
2026-07-14,29243.68,29742.25,29127.25,29713.77,239587,287,0
2026-07-15,29713.31,29887.42,29224.58,29521.02,194685,286,0
2026-07-16,29520.53,29626.18,28896.14,28931.42,222119,343,0
2026-07-17,28932.54,28959.31,28243.2,28595.16,273177,360,0
2026-07-19,28600.74,28714.36,28548.69,28706.8,15654,312,0
2026-07-20,28706.95,29032.11,28548.84,28625.99,227338,287,0
2026-07-21,28625.78,29216.9,28553.81,29155.01,153398,360,0
2026-07-22,29155.88,29199.41,28820.97,29001.94,158235,286,0
2026-07-23,29002.64,29141.18,28292.2,28541.4,455009,324,0
2026-07-24,28542.17,28585.84,28073.85,28170.59,502690,324,0
2026-07-26,28390.39,28599.6,28388.16,28597.85,20293,287,0
2026-07-27,28598.35,28632.6,27807.86,28034.95,558767,324,0
2026-07-28,28035.7,28069.19,27475.95,27978.19,617846,286,0
2026-07-29,27977.69,28052.19,27077.54,27400.7,825599,324,0
2026-07-30,27401.2,28328.99,27218.02,28306.51,639623,324,0
2026-07-31,28306.01,28608.99,27963.01,28228.25,584900,324,0
2026-08-02,28464.84,28533.74,28436.76,28505.0,21352,360,0
2026-08-03,28505.5,28868.15,28206.85,28867.4,392064,114,0
2026-08-04,28867.9,29851.66,28728.42,29732.82,382015,127,0
2026-08-05,29732.32,29971.44,29427.96,29483.56,477162,127,0
2026-08-06,29484.06,29586.81,29141.57,29498.81,525870,127,0
2026-08-07,29498.31,29769.56,29359.32,29723.82,454758,127,0
2026-08-09,29798.21,29805.16,29715.46,29739.56,13384,127,0
2026-08-10,29740.07,29893.43,29590.57,29616.06,295469,127,0
2026-08-11,29616.56,29799.56,29447.06,29577.76,264797,127,0
2026-08-12,29577.26,29917.01,29540.75,29723.56,251111,127,0
2026-08-13,29723.06,30189.68,29715.32,30122.36,219310,127,0
2026-08-14,30122.86,30201.6,29948.12,30063.11,200200,127,0
2026-08-16,30119.94,30155.34,30093.1,30143.09,16018,112,0
2026-08-17,30143.34,30268.46,29982.84,30025.39,742347,112,0
2026-08-18,30025.14,30051.89,29446.64,29463.44,1215835,112,0
2026-08-19,29463.19,29692.93,29308.31,29563.94,1479200,112,0
2026-08-20,29563.69,29619.93,29138.2,29228.79,1571330,112,0
2026-08-21,29229.29,29473.95,29154.3,29310.54,1054083,112,0
2026-08-23,29346.5,29423.08,29245.14,29410.09,36767,112,0
2026-08-24,29409.09,29414.84,29206.59,29217.84,245142,112,0
