time,open,high,low,close,tick_volume,spread,real_volume
2020-01-02,17.882,18.08,17.777,18.015,14111,32,0
2020-01-03,18.014,18.256,17.984,18.037,19637,32,0
2020-01-05,18.2,18.287,18.153,18.162,1378,32,0
2020-01-06,18.159,18.49,18.002,18.105,20609,32,0
2020-01-07,18.105,18.589,17.937,18.569,21224,32,0
2020-01-08,18.568,18.84,18.045,18.114,28493,32,0
2020-01-09,18.118,18.19,17.788,17.898,20105,32,0
2020-01-10,17.899,18.137,17.832,18.085,15290,32,0
2020-01-12,18.059,18.077,18.019,18.042,414,32,0
2020-01-13,18.042,18.064,17.908,17.914,13358,32,0
2020-01-14,17.914,17.926,17.67,17.82,16457,32,0
2020-01-15,17.819,18.024,17.738,18.002,15532,32,0
2020-01-16,18.003,18.035,17.856,17.937,13702,32,0
2020-01-17,17.935,18.157,17.891,18.022,13950,32,0
2020-01-19,18.043,18.043,18.011,18.025,376,32,0
2020-01-20,18.025,18.115,17.986,18.059,8215,32,0
2020-01-21,18.058,18.139,17.622,17.742,17416,32,0
2020-01-22,17.741,17.915,17.674,17.864,13889,32,0
2020-01-23,17.864,17.882,17.592,17.757,15689,32,0
2020-01-24,17.759,18.133,17.735,18.088,14267,32,0
2020-01-26,18.241,18.333,18.183,18.193,1176,32,0
2020-01-27,18.195,18.322,18.032,18.073,17366,32,0
2020-01-28,18.072,18.105,17.427,17.465,15557,32,0
2020-01-29,17.464,17.576999999999998,17.346,17.561,12535,32,0
2020-01-30,17.56,18.025,17.551,17.823,17188,32,0
2020-01-31,17.823,18.079,17.781,18.018,15434,32,0
2020-02-02,18.032,18.084,18.027,18.065,843,32,0
2020-02-03,18.064,18.068,17.588,17.684,17648,32,0
2020-02-04,17.684,17.769,17.516,17.597,15927,32,0
2020-02-05,17.597,17.711,17.474,17.611,16821,32,0
2020-02-06,17.609,17.869,17.6,17.8,14947,32,0
2020-02-07,17.798000000000002,17.849,17.612,17.677,15337,32,0
2020-02-09,17.676,17.765,17.675,17.732,737,32,0
2020-02-10,17.731,17.826,17.669,17.75,13080,32,0
2020-02-11,17.75,17.795,17.561,17.619,12594,32,0
2020-02-12,17.619,17.657,17.454,17.513,12905,32,0
2020-02-13,17.512,17.72,17.501,17.652,13654,32,0
2020-02-14,17.649,17.795,17.608,17.722,11383,32,0
2020-02-16,17.696,17.727,17.682,17.727,320,32,0
2020-02-17,17.726,17.876,17.708,17.797,7452,32,0
2020-02-18,17.797,18.219,17.794,18.151,14422,32,0
2020-02-19,18.151,18.451,18.138,18.387,16435,32,0
2020-02-20,18.387,18.424,18.214,18.403,19079,32,0
2020-02-21,18.405,18.615,18.343,18.474,18979,32,0
2020-02-23,18.633,18.793,18.61,18.662,1290,32,0
2020-02-24,18.662,18.931,18.529,18.596,26853,32,0
2020-02-25,18.596,18.631,17.842,18.046,28351,32,0
2020-02-26,18.046,18.196,17.78,17.908,25335,32,0
2020-02-27,17.908,18.123,17.609,17.781,24503,32,0
2020-02-28,17.783,17.853,16.38,16.67,32302,32,0
2020-03-01,16.479,16.547,16.427,16.546,1124,32,0
2020-03-02,16.545,17.043,16.519,16.805,27182,32,0
2020-03-03,16.804,17.453,16.74,17.248,25906,32,0
2020-03-04,17.247,17.321,17.071,17.165,22559,32,0
2020-03-05,17.163,17.48,17.136,17.477,20026,32,0
2020-03-06,17.478,17.559,17.036,17.34,28355,32,0
2020-03-08,17.502,17.58,17.417,17.49,2278,32,0
2020-03-09,17.488,17.501,16.551,16.908,33508,32,0
2020-03-10,16.908,17.179,16.8,16.963,25194,32,0
2020-03-11,16.963,17.094,16.663,16.794,21846,32,0
2020-03-12,16.795,16.908,15.511,15.702,32160,32,0
2020-03-13,15.699,15.850999999999999,14.434,14.742,31653,32,0
2020-03-15,14.913,15.106,14.745,14.782,3305,32,0
2020-03-16,14.781,14.801,11.274000000000001,13.001,40108,32,0
2020-03-17,13.003,13.236,12.113,12.752,34602,32,0
2020-03-18,12.753,12.863,11.628,12.252,35237,32,0
2020-03-19,12.253,12.292,11.765,12.101,30775,32,0
2020-03-20,12.101,13.01,12.097,12.621,29420,32,0
2020-03-22,12.588,12.588,12.274000000000001,12.414,2133,32,0
2020-03-23,12.413,13.795,12.371,13.767,29713,32,0
2020-03-24,13.767,14.645,13.159,14.637,32522,32,0
2020-03-25,14.636,14.698,13.993,14.367,28380,32,0
2020-03-26,14.368,14.664,14.134,14.394,25832,32,0
2020-03-27,14.388,14.617,14.158,14.461,21891,32,0
2020-03-29,14.499,14.526,14.293,14.364,1633,32,0
2020-03-30,14.364,14.402,13.807,13.985,23442,32,0
2020-03-31,13.985,14.235,13.85,13.951,20992,32,0
2020-04-01,13.951,14.129,13.805,13.975,18912,32,0
2020-04-02,13.974,14.535,13.893,14.453,19774,32,0
2020-04-03,14.453,14.53,14.263,14.391,17454,32,0
2020-04-05,14.372,14.389,14.23,14.38,1192,32,0
2020-04-06,14.379,15.491,14.32,15.19,22057,32,0
2020-04-07,15.193,15.363,14.871,14.956,24643,32,0
2020-04-08,14.957,15.125,14.844,14.971,16134,32,0
2020-04-09,14.97,15.537,14.959,15.382,21928,32,0
2020-04-12,15.281,15.4,15.281,15.338,837,32,0
2020-04-13,15.336,15.481,15.128,15.415,22732,32,0
2020-04-14,15.414,15.828,15.33,15.651,24985,32,0
2020-04-15,15.65,15.773,15.273,15.387,22816,32,0
2020-04-16,15.387,15.583,15.203,15.468,25722,32,0
2020-04-17,15.47,15.525,15.01,15.187,25452,32,0
2020-04-19,15.16,15.188,15.069,15.072,1043,32,0
2020-04-20,15.072,15.422,15.048,15.233,23324,32,0
2020-04-21,15.235,15.317,14.53,14.872,35207,32,0
2020-04-22,14.873,15.141,14.671,15.039,27098,32,0
2020-04-23,15.03,15.433,14.952,15.229,28181,32,0
2020-04-24,15.228,15.379,15.018,15.216,21196,32,0
2020-04-26,15.184,15.231,15.146,15.23,1169,32,0
2020-04-27,15.229,15.315,15.012,15.135,18607,32,0
2020-04-28,15.135,15.226,14.9,15.125,21712,32,0
2020-04-29,15.127,15.377,15.077,15.267,22137,32,0
2020-04-30,15.266,15.481,14.656,14.949,28614,32,0
2020-05-01,14.949,15.039,14.735,14.943,19911,32,0
2020-05-03,14.935,14.958,14.693999999999999,14.877,1655,32,0
2020-05-04,14.879,15.054,14.715,14.828,19807,32,0
2020-05-05,14.827,15.019,14.71,14.932,18423,32,0
2020-05-06,14.932,15.138,14.766,14.894,21940,32,0
2020-05-07,14.894,15.422,14.884,15.243,22886,32,0
2020-05-08,15.241,15.62,15.201,15.445,23577,32,0
2020-05-10,15.454,15.558,15.454,15.553,1348,32,0
2020-05-11,15.555,15.604,15.265,15.443,20824,32,0
2020-05-12,15.443,15.62,15.315,15.428,19435,32,0
2020-05-13,15.428,15.641,15.29,15.576,18710,32,0
2020-05-14,15.574,15.902,15.433,15.865,19626,32,0
2020-05-15,15.866,16.714,15.762,16.601,25867,32,0
2020-05-17,16.744,16.929,16.647,16.89,2318,32,0
2020-05-18,16.89,17.551,16.802,17.075,29712,32,0
2020-05-19,17.078,17.476,16.96,17.384,25426,32,0
2020-05-20,17.384,17.616,17.242,17.479,24430,32,0
2020-05-21,17.479,17.479,16.864,17.057,26158,32,0
2020-05-22,17.058,17.235,16.717,17.187,24424,32,0
2020-05-24,17.145,17.167,17.113,17.141,941,32,0
2020-05-25,17.142,17.188,16.884,17.081,15577,32,0
2020-05-26,17.081,17.435,17.012,17.133,25743,32,0
2020-05-27,17.135,17.335,16.836,17.227,24322,32,0
2020-05-28,17.227,17.501,17.162,17.401,24018,32,0
2020-05-29,17.395,17.896,17.253,17.838,22908,32,0
2020-05-31,18.014,18.077,17.945,18.036,1396,52,0
2020-06-01,18.035,18.366,17.975,18.297,22754,32,0
2020-06-02,18.299,18.341,17.768,18.034,21272,32,0
2020-06-03,18.033,18.043,17.443,17.64,26034,32,0
2020-06-04,17.638,17.841,17.446,17.666,20894,32,0
2020-06-05,17.665,17.756,17.209,17.411,20509,32,0
2020-06-07,17.304,17.422,17.299,17.412,1037,32,0
2020-06-08,17.411,17.771,17.405,17.691,20812,32,0
2020-06-09,17.688,17.756,17.443,17.543,20196,32,0
2020-06-10,17.546,18.163,17.53,17.944,21796,32,0
2020-06-11,17.95,18.081,17.46,17.606,24275,32,0
2020-06-12,17.602,17.738,17.374,17.466,22608,32,0
2020-06-14,17.451,17.515,17.408,17.5,1187,32,0
2020-06-15,17.497,17.539,16.94,17.366,25487,32,0
2020-06-16,17.363,17.552,17.274,17.459,23269,32,0
2020-06-17,17.458,17.595,17.324,17.469,18890,32,0
2020-06-18,17.464,17.655,17.297,17.394,18667,32,0
2020-06-19,17.388,17.788,17.349,17.592,17560,32,0
2020-06-21,17.666,17.758,17.634,17.747,1183,32,0
2020-06-22,17.747,18.017,17.649,17.779,22592,32,0
2020-06-23,17.784,18.001,17.653,17.957,21807,32,0
2020-06-24,17.956,18.053,17.344,17.492,24140,32,0
2020-06-25,17.492,17.8,17.435,17.749,20186,32,0
2020-06-26,17.75,17.932,17.479,17.755,19075,32,0
2020-06-28,17.806,17.91,17.775,17.799,1370,32,0
2020-06-29,17.799,17.934,17.677,17.85,18953,32,0
2020-06-30,17.849,18.227,17.755,18.184,20266,32,0
2020-07-01,18.184,18.424,17.824,18.002,24488,32,0
2020-07-02,18.001,18.101,17.751,17.925,19538,32,0
2020-07-03,17.925,18.055,17.919,18.021,10602,32,0
2020-07-05,18.013,18.035,17.999,18.019,643,32,0
2020-07-06,18.02,18.384,17.934,18.283,18630,32,0
2020-07-07,18.285,18.349,17.973,18.249,19305,32,0
2020-07-08,18.248,18.754,18.227,18.676,21327,32,0
2020-07-09,18.675,19.014,18.465,18.65,23845,32,0
2020-07-10,18.654,18.784,18.47,18.704,18099,32,0
2020-07-12,18.741,18.804,18.716,18.764,1099,52,0
2020-07-13,18.764,19.363,18.736,19.098,22067,32,0
2020-07-14,19.099,19.296,18.849,19.266,24212,32,0
2020-07-15,19.265,19.452,19.11,19.428,23502,32,0
2020-07-16,19.431,19.431,19.076,19.134,22985,32,0
2020-07-17,19.135,19.37,18.908,19.309,20036,32,0
2020-07-19,19.301,19.344,19.278,19.32,1036,54,0
2020-07-20,19.321,19.894,19.229,19.891,23401,32,0
2020-07-21,19.89,22.467,19.826999999999998,22.369,32638,52,0
2020-07-22,22.367,23.23,21.351,22.788,43948,54,0
2020-07-23,22.789,23.1,22.229,22.553,41212,54,0
2020-07-24,22.553,22.892,22.375,22.746,32186,54,0
2020-07-26,22.819,23.085,22.81,23.038,2828,54,0
2020-07-27,23.037,25.56,22.89,25.56,41945,54,0
2020-07-28,25.56,26.169,22.281,24.231,54149,54,0
2020-07-29,24.231,24.924,23.285,24.212,38681,54,0
2020-07-30,24.211,24.35,22.884,23.458,40765,54,0
2020-07-31,23.458,24.449,23.259,24.316,38995,54,0
2020-08-02,24.745,24.777,24.046,24.531,3389,67,0
2020-08-03,24.53,24.612,23.993,24.216,32812,54,0
2020-08-04,24.209,26.282,24.1,26.218,39383,54,0
2020-08-05,26.209,27.107,25.35,26.857,47868,67,0
2020-08-06,26.857,29.824,26.77,29.744,49433,67,0
2020-08-07,29.746,29.796,27.356,28.271,52339,67,0
2020-08-09,28.245,28.245,27.797,28.109,2954,67,0
2020-08-10,28.109,29.379,27.822,29.027,44450,67,0
2020-08-11,29.029,29.133,24.364,24.89,64206,67,0
2020-08-12,24.893,26.246,23.41,25.617,58793,67,0
2020-08-13,25.613,27.7,25.532,27.433,50950,67,0
2020-08-14,27.432,27.522,25.715,26.403,50926,67,0
2020-08-16,26.548000000000002,26.818,26.076,26.125,2769,67,0
2020-08-17,26.121,27.541,25.797,27.308,47023,67,0
2020-08-18,27.307,28.432,27.071,27.905,47141,67,0
2020-08-19,27.909,27.997,26.458,26.659,52865,67,0
2020-08-20,26.652,27.494,26.576,27.423,48511,67,0
2020-08-21,27.416,27.507,26.015,26.737,40501,67,0
2020-08-23,26.73,26.742,26.374,26.542,2762,67,0
2020-08-24,26.541,27.209,26.236,26.598,37467,67,0
2020-08-25,26.597,26.772,26.032,26.478,35599,54,0
2020-08-26,26.478,27.458,26.066,27.399,36148,67,0
2020-08-27,27.399,27.891,26.481,26.919,38277,67,0
2020-08-28,26.918,27.679,26.805,27.471,36236,67,0
2020-08-30,27.608,28.13,27.604,27.913,2836,67,0
2020-08-31,27.904,28.327,27.551,28.103,34505,67,0
2020-09-01,28.102,28.87,27.542,28.26,37210,67,0
2020-09-02,28.256,28.28,27.041,27.516,37342,67,0
2020-09-03,27.515,27.682,26.353,26.438,39302,67,0
2020-09-04,26.437,27.002,26.276,26.881,35557,67,0
2020-09-06,26.841,26.988,26.803,26.819,1205,67,0
2020-09-07,26.82,27.138,26.596,26.834,20334,67,0
2020-09-08,26.834,27.066,25.816,26.593,34294,67,0
2020-09-09,26.594,27.089,26.382,26.951999999999998,28356,67,0
2020-09-10,26.953,27.451,26.662,26.8,31070,67,0
2020-09-11,26.799,26.999,26.541,26.703,26983,67,0
2020-09-13,26.653,26.783,26.645,26.763,1076,67,0
2020-09-14,26.763,27.267,26.66,27.137,22461,67,0
2020-09-15,27.137,27.593,26.975,27.094,26725,67,0
2020-09-16,27.092,27.411,26.846,27.138,28179,67,0
2020-09-17,27.139,27.171,26.266,27.015,31896,67,0
2020-09-18,27.011,27.181,26.662,26.749,26442,67,0
2020-09-20,26.736,26.754,26.55,26.705,1479,67,0
2020-09-21,26.698,26.929,23.67,25.004,36700,54,0
2020-09-22,25.003,25.201,23.801,24.411,37297,54,0
2020-09-23,24.407,24.443,21.673000000000002,21.882,43261,54,0
2020-09-24,21.893,23.322,21.639,23.196,43033,54,0
2020-09-25,23.184,23.269,22.408,22.866,35967,54,0
2020-09-27,22.977,23.056,22.961,22.968,1416,54,0
2020-09-28,22.965,23.795,22.495,23.741,35128,54,0
2020-09-29,23.734,24.38,23.353,24.233,33492,54,0
2020-09-30,24.232,24.246,23.11,23.331,35797,54,0
2020-10-01,23.33,24.14,23.202,23.78,31844,54,0
2020-10-02,23.772,24.176,23.456,23.666,32408,54,0
2020-10-04,23.818,23.902,23.668,23.87,1251,54,0
2020-10-05,23.872,24.48,23.66,24.327,26369,54,0
2020-10-06,24.324,24.472,22.848,23.269,31456,54,0
2020-10-07,23.27,23.953,23.166,23.761,29233,54,0
2020-10-08,23.761,24.188,23.634,23.848,24643,54,0
2020-10-09,23.847,25.148,23.835,25.114,27338,54,0
2020-10-11,25.061,25.274,25.054,25.18,1679,54,0
2020-10-12,25.181,25.528,24.759,25.148,30151,54,0
2020-10-13,25.145,25.146,23.913,24.146,34064,54,0
2020-10-14,24.138,24.608,23.851,24.156,31172,54,0
2020-10-15,24.156,24.297,23.548000000000002,24.221,32554,54,0
2020-10-16,24.224,24.495,24.031,24.11,27182,54,0
2020-10-18,24.18,24.203,24.114,24.183,1263,54,0
2020-10-19,24.181,24.941,24.094,24.395,30981,54,0
2020-10-20,24.393,24.897,24.297,24.741,29735,54,0
2020-10-21,24.736,25.256,24.71,24.943,31694,54,0
2020-10-22,24.938,25.006,24.342,24.669,27196,54,0
2020-10-23,24.663,24.828,24.389,24.572,23134,54,0
2020-10-25,24.561,24.567,24.163,24.436,1731,54,0
2020-10-26,24.436,24.54,24.073,24.261,27428,54,0
2020-10-27,24.257,24.585,24.174,24.294,24977,54,0
2020-10-28,24.294,24.542,23.003,23.422,32232,54,0
2020-10-29,23.422,23.556,22.563,23.284,33986,54,0
2020-10-30,23.284,23.79,23.155,23.626,31648,54,0
2020-11-01,23.599,23.599,23.364,23.419,937,54,0
2020-11-02,23.421,24.135,23.37,24.046,31017,54,0
2020-11-03,24.046,24.432,23.886,24.377,27759,54,0
2020-11-04,24.376,24.469,23.199,23.927,39177,54,0
2020-11-05,23.928,25.439,23.879,25.128,34117,54,0
2020-11-06,25.13,25.81,24.865,25.595,32748,54,0
2020-11-08,25.751,25.972,25.73,25.9,1021,67,0
2020-11-09,25.904,25.936,23.55,24.204,38065,54,0
2020-11-10,24.207,24.47,23.879,24.151,31590,54,0
2020-11-11,24.151,24.407,23.752,24.218,26616,54,0
2020-11-12,24.212,24.375,24.017,24.242,23159,54,0
2020-11-13,24.242,24.785,24.134,24.639,19927,54,0
2020-11-15,24.63,24.716,24.612,24.662,492,54,0
2020-11-16,24.662,25.046,24.191,24.737,24654,54,0
2020-11-17,24.737,24.784,24.334,24.467,21943,54,0
2020-11-18,24.467,24.671,24.173,24.255,21385,54,0
2020-11-19,24.246,24.33,23.615,23.935,23265,54,0
2020-11-20,23.935,24.496,23.926,24.138,18755,54,0
2020-11-22,24.132,24.181,24.12,24.179,369,54,0
2020-11-23,24.179,24.372,23.4,23.504,21179,54,0
2020-11-24,23.504,23.59,22.906,23.26,25296,54,0
2020-11-25,23.258,23.498,23.074,23.334,19609,54,0
2020-11-26,23.333,23.455,23.16,23.185,11550,54,0
2020-11-27,23.184,23.303,22.314,22.637,16674,54,0
2020-11-29,22.676,22.682,22.601,22.609,420,99,0
2020-11-30,22.609,22.658,21.872,22.634,26054,54,0
2020-12-01,22.634,24.026,22.589,23.8,22198,54,0
2020-12-02,23.799,24.292,23.521,24.012,23020,54,0
2020-12-03,24.013,24.256,23.716,24.005,23034,54,0
2020-12-04,24.008,24.375,23.91,24.156,20503,54,0
2020-12-06,24.15,24.191,24.051,24.09,450,54,0
2020-12-07,24.093,24.754,23.495,24.502,24325,54,0
2020-12-08,24.502,24.841,24.407,24.526,22417,54,0
2020-12-09,24.526,24.546,23.562,23.86,29752,54,0
2020-12-10,23.859,24.26,23.689,23.951,26596,54,0
2020-12-11,23.951,24.092,23.569,23.905,23850,54,0
2020-12-13,23.931,23.942,23.889,23.928,762,54,0
2020-12-14,23.927,24.211,23.643,23.826,24782,54,0
2020-12-15,23.824,24.535,23.813,24.459,25211,54,0
2020-12-16,24.459,25.465,24.419,25.324,32189,54,0
2020-12-17,25.325,26.069,25.133,25.869,30298,54,0
2020-12-18,25.869,26.093,25.629,25.775,28913,54,0
2020-12-20,25.808,25.874,25.796,25.818,519,67,0
2020-12-21,25.81,27.372,24.916,26.224,44550,54,0
2020-12-22,26.224,26.548000000000002,25.048,25.373,40073,54,0
2020-12-23,25.371,25.759,25.027,25.528,32934,54,0
2020-12-24,25.53,25.874,25.391,25.739,23567,54,0
2020-12-27,25.943,26.108,25.875,26.09,743,67,0
2020-12-28,26.096,26.746,26.072,26.373,32809,67,0
2020-12-29,26.37,26.573,25.923000000000002,26.142,30812,54,0
2020-12-30,26.144,26.644,26.112,26.626,28360,54,0
2020-12-31,26.629,26.675,26.234,26.324,22701,67,0
2021-01-03,26.623,26.887,26.603,26.822,956,67,0
2021-01-04,26.821,27.535,26.69,27.144,36415,67,0
2021-01-05,27.145,27.659,26.961,27.556,33588,67,0
2021-01-06,27.563,27.891,26.562,27.269,41855,67,0
2021-01-07,27.259,27.324,26.89,27.149,35038,67,0
2021-01-08,27.149,27.179,24.445,25.404,41826,54,0
2021-01-10,25.468,25.473,24.804,25.002,1383,67,0
2021-01-11,25.002,25.285,24.308,25.023,42240,54,0
2021-01-12,25.023,25.633,24.957,25.625,35229,54,0
2021-01-13,25.627,25.653,25.098,25.285,32717,54,0
2021-01-14,25.285,25.86,25.02,25.534,34118,54,0
2021-01-15,25.534,25.758,24.559,24.723,35965,54,0
2021-01-17,24.76,24.795,24.104,24.201,1489,67,0
2021-01-18,24.201,25.125,24.194,24.97,27977,54,0
2021-01-19,24.971,25.379,24.939,25.211,32428,54,0
2021-01-20,25.211,25.87,25.007,25.81,32822,54,0
2021-01-21,25.81,26.015,25.61,25.894,32733,54,0
2021-01-22,25.894,25.928,24.998,25.452,35246,54,0
2021-01-24,25.509,25.588,25.491,25.507,720,54,0
2021-01-25,25.514,25.735,25.136,25.313,34553,0,0
2021-01-26,25.312,25.62,25.163,25.424,29667,54,0
2021-01-27,25.425,25.444,24.675,25.129,35863,54,0
2021-01-28,25.129,26.94,24.832,26.458,43576,54,0
2021-01-29,26.46,27.622,26.017,26.955,47470,54,0
2021-01-31,28.425,28.976,28.345,28.569,3128,67,0
2021-02-01,28.571,30.018,27.932,28.504,53597,67,0
2021-02-02,28.506,28.859,26.254,26.78,43728,67,0
2021-02-03,26.784,27.158,26.456,26.808,35513,67,0
2021-02-04,26.81,26.819,25.871,26.297,36095,54,0
2021-02-05,26.296,27.012,26.169,26.885,31292,54,0
2021-02-07,27.175,27.273,27.1,27.228,941,67,0
2021-02-08,27.227,27.542,26.818,27.235,30484,67,0
2021-02-09,27.236,27.776,27.037,27.191,30700,67,0
2021-02-10,27.192,27.497,26.798000000000002,26.98,30412,67,0
2021-02-11,26.979,27.254,26.678,26.957,27809,67,0
2021-02-12,26.96,27.401,26.828,27.32,26350,67,0
2021-02-14,27.467,27.511,27.356,27.397,618,67,0
2021-02-15,27.395,27.672,27.333,27.55,17945,67,0
2021-02-16,27.55,27.922,26.805,27.037,31100,67,0
2021-02-17,27.044,27.418,26.828,27.375,27554,67,0
2021-02-18,27.374,27.492,26.118,26.541,26758,67,0
2021-02-19,26.536,27.578,26.479,27.243,29147,67,0
2021-02-21,27.502,27.52,27.3,27.368,888,67,0
2021-02-22,27.366,28.249,27.247,28.181,31463,67,0
2021-02-23,28.181,28.296,27.216,27.634,32368,67,0
2021-02-24,27.631,27.997,27.292,27.895,30852,67,0
2021-02-25,27.896,28.175,27.246,27.453,39334,67,0
2021-02-26,27.452,27.562,26.109,26.643,41387,54,0
2021-02-28,26.708,26.775,26.669,26.768,1056,67,0
2021-03-01,26.77,27.044,26.408,26.504,30389,67,0
2021-03-02,26.504,26.87,25.818,26.691,34227,54,0
2021-03-03,26.691,26.794,25.804,25.973,31138,54,0
2021-03-04,25.968,26.274,25.027,25.306,40370,54,0
2021-03-05,25.305,25.43,24.807,25.21,36027,54,0
2021-03-07,25.446,25.539,25.373,25.411,1144,67,0
2021-03-08,25.414,25.893,24.921,25.139,34698,54,0
2021-03-09,25.139,26.102,25.009,25.909,33073,54,0
2021-03-10,25.906,26.191,25.52,26.149,30073,54,0
2021-03-11,26.152,26.424,25.808,26.054,29327,54,0
2021-03-12,26.053,26.137,25.36,25.892,29442,54,0
2021-03-14,25.954,26.05,25.902,25.96,1417,67,0
2021-03-15,25.962,26.267,25.77,26.198,26414,54,0
2021-03-16,26.194,26.278,25.805,25.9,23850,54,0
2021-03-17,25.898,26.484,25.73,26.338,26929,54,0
2021-03-18,26.338,26.603,25.802,26.004,31394,54,0
2021-03-19,26.002,26.287,25.846,26.207,25272,54,0
2021-03-21,26.123,26.136,25.803,25.846,1860,67,0
2021-03-22,25.836,25.926,25.385,25.772,26567,54,0
2021-03-23,25.769,25.793,24.982,25.03,25391,54,0
2021-03-24,25.03,25.334,24.951,25.05,24427,54,0
2021-03-25,25.049,25.15,24.383,25.067,28810,54,0
2021-03-26,25.067,25.222,24.844,25.025,20773,54,0
2021-03-28,25.026,25.057,24.969,25.005,996,54,0
2021-03-29,25.008,25.014,24.425,24.645,25302,54,0
2021-03-30,24.645,24.708,23.824,23.991,27489,54,0
2021-03-31,23.991,24.501,23.751,24.405,25985,54,0
2021-04-01,24.405,24.947,24.225,24.929,23280,54,0
2021-04-04,24.926,24.996,24.896,24.986,1037,54,0
2021-04-05,24.985,25.054,24.587,24.791,17835,54,0
2021-04-06,24.792,25.27,24.745,25.134,22784,54,0
2021-04-07,25.134,25.249,24.833,25.131,22020,54,0
2021-04-08,25.131,25.588,24.941,25.381,21233,54,0
2021-04-09,25.381,25.473,24.959,25.227,21047,54,0
2021-04-11,25.18,25.241,25.174,25.226,734,54,0
2021-04-12,25.226,25.249,24.681,24.784,22540,54,0
2021-04-13,24.783,25.457,24.659,25.332,22554,54,0
2021-04-14,25.332,25.506,25.172,25.394,22477,54,0
2021-04-15,25.395,25.962,25.297,25.818,24933,54,0
2021-04-16,25.818,26.277,25.725,25.935,22310,54,0
2021-04-18,25.896,25.975,25.88,25.901,1022,54,0
2021-04-19,25.9,26.203,25.608,25.823,26749,54,0
2021-04-20,25.824,26.065,25.667,25.753,27707,54,0
2021-04-21,25.753,26.618,25.74,26.488,25387,54,0
2021-04-22,26.489,26.56,25.954,26.09,27262,54,0
2021-04-23,26.088,26.38,25.825,25.978,22270,54,0
2021-04-25,25.949,25.969,25.897,25.934,701,54,0
2021-04-26,25.934,26.209,25.826999999999998,26.185,19826,54,0
2021-04-27,26.185,26.431,26.025,26.206,19597,54,0
2021-04-28,26.205,26.295,25.808,26.289,23845,54,0
2021-04-29,26.289,26.45,25.68,26.08,22215,54,0
2021-04-30,26.079,26.167,25.776,25.881,21315,54,0
2021-05-02,25.842,25.868,25.803,25.841,594,54,0
2021-05-03,25.839,26.969,25.78,26.848,18141,54,0
2021-05-04,26.854,27.09,26.062,26.453,22151,54,0
2021-05-05,26.453,26.6,26.08,26.423,18635,54,0
2021-05-06,26.423,27.426,26.144,27.254,23676,54,0
2021-05-07,27.254,27.643,27.105,27.417,25506,54,0
2021-05-09,27.482,27.634,27.446,27.623,965,67,0
2021-05-10,27.623,27.848,27.202,27.299,25919,54,0
2021-05-11,27.297,27.635,27.074,27.541,25672,54,0
2021-05-12,27.541,27.665,26.92,27.087,29664,54,0
2021-05-13,27.083,27.21,26.693,27.02,29091,54,0
2021-05-14,27.021,27.451,26.789,27.393,23585,54,0
2021-05-16,27.387,27.475,27.387,27.455,764,67,0
2021-05-17,27.455,28.256,27.316,28.224,24275,54,0
2021-05-18,28.224,28.715,27.975,28.126,25970,67,0
2021-05-19,28.127,28.204,27.339,27.58,32436,54,0
2021-05-20,27.583,27.969,27.366,27.674,26215,54,0
2021-05-21,27.678,28.036,27.168,27.526,25473,54,0
2021-05-23,27.498,27.56,27.487,27.536,819,67,0
2021-05-24,27.536,27.873,27.431,27.652,23167,54,0
2021-05-25,27.651,28.003,27.432,27.955,24266,54,0
2021-05-26,27.955,28.2,27.57,27.651,24595,54,0
2021-05-27,27.653,27.874,27.467,27.853,23091,54,0
2021-05-28,27.853,27.941,27.367,27.896,22850,54,0
2021-05-30,27.895,27.935,27.893,27.906,633,67,0
2021-05-31,27.907,28.103,27.845,28.051,14580,54,0
2021-06-01,28.051,28.522,27.788,27.816,23541,54,0
2021-06-02,27.816,28.158,27.658,28.121,20290,54,0
2021-06-03,28.122,28.203,27.004,27.405,23979,54,0
2021-06-04,27.406,27.817,27.199,27.762,21883,54,0
2021-06-06,27.733,27.748,27.708,27.721,554,67,0
2021-06-07,27.721,27.919,27.449,27.863,19206,54,0
2021-06-08,27.863,27.945,27.481,27.593,21771,54,0
2021-06-09,27.593,27.97,27.487,27.79,19699,54,0
2021-06-10,27.788,27.999,27.436,27.935,22567,54,0
2021-06-11,27.935,28.254,27.864,27.89,21589,54,0
2021-06-13,27.928,27.966,27.791,27.801,952,67,0
2021-06-14,27.801,27.99,27.439,27.839,20046,54,0
2021-06-15,27.838,27.855,27.363,27.652,21346,54,0
2021-06-16,27.656,27.798000000000002,26.585,27.131,24421,54,0
2021-06-17,27.138,27.191,25.747,25.993,32361,54,0
2021-06-18,25.993,26.47,25.724,25.777,28358,54,0
2021-06-20,25.849,25.909,25.823,25.871,1148,54,0
2021-06-21,25.872,26.055,25.528,25.918,28879,54,0
2021-06-22,25.915,26.016,25.659,25.748,23642,54,0
2021-06-23,25.748,26.267,25.731,25.838,22412,54,0
2021-06-24,25.839,26.143,25.791,25.911,20142,54,0
2021-06-25,25.91,26.273,25.89,26.077,20036,54,0
2021-06-27,26.075,26.12,26.072,26.102,623,54,0
2021-06-28,26.101,26.201,25.766,26.082,20763,54,0
2021-06-29,26.082,26.094,25.5,25.779,20746,54,0
2021-06-30,25.775,26.121,25.678,26.068,19328,54,0
2021-07-01,26.068,26.376,25.922,25.978,20829,54,0
2021-07-02,25.977,26.54,25.956,26.439,19235,54,0
2021-07-04,26.427,26.44,26.396,26.415,552,54,0
2021-07-05,26.415,26.591,26.354,26.394,13143,54,0
2021-07-06,26.394,26.75,25.984,26.081,22876,54,0
2021-07-07,26.077,26.412,25.961,26.114,21230,54,0
2021-07-08,26.114,26.189,25.782,25.896,24824,54,0
2021-07-09,25.896,26.183,25.74,26.076,20093,54,0
2021-07-11,26.078,26.092,26.058,26.071,602,54,0
2021-07-12,26.071,26.257,25.846,26.232,20539,54,0
2021-07-13,26.232,26.324,25.912,25.945,20988,54,0
2021-07-14,25.945,26.439,25.917,26.194,20752,54,0
2021-07-15,26.194,26.371,26.133,26.299,21461,54,0
2021-07-16,26.297,26.425,25.575,25.642,22143,54,0
2021-07-18,25.624,25.68,25.595,25.678,1001,54,0
2021-07-19,25.678,25.734,24.973,25.144,27310,54,0
2021-07-20,25.145,25.249,24.793,24.939,24634,54,0
2021-07-21,24.94,25.281,24.73,25.25,22291,54,0
2021-07-22,25.249,25.434,24.988,25.394,21073,54,0
2021-07-23,25.394,25.449,24.977,25.157,20158,54,0
2021-07-25,25.168,25.181,25.14,25.153,294,54,0
2021-07-26,25.15,25.411,25.095,25.142,11871,54,0
2021-07-27,25.14,25.239,24.471,24.709,13244,54,0
2021-07-28,24.715,25.024,24.586,25.024,13370,54,0
2021-07-29,25.022,25.773,24.99,25.5,12412,54,0
2021-07-30,25.501,25.609,25.32,25.462,11696,54,0
2021-08-01,25.481,25.49,25.455,25.48,327,54,0
2021-08-02,25.478,25.609,25.275,25.37,13226,54,0
2021-08-03,25.369,25.576999999999998,25.22,25.538,9653,54,0
2021-08-04,25.537,25.978,25.302,25.345,11272,54,0
2021-08-05,25.344,25.483,25.058,25.114,10386,54,0
2021-08-06,25.113,25.178,24.173,24.318,11783,54,0
2021-08-08,24.28,24.287,22.197,23.531,3723,54,0
2021-08-09,23.539,24.022,23.21,23.437,20201,54,0
2021-08-10,23.44,23.647,23.21,23.299,12378,54,0
2021-08-11,23.3,23.563,23.185,23.507,12727,54,0
2021-08-12,23.506,23.514,22.982,23.181,11607,54,0
2021-08-13,23.18,23.807,23.143,23.718,10466,54,0
2021-08-15,23.737,23.745,23.657,23.664,322,54,0
2021-08-16,23.663,23.872,23.407,23.869,10005,54,0
2021-08-17,23.87,23.931,23.546,23.637,11973,54,0
2021-08-18,23.634,23.801,23.267,23.475,12131,54,0
2021-08-19,23.472,23.49,23.069,23.193,14613,54,0
2021-08-20,23.194,23.3,22.852,23.006,12097,54,0
2021-08-22,23.046,23.062,22.964,22.977,436,54,0
2021-08-23,22.975,23.667,22.951,23.578,12057,54,0
2021-08-24,23.58,23.926,23.513,23.8,10222,54,0
2021-08-25,23.804,23.864,23.555,23.836,11244,54,0
2021-08-26,23.837,23.846,23.411,23.563,11666,54,0
2021-08-27,23.558,24.09,23.32,23.993,13114,54,0
2021-08-29,24.017,24.072,24.012,24.058,465,54,0
2021-08-30,24.057,24.19,23.889,24.006,10738,54,0
2021-08-31,24.005,24.181,23.781,23.88,12918,54,0
2021-09-01,23.879,24.241,23.73,24.128,11726,54,0
2021-09-02,24.133,24.192,23.766,23.866,10403,54,0
2021-09-03,23.865,24.844,23.855,24.694,11577,54,0
2021-09-05,24.729,24.774,24.699,24.72,441,54,0
2021-09-06,24.722,24.794,24.615,24.653,6247,54,0
2021-09-07,24.652,24.801,24.14,24.302,13281,54,0
2021-09-08,24.3,24.387,23.884,23.958,13603,54,0
2021-09-09,23.956,24.265,23.82,24.022,13848,54,0
2021-09-10,24.025,24.274,23.704,23.714,12681,54,0
2021-09-12,23.752,23.786,23.746,23.754,356,54,0
2021-09-13,23.753,23.831,23.354,23.715,13391,54,0
2021-09-14,23.713,23.934,23.408,23.826,13770,54,0
2021-09-15,23.826999999999998,23.883,23.64,23.871,11880,54,0
2021-09-16,23.866,23.941,22.578,22.909,16674,54,0
2021-09-17,22.91,23.11,22.31,22.379,14582,54,0
2021-09-19,22.388,22.392,22.13,22.351,890,54,0
2021-09-20,22.349,22.488,22.011,22.268,14948,52,0
2021-09-21,22.264,22.696,22.216,22.478,13382,54,0
2021-09-22,22.475,23.117,22.441,22.662,16632,54,0
2021-09-23,22.669,22.855,22.446,22.54,14288,54,0
2021-09-24,22.537,22.774,22.083,22.404,12011,54,0
2021-09-26,22.411,22.425,22.374,22.392,356,54,0
2021-09-27,22.394,22.823,22.392,22.605,13656,54,0
2021-09-28,22.603,22.643,22.077,22.467,17311,54,0
2021-09-29,22.471,22.524,21.397,21.539,16445,32,0
2021-09-30,21.542,22.21,21.447,22.073,16292,32,0
2021-10-01,22.077,22.558,21.968,22.51,14967,52,0
2021-10-03,22.513,22.753,22.513,22.634,552,54,0
2021-10-04,22.633,22.678,22.258,22.59,14430,54,0
2021-10-05,22.592,22.632,22.346,22.599,12930,54,0
2021-10-06,22.597,22.655,22.186,22.636,16300,54,0
2021-10-07,22.637,22.782,22.361,22.564,12941,54,0
2021-10-08,22.562,23.164,22.408,22.637,15397,54,0
2021-10-10,22.678,22.681,22.543,22.58,797,54,0
2021-10-11,22.581,22.797,22.47,22.533,11948,54,0
2021-10-12,22.528,22.743,22.319,22.514,13602,54,0
2021-10-13,22.512,23.22,22.444,23.038,13897,54,0
2021-10-14,23.036,23.556,22.873,23.481,12258,54,0
2021-10-15,23.479,23.565,23.045,23.284,12851,54,0
2021-10-17,23.314,23.359,23.277,23.32,739,54,0
2021-10-18,23.321,23.429,22.987,23.169,14050,54,0
2021-10-19,23.165,24.095,23.165,23.613,14934,54,0
2021-10-20,23.614,24.394,23.547,24.262,13914,54,0
2021-10-21,24.263,24.459,23.982,24.127,15565,54,0
2021-10-22,24.129,24.8,24.097,24.299,16155,54,0
2021-10-24,24.307,24.378,24.3,24.362,514,54,0
2021-10-25,24.371,24.594,24.279,24.529,13240,54,0
2021-10-26,24.527,24.531,23.852,24.12,13902,54,0
2021-10-27,24.122,24.228,23.81,24.014,14232,54,0
2021-10-28,24.013,24.22,23.936,24.039,15524,54,0
2021-10-29,24.037,24.054,23.633,23.862,15256,54,0
2021-10-31,23.829,23.832,23.722,23.75,416,54,0
2021-11-01,23.752,24.071,23.724,23.996,11764,54,0
2021-11-02,23.998,24.04,23.364,23.499,11806,54,0
2021-11-03,23.501,23.696,22.996,23.695,15670,54,0
2021-11-04,23.696,24.016,23.416,23.75,13608,54,0
2021-11-05,23.747,24.14,23.596,24.13,14341,54,0
2021-11-07,24.123,24.152,24.103,24.103,327,54,0
2021-11-08,24.105,24.487,24.031,24.422,12438,54,0
2021-11-09,24.421,24.45,24.001,24.282,12642,54,0
2021-11-10,24.28,25.102,24.034,24.62,16268,54,0
2021-11-11,24.617,25.239,24.565,25.219,14166,54,0
2021-11-12,25.216,25.357,24.826,25.279,13237,54,0
2021-11-14,25.282,25.356,25.276,25.312,306,54,0
2021-11-15,25.313,25.334,24.884,25.04,12189,54,0
2021-11-16,25.038,25.377,24.743,24.81,15002,54,0
2021-11-17,24.811,25.18,24.788,25.035,12582,54,0
2021-11-18,25.036,25.132,24.655,24.8,13716,54,0
2021-11-19,24.798000000000002,24.955,24.531,24.604,15144,54,0
2021-11-21,24.576999999999998,24.629,24.557,24.587,517,54,0
2021-11-22,24.591,24.859,24.078,24.216,15416,54,0
2021-11-23,24.215,24.297,23.251,23.635,17518,54,0
2021-11-24,23.638,23.662,23.374,23.541,14356,54,0
2021-11-25,23.544,23.7,23.534,23.553,6860,54,0
2021-11-26,23.546,23.701999999999998,22.894,23.014,14148,54,0
2021-11-28,23.129,23.3,23.046,23.299,799,54,0
2021-11-29,23.297,23.416,22.731,22.916,14691,54,0
2021-11-30,22.913,23.285,22.669,22.777,18136,54,0
2021-12-01,22.779,23.006,22.162,22.355,17948,54,0
2021-12-02,22.356,22.48,22.191,22.361,14725,54,0
2021-12-03,22.359,22.561,22.013,22.521,14597,54,0
2021-12-05,22.507,22.566,22.468,22.559,325,54,0
2021-12-06,22.56,22.576,22.101,22.368,11523,54,0
2021-12-07,22.367,22.573,22.208,22.489,10008,54,0
2021-12-08,22.491,22.538,22.282,22.426,10102,54,0
2021-12-09,22.423,22.45,21.84,21.964,11115,52,0
2021-12-10,21.962,22.205,21.804,22.167,9028,52,0
2021-12-12,22.193,22.227,22.193,22.198,205,54,0
2021-12-13,22.197,22.393,22.122,22.279,8782,54,0
2021-12-14,22.281,22.312,21.668,21.942,10324,52,0
2021-12-15,21.944,22.106,21.403,22.059,14120,32,0
2021-12-16,22.061,22.51,21.89,22.432,11798,52,0
2021-12-17,22.436,22.652,22.333,22.337,10468,54,0
2021-12-19,22.376,22.383,22.327,22.332,290,54,0
2021-12-20,22.336,22.421,22.169,22.232,9078,52,0
2021-12-21,22.229,22.763,22.155,22.475,9635,54,0
2021-12-22,22.476,22.807,22.417,22.751,8328,54,0
2021-12-23,22.75,22.907,22.631,22.853,7972,54,0
2021-12-26,22.773,22.837,22.765,22.823,200,45,0
2021-12-27,22.826,23.088,22.624,23.024,7955,54,0
2021-12-28,23.028,23.409,22.94,22.985,8085,54,0
2021-12-29,22.982,23.132,22.567,22.798000000000002,9325,54,0
2021-12-30,22.801,23.088,22.576,23.047,8260,54,0
2021-12-31,23.049,23.313,23.015,23.248,8397,54,0
2022-01-02,23.317,23.38,23.259,23.264,274,54,0
2022-01-03,23.265,23.277,22.65,22.893,10984,54,0
2022-01-04,22.891,23.076,22.617,23.031,11864,54,0
2022-01-05,23.032,23.23,22.701999999999998,22.754,11439,54,0
2022-01-06,22.752,22.806,21.98,22.166,15251,52,0
2022-01-07,22.168,22.413,21.931,22.347,12059,52,0
2022-01-09,22.334,22.374,22.311,22.339,283,54,0
2022-01-10,22.337,22.494,22.168,22.465,12712,52,0
2022-01-11,22.464,22.781,22.438,22.727,11148,54,0
2022-01-12,22.725,23.196,22.622,23.1,11060,54,0
2022-01-13,23.103,23.245,22.973,23.032,10936,54,0
2022-01-14,23.031,23.285,22.801,22.934,11504,54,0
2022-01-16,22.897,22.923000000000002,22.889,22.921,252,54,0
2022-01-17,22.922,23.089,22.808,22.999,5491,45,0
2022-01-18,23.0,23.612,22.781,23.446,12931,44,0
2022-01-19,23.447,24.184,23.364,24.067,12738,54,0
2022-01-20,24.074,24.676,24.052,24.359,13514,54,0
2022-01-21,24.357,24.553,24.143,24.27,15873,54,0
2022-01-23,24.188,24.286,24.184,24.262,404,54,0
2022-01-24,24.264,24.264,23.538,23.925,17232,54,0
2022-01-25,23.924,23.945,23.575,23.869,14896,54,0
2022-01-26,23.865,23.95,23.41,23.566,16301,54,0
2022-01-27,23.564,23.564,22.553,22.718,19573,54,0
2022-01-28,22.716,22.795,22.124,22.448,17295,52,0
2022-01-30,22.377,22.412,22.354,22.385,374,37,0
2022-01-31,22.387,22.626,22.234,22.464,13209,37,0
2022-02-01,22.463,23.027,22.389,22.607,13385,37,0
2022-02-02,22.605,22.847,22.451,22.602,11740,37,0
2022-02-03,22.605,22.64,21.988,22.408,13086,37,0
2022-02-04,22.407,22.651,22.098,22.5,13839,37,0
2022-02-06,22.535,22.594,22.528,22.58,330,37,0
2022-02-07,22.581,23.085,22.581,23.023,13263,37,0
2022-02-08,23.024,23.239,22.759,23.164,10090,37,0
2022-02-09,23.165,23.336,23.076,23.275,9120,37,0
2022-02-10,23.273,23.695,23.118,23.164,15071,37,0
2022-02-11,23.163,23.671,22.845,23.551,18542,37,0
2022-02-13,23.514,23.623,23.512,23.611,572,37,0
2022-02-14,23.613,23.923000000000002,23.536,23.861,17741,37,0
2022-02-15,23.862,23.972,23.064,23.36,15924,37,0
2022-02-16,23.359,23.65,23.264,23.571,13037,37,0
2022-02-17,23.567,23.901,23.408,23.823,17203,37,0
2022-02-18,23.821,24.068,23.667,23.902,14298,37,0
2022-02-20,23.977,24.018,23.946,23.981,479,37,0
2022-02-21,23.984,24.147,23.679,23.988,11772,35,0
2022-02-22,23.987,24.345,23.891,24.121,19016,35,0
2022-02-23,24.123,24.568,24.013,24.525,13457,37,0
2022-02-24,24.532,25.595,23.822,24.172,31596,37,0
2022-02-25,24.175,24.48,23.86,24.249,19863,37,0
2022-02-27,24.605,24.616,24.355,24.44,1213,47,0
2022-02-28,24.443,24.565,24.074,24.397,18251,37,0
2022-03-01,24.395,25.522,24.265,25.347,17748,37,0
2022-03-02,25.348,25.36,24.839,25.225,22415,37,0
2022-03-03,25.227,25.456,24.948,25.08,18372,37,0
2022-03-04,25.079,25.717,25.024,25.679,19236,37,0
2022-03-06,25.958,26.061,25.883,26.025,1114,47,0
2022-03-07,26.026,26.122,25.272,25.673000000000002,26545,38,0
2022-03-08,25.68,26.926,25.335,26.442,32557,38,0
2022-03-09,26.444,26.753,25.383,25.622,27652,47,0
2022-03-10,25.623,26.042,25.296,25.869,21606,47,0
2022-03-11,25.865,25.976,25.393,25.836,18373,47,0
2022-03-13,25.776,25.834,25.509,25.558,1152,47,0
2022-03-14,25.552,25.739,24.913,25.058,17501,37,0
2022-03-15,25.056,25.057,24.513,24.923000000000002,19202,37,0
2022-03-16,24.914,25.173,24.45,25.125,18286,37,0
2022-03-17,25.124,25.518,25.039,25.378,15475,37,0
2022-03-18,25.371,25.423,24.816,24.945,14000,37,0
2022-03-20,25.037,25.124,24.885,24.89,735,47,0
2022-03-21,24.888,25.285,24.866,25.216,13320,37,0
2022-03-22,25.213,25.361,24.554,24.743,15186,37,0
2022-03-23,24.746,25.18,24.655,25.153,12332,37,0
2022-03-24,25.148,25.826,24.948,25.561,14657,37,0
2022-03-25,25.56,25.703,25.236,25.502,13279,37,0
2022-03-27,25.522,25.561,25.416,25.43,683,47,0
2022-03-28,25.423,25.449,24.773,24.917,16513,37,0
2022-03-29,24.911,24.99,23.951999999999998,24.722,16259,37,0
2022-03-30,24.721,25.043,24.68,24.878,14027,37,0
2022-03-31,24.877,25.066,24.548000000000002,24.778,13672,37,0
2022-04-01,24.779,24.84,24.406,24.608,14053,37,0
2022-04-03,24.618,24.618,24.559,24.594,346,47,0
2022-04-04,24.591,24.825,24.262,24.51,12083,37,0
2022-04-05,24.509,24.925,24.209,24.262,13911,37,0
2022-04-06,24.264,24.549,24.104,24.395,15116,37,0
2022-04-07,24.398,24.645,24.221,24.618,12669,37,0
2022-04-08,24.62,24.79,24.357,24.758,11263,37,0
2022-04-10,24.788,24.82,24.741,24.752,601,47,0
2022-04-11,24.753,25.351,24.654,25.077,14410,37,0
2022-04-12,25.075,25.59,24.846,25.375,13131,37,0
2022-04-13,25.38,25.809,25.33,25.646,11995,47,0
2022-04-14,25.639,25.849,25.274,25.63,12748,37,0
2022-04-17,25.625,25.834,25.606,25.834,787,47,0
2022-04-18,25.839,26.197,25.724,25.839,13977,47,0
2022-04-19,25.832,25.976,25.035,25.081,15387,37,0
2022-04-20,25.082,25.269,24.871,25.146,13999,37,0
2022-04-21,25.144,25.163,24.399,24.606,15922,37,0
2022-04-22,24.605,24.63,24.034,24.14,18184,37,0
2022-04-24,24.14,24.157,24.033,24.097,583,37,0
2022-04-25,24.095,24.128,23.384,23.669,20482,37,0
2022-04-26,23.666,23.909,23.383,23.582,18612,37,0
2022-04-27,23.583,23.676,23.227,23.312,17839,37,0
2022-04-28,23.309,23.337,22.868,23.16,16440,37,0
2022-04-29,23.162,23.545,22.666,22.744,17597,37,0
2022-05-01,22.835,22.841,22.683,22.755,926,37,0
2022-05-02,22.756,22.795,22.103,22.618,16610,37,0
2022-05-03,22.625,22.822,22.404,22.578,16348,37,0
2022-05-04,22.576999999999998,23.076,22.197,22.991,16715,37,0
2022-05-05,22.989,23.265,22.304,22.437,20923,37,0
2022-05-06,22.434,22.623,22.085,22.341,18693,37,0
2022-05-08,22.324,22.351,22.258,22.259,672,37,0
2022-05-09,22.261,22.307,21.674,21.801,19906,37,0
2022-05-10,21.799,22.083,21.166,21.25,21762,37,0
2022-05-11,21.251,21.946,21.226,21.524,19941,37,0
2022-05-12,21.526,21.642,20.599,20.792,21630,37,0
2022-05-13,20.796,21.101,20.439,21.091,16324,37,0
2022-05-15,21.149,21.207,21.112,21.205,689,37,0
2022-05-16,21.203,21.667,20.828,21.583,16574,37,0
2022-05-17,21.584,21.898,21.494,21.615,14998,37,0
2022-05-18,21.612,21.736,21.278,21.322,14298,37,0
2022-05-19,21.316,21.977,21.266,21.885,17387,37,0
2022-05-20,21.887,22.061,21.591,21.74,14318,37,0
2022-05-22,21.814,21.846,21.763,21.79,596,37,0
2022-05-23,21.788,22.171,21.659,21.74,12985,37,0
2022-05-24,21.744,22.187,21.652,22.113,11664,37,0
2022-05-25,22.115,22.128,21.723,21.967,11247,37,0
2022-05-26,21.965,22.055,21.707,22.002,10368,37,0
2022-05-27,21.997,22.425,21.921,22.083,11047,37,0
2022-05-29,22.058,22.082,21.997,22.023,276,37,0
2022-05-30,22.026,22.265,21.895,21.907,7692,37,0
2022-05-31,21.908,21.963,21.468,21.529,13771,37,0
2022-06-01,21.533,21.956,21.418,21.771,12819,37,0
2022-06-02,21.774,22.368,21.747,22.366,11541,37,0
2022-06-03,22.37,22.466,21.83,21.905,12682,37,0
2022-06-05,21.922,21.937,21.879,21.897,402,37,0
2022-06-06,21.891,22.496,21.887,22.017,12640,37,0
2022-06-07,22.018,22.266,21.845,22.224,12880,37,0
2022-06-08,22.227,22.229,21.792,22.034,11551,37,0
2022-06-09,22.033,22.128,21.537,21.634,13403,37,0
2022-06-10,21.64,21.976,21.277,21.878,16062,37,0
2022-06-12,21.975,21.986,21.858,21.89,772,37,0
2022-06-13,21.893,21.897,20.947,21.109,19128,37,0
2022-06-14,21.112,21.362,20.88,21.08,18108,37,0
2022-06-15,21.078,21.828,21.028,21.696,21040,37,0
2022-06-16,21.694,21.949,21.331,21.853,17364,37,0
2022-06-17,21.859,21.931,21.561,21.664,15699,37,0
2022-06-19,21.537,21.64,21.53,21.627,569,37,0
2022-06-20,21.629,21.744,21.454,21.584,10805,37,0
2022-06-21,21.582,21.922,21.33,21.601,14054,37,0
2022-06-22,21.598,21.601,21.22,21.374,16081,37,0
2022-06-23,21.375,21.489,20.905,20.997,16409,37,0
2022-06-24,20.995,21.205,20.594,21.123,15544,37,0
2022-06-26,21.205,21.212,21.124,21.131,775,37,0
2022-06-27,21.129,21.521,21.077,21.145,13690,37,0
2022-06-28,21.146,21.346,20.779,20.802,11091,37,0
2022-06-29,20.804,21.043,20.615,20.734,13639,37,0
2022-06-30,20.739,20.803,20.154,20.244,15161,37,0
2022-07-01,20.246,20.276,19.368,19.844,19035,36,0
2022-07-03,19.868,19.957,19.823,19.823,583,37,0
2022-07-04,19.824,20.032,19.752,19.974,9253,36,0
2022-07-05,19.969,20.186,19.082,19.223,17891,22,0
2022-07-06,19.226,19.378,18.907,19.164,19529,22,0
2022-07-07,19.16,19.47,19.083,19.231,14440,22,0
2022-07-08,19.233,19.435,19.003,19.294,15246,22,0
2022-07-10,19.245,19.348,19.245,19.321,557,37,0
2022-07-11,19.326,19.354,19.054,19.083,14334,22,0
2022-07-12,19.087,19.183,18.728,18.878,17213,22,0
2022-07-13,18.883,19.392,18.845,19.117,18146,22,0
2022-07-14,19.119,19.182,18.134,18.442,21867,22,0
2022-07-15,18.434,18.763,18.181,18.693,17824,22,0
2022-07-17,18.695,18.754,18.685,18.734,587,22,0
2022-07-18,18.731,19.002,18.623,18.706,15368,22,0
2022-07-19,18.709,18.897,18.568,18.753,12630,22,0
2022-07-20,18.755,19.079,18.604,18.664,13000,22,0
2022-07-21,18.658,18.864,18.229,18.799,15226,22,0
2022-07-22,18.801,18.937,18.499,18.586,15163,22,0
2022-07-24,18.572,18.574,18.513,18.513,424,22,0
2022-07-25,18.515,18.778,18.307,18.385,12460,22,0
2022-07-26,18.387,18.71,18.378,18.665,11646,22,0
2022-07-27,18.666,19.169,18.442,19.134,13891,22,0
2022-07-28,19.129,20.004,19.048,19.934,16555,22,0
2022-07-29,19.929,20.35,19.831,20.34,14916,37,0
2022-07-31,20.221,20.251,20.177,20.2,559,37,0
2022-08-01,20.204,20.489,20.07,20.313,15731,37,0
2022-08-02,20.308,20.491,19.831,19.847,18331,36,0
2022-08-03,19.852,20.152,19.766,19.975,14576,36,0
2022-08-04,19.973,20.371,19.948,20.186,13732,37,0
2022-08-05,20.188,20.298,19.535,19.886,14108,36,0
2022-08-07,19.841,19.847,19.793,19.812,561,37,0
2022-08-08,19.81,20.725,19.782,20.69,11648,37,0
2022-08-09,20.689,20.722,20.397,20.499,10906,37,0
2022-08-10,20.501,20.825,20.332,20.574,12584,37,0
2022-08-11,20.575,20.616,20.23,20.258,12349,37,0
2022-08-12,20.254,20.818,20.224,20.796,11481,37,0
2022-08-14,20.773,20.786,20.74,20.755,466,37,0
2022-08-15,20.75,20.856,20.071,20.231,13288,37,0
2022-08-16,20.233,20.248,19.896,20.113,12009,37,0
2022-08-17,20.109,20.257,19.679,19.805,13975,36,0
2022-08-18,19.804,19.92,19.468,19.495,13012,36,0
2022-08-19,19.494,19.497,19.008,19.037,12914,22,0
2022-08-21,19.006,19.054,18.956,18.982,501,36,0
2022-08-22,18.979,19.139,18.701999999999998,18.94,15255,22,0
2022-08-23,18.947,19.262,18.78,19.07,14256,22,0
2022-08-24,19.075,19.212,18.938,19.103,12959,22,0
2022-08-25,19.098,19.383,19.087,19.181,12781,22,0
2022-08-26,19.18,19.41,18.805,18.887,15055,22,0
2022-08-28,18.775,18.848,18.713,18.716,782,36,0
2022-08-29,18.721,18.899,18.494,18.776,12311,22,0
2022-08-30,18.783,18.832,18.338,18.393,14521,22,0
2022-08-31,18.399,18.533,17.895,17.911,15524,22,0
2022-09-01,17.908,17.908,17.55,17.824,17244,22,0
2022-09-02,17.82,18.277,17.775,18.043,15308,22,0
2022-09-04,17.962,17.977,17.932,17.939,616,22,0
2022-09-05,17.938,18.239,17.938,18.206,8201,22,0
2022-09-06,18.203,18.564,17.933,17.975,16097,22,0
2022-09-07,17.972,18.466,17.838,18.435,14983,22,0
2022-09-08,18.439,18.729,18.312,18.558,16114,22,0
2022-09-09,18.555,18.934,18.543,18.829,14347,22,0
2022-09-11,18.936,18.99,18.888,18.917,475,36,0
2022-09-12,18.918,19.995,18.826,19.828,15524,22,0
2022-09-13,19.821,19.927,19.277,19.332,17010,22,0
2022-09-14,19.337,19.678,19.221,19.631,16177,22,0
2022-09-15,19.629,19.641,18.888,18.949,15043,22,0
2022-09-16,18.951999999999998,19.605,18.766,19.558,15840,22,0
2022-09-18,19.528,19.639,19.507,19.598,575,37,0
2022-09-19,19.596,19.623,19.203,19.52,13413,22,0
2022-09-20,19.518,19.561,19.046,19.276,13855,22,0
2022-09-21,19.275,19.904,19.229,19.445,18027,22,0
2022-09-22,19.449,19.839,19.231,19.656,19339,22,0
2022-09-23,19.652,19.692,18.764,18.853,18203,22,0
2022-09-25,18.774,18.826,18.703,18.77,862,36,0
2022-09-26,18.768,19.015,18.312,18.424,23635,22,0
2022-09-27,18.427,18.773,18.311,18.377,18448,22,0
2022-09-28,18.378,18.963,17.955,18.826999999999998,23241,22,0
2022-09-29,18.822,18.893,18.48,18.887,21040,22,0
2022-09-30,18.89,19.274,18.76,19.018,19204,22,0
2022-10-02,19.072,19.139,19.067,19.095,704,37,0
2022-10-03,19.09,20.826999999999998,19.036,20.757,19002,22,0
2022-10-04,20.764,21.223,20.591,21.004,18867,37,0
2022-10-05,21.006,21.018,19.924,20.665,18943,37,0
2022-10-06,20.662,20.851,20.343,20.579,18056,37,0
2022-10-07,20.581,20.811,19.982,20.119,18604,37,0
2022-10-09,20.093,20.171,20.079,20.114,769,37,0
2022-10-10,20.113,20.135,19.5,19.619,17466,36,0
2022-10-11,19.616,19.704,19.046,19.11,20294,22,0
2022-10-12,19.113,19.296,18.848,19.047,20015,22,0
2022-10-13,19.043,19.294,18.438,18.85,22836,22,0
2022-10-14,18.844,19.054,18.081,18.257,21138,22,0
2022-10-16,18.298,18.391,18.28,18.385,620,22,0
2022-10-17,18.387,18.932,18.329,18.647,15977,22,0
2022-10-18,18.651,18.915,18.534,18.761,17496,22,0
2022-10-19,18.752,18.785,18.355,18.397,16469,22,0
2022-10-20,18.398,18.984,18.221,18.595,18168,22,0
2022-10-21,18.593,19.404,18.274,19.396,23302,22,0
2022-10-23,19.448,19.663,19.367,19.451,2066,37,0
2022-10-24,19.447,19.488,18.999,19.284,19842,22,0
2022-10-25,19.282,19.414,18.773,19.308,17772,22,0
2022-10-26,19.305,19.76,19.198,19.598,17245,22,0
2022-10-27,19.6,19.652,19.276,19.533,18975,22,0
2022-10-28,19.534,19.62,18.98,19.247,16725,22,0
2022-10-30,19.168,19.229,19.159,19.203,526,36,0
2022-10-31,19.209,19.24,18.887,19.148,13233,22,0
2022-11-01,19.149,20.01,19.135,19.613,17321,22,0
2022-11-02,19.614,20.061,19.096,19.138,17486,36,0
2022-11-03,19.136,19.526,18.816,19.436,17486,22,0
2022-11-04,19.439,20.888,19.398,20.824,20449,36,0
2022-11-06,20.513,20.582,20.45,20.506,784,37,0
2022-11-07,20.508,20.99,20.366,20.747,18470,37,0
2022-11-08,20.743,21.608,20.475,21.367,17820,37,0
2022-11-09,21.363,21.588,20.976,21.025,21041,37,0
2022-11-10,21.022,21.812,20.94,21.588,22432,37,0
2022-11-11,21.59,22.041,21.258,21.69,21392,37,0
2022-11-13,21.539,21.6,21.527,21.572,492,37,0
2022-11-14,21.575,22.067,21.278,21.912,18818,37,0
2022-11-15,21.915,22.228,21.369,21.572,23764,37,0
2022-11-16,21.571,22.031,21.378,21.409,20767,37,0
2022-11-17,21.41,21.452,20.74,20.945,18659,37,0
2022-11-18,20.947,21.276,20.824,20.926,15258,37,0
2022-11-20,20.962,20.987,20.947,20.983,245,37,0
2022-11-21,20.985,20.986,20.565,20.845,16130,37,0
2022-11-22,20.848,21.317,20.831,21.069,15131,37,0
2022-11-23,21.072,21.581,20.892,21.564,15958,37,0
2022-11-24,21.565,21.658,21.423,21.46,9963,37,0
2022-11-25,21.474,21.534,21.142,21.425,12147,37,0
2022-11-27,21.289,21.299,21.23,21.245,307,67,0
2022-11-28,21.265,21.599,20.852,20.902,15461,37,0
2022-11-29,20.903,21.431,20.882,21.201,15851,37,0
2022-11-30,21.202,22.39,21.183,22.332,18824,37,0
2022-12-01,22.333,22.766,22.027,22.683,19398,37,0
2022-12-02,22.681,23.217,22.261,23.131,19890,37,0
2022-12-04,23.085,23.249,23.049,23.235,507,37,0
2022-12-05,23.232,23.493,22.149,22.23,20053,37,0
2022-12-06,22.235,22.588,22.01,22.163,17588,37,0
2022-12-07,22.158,22.799,22.074,22.701999999999998,19743,37,0
2022-12-08,22.704,23.201,22.531,23.081,16423,37,0
2022-12-09,23.079,23.666,22.939,23.453,17838,37,0
2022-12-11,23.369,23.408,23.334,23.349,393,37,0
2022-12-12,23.345,23.513,23.091,23.33,16676,37,0
2022-12-13,23.327,24.108,23.284,23.676,21431,37,0
2022-12-14,23.669,24.028,23.36,23.859,20127,37,0
2022-12-15,23.857,23.871,22.947,23.042,22229,37,0
2022-12-16,23.044,23.234,22.539,23.208,19751,37,0
2022-12-18,23.173,23.192,23.126,23.126,244,37,0
2022-12-19,23.13,23.392,22.821,22.967,15720,37,0
2022-12-20,22.963,24.229,22.864,24.115,22427,37,0
2022-12-21,24.117,24.276,23.811,23.94,16685,37,0
2022-12-22,23.936,24.067,23.362,23.57,16666,37,0
2022-12-23,23.572,23.878,23.499,23.723,14345,37,0
2022-12-26,23.715,23.845,23.7,23.739,426,224,0
2022-12-27,23.738,24.26,23.709,24.007,14875,37,0
2022-12-28,24.009,24.053,23.447,23.522,14992,37,0
2022-12-29,23.526,24.044,23.503,23.852,13813,37,0
2022-12-30,23.854,24.125,23.507,23.939,14917,37,0
2023-01-02,23.97,24.081,23.914,24.057,726,96,0
2023-01-03,24.056,24.525,23.837,23.958,21379,37,0
2023-01-04,23.956,24.436,23.569,23.785,20726,37,0
2023-01-05,23.78,23.894,23.1,23.203,19805,37,0
2023-01-06,23.204,23.894,23.185,23.825,17621,37,0
2023-01-08,23.867,24.018,23.853,23.987,568,37,0
2023-01-09,23.988,24.084,23.564,23.637,17464,37,0
2023-01-10,23.635,23.751,23.41,23.599,16971,37,0
2023-01-11,23.597,24.022,23.199,23.412,16808,37,0
2023-01-12,23.414,24.159,23.388,23.789,18971,37,0
2023-01-13,23.791,24.274,23.48,24.242,17914,37,0
2023-01-15,24.22,24.288,24.215,24.261,351,38,0
2023-01-16,24.258,24.486,23.912,24.275,11708,37,0
2023-01-17,24.279,24.345,23.806,23.934,17729,37,0
2023-01-18,23.931,24.323,23.407,23.477,20806,37,0
2023-01-19,23.476,23.922,23.149,23.845,19953,37,0
2023-01-20,23.844,24.054,23.69,23.896,16966,37,0
2023-01-22,23.928,23.994,23.928,23.992,362,37,0
2023-01-23,23.997,24.141,22.741,23.386,17172,37,0
2023-01-24,23.388,23.72,23.196,23.611,15294,37,0
2023-01-25,23.616,23.954,23.314,23.947,16093,37,0
2023-01-26,23.949,24.268,23.582,23.899,17515,37,0
2023-01-27,23.898,23.989,23.284,23.583,15040,37,0
2023-01-29,23.558,23.626,23.558,23.624,327,37,0
2023-01-30,23.623,23.788,23.525,23.563,14970,37,0
2023-01-31,23.558,23.748,22.955,23.661,15911,37,0
2023-02-01,23.657,24.062,23.348,24.031,18218,37,0
2023-02-02,24.033,24.613,23.404,23.456,21875,37,0
2023-02-03,23.458,23.587,22.277,22.335,20126,0,0
2023-02-05,22.286,22.385,22.227,22.259,566,37,0
2023-02-06,22.256,22.596,22.132,22.269,17588,37,0
2023-02-07,22.268,22.441,22.03,22.202,19604,37,0
2023-02-08,22.199,22.519,22.195,22.27,15974,37,0
2023-02-09,22.272,22.573,21.896,21.921,16249,37,0
2023-02-10,21.922,22.289,21.815,21.999,19009,37,0
2023-02-12,21.965,21.995,21.904,21.904,322,37,0
2023-02-13,21.905,22.064,21.775,21.991,14006,37,0
2023-02-14,21.99,22.022,21.589,21.845,18746,37,0
2023-02-15,21.846,21.861,21.411,21.62,16192,37,0
2023-02-16,21.622,21.795,21.415,21.509,17076,37,0
2023-02-17,21.507,21.789,21.162,21.712,16074,37,0
2023-02-19,21.688,21.691,21.567,21.576999999999998,320,37,0
2023-02-20,21.576,21.892,21.535,21.771,9928,33,0
2023-02-21,21.788,21.957,21.63,21.844,15764,33,0
2023-02-22,21.841,21.963,21.428,21.495,15918,37,0
2023-02-23,21.496,21.661,21.248,21.307,14754,37,0
2023-02-24,21.302,21.381,20.721,20.741,13392,37,0
2023-02-26,20.761,20.826,20.743,20.759,329,37,0
2023-02-27,20.756,20.817,20.54,20.61,14046,37,0
2023-02-28,20.612,20.988,20.404,20.865,13080,37,0
2023-03-01,20.863,21.158,20.815,20.959,15080,37,0
2023-03-02,20.957,20.998,20.658,20.937,14568,37,0
2023-03-03,20.936,21.253,20.826,21.239,13194,37,0
2023-03-05,21.184,21.194,21.159,21.167,260,37,0
2023-03-06,21.17,21.287,20.963,21.027,13494,37,0
2023-03-07,21.023,21.123,20.011,20.08,14961,37,0
2023-03-08,20.081,20.208,19.897,20.023,15192,37,0
2023-03-09,20.021,20.272,19.96,20.071,12928,37,0
2023-03-10,20.07,20.775,19.883,20.513,20051,37,0
2023-03-12,20.813,20.872,20.618,20.649,2674,37,0
2023-03-13,20.645,21.91,20.573,21.773,27638,37,0
2023-03-14,21.772,21.957,21.493,21.664,21843,37,0
2023-03-15,21.66,22.364,21.52,21.789,24991,37,0
2023-03-16,21.783,22.074,21.454,21.717,21669,37,0
2023-03-17,21.719,22.588,21.644,22.57,18803,37,0
2023-03-19,22.61,22.623,22.35,22.37,1369,37,0
2023-03-20,22.373,22.698,22.205,22.495,23685,37,0
2023-03-21,22.497,22.633,22.139,22.416,17138,37,0
2023-03-22,22.414,23.052,22.253,22.965,19388,37,0
2023-03-23,22.968,23.204,22.743,23.028,20328,37,0
2023-03-24,23.027,23.508,22.949,23.209,20601,37,0
2023-03-26,23.15,23.193,23.07,23.193,762,37,0
2023-03-27,23.191,23.222,22.831,23.105,15266,37,0
2023-03-28,23.1,23.359,22.81,23.328,14517,37,0
2023-03-29,23.33,23.4,23.03,23.293,12939,37,0
2023-03-30,23.294,23.909,23.219,23.856,15143,37,0
2023-03-31,23.861,24.144,23.672,24.081,15234,37,0
2023-04-02,24.043,24.044,23.806,23.809,1123,37,0
2023-04-03,23.81,24.175,23.553,23.94,16713,37,0
2023-04-04,23.941,25.002,23.808,24.963,17397,37,0
2023-04-05,24.964,25.114,24.62,24.91,16113,37,0
2023-04-06,24.909,24.985,24.542,24.946,14902,37,0
2023-04-09,24.803,24.981,24.803,24.919,923,47,0
2023-04-10,24.918,25.054,24.698,24.867,12335,37,0
2023-04-11,24.872,25.113,24.813,25.037,12460,37,0
2023-04-12,25.039,25.647,25.022,25.516,16476,37,0
2023-04-13,25.513,25.946,25.368,25.779,15397,47,0
2023-04-14,25.775,26.064,25.131,25.359,17985,47,0
2023-04-16,25.317,25.368,25.267,25.303,633,47,0
2023-04-17,25.309,25.582,24.787,24.988,16292,37,0
2023-04-18,24.989,25.298,24.908,25.193,12991,37,0
2023-04-19,25.191,25.348,24.62,25.234,16787,37,0
2023-04-20,25.236,25.472,25.034,25.235,16615,47,0
2023-04-21,25.233,25.36,24.883,25.064,16204,37,0
2023-04-23,25.043,25.117,25.03,25.102,377,47,0
2023-04-24,25.1,25.212,24.768,25.169,14283,37,0
2023-04-25,25.17,25.338,24.467,25.063,18544,37,0
2023-04-26,25.064,25.206,24.706,24.9,16286,37,0
2023-04-27,24.899,25.112,24.491,24.885,15919,37,0
2023-04-28,24.886,25.047,24.709,25.031,17086,37,0
2023-04-30,25.061,25.088,24.962,24.968,620,47,0
2023-05-01,24.969,25.891,24.862,24.942,15791,37,0
2023-05-02,24.943,25.463,24.558,25.349,17699,37,0
2023-05-03,25.353,25.783,25.068,25.645,19990,37,0
2023-05-04,25.647,26.046,25.418,26.041,22190,47,0
2023-05-05,26.038,26.112,25.147,25.642,16123,47,0
2023-05-07,25.655,25.66,25.59,25.613,549,47,0
2023-05-08,25.612,25.713,25.485,25.528,13752,47,0
2023-05-09,25.531,25.651,25.304,25.616,13217,47,0
2023-05-10,25.62,25.897,25.201,25.365,16558,47,0
2023-05-11,25.363,25.452,24.121,24.14,18904,37,0
2023-05-12,24.141,24.183,23.722,23.95,17591,37,0
2023-05-14,23.931,23.986,23.927,23.982,314,37,0
2023-05-15,23.985,24.193,23.86,24.061,13304,37,0
2023-05-16,24.063,24.087,23.616,23.738,15969,37,0
2023-05-17,23.743,23.861,23.523,23.74,14102,37,0
2023-05-18,23.741,23.763,23.309,23.49,13868,37,0
2023-05-19,23.491,23.998,23.378,23.826,16327,37,0
2023-05-21,23.828,23.862,23.808,23.83,397,37,0
2023-05-22,23.828,23.901,23.576999999999998,23.579,14762,37,0
2023-05-23,23.581,23.636,23.091,23.447,15463,37,0
2023-05-24,23.449,23.516,23.009,23.057,15910,37,0
2023-05-25,23.056,23.131,22.681,22.695,15293,37,0
2023-05-26,22.697,23.317,22.662,23.293,13753,37,0
2023-05-28,23.255,23.301,23.248,23.268,512,37,0
2023-05-29,23.263,23.359,23.107,23.13,8654,37,0
2023-05-30,23.126,23.324,22.909,23.176,15577,37,0
2023-05-31,23.178,23.599,23.081,23.527,16702,37,0
2023-06-01,23.525,23.905,23.262,23.857,15797,37,0
2023-06-02,23.859,24.002,23.564,23.601,14869,37,0
2023-06-04,23.574,23.596,23.545,23.557,348,37,0
2023-06-05,23.559,23.67,23.232,23.541,13407,37,0
2023-06-06,23.542,23.757,23.321,23.591,13111,37,0
2023-06-07,23.59,24.037,23.386,23.435,13665,37,0
2023-06-08,23.438,24.333,23.426,24.245,12768,37,0
2023-06-09,24.247,24.508,24.174,24.265,12215,37,0
2023-06-11,24.236,24.239,24.195,24.229,253,37,0
2023-06-12,24.227,24.284,23.861,24.07,12752,37,0
2023-06-13,24.073,24.384,23.582,23.663,14652,37,0
2023-06-14,23.662,24.061,23.635,23.905,13987,37,0
2023-06-15,23.902,23.915,23.205,23.861,16574,37,0
2023-06-16,23.863,24.189,23.812,24.173,13879,37,0
2023-06-18,24.16,24.161,24.072,24.097,602,37,0
2023-06-19,24.098,24.159,23.869,23.983,14940,37,0
2023-06-20,23.984,24.008,23.039,23.142,22313,37,0
2023-06-21,23.142,23.154,22.479,22.693,24835,37,0
2023-06-22,22.693,22.696,22.157,22.216,21472,37,0
2023-06-23,22.216,22.666,22.093,22.415,22160,37,0
2023-06-25,22.413,22.506,22.408,22.503,789,37,0
2023-06-26,22.503,22.873,22.495,22.745,21216,37,0
2023-06-27,22.746,23.077,22.736,22.844,22301,37,0
2023-06-28,22.844,22.944,22.542,22.711,18764,37,0
2023-06-29,22.711,22.861,22.263,22.568,21618,37,0
2023-06-30,22.568,22.825,22.327,22.755,19851,37,0
2023-07-02,22.752,22.761,22.731,22.737,427,37,0
2023-07-03,22.737,23.053,22.533,22.876,16940,37,0
2023-07-04,22.876,23.039,22.861,22.951,10762,37,0
2023-07-05,22.951,23.289,22.751,23.112,18291,37,0
2023-07-06,23.112,23.236,22.508,22.707,19717,37,0
2023-07-07,22.707,23.134,22.597,23.063,17142,37,0
2023-07-09,23.051,23.096,23.022,23.051,548,37,0
2023-07-10,23.052,23.136,22.731,23.115,15597,37,0
2023-07-11,23.119,23.369,23.001,23.114,16540,37,0
2023-07-12,23.114,24.133,23.105,24.119,17770,37,0
2023-07-13,24.119,24.875,24.082,24.852,19167,37,0
2023-07-14,24.852,25.0,24.657,24.92,19949,37,0
2023-07-16,24.874,24.874,24.808,24.866,551,47,0
2023-07-17,24.866,24.919,24.58,24.814,17020,37,0
2023-07-18,24.814,25.15,24.745,25.029,20248,37,0
2023-07-19,25.029,25.214,24.92,25.096,16571,47,0
2023-07-20,25.096,25.244,24.689,24.783,19246,37,0
2023-07-21,24.783,24.897,24.568,24.589,16552,37,0
2023-07-23,24.588,24.603,24.566,24.591,446,47,0
2023-07-24,24.592,24.704,24.241,24.283,17765,37,0
2023-07-25,24.283,24.703,24.273,24.642,17074,37,0
2023-07-26,24.641,25.012,24.496,24.895,19552,37,0
2023-07-27,24.895,25.123,24.021,24.146,21129,37,0
2023-07-28,24.146,24.389,24.089,24.318,17959,37,0
2023-07-30,24.325,24.358,24.313,24.324,596,47,0
2023-07-31,24.324,24.819,24.174,24.717,15612,37,0
2023-08-01,24.715,24.735,24.11,24.382,16886,37,0
2023-08-02,24.382,24.467,23.626,23.705,18125,37,0
2023-08-03,23.705,23.824,23.386,23.587,18876,37,0
2023-08-04,23.586,23.773,23.207,23.61,17398,37,0
2023-08-06,23.619,23.66,23.572,23.605,585,37,0
2023-08-07,23.606,23.629,23.053,23.104,12684,37,0
2023-08-08,23.104,23.17,22.648,22.745,16022,37,0
2023-08-09,22.745,22.923000000000002,22.603,22.677,14378,37,0
2023-08-10,22.677,22.984,22.611,22.667,17112,37,0
2023-08-11,22.667,22.825,22.558,22.672,14243,37,0
2023-08-13,22.669,22.695,22.647,22.669,472,37,0
2023-08-14,22.669,22.746,22.35,22.587,16194,37,0
2023-08-15,22.587,22.691,22.207,22.538,19889,37,0
2023-08-16,22.533,22.765,22.375,22.399,17353,37,0
2023-08-17,22.399,22.994,22.334,22.699,19890,37,0
2023-08-18,22.699,22.867,22.617,22.731,15330,37,0
2023-08-20,22.739,22.783,22.739,22.781,497,37,0
2023-08-21,22.782,23.322,22.651,23.292,18699,37,0
2023-08-22,23.288,23.436,23.192,23.411,17186,37,0
2023-08-23,23.411,24.338,23.405,24.299,17856,37,0
2023-08-24,24.299,24.329,24.034,24.111,16931,37,0
2023-08-25,24.111,24.36,23.902,24.199,17615,37,0
2023-08-27,24.21,24.237,24.201,24.221,520,37,0
2023-08-28,24.221,24.336,24.03,24.196,13728,37,0
2023-08-29,24.196,24.777,24.151,24.695,16291,37,0
2023-08-30,24.695,24.99,24.514,24.596,16613,37,0
2023-08-31,24.598,24.66,24.354,24.41,15090,37,0
2023-09-01,24.41,24.8,24.138,24.161,18168,37,0
2023-09-03,24.16,24.165,24.096,24.15,424,37,0
2023-09-04,24.15,24.275,23.945,23.946,11323,37,0
2023-09-05,23.939,23.945,23.461,23.543,18452,37,0
2023-09-06,23.544,23.578,22.988,23.113,16779,37,0
2023-09-07,23.112,23.147,22.818,22.938,14660,37,0
2023-09-08,22.938,23.156,22.838,22.914,14288,37,0
2023-09-10,22.901,22.943,22.888,22.932,660,37,0
2023-09-11,22.932,23.204,22.918,23.059,14659,37,0
2023-09-12,23.059,23.165,22.818,23.041,14452,37,0
2023-09-13,23.041,23.076,22.727,22.82,16630,37,0
2023-09-14,22.82,22.958,22.282,22.611,20066,37,0
2023-09-15,22.611,23.271,22.61,23.015,19615,37,0
2023-09-17,23.027,23.053,23.021,23.042,374,37,0
2023-09-18,23.044,23.274,22.944,23.266,16198,37,0
2023-09-19,23.266,23.404,23.079,23.188,13829,37,0
2023-09-20,23.189,23.574,23.035,23.125,18552,37,0
2023-09-21,23.125,23.453,22.789,23.42,19392,37,0
2023-09-22,23.418,23.751,23.397,23.535,16350,37,0
2023-09-24,23.541,23.568,23.515,23.528,460,37,0
2023-09-25,23.527,23.63,23.024,23.103,15338,37,0
2023-09-26,23.103,23.114,22.818,22.832,15557,37,0
2023-09-27,22.832,22.858,22.39,22.539,17782,37,0
2023-09-28,22.541,22.717,22.379,22.655,19223,37,0
2023-09-29,22.655,23.54,22.097,22.168,19715,37,0
2023-10-01,22.124,22.17,22.024,22.095,991,37,0
2023-10-02,22.093,22.097,20.679,20.873,23938,37,0
2023-10-03,20.872,21.374,20.669,21.192,24467,37,0
2023-10-04,21.192,21.382,20.674,21.034,23063,37,0
2023-10-05,21.034,21.28,20.694,20.968,18876,37,0
2023-10-06,20.968,21.6,20.787,21.572,22571,37,0
2023-10-08,21.891,21.9,21.682,21.84,2044,37,0
2023-10-09,21.844,21.996,21.556,21.887,19001,37,0
2023-10-10,21.887,21.941,21.616,21.786,18994,37,0
2023-10-11,21.786,22.104,21.779,22.031,18420,37,0
2023-10-12,22.031,22.221,21.737,21.825,18514,37,0
2023-10-13,21.824,22.795,21.824,22.685,21352,37,0
2023-10-15,22.666,22.666,22.588,22.648,1001,37,0
2023-10-16,22.648,22.709,22.459,22.546,18357,37,0
2023-10-17,22.547,22.987,22.355,22.802,16897,37,0
2023-10-18,22.804,23.303,22.666,22.876,19699,37,0
2023-10-19,22.874,23.089,22.624,23.044,23129,37,0
2023-10-20,23.044,23.68,22.858,23.335,21713,37,0
2023-10-22,23.114,23.246,23.093,23.119,1101,47,0
2023-10-23,23.118,23.316,22.9,22.954,19414,37,0
2023-10-24,22.953,23.19,22.643,22.928,19327,37,0
2023-10-25,22.928,23.003,22.531,22.825,18659,37,0
2023-10-26,22.825,23.122,22.428,22.823,19479,37,0
2023-10-27,22.823,23.104,22.639,23.083,18373,37,0
2023-10-29,23.078,23.135,23.001,23.034,1421,37,0
2023-10-30,23.034,23.588,23.026,23.26,16969,37,0
2023-10-31,23.26,23.297,22.719,22.816,18885,37,0
2023-11-01,22.816,23.033,22.524,23.031,20148,37,0
2023-11-02,23.031,23.106,22.642,22.695,15741,37,0
2023-11-03,22.695,23.285,22.572,23.188,18004,37,0
2023-11-05,23.148,23.149,23.104,23.113,431,37,0
2023-11-06,23.117,23.238,22.919,22.936,16386,37,0
2023-11-07,22.934,22.961,22.412,22.606,18210,37,0
2023-11-08,22.605,22.826999999999998,22.285,22.528,17095,37,0
2023-11-09,22.528,22.975,22.346,22.615,20333,37,0
2023-11-10,22.615,22.722,22.177,22.235,18207,37,0
2023-11-12,22.287,22.295,22.225,22.292,402,37,0
2023-11-13,22.292,22.343,21.864,22.315,17055,37,0
2023-11-14,22.316,23.166,22.279,23.046,17871,37,0
2023-11-15,23.045,23.603,23.015,23.428,19832,37,0
2023-11-16,23.428,24.061,23.263,23.756,19884,37,0
2023-11-17,23.756,24.125,23.645,23.701,19340,37,0
2023-11-19,23.625,23.678,23.587,23.588,360,47,0
2023-11-20,23.589,23.79,23.226,23.584,22323,37,0
2023-11-21,23.583,23.994,23.46,23.774,23150,37,0
2023-11-22,23.775,23.923000000000002,23.523,23.587,21017,37,0
2023-11-23,23.587,23.769,23.575,23.681,12267,37,0
2023-11-24,23.677,24.312,23.543,24.297,13775,36,0
2023-11-26,24.306,24.417,24.287,24.32,595,37,0
2023-11-27,24.312,24.855,24.246,24.64,21340,37,0
2023-11-28,24.64,25.066,24.523,25.061,19326,37,0
2023-11-29,25.061,25.237,24.83,24.94,22874,37,0
2023-11-30,24.94,25.346,24.91,25.341,20323,37,0
2023-12-01,25.342,25.503,25.068,25.449,21120,37,0
2023-12-03,25.459,25.901,25.429,25.714,2679,40,0
2023-12-04,25.717,25.748,24.396,24.516,27774,37,0
2023-12-05,24.519,24.611,23.946,24.163,24407,37,0
2023-12-06,24.163,24.336,23.848,23.903,19937,37,0
2023-12-07,23.904,24.005,23.566,23.751,20543,35,0
2023-12-08,23.75,23.877,22.924,22.985,22765,37,0
2023-12-10,23.011,23.049,22.999,23.049,367,37,0
2023-12-11,23.049,23.084,22.704,22.797,18634,37,0
2023-12-12,22.797,23.136,22.67,22.796,16757,37,0
2023-12-13,22.796,23.822,22.493,23.812,20706,37,0
2023-12-14,23.819,24.2,23.784,24.112,27556,37,0
2023-12-15,24.115,24.269,23.738,23.851,22688,37,0
2023-12-17,23.82,23.835,23.697,23.709,495,38,0
2023-12-18,23.709,24.037,23.644,23.792,18555,37,0
2023-12-19,23.792,24.153,23.752,24.023,18605,37,0
2023-12-20,24.024,24.417,23.936,24.149,18791,37,0
2023-12-21,24.149,24.481,24.121,24.436,18933,37,0
2023-12-22,24.436,24.583,24.073,24.173,21131,37,0
2023-12-25,24.207,24.237,24.185,24.217,308,38,0
2023-12-26,24.217,24.4,24.043,24.179,13223,36,0
2023-12-27,24.174,24.437,23.934,24.283,18223,37,0
2023-12-28,24.285,24.468,23.906,23.915,19554,37,0
2023-12-29,23.916,23.964,23.52,23.773,17770,37,0
2024-01-01,23.818,23.838,23.785,23.796,324,37,0
2024-01-02,23.799,24.077,23.611,23.615,21412,36,0
2024-01-03,23.614,23.71,22.82,23.004,22671,37,0
2024-01-04,23.001,23.054,22.671,23.019,17561,37,0
2024-01-05,23.019,23.498,22.76,23.176,23986,37,0
2024-01-07,23.106,23.129,23.083,23.097,409,37,0
2024-01-08,23.096,23.193,22.82,23.105,20274,37,0
2024-01-09,23.102,23.357,22.878,22.966,18500,37,0
2024-01-10,22.966,23.089,22.751,22.894,17214,37,0
2024-01-11,22.894,23.169,22.457,22.868,22535,37,0
2024-01-12,22.868,23.514,22.766,23.169,20317,37,0
2024-01-14,23.148,23.158,23.128,23.133,332,37,0
2024-01-15,23.133,23.316,23.093,23.149,11939,37,0
2024-01-16,23.149,23.197,22.842,22.888,21776,37,0
2024-01-17,22.888,22.929,22.494,22.576999999999998,20193,37,0
2024-01-18,22.576999999999998,22.752,22.406,22.747,18480,37,0
2024-01-19,22.747,22.825,22.447,22.591,16845,37,0
2024-01-21,22.569,22.569,22.496,22.506,298,37,0
2024-01-22,22.502,22.641,21.91,22.058,19250,37,0
2024-01-23,22.058,22.446,22.038,22.445,16614,37,0
2024-01-24,22.445,22.943,22.325,22.656,20149,37,0
2024-01-25,22.656,23.005,22.632,22.889,19672,37,0
2024-01-26,22.894,22.964,22.684,22.78,13553,37,0
2024-01-28,22.935,22.96,22.87,22.879,658,47,0
2024-01-29,22.879,23.203,22.753,23.18,15120,37,0
2024-01-30,23.178,23.284,22.921,23.14,14217,37,0
2024-01-31,23.14,23.307,22.763,22.889,20650,37,0
2024-02-01,22.891,23.236,22.495,23.136,21930,37,0
2024-02-02,23.136,23.232,22.387,22.67,20049,37,0
2024-02-04,22.69,22.691,22.637,22.68,436,37,0
2024-02-05,22.68,22.701,22.227,22.291,19115,37,0
2024-02-06,22.289,22.469,22.242,22.391,15610,37,0
2024-02-07,22.391,22.43,22.153,22.163,14881,37,0
2024-02-08,22.169,22.617,22.125,22.563,15616,37,0
2024-02-09,22.567,22.705,22.345,22.59,13360,37,0
2024-02-11,22.616,22.646,22.596,22.64,259,37,0
2024-02-12,22.641,23.056,22.499,22.667,13435,37,0
2024-02-13,22.668,22.92,21.97,22.058,15449,37,0
2024-02-14,22.061,22.44,21.918,22.353,15078,37,0
2024-02-15,22.35,23.017,22.333,22.946,15716,37,0
2024-02-16,22.944,23.482,22.773,23.398,16252,37,0
2024-02-18,23.38,23.393,23.372,23.373,146,47,0
2024-02-19,23.373,23.453,22.92,22.941,13166,37,0
2024-02-20,22.937,23.173,22.899,22.992,14484,37,0
2024-02-21,22.987,23.165,22.738,22.893,16441,37,0
2024-02-22,22.888,23.144,22.711,22.734,16318,37,0
2024-02-23,22.735,22.982,22.544,22.929,16435,37,0
2024-02-25,22.836,22.873,22.836,22.849,336,37,0
2024-02-26,22.843,22.869,22.43,22.49,15519,37,0
2024-02-27,22.489,22.695,22.4,22.425,13812,37,0
2024-02-28,22.423,22.498,22.258,22.442,11991,37,0
2024-02-29,22.437,22.77,22.293,22.647,13960,37,0
2024-03-01,22.647,23.249,22.49,23.119,15364,37,0
2024-03-03,23.104,23.151,23.084,23.092,458,37,0
2024-03-04,23.094,23.934,23.003,23.93,16637,37,0
2024-03-05,23.925,24.208,23.604,23.697,20282,37,0
2024-03-06,23.692,24.286,23.549,24.149,19731,37,0
2024-03-07,24.151,24.485,23.986,24.358,20410,37,0
2024-03-08,24.37,24.61,24.154,24.297,20833,37,0
2024-03-10,24.369,24.434,24.297,24.375,833,47,0
2024-03-11,24.375,24.504,24.217,24.475,17682,37,0
2024-03-12,24.474,24.658,23.989,24.119,20037,37,0
2024-03-13,24.118,25.026,24.052,25.021,18695,37,0
2024-03-14,25.026,25.136,24.717,24.82,18558,37,0
2024-03-15,24.822,25.422,24.797,25.161,19154,37,0
2024-03-17,25.077,25.114,25.065,25.113,660,47,0
2024-03-18,25.108,25.305,24.923000000000002,25.044,17201,37,0
2024-03-19,25.051,25.131,24.708,24.856,17720,37,0
2024-03-20,24.856,25.709,24.728,25.675,20948,37,0
2024-03-21,25.685,25.755,24.62,24.736,23388,37,0
2024-03-22,24.736,24.925,24.382,24.649,20148,37,0
2024-03-24,24.667,24.694,24.609,24.676,844,47,0
2024-03-25,24.676,24.869,24.534,24.642,17664,36,0
2024-03-26,24.643,24.868,24.351,24.416,20111,37,0
2024-03-27,24.422,24.638,24.305,24.542,18252,37,0
2024-03-28,24.537,24.985,24.371,24.917,21429,37,0
2024-03-31,25.032,25.172,24.972,25.133,1738,47,0
2024-04-01,25.148,25.363,24.722,25.063,20434,47,0
2024-04-02,25.068,26.215,25.059,26.138,24163,47,0
2024-04-03,26.122,27.27,26.089,27.065,29072,47,0
2024-04-04,27.075,27.311,26.657,26.798000000000002,24443,47,0
2024-04-05,26.801,27.471,26.261,27.447,28801,47,0
2024-04-07,27.492,27.507,27.066,27.15,2291,47,0
2024-04-08,27.154,28.065,26.841,27.856,32726,47,0
2024-04-09,27.853,28.302,27.599,28.152,31095,47,0
2024-04-10,28.152,28.5,27.511,27.884,32376,47,0
2024-04-11,27.879,28.5,27.73,28.454,28019,47,0
2024-04-12,28.454,29.773,27.902,27.911,38527,47,0
2024-04-14,28.158,28.341,27.568,28.176,3348,47,0
2024-04-15,28.221,28.958,27.966,28.863,38527,47,0
2024-04-16,28.862,28.997,27.929,28.153,36598,47,0
2024-04-17,28.157,28.78,28.047,28.206,32853,47,0
2024-04-18,28.204,28.632,28.115,28.215,29732,47,0
2024-04-19,28.212,28.921,28.047,28.65,35210,47,0
2024-04-21,28.558,28.634,28.486,28.547,1431,47,0
2024-04-22,28.548000000000002,28.555,27.091,27.289,31138,47,0
2024-04-23,27.289,27.358,26.645,27.257,31878,47,0
2024-04-24,27.257,27.465,27.015,27.173,26842,47,0
2024-04-25,27.173,27.551,26.96,27.332,27144,47,0
2024-04-26,27.332,27.71,27.063,27.183,24734,47,0
2024-04-28,27.122,27.212,27.115,27.187,919,47,0
2024-04-29,27.186,27.414,26.923000000000002,27.06,26732,47,0
2024-04-30,27.06,27.117,26.223,26.328,27246,47,0
2024-05-01,26.328,26.948,26.264,26.749,28284,47,0
2024-05-02,26.746,26.797,25.993,26.661,25115,47,0
2024-05-03,26.664,26.853,26.102,26.534,23961,47,0
2024-05-05,26.549,26.612,26.437,26.444,1130,47,0
2024-05-06,26.442,27.462,26.412,27.431,24462,47,0
2024-05-07,27.431,27.502,27.133,27.227,22131,47,0
2024-05-08,27.233,27.458,26.988,27.298,22826,47,0
2024-05-09,27.296,28.367,27.265,28.318,23370,47,0
2024-05-10,28.318,28.744,28.019,28.152,27592,47,0
2024-05-12,28.162,28.192,28.096,28.151,706,47,0
2024-05-13,28.152,28.363,27.946,28.254,24782,47,0
2024-05-14,28.257,28.723,28.069,28.589,26937,47,0
2024-05-15,28.589,29.789,28.415,29.711,31369,47,0
2024-05-16,29.711,29.825,29.308,29.652,30173,47,0
2024-05-17,29.656,31.574,29.442,31.432,32315,47,0
2024-05-19,31.56,31.56,31.264,31.408,2436,47,0
2024-05-20,31.408,32.49,30.927,31.744,43664,47,0
2024-05-21,31.749,32.479,31.053,32.009,38848,47,0
2024-05-22,32.008,32.179,30.697,30.89,39153,47,0
2024-05-23,30.887,30.961,30.044,30.137,39919,47,0
2024-05-24,30.139,30.601,30.023,30.334,29711,47,0
2024-05-26,30.398,30.572,30.364,30.499,1220,47,0
2024-05-27,30.499,31.828,30.402,31.611,22482,47,0
2024-05-28,31.611,32.223,31.222,32.031,35252,47,0
2024-05-29,32.031,32.28,31.584,32.003,34883,47,0
2024-05-30,32.004,32.07,30.986,31.162,37865,47,0
2024-05-31,31.16,31.745,30.171,30.385,37568,47,0
2024-06-02,30.433,30.488,30.326,30.378,1288,47,0
2024-06-03,30.378,30.782,29.759,30.716,36652,47,0
2024-06-04,30.709,30.863,29.358,29.552,37547,47,0
2024-06-05,29.552,30.039,29.369,29.991,30807,47,0
2024-06-06,29.991,31.36,29.949,31.317,32106,47,0
2024-06-07,31.317,31.522,29.095,29.151,39029,47,0
2024-06-09,29.123,29.32,29.113,29.302,1209,47,0
2024-06-10,29.303,29.798000000000002,29.221,29.694,26650,47,0
2024-06-11,29.694,29.701,29.013,29.278,30889,47,0
2024-06-12,29.281,30.233,29.163,29.519,33658,47,0
2024-06-13,29.519,29.637,28.635,28.892,33494,47,0
2024-06-14,28.892,29.557,28.81,29.537,30351,47,0
2024-06-16,29.513,29.532,29.458,29.481,812,47,0
2024-06-17,29.48,29.537,29.004,29.477,27433,47,0
2024-06-18,29.475,29.661,28.904,29.506,28454,47,0
2024-06-19,29.506,29.772,29.324,29.746,19198,47,0
2024-06-20,29.747,30.775,29.731,30.746,31317,47,0
2024-06-21,30.743,30.829,29.446,29.519,30355,47,0
2024-06-23,29.495,29.5,29.325,29.373,873,47,0
2024-06-24,29.372,29.701999999999998,29.325,29.52,25128,47,0
2024-06-25,29.52,29.64,28.821,28.85,27109,47,0
2024-06-26,28.85,29.051,28.55,28.693,27288,47,0
2024-06-27,28.693,29.229,28.668,28.988,24984,47,0
2024-06-28,28.987,29.602,28.753,29.118,26450,47,0
2024-06-30,29.088,29.13,29.058,29.075,761,47,0
2024-07-01,29.072,29.459,28.937,29.44,25335,47,0
2024-07-02,29.443,29.799,29.179,29.564,24061,47,0
2024-07-03,29.564,30.649,29.455,30.507,25741,47,0
2024-07-04,30.507,30.564,30.18,30.348,16575,47,0
2024-07-05,30.349,31.467,30.124,31.195,29833,47,0
2024-07-07,31.209,31.247,31.063,31.09,1041,47,0
2024-07-08,31.09,31.349,30.412,30.834,27486,47,0
2024-07-09,30.837,31.127,30.491,30.781,27852,47,0
2024-07-10,30.775,31.142,30.628,30.837,26023,47,0
2024-07-11,30.837,31.73,30.798000000000002,31.379,28147,47,0
2024-07-12,31.376,31.381,30.366,30.771,29321,47,0
2024-07-14,30.753,30.777,30.544,30.604,1417,47,0
2024-07-15,30.605,31.072,30.505,30.599,28286,47,0
2024-07-16,30.595,31.38,30.465,31.246,28340,47,0
2024-07-17,31.246,31.408,30.027,30.368,34372,47,0
2024-07-18,30.368,30.573,29.713,29.713,29763,47,0
2024-07-19,29.709,29.713,28.852,29.194,32130,47,0
2024-07-21,29.251,29.408,29.22,29.398,1078,47,0
2024-07-22,29.397,29.399,28.724,29.052,27995,47,0
2024-07-23,29.054,29.28,28.644,29.176,28116,47,0
2024-07-24,29.177,29.428,28.786,28.869,29876,47,0
2024-07-25,28.871,28.888,27.396,27.816,38658,47,0
2024-07-26,27.819,28.05,27.566,27.903,27975,47,0
2024-07-28,27.964,28.118,27.963,28.099,1427,47,0
2024-07-29,28.104,28.172,27.286,27.8,29765,47,0
2024-07-30,27.803,28.392,27.608,28.331,30246,47,0
2024-07-31,28.331,29.074,28.221,29.025,32181,47,0
2024-08-01,29.025,29.138,28.198,28.482,34840,47,0
2024-08-02,28.482,29.201,27.923000000000002,28.534,38252,47,0
2024-08-04,28.467,28.611,28.431,28.487,1939,47,0
2024-08-05,28.487,28.651,26.483,27.237,48908,47,0
2024-08-06,27.236,27.546,26.578,26.808,38266,47,0
2024-08-07,26.808,27.245,26.422,26.628,34410,47,0
2024-08-08,26.63,27.581,26.591,27.522,33203,47,0
2024-08-09,27.516,27.736,27.237,27.437,29113,47,0
2024-08-11,27.401,27.43,27.272,27.314,997,47,0
2024-08-12,27.313,28.018,27.203,27.991,27978,47,0
2024-08-13,27.991,28.027,27.432,27.816,25542,47,0
2024-08-14,27.816,28.048,27.156,27.564,30341,47,0
2024-08-15,27.567,28.498,27.464,28.338,29373,47,0
2024-08-16,28.338,28.986,28.023,28.98,28424,47,0
2024-08-18,29.001,29.007,28.865,28.979,741,47,0
2024-08-19,28.982,29.476,28.706,29.387,20651,47,0
2024-08-20,29.392,29.948,29.183,29.422,21199,47,0
2024-08-21,29.424,29.714,29.197,29.583,20183,47,0
2024-08-22,29.587,29.657,28.765,29.022,21661,47,0
2024-08-23,29.019,29.864,28.993,29.808,20412,47,0
2024-08-25,29.865,29.91,29.784,29.892,832,41,0
2024-08-26,29.891,30.169,29.636,29.851,19381,41,0
2024-08-27,29.847,30.083,29.686,29.997,18882,41,0
2024-08-28,29.999,30.027,29.06,29.168,18841,41,0
2024-08-29,29.167,29.664,29.167,29.363,19803,41,0
2024-08-30,29.365,29.568,28.671,28.839,20636,41,0
2024-09-01,28.781,28.856,28.78,28.852,787,41,0
2024-09-02,28.851,28.951,28.306,28.503,19714,41,0
2024-09-03,28.503,28.549,27.693,28.042,29759,41,0
2024-09-04,28.041,28.338,27.751,28.25,28909,41,0
2024-09-05,28.25,29.158,28.191,28.817,28940,41,0
2024-09-06,28.817,29.094,27.665,27.916,33202,41,0
2024-09-08,27.954,28.01,27.922,27.962,814,41,0
2024-09-09,27.962,28.346,27.684,28.33,27305,41,0
2024-09-10,28.33,28.534,28.009,28.422,27387,41,0
2024-09-11,28.422,28.851,28.051,28.658,31408,41,0
2024-09-12,28.655,29.929,28.514,29.902,31762,41,0
2024-09-13,29.903,30.904,29.832,30.701,30618,41,0
2024-09-15,30.744,30.982,30.696,30.845,1180,41,0
2024-09-16,30.846,31.075,30.576,30.734,25146,41,0
2024-09-17,30.73,30.97,30.495,30.712,26258,41,0
2024-09-18,30.712,31.217,29.686,30.162,35233,41,0
2024-09-19,30.162,31.281,29.89,30.76,37856,41,0
2024-09-20,30.759,31.411,30.712,31.149,33348,41,0
2024-09-22,31.142,31.151,31.035,31.08,737,41,0
2024-09-23,31.08,31.164,30.337,30.661,31135,41,0
2024-09-24,30.661,32.248,30.632,32.134,36321,41,0
2024-09-25,32.133,32.262,31.549,31.809,35420,41,0
2024-09-26,31.809,32.694,31.725,31.961,38096,41,0
2024-09-27,31.961,32.277,31.343,31.615,37073,41,0
2024-09-29,31.723,31.823,31.665,31.731,1386,41,0
2024-09-30,31.733,31.835,30.864,31.222,35600,41,0
2024-10-01,31.223,31.83,31.178,31.345,31291,41,0
2024-10-02,31.351,32.285,30.981,31.83,30761,41,0
2024-10-03,31.83,32.192,31.392,32.026,30651,41,0
2024-10-04,32.026,32.941,31.484,32.176,32516,41,0
2024-10-06,32.259,32.325,32.165,32.198,1031,41,0
2024-10-07,32.197,32.28,31.395,31.626,29956,41,0
2024-10-08,31.626,31.755,30.102,30.65,40691,41,0
2024-10-09,30.65,30.76,30.201,30.48,32735,41,0
2024-10-10,30.481,31.166,30.341,31.132,32841,41,0
2024-10-11,31.132,31.613,31.043,31.519,27743,41,0
2024-10-13,31.089,31.225,30.915,31.163,1205,41,0
2024-10-14,31.163,31.529,30.885,31.208,27912,41,0
2024-10-15,31.204,31.669,30.744,31.449,31724,41,0
2024-10-16,31.449,32.159,31.395,31.727,29775,41,0
2024-10-17,31.724,32.001,31.295,31.77,33380,41,0
2024-10-18,31.764,33.738,31.695,33.693,35485,41,0
2024-10-20,33.882,33.924,33.69,33.778,1581,41,0
2024-10-21,33.775,34.249,33.443,33.828,38259,41,0
2024-10-22,33.823,34.847,33.776,34.709,34999,41,0
2024-10-23,34.709,34.82,33.409,33.801,35789,41,0
2024-10-24,33.795,34.279,33.222,33.65,33896,41,0
2024-10-25,33.65,33.999,33.066,33.679,33436,41,0
2024-10-27,33.418,33.675,33.32,33.585,1921,41,0
2024-10-28,33.582,33.969,33.21,33.692,32023,41,0
2024-10-29,33.69,34.525,33.632,34.457,34389,41,0
2024-10-30,34.457,34.506,33.391,33.722,34093,41,0
2024-10-31,33.722,33.879,32.485,32.645,34753,41,0
2024-11-01,32.645,33.102,32.313,32.432,31298,41,0
2024-11-03,32.281,32.53,32.273,32.48,843,41,0
2024-11-04,32.48,32.856,32.276,32.385,31846,41,0
2024-11-05,32.385,32.902,32.23,32.689,30449,41,0
2024-11-06,32.689,32.689,30.813,31.163,48780,41,0
2024-11-07,31.163,32.137,30.855,31.995,37422,41,0
2024-11-08,31.995,32.013,31.172,31.267,35747,41,0
2024-11-10,31.282,31.399,31.273,31.399,542,41,0
2024-11-11,31.399,31.541,30.403,30.705,32774,41,0
2024-11-12,30.703,30.8,30.169,30.676,35317,41,0
2024-11-13,30.677,31.128,30.208,30.248,34964,41,0
2024-11-14,30.249,30.634,29.655,30.351,37895,41,0
2024-11-15,30.351,30.794,30.16,30.232,34866,41,0
2024-11-17,30.29,30.39,30.285,30.377,788,41,0
2024-11-18,30.378,31.251,30.348,31.149,31671,41,0
2024-11-19,31.149,31.516,31.027,31.273,33216,41,0
2024-11-20,31.27,31.314,30.755,30.903,30708,41,0
2024-11-21,30.902,31.289,30.624,30.729,32309,41,0
2024-11-22,30.729,31.387,30.727,31.318,33841,41,0
2024-11-24,31.327,31.46,31.3,31.383,1068,41,0
2024-11-25,31.383,31.394,29.965,30.089,37051,41,0
2024-11-26,30.094,30.675,30.027,30.402,31440,41,0
2024-11-27,30.398,30.685,29.955,30.096,27571,41,0
2024-11-28,30.097,30.275,29.623,30.226,20931,41,0
2024-11-29,30.221,30.878,30.177,30.591,24815,41,0
2024-12-01,30.496,30.496,30.399,30.453,784,41,0
2024-12-02,30.459,30.659,30.037,30.579,29725,41,0
2024-12-03,30.579,31.066,30.443,30.972,28475,41,0
2024-12-04,30.972,31.452,30.449,31.307,30729,41,0
2024-12-05,31.306,31.403,30.994,31.337,28264,41,0
2024-12-06,31.337,31.417,30.808,30.948,30203,41,0
2024-12-08,30.992,31.092,30.984,31.026,759,41,0
2024-12-09,31.218,32.262,30.847,31.888,28319,41,0
2024-12-10,31.886,32.074,31.687,31.887,29825,41,0
2024-12-11,31.887,32.167,31.488,31.926,35703,41,0
2024-12-12,31.925,32.305,30.867,30.892,37135,41,0
2024-12-13,30.892,31.084,30.272,30.533,29511,41,0
2024-12-15,30.538,30.605,30.538,30.575,559,41,0
2024-12-16,30.575,30.737,30.449,30.505,20917,41,0
2024-12-17,30.504,30.588,30.133,30.496,23553,41,0
2024-12-18,30.496,30.557,29.232,29.302,26104,41,0
2024-12-19,29.3,29.693,28.727,29.013,28283,41,0
2024-12-20,29.008,29.676,28.789,29.499,24831,41,0
2024-12-22,29.629,29.701999999999998,29.594,29.677,706,41,0
2024-12-23,29.678,29.853,29.402,29.684,21896,41,0
2024-12-24,29.681,29.77,29.456,29.652,14013,41,0
2024-12-25,29.649,29.688,29.644,29.663,406,41,0
2024-12-26,29.663,29.851,29.483,29.779,19308,41,0
2024-12-27,29.779,29.87,29.305,29.374,19680,41,0
2024-12-29,29.417,29.461,29.405,29.433,484,41,0
2024-12-30,29.431,29.507,28.779,28.924,20734,41,0
2024-12-31,28.932,29.011,28.762,28.891,18557,41,0
2025-01-01,28.936,28.976,28.922,28.968,467,41,0
2025-01-02,28.97,29.578,28.947,29.524,24064,41,0
2025-01-03,29.524,29.881,29.477,29.601,20486,41,0
2025-01-05,29.646,29.662,29.613,29.617,417,41,0
2025-01-06,29.621,30.326,29.389,29.918,28895,41,0
2025-01-07,29.918,30.365,29.863,30.075,24031,41,0
2025-01-08,30.073,30.331,29.786,30.116,25363,41,0
2025-01-09,30.118,30.46,29.981,30.073,20175,41,0
2025-01-10,30.072,30.641,29.921,30.39,30061,41,0
2025-01-12,30.416,30.447,30.363,30.441,724,41,0
2025-01-13,30.441,30.494,29.488,29.656,30787,41,0
2025-01-14,29.663,29.955,29.497,29.826999999999998,24456,41,0
2025-01-15,29.826,30.734,29.721,30.652,25053,41,0
2025-01-16,30.654,30.953,30.504,30.738,28532,41,0
2025-01-17,30.74,30.82,30.112,30.336,24514,41,0
2025-01-19,30.265,30.33,30.224,30.302,803,41,0
2025-01-20,30.304,30.628,29.97,30.553,23264,41,0
2025-01-21,30.555,30.837,30.173,30.728,27647,41,0
2025-01-22,30.727,30.933,30.543,30.752,23666,41,0
2025-01-23,30.746,30.842,30.074,30.449,25321,41,0
2025-01-24,30.447,31.002,30.419,30.593,25327,41,0
2025-01-26,30.511,30.607,30.495,30.511,1182,41,0
2025-01-27,30.51,30.594,29.682,30.166,29742,41,0
2025-01-28,30.164,30.466,29.868,30.385,22812,41,0
2025-01-29,30.387,30.966,30.263,30.855,26402,41,0
2025-01-30,30.855,31.718,30.787,31.625,28584,41,0
2025-01-31,31.623,31.695,31.108,31.289,33148,41,0
2025-02-02,31.306,31.413,30.701,31.017,5022,49,0
2025-02-03,31.007,31.66,30.665,31.49,42820,41,0
2025-02-04,31.491,32.357,31.343,32.057,28958,41,0
2025-02-05,32.058,32.532,31.916,32.301,29134,41,0
2025-02-06,32.3,32.404,31.73,32.203,24932,41,0
2025-02-07,32.203,32.631,31.767,31.77,27441,41,0
2025-02-09,31.699,31.809,31.699,31.769,837,41,0
2025-02-10,31.769,32.317,31.769,32.051,22718,41,0
2025-02-11,32.051,32.226,31.23,31.82,26565,41,0
2025-02-12,31.82,32.344,31.497,32.258,26406,41,0
2025-02-13,32.258,32.404,31.98,32.345,27433,41,0
2025-02-14,32.345,33.377,32.055,32.114,35324,41,0
2025-02-16,32.146,32.185,31.94,32.013,1150,41,0
2025-02-17,32.015,32.474,31.893,32.36,20225,41,0
2025-02-18,32.36,32.893,32.059,32.887,27858,41,0
2025-02-19,32.887,33.054,32.429,32.688,29372,41,0
2025-02-20,32.689,33.184,32.605,32.936,27810,41,0
2025-02-21,32.938,33.058,32.454,32.466,31925,41,0
2025-02-23,32.643,32.684,32.55,32.561,676,41,0
2025-02-24,32.559,32.739,32.078,32.251,32596,41,0
2025-02-25,32.25,32.464,31.271,31.761,37148,41,0
2025-02-26,31.764,31.937,31.479,31.871,28532,41,0
2025-02-27,31.869,31.918,31.159,31.205,31458,41,0
2025-02-28,31.205,31.376,30.798000000000002,31.133,29549,41,0
2025-03-02,31.157,31.301,31.122,31.241,1100,41,0
2025-03-03,31.241,31.821,31.104,31.638,30562,41,0
2025-03-04,31.637,31.995,31.449,31.911,32527,41,0
2025-03-05,31.906,32.694,31.756,32.604,37212,41,0
2025-03-06,32.604,32.746,32.245,32.61,34003,41,0
2025-03-07,32.61,32.654,32.086,32.521,33258,41,0
2025-03-09,32.495,32.624,32.442,32.557,1768,41,0
2025-03-10,32.557,32.644,31.917,31.995,36321,41,0
2025-03-11,31.994,32.969,31.791,32.835,33440,41,0
2025-03-12,32.835,33.299,32.687,33.262,29911,41,0
2025-03-13,33.257,33.934,32.918,33.839,30899,41,0
2025-03-14,33.839,34.058,33.508,33.763,30304,41,0
2025-03-16,33.819,33.838,33.747,33.768,1335,41,0
2025-03-17,33.768,33.878,33.414,33.73,25612,41,0
2025-03-18,33.727,34.209,33.727,33.943,28585,41,0
2025-03-19,33.943,34.074,33.442,33.886,28130,41,0
2025-03-20,33.886,33.926,33.077,33.52,27792,41,0
2025-03-21,33.519,33.53,32.642,33.014,27122,41,0
2025-03-23,33.017,33.08,32.986,33.045,961,41,0
2025-03-24,33.044,33.285,32.869,32.916,23283,41,0
2025-03-25,32.916,33.781,32.907,33.66,22415,41,0
2025-03-26,33.657,33.909,33.486,33.631,25037,41,0
2025-03-27,33.632,34.452,33.586,34.392,29583,41,0
2025-03-28,34.389,34.565,33.909,34.092,33782,41,0
2025-03-30,34.094,34.225,34.087,34.195,1591,41,0
2025-03-31,34.2,34.448,33.487,34.024,35978,41,0
2025-04-01,34.025,34.191,33.45,33.653,31937,41,0
2025-04-02,33.651,34.122,33.051,33.775,36989,41,0
2025-04-03,33.775,33.937,31.699,31.892,47450,41,0
2025-04-04,31.892,31.963,29.177,29.575,50366,41,0
2025-04-06,29.002,29.045,28.291,28.652,5017,41,0
2025-04-07,28.645,30.797,28.434,30.0,67600,41,0
2025-04-08,29.993,30.515,29.36,29.576999999999998,46331,41,0
2025-04-09,29.584,31.058,29.313,30.902,54130,41,0
2025-04-10,30.908,31.294,30.556,31.151,48059,41,0
2025-04-11,31.151,32.277,30.9,32.268,44858,41,0
2025-04-13,32.133,32.182,31.965,32.063,2653,41,0
2025-04-14,32.061,32.378,31.719,32.281,34445,41,0
2025-04-15,32.281,32.393,32.072,32.38,28338,41,0
2025-04-16,32.379,33.091,32.265,32.81,36799,41,0
2025-04-17,32.814,32.919,32.067,32.54,33302,41,0
2025-04-20,32.474,32.58,32.405,32.539,1951,41,0
2025-04-21,32.54,33.036,32.468,32.722,31368,41,0
2025-04-22,32.719,33.127,32.075,32.492,42227,41,0
2025-04-23,32.492,33.655,32.489,33.608,37551,41,0
2025-04-24,33.6,33.672,33.15,33.598,32041,41,0
2025-04-25,33.599,33.661,32.756,33.074,29790,41,0
2025-04-27,33.04,33.09,32.872,32.881,1761,41,0
2025-04-28,32.88,33.177,32.637,33.095,29903,41,0
2025-04-29,33.095,33.515,32.785,32.915,27526,41,0
2025-04-30,32.915,33.093,32.165,32.603,30972,41,0
2025-05-01,32.603,32.657,31.653,32.425,29759,42,0
2025-05-02,32.423,32.696,31.916,32.001,28240,42,0
2025-05-04,32.002,32.076,31.998,32.043,1352,42,0
2025-05-05,32.043,32.648,31.978,32.494,26830,42,0
2025-05-06,32.495,33.236,32.466,33.139,33074,42,0
2025-05-07,33.132,33.138,32.23,32.44,32679,42,0
2025-05-08,32.442,32.923,32.204,32.423,31767,42,0
2025-05-09,32.424,32.847,32.204,32.724,25954,42,0
2025-05-11,32.563,32.658,32.527,32.645,2163,42,0
2025-05-12,32.645,32.972,31.866,32.559,35122,42,0
2025-05-13,32.562,33.21,32.5,32.932,29074,42,0
2025-05-14,32.933,32.939,32.067,32.197,29521,42,0
2025-05-15,32.198,32.673,31.631,32.613,29266,42,0
2025-05-16,32.615,32.649,31.847,32.261,25910,42,0
2025-05-18,32.281,32.501,32.27,32.447,1936,42,0
2025-05-19,32.446,32.605,32.216,32.342,23292,42,0
2025-05-20,32.344,33.127,32.106,33.078,25451,42,0
2025-05-21,33.078,33.55,32.907,33.433,27924,42,0
2025-05-22,33.433,33.681,32.593,33.026,29591,42,0
2025-05-23,33.027,33.522,32.882,33.462,25933,42,0
2025-05-25,33.409,33.53,33.393,33.421,1594,42,0
2025-05-26,33.421,33.546,33.223,33.396,16142,42,0
2025-05-27,33.395,33.509,32.75,33.257,24448,42,0
2025-05-28,33.258,33.413,32.677,32.853,22269,42,0
2025-05-29,32.858,33.479,32.801,33.244,24857,42,0
2025-05-30,33.244,33.288,32.75,32.961,24535,42,0
2025-06-01,33.043,33.119,32.992,33.054,1380,42,0
2025-06-02,33.053,34.769,32.937,34.708,29538,42,0
2025-06-03,34.707,34.73,33.937,34.578,26870,29,0
2025-06-04,34.578,34.636,34.174,34.495,23869,29,0
2025-06-05,34.495,36.053,34.42,35.708,35810,29,0
2025-06-06,35.702,36.317,35.688,35.968,31670,29,0
2025-06-08,36.037,36.079,35.948,36.038,1607,29,0
2025-06-09,36.037,36.87,35.902,36.787,30123,29,0
2025-06-10,36.785,36.79,36.292,36.574,31473,29,0
2025-06-11,36.575,36.626,36.007,36.343,32538,29,0
2025-06-12,36.345,36.438,35.444,36.38,33100,29,0
2025-06-13,36.378,36.622,35.961,36.302,37972,29,0
2025-06-15,36.356,36.382,36.056,36.285,2688,30,0
2025-06-16,36.285,36.523,36.082,36.313,31636,29,0
2025-06-17,36.315,37.238,36.109,37.112,33516,29,0
2025-06-18,37.109,37.299,36.516,36.733,31306,29,0
2025-06-19,36.738,36.768,36.195,36.382,23395,29,0
2025-06-20,36.383,36.399,35.495,35.994,28804,29,0
2025-06-22,35.957,36.106,35.878,36.068,2267,29,0
2025-06-23,36.066,36.349,35.587,35.884,31667,29,0
2025-06-24,35.882,36.187,35.269,35.933,30262,29,0
2025-06-25,35.933,36.345,35.66,36.327,23943,29,0
2025-06-26,36.327,36.815,36.227,36.619,28531,29,0
2025-06-27,36.619,36.71,35.778,35.979,32502,29,0
2025-06-29,36.01,36.015,35.4,35.753,2732,29,0
2025-06-30,35.746,36.217,35.744,36.141,24300,29,0
2025-07-01,36.141,36.602,35.791,36.077,27447,29,0
2025-07-02,36.077,36.574,35.861,36.4,23944,29,0
2025-07-03,36.399,37.058,36.328,36.782,24850,29,0
2025-07-04,36.781,36.942,36.609,36.924,16449,29,0
2025-07-06,37.145,37.21,36.965,36.981,1672,30,0
2025-07-07,36.981,36.99,36.141,36.781,28898,29,0
2025-07-08,36.777,36.863,36.278,36.534,26482,29,0
2025-07-09,36.535,36.712,36.26,36.399,24807,29,0
2025-07-10,36.4,37.124,36.34,37.096,28887,29,0
2025-07-11,37.096,38.518,36.899,38.385,33421,29,0
2025-07-13,38.474,38.574,38.407,38.493,2435,36,0
2025-07-14,38.493,39.111,38.064,38.255,34072,33,0
2025-07-15,38.252,38.364,37.573,37.784,28936,29,0
2025-07-16,37.784,38.069,37.483,37.88,27898,33,0
2025-07-17,37.882,38.173,37.523,38.1,25138,30,0
2025-07-18,38.103,38.424,38.039,38.196,24253,33,0
2025-07-20,38.125,38.195,38.084,38.194,960,36,0
2025-07-21,38.195,39.038,38.14,38.954,24576,33,0
2025-07-22,38.952,39.326,38.702,39.225,26695,36,0
2025-07-23,39.225,39.511,39.033,39.274,30735,36,0
2025-07-24,39.274,39.299,38.679,39.088,27254,36,0
2025-07-25,39.088,39.18,37.94,38.156,26345,33,0
2025-07-27,38.118,38.189,38.038,38.166,1510,36,0
2025-07-28,38.166,38.321,37.888,38.17,23497,33,0
2025-07-29,38.17,38.273,37.895,38.191,23789,33,0
2025-07-30,38.191,38.234,36.77,37.133,30771,30,0
2025-07-31,37.125,37.257,36.198,36.667,29772,29,0
2025-08-01,36.667,37.167,36.344,37.011,28091,29,0
2025-08-03,37.016,37.022,36.948,37.019,1309,30,0
2025-08-04,37.019,37.464,36.661,37.427,22029,30,0
2025-08-05,37.424,37.864,37.294,37.798,21160,29,0
2025-08-06,37.8,37.93,37.602,37.869,20517,30,0
2025-08-07,37.865,38.49,37.808,38.309,30884,33,0
2025-08-08,38.309,38.465,37.975,38.322,32351,33,0
2025-08-10,38.334,38.338,38.161,38.165,955,36,0
2025-08-11,38.165,38.231,37.486,37.671,26124,33,0
2025-08-12,37.671,38.007,37.553,37.901,22056,30,0
2025-08-13,37.901,38.629,37.833,38.516,18416,33,0
2025-08-14,38.516,38.72,37.823,37.993,24662,33,0
2025-08-15,37.993,38.087,37.67,37.983,19743,33,0
2025-08-17,37.946,37.954,37.802,37.852,1108,33,0
2025-08-18,37.852,38.252,37.848,38.05,19611,33,0
2025-08-19,38.05,38.132,37.264,37.353,21102,30,0
2025-08-20,37.353,37.944,36.948,37.892,21843,29,0
2025-08-21,37.892,38.191,37.519,38.083,20141,33,0
2025-08-22,38.083,39.047,37.681,38.863,22189,33,0
2025-08-24,38.857,38.941,38.851,38.901,1126,36,0
2025-08-25,38.901,38.984,38.355,38.395,18251,34,0
2025-08-26,38.395,38.835,38.324,38.65,24799,34,0
2025-08-27,38.648,38.661,38.071,38.6,21967,34,0
2025-08-28,38.6,39.105,38.579,38.974,23091,36,0
2025-08-29,38.972,39.95,38.711,39.724,25812,34,0
2025-08-31,39.677,39.819,39.514,39.775,1585,36,0
2025-09-01,39.775,40.739,39.737,40.643,28012,36,0
2025-09-02,40.639,40.913,40.124,40.856,34254,36,0
2025-09-03,40.856,41.445,40.611,41.06,35601,36,0
2025-09-04,41.06,41.208,40.384,40.716,34070,36,0
2025-09-05,40.716,41.399,40.555,40.989,34341,29,0
2025-09-07,40.888,40.932,40.728,40.851,1931,39,0
2025-09-08,40.85,41.648,40.513,41.31,34217,36,0
2025-09-09,41.311,41.464,40.745,40.867,33910,36,0
2025-09-10,40.868,41.269,40.7,41.184,28076,36,0
2025-09-11,41.185,41.745,40.881,41.507,32835,29,0
2025-09-12,41.499,42.444,41.38,42.152,31572,39,0
2025-09-14,42.177,42.198,42.056,42.09,1185,28,0
2025-09-15,42.094,42.729,41.995,42.606,29377,28,0
2025-09-16,42.605,42.955,42.24,42.612,31620,28,0
2025-09-17,42.618,42.62,41.121,41.805,41949,28,0
2025-09-18,41.805,41.959,41.185,41.708,33654,28,0
2025-09-19,41.708,43.084,41.641,43.074,31765,28,0
2025-09-21,43.12,43.126,43.01,43.098,2166,28,0
2025-09-22,43.092,44.103,43.075,44.001,33213,28,0
2025-09-23,44.003,44.449,43.625,43.931,36326,28,0
2025-09-24,43.929,44.307,43.657,43.923,35244,10,0
2025-09-25,43.923,45.224,43.771,44.889,38066,20,0
2025-09-26,44.89,46.621,44.592,46.044,37181,20,0
2025-09-28,46.193,46.354,46.152,46.254,2142,20,0
2025-09-29,46.252,47.168,45.942,46.808,45083,20,0
2025-09-30,46.809,47.161,45.801,46.704,43764,20,0
2025-10-01,46.704,47.818,46.648,47.217,43632,20,0
2025-10-02,47.227,48.038,45.908,46.967,39516,20,0
2025-10-03,46.967,48.363,46.645,47.989,37157,20,0
2025-10-05,48.036,48.272,47.952,48.226,3099,20,0
2025-10-06,48.226,48.759,47.972,48.488,40602,20,0
2025-10-07,48.485,48.644,47.329,47.921,42233,20,0
2025-10-08,47.922,49.542,47.737,48.767,46569,20,0
2025-10-09,48.769,51.348,48.423,49.078,61215,20,0
2025-10-10,49.067,51.086,48.869,49.918,65600,60,0
2025-10-12,50.002,50.908,49.657,50.255,3849,150,0
2025-10-13,50.26,52.215,49.949,52.06,38534,30,0
2025-10-14,52.045,53.404,49.922,51.91,55902,30,0
2025-10-15,51.911,53.297,51.509,53.014,51436,40,0
2025-10-16,53.015,54.353,52.435,54.272,54345,20,0
2025-10-17,54.271,54.456,50.624,51.819,55104,20,0
2025-10-19,51.876,52.131,51.083,51.785,3076,50,0
2025-10-20,51.785,52.761,51.259,52.525,52275,20,0
2025-10-21,52.514,52.519,47.885,48.199,60823,20,0
2025-10-22,48.202,49.297,47.527,48.167,57214,20,0
2025-10-23,48.155,49.439,47.892,48.793,49535,20,0
2025-10-24,48.793,48.99,47.825,48.585,43506,30,0
2025-10-26,48.448,48.68,48.067,48.149,3805,30,0
2025-10-27,48.147,48.539,46.087,46.95,48425,20,0
2025-10-28,46.944,47.254,45.541,47.136,49421,20,0
2025-10-29,47.128,48.447,47.082,47.787,50852,20,0
2025-10-30,47.797,49.149,47.252,49.07,48071,20,0
2025-10-31,49.067,49.355,48.369,48.66,44149,20,0
2025-11-02,48.617,48.723,48.503,48.555,1490,35,0
2025-11-03,48.536,49.096,47.743,47.932,43920,30,0
2025-11-04,47.929,48.203,46.861,47.081,46176,30,0
2025-11-05,47.082,48.268,46.874,48.009,40635,20,0
2025-11-06,48.009,48.776,47.652,48.214,39259,20,0
2025-11-07,48.214,48.87,47.98,48.314,39714,20,0
2025-11-09,48.47,48.59,48.381,48.576,1375,30,0
2025-11-10,48.576,50.599,48.481,50.485,44369,30,0
2025-11-11,50.49,51.323,50.27,51.252,41330,30,0
2025-11-12,51.253,53.655,50.858,53.227,47645,20,0
2025-11-13,53.227,54.382,52.055,52.509,55597,20,0
2025-11-14,52.512,53.544,50.057,50.536,54745,20,0
2025-11-16,50.326,51.012,50.313,50.825,1697,30,0
2025-11-17,50.823,51.298,49.486,49.887,51328,20,0
2025-11-18,49.89,51.17,49.354,50.861,50388,20,0
2025-11-19,50.861,52.452,50.367,51.713,51532,20,0
2025-11-20,51.712,51.853,50.219,50.764,55633,20,0
2025-11-21,50.751,50.816,48.636,50.015,56317,20,0
2025-11-23,50.212,50.374,50.054,50.112,1514,20,0
2025-11-24,50.112,51.416,49.707,51.367,44632,20,0
2025-11-25,51.363,51.742,50.688,51.335,44603,20,0
2025-11-26,51.338,53.447,51.325,53.411,44442,20,0
2025-11-27,53.413,53.903,52.687,53.467,31184,20,0
2025-11-28,53.46,56.51,53.447,56.388,30666,30,0
2025-11-30,56.781,57.281,56.173,57.007,2422,30,0
2025-12-01,56.994,58.834,56.438,57.596,56185,30,0
2025-12-02,57.599,58.745,56.577,58.637,51125,30,0
2025-12-03,58.637,58.965,57.534,58.505,49152,30,0
2025-12-04,58.507,58.742,56.464,57.021,49526,30,0
2025-12-05,57.022,59.318,56.866,58.333,47746,30,0
2025-12-07,58.476,58.65,58.213,58.416,623,40,0
2025-12-08,58.415,58.58,57.514,58.103,44805,45,0
2025-12-09,58.103,60.902,57.592,60.837,47252,45,0
2025-12-10,60.837,61.953,60.086,61.901,52019,45,0
2025-12-11,61.903,64.288,61.424,63.048,54692,45,0
2025-12-12,63.041,64.635,60.795,61.965,70937,45,0
2025-12-14,61.999,62.114,61.808,61.947,1804,45,0
2025-12-15,61.953,64.152,61.726,63.902,63310,30,0
2025-12-16,63.902,64.075,62.157,63.792,112411,20,0
2025-12-17,63.792,66.885,63.786,66.311,166933,20,0
2025-12-18,66.307,66.618,64.625,65.558,146006,20,0
2025-12-19,65.558,67.452,64.48,67.202,118564,20,0
2025-12-21,67.441,67.489,67.34,67.427,2264,20,0
2025-12-22,67.431,69.454,67.371,69.131,113047,20,0
2025-12-23,69.131,71.848,68.819,71.816,128332,20,0
2025-12-24,71.815,72.697,70.183,71.788,132591,20,0
2025-12-25,73.008,73.321,72.874,73.115,2801,20,0
2025-12-26,73.114,79.301,73.106,79.249,192488,20,0
2025-12-28,83.116,83.926,81.685,81.824,4311,40,0
2025-12-29,81.829,81.87,70.525,72.543,282712,20,0
2025-12-30,72.539,78.062,72.044,75.221,196594,20,0
2025-12-31,75.222,75.795,70.046,71.637,220192,20,0
2026-01-01,72.021,73.04,72.021,72.662,4601,20,0
2026-01-02,72.662,74.548,71.407,72.744,158328,20,0
2026-01-04,73.098,74.14,72.905,74.011,3162,40,0
2026-01-05,74.009,77.876,73.934,76.193,160841,20,0
2026-01-06,76.197,82.755,75.899,82.514,176774,20,0
2026-01-07,82.519,82.704,76.36,78.75,214849,20,0
2026-01-08,78.746,79.023,73.842,76.683,194499,20,0
2026-01-09,76.688,80.517,75.469,79.938,158686,20,0
2026-01-11,80.535,81.803,80.245,81.623,5120,30,0
2026-01-12,81.619,86.251,81.51,84.351,187043,20,0
2026-01-13,84.356,89.124,83.61,87.822,156006,20,0
2026-01-14,87.817,93.496,87.71,92.229,215199,20,0
2026-01-15,92.232,93.033,86.106,91.443,251518,20,0
2026-01-16,91.438,92.068,86.862,90.122,190659,20,0
2026-01-18,92.521,94.122,92.452,93.346,10917,30,0
2026-01-19,93.339,94.669,92.398,93.785,117849,20,0
2026-01-20,93.786,95.871,92.591,94.87,168576,20,0
2026-01-21,94.868,95.555,90.331,90.987,226727,20,0
2026-01-22,90.99,96.974,90.804,96.958,201769,20,0
2026-01-23,96.956,103.393,96.691,103.281,194995,20,0
2026-01-25,104.072,105.155,103.846,105.012,10087,30,0
2026-01-26,105.017,117.73,101.551,106.76,473317,20,0
2026-01-27,106.765,113.479,104.353,112.784,540298,20,0
2026-01-28,112.783,119.413,110.524,117.774,414620,20,0
2026-01-29,117.779,121.651,106.552,117.597,680174,20,0
2026-01-30,117.602,118.469,73.676,84.979,1107746,20,0
2026-02-01,81.903,82.612,76.868,81.639,17916,60,0
2026-02-02,81.649,87.939,71.331,82.867,640136,20,0
2026-02-03,82.871,89.168,81.023,84.517,329084,50,0
2026-02-04,84.518,92.188,83.645,89.637,212291,50,0
2026-02-05,89.633,90.397,66.92,67.155,412763,50,0
2026-02-06,67.157,78.14,64.045,78.093,220575,50,0
2026-02-08,79.409,80.16,78.466,79.835,6026,50,0
2026-02-09,79.837,83.992,78.699,81.776,153634,50,0
2026-02-10,81.775,83.016,79.941,81.399,130661,50,0
2026-02-11,81.405,86.294,81.059,82.737,132328,50,0
2026-02-12,82.73,84.24,73.946,75.127,183083,50,0
2026-02-13,75.128,79.338,74.689,77.519,147084,50,0
2026-02-15,74.897,77.102,74.877,76.352,3412,50,0
2026-02-16,76.353,77.484,74.729,76.443,61619,50,0
2026-02-17,76.443,76.547,71.93,72.419,143251,50,0
2026-02-18,72.42,78.341,72.323,77.184,111866,40,0
2026-02-19,77.183,79.469,76.468,77.965,111392,40,0
2026-02-20,77.969,84.687,77.418,84.601,134855,40,0
2026-02-22,85.422,87.265,85.415,87.008,4443,40,0
2026-02-23,87.005,89.045,85.161,88.143,118690,40,0
2026-02-24,88.142,88.893,84.934,87.221,161316,40,0
2026-02-25,87.22,91.295,86.76,87.564,150024,40,0
2026-02-26,87.57,90.339,85.223,88.167,199243,40,0
2026-02-27,88.167,94.137,87.815,93.773,176800,40,0
2026-03-01,95.542,96.413,94.72,95.759,8428,40,0
2026-03-02,95.76,96.177,86.516,90.073,269658,20,0
2026-03-03,90.066,91.334,77.953,82.994,398671,42,0
2026-03-04,82.992,86.802,81.879,84.002,210866,42,0
2026-03-05,84.007,85.545,80.47,82.756,212033,42,0
2026-03-06,82.75,84.936,81.649,84.486,181227,42,0
2026-03-08,83.954,84.656,80.961,81.942,22355,42,0
2026-03-09,81.941,88.01,79.604,87.329,187763,42,0
2026-03-10,87.323,90.004,86.566,88.438,151601,42,0
2026-03-11,88.428,89.409,84.395,84.613,130230,42,0
2026-03-12,84.607,87.43,83.003,84.033,131339,42,0
2026-03-13,84.034,85.44,79.406,80.606,144166,42,0
2026-03-15,80.001,80.598,79.258,80.08,10367,42,0
2026-03-16,80.084,81.635,77.045,81.114,155685,42,0
2026-03-17,81.116,82.546,78.229,79.19,113424,42,0
2026-03-18,79.193,80.167,74.982,75.878,148962,42,0
2026-03-19,75.877,76.688,65.47,72.517,235153,42,0
2026-03-20,72.518,74.526,67.654,67.898,190514,42,0
2026-03-22,67.344,69.592,67.32,68.065,13238,42,0
2026-03-23,68.071,70.777,60.985,69.745,363975,42,0
2026-03-24,69.744,73.052,65.978,72.885,233799,42,0
2026-03-25,72.888,74.534,70.368,70.641,166108,42,0
2026-03-26,70.642,72.194,66.68,68.664,180298,42,0
2026-03-27,68.665,71.614,67.361,69.764,139959,42,0
2026-03-29,68.786,69.286,67.684,68.136,10378,42,0
2026-03-30,68.141,71.758,67.755,69.923,138835,42,0
2026-03-31,69.924,75.555,69.007,74.886,156810,42,0
2026-04-01,74.886,76.116,73.761,75.332,128920,30,0
2026-04-02,75.331,75.858,69.549,73.025,234786,30,0
2026-04-05,71.857,72.259,71.175,71.66,11465,30,0
2026-04-06,71.662,73.569,71.59,72.881,138634,30,0
2026-04-07,72.88,76.916,69.787,76.559,199298,30,0
2026-04-08,76.561,77.644,73.474,73.76,163572,30,0
2026-04-09,73.755,76.621,72.874,75.416,126192,30,0
2026-04-10,75.413,76.823,74.82,75.892,104092,30,0
2026-04-12,73.79,73.899,72.573,73.754,9906,30,0
2026-04-13,73.761,75.94,73.551,75.696,117615,30,0
2026-04-14,75.695,79.725,75.367,79.502,107626,30,0
2026-04-15,79.497,81.004,78.21,79.458,120771,30,0
2026-04-16,79.46,80.845,78.049,78.677,108245,30,0
2026-04-17,78.673,83.033,77.748,80.912,121108,30,0
2026-04-19,79.357,79.797,78.621,78.963,9763,30,0
2026-04-20,78.965,80.668,78.635,79.852,120881,30,0
2026-04-21,79.85,80.041,75.386,77.305,144884,30,0
2026-04-22,77.309,78.662,77.309,77.534,103358,30,0
2026-04-23,77.534,78.392,74.215,75.542,161483,30,0
2026-04-24,75.546,76.674,73.942,75.662,128244,30,0
2026-04-26,75.363,75.436,74.717,74.896,5153,30,0
2026-04-27,74.9,76.567,74.636,75.928,99813,30,0
2026-04-28,75.928,76.137,72.013,73.278,125726,30,0
2026-04-29,73.279,73.93,70.839,71.828,122245,30,0
2026-04-30,71.83,74.497,71.574,74.333,121913,30,0
2026-05-01,74.338,76.951,72.962,75.308,98119,30,0
2026-05-03,75.785,75.99,75.433,75.682,6358,30,0
2026-05-04,75.684,75.82,72.175,72.607,137076,30,0
2026-05-05,72.611,74.176,72.389,73.881,96342,30,0
2026-05-06,73.88,77.811,73.592,77.528,127770,30,0
2026-05-07,77.526,82.127,76.969,79.225,149448,30,0
2026-05-08,79.22,81.559,78.8,80.332,126195,30,0
2026-05-10,79.397,80.318,79.089,80.005,6505,30,0
2026-05-11,79.999,87.204,79.548,87.134,150278,30,0
2026-05-12,87.15,87.313,83.03,87.156,178216,30,0
2026-05-13,87.157,89.372,85.622,87.707,150726,30,0
2026-05-14,87.705,88.436,82.887,83.494,168859,30,0
2026-05-15,83.497,83.702,75.714,75.897,219002,30,0
2026-05-17,76.026,76.912,76.004,76.627,11309,30,0
2026-05-18,76.648,78.872,73.841,78.676,211745,30,0
2026-05-19,78.68,78.889,73.06,74.204,166610,30,0
2026-05-20,74.204,76.596,73.098,75.928,172629,30,0
2026-05-21,75.926,77.114,74.405,76.614,169304,30,0
2026-05-22,76.62,77.026,74.953,75.458,121196,30,0
2026-05-24,77.2,78.819,77.065,78.186,7473,30,0
2026-05-25,78.184,78.743,77.189,77.663,92020,30,0
2026-05-26,77.661,77.674,75.473,77.362,114873,30,0
2026-05-27,77.366,77.521,73.38,74.491,133224,30,0
2026-05-28,74.495,76.029,71.771,75.68,135489,30,0
2026-05-29,75.682,76.659,74.586,75.279,109451,30,0
2026-05-31,74.448,75.7,74.413,75.581,5708,30,0
2026-06-01,75.577,76.274,73.823,75.026,119894,30,0
2026-06-02,75.032,77.005,74.305,74.822,106647,30,0
2026-06-03,74.823,75.321,72.435,73.213,119673,30,0
2026-06-04,73.209,75.055,72.772,73.804,118476,30,0
2026-06-05,73.8,73.8,67.555,67.806,163844,30,0
2026-06-07,67.729,68.23,66.973,68.192,11205,30,0
2026-06-08,68.178,68.917,66.159,67.855,164490,20,0
2026-06-09,67.85,69.022,64.341,64.889,169376,30,0
2026-06-10,64.893,65.756,61.49,62.183,216673,20,0
2026-06-11,62.188,67.949,62.011,67.492,210901,30,0
2026-06-12,67.487,68.339,65.88,68.05,158332,30,0
2026-06-14,69.417,70.349,69.398,70.301,8507,30,0
2026-06-15,70.298,71.324,69.801,69.917,105956,30,0
2026-06-16,69.915,71.184,69.062,69.882,101702,30,0
2026-06-17,69.884,71.539,66.782,68.402,149999,30,0
2026-06-18,68.408,69.825,65.048,65.272,130099,30,0
2026-06-19,65.277,65.5,63.276,64.81,64363,30,0
2026-06-21,64.527,65.046,64.235,64.397,5014,30,0
2026-06-22,64.402,67.147,64.383,64.916,89029,30,0
2026-06-23,64.908,65.176,60.799,61.642,106234,30,0
2026-06-24,61.648,62.37,55.594,57.71,167132,20,0
2026-06-25,57.715,59.001,56.333,57.626,122627,30,0
2026-06-26,57.621,59.561,55.677,59.099,97267,30,0
2026-06-28,59.145,59.354,58.47,58.666,5802,30,0
2026-06-29,58.672,59.15,57.392,58.409,86486,30,0
2026-06-30,58.402,60.432,56.593,58.404,97632,30,0
2026-07-01,58.406,61.003,57.15,59.089,86009,30,0
2026-07-02,59.095,62.066,58.907,61.065,96552,30,0
2026-07-03,61.06,62.888,61.002,62.379,52627,30,0
2026-07-05,62.82,63.269,62.659,62.779,4963,30,0
2026-07-06,62.785,63.11,61.347,61.772,71565,30,0
2026-07-07,61.766,62.037,59.434,59.668,81075,30,0
2026-07-08,59.663,61.004,57.193,58.418,106527,30,0
2026-07-09,58.419,60.609,57.572,60.015,68210,30,0
2026-07-10,60.021,60.762,58.823,59.833,65766,30,0
2026-07-12,59.032,59.032,58.483,58.916,5118,30,0
2026-07-13,58.921,59.377,57.253,57.602,82171,30,0
2026-07-14,57.608,59.666,56.864,58.789,79789,30,0
2026-07-15,58.793,59.053,56.593,57.775,73752,30,0
2026-07-16,57.78,57.84,55.306,55.588,79332,30,0
2026-07-17,55.593,56.192,54.756,55.907,76348,30,0
2026-07-19,55.696,55.895,55.51,55.889,3865,30,0
2026-07-20,55.893,57.463,55.61,56.346,72950,30,0
2026-07-21,56.346,59.234,56.168,58.847,65316,30,0
2026-07-22,58.852,60.923,58.764,59.707,70905,30,0
2026-07-23,59.708,60.063,57.035,57.514,76844,30,0
2026-07-24,57.519,58.975,57.083,58.21,64652,30,0
2026-07-26,59.488,59.879,59.294,59.636,4363,30,0
2026-07-27,59.641,60.071,58.145,58.371,66656,30,0
2026-07-28,58.371,58.421,56.621,57.228,69452,30,0
2026-07-29,57.226,59.254,56.73,58.176,88367,30,0
2026-07-30,58.179,59.306,56.927,59.056,82448,30,0
2026-07-31,59.061,59.143,57.013,57.584,60063,30,0
2026-08-02,58.576,58.584,58.175,58.305,4018,30,0
2026-08-03,58.31,58.599,56.543,58.241,64166,30,0
2026-08-04,58.234,60.034,57.969,59.445,62779,30,0
2026-08-05,59.44,62.771,59.387,62.212,69139,30,0
2026-08-06,62.207,62.909,60.858,61.644,71472,30,0
2026-08-07,61.637,65.155,61.145,63.542,79559,20,0
2026-08-09,63.581,63.918,63.395,63.503,3936,30,0
2026-08-10,63.497,66.066,62.969,65.827,69582,30,0
2026-08-11,65.827,66.466,64.217,64.77,75430,30,0
2026-08-12,64.769,66.785,64.687,65.293,72683,20,0
2026-08-13,65.298,66.306,64.192,64.528,72295,30,0
2026-08-14,64.522,65.699,63.503,64.674,60414,30,0
2026-08-16,64.752,65.234,64.671,64.819,3110,30,0
2026-08-17,64.82,66.535,64.807,65.964,62883,30,0
2026-08-18,65.966,66.555,62.733,62.936,69482,30,0
2026-08-19,62.941,67.12,62.551,66.943,79141,30,0
2026-08-20,66.937,68.984,65.633,68.202,83339,30,0
2026-08-21,68.196,70.012,67.889,68.987,73528,30,0
2026-08-23,69.011,69.449,68.875,69.361,4413,30,0
2026-08-24,69.361,69.656,68.403,69.011,19488,30,0
