time,gross_exposure,net_exposure,n_positions,ret_gross_weighted,ret_net_weighted,turnover_weight_units,regime_on
2020-01-02,0.0,0.0,0,0.0,0.0,0.0,0.0
2020-01-03,0.0,0.0,0,0.0,0.0,0.0,0.0
2020-01-04,0.0,0.0,0,0.0,0.0,0.0,0.0
2020-01-05,0.0,0.0,0,0.0,0.0,0.0,0.0
2020-01-06,0.0,0.0,0,0.0,0.0,0.0,0.0
2020-01-07,0.0,0.0,0,0.0,0.0,0.0,0.0
2020-01-08,0.0,0.0,0,0.0,0.0,0.0,0.0
2020-01-09,0.0,0.0,0,0.0,0.0,0.0,0.0
2020-01-10,0.0,0.0,0,0.0,0.0,0.0,0.0
2020-01-11,0.0,0.0,0,0.0,0.0,0.0,0.0
2020-01-12,0.0,0.0,0,0.0,0.0,0.0,0.0
2020-01-13,0.0,0.0,0,0.0,0.0,0.0,0.0
2020-01-14,0.0,0.0,0,0.0,0.0,0.0,0.0
2020-01-15,0.0,0.0,0,0.0,0.0,0.0,0.0
2020-01-16,0.0,0.0,0,0.0,0.0,0.0,0.0
2020-01-17,0.0,0.0,0,0.0,0.0,0.0,0.0
2020-01-18,0.0,0.0,0,0.0,0.0,0.0,0.0
2020-01-19,0.0,0.0,0,0.0,0.0,0.0,0.0
2020-01-20,0.0,0.0,0,0.0,0.0,0.0,0.0
2020-01-21,0.0,0.0,0,0.0,0.0,0.0,0.0
2020-01-22,0.0,0.0,0,0.0,0.0,0.0,0.0
2020-01-23,0.0,0.0,0,0.0,0.0,0.0,0.0
2020-01-24,0.0,0.0,0,0.0,0.0,0.0,0.0
2020-01-25,0.0,0.0,0,0.0,0.0,0.0,0.0
2020-01-26,0.0,0.0,0,0.0,0.0,0.0,1.0
2020-01-27,0.0,0.0,0,0.0,0.0,0.0,1.0
2020-01-28,0.0,0.0,0,0.0,0.0,0.0,1.0
2020-01-29,0.0,0.0,0,0.0,0.0,0.0,1.0
2020-01-30,0.0,0.0,0,0.0,0.0,0.0,1.0
2020-01-31,0.0,0.0,0,0.0,0.0,0.0,1.0
2020-02-01,0.0,0.0,0,0.0,0.0,0.0,1.0
2020-02-02,0.0,0.0,0,0.0,0.0,0.0,1.0
2020-02-03,0.0,0.0,0,0.0,0.0,0.0,1.0
2020-02-04,0.0,0.0,0,0.0,0.0,0.0,0.0
2020-02-05,0.0,0.0,0,0.0,0.0,0.0,0.0
2020-02-06,0.0,0.0,0,0.0,0.0,0.0,0.0
2020-02-07,0.0,0.0,0,0.0,0.0,0.0,0.0
2020-02-08,0.0,0.0,0,0.0,0.0,0.0,0.0
2020-02-09,0.0,0.0,0,0.0,0.0,0.0,0.0
2020-02-10,0.0,0.0,0,0.0,0.0,0.0,0.0
2020-02-11,0.0,0.0,0,0.0,0.0,0.0,0.0
2020-02-12,0.0,0.0,0,0.0,0.0,0.0,0.0
2020-02-13,0.0,0.0,0,0.0,0.0,0.0,0.0
2020-02-14,0.0,0.0,0,0.0,0.0,0.0,0.0
2020-02-15,0.0,0.0,0,0.0,0.0,0.0,0.0
2020-02-16,0.0,0.0,0,0.0,0.0,0.0,0.0
2020-02-17,0.0,0.0,0,0.0,0.0,0.0,0.0
2020-02-18,0.0,0.0,0,0.0,0.0,0.0,0.0
2020-02-19,0.0,0.0,0,0.0,0.0,0.0,0.0
2020-02-20,0.0,0.0,0,0.0,0.0,0.0,0.0
2020-02-21,0.0,0.0,0,0.0,0.0,0.0,0.0
2020-02-22,0.0,0.0,0,0.0,0.0,0.0,0.0
2020-02-23,0.0,0.0,0,0.0,0.0,0.0,1.0
2020-02-24,0.0,0.0,0,0.0,0.0,0.0,1.0
2020-02-25,0.0,0.0,0,0.0,0.0,0.0,1.0
2020-02-26,0.0,0.0,0,0.0,0.0,0.0,0.0
2020-02-27,0.0,0.0,0,0.0,0.0,0.0,0.0
2020-02-28,0.0,0.0,0,0.0,0.0,0.0,0.0
2020-02-29,0.0,0.0,0,0.0,0.0,0.0,0.0
2020-03-01,0.0,0.0,0,0.0,0.0,0.0,0.0
2020-03-02,0.0,0.0,0,0.0,0.0,0.0,0.0
2020-03-03,0.0,0.0,0,0.0,0.0,0.0,0.0
2020-03-04,0.0,0.0,0,0.0,0.0,0.0,0.0
2020-03-05,0.0,0.0,0,0.0,0.0,0.0,0.0
2020-03-06,0.0,0.0,0,0.0,0.0,0.0,0.0
2020-03-07,0.0,0.0,0,0.0,0.0,0.0,0.0
2020-03-08,0.0,0.0,0,0.0,0.0,0.0,0.0
2020-03-09,0.0,0.0,0,0.0,0.0,0.0,0.0
2020-03-10,0.0,0.0,0,0.0,0.0,0.0,0.0
2020-03-11,0.0,0.0,0,0.0,0.0,0.0,0.0
2020-03-12,0.0,0.0,0,0.0,0.0,0.0,0.0
2020-03-13,0.0,0.0,0,0.0,0.0,0.0,0.0
2020-03-14,0.0,0.0,0,0.0,0.0,0.0,0.0
2020-03-15,0.0,0.0,0,0.0,0.0,0.0,0.0
2020-03-16,0.0,0.0,0,0.0,0.0,0.0,0.0
2020-03-17,0.0,0.0,0,0.0,0.0,0.0,0.0
2020-03-18,0.0,0.0,0,0.0,0.0,0.0,0.0
2020-03-19,0.0,0.0,0,0.0,0.0,0.0,0.0
2020-03-20,0.0,0.0,0,0.0,0.0,0.0,0.0
2020-03-21,0.0,0.0,0,0.0,0.0,0.0,0.0
2020-03-22,0.0,0.0,0,0.0,0.0,0.0,0.0
2020-03-23,0.0,0.0,0,0.0,0.0,0.0,0.0
2020-03-24,0.0,0.0,0,0.0,0.0,0.0,0.0
2020-03-25,0.0,0.0,0,0.0,0.0,0.0,0.0
2020-03-26,0.0,0.0,0,0.0,0.0,0.0,0.0
2020-03-27,0.0,0.0,0,0.0,0.0,0.0,0.0
2020-03-28,0.0,0.0,0,0.0,0.0,0.0,0.0
2020-03-29,0.0,0.0,0,0.0,0.0,0.0,0.0
2020-03-30,0.0,0.0,0,0.0,0.0,0.0,0.0
2020-03-31,0.0,0.0,0,0.0,0.0,0.0,0.0
2020-04-01,0.0,0.0,0,0.0,0.0,0.0,0.0
2020-04-02,0.0,0.0,0,0.0,0.0,0.0,0.0
2020-04-03,0.0,0.0,0,0.0,0.0,0.0,0.0
2020-04-04,0.0,0.0,0,0.0,0.0,0.0,0.0
2020-04-05,0.0,0.0,0,0.0,0.0,0.0,0.0
2020-04-06,0.0,0.0,0,0.0,0.0,0.0,0.0
2020-04-07,0.0,0.0,0,0.0,0.0,0.0,0.0
2020-04-08,0.0,0.0,0,0.0,0.0,0.0,0.0
2020-04-09,0.0,0.0,0,0.0,0.0,0.0,0.0
2020-04-10,0.0,0.0,0,0.0,0.0,0.0,0.0
2020-04-11,0.0,0.0,0,0.0,0.0,0.0,0.0
2020-04-12,0.0,0.0,0,0.0,0.0,0.0,0.0
2020-04-13,0.0,0.0,0,0.0,0.0,0.0,0.0
2020-04-14,0.0,0.0,0,0.0,0.0,0.0,0.0
2020-04-15,0.0,0.0,0,0.0,0.0,0.0,0.0
2020-04-16,0.0,0.0,0,0.0,0.0,0.0,0.0
2020-04-17,0.0,0.0,0,0.0,0.0,0.0,0.0
2020-04-18,0.0,0.0,0,0.0,0.0,0.0,0.0
2020-04-19,0.0,0.0,0,0.0,0.0,0.0,0.0
2020-04-20,0.0,0.0,0,0.0,0.0,0.0,0.0
2020-04-21,0.0,0.0,0,0.0,0.0,0.0,0.0
2020-04-22,0.0,0.0,0,0.0,0.0,0.0,0.0
2020-04-23,0.0,0.0,0,0.0,0.0,0.0,0.0
2020-04-24,0.0,0.0,0,0.0,0.0,0.0,0.0
2020-04-25,0.0,0.0,0,0.0,0.0,0.0,0.0
2020-04-26,0.0,0.0,0,0.0,0.0,0.0,1.0
2020-04-27,0.0,0.0,0,0.0,0.0,0.0,1.0
2020-04-28,0.0,0.0,0,0.0,0.0,0.0,1.0
2020-04-29,0.0,0.0,0,0.0,0.0,0.0,1.0
2020-04-30,0.0,0.0,0,0.0,0.0,0.0,0.0
2020-05-01,0.0,0.0,0,0.0,0.0,0.0,0.0
2020-05-02,0.0,0.0,0,0.0,0.0,0.0,0.0
2020-05-03,0.0,0.0,0,0.0,0.0,0.0,0.0
2020-05-04,0.0,0.0,0,0.0,0.0,0.0,0.0
2020-05-05,0.0,0.0,0,0.0,0.0,0.0,1.0
2020-05-06,0.0,0.0,0,0.0,0.0,0.0,1.0
2020-05-07,0.0,0.0,0,0.0,0.0,0.0,0.0
2020-05-08,0.0,0.0,0,0.0,0.0,0.0,0.0
2020-05-09,0.0,0.0,0,0.0,0.0,0.0,0.0
2020-05-10,0.0,0.0,0,0.0,0.0,0.0,0.0
2020-05-11,0.0,0.0,0,0.0,0.0,0.0,0.0
2020-05-12,0.0,0.0,0,0.0,0.0,0.0,0.0
2020-05-13,0.0,0.0,0,0.0,0.0,0.0,1.0
2020-05-14,0.0,0.0,0,0.0,0.0,0.0,0.0
2020-05-15,0.0,0.0,0,0.0,0.0,0.0,0.0
2020-05-16,0.0,0.0,0,0.0,0.0,0.0,0.0
2020-05-17,0.0,0.0,0,0.0,0.0,0.0,0.0
2020-05-18,0.0,0.0,0,0.0,0.0,0.0,0.0
2020-05-19,0.0,0.0,0,0.0,0.0,0.0,0.0
2020-05-20,0.0,0.0,0,0.0,0.0,0.0,1.0
2020-05-21,0.0,0.0,0,0.0,0.0,0.0,1.0
2020-05-22,0.0,0.0,0,0.0,0.0,0.0,1.0
2020-05-23,0.0,0.0,0,0.0,0.0,0.0,1.0
2020-05-24,0.0,0.0,0,0.0,0.0,0.0,1.0
2020-05-25,0.0,0.0,0,0.0,0.0,0.0,1.0
2020-05-26,0.0,0.0,0,0.0,0.0,0.0,1.0
2020-05-27,0.0,0.0,0,0.0,0.0,0.0,1.0
2020-05-28,0.0,0.0,0,0.0,0.0,0.0,1.0
2020-05-29,0.0,0.0,0,0.0,0.0,0.0,1.0
2020-05-30,0.0,0.0,0,0.0,0.0,0.0,1.0
2020-05-31,0.0,0.0,0,0.0,0.0,0.0,1.0
2020-06-01,0.0,0.0,0,0.0,0.0,0.0,1.0
2020-06-02,0.0,0.0,0,0.0,0.0,0.0,1.0
2020-06-03,0.0,0.0,0,0.0,0.0,0.0,1.0
2020-06-04,0.0,0.0,0,0.0,0.0,0.0,1.0
2020-06-05,0.0,0.0,0,0.0,0.0,0.0,1.0
2020-06-06,0.0,0.0,0,0.0,0.0,0.0,1.0
2020-06-07,0.0,0.0,0,0.0,0.0,0.0,1.0
2020-06-08,0.0,0.0,0,0.0,0.0,0.0,1.0
2020-06-09,0.0,0.0,0,0.0,0.0,0.0,1.0
2020-06-10,0.0,0.0,0,0.0,0.0,0.0,1.0
2020-06-11,0.0,0.0,0,0.0,0.0,0.0,0.0
2020-06-12,0.0,0.0,0,0.0,0.0,0.0,0.0
2020-06-13,0.0,0.0,0,0.0,0.0,0.0,0.0
2020-06-14,0.0,0.0,0,0.0,0.0,0.0,0.0
2020-06-15,0.0,0.0,0,0.0,0.0,0.0,0.0
2020-06-16,0.0,0.0,0,0.0,0.0,0.0,0.0
2020-06-17,0.0,0.0,0,0.0,0.0,0.0,0.0
2020-06-18,0.0,0.0,0,0.0,0.0,0.0,0.0
2020-06-19,0.0,0.0,0,0.0,0.0,0.0,0.0
2020-06-20,0.0,0.0,0,0.0,0.0,0.0,0.0
2020-06-21,0.0,0.0,0,0.0,0.0,0.0,0.0
2020-06-22,0.0,0.0,0,0.0,0.0,0.0,1.0
2020-06-23,0.0,0.0,0,0.0,0.0,0.0,1.0
2020-06-24,0.0,0.0,0,0.0,0.0,0.0,1.0
2020-06-25,0.0,0.0,0,0.0,0.0,0.0,1.0
2020-06-26,0.0,0.0,0,0.0,0.0,0.0,1.0
2020-06-27,0.0,0.0,0,0.0,0.0,0.0,1.0
2020-06-28,0.0,0.0,0,0.0,0.0,0.0,1.0
2020-06-29,0.0,0.0,0,0.0,0.0,0.0,1.0
2020-06-30,0.0,0.0,0,0.0,0.0,0.0,1.0
2020-07-01,0.0,0.0,0,0.0,0.0,0.0,1.0
2020-07-02,0.0,0.0,0,0.0,0.0,0.0,1.0
2020-07-03,0.0,0.0,0,0.0,0.0,0.0,1.0
2020-07-04,0.0,0.0,0,0.0,0.0,0.0,1.0
2020-07-05,0.0,0.0,0,0.0,0.0,0.0,1.0
2020-07-06,0.0,0.0,0,0.0,0.0,0.0,1.0
2020-07-07,0.0,0.0,0,0.0,0.0,0.0,1.0
2020-07-08,0.0,0.0,0,0.0,0.0,0.0,1.0
2020-07-09,0.0,0.0,0,0.0,0.0,0.0,1.0
2020-07-10,0.0,0.0,0,0.0,0.0,0.0,1.0
2020-07-11,0.0,0.0,0,0.0,0.0,0.0,1.0
2020-07-12,0.0,0.0,0,0.0,0.0,0.0,1.0
2020-07-13,0.0,0.0,0,0.0,0.0,0.0,1.0
2020-07-14,0.0,0.0,0,0.0,0.0,0.0,1.0
2020-07-15,0.0,0.0,0,0.0,0.0,0.0,1.0
2020-07-16,0.0,0.0,0,0.0,0.0,0.0,1.0
2020-07-17,0.0,0.0,0,0.0,0.0,0.0,1.0
2020-07-18,0.0,0.0,0,0.0,0.0,0.0,1.0
2020-07-19,0.0,0.0,0,0.0,0.0,0.0,1.0
2020-07-20,0.0,0.0,0,0.0,0.0,0.0,1.0
2020-07-21,0.0,0.0,0,0.0,0.0,0.0,1.0
2020-07-22,0.0,0.0,0,0.0,0.0,0.0,1.0
2020-07-23,0.0,0.0,0,0.0,0.0,0.0,1.0
2020-07-24,0.0,0.0,0,0.0,0.0,0.0,1.0
2020-07-25,0.0,0.0,0,0.0,0.0,0.0,1.0
2020-07-26,0.0,0.0,0,0.0,0.0,0.0,1.0
2020-07-27,0.0,0.0,0,0.0,0.0,0.0,1.0
2020-07-28,0.0,0.0,0,0.0,0.0,0.0,1.0
2020-07-29,0.0,0.0,0,0.0,0.0,0.0,1.0
2020-07-30,0.0,0.0,0,0.0,0.0,0.0,1.0
2020-07-31,0.0,0.0,0,0.0,0.0,0.0,1.0
2020-08-01,0.0,0.0,0,0.0,0.0,0.0,1.0
2020-08-02,0.0,0.0,0,0.0,0.0,0.0,1.0
2020-08-03,0.0,0.0,0,0.0,0.0,0.0,1.0
2020-08-04,0.0,0.0,0,0.0,0.0,0.0,1.0
2020-08-05,0.0,0.0,0,0.0,0.0,0.0,1.0
2020-08-06,0.0,0.0,0,0.0,0.0,0.0,1.0
2020-08-07,0.0,0.0,0,0.0,0.0,0.0,1.0
2020-08-08,0.0,0.0,0,0.0,0.0,0.0,1.0
2020-08-09,0.0,0.0,0,0.0,0.0,0.0,1.0
2020-08-10,0.0,0.0,0,0.0,0.0,0.0,1.0
2020-08-11,0.0,0.0,0,0.0,0.0,0.0,1.0
2020-08-12,0.0,0.0,0,0.0,0.0,0.0,1.0
2020-08-13,0.0,0.0,0,0.0,0.0,0.0,1.0
2020-08-14,0.0,0.0,0,0.0,0.0,0.0,1.0
2020-08-15,0.0,0.0,0,0.0,0.0,0.0,1.0
2020-08-16,0.0,0.0,0,0.0,0.0,0.0,1.0
2020-08-17,0.0,0.0,0,0.0,0.0,0.0,1.0
2020-08-18,0.0,0.0,0,0.0,0.0,0.0,1.0
2020-08-19,0.0,0.0,0,0.0,0.0,0.0,1.0
2020-08-20,0.0,0.0,0,0.0,0.0,0.0,1.0
2020-08-21,0.0,0.0,0,0.0,0.0,0.0,1.0
2020-08-22,0.0,0.0,0,0.0,0.0,0.0,1.0
2020-08-23,0.0,0.0,0,0.0,0.0,0.0,1.0
2020-08-24,0.0,0.0,0,0.0,0.0,0.0,1.0
2020-08-25,0.0,0.0,0,0.0,0.0,0.0,1.0
2020-08-26,0.0,0.0,0,0.0,0.0,0.0,1.0
2020-08-27,0.0,0.0,0,0.0,0.0,0.0,1.0
2020-08-28,0.0,0.0,0,0.0,0.0,0.0,1.0
2020-08-29,0.0,0.0,0,0.0,0.0,0.0,1.0
2020-08-30,0.0,0.0,0,0.0,0.0,0.0,1.0
2020-08-31,0.0,0.0,0,0.0,0.0,0.0,1.0
2020-09-01,0.0,0.0,0,0.0,0.0,0.0,1.0
2020-09-02,0.0,0.0,0,0.0,0.0,0.0,1.0
2020-09-03,0.0,0.0,0,0.0,0.0,0.0,1.0
2020-09-04,0.0,0.0,0,0.0,0.0,0.0,1.0
2020-09-05,0.0,0.0,0,0.0,0.0,0.0,1.0
2020-09-06,0.0,0.0,0,0.0,0.0,0.0,1.0
2020-09-07,0.0,0.0,0,0.0,0.0,0.0,1.0
2020-09-08,0.0,0.0,0,0.0,0.0,0.0,1.0
2020-09-09,0.0,0.0,0,0.0,0.0,0.0,1.0
2020-09-10,1.2176040133669108,0.12287656918724352,29,0.006726168035372504,0.006648498689866726,0.0776693455057775,1.0
2020-09-11,1.2446207827691032,0.12247954401900107,28,0.00022216593891380545,0.00014722447089338028,0.07494146802042516,1.0
2020-09-12,1.2246904457160217,0.13155679746252455,29,0.0004064058727236475,0.000395894937299785,0.010510935423862534,1.0
2020-09-13,1.2141839480232695,0.13215943819987466,29,-0.0021739686775646373,-0.0022053247748832524,0.03135609731861519,1.0
2020-09-14,1.202447534406554,0.13728031773655006,29,0.004683675539613927,0.004550711859061318,0.13296368055260913,1.0
2020-09-15,1.1886681030433799,0.14727499193172788,29,6.202775015178952e-06,-0.0001492772791379551,0.15548005415313404,1.0
2020-09-16,1.1808110532585445,0.1708159621808329,29,-0.00036330300464053735,-0.0004904463659657985,0.12714336132526124,1.0
2020-09-17,1.200220306635266,0.17141758974023516,29,-0.000964047976185175,-0.0011079066607339353,0.1438586845487603,1.0
2020-09-18,1.207433071246245,0.18155246113057966,29,0.0009342745095553822,0.0008798407638906817,0.05443374566470047,1.0
2020-09-19,1.1927356771257274,0.19604558727006208,29,0.0013049359467416145,0.0012835883120093958,0.021347634732218828,1.0
2020-09-20,1.171388053151436,0.18917125488146125,28,-0.001639048614812314,-0.0016578225644917443,0.018773949679430302,1.0
2020-09-21,1.1665301143170637,0.18735669703715846,28,-0.006274142956099574,-0.006370509530159399,0.09636657405982486,1.0
2020-09-22,1.1924019904701282,0.17777678448964973,28,-0.0028989638275726043,-0.0030301449325590207,0.13118110498641636,1.0
2020-09-23,1.1884336579816612,0.19065300042859,29,-0.008046143349028652,-0.008158143561826498,0.11200021279784711,1.0
2020-09-24,1.203083264666772,0.20517051073094075,29,0.00405452004740464,0.003811460227840406,0.2430598195642339,1.0
2020-09-25,1.2453780096362594,0.1542765624329122,29,-0.0029142572793664063,-0.0030589718003856273,0.14471452101922122,1.0
2020-09-26,1.2469167074990193,0.14666484366851573,28,0.00037892315890837304,0.0003721391584429061,0.006784000465466946,1.0
2020-09-27,1.240133220679013,0.14737821176105803,28,0.00024838167783347565,0.00021800892952994447,0.030372748303531167,1.0
2020-09-28,1.2363315776543153,0.14563023043360968,28,0.0009746063884423129,0.000809536148881629,0.16507023956068378,1.0
2020-09-29,1.1997572627835518,0.16423504195025457,28,0.006509341523739486,0.006271010251681586,0.23833127205789978,1.0
2020-09-30,1.2376087864899026,0.11056207732613058,28,-0.005734565635790324,-0.005945654478630105,0.2110888428397812,1.0
2020-10-01,1.2213606838080218,0.14928040383255597,27,0.0016185308918664344,0.0015287536742408048,0.08977721762562962,1.0
2020-10-02,1.2237742843331267,0.1349449742993799,29,-0.0021624378888336505,-0.002226375122808289,0.06393723397463887,1.0
2020-10-03,1.2247022085036308,0.14117031311998543,28,-0.0002244289970208535,-0.0002404968303066462,0.016067833285792695,1.0
2020-10-04,1.2086347985409804,0.13447742965885554,28,0.0016774417950050002,0.001591209009262485,0.0862327857425152,1.0
2020-10-05,1.2087089337138592,0.1559263374215415,28,0.0018781780679253846,0.0017760609678615822,0.10211710006380245,1.0
2020-10-06,1.1965434182286083,0.1755055794673597,29,-0.004622793375050286,-0.004725058798310414,0.10226542326012807,1.0
2020-10-07,1.1994828729795344,0.16794033288724083,29,1.1090412717600713e-05,-9.444353980712672e-05,0.10553395252472744,1.0
2020-10-08,1.2040176784764707,0.18183170064344406,29,0.0027701397782838397,0.002615852033207463,0.15428774507637688,1.0
2020-10-09,1.21756504931519,0.18684114359586895,29,0.0066959488356409195,0.006557740305595301,0.13820853004561875,1.0
2020-10-10,1.2210193481747185,0.19428121644958055,29,0.0022320677167321002,0.002189820572457961,0.04224714427413924,1.0
2020-10-11,1.1787722039005792,0.1574871017652401,29,9.273504746400918e-05,3.9183215539338386e-05,0.05355183192467079,1.0
2020-10-12,1.1769317318603387,0.1553479490602871,29,-0.0011633957524103378,-0.0013136637540150991,0.1502680016047614,1.0
2020-10-13,1.1800154853643894,0.12704216655662787,29,-0.0033120077125219295,-0.0034417929875812073,0.1297852750592776,1.0
2020-10-14,1.208072249517468,0.10190565665269308,29,-0.0008813820161133574,-0.001159641189831182,0.2782591737178244,1.0
2020-10-15,1.2290947595166677,0.051355648093960274,29,0.003182187802297042,0.0031280682823211824,0.05411951997585963,1.0
2020-10-16,1.228909560488015,0.047889716693353276,29,-0.003447989606192689,-0.0035656804692032816,0.11769086301059248,1.0
2020-10-17,1.2280274560953965,0.05547966537876342,28,0.00035509148531438496,0.0003438611842414253,0.01123030107295966,1.0
2020-10-18,1.2167971550224368,0.055237842187173106,28,0.0012319850511313742,0.0011856671266275611,0.046317924503813,1.0
2020-10-19,1.1840109629221218,0.04666033778724428,28,0.004299017681139484,0.004217174775124644,0.08184290601483975,1.0
2020-10-20,1.148521294396576,0.06062505335643105,28,0.002252935498903785,0.0022150798777603137,0.03785562114347127,1.0
2020-10-21,1.163122221795017,0.08365932993946888,28,0.008674284341795294,0.008609649044531556,0.06463529726373893,1.0
2020-10-22,1.1789080082089605,0.08822956209552464,28,-0.0008901844462589739,-0.000977910338694191,0.08772589243521718,1.0
2020-10-23,1.1950728278672742,0.09359287586718353,28,0.0023703273146004613,0.002286614584547017,0.0837127300534446,1.0
2020-10-24,1.2165332183978348,0.11034956961582837,29,0.0013186733272112284,0.0012808491938506314,0.037824133360596875,1.0
2020-10-25,1.178710280833534,0.08203031932610386,29,-0.0006337131742085473,-0.0006722942688145403,0.03858109460599306,1.0
2020-10-26,1.1532740710218914,0.062462239528369295,29,0.0024039155552335505,0.0023380645316375035,0.06585102359604718,1.0
2020-10-27,1.14159657594932,0.058441185768300624,28,0.005190771675038447,0.005104865309464054,0.08590636557439299,1.0
2020-10-28,1.1432013497730287,0.07586246807450037,29,-0.0010723295880063948,-0.0012074732662244105,0.13514367821801576,1.0
2020-10-29,1.1001010721380793,0.07655384123317853,29,-0.0003631386338499471,-0.0005513729346610886,0.1882343008111415,1.0
2020-10-30,1.085111064893071,0.08767281391286919,28,-0.00017983437287707072,-0.0002875983860298926,0.10776401315282186,1.0
2020-10-31,1.0924150777760295,0.10612294532338751,29,0.0017485297630978726,0.0017386400409647293,0.00988972213314337,1.0
2020-11-01,1.0825430263092406,0.10936955255317016,29,0.0003667503048728097,0.0002742437502805509,0.09250655459225887,1.0
2020-11-02,1.0480295244724211,0.1279408720520744,29,-0.0011441526406223282,-0.001278457625905804,0.13430498528347573,1.0
2020-11-03,1.051312716344286,0.16033271104099417,27,0.00764240260302654,0.007424241969573906,0.2181606334526334,1.0
2020-11-04,1.137867554933418,0.21337196525826785,29,0.0036147456909423263,0.003499552147554835,0.11519354338749123,1.0
2020-11-05,1.1462718060422814,0.219113586564617,29,0.016224463530417937,0.015078191724375654,1.1462718060422816,0.0
2020-11-06,0.0,0.0,0,0.0,0.0,0.0,0.0
2020-11-07,0.0,0.0,0,0.0,0.0,0.0,0.0
2020-11-08,0.0,0.0,0,0.0,0.0,0.0,0.0
2020-11-09,0.0,0.0,0,0.0,0.0,0.0,0.0
2020-11-10,0.0,0.0,0,0.0,0.0,0.0,0.0
2020-11-11,0.0,0.0,0,0.0,0.0,0.0,0.0
2020-11-12,0.0,0.0,0,0.0,0.0,0.0,0.0
2020-11-13,0.0,0.0,0,0.0,0.0,0.0,0.0
2020-11-14,0.0,0.0,0,0.0,0.0,0.0,0.0
2020-11-15,0.0,0.0,0,0.0,0.0,0.0,0.0
2020-11-16,0.0,0.0,0,0.0,0.0,0.0,0.0
2020-11-17,0.0,0.0,0,0.0,0.0,0.0,0.0
2020-11-18,0.0,0.0,0,0.0,0.0,0.0,0.0
2020-11-19,0.0,0.0,0,0.0,0.0,0.0,0.0
2020-11-20,0.0,0.0,0,0.0,0.0,0.0,0.0
2020-11-21,0.0,0.0,0,0.0,0.0,0.0,0.0
2020-11-22,0.0,0.0,0,0.0,0.0,0.0,0.0
2020-11-23,0.0,0.0,0,0.0,0.0,0.0,0.0
2020-11-24,0.0,0.0,0,0.0,-0.0012097237472194632,1.209723747219463,1.0
2020-11-25,1.2097237472194633,0.35474969796633693,29,-0.0032328298585688506,-0.0033295362735831957,0.09670641501434528,1.0
2020-11-26,1.2169637289631845,0.36690109287920497,29,-0.009105628559742595,-0.009259070835132742,0.15344227539014685,1.0
2020-11-27,1.209348611850944,0.3581146803383378,28,-0.00015421917913488762,-0.00021232240603674769,0.058103226901860074,1.0
2020-11-28,1.2027584005865863,0.34559849369899287,28,0.003380632004825124,0.003367131340410813,0.013500664414310859,1.0
2020-11-29,1.1892670271338062,0.34440981309523966,28,0.003360089850867808,0.0033054804603086544,0.05460939055915388,1.0
2020-11-30,1.1859471821103431,0.34711737239256923,28,0.005185225141455967,0.005048054121313516,0.1371710201424503,1.0
2020-12-01,1.1857914018668236,0.3500451886431446,28,-0.0018619391266879344,-0.0019177291025464906,0.0557899758585561,1.0
2020-12-02,1.1925428925811266,0.34558875861118216,29,0.004993369381684104,0.0048667812510026515,0.12658813068145222,1.0
2020-12-03,1.1969224238446046,0.3393200908013597,29,0.0020491223151996875,0.0019492621803171048,0.09986013488258268,1.0
2020-12-04,1.2123815586187867,0.33922120994604943,29,-0.003546883163927465,-0.0036463228156122214,0.09943965168475635,1.0
2020-12-05,1.2180615666649883,0.3305826726756971,28,0.002586756168826976,0.002561611078324901,0.025145090502074738,1.0
2020-12-06,1.1929164761629136,0.3149089101623783,28,0.0014606158094911297,0.0014107644488495898,0.049851360641539916,1.0
2020-12-07,1.1859790303695443,0.3147780256472898,27,-0.00047119985687352336,-0.000515614627441824,0.04441477056830068,1.0
2020-12-08,1.188126902570641,0.3197704987236658,28,-0.0034118317608493863,-0.003477249948394366,0.0654181875449798,1.0
2020-12-09,1.1775282364139583,0.3084673147027274,27,-0.001047857744910106,-0.0010883813655666763,0.04052362065657049,1.0
2020-12-10,1.185990429921424,0.3131903986098629,27,0.004852938784458323,0.004733181667276369,0.1197571171819545,1.0
2020-12-11,1.2075410066593262,0.2899046301143324,29,0.00011386608021126063,6.098175579036522e-05,0.05288432442089541,1.0
2020-12-12,1.2084660868159738,0.2884116953038107,27,0.004335153169716333,0.00432119695796952,0.01395621174681256,1.0
2020-12-13,1.1945691383271086,0.2879510141505146,27,0.0021658682383189566,0.00211859025555817,0.04727798276078665,1.0
2020-12-14,1.1871267880744028,0.29174482337042523,27,-0.0024514185265548105,-0.002595571870257587,0.14415334370277655,1.0
2020-12-15,1.1603047784986258,0.2732003895709767,27,0.002785494604574745,0.002686490837337939,0.09900376723680625,1.0
2020-12-16,1.172913727559968,0.2671855217651957,28,0.010228336185888682,0.010122806452767101,0.10552973312158061,1.0
2020-12-17,1.1816125745108454,0.2728521212169105,28,0.009983715828568865,0.009889569920225438,0.09414590834342604,1.0
2020-12-18,1.164433467563612,0.255896452189775,28,0.0015782001174270983,0.0015270721808976933,0.05112793652940497,1.0
2020-12-19,1.1393669820409937,0.24326996350211558,28,0.0031528694425721595,0.0031444658166459877,0.00840362592617171,1.0
2020-12-20,1.131000695635853,0.24377039460394154,28,-0.0022132558245076856,-0.0022322557775047817,0.0189999529970963,1.0
2020-12-21,1.1144659756243556,0.24514656574369137,28,-0.005174902840009355,-0.005241933751641464,0.06703091163210928,1.0
2020-12-22,1.099738395214495,0.2419304400741852,28,0.002552795296529841,0.002483714158079175,0.06908113845066621,1.0
2020-12-23,1.0978818585124575,0.24682522944133498,28,-0.0003694277900892284,-0.00042041459030313973,0.050986800213911346,1.0
2020-12-24,1.1149989814179937,0.24717723635885885,28,0.0019396042631129383,0.0018806294297105109,0.058974833402427373,1.0
2020-12-25,1.1190628287521118,0.25190904711065054,28,0.004111881404630369,0.00395308713657175,0.15879426805861935,1.0
2020-12-26,1.1357059797357316,0.2740380298679028,28,0.0071722198884435874,0.0071667013035664985,0.005518584877088928,1.0
2020-12-27,1.13027220680111,0.27193232303069975,28,0.0009827280660452621,0.0009326094503814673,0.05011861566379479,1.0
2020-12-28,1.096760331283359,0.256903277204371,28,0.0037070716234880695,0.003653446067260221,0.05362555622784855,1.0
2020-12-29,1.0998500966318676,0.2565389109773348,28,0.002553977474905947,0.002459347168948823,0.09463030595712378,1.0
2020-12-30,1.1031069998525354,0.26239133926661373,27,0.009832326507830898,0.009751518214875179,0.08080829295571809,1.0
2020-12-31,1.0884463012391974,0.23974049039806622,28,-0.00017098712000059051,-0.00028237061191538587,0.11138349191479532,1.0
2021-01-01,1.0660097915885145,0.20670917103525177,27,0.0014598078802064319,0.001362929822517759,0.09687805768867286,1.0
2021-01-02,1.0501486392464263,0.20870892265833935,28,0.009548318927250632,0.009492822436643634,0.0554964906069985,1.0
2021-01-03,0.9946521486394282,0.17392211164213434,28,0.003579117511728233,0.003498019090439637,0.08109842128859597,1.0
2021-01-04,0.9942404684675867,0.19417710427976673,28,-0.0048760477662940175,-0.005030602136446688,0.15455437015267054,1.0
2021-01-05,0.9956423927621305,0.19976185810598793,28,0.01108752972745412,0.010987271266978248,0.10025846047587228,1.0
2021-01-06,1.0238478995254439,0.21506066974701293,28,0.012034232584740522,0.011935844920911754,0.09838766382876787,1.0
2021-01-07,1.0325995190449908,0.2162613307430689,29,0.0057294322521803335,0.005590759614567509,0.1386726376128251,1.0
2021-01-08,1.050316971476428,0.22401386937462153,29,-0.0004975667542708368,-0.0006190459035620776,0.12147914929124079,1.0
2021-01-09,0.9897476296315426,0.21426459165175668,28,-0.000871319752412092,-0.0008791946440520412,0.007874891639949215,1.0
2021-01-10,0.9819645648527889,0.21874472734058048,28,-0.007568161521225148,-0.007623530568647864,0.0553690474227167,1.0
2021-01-11,0.9647311526168432,0.22032445150309826,27,-0.008420292461882375,-0.008507747713065544,0.08745525118316799,1.0
2021-01-12,0.9354967272934177,0.21691424334671308,27,-0.0013794346196372548,-0.0014443108319321632,0.06487621229490828,1.0
2021-01-13,0.9355562510284496,0.21201024562080187,28,0.007875895972190738,0.007809499486239242,0.06639648595149664,1.0
2021-01-14,0.9451228291137487,0.21972412616983633,27,0.0057931651313228045,0.005686331487089914,0.106833644232891,1.0
2021-01-15,0.9362373949011402,0.20864764223275645,27,-0.010930302007047104,-0.011866539401948244,0.9362373949011403,0.0
2021-01-16,0.0,0.0,0,0.0,0.0,0.0,0.0
2021-01-17,0.0,0.0,0,0.0,0.0,0.0,0.0
2021-01-18,0.0,0.0,0,0.0,0.0,0.0,0.0
2021-01-19,0.0,0.0,0,0.0,0.0,0.0,0.0
2021-01-20,0.0,0.0,0,0.0,0.0,0.0,0.0
2021-01-21,0.0,0.0,0,0.0,0.0,0.0,0.0
2021-01-22,0.0,0.0,0,0.0,0.0,0.0,0.0
2021-01-23,0.0,0.0,0,0.0,0.0,0.0,0.0
2021-01-24,0.0,0.0,0,0.0,0.0,0.0,0.0
2021-01-25,0.0,0.0,0,0.0,0.0,0.0,0.0
2021-01-26,0.0,0.0,0,0.0,-0.0009411827237048049,0.9411827237048049,1.0
2021-01-27,0.9411827237048049,0.20955519784924506,28,-0.01364728424046411,-0.014588466964168914,0.9411827237048049,0.0
2021-01-28,0.0,0.0,0,0.0,0.0,0.0,0.0
2021-01-29,0.0,0.0,0,0.0,0.0,0.0,0.0
2021-01-30,0.0,0.0,0,0.0,0.0,0.0,0.0
2021-01-31,0.0,0.0,0,0.0,0.0,0.0,0.0
2021-02-01,0.0,0.0,0,0.0,0.0,0.0,0.0
2021-02-02,0.0,0.0,0,0.0,0.0,0.0,0.0
2021-02-03,0.0,0.0,0,0.0,0.0,0.0,0.0
2021-02-04,0.0,0.0,0,0.0,-0.0009935016989288893,0.9935016989288893,1.0
2021-02-05,0.9935016989288894,0.24343671569273984,28,0.007114359066939685,0.006120857368010796,0.9935016989288893,0.0
2021-02-06,0.0,0.0,0,0.0,0.0,0.0,0.0
2021-02-07,0.0,0.0,0,0.0,0.0,0.0,0.0
2021-02-08,0.0,0.0,0,0.0,0.0,0.0,0.0
2021-02-09,0.0,0.0,0,0.0,0.0,0.0,0.0
2021-02-10,0.0,0.0,0,0.0,0.0,0.0,0.0
2021-02-11,0.0,0.0,0,0.0,-0.0009889491285655712,0.9889491285655712,1.0
2021-02-12,0.9889491285655713,0.2910589224138166,27,-0.0013578396711114698,-0.0015333722559367794,0.1755325848253097,1.0
2021-02-13,0.9763434905568968,0.2776574180643932,29,-0.00038278269404296017,-0.000394858190771715,0.012075496728754836,1.0
2021-02-14,0.9642726296680719,0.2767210132299074,29,0.002901773265662205,0.0028777383636460654,0.024034902016139694,1.0
2021-02-15,0.9616440345267692,0.27867308228139837,28,-0.00033263578531869773,-0.00043184130729948466,0.09920552198078693,1.0
2021-02-16,0.9597733375065508,0.27107445467101654,28,-0.0013366461281824442,-0.0014767598993578512,0.14011377117540702,1.0
2021-02-17,0.9694142777605618,0.2829091429160779,27,0.006555973935072362,0.006472390064705189,0.08358387036717307,1.0
2021-02-18,0.963615727459756,0.26186717320686104,28,-0.0010040090253428367,-0.001121186717073086,0.11717769173024933,1.0
2021-02-19,0.9658925476298542,0.258701283355263,28,0.013402000299489129,0.013303875729456358,0.09812457003277089,1.0
2021-02-20,0.973084879931158,0.25653378023878387,27,-4.8760692580840376e-05,-5.3710249325649345e-05,0.004949556744808971,1.0
2021-02-21,0.9681905717749626,0.25398304326655063,27,0.003666693918948586,0.003623833703421545,0.04286021552704115,1.0
2021-02-22,0.963185227841908,0.25689534638050887,28,-0.004151062978415274,-0.004254900636240732,0.10383765782545781,1.0
2021-02-23,0.9818224354126116,0.27544985177833375,28,-0.010066282116654486,-0.010169513975513335,0.1032318588588489,1.0
2021-02-24,0.9840089816907437,0.2557538847790128,27,0.00876784110378985,0.007783832122099106,0.9840089816907437,0.0
2021-02-25,0.0,0.0,0,0.0,0.0,0.0,0.0
2021-02-26,0.0,0.0,0,0.0,0.0,0.0,0.0
2021-02-27,0.0,0.0,0,0.0,0.0,0.0,0.0
2021-02-28,0.0,0.0,0,0.0,0.0,0.0,0.0
2021-03-01,0.0,0.0,0,0.0,0.0,0.0,0.0
2021-03-02,0.0,0.0,0,0.0,0.0,0.0,0.0
2021-03-03,0.0,0.0,0,0.0,0.0,0.0,0.0
2021-03-04,0.0,0.0,0,0.0,0.0,0.0,0.0
2021-03-05,0.0,0.0,0,0.0,0.0,0.0,0.0
2021-03-06,0.0,0.0,0,0.0,0.0,0.0,0.0
2021-03-07,0.0,0.0,0,0.0,0.0,0.0,0.0
2021-03-08,0.0,0.0,0,0.0,0.0,0.0,0.0
2021-03-09,0.0,0.0,0,0.0,0.0,0.0,0.0
2021-03-10,0.0,0.0,0,0.0,0.0,0.0,0.0
2021-03-11,0.0,0.0,0,0.0,0.0,0.0,0.0
2021-03-12,0.0,0.0,0,0.0,0.0,0.0,0.0
2021-03-13,0.0,0.0,0,0.0,0.0,0.0,0.0
2021-03-14,0.0,0.0,0,0.0,0.0,0.0,0.0
2021-03-15,0.0,0.0,0,0.0,0.0,0.0,0.0
2021-03-16,0.0,0.0,0,0.0,0.0,0.0,0.0
2021-03-17,0.0,0.0,0,0.0,0.0,0.0,0.0
2021-03-18,0.0,0.0,0,0.0,-0.0011461961415688575,1.1461961415688575,1.0
2021-03-19,1.1461961415688577,0.23687562668476386,28,-0.0011700782623722226,-0.00135188214672927,0.18180388435704745,1.0
2021-03-20,1.144381870709889,0.21185254348972318,28,0.00019530599923118787,0.00019039282711359775,0.004913172117590127,1.0
2021-03-21,1.1395064049245547,0.20981894544879692,28,-0.0022635265939779845,-0.002352667166768778,0.08914057279079379,1.0
2021-03-22,1.1242556674446054,0.23423702564213644,28,-0.0054948532189797545,-0.005612478261593796,0.11762504261404094,1.0
2021-03-23,1.13754879830635,0.24228858856804675,28,-0.008920433207536336,-0.008981946821689946,0.06151361415361062,1.0
2021-03-24,1.1787259156415093,0.27455035529194766,28,-0.004506749976858956,-0.004623308189225234,0.11655821236627838,1.0
2021-03-25,1.1773450302788655,0.2502725679851807,29,0.0007041349924595789,0.0006189278812238128,0.08520711123576609,1.0
2021-03-26,1.177669476926297,0.24168759696331127,29,0.012201576723823446,0.012130671598296871,0.07090512552657452,1.0
2021-03-27,1.186664634542133,0.24944342140348852,29,0.001383893952531179,0.0013805962500829977,0.0032977024481812634,1.0
2021-03-28,1.1834186240674525,0.24890284064512697,29,-8.247499749118002e-05,-0.00011693101132882055,0.03445601383764053,1.0
2021-03-29,1.1489626102298116,0.23543946012694894,28,0.005657368791317868,0.005611323142214508,0.04604564910336032,1.0
2021-03-30,1.1486045574054586,0.2220385502767997,28,0.003131461115869018,0.0030597967329924693,0.0716643828765487,1.0
2021-03-31,1.136665200178085,0.2090526760503138,28,-0.00021816076234482248,-0.0003408116199393773,0.12265085759455482,1.0
2021-04-01,1.1390455679062317,0.21094456794118266,28,-0.00018959888294143375,-0.00025907744179736456,0.06947855885593078,1.0
2021-04-02,1.1479955827578163,0.20549440004138747,29,0.0004303702026547831,0.0002643344789817606,0.16603572367302255,1.0
2021-04-03,1.1538594028543754,0.20150150628802618,28,-0.0032851208530998766,-0.003297980748414455,0.012859895314578254,1.0
2021-04-04,1.1410626590088895,0.20276945076721947,28,0.003303188712537334,0.003300512161733955,0.002676550803379205,1.0
2021-04-05,1.1384976646574667,0.20355776831392425,28,0.0027401700732039846,0.0026650410288788207,0.07512904432516385,1.0
2021-04-06,1.1191694540966304,0.21864790987172247,27,-0.006134197617225646,-0.006203395621377478,0.06919800415183233,1.0
2021-04-07,1.1398916291095154,0.22131775008826426,27,-0.0071100836135763006,-0.007174965502821895,0.06488188924559507,1.0
2021-04-08,1.1550411574049926,0.22330610915947352,27,0.003996827082448216,0.003892452420928979,0.10437466151923752,1.0
2021-04-09,1.1616432614387702,0.21711005248878884,28,0.0010957726716823305,0.0009983168589008968,0.09745581278143378,1.0
2021-04-10,1.1702956681584107,0.2280376770124145,28,0.0029024966661523655,0.0028985303289715365,0.003966337180828857,1.0
2021-04-11,1.1663817400975438,0.22722415501680565,28,0.0008721165770314842,0.0008619849339655125,0.010131643065971703,1.0
2021-04-12,1.1628136284776416,0.22773370623544031,28,-0.0016022000167653433,-0.0016910785130910416,0.08887849632569829,1.0
2021-04-13,1.172275995593353,0.22530640046721578,28,0.004919695722593558,0.004762879426293153,0.15681629630040467,1.0
2021-04-14,1.164072264958656,0.21734189557557393,27,0.005039692646468144,0.004968316168484366,0.07137647798377854,1.0
2021-04-15,1.1825556238598651,0.22491533256155077,28,0.00014002842648412335,-2.303244277023571e-07,0.1402587509118257,1.0
2021-04-16,1.1791400356070323,0.2115928157581423,28,-0.003539808538224049,-0.0037076741720981398,0.16786563387409087,1.0
2021-04-17,1.196864516218048,0.21080049827960642,27,-0.002254338257209887,-0.0022636876186934965,0.009349361483609441,1.0
2021-04-18,1.1875484724367986,0.21583532467679667,27,-0.007783581674684293,-0.007803994773464925,0.020413098780631255,1.0
2021-04-19,1.1798367869285469,0.2179317560307546,28,-0.000784346406444417,-0.0008401664620706437,0.05582005562622676,1.0
2021-04-20,1.191835621254315,0.21779855097998818,28,-0.0030793017825831597,-0.0032037775900444283,0.1244758074612685,1.0
2021-04-21,1.1781024073711852,0.22965164958493747,28,-0.0013003945668393572,-0.0014043296439147962,0.1039350770754389,1.0
2021-04-22,1.1863335418793182,0.22999671294687074,29,-0.0072214328136183045,-0.007297367955681828,0.07593514206352299,1.0
2021-04-23,1.1956146890006065,0.23566892035526904,28,0.001105962471017996,0.0010235639145545592,0.08239855646343684,1.0
2021-04-24,1.1930963449209364,0.23873169913047632,29,-0.002070450149903924,-0.002084649332047127,0.014199182143202793,1.0
2021-04-25,1.1788971627777338,0.22993112530179877,29,-0.002274054651286195,-0.0023191223785846396,0.04506772729844461,1.0
2021-04-26,1.1338294354792888,0.2098156373821573,29,0.014631120160720493,0.01455686561082837,0.07425454989212377,1.0
2021-04-27,1.0980621205018621,0.20320104612036433,28,0.0010789834039230464,0.000993792731823764,0.08519067209928251,1.0
2021-04-28,1.0460150577890115,0.1884728737197589,28,0.0014911854619845074,0.0013942475626396032,0.0969378993449042,1.0
2021-04-29,1.055915696044633,0.1890234767301153,27,-0.0012740142650075799,-0.0013545187794149955,0.08050451440741568,1.0
2021-04-30,1.0594864176494165,0.18893790238353392,28,0.0055671677786462955,0.005497721779874474,0.06944599877182153,1.0
2021-05-01,1.0517953093328944,0.18541133938290594,27,0.00018049261480048708,0.00017436049276549982,0.006132122034987248,1.0
2021-05-02,1.0456818935206917,0.18522611508816944,27,-0.0013246754369327922,-0.0013557280017434203,0.031052564810628104,1.0
2021-05-03,1.0292646273830428,0.19015573147536313,27,0.000870957687506032,0.0008317658653401375,0.039191822165894584,1.0
2021-05-04,1.0229514108923692,0.18951009622535983,27,-0.0072223310232869846,-0.007317481288892632,0.09515026560564747,1.0
2021-05-05,1.0178436073804868,0.18331995022063485,29,0.011199446174227237,0.011140488799401074,0.05895737482616334,1.0
2021-05-06,1.0234569323068186,0.17388821822998574,28,-0.001963985149016124,-0.0020494857990911103,0.08550065007498592,1.0
2021-05-07,1.0442372713174393,0.17600657244017726,29,0.0016519527328329234,0.000607715461515484,1.0442372713174393,0.0
2021-05-08,0.0,0.0,0,0.0,-0.0010226140812367671,1.022614081236767,1.0
2021-05-09,1.0226140812367672,0.16203828382393265,27,-0.0003132283994767757,-0.0003271470928179886,0.013918693341212929,1.0
2021-05-10,1.0187743285670154,0.1580063193212612,27,-0.003909997387088669,-0.004048554262084685,0.13855687499601543,1.0
2021-05-11,1.0171863096494966,0.16988657122774015,29,0.0004515648987708964,0.00038346590126093534,0.06809899750996108,1.0
2021-05-12,1.0176246000792,0.17587583072300428,28,-0.01545206097249887,-0.01646968557257807,1.0176246000792002,0.0
2021-05-13,0.0,0.0,0,0.0,0.0,0.0,0.0
2021-05-14,0.0,0.0,0,0.0,0.0,0.0,0.0
2021-05-15,0.0,0.0,0,0.0,0.0,0.0,0.0
2021-05-16,0.0,0.0,0,0.0,-0.0010570007394256663,1.0570007394256664,1.0
2021-05-17,1.0570007394256664,0.1921348957658225,29,-0.008040780467348409,-0.009097781206774076,1.0570007394256664,0.0
2021-05-18,0.0,0.0,0,0.0,0.0,0.0,0.0
2021-05-19,0.0,0.0,0,0.0,0.0,0.0,0.0
2021-05-20,0.0,0.0,0,0.0,0.0,0.0,0.0
2021-05-21,0.0,0.0,0,0.0,0.0,0.0,0.0
2021-05-22,0.0,0.0,0,0.0,0.0,0.0,0.0
2021-05-23,0.0,0.0,0,0.0,0.0,0.0,0.0
2021-05-24,0.0,0.0,0,0.0,0.0,0.0,0.0
2021-05-25,0.0,0.0,0,0.0,0.0,0.0,0.0
2021-05-26,0.0,0.0,0,0.0,0.0,0.0,0.0
2021-05-27,0.0,0.0,0,0.0,0.0,0.0,0.0
2021-05-28,0.0,0.0,0,0.0,0.0,0.0,0.0
2021-05-29,0.0,0.0,0,0.0,0.0,0.0,0.0
2021-05-30,0.0,0.0,0,0.0,0.0,0.0,0.0
2021-05-31,0.0,0.0,0,0.0,0.0,0.0,0.0
2021-06-01,0.0,0.0,0,0.0,-0.0009763861594549988,0.9763861594549988,1.0
2021-06-02,0.9763861594549988,0.15726419158258173,27,0.0028664397307597506,0.0028449044835814536,0.02153524717829705,1.0
2021-06-03,0.9759522906537095,0.1549598998713405,27,0.0032268655356521257,0.003184258535834861,0.04260699981726488,1.0
2021-06-04,0.9895236760137944,0.14982447892643386,27,-0.004993948228627976,-0.00598347190464177,0.9895236760137944,0.0
2021-06-05,0.0,0.0,0,0.0,0.0,0.0,0.0
2021-06-06,0.0,0.0,0,0.0,0.0,0.0,0.0
2021-06-07,0.0,0.0,0,0.0,0.0,0.0,0.0
2021-06-08,0.0,0.0,0,0.0,-0.0009529596441991998,0.9529596441991998,1.0
2021-06-09,0.9529596441991999,0.15473774966280485,27,0.011200015566087946,0.011176213536860847,0.02380202922709954,1.0
2021-06-10,0.9548339866014983,0.153997666500846,27,-0.0012162741658645671,-0.0012504352799158015,0.03416111405123439,1.0
2021-06-11,0.9539151072740127,0.15780245170631424,28,0.0003842202224457459,0.0003264966600391198,0.057723562406626155,1.0
2021-06-12,0.9557180416063987,0.14958966476409244,28,-0.004884437010160592,-0.004887737741136664,0.0033007309760716636,1.0
2021-06-13,0.9524256283332598,0.14943515090712922,28,0.010252024225905853,0.010226672843103527,0.02535138280232637,1.0
2021-06-14,0.9330587460214581,0.1480729308228734,27,0.0045214643564099035,0.004476705133339271,0.04475922307063283,1.0
2021-06-15,0.9294330743954577,0.15190566226598165,27,-0.002505275483005674,-0.002575176334568429,0.06990085156275527,1.0
2021-06-16,0.9139977860640269,0.16755104222801445,27,-0.006315877609949252,-0.006448438948380107,0.132561338430855,1.0
2021-06-17,0.9345654021002823,0.17270782459668751,27,-0.003381893553208026,-0.0034757221382843463,0.0938285850763207,1.0
2021-06-18,0.9579939170988329,0.17828570139796449,26,-0.012369278990139645,-0.012482735501740805,0.11345651160116031,1.0
2021-06-19,0.9748621897339588,0.1753503033222692,26,-0.000907191071060931,-0.0009181026192548981,0.01091154819396701,1.0
2021-06-20,0.9639509367865271,0.17437640459565582,26,0.0008160048501383491,0.000773752229238819,0.04225262089953019,1.0
2021-06-21,0.9497429752065774,0.1756777166424367,26,-0.006839115655548574,-0.007788858630755152,0.9497429752065774,0.0
2021-06-22,0.0,0.0,0,0.0,0.0,0.0,0.0
2021-06-23,0.0,0.0,0,0.0,0.0,0.0,0.0
2021-06-24,0.0,0.0,0,0.0,-0.000982859612984479,0.9828596129844789,1.0
2021-06-25,0.9828596129844789,0.1775465798611489,27,-0.008705326551836668,-0.008815490258250794,0.11016370641412625,1.0
2021-06-26,0.9680821890289198,0.1826952808038091,27,0.002139744616746153,0.0021344577432735237,0.005286873472629515,1.0
2021-06-27,0.9627953155562903,0.18177070682443688,27,0.008003160161150219,0.007940955484076806,0.062204677073412686,1.0
2021-06-28,0.9505167752313096,0.18520373713759544,27,-0.002913242512609988,-0.003095281415940396,0.1820389033304081,1.0
2021-06-29,0.9520734987238341,0.19783739083506047,27,0.0012414327227863058,0.0011937253160743473,0.04770740671195846,1.0
2021-06-30,0.9501178628636472,0.18980403675087043,27,-0.0004927542140299538,-0.0006197265872331889,0.12697237320323504,1.0
2021-07-01,0.9608726223229652,0.18521028292235608,26,-0.005878810579637903,-0.005987624163449809,0.10881358381190637,1.0
2021-07-02,0.9580675828134297,0.18943950722547698,26,0.004336918306333598,0.0033788507235201683,0.9580675828134296,0.0
2021-07-03,0.0,0.0,0,0.0,-0.0009534083666321887,0.9534083666321888,1.0
2021-07-04,0.9534083666321889,0.1742159953944584,27,0.001738068166478279,0.0017000846178769444,0.03798354860133463,1.0
2021-07-05,0.9502405953826761,0.17121592263846597,27,-0.004330390567603589,-0.004367473548175772,0.03708298057218352,1.0
2021-07-06,0.9339420694234483,0.17910267634634713,27,-0.00313432906337138,-0.00319268878345583,0.05835972008444999,1.0
2021-07-07,0.9383232605711161,0.18118702151100652,27,-0.001186254268797787,-0.0012415099508937873,0.05525568209600026,1.0
2021-07-08,0.9370834890393299,0.18017061154464004,26,-0.008973447769207388,-0.009101267647643546,0.12781987843615847,1.0
2021-07-09,0.9877183649259473,0.19196281646561228,27,0.008422780876516146,0.007435062511590198,0.9877183649259472,0.0
2021-07-10,0.0,0.0,0,0.0,0.0,0.0,0.0
2021-07-11,0.0,0.0,0,0.0,-0.0009814208456030888,0.9814208456030888,1.0
2021-07-12,0.9814208456030886,0.19078604831899829,27,-0.003539765383642104,-0.003670514853426928,0.130749469784824,1.0
2021-07-13,0.9662586343306383,0.18231796476874146,28,-0.0027273309956965847,-0.0028361610119048575,0.10883001620827308,1.0
2021-07-14,0.9542541426353035,0.17861770231721186,28,-0.0006886996187727767,-0.0007429078884918149,0.05420826971903812,1.0
2021-07-15,0.9721654827456438,0.16832002748980857,29,-0.00575971443842088,-0.00587621549275984,0.11650105433895935,1.0
2021-07-16,0.9810489284387758,0.17753979556758065,29,-0.0014129059654723278,-0.0014710975475975823,0.058191582125254535,1.0
2021-07-17,0.9744578139273362,0.17816967961874763,29,0.0004947432533344954,0.0004841694220608474,0.010573831273647978,1.0
2021-07-18,0.9639184351121712,0.1749554331773417,29,-0.000608082527151061,-0.0006141763381314207,0.006093810980359658,1.0
2021-07-19,0.9581455161815294,0.17634053432498192,29,-0.00925248756976076,-0.009349319010518853,0.09683144075809327,1.0
2021-07-20,0.9768733540697151,0.18753065337913555,28,0.00030348140997985343,0.00020493159848465937,0.09854981149519407,1.0
2021-07-21,0.9946089357571728,0.1890239920561703,28,0.012934866919566385,0.012852517734441352,0.08234918512503285,1.0
2021-07-22,1.0193125506896608,0.1797370328581121,28,0.0013488551171193896,0.001287053266584761,0.06180185053462852,1.0
2021-07-23,1.0172390912361244,0.19174012175344113,27,0.005688205875936806,0.005642831130832356,0.04537474510444964,1.0
2021-07-24,1.0097897286737836,0.19986482128128852,27,0.0018351666081805496,0.0018303081660733405,0.004858442107209122,1.0
2021-07-25,1.0049500978128636,0.20335366499926416,27,0.003359820771214472,0.0033329679415272633,0.026852829687208604,1.0
2021-07-26,0.9905321141639516,0.209003360437578,27,0.005696499591252532,0.005672687972996479,0.023811618256053338,1.0
2021-07-27,0.9742242019089533,0.19856723586205005,27,0.0029706927923564734,0.002937527374371854,0.03316541798461946,1.0
2021-07-28,0.9777642024637059,0.20440891257688282,29,0.0023948722337545658,0.002345670319081253,0.04920191467331286,1.0
2021-07-29,0.9843478133621836,0.19972389887844894,28,-0.00024090286527060417,-0.000320999647050641,0.08009678178003682,1.0
2021-07-30,0.9900191025181507,0.18873984276878017,29,0.005369614957767898,0.005341785898971664,0.02782905879623328,1.0
2021-07-31,0.9952154873129765,0.1854117632004016,29,-0.0017823817001985211,-0.001786619061135536,0.004237360937014872,1.0
2021-08-01,0.9909994738577176,0.18576646991855938,29,-0.0034840095205961766,-0.0034877957596402267,0.003786239044050346,1.0
2021-08-02,0.9876791323628171,0.1876003459012723,29,-0.004117448302317504,-0.004160561996695846,0.04311369437834228,1.0
2021-08-03,0.9723439687497009,0.2023687588473747,29,-0.0027985691619767184,-0.002952621728169384,0.15405256619266566,1.0
2021-08-04,0.9575590988405099,0.1991713551517615,29,0.00480944174513907,0.00470807250081226,0.10136924432680966,1.0
2021-08-05,0.9524215478830215,0.2221042785947044,27,0.005612935796746461,0.005506378430752909,0.10655736599355153,1.0
2021-08-06,0.9557252422763577,0.22161312639837402,29,0.006071690198890522,0.0060102620349058505,0.06142816398467166,1.0
2021-08-07,0.959304059016196,0.2141016141916288,28,0.003961948126395054,0.003960065197724647,0.0018829286704073634,1.0
2021-08-08,0.9574648414595529,0.21437903527754587,28,-0.0020173122598463513,-0.002079041416275028,0.06172915642867689,1.0
2021-08-09,0.9481513365234006,0.21937141486578196,29,0.005869275271905131,0.005718186465683082,0.1510888062220494,1.0
2021-08-10,0.9542701336723303,0.20011627208070665,29,0.0005569257154950048,0.000362350214234959,0.19457550126004586,1.0
2021-08-11,0.9685108572953605,0.19746897334119287,28,-0.0006553697138447852,-0.0007820584754330583,0.12668876158827314,1.0
2021-08-12,0.9753453586194617,0.18142714816375188,27,-0.0028561503638641823,-0.002933246554295483,0.07709619043130073,1.0
2021-08-13,0.9793622912273133,0.1885633400526015,27,0.004122988202673107,0.004018359371180172,0.10462883149293481,1.0
2021-08-14,0.9905823431339413,0.18135136330704157,27,-0.001457560211900677,-0.001460438357580595,0.0028781456799179053,1.0
2021-08-15,0.9877129099592252,0.18196990987521608,27,-0.00029180071670492196,-0.00036591734083181476,0.07411662412689278,1.0
2021-08-16,0.9646085865262156,0.19229014610250073,27,-0.0043183032111869,-0.004443854147138989,0.12555093595208888,1.0
2021-08-17,0.9675030968374517,0.17068674565897307,27,-0.004223876068601592,-0.0043019278283319955,0.07805175973040324,1.0
2021-08-18,0.9555639372709255,0.15171103520699053,27,-0.00016829990462191623,-0.0002865925746591123,0.11829267003719607,1.0
2021-08-19,0.9459936219655641,0.158799151836313,27,0.0007183007384687753,0.0005785093807103165,0.1397913577584588,1.0
2021-08-20,0.953342165985866,0.16245425567530064,27,0.005755253985872724,0.005629372294342876,0.12588169152984746,1.0
2021-08-21,0.9418423478377309,0.13269043109663903,27,-0.0009641344813404951,-0.0009705224048803964,0.006387923539901349,1.0
2021-08-22,0.9354544255321049,0.13069668389188918,27,0.0012226556332245368,0.0012110658744260675,0.011589758798469449,1.0
2021-08-23,0.9337111210060425,0.1321255694974359,27,0.0026883883785803553,0.002626381356091218,0.06200702248913749,1.0
2021-08-24,0.9415186012573674,0.13527809513502753,27,-0.0035040622732312125,-0.003666904580548859,0.16284230731764623,1.0
2021-08-25,0.9586101974930836,0.13303484510913177,28,0.003921937818080093,0.003861434776876356,0.06050304120373664,1.0
2021-08-26,0.9679559368381794,0.13919789794860327,29,-0.006607716870464763,-0.006643366486639284,0.03564961617452059,1.0
2021-08-27,0.9796723723292105,0.13135086652118882,29,0.004421613682460662,0.004333545476802076,0.08806820565858599,1.0
2021-08-28,1.004072349907145,0.11399107726316458,28,-0.00037777028314431863,-0.0003866923709955166,0.008922087851197972,1.0
2021-08-29,0.9951502620559467,0.11528720059270142,28,-0.00015121187920431932,-0.0002310157067899679,0.0798038275856486,1.0
2021-08-30,0.9841701803985847,0.11076115635311837,28,-0.0025011953909107477,-0.002560237649858867,0.05904225894811928,1.0
2021-08-31,0.9963773880205444,0.1209091713380364,29,-0.0004767240823736039,-0.0005586322598095305,0.0819081774359266,1.0
2021-09-01,0.9957601647915564,0.1356830552744036,27,0.0029907353608147075,0.0029171925235641615,0.07354283725054622,1.0
2021-09-02,1.0076702628110097,0.1349605783600087,27,0.0026070136492806926,0.0025287243641698045,0.07828928511088798,1.0
2021-09-03,1.0072277186610767,0.1216185493174034,28,9.273523847575828e-05,1.544902223322754e-05,0.07728621624253074,1.0
2021-09-04,0.9945094431768097,0.12948892011444152,29,-0.00024138539021671958,-0.00025683795207674605,0.015452561860026474,1.0
2021-09-05,0.9790568813167831,0.12392426109307532,29,0.0036111485745978053,0.0035500260141080294,0.06112256048977573,1.0
2021-09-06,0.9915449634817138,0.10919202816325842,28,0.0023258056096656264,0.002183520868011708,0.14228474165391816,1.0
2021-09-07,0.9326664933082296,0.1100221861187584,28,-0.011194258903088127,-0.011314960425669032,0.12070152258090543,1.0
2021-09-08,0.9250175958214101,0.07794434660880631,28,-0.0020303646497899105,-0.0021683504286438768,0.1379857788539662,1.0
2021-09-09,0.9303625667800838,0.06549754331098737,28,0.0005530165042708633,0.00037886967751070774,0.17414682676015553,1.0
2021-09-10,0.9422407543440484,0.046083360479204055,29,-0.003389634993751634,-0.003418092943064835,0.028457949313201336,1.0
2021-09-11,0.9459832032620141,0.04297227060426681,29,0.0006823089148148443,0.0006757622534413072,0.006546661373537097,1.0
2021-09-12,0.9394365418884771,0.04480517200140066,28,0.0019710944201541997,0.0019266960144503945,0.04439840570380517,1.0
2021-09-13,0.921247993906178,0.05314550372024339,28,-0.001731802396819989,-0.0019271593155493277,0.19535691872933875,1.0
2021-09-14,0.9119752458455299,0.06710717274167549,28,0.0035493778958202594,0.003494037153190729,0.05534074262953051,1.0
2021-09-15,0.9241786236010274,0.06078778297869275,28,0.0031876415826647703,0.003138474282148075,0.04916730051669532,1.0
2021-09-16,0.9200398003102207,0.06980290426061933,28,0.0023459149338431896,0.002256394027637665,0.08952090620552475,1.0
2021-09-17,0.9366656770029266,0.050026779707091754,28,-0.0013891660525477347,-0.0015651442738037341,0.17597822125599946,1.0
2021-09-18,0.878479477600245,0.084682744366188,28,0.002116536618739806,0.00210017294872109,0.016363670018716005,1.0
2021-09-19,0.8621225987390861,0.07800835924987173,28,-0.002217867223626141,-0.002294397154618738,0.07652993099259704,1.0
2021-09-20,0.8430025362607376,0.0790515658225589,28,-0.012006421880381767,-0.012070808177835558,0.06438629745378988,1.0
2021-09-21,0.8577353520224724,0.09808621724191124,27,-0.005849211317639664,-0.005922093794504766,0.07288247686510146,1.0
2021-09-22,0.8663430926226728,0.10570707752366554,28,0.009586707860138254,0.00948161534843976,0.10509251169849425,1.0
2021-09-23,0.8781881047174805,0.11006285674028712,28,0.006478690155882533,0.006414123157377089,0.0645669985054443,1.0
2021-09-24,0.9088245404699643,0.13061197993868495,28,-0.0031452688080030504,-0.0033286742635170335,0.1834054555139831,1.0
2021-09-25,0.9113394276357355,0.15076709459834875,27,-0.00036673027432992944,-0.00037926982636548066,0.012539552035551241,1.0
2021-09-26,0.898799875600184,0.14768865322350988,27,0.0013348617049248055,0.0013044702829076713,0.030391422017134094,1.0
2021-09-27,0.8816353898536952,0.15911087968073873,27,-0.0015405321821544487,-0.0015815428850907635,0.04101070293631472,1.0
2021-09-28,0.8930205407307956,0.14813690893414388,27,-0.00414933500100002,-0.0042922269964503455,0.14289199545032533,1.0
2021-09-29,0.9232790386916181,0.13238210244671839,29,0.0017539445210403867,0.0015898891123893458,0.1640554086510409,1.0
2021-09-30,0.9513959880468502,0.08560180057851699,28,0.002017390191045152,0.0019571642378049293,0.06022595324022238,1.0
2021-10-01,0.9695047897744605,0.08673822104595566,29,0.01011259824583075,0.00914309345605629,0.9695047897744605,0.0
2021-10-02,0.0,0.0,0,0.0,0.0,0.0,0.0
2021-10-03,0.0,0.0,0,0.0,0.0,0.0,0.0
2021-10-04,0.0,0.0,0,0.0,0.0,0.0,0.0
2021-10-05,0.0,0.0,0,0.0,0.0,0.0,0.0
2021-10-06,0.0,0.0,0,0.0,0.0,0.0,0.0
2021-10-07,0.0,0.0,0,0.0,0.0,0.0,0.0
2021-10-08,0.0,0.0,0,0.0,0.0,0.0,0.0
2021-10-09,0.0,0.0,0,0.0,0.0,0.0,0.0
2021-10-10,0.0,0.0,0,0.0,-0.0009611743057515232,0.9611743057515233,1.0
2021-10-11,0.9611743057515231,0.12215379710128939,28,0.0053187090620892665,0.005192464701900401,0.12624436018886565,1.0
2021-10-12,0.9721273561325137,0.13107634482836938,28,-0.0023932003562978383,-0.0025955392791181093,0.20233892282027113,1.0
2021-10-13,0.9579829413145177,0.09970049686570524,28,1.520646973453407e-06,-0.00011875201055090371,0.12027265752435712,1.0
2021-10-14,0.9804854611630223,0.08959042202506558,29,0.001173656803862077,0.0008979842230857439,0.2756725807763332,1.0
2021-10-15,0.9862171238087446,0.14414479285936366,28,0.011259082431004175,0.01110660151672944,0.1524809142747352,1.0
2021-10-16,1.0002549725780352,0.12089975941677908,29,-0.0013471887472655264,-0.001369980450588993,0.022791703323466507,1.0
2021-10-17,0.9774632692545686,0.12824682620014666,29,0.000631797836829862,0.0006194687191575564,0.012329117672305621,1.0
2021-10-18,0.9736597770131901,0.12442761074803603,29,0.0011310778891133418,0.0007741047622964877,0.3569731268168541,1.0
2021-10-19,0.9381829176774096,0.01658563026744292,28,-0.004181418883023595,-0.0042987645498540296,0.11734566683043453,1.0
2021-10-20,0.9564846446876916,0.01757658777504434,29,-0.0043296245601212174,-0.004411062419456376,0.08143785933515912,1.0
2021-10-21,0.9640878601928662,0.00999472682688582,28,0.005610633673192358,0.005490847667826129,0.11978600536622976,1.0
2021-10-22,0.9629621818118846,0.03176476684693223,28,0.0014870719365365906,0.001178490237111138,0.3085816994254526,1.0
2021-10-23,0.9668133158611788,0.177839405007206,29,0.0010373404957810361,0.0009987916199054327,0.03854887587560338,1.0
2021-10-24,0.9554454716908058,0.17228814742662465,29,-0.0005119658290810608,-0.0006748808177736909,0.1629149886926301,1.0
2021-10-25,0.9210507090256136,0.0536720796367442,28,-0.002119495543473256,-0.0023415327685998755,0.22203722512661953,1.0
2021-10-26,0.9402097820817572,0.1651317129521323,29,-0.00417796936681778,-0.004292220127182702,0.11425076036492215,1.0
2021-10-27,0.8999943421873025,0.17920142401324657,28,-0.003915217806421257,-0.00403657568866688,0.1213578822456232,1.0
2021-10-28,0.8907328209661753,0.17860575349055066,27,0.0031279769834175798,0.0029930182810115097,0.13495870240607,1.0
2021-10-29,0.9148884700788721,0.1876411336464529,28,0.003969042324044057,0.003623900981790904,0.3451413422531529,1.0
2021-10-30,0.936454346364817,0.038645608338530146,28,0.0006777354788693124,0.000657578761573818,0.0201567172954944,1.0
2021-10-31,0.9399538544894288,0.028952626720087277,28,0.0015435692298193043,0.001485251788057023,0.05831744176228122,1.0
2021-11-01,0.912305065740252,0.05055740288490285,28,0.00013971535101330935,-0.00020672357891934683,0.3464389299326562,1.0
2021-11-02,0.9319784891557841,0.17692452379113835,27,0.005664329799448301,0.005571786831423749,0.09254296802455222,1.0
2021-11-03,0.9223147136367065,0.16038124679122207,28,-0.0004110458980290032,-0.0005761792617050435,0.16513336367604037,1.0
2021-11-04,0.915425009610224,0.15981443720526328,27,-0.0019307000574599685,-0.0021468452416965027,0.21614518423653406,1.0
2021-11-05,0.9472927979625363,0.2011065597382621,28,-0.0009878645995758644,-0.0012350071825572237,0.24714258298135922,1.0
2021-11-06,0.9587791329006192,0.24963310403172756,29,0.0009532620808586634,0.0009397807528210422,0.013481328037621119,1.0
2021-11-07,0.9452978048629984,0.2516811135999782,29,0.0030274991095723533,0.002971402313685663,0.05609679588669022,1.0
2021-11-08,0.9448404059278648,0.24440826175864716,29,0.006640018875981665,0.00650461955548402,0.13539932049764578,1.0
2021-11-09,0.9473871743502522,0.23294088177622646,28,-0.000811507552698883,-0.0008998284219251371,0.08832086922625398,1.0
2021-11-10,0.9452632949283293,0.24047116434800256,28,-0.0015841138972917442,-0.001770516426872769,0.1864025295810248,1.0
2021-11-11,0.9669865340175455,0.2708251578911404,28,-0.0012790390488565907,-0.0014533073687331185,0.1742683198765278,1.0
2021-11-12,0.9845005418214937,0.2729528356138789,28,-0.0006894782446331689,-0.0007326032626855977,0.04312501805242893,1.0
2021-11-13,0.9843709460609654,0.2727011575619288,28,0.0003741471130537244,0.0003619319483594866,0.012215164694237774,1.0
2021-11-14,0.9721641340191012,0.27150114047322643,28,0.002167181429580617,0.0021173204560023242,0.04986097357829283,1.0
2021-11-15,0.9666815178935129,0.26807207521039184,29,-0.002760463151652903,-0.0029262447067816048,0.16578155512870202,1.0
2021-11-16,0.9690285595019703,0.2757841690496342,28,-0.0053054976037450905,-0.0054566575618251794,0.15115995808008892,1.0
2021-11-17,0.9685091633018157,0.2657031244662881,28,-0.0011560935925426776,-0.0012385444933344196,0.08245090079174186,1.0
2021-11-18,1.0048311107565406,0.27484437179352034,28,-0.005272845827485814,-0.005373044522438586,0.1001986949527714,1.0
2021-11-19,1.0142529780972942,0.27889437696209873,27,-4.1364445527627275e-05,-0.0002551584147136727,0.21379396918604543,1.0
2021-11-20,0.9978150692394689,0.26264630447989606,27,0.0028236277481988206,0.002782902628124016,0.040725120074804486,1.0
2021-11-21,1.0248024369421347,0.3001841135864504,27,-0.0017161255669382567,-0.0017725173638180102,0.05639179687975351,1.0
2021-11-22,0.9947904673811501,0.272542957383815,27,-0.004877245267883382,-0.005044213697410521,0.16696842952713914,1.0
2021-11-23,0.9595857546334574,0.2429590044776399,27,0.003131641566304532,0.002991440548898553,0.1402010174059789,1.0
2021-11-24,0.9458382483095638,0.2276870350994158,27,-7.508469357725791e-05,-0.00018974356223555946,0.11465886865830158,1.0
2021-11-25,0.9551949953659732,0.22599076502229828,28,0.002310073661056371,0.0021648585964396147,0.14521506461675626,1.0
2021-11-26,0.9641026483871816,0.23216273568304066,28,-0.013301599907205162,-0.014265702555592345,0.9641026483871818,0.0
2021-11-27,0.0,0.0,0,0.0,0.0,0.0,0.0
2021-11-28,0.0,0.0,0,0.0,0.0,0.0,0.0
2021-11-29,0.0,0.0,0,0.0,0.0,0.0,0.0
2021-11-30,0.0,0.0,0,0.0,0.0,0.0,0.0
2021-12-01,0.0,0.0,0,0.0,0.0,0.0,0.0
2021-12-02,0.0,0.0,0,0.0,0.0,0.0,0.0
2021-12-03,0.0,0.0,0,0.0,0.0,0.0,0.0
2021-12-04,0.0,0.0,0,0.0,0.0,0.0,0.0
2021-12-05,0.0,0.0,0,0.0,0.0,0.0,0.0
2021-12-06,0.0,0.0,0,0.0,0.0,0.0,0.0
2021-12-07,0.0,0.0,0,0.0,0.0,0.0,0.0
2021-12-08,0.0,0.0,0,0.0,0.0,0.0,0.0
2021-12-09,0.0,0.0,0,0.0,0.0,0.0,0.0
2021-12-10,0.0,0.0,0,0.0,0.0,0.0,0.0
2021-12-11,0.0,0.0,0,0.0,0.0,0.0,0.0
2021-12-12,0.0,0.0,0,0.0,0.0,0.0,0.0
2021-12-13,0.0,0.0,0,0.0,0.0,0.0,0.0
2021-12-14,0.0,0.0,0,0.0,0.0,0.0,0.0
2021-12-15,0.0,0.0,0,0.0,0.0,0.0,0.0
2021-12-16,0.0,0.0,0,0.0,0.0,0.0,0.0
2021-12-17,0.0,0.0,0,0.0,0.0,0.0,0.0
2021-12-18,0.0,0.0,0,0.0,0.0,0.0,0.0
2021-12-19,0.0,0.0,0,0.0,0.0,0.0,0.0
2021-12-20,0.0,0.0,0,0.0,-0.0011032144742389362,1.1032144742389363,1.0
2021-12-21,1.1032144742389365,0.06543487182561995,28,-0.0037983364119550393,-0.004901550886193975,1.1032144742389363,0.0
2021-12-22,0.0,0.0,0,0.0,0.0,0.0,0.0
2021-12-23,0.0,0.0,0,0.0,-0.0010667669528211731,1.0667669528211732,1.0
2021-12-24,1.0667669528211732,0.046813111557176774,29,0.00032172585958131035,0.00017984624753052873,0.14187961205078162,1.0
2021-12-25,1.0740033085988074,0.02993424505566341,29,0.0007886073418870821,0.000783981951983731,0.004625389903351106,1.0
2021-12-26,1.069385942707897,0.02890327534192414,29,-0.0011750216877326415,-0.001267293443505293,0.09227175577265156,1.0
2021-12-27,1.0629132017693979,0.041164739782947525,29,0.0016754171794251748,0.001454029167866247,0.2213880115589278,1.0
2021-12-28,1.0698190820668476,0.05188296335833902,29,0.0066555756229882655,0.006395836168983541,0.25973945400472453,1.0
2021-12-29,1.061582742342509,0.10186694844524795,28,0.0021001941922188174,0.0018848388500787064,0.21535534214011098,1.0
2021-12-30,1.0721968137648754,0.06231484927289437,29,-0.0004012289355314413,-0.0005043755313920162,0.10314659586057477,1.0
2021-12-31,1.0644576755310384,0.08893456207301907,29,0.002695119095370608,0.002609714627888575,0.08540446748203287,1.0
2022-01-01,1.0646490956654335,0.08076335738208931,29,-0.0033989379375545694,-0.003609109697895212,0.21017176034064272,1.0
2022-01-02,1.0481512963939437,0.1673657905898337,28,-0.0003121093151912501,-0.0004261483179347906,0.11403900274354052,1.0
2022-01-03,1.0599463238558355,0.18542611741444295,28,2.5501044687334168e-05,-0.0004078407598515186,0.43334180453885274,1.0
2022-01-04,1.0326610192434922,0.05872279877569296,29,0.0017385523985516324,0.001646771363651444,0.09178103490018852,1.0
2022-01-05,1.0396970635488754,0.0579640400570062,28,0.005157775902078045,0.005064902499594055,0.09287340248399018,1.0
2022-01-06,1.0415767179469875,0.05907535224861621,29,0.002097030320835664,0.001982695704969828,0.11433461586583579,1.0
2022-01-07,1.0648849207994244,0.060876634472985164,28,0.0025162686371750223,0.002366326928297627,0.14994170887739555,1.0
2022-01-08,1.0564526500748852,0.05105438982907633,27,-0.0003051809948047657,-0.000312593822031652,0.00741282722688634,1.0
2022-01-09,1.0490408137475824,0.05225178385299004,27,-0.000660599399223801,-0.0007321511636802806,0.07155176445647961,1.0
2022-01-10,1.031162338608961,0.041934641145946895,29,-0.00139143406624791,-0.0015027573956824915,0.11132332943458167,1.0
2022-01-11,1.034879579520695,0.028412410027727028,28,-0.002511944051273554,-0.002656517869192277,0.1445738179187228,1.0
2022-01-12,1.0366785444780233,0.052158506859293574,28,-0.004988899412142773,-0.005081189922357676,0.09229051021490353,1.0
2022-01-13,1.0597280815796648,0.05532503450382475,29,0.002485278190584438,0.002335959609939733,0.14931858064470477,1.0
2022-01-14,1.0452821379943154,0.05323727052155096,29,0.0009649547396421656,0.0008388773708535705,0.12607736878859505,1.0
2022-01-15,1.0441918191761654,0.04606300609497877,29,3.530751311844327e-05,2.375448196220818e-05,0.01155303115623509,1.0
2022-01-16,1.0326485655640816,0.04141124711396831,29,-0.00022322909150518144,-0.00029981509798882294,0.07658600648364147,1.0
2022-01-17,1.012685350189403,0.024299578762866716,29,0.002430598253663973,0.0023421118522906617,0.0884864013733114,1.0
2022-01-18,1.019742725999514,0.04795573366815866,29,-0.0017895497804601382,-0.001847742982458685,0.05819320199854682,1.0
2022-01-19,1.0275188207119739,0.05537649457189012,29,-0.0005548921845614337,-0.0007673034609110234,0.21241127634958973,1.0
2022-01-20,1.0237820167082008,0.07230779145261686,29,0.0006714010926860174,0.00047247542717518865,0.19892566551082874,1.0
2022-01-21,1.0463208323404716,0.06673752923104802,28,0.01070741157154411,0.010577128983453192,0.13028258809091933,1.0
2022-01-22,1.0563125563078444,0.06508577731221649,28,0.003805959005485549,0.0035143329376764233,0.29162606780912576,1.0
2022-01-23,1.0630282659092516,0.17348300426595,29,0.0031740628141259672,0.003143606479560505,0.030456334565462213,1.0
2022-01-24,1.0518946959619082,0.17626849023597688,29,0.002217598264122234,0.0020632226277969515,0.15437563632528223,1.0
2022-01-25,1.041759076832592,0.14754770084730146,29,-0.0001601356347885442,-0.00038985869352812044,0.22972305873957627,1.0
2022-01-26,0.9566270051228078,0.16088805893402028,27,0.001791749561691805,0.0016983708247007095,0.09337873699109557,1.0
2022-01-27,0.9504535384505847,0.14396076412763006,28,0.004108846346753816,0.003939283400250448,0.16956294650336753,1.0
2022-01-28,0.9799142048917476,0.12173452887528224,28,0.004528464671834678,0.004466064670721059,0.062400001113618236,1.0
2022-01-29,0.9723656422424664,0.11661986938282667,27,0.001202782448753248,0.001187995392139966,0.014787056613282078,1.0
2022-01-30,0.957602419469841,0.11066318285881796,27,-0.0008765617355119626,-0.0009057605107512224,0.029198775239259768,1.0
2022-01-31,0.9545115631282446,0.10529022988350234,27,-5.28522983564314e-05,-0.0001925668383534004,0.13971453999696898,1.0
2022-02-01,0.9635965707085972,0.08762575834705472,28,-0.001141801510744211,-0.0012560825055916132,0.11428099484740209,1.0
2022-02-02,0.9448612135265946,0.10857873093293777,28,-0.0037681490960123185,-0.0039341123211017815,0.1659632250894627,1.0
2022-02-03,0.9397525894808687,0.10251874387007218,28,-0.0018728102888156285,-0.001985084987830701,0.1122746990150727,1.0
2022-02-04,0.97332973325205,0.08638174190727302,28,0.012542151583235274,0.011568821849983224,0.97332973325205,0.0
2022-02-05,0.0,0.0,0,0.0,0.0,0.0,0.0
2022-02-06,0.0,0.0,0,0.0,0.0,0.0,0.0
2022-02-07,0.0,0.0,0,0.0,0.0,0.0,0.0
2022-02-08,0.0,0.0,0,0.0,0.0,0.0,0.0
2022-02-09,0.0,0.0,0,0.0,0.0,0.0,0.0
2022-02-10,0.0,0.0,0,0.0,-0.0009240683621458448,0.9240683621458448,1.0
2022-02-11,0.9240683621458448,0.06809785858525173,28,-0.001452862451563161,-0.0017592553765263664,0.30639292496320547,1.0
2022-02-12,0.955066452145597,0.04747423557478873,27,-0.0003122327660761962,-0.0003178902945076394,0.005657528431443198,1.0
2022-02-13,0.9494121490271302,0.04439585063705161,27,-0.0006377217982074479,-0.0007572394621312435,0.11951766392379558,1.0
2022-02-14,0.9251541473312038,0.04754655298012086,28,0.0023969703604059295,0.0023103288718292732,0.08664148857665621,1.0
2022-02-15,0.9064683983399051,0.035872832640490154,28,0.0036305681640518704,0.003527404210623757,0.10316395342811303,1.0
2022-02-16,0.8939773144129642,0.03312620078184497,27,-0.0035873700729802853,-0.0038244595403818162,0.2370894674015311,1.0
2022-02-17,0.876653480381168,0.006962638723877309,29,-0.0021281246990890543,-0.0023594111219961827,0.23128642290712859,1.0
2022-02-18,0.9498615480145538,0.03551547705537614,27,-0.0012727246652433609,-0.0014203804347895325,0.14765576954617154,1.0
2022-02-19,0.9659447286326265,0.06137425543895219,27,0.00032364824002664163,0.00028668797533978245,0.03696026468685919,1.0
2022-02-20,0.9289847702839054,0.04296769069354329,27,-0.00427755808890979,-0.004426647141237722,0.14908905232793188,1.0
2022-02-21,0.8750563608591129,0.010527769387119294,29,-0.001637887055121612,-0.001871307782068702,0.2334207269470899,1.0
2022-02-22,0.9310452997800666,-0.0566415496571315,28,-0.005744577913161424,-0.005867247544153399,0.1226696309919753,1.0
2022-02-23,0.9552576262508891,-0.05993076863617128,28,0.00039462092521973247,0.00011759703099076057,0.2770238942289719,1.0
2022-02-24,0.9898960992616237,-0.03417561057382987,28,-0.00017157572228971896,-0.0005042361292112102,0.33266040692149135,1.0
2022-02-25,1.024963161542928,-0.005930491015806318,28,-0.0033494448673676487,-0.0036615202815733056,0.31207541420565676,1.0
2022-02-26,1.017849176166993,0.13594096774365577,29,-0.0003225942965002116,-0.00032408286180479306,0.001488565304581452,1.0
2022-02-27,1.0163607787977254,0.135345969893652,29,-0.0020704692079909414,-0.0021031341784947567,0.032664970503815484,1.0
2022-02-28,1.0255658551242748,0.13511939483498275,28,0.013231039962738724,0.01220547410761445,1.0255658551242748,0.0
2022-03-01,0.0,0.0,0,0.0,0.0,0.0,0.0
2022-03-02,0.0,0.0,0,0.0,0.0,0.0,0.0
2022-03-03,0.0,0.0,0,0.0,0.0,0.0,0.0
2022-03-04,0.0,0.0,0,0.0,0.0,0.0,0.0
2022-03-05,0.0,0.0,0,0.0,0.0,0.0,0.0
2022-03-06,0.0,0.0,0,0.0,0.0,0.0,0.0
2022-03-07,0.0,0.0,0,0.0,0.0,0.0,0.0
2022-03-08,0.0,0.0,0,0.0,0.0,0.0,0.0
2022-03-09,0.0,0.0,0,0.0,0.0,0.0,0.0
2022-03-10,0.0,0.0,0,0.0,0.0,0.0,0.0
2022-03-11,0.0,0.0,0,0.0,0.0,0.0,0.0
2022-03-12,0.0,0.0,0,0.0,0.0,0.0,0.0
2022-03-13,0.0,0.0,0,0.0,0.0,0.0,0.0
2022-03-14,0.0,0.0,0,0.0,0.0,0.0,0.0
2022-03-15,0.0,0.0,0,0.0,0.0,0.0,0.0
2022-03-16,0.0,0.0,0,0.0,0.0,0.0,0.0
2022-03-17,0.0,0.0,0,0.0,0.0,0.0,0.0
2022-03-18,0.0,0.0,0,0.0,0.0,0.0,0.0
2022-03-19,0.0,0.0,0,0.0,0.0,0.0,0.0
2022-03-20,0.0,0.0,0,0.0,0.0,0.0,0.0
2022-03-21,0.0,0.0,0,0.0,0.0,0.0,0.0
2022-03-22,0.0,0.0,0,0.0,0.0,0.0,0.0
2022-03-23,0.0,0.0,0,0.0,0.0,0.0,0.0
2022-03-24,0.0,0.0,0,0.0,0.0,0.0,0.0
2022-03-25,0.0,0.0,0,0.0,0.0,0.0,0.0
2022-03-26,0.0,0.0,0,0.0,0.0,0.0,0.0
2022-03-27,0.0,0.0,0,0.0,0.0,0.0,0.0
2022-03-28,0.0,0.0,0,0.0,0.0,0.0,0.0
2022-03-29,0.0,0.0,0,0.0,0.0,0.0,0.0
2022-03-30,0.0,0.0,0,0.0,0.0,0.0,0.0
2022-03-31,0.0,0.0,0,0.0,0.0,0.0,0.0
2022-04-01,0.0,0.0,0,0.0,0.0,0.0,0.0
2022-04-02,0.0,0.0,0,0.0,0.0,0.0,0.0
2022-04-03,0.0,0.0,0,0.0,0.0,0.0,0.0
2022-04-04,0.0,0.0,0,0.0,0.0,0.0,0.0
2022-04-05,0.0,0.0,0,0.0,0.0,0.0,0.0
2022-04-06,0.0,0.0,0,0.0,0.0,0.0,0.0
2022-04-07,0.0,0.0,0,0.0,0.0,0.0,0.0
2022-04-08,0.0,0.0,0,0.0,0.0,0.0,0.0
2022-04-09,0.0,0.0,0,0.0,0.0,0.0,0.0
2022-04-10,0.0,0.0,0,0.0,0.0,0.0,0.0
2022-04-11,0.0,0.0,0,0.0,-0.0012805921456155948,1.2805921456155949,1.0
2022-04-12,1.2805921456155944,0.19452822279880974,29,0.005933709418117873,0.00582451987386174,0.10918954425613286,1.0
2022-04-13,1.2482571127404043,0.17135193976950192,29,-0.0001957389189474406,-0.001443996031687845,1.2482571127404043,0.0
2022-04-14,0.0,0.0,0,0.0,0.0,0.0,0.0
2022-04-15,0.0,0.0,0,0.0,0.0,0.0,0.0
2022-04-16,0.0,0.0,0,0.0,-0.0012650656758676146,1.2650656758676146,1.0
2022-04-17,1.2650656758676146,0.14631755676554337,30,0.001816576157309347,0.0016232663896785246,0.19330976763082242,1.0
2022-04-18,1.316633914805608,0.20351068861968594,29,0.0028423752982990064,0.0026701515654029744,0.1722237328960321,1.0
2022-04-19,1.301551556276963,0.20974913414777135,29,0.008604038842906076,0.007302487286629113,1.301551556276963,0.0
2022-04-20,0.0,0.0,0,0.0,0.0,0.0,0.0
2022-04-21,0.0,0.0,0,0.0,0.0,0.0,0.0
2022-04-22,0.0,0.0,0,0.0,0.0,0.0,0.0
2022-04-23,0.0,0.0,0,0.0,0.0,0.0,0.0
2022-04-24,0.0,0.0,0,0.0,0.0,0.0,0.0
2022-04-25,0.0,0.0,0,0.0,0.0,0.0,0.0
2022-04-26,0.0,0.0,0,0.0,0.0,0.0,0.0
2022-04-27,0.0,0.0,0,0.0,0.0,0.0,0.0
2022-04-28,0.0,0.0,0,0.0,0.0,0.0,0.0
2022-04-29,0.0,0.0,0,0.0,0.0,0.0,0.0
2022-04-30,0.0,0.0,0,0.0,0.0,0.0,0.0
2022-05-01,0.0,0.0,0,0.0,0.0,0.0,0.0
2022-05-02,0.0,0.0,0,0.0,0.0,0.0,0.0
2022-05-03,0.0,0.0,0,0.0,0.0,0.0,0.0
2022-05-04,0.0,0.0,0,0.0,0.0,0.0,0.0
2022-05-05,0.0,0.0,0,0.0,0.0,0.0,0.0
2022-05-06,0.0,0.0,0,0.0,0.0,0.0,0.0
2022-05-07,0.0,0.0,0,0.0,0.0,0.0,0.0
2022-05-08,0.0,0.0,0,0.0,0.0,0.0,0.0
2022-05-09,0.0,0.0,0,0.0,0.0,0.0,0.0
2022-05-10,0.0,0.0,0,0.0,0.0,0.0,0.0
2022-05-11,0.0,0.0,0,0.0,0.0,0.0,0.0
2022-05-12,0.0,0.0,0,0.0,0.0,0.0,0.0
2022-05-13,0.0,0.0,0,0.0,0.0,0.0,0.0
2022-05-14,0.0,0.0,0,0.0,0.0,0.0,0.0
2022-05-15,0.0,0.0,0,0.0,0.0,0.0,0.0
2022-05-16,0.0,0.0,0,0.0,0.0,0.0,0.0
2022-05-17,0.0,0.0,0,0.0,0.0,0.0,0.0
2022-05-18,0.0,0.0,0,0.0,0.0,0.0,0.0
2022-05-19,0.0,0.0,0,0.0,0.0,0.0,0.0
2022-05-20,0.0,0.0,0,0.0,0.0,0.0,0.0
2022-05-21,0.0,0.0,0,0.0,0.0,0.0,0.0
2022-05-22,0.0,0.0,0,0.0,0.0,0.0,0.0
2022-05-23,0.0,0.0,0,0.0,0.0,0.0,0.0
2022-05-24,0.0,0.0,0,0.0,0.0,0.0,0.0
2022-05-25,0.0,0.0,0,0.0,0.0,0.0,0.0
2022-05-26,0.0,0.0,0,0.0,0.0,0.0,0.0
2022-05-27,0.0,0.0,0,0.0,0.0,0.0,0.0
2022-05-28,0.0,0.0,0,0.0,0.0,0.0,0.0
2022-05-29,0.0,0.0,0,0.0,0.0,0.0,0.0
2022-05-30,0.0,0.0,0,0.0,0.0,0.0,0.0
2022-05-31,0.0,0.0,0,0.0,0.0,0.0,0.0
2022-06-01,0.0,0.0,0,0.0,0.0,0.0,0.0
2022-06-02,0.0,0.0,0,0.0,0.0,0.0,0.0
2022-06-03,0.0,0.0,0,0.0,0.0,0.0,0.0
2022-06-04,0.0,0.0,0,0.0,0.0,0.0,0.0
2022-06-05,0.0,0.0,0,0.0,0.0,0.0,0.0
2022-06-06,0.0,0.0,0,0.0,0.0,0.0,0.0
2022-06-07,0.0,0.0,0,0.0,0.0,0.0,0.0
2022-06-08,0.0,0.0,0,0.0,0.0,0.0,0.0
2022-06-09,0.0,0.0,0,0.0,0.0,0.0,0.0
2022-06-10,0.0,0.0,0,0.0,0.0,0.0,0.0
2022-06-11,0.0,0.0,0,0.0,0.0,0.0,0.0
2022-06-12,0.0,0.0,0,0.0,0.0,0.0,0.0
2022-06-13,0.0,0.0,0,0.0,0.0,0.0,0.0
2022-06-14,0.0,0.0,0,0.0,0.0,0.0,0.0
2022-06-15,0.0,0.0,0,0.0,0.0,0.0,0.0
2022-06-16,0.0,0.0,0,0.0,0.0,0.0,0.0
2022-06-17,0.0,0.0,0,0.0,0.0,0.0,0.0
2022-06-18,0.0,0.0,0,0.0,0.0,0.0,0.0
2022-06-19,0.0,0.0,0,0.0,0.0,0.0,0.0
2022-06-20,0.0,0.0,0,0.0,0.0,0.0,0.0
2022-06-21,0.0,0.0,0,0.0,0.0,0.0,0.0
2022-06-22,0.0,0.0,0,0.0,0.0,0.0,0.0
2022-06-23,0.0,0.0,0,0.0,0.0,0.0,0.0
2022-06-24,0.0,0.0,0,0.0,0.0,0.0,0.0
2022-06-25,0.0,0.0,0,0.0,0.0,0.0,0.0
2022-06-26,0.0,0.0,0,0.0,0.0,0.0,0.0
2022-06-27,0.0,0.0,0,0.0,0.0,0.0,0.0
2022-06-28,0.0,0.0,0,0.0,0.0,0.0,0.0
2022-06-29,0.0,0.0,0,0.0,0.0,0.0,0.0
2022-06-30,0.0,0.0,0,0.0,0.0,0.0,0.0
2022-07-01,0.0,0.0,0,0.0,0.0,0.0,0.0
2022-07-02,0.0,0.0,0,0.0,0.0,0.0,0.0
2022-07-03,0.0,0.0,0,0.0,0.0,0.0,0.0
2022-07-04,0.0,0.0,0,0.0,0.0,0.0,0.0
2022-07-05,0.0,0.0,0,0.0,0.0,0.0,0.0
2022-07-06,0.0,0.0,0,0.0,0.0,0.0,0.0
2022-07-07,0.0,0.0,0,0.0,0.0,0.0,0.0
2022-07-08,0.0,0.0,0,0.0,0.0,0.0,0.0
2022-07-09,0.0,0.0,0,0.0,0.0,0.0,0.0
2022-07-10,0.0,0.0,0,0.0,0.0,0.0,0.0
2022-07-11,0.0,0.0,0,0.0,0.0,0.0,0.0
2022-07-12,0.0,0.0,0,0.0,0.0,0.0,0.0
2022-07-13,0.0,0.0,0,0.0,0.0,0.0,0.0
2022-07-14,0.0,0.0,0,0.0,0.0,0.0,0.0
2022-07-15,0.0,0.0,0,0.0,0.0,0.0,0.0
2022-07-16,0.0,0.0,0,0.0,0.0,0.0,0.0
2022-07-17,0.0,0.0,0,0.0,0.0,0.0,0.0
2022-07-18,0.0,0.0,0,0.0,0.0,0.0,0.0
2022-07-19,0.0,0.0,0,0.0,0.0,0.0,0.0
2022-07-20,0.0,0.0,0,0.0,0.0,0.0,0.0
2022-07-21,0.0,0.0,0,0.0,0.0,0.0,0.0
2022-07-22,0.0,0.0,0,0.0,0.0,0.0,0.0
2022-07-23,0.0,0.0,0,0.0,0.0,0.0,0.0
2022-07-24,0.0,0.0,0,0.0,0.0,0.0,0.0
2022-07-25,0.0,0.0,0,0.0,0.0,0.0,0.0
2022-07-26,0.0,0.0,0,0.0,0.0,0.0,0.0
2022-07-27,0.0,0.0,0,0.0,0.0,0.0,0.0
2022-07-28,0.0,0.0,0,0.0,0.0,0.0,0.0
2022-07-29,0.0,0.0,0,0.0,0.0,0.0,0.0
2022-07-30,0.0,0.0,0,0.0,0.0,0.0,0.0
2022-07-31,0.0,0.0,0,0.0,0.0,0.0,0.0
2022-08-01,0.0,0.0,0,0.0,0.0,0.0,0.0
2022-08-02,0.0,0.0,0,0.0,0.0,0.0,0.0
2022-08-03,0.0,0.0,0,0.0,0.0,0.0,0.0
2022-08-04,0.0,0.0,0,0.0,0.0,0.0,0.0
2022-08-05,0.0,0.0,0,0.0,0.0,0.0,0.0
2022-08-06,0.0,0.0,0,0.0,0.0,0.0,0.0
2022-08-07,0.0,0.0,0,0.0,0.0,0.0,0.0
2022-08-08,0.0,0.0,0,0.0,0.0,0.0,0.0
2022-08-09,0.0,0.0,0,0.0,0.0,0.0,0.0
2022-08-10,0.0,0.0,0,0.0,0.0,0.0,0.0
2022-08-11,0.0,0.0,0,0.0,0.0,0.0,0.0
2022-08-12,0.0,0.0,0,0.0,0.0,0.0,0.0
2022-08-13,0.0,0.0,0,0.0,0.0,0.0,0.0
2022-08-14,0.0,0.0,0,0.0,0.0,0.0,0.0
2022-08-15,0.0,0.0,0,0.0,0.0,0.0,0.0
2022-08-16,0.0,0.0,0,0.0,0.0,0.0,0.0
2022-08-17,0.0,0.0,0,0.0,0.0,0.0,0.0
2022-08-18,0.0,0.0,0,0.0,0.0,0.0,0.0
2022-08-19,0.0,0.0,0,0.0,0.0,0.0,0.0
2022-08-20,0.0,0.0,0,0.0,0.0,0.0,0.0
2022-08-21,0.0,0.0,0,0.0,0.0,0.0,0.0
2022-08-22,0.0,0.0,0,0.0,0.0,0.0,0.0
2022-08-23,0.0,0.0,0,0.0,0.0,0.0,0.0
2022-08-24,0.0,0.0,0,0.0,0.0,0.0,0.0
2022-08-25,0.0,0.0,0,0.0,0.0,0.0,0.0
2022-08-26,0.0,0.0,0,0.0,0.0,0.0,0.0
2022-08-27,0.0,0.0,0,0.0,0.0,0.0,0.0
2022-08-28,0.0,0.0,0,0.0,0.0,0.0,0.0
2022-08-29,0.0,0.0,0,0.0,0.0,0.0,0.0
2022-08-30,0.0,0.0,0,0.0,0.0,0.0,0.0
2022-08-31,0.0,0.0,0,0.0,0.0,0.0,0.0
2022-09-01,0.0,0.0,0,0.0,0.0,0.0,0.0
2022-09-02,0.0,0.0,0,0.0,0.0,0.0,0.0
2022-09-03,0.0,0.0,0,0.0,0.0,0.0,0.0
2022-09-04,0.0,0.0,0,0.0,-0.0011839492412282205,1.1839492412282204,1.0
2022-09-05,1.1839492412282204,0.09598763619018134,29,0.0002654524785698483,0.00015174173786113536,0.11371074070871297,1.0
2022-09-06,1.1740448745222416,0.08745821012038495,29,0.012735406200970443,0.01263732359100932,0.09808260996112181,1.0
2022-09-07,1.1995471946349059,0.11482491067632758,29,0.00026333087739831014,-0.000936216317236596,1.199547194634906,0.0
2022-09-08,0.0,0.0,0,0.0,-0.0012398781307296838,1.2398781307296838,1.0
2022-09-09,1.2398781307296838,0.11070315758043343,29,-0.013899253361326087,-0.015139131492055771,1.2398781307296838,0.0
2022-09-10,0.0,0.0,0,0.0,0.0,0.0,0.0
2022-09-11,0.0,0.0,0,0.0,0.0,0.0,0.0
2022-09-12,0.0,0.0,0,0.0,0.0,0.0,0.0
2022-09-13,0.0,0.0,0,0.0,0.0,0.0,0.0
2022-09-14,0.0,0.0,0,0.0,0.0,0.0,0.0
2022-09-15,0.0,0.0,0,0.0,0.0,0.0,0.0
2022-09-16,0.0,0.0,0,0.0,0.0,0.0,0.0
2022-09-17,0.0,0.0,0,0.0,0.0,0.0,0.0
2022-09-18,0.0,0.0,0,0.0,0.0,0.0,0.0
2022-09-19,0.0,0.0,0,0.0,0.0,0.0,0.0
2022-09-20,0.0,0.0,0,0.0,0.0,0.0,0.0
2022-09-21,0.0,0.0,0,0.0,0.0,0.0,0.0
2022-09-22,0.0,0.0,0,0.0,0.0,0.0,0.0
2022-09-23,0.0,0.0,0,0.0,0.0,0.0,0.0
2022-09-24,0.0,0.0,0,0.0,0.0,0.0,0.0
2022-09-25,0.0,0.0,0,0.0,0.0,0.0,0.0
2022-09-26,0.0,0.0,0,0.0,0.0,0.0,0.0
2022-09-27,0.0,0.0,0,0.0,0.0,0.0,0.0
2022-09-28,0.0,0.0,0,0.0,0.0,0.0,0.0
2022-09-29,0.0,0.0,0,0.0,0.0,0.0,0.0
2022-09-30,0.0,0.0,0,0.0,0.0,0.0,0.0
2022-10-01,0.0,0.0,0,0.0,0.0,0.0,0.0
2022-10-02,0.0,0.0,0,0.0,0.0,0.0,0.0
2022-10-03,0.0,0.0,0,0.0,0.0,0.0,0.0
2022-10-04,0.0,0.0,0,0.0,0.0,0.0,0.0
2022-10-05,0.0,0.0,0,0.0,0.0,0.0,0.0
2022-10-06,0.0,0.0,0,0.0,0.0,0.0,0.0
2022-10-07,0.0,0.0,0,0.0,0.0,0.0,0.0
2022-10-08,0.0,0.0,0,0.0,0.0,0.0,0.0
2022-10-09,0.0,0.0,0,0.0,0.0,0.0,0.0
2022-10-10,0.0,0.0,0,0.0,0.0,0.0,0.0
2022-10-11,0.0,0.0,0,0.0,0.0,0.0,0.0
2022-10-12,0.0,0.0,0,0.0,0.0,0.0,0.0
2022-10-13,0.0,0.0,0,0.0,0.0,0.0,0.0
2022-10-14,0.0,0.0,0,0.0,0.0,0.0,0.0
2022-10-15,0.0,0.0,0,0.0,0.0,0.0,0.0
2022-10-16,0.0,0.0,0,0.0,0.0,0.0,0.0
2022-10-17,0.0,0.0,0,0.0,0.0,0.0,0.0
2022-10-18,0.0,0.0,0,0.0,0.0,0.0,0.0
2022-10-19,0.0,0.0,0,0.0,0.0,0.0,0.0
2022-10-20,0.0,0.0,0,0.0,0.0,0.0,0.0
2022-10-21,0.0,0.0,0,0.0,0.0,0.0,0.0
2022-10-22,0.0,0.0,0,0.0,0.0,0.0,0.0
2022-10-23,0.0,0.0,0,0.0,0.0,0.0,0.0
2022-10-24,0.0,0.0,0,0.0,0.0,0.0,0.0
2022-10-25,0.0,0.0,0,0.0,0.0,0.0,0.0
2022-10-26,0.0,0.0,0,0.0,0.0,0.0,0.0
2022-10-27,0.0,0.0,0,0.0,0.0,0.0,0.0
2022-10-28,0.0,0.0,0,0.0,0.0,0.0,0.0
2022-10-29,0.0,0.0,0,0.0,0.0,0.0,0.0
2022-10-30,0.0,0.0,0,0.0,0.0,0.0,0.0
2022-10-31,0.0,0.0,0,0.0,0.0,0.0,0.0
2022-11-01,0.0,0.0,0,0.0,0.0,0.0,0.0
2022-11-02,0.0,0.0,0,0.0,0.0,0.0,0.0
2022-11-03,0.0,0.0,0,0.0,0.0,0.0,0.0
2022-11-04,0.0,0.0,0,0.0,0.0,0.0,0.0
2022-11-05,0.0,0.0,0,0.0,0.0,0.0,0.0
2022-11-06,0.0,0.0,0,0.0,0.0,0.0,0.0
2022-11-07,0.0,0.0,0,0.0,0.0,0.0,0.0
2022-11-08,0.0,0.0,0,0.0,0.0,0.0,0.0
2022-11-09,0.0,0.0,0,0.0,0.0,0.0,0.0
2022-11-10,0.0,0.0,0,0.0,0.0,0.0,0.0
2022-11-11,0.0,0.0,0,0.0,0.0,0.0,0.0
2022-11-12,0.0,0.0,0,0.0,0.0,0.0,0.0
2022-11-13,0.0,0.0,0,0.0,0.0,0.0,0.0
2022-11-14,0.0,0.0,0,0.0,0.0,0.0,0.0
2022-11-15,0.0,0.0,0,0.0,0.0,0.0,0.0
2022-11-16,0.0,0.0,0,0.0,0.0,0.0,0.0
2022-11-17,0.0,0.0,0,0.0,0.0,0.0,0.0
2022-11-18,0.0,0.0,0,0.0,0.0,0.0,0.0
2022-11-19,0.0,0.0,0,0.0,0.0,0.0,0.0
2022-11-20,0.0,0.0,0,0.0,0.0,0.0,0.0
2022-11-21,0.0,0.0,0,0.0,0.0,0.0,0.0
2022-11-22,0.0,0.0,0,0.0,0.0,0.0,0.0
2022-11-23,0.0,0.0,0,0.0,0.0,0.0,0.0
2022-11-24,0.0,0.0,0,0.0,0.0,0.0,0.0
2022-11-25,0.0,0.0,0,0.0,0.0,0.0,0.0
2022-11-26,0.0,0.0,0,0.0,0.0,0.0,0.0
2022-11-27,0.0,0.0,0,0.0,0.0,0.0,0.0
2022-11-28,0.0,0.0,0,0.0,0.0,0.0,0.0
2022-11-29,0.0,0.0,0,0.0,0.0,0.0,0.0
2022-11-30,0.0,0.0,0,0.0,0.0,0.0,0.0
2022-12-01,0.0,0.0,0,0.0,0.0,0.0,0.0
2022-12-02,0.0,0.0,0,0.0,0.0,0.0,0.0
2022-12-03,0.0,0.0,0,0.0,0.0,0.0,0.0
2022-12-04,0.0,0.0,0,0.0,0.0,0.0,0.0
2022-12-05,0.0,0.0,0,0.0,0.0,0.0,0.0
2022-12-06,0.0,0.0,0,0.0,0.0,0.0,0.0
2022-12-07,0.0,0.0,0,0.0,0.0,0.0,0.0
2022-12-08,0.0,0.0,0,0.0,0.0,0.0,0.0
2022-12-09,0.0,0.0,0,0.0,0.0,0.0,0.0
2022-12-10,0.0,0.0,0,0.0,0.0,0.0,0.0
2022-12-11,0.0,0.0,0,0.0,0.0,0.0,0.0
2022-12-12,0.0,0.0,0,0.0,0.0,0.0,0.0
2022-12-13,0.0,0.0,0,0.0,-0.001476343687674347,1.476343687674347,1.0
2022-12-14,1.476343687674347,-0.06580729262805142,30,0.00024301064142750979,0.0001307070192773366,0.11230362215017319,1.0
2022-12-15,1.476406055339208,-0.053660428731292786,30,0.020864243535190872,0.019387837479851663,1.476406055339208,0.0
2022-12-16,0.0,0.0,0,0.0,0.0,0.0,0.0
2022-12-17,0.0,0.0,0,0.0,0.0,0.0,0.0
2022-12-18,0.0,0.0,0,0.0,0.0,0.0,0.0
2022-12-19,0.0,0.0,0,0.0,0.0,0.0,0.0
2022-12-20,0.0,0.0,0,0.0,0.0,0.0,0.0
2022-12-21,0.0,0.0,0,0.0,0.0,0.0,0.0
2022-12-22,0.0,0.0,0,0.0,0.0,0.0,0.0
2022-12-23,0.0,0.0,0,0.0,0.0,0.0,0.0
2022-12-24,0.0,0.0,0,0.0,0.0,0.0,0.0
2022-12-25,0.0,0.0,0,0.0,0.0,0.0,0.0
2022-12-26,0.0,0.0,0,0.0,0.0,0.0,0.0
2022-12-27,0.0,0.0,0,0.0,0.0,0.0,0.0
2022-12-28,0.0,0.0,0,0.0,0.0,0.0,0.0
2022-12-29,0.0,0.0,0,0.0,0.0,0.0,0.0
2022-12-30,0.0,0.0,0,0.0,0.0,0.0,0.0
2022-12-31,0.0,0.0,0,0.0,0.0,0.0,0.0
2023-01-01,0.0,0.0,0,0.0,0.0,0.0,0.0
2023-01-02,0.0,0.0,0,0.0,0.0,0.0,0.0
2023-01-03,0.0,0.0,0,0.0,0.0,0.0,0.0
2023-01-04,0.0,0.0,0,0.0,0.0,0.0,0.0
2023-01-05,0.0,0.0,0,0.0,0.0,0.0,0.0
2023-01-06,0.0,0.0,0,0.0,0.0,0.0,0.0
2023-01-07,0.0,0.0,0,0.0,0.0,0.0,0.0
2023-01-08,0.0,0.0,0,0.0,0.0,0.0,0.0
2023-01-09,0.0,0.0,0,0.0,-0.0013503361702703867,1.3503361702703867,1.0
2023-01-10,1.3503361702703864,0.10602900850328786,29,0.00017690602276011343,-0.0002938524071836295,0.47075842994374295,1.0
2023-01-11,1.2791016665425938,0.050806481206683726,29,-0.006764536425333756,-0.0069733168918845335,0.20878046655077767,1.0
2023-01-12,1.2955170605851376,0.019077008813850972,29,-0.008370846781593484,-0.009666363842178621,1.2955170605851376,0.0
2023-01-13,0.0,0.0,0,0.0,0.0,0.0,0.0
2023-01-14,0.0,0.0,0,0.0,0.0,0.0,0.0
2023-01-15,0.0,0.0,0,0.0,0.0,0.0,0.0
2023-01-16,0.0,0.0,0,0.0,0.0,0.0,0.0
2023-01-17,0.0,0.0,0,0.0,0.0,0.0,0.0
2023-01-18,0.0,0.0,0,0.0,0.0,0.0,0.0
2023-01-19,0.0,0.0,0,0.0,0.0,0.0,0.0
2023-01-20,0.0,0.0,0,0.0,0.0,0.0,0.0
2023-01-21,0.0,0.0,0,0.0,0.0,0.0,0.0
2023-01-22,0.0,0.0,0,0.0,0.0,0.0,0.0
2023-01-23,0.0,0.0,0,0.0,0.0,0.0,0.0
2023-01-24,0.0,0.0,0,0.0,0.0,0.0,0.0
2023-01-25,0.0,0.0,0,0.0,0.0,0.0,0.0
2023-01-26,0.0,0.0,0,0.0,0.0,0.0,0.0
2023-01-27,0.0,0.0,0,0.0,0.0,0.0,0.0
2023-01-28,0.0,0.0,0,0.0,0.0,0.0,0.0
2023-01-29,0.0,0.0,0,0.0,0.0,0.0,0.0
2023-01-30,0.0,0.0,0,0.0,0.0,0.0,0.0
2023-01-31,0.0,0.0,0,0.0,0.0,0.0,0.0
2023-02-01,0.0,0.0,0,0.0,0.0,0.0,0.0
2023-02-02,0.0,0.0,0,0.0,0.0,0.0,0.0
2023-02-03,0.0,0.0,0,0.0,0.0,0.0,0.0
2023-02-04,0.0,0.0,0,0.0,0.0,0.0,0.0
2023-02-05,0.0,0.0,0,0.0,0.0,0.0,0.0
2023-02-06,0.0,0.0,0,0.0,0.0,0.0,0.0
2023-02-07,0.0,0.0,0,0.0,0.0,0.0,0.0
2023-02-08,0.0,0.0,0,0.0,0.0,0.0,0.0
2023-02-09,0.0,0.0,0,0.0,0.0,0.0,0.0
2023-02-10,0.0,0.0,0,0.0,0.0,0.0,0.0
2023-02-11,0.0,0.0,0,0.0,0.0,0.0,0.0
2023-02-12,0.0,0.0,0,0.0,-0.0013285567331897275,1.3285567331897274,1.0
2023-02-13,1.3285567331897272,0.0011523088007460713,29,-0.0003997234199482847,-0.0017282801531380123,1.3285567331897274,0.0
2023-02-14,0.0,0.0,0,0.0,0.0,0.0,0.0
2023-02-15,0.0,0.0,0,0.0,0.0,0.0,0.0
2023-02-16,0.0,0.0,0,0.0,0.0,0.0,0.0
2023-02-17,0.0,0.0,0,0.0,0.0,0.0,0.0
2023-02-18,0.0,0.0,0,0.0,0.0,0.0,0.0
2023-02-19,0.0,0.0,0,0.0,0.0,0.0,0.0
2023-02-20,0.0,0.0,0,0.0,0.0,0.0,0.0
2023-02-21,0.0,0.0,0,0.0,0.0,0.0,0.0
2023-02-22,0.0,0.0,0,0.0,0.0,0.0,0.0
2023-02-23,0.0,0.0,0,0.0,-0.0012269472993231283,1.2269472993231283,1.0
2023-02-24,1.226947299323128,0.11110644675408068,29,-0.007443834019438548,-0.007735309423180955,0.2914754037424072,1.0
2023-02-25,1.227661963645631,0.059081252148185354,29,-0.00014449065211492585,-0.00015083239965815251,0.00634174754322667,1.0
2023-02-26,1.2213207631762604,0.059979988055779615,29,0.0018072444240744623,0.00176463355365067,0.04261087042379223,1.0
2023-02-27,1.211860534906461,0.05976915295535186,29,0.0008802219930233196,0.0007818315962880821,0.0983903967352375,1.0
2023-02-28,1.2159217852215662,0.05821969319547818,29,-0.0032922709750781566,-0.003602314698947803,0.31004372386964657,1.0
2023-03-01,1.2279586654367083,0.07215755436565371,29,0.003679335458591627,0.0035994413590595396,0.0798940995320873,1.0
2023-03-02,1.2392030416506572,0.0825631917141219,29,-0.0015687672109499571,-0.0016560235567523954,0.08725634580243835,1.0
2023-03-03,1.2552099329616486,0.10896911976765096,29,-0.00025748916799549806,-0.00047163346510683244,0.21414429711133443,1.0
2023-03-04,1.285299168090149,0.11330801470703378,29,-5.800575671328634e-05,-7.366718777008796e-05,0.015661431056801615,1.0
2023-03-05,1.269637963922745,0.11669180736473213,29,4.144440723764705e-05,-4.111846056492194e-05,0.082562867802569,1.0
2023-03-06,1.2062706899066595,0.1030279376542036,29,0.0031940289373267525,0.002946296760290183,0.24773217703656955,1.0
2023-03-07,1.1981594477471431,0.11758540641589414,29,-0.005190100122941593,-0.005287213358198784,0.09711323525719101,1.0
2023-03-08,1.1899601564275908,0.10956821219230417,29,-0.0005392072881126103,-0.0007021312374268203,0.16292394931421011,1.0
2023-03-09,1.1871347760687163,0.08561330139720674,29,-0.00368622357300879,-0.00387724006095563,0.19101648794684017,1.0
2023-03-10,1.1986120471826471,0.08053388339628513,29,0.003742284947787337,0.0035302911423593934,0.2119938054279436,1.0
2023-03-11,1.2139215169781685,0.09217417326656357,29,0.0018606446440898594,0.0018582026422416086,0.0024420018482507475,1.0
2023-03-12,1.2115056432429903,0.09069761046145759,29,0.007906839150284088,0.006695333507041098,1.2115056432429903,0.0
2023-03-13,0.0,0.0,0,0.0,0.0,0.0,0.0
2023-03-14,0.0,0.0,0,0.0,0.0,0.0,0.0
2023-03-15,0.0,0.0,0,0.0,0.0,0.0,0.0
2023-03-16,0.0,0.0,0,0.0,0.0,0.0,0.0
2023-03-17,0.0,0.0,0,0.0,0.0,0.0,0.0
2023-03-18,0.0,0.0,0,0.0,0.0,0.0,0.0
2023-03-19,0.0,0.0,0,0.0,0.0,0.0,0.0
2023-03-20,0.0,0.0,0,0.0,0.0,0.0,0.0
2023-03-21,0.0,0.0,0,0.0,0.0,0.0,0.0
2023-03-22,0.0,0.0,0,0.0,0.0,0.0,0.0
2023-03-23,0.0,0.0,0,0.0,0.0,0.0,0.0
2023-03-24,0.0,0.0,0,0.0,0.0,0.0,0.0
2023-03-25,0.0,0.0,0,0.0,0.0,0.0,0.0
2023-03-26,0.0,0.0,0,0.0,0.0,0.0,0.0
2023-03-27,0.0,0.0,0,0.0,0.0,0.0,0.0
2023-03-28,0.0,0.0,0,0.0,0.0,0.0,0.0
2023-03-29,0.0,0.0,0,0.0,0.0,0.0,0.0
2023-03-30,0.0,0.0,0,0.0,0.0,0.0,0.0
2023-03-31,0.0,0.0,0,0.0,0.0,0.0,0.0
2023-04-01,0.0,0.0,0,0.0,0.0,0.0,0.0
2023-04-02,0.0,0.0,0,0.0,0.0,0.0,0.0
2023-04-03,0.0,0.0,0,0.0,0.0,0.0,0.0
2023-04-04,0.0,0.0,0,0.0,0.0,0.0,0.0
2023-04-05,0.0,0.0,0,0.0,0.0,0.0,0.0
2023-04-06,0.0,0.0,0,0.0,0.0,0.0,0.0
2023-04-07,0.0,0.0,0,0.0,0.0,0.0,0.0
2023-04-08,0.0,0.0,0,0.0,0.0,0.0,0.0
2023-04-09,0.0,0.0,0,0.0,0.0,0.0,0.0
2023-04-10,0.0,0.0,0,0.0,-0.0012719751700778676,1.2719751700778676,1.0
2023-04-11,1.2719751700778676,0.02655269017762593,29,0.004598193689845041,0.004400471661794112,0.19772202805092878,1.0
2023-04-12,1.2496373182909655,0.022270891944180318,28,0.001994043607916432,0.0019078219275382678,0.08622168037816418,1.0
2023-04-13,1.2591316732037316,0.011274106330506517,28,-0.0003623470930668102,-0.0004626114757605543,0.1002643826937441,1.0
2023-04-14,1.2814265346545275,0.011894464742423352,29,-0.001109970433569646,-0.002391396968224173,1.2814265346545275,0.0
2023-04-15,0.0,0.0,0,0.0,0.0,0.0,0.0
2023-04-16,0.0,0.0,0,0.0,-0.001267891789417871,1.2678917894178712,1.0
2023-04-17,1.2678917894178712,0.021110033715365004,29,-0.005299323646424777,-0.005433121875480591,0.1337982290558138,1.0
2023-04-18,1.2652408009315823,0.01743170413027631,29,0.00405843286306809,0.003964977020435263,0.09345584263282714,1.0
2023-04-19,1.2651473067857244,0.009724568452445626,29,-0.0036808660166315027,-0.00390070016278217,0.2198341461506676,1.0
2023-04-20,1.2785206309920514,0.011018975011823473,29,-0.0005400654392523608,-0.0006495854183725384,0.10951997912017762,1.0
2023-04-21,1.2859791945822705,0.024004564256011635,28,0.0004163463520397109,0.00027751999336595644,0.13882635867375448,1.0
2023-04-22,1.2885838186101706,0.016594031776733298,29,0.0020679315837361933,0.0020544968708380083,0.01343471289818499,1.0
2023-04-23,1.2751801334176827,0.010797409520887327,29,-0.00017637827419303913,-0.0002928805981954127,0.11650232400237356,1.0
2023-04-24,1.2654682003124542,0.016479087466115275,29,0.0014601651111820616,0.0011898331439135436,0.2703319672685181,1.0
2023-04-25,1.2802756489042049,0.026171866389974333,29,0.0054413232908712425,0.005308615210016878,0.13270808085436453,1.0
2023-04-26,1.2822878614462347,0.035446315523849956,29,0.004854844989291479,0.004710221274869031,0.144623714422448,1.0
2023-04-27,1.2805358806200138,0.04398329833066231,28,-0.00054394014274005,-0.0007170805887504052,0.1731404460103553,1.0
2023-04-28,1.311363523277152,0.04625695286966103,29,-0.005031477859667767,-0.006342841382944919,1.311363523277152,0.0
2023-04-29,0.0,0.0,0,0.0,0.0,0.0,0.0
2023-04-30,0.0,0.0,0,0.0,-0.001301924107982689,1.301924107982689,1.0
2023-05-01,1.301924107982689,0.026647148772712792,28,-0.008768771303534246,-0.008867392203171733,0.09862089963748721,1.0
2023-05-02,1.3108843479247962,0.03636172112164224,29,0.005707267783841293,0.004396383435916498,1.3108843479247962,0.0
2023-05-03,0.0,0.0,0,0.0,0.0,0.0,0.0
2023-05-04,0.0,0.0,0,0.0,0.0,0.0,0.0
2023-05-05,0.0,0.0,0,0.0,0.0,0.0,0.0
2023-05-06,0.0,0.0,0,0.0,0.0,0.0,0.0
2023-05-07,0.0,0.0,0,0.0,0.0,0.0,0.0
2023-05-08,0.0,0.0,0,0.0,0.0,0.0,0.0
2023-05-09,0.0,0.0,0,0.0,0.0,0.0,0.0
2023-05-10,0.0,0.0,0,0.0,0.0,0.0,0.0
2023-05-11,0.0,0.0,0,0.0,0.0,0.0,0.0
2023-05-12,0.0,0.0,0,0.0,0.0,0.0,0.0
2023-05-13,0.0,0.0,0,0.0,0.0,0.0,0.0
2023-05-14,0.0,0.0,0,0.0,0.0,0.0,0.0
2023-05-15,0.0,0.0,0,0.0,0.0,0.0,0.0
2023-05-16,0.0,0.0,0,0.0,0.0,0.0,0.0
2023-05-17,0.0,0.0,0,0.0,0.0,0.0,0.0
2023-05-18,0.0,0.0,0,0.0,0.0,0.0,0.0
2023-05-19,0.0,0.0,0,0.0,0.0,0.0,0.0
2023-05-20,0.0,0.0,0,0.0,0.0,0.0,0.0
2023-05-21,0.0,0.0,0,0.0,0.0,0.0,0.0
2023-05-22,0.0,0.0,0,0.0,-0.0012328826737959845,1.2328826737959846,1.0
2023-05-23,1.2328826737959844,0.051666862277031565,28,0.0022321376860971443,0.0020106440640055893,0.22149362209155496,1.0
2023-05-24,1.2194955622745276,0.06532540185706928,29,-0.0008601659952644527,-0.000981696185060726,0.12153018979627324,1.0
2023-05-25,1.2495047721400585,0.07144923847814696,29,0.0010325128803804298,0.0008521712603338026,0.18034162004662724,1.0
2023-05-26,1.2563025145373503,0.08430812545201383,29,-0.00031470807988931047,-0.0004827715972688648,0.1680635173795543,1.0
2023-05-27,1.2456415633086015,0.08564148370540661,28,0.0006263531106849075,0.0006108580552122727,0.01549505547263478,1.0
2023-05-28,1.2301624640465216,0.0944731725351364,28,0.0031890799549946143,0.0031687090958079605,0.02037085918665385,1.0
2023-05-29,1.2200746937129145,0.09689657638537462,28,-0.0007118008679475234,-0.0007780637757194277,0.06626290777190424,1.0
2023-05-30,1.2014602690641552,0.10449992293977511,29,0.002754600679708774,0.0026506632577123546,0.10393742199641934,1.0
2023-05-31,1.186935620281509,0.11351108435884505,28,-0.0017234114802622993,-0.0019309405976041703,0.20752911734187093,1.0
2023-06-01,1.195574110036613,0.1090497766131362,29,-0.001215368513652578,-0.0014396713071309403,0.22430279347836224,1.0
2023-06-02,1.1963698696751002,0.11228542599911963,29,-0.004228719454950266,-0.004375408356761482,0.1466889018112154,1.0
2023-06-03,1.1924575167220284,0.12543156217008533,27,-0.0006328198638121396,-0.0006584108734858786,0.02559100967373895,1.0
2023-06-04,1.1668684741092852,0.12305858450855132,27,-0.0002956293151595092,-0.00030324041444427087,0.007611099284761627,1.0
2023-06-05,1.1593973036208596,0.12563280415245826,27,-0.0033796741071914823,-0.003508797021118916,0.12912291392743386,1.0
2023-06-06,1.141271372433002,0.14430696880232488,28,0.0026349623331451805,0.002592459811002441,0.042502522142739446,1.0
2023-06-07,1.1524290029391078,0.1382387132319976,29,-0.004901781685705659,-0.004944762450098153,0.04298076439249477,1.0
2023-06-08,1.1594172187477223,0.13433447617063984,28,0.0061352479986869525,0.005985979901724048,0.1492680969629052,1.0
2023-06-09,1.1934170645632822,0.1508995731851323,29,-0.0020644967808902946,-0.002314647970197143,0.2501511893068484,1.0
2023-06-10,1.2122389091287846,0.1751708716374746,28,-0.0023442142996845773,-0.002353338207906903,0.009123908222325672,1.0
2023-06-11,1.2031369913597185,0.1767995068803389,28,0.00020756160122493853,0.00012461024410782753,0.08295135711711099,1.0
2023-06-12,1.189139587420977,0.16479070772286472,29,-0.0014777518298738934,-0.0016936522111246177,0.21590038125072425,1.0
2023-06-13,1.174874691602061,0.1423450337669322,28,0.00018135808751673307,-4.682533658051537e-05,0.22818342409724846,1.0
2023-06-14,1.175463948119062,0.14992554151477572,29,-0.0005086305010145712,-0.0008844692012420017,0.3758387002274305,1.0
2023-06-15,1.1423150338982484,0.11989138585077835,29,0.0033694467604607824,0.0032510191075299628,0.11842765293081947,1.0
2023-06-16,1.172204770157267,0.1370336901304398,29,0.001336453705533368,0.0012521720631105877,0.08428164242278044,1.0
2023-06-17,1.180653543592821,0.13905993433799624,29,0.0006461275804964473,0.0006416237236724092,0.004503856824038044,1.0
2023-06-18,1.1762115299081126,0.13732862386258382,29,-0.0007743656296835459,-0.0008106128156989094,0.03624718601536347,1.0
2023-06-19,1.1620040922118249,0.14329393052564512,29,0.0009490801521523825,0.0008526537826020094,0.0964263695503731,1.0
2023-06-20,1.1584464470828177,0.15157019123516066,29,0.004925058632811743,0.004790711769453836,0.13434686335790613,1.0
2023-06-21,1.1560727266027373,0.13608837112060956,28,0.006387429458194941,0.006254402059162163,0.1330273990327778,1.0
2023-06-22,1.1817319143509573,0.1210456363273314,28,-0.0030140069529536527,-0.0031674391655367442,0.15343221258309142,1.0
2023-06-23,1.1818949972365098,0.12204520713609532,29,0.002804754407392094,0.002591837363593791,0.2129170437983031,1.0
2023-06-24,1.1843838653878989,0.15121069603349233,29,-0.0005321097631069471,-0.0005466119607312206,0.01450219762427346,1.0
2023-06-25,1.169906212410918,0.14936599596016936,29,0.0006102511711737456,0.0005934132993545441,0.016837871819201437,1.0
2023-06-26,1.1587036845190355,0.1446077451577557,29,-0.0007754020792235103,-0.0009404712159422373,0.16506913671872703,1.0
2023-06-27,1.1653324496540105,0.11740716115066795,29,0.002591251509215662,0.0024446047069443797,0.14664680227128205,1.0
2023-06-28,1.1415224771294616,0.12767795394263254,29,-0.0034075529259539232,-0.0034999693970179276,0.09241647106400414,1.0
2023-06-29,1.151609447957891,0.14088269265504183,29,-0.0003950970207942272,-0.0004536707238879844,0.05857370309375721,1.0
2023-06-30,1.1561081004916962,0.13714009336735078,29,0.00368809642407293,0.00355635964490415,0.13173677916878032,1.0
2023-07-01,1.1531639387172754,0.1455990753477256,29,0.0004076653291156696,0.00038065874910857256,0.027006580007097002,1.0
2023-07-02,1.126157750573136,0.1382625533033145,29,-6.134099328885745e-05,-0.00015048440628577877,0.08914341299692131,1.0
2023-07-03,1.0730748337365712,0.14341177383307735,29,0.0013104158471895003,0.0011735811719888907,0.13683467520060966,1.0
2023-07-04,1.0516520634521016,0.15591038621366632,29,-0.0010214804779273628,-0.0011248980643734576,0.10341758644609468,1.0
2023-07-05,1.008566760275684,0.16690706392621077,29,-0.0013799072448381785,-0.0014576527079384484,0.07774546310026986,1.0
2023-07-06,1.0076237935257808,0.16239043079976517,29,-0.00014551074547875979,-0.00023635908728631474,0.09084834180755494,1.0
2023-07-07,1.0200060960721788,0.15906057618753033,29,0.004359312281972064,0.004157279278173516,0.2020330037985483,1.0
2023-07-08,1.0287565264802996,0.17907214648023714,29,-0.00019534544745276606,-0.00019831776565942393,0.0029723182066578647,1.0
2023-07-09,1.025843606759646,0.17767757151453023,29,-0.0003988542835631693,-0.00047179331636360906,0.07293903280043976,1.0
2023-07-10,1.0158426915828789,0.16870288359397226,29,0.0025039119548673993,0.002307044509617941,0.19686744524945846,1.0
2023-07-11,0.9997434294939369,0.14052924556150645,29,0.0038693602634491614,0.0037909092363000736,0.0784510271490877,1.0
2023-07-12,0.9921483967176576,0.13093436420456153,29,0.0036017630062039735,0.003504316093408032,0.09744691279594137,1.0
2023-07-13,1.025666865364405,0.14463648560127235,29,0.006209868300241707,0.006080924663213457,0.12894363702825007,1.0
2023-07-14,1.0371473966739015,0.15525135148873148,29,-0.0037695492952483224,-0.003975254601547967,0.20570530629964456,1.0
2023-07-15,1.0177019430508543,0.13890829526744256,29,-0.00011089572799036774,-0.00011803988246530456,0.007144154474936824,1.0
2023-07-16,1.0105617040280988,0.13605016406761758,29,-0.0001641915720504843,-0.00018333369370409134,0.01914212165360705,1.0
2023-07-17,1.005262186772923,0.1380108083580848,29,0.0012076657400784008,0.0011355517373172566,0.07211400276114434,1.0
2023-07-18,0.9992865587156441,0.13533613146459933,29,0.00029243122393802113,0.00022964071799730221,0.06279050594071893,1.0
2023-07-19,0.9958642129546926,0.14292675319496462,29,2.5002745156958553e-05,-9.586084917409957e-05,0.12086359433105813,1.0
2023-07-20,1.013667624787013,0.13498047004315783,28,-0.004448113286663548,-0.004788421888211592,0.3403086015480443,1.0
2023-07-21,1.0356576426588877,0.13035739249171235,29,0.004922530075782445,0.0048283061508880565,0.09422392489438819,1.0
2023-07-22,1.0669786734120323,0.12253004380987097,29,-0.00038629504015501586,-0.00039179917977121535,0.005504139616199517,1.0
2023-07-23,1.0614913256314804,0.12237807504743228,29,0.0009823774346905513,0.0009444492609842661,0.037928173706285206,1.0
2023-07-24,1.0237505968031515,0.13004581137678187,29,-0.006740641965787267,-0.006772711206367917,0.03206924058065047,1.0
2023-07-25,1.031775890045739,0.13419664365762046,28,0.0005313563540861173,0.0004944671737791372,0.03688918030698011,1.0
2023-07-26,1.04210476117754,0.1296652462910215,29,0.0028201854421884137,0.0027722712775049346,0.04791416468347901,1.0
2023-07-27,1.0516718457094496,0.13399503511834776,29,-0.0070538039579120405,-0.0071740019091393065,0.12019795122726636,1.0
2023-07-28,1.0892168249779108,0.16631011504895848,29,0.008135238077758294,0.007046021252780383,1.0892168249779108,0.0
2023-07-29,0.0,0.0,0,0.0,0.0,0.0,0.0
2023-07-30,0.0,0.0,0,0.0,0.0,0.0,0.0
2023-07-31,0.0,0.0,0,0.0,0.0,0.0,0.0
2023-08-01,0.0,0.0,0,0.0,0.0,0.0,0.0
2023-08-02,0.0,0.0,0,0.0,0.0,0.0,0.0
2023-08-03,0.0,0.0,0,0.0,-0.001109236144459535,1.1092361444595351,1.0
2023-08-04,1.109236144459535,0.197900636869414,29,0.0005873309087302755,-0.0005219052357292595,1.1092361444595351,0.0
2023-08-05,0.0,0.0,0,0.0,0.0,0.0,0.0
2023-08-06,0.0,0.0,0,0.0,-0.0010892234244424361,1.0892234244424361,1.0
2023-08-07,1.0892234244424361,0.1941158205081434,29,0.00167890755738834,0.001542684373325092,0.1362231840632479,1.0
2023-08-08,1.0769947486327096,0.20717881858567586,29,0.002105529478322654,0.0018826063267196034,0.22292315160305082,1.0
2023-08-09,1.0818209841903954,0.20537005594824598,29,-0.0011653821570749296,-0.0014189568477027807,0.25357469062785093,1.0
2023-08-10,1.1083433696659601,0.19697624189700633,29,0.0032179216365987437,0.003090551759658794,0.12736987693994953,1.0
2023-08-11,1.1386047122258371,0.20178914973895634,28,0.0016374947420189213,0.001502145672521018,0.13534906949790337,1.0
2023-08-12,1.154812770541462,0.20713436909909444,29,3.999116450528195e-05,2.95254203510778e-05,0.010465744154204152,1.0
2023-08-13,1.1444237068786023,0.20145857300549536,29,-0.0007279400414328045,-0.000740082287454719,0.01214224602191442,1.0
2023-08-14,1.1390371342825725,0.20511634899312026,29,0.0008581344386013859,0.0006626170470099271,0.19551739159145876,1.0
2023-08-15,1.0916423668872748,0.2048917114719939,29,0.0002728829690150646,0.00017365575389292963,0.09922721512213498,1.0
2023-08-16,1.0738080516874797,0.19489432638879692,28,0.00012174257500497168,6.8095653473273e-05,0.05364692153169869,1.0
2023-08-17,1.083980557067104,0.20078650471415782,29,-0.007309645771271834,-0.007504948230872613,0.19530245960077897,1.0
2023-08-18,1.0943290965299532,0.17476755108043868,29,-0.004178611311777622,-0.004271104947528984,0.09249363575136095,1.0
2023-08-19,1.1121268189180165,0.17030003500270474,28,0.00014994000096735238,0.00013974074558220135,0.010199255385151028,1.0
2023-08-20,1.1019301398772772,0.16856968073877093,28,2.4532906242239625e-05,8.842149500135417e-06,0.015690756742104208,1.0
2023-08-21,1.0936447513291647,0.16784841819484156,29,0.002799411411809232,0.002652799899425258,0.1466115123839737,1.0
2023-08-22,1.0861602666404588,0.18686847879371546,29,-0.0033337948270654987,-0.0034893724610124822,0.15557763394698348,1.0
2023-08-23,1.1102230639078028,0.1856215921751389,29,-0.002320050237177171,-0.0024293406513763655,0.10929041419919477,1.0
2023-08-24,1.1259937181872717,0.17752168271078558,28,0.0008223366273117539,0.0005986904642401212,0.2236461630716327,1.0
2023-08-25,1.1143999247363356,0.1771875149728625,28,0.001137671755520225,0.0010650364044695788,0.07263535105064607,1.0
2023-08-26,1.1104168625410649,0.1820873866842914,28,-0.0001580093814468553,-0.00016376893376364294,0.005759552316787642,1.0
2023-08-27,1.1047101939537904,0.18053935976336238,28,9.018487224361126e-05,6.351073665464728e-05,0.02667413558896397,1.0
2023-08-28,1.0895879682814251,0.19024552207327905,28,0.0010885417589047758,0.0010381707523526786,0.05037100655209711,1.0
2023-08-29,1.0894101358016577,0.19062959220108489,29,0.0046731872410035015,0.004397505293136198,0.2756819478673032,1.0
2023-08-30,1.1110545696233098,0.22306116938123915,28,0.0014605593367133561,0.001370823251364913,0.08973608534844318,1.0
2023-08-31,1.1166211795847643,0.2259983526463249,29,-0.010622002394080834,-0.010686598953298416,0.06459655921758285,1.0
2023-09-01,1.1377904502861877,0.2299899106337189,29,0.00024027552073000642,0.00017699287635967667,0.06328264437032977,1.0
2023-09-02,1.1355391202189065,0.22483581652543472,29,0.00026478403370500114,0.0002560786976180887,0.008705336086912444,1.0
2023-09-03,1.1268343689629239,0.22722517594466182,29,0.00018713448623724967,0.00014972389492611272,0.037410591311136956,1.0
2023-09-04,1.1226473259520129,0.23202887488116117,29,0.0013212718979348167,0.001270644318271619,0.05062757966319774,1.0
2023-09-05,1.114934330068114,0.22906250945729012,29,0.0030625120577574064,0.002975778255462598,0.08673380229480851,1.0
2023-09-06,1.1059219618810041,0.21372363503982805,29,-0.0013599227293473928,-0.0014484875699108154,0.08856484056342256,1.0
2023-09-07,1.116559767107931,0.2101885147447791,29,-0.00038074562727161186,-0.0004289032624313039,0.048157635159692055,1.0
2023-09-08,1.121480316148709,0.20839751631407638,29,-0.0005457733546588761,-0.0005935087395227771,0.047735384863901,1.0
2023-09-09,1.1216926666398443,0.208011869611695,29,-2.227783745132328e-05,-3.357304013610127e-05,0.011295202684777988,1.0
2023-09-10,1.110423909107131,0.20821612205835444,29,-0.002158129547181335,-0.002222193523885597,0.06406397670426217,1.0
2023-09-11,1.0736468941567145,0.2250628380200615,28,-0.004231159433495603,-0.0043115630791688495,0.08040364567324662,1.0
2023-09-12,1.0471295174885271,0.23632859641855036,29,0.004009134664221112,0.003909505870946064,0.09962879327504842,1.0
2023-09-13,1.0387162124966403,0.24918654840483392,28,0.0009399643154750342,0.0007988688014922194,0.14109551398281478,1.0
2023-09-14,1.0435414905500942,0.23872936081151921,28,-0.001568925490471259,-0.0016128976717561462,0.043972181284887155,1.0
2023-09-15,1.0547238861953336,0.24106088720297658,28,0.0007924603279198488,0.0006936798701705118,0.09878045774933697,1.0
2023-09-16,1.0528499096647836,0.2406987957183092,28,-0.00018412703901246055,-0.00019109670573862984,0.006969666726169287,1.0
2023-09-17,1.0458862260615103,0.24318036440299048,28,-1.1649745369635298e-05,-2.9988853861675136e-05,0.01833910849203984,1.0
2023-09-18,1.0373187529322627,0.24621287450863033,28,-8.472090042235665e-05,-0.00015006054170567138,0.06533964128331474,1.0
2023-09-19,1.0289517364967782,0.2547092080444593,28,0.00045588811832172936,0.0004015227581482249,0.054365360173504476,1.0
2023-09-20,1.0006958805609745,0.2424460762765225,28,0.0004812799362291178,0.0004364958734436077,0.044784062785510115,1.0
2023-09-21,0.9993266659283516,0.24393414978998526,28,-0.004972251459360987,-0.005123473351138688,0.15122189177770085,1.0
2023-09-22,1.0253529229276745,0.24534604944675595,29,-0.0016400706903895142,-0.0016687429047301619,0.028672214340647588,1.0
2023-09-23,1.0265377394797819,0.24514712106457884,28,-2.25765146302237e-06,-1.86568210562334e-05,0.01639916959321103,1.0
2023-09-24,1.0101402957010606,0.25158827985409926,28,-0.0008212121890085482,-0.0008335946085049887,0.012382419496440566,1.0
2023-09-25,1.0017167228119674,0.2522830208059267,28,-0.000624469879559893,-0.0006822780806543518,0.05780820109445876,1.0
2023-09-26,0.9603673476252365,0.2100072319633694,29,-0.0006998199124794948,-0.0007733902805824522,0.07357036810295745,1.0
2023-09-27,0.9055450862166183,0.1700734358312086,28,0.0020068870274541403,0.0019310500273016502,0.07583700015248993,1.0
2023-09-28,0.9193624872169519,0.16468966565747326,28,0.001279724795747966,0.0012339039487940533,0.04582084695391274,1.0
2023-09-29,0.9372466835991018,0.15483530989524233,27,-0.0022234408142418533,-0.002278791635455321,0.05535082121346735,1.0
2023-09-30,0.9123608627882746,0.13088882762040524,28,0.00019819361631412402,0.00015903056052881388,0.03916305578531015,1.0
2023-10-01,0.8802778207626275,0.14130844339340812,27,0.004048347289962059,0.004022587857408925,0.025759432553133222,1.0
2023-10-02,0.8643209464266673,0.14408675303667998,28,-0.00027328474180785586,-0.0003245930206354944,0.05130827882763858,1.0
2023-10-03,0.8917060914447593,0.1506873754787623,27,-0.0006725279017456887,-0.0007224102838365134,0.04988238209082467,1.0
2023-10-04,0.8856176458496505,0.13970174137336136,27,0.001983095754205878,0.0019113590405914506,0.07173671361442745,1.0
2023-10-05,0.8909671718646826,0.13625917032197088,27,-0.0028591763144012634,-0.0029151672304117346,0.0559909160104712,1.0
2023-10-06,0.8979683707088875,0.13279039374213278,27,0.0039410735234148165,0.003910823893612996,0.030249629801820818,1.0
2023-10-07,0.9001425444470066,0.14116900021153472,27,9.722482937293276e-05,9.006722707212674e-05,0.007157602300806017,1.0
2023-10-08,0.8929849421462006,0.14294526571897825,27,0.0004786401853433963,0.00045043189558238044,0.028208289761015862,1.0
2023-10-09,0.9018549138013326,0.146859066858838,28,-0.003820779858666847,-0.003872721850826653,0.051941992159805814,1.0
2023-10-10,0.8893253844360999,0.13548657015859264,27,-0.00010462111933573656,-0.0001469327591357052,0.04231163979996866,1.0
2023-10-11,0.8825562349295136,0.13649778150202269,27,0.000894825479383401,0.0008081367932059381,0.08668868617746288,1.0
2023-10-12,0.9066853377767229,0.13780328906859488,28,0.00295528493010359,0.0028588728127742586,0.09641211732933125,1.0
2023-10-13,0.9338879963156844,0.12777815650501326,28,0.002434434287776819,0.0023292783784377943,0.10515590933902474,1.0
2023-10-14,0.9591758936866178,0.1253183411263421,28,-2.175617806537966e-05,-2.5888381079630356e-05,0.004132203014250695,1.0
2023-10-15,0.9550552813526868,0.12467406014696422,28,0.00028546449190109465,0.00025688970688575604,0.028574785015338586,1.0
2023-10-16,0.9415210799955577,0.11612567857046535,28,0.00568522271913635,0.005631068610582331,0.054154108554018705,1.0
2023-10-17,0.9354123495187614,0.11771202834718403,28,-0.0012351412711480668,-0.0013725955134386968,0.13745424229062997,1.0
2023-10-18,0.946206979631905,0.10693863571795323,28,0.0014595141204884006,0.0013547207948676324,0.10479332562076811,1.0
2023-10-19,0.9463097598605211,0.0829579052952123,27,0.0035795884223622917,0.003477980779118057,0.10160764324423477,1.0
2023-10-20,0.9498849919238076,0.09362998350240442,27,0.004295746029727491,0.004149635064399761,0.1461109653277299,1.0
2023-10-21,0.9581888608255185,0.06298429026161417,29,0.0007569556446175296,0.0007490766402558208,0.007879004361708821,1.0
2023-10-22,0.9503112724415825,0.05876922394128763,29,2.8355082582174587e-05,-2.5827387992051487e-05,0.054182470574226066,1.0
2023-10-23,0.9266523066436644,0.060308877977931476,29,0.01090193046817819,0.010768905229355346,0.1330252388228434,1.0
2023-10-24,0.9340863492759939,0.04633008004980559,28,-1.108698385432561e-05,-0.00011974842746447696,0.10866144361015134,1.0
2023-10-25,0.951119951131299,0.041892444023513165,29,0.004319493769714079,0.004232818184545033,0.08667558516904528,1.0
2023-10-26,0.9593589024969018,0.048104188191640446,28,-0.0030075033943016425,-0.003112593583831807,0.10509018953016447,1.0
2023-10-27,0.9574871115175573,0.06282081494062457,28,-0.002643514927529418,-0.0027361705408975217,0.09265561336810393,1.0
2023-10-28,0.9695676088870352,0.07335736671623107,28,0.000521271303611992,0.0005105498589353778,0.010721444676614202,1.0
2023-10-29,0.9588461642104209,0.07674267402325952,28,0.0013412410697148916,0.0012962195941055106,0.04502147560938098,1.0
2023-10-30,0.9472322476490525,0.07834734177890992,27,-0.0022622667565724017,-0.002336559539647158,0.07429278307475626,1.0
2023-10-31,0.9264662255094926,0.0785556570043188,28,0.0034425860379971684,0.0032960210190184592,0.1465650189787093,1.0
2023-11-01,0.9495363330010889,0.11491463612755362,29,-0.0014590912748182994,-0.0015755172293780162,0.11642595455971672,1.0
2023-11-02,0.9909846622638888,0.11306185163687278,28,-0.0013733059745046434,-0.001453520321402786,0.08021434689814239,1.0
2023-11-03,0.9988221875460535,0.10292167404867736,29,-0.0032645639154727075,-0.0033726719815114067,0.1081080660386993,1.0
2023-11-04,1.035749249949169,0.10513017255313793,29,0.0009988873729357196,0.0009816166137005618,0.017270759235157893,1.0
2023-11-05,1.0184793409514419,0.11119868456597257,29,0.0001108298347112888,7.106876293787949e-05,0.039761071773409304,1.0
2023-11-06,1.0105793568576842,0.11576070151033149,28,0.0016494442763304385,0.0015947652893125103,0.05467898701792821,1.0
2023-11-07,1.018358299730319,0.10793566239154648,28,0.003202884889276587,0.0031402223578386908,0.06266253143789614,1.0
2023-11-08,1.0182959033400687,0.09510767232504577,28,0.002571589317898723,0.0024502965100209814,0.12129280787774158,1.0
2023-11-09,1.0268137314103152,0.09436392156164,27,0.0039805921370919635,0.0038899191094170214,0.09067302767494217,1.0
2023-11-10,1.013660306945805,0.0947531169559187,29,0.0020192981383058924,0.0018705727224025402,0.1487254159033522,1.0
2023-11-11,1.0296221458521655,0.07150456701524423,29,-0.0004604205265383854,-0.00046302963215213923,0.002609105613753862,1.0
2023-11-12,1.0270189189254162,0.07005887692228563,29,-0.00026770846215213,-0.0002752221418457309,0.007513679693600895,1.0
2023-11-13,1.0268269478410827,0.06935030452401336,28,-0.0007450738851813494,-0.0007746789890692959,0.029605103887946464,1.0
2023-11-14,1.0183001916700767,0.07047189246955043,29,-0.005263670717425021,-0.005502110014470572,0.2384392970455503,1.0
2023-11-15,1.0321447718613022,0.10562341690354346,29,0.006683796959413345,0.006525395370258651,0.15840158915469446,1.0
2023-11-16,1.0635988904942995,0.07659827856389448,28,-0.0018536619222412262,-0.0020061790096726666,0.15251708743144038,1.0
2023-11-17,1.091574420239508,0.10397288293129016,28,-0.001436926466949494,-0.001542062921310825,0.10513645436133093,1.0
2023-11-18,1.0956544509379493,0.09602987967130376,28,-0.0001182398328906098,-0.00012292588431985768,0.004686051429247874,1.0
2023-11-19,1.0909764802771367,0.09614793286556288,28,0.00279173509223452,0.002738189076040829,0.053546016193691134,1.0
2023-11-20,1.0849972470328273,0.08704484620997632,29,-0.005018946643622214,-0.005173170052679946,0.1542234090577318,1.0
2023-11-21,1.0948057785264862,0.08522855099021068,28,-0.004654940473552102,-0.004747371449740827,0.0924309761887257,1.0
2023-11-22,1.0761939458506744,0.07888766658385443,28,0.008519137206909581,0.00833555073899403,0.1835864679155505,1.0
2023-11-23,1.0907388783009595,0.10718677670880859,28,-0.0010512555330428792,-0.0011097583547903867,0.05850282174750749,1.0
2023-11-24,1.0954261413288695,0.0932225389461958,28,0.001492788091607795,0.0013509070709984425,0.14188102060935243,1.0
2023-11-25,1.087559708342664,0.09580581899844053,28,0.00019612377730948705,0.0001913217595943779,0.0048020177151091486,1.0
2023-11-26,1.0827914540109929,0.09460843920543627,28,-0.0004420449017573194,-0.00047385447354332473,0.03180957178600528,1.0
2023-11-27,1.0669305757098597,0.10039713255147498,29,-0.0036853981645947184,-0.003793776718884124,0.10837855428940558,1.0
2023-11-28,1.0708242659859084,0.09519126713416108,28,-0.0021184201016088643,-0.0022123241930795613,0.09390409147069717,1.0
2023-11-29,1.0722659787153788,0.1231567157289014,27,0.0014720770918535255,0.0013998890367531058,0.07218805510041965,1.0
2023-11-30,1.08012985098317,0.094643468623866,27,0.0018119218945005756,0.001750092587062364,0.061829307438211634,1.0
2023-12-01,1.1050136901580558,0.08377282979129123,26,-0.0009329229625534883,-0.000978690327445576,0.04576736489208774,1.0
2023-12-02,1.1054021707598585,0.08539723995490177,27,0.0019525583776558,0.0019342092665035383,0.018349111152261656,1.0
2023-12-03,1.0870533852693496,0.07546805600538259,27,-0.00045609414801883025,-0.0004683751794068349,0.012281031388004645,1.0
2023-12-04,1.0834988037189732,0.07908257344379044,27,0.00905061868332317,0.008980521498081363,0.07009718524180739,1.0
2023-12-05,1.0823675107918345,0.08361814771811663,28,0.005919286105351059,0.005762642826535304,0.156643278815755,1.0
2023-12-06,1.0681601805717476,0.09098550772481376,28,-0.0014332707233392296,-0.0014972993950459585,0.0640286717067289,1.0
2023-12-07,1.0578152977306028,0.10072046470699665,27,-0.009372589533402215,-0.00955062484360519,0.17803531020297508,1.0
2023-12-08,1.131222677092979,0.13962282746463103,28,0.004338678983377153,0.004249494583191071,0.08918440018608172,1.0
2023-12-09,1.124197038636161,0.1356428350318305,28,-0.0010611542804191854,-0.0010639058550835862,0.0027515746644007355,1.0
2023-12-10,1.121465336696773,0.133958870043189,28,0.00048530460139217324,0.0004569525894717276,0.028352011920445633,1.0
2023-12-11,1.110332025893552,0.13733654923104088,28,-0.001725223014439942,-0.0017725454872075607,0.047322472767618654,1.0
2023-12-12,1.09645648084494,0.1500665223947472,28,-0.00012510435511860362,-0.00019406490454729983,0.06896054942869623,1.0
2023-12-13,1.0924571073408262,0.1571646338282263,28,-0.004860491004180286,-0.0049386397048044785,0.0781487006241925,1.0
2023-12-14,1.1315372912144686,0.16327964010957272,28,0.0011851265354132067,0.0010868487464213191,0.09827778899188752,1.0
2023-12-15,1.1230215230099942,0.18228468274413984,28,-0.004384278566426807,-0.0055073000894368005,1.1230215230099942,0.0
2023-12-16,0.0,0.0,0,0.0,0.0,0.0,0.0
2023-12-17,0.0,0.0,0,0.0,0.0,0.0,0.0
2023-12-18,0.0,0.0,0,0.0,0.0,0.0,0.0
2023-12-19,0.0,0.0,0,0.0,0.0,0.0,0.0
2023-12-20,0.0,0.0,0,0.0,0.0,0.0,0.0
2023-12-21,0.0,0.0,0,0.0,0.0,0.0,0.0
2023-12-22,0.0,0.0,0,0.0,0.0,0.0,0.0
2023-12-23,0.0,0.0,0,0.0,0.0,0.0,0.0
2023-12-24,0.0,0.0,0,0.0,-0.0010857611816416134,1.0857611816416133,1.0
2023-12-25,1.0857611816416135,0.3389772077759911,29,0.0006403586517429536,0.00043056691152958875,0.20979174021336483,1.0
2023-12-26,1.0679754337016896,0.30642826937749507,27,-0.0007622939804687631,-0.0008809990292648841,0.11870504879612102,1.0
2023-12-27,1.056038314373895,0.2774744973878222,28,0.0030475739453885175,0.0029139863482495003,0.13358759713901724,1.0
2023-12-28,1.0905679594864368,0.2967108489377782,28,-0.0027142235563878013,-0.002830969237782717,0.11674568139491599,1.0
2023-12-29,1.0841804423697066,0.28413419152535513,28,-0.0015549288713006012,-0.0017572461469152715,0.20231727561467017,1.0
2023-12-30,1.0960083279387407,0.29169945687683735,28,9.73195272154781e-05,7.35117583354246e-05,0.02380776888005349,1.0
2023-12-31,1.0723704028981171,0.27943499369924935,28,0.00036946415579934837,0.0003121525281981888,0.05731162760115956,1.0
2024-01-01,1.0610143398595615,0.2881241208533009,28,0.004894363993793094,0.004754445255232145,0.13991873856094958,1.0
2024-01-02,1.0339553896848495,0.24265158156931851,28,0.002328883749323915,0.0021549089117970347,0.17397483752688025,1.0
2024-01-03,1.0172704872820555,0.25625862258575133,27,-0.0013228597975586765,-0.0016945239338035227,0.3716641362448463,1.0
2024-01-04,1.0491917372985737,0.3363144424344785,28,0.006888499970527758,0.006684145523359649,0.20435444716810963,1.0
2024-01-05,1.0640193505605549,0.3513169394907273,28,6.459970740103948e-05,-0.000149627873181611,0.21422758058265048,1.0
2024-01-06,1.0603795814272892,0.34172904106245344,29,-0.0004981086045193761,-0.0005056053740188814,0.007496769499505356,1.0
2024-01-07,1.0529119228009658,0.34362912997380524,29,3.695112635931205e-05,-5.565360887010161e-06,0.04251648724632221,1.0
2024-01-08,1.0505457518058725,0.34680222307252245,28,0.006452620432768408,0.006308735965743893,0.14388446702451457,1.0
2024-01-09,1.0496185550582915,0.34894451694458767,28,-0.0037462814902695174,-0.003928040302847007,0.1817588125774892,1.0
2024-01-10,1.0272557508671216,0.32882040433330817,28,0.005886943730323146,0.005550713532396948,0.3362301979261981,1.0
2024-01-11,1.0423585387316832,0.3070642868618343,28,-0.002693062536595879,-0.002976281804143182,0.2832192675473031,1.0
2024-01-12,1.0449860714973571,0.33078925820157157,29,-0.009105638479975002,-0.009207492682257167,0.10185420228216469,1.0
2024-01-13,1.0633334049231649,0.35406927523546255,29,0.0001610473149855629,0.00012119333499954726,0.03985397998601565,1.0
2024-01-14,1.0234817915419283,0.34933934989572135,28,-0.002355663089043607,-0.0024077887156221706,0.052125626578563344,1.0
2024-01-15,1.0104743724012664,0.3448426363160394,27,0.0024776720107718966,0.0023300007649226604,0.14767124584923597,1.0
2024-01-16,0.99677394367238,0.3305826531208239,27,0.0023009436879074655,0.0022307545366298926,0.0701891512775728,1.0
2024-01-17,1.0031559585924552,0.33487711494079836,28,2.1766193675466284e-05,-9.16349876817753e-05,0.11340118135724159,1.0
2024-01-18,1.0160211989730294,0.3343900322798247,28,-0.003693405827019304,-0.0038759122271258793,0.1825064001065754,1.0
2024-01-19,1.029973368418794,0.34277009902905003,28,0.0022588925691786753,0.0021144030824044994,0.14448948677417583,1.0
2024-01-20,1.0230244862895268,0.3401302883083173,27,0.00011557657452658799,0.00011191249527675096,0.003664079249837017,1.0
2024-01-21,1.0193641656687589,0.34070642466880213,27,-0.00034154478366045114,-0.0003678118562922747,0.02626707263182361,1.0
2024-01-22,1.008638101335562,0.3371865881533656,27,-0.005971599792652043,-0.006110162277854422,0.13856248520237888,1.0
2024-01-23,1.009809192071209,0.3425630046805747,28,0.0012676519884583597,0.0011173663711608987,0.15028561729746087,1.0
2024-01-24,1.0082398292932453,0.3271989210261311,29,9.446222368848122e-05,-1.914469670252761e-05,0.11360692039100884,1.0
2024-01-25,1.0247201741015808,0.31918238340167854,29,-0.0008758126730815468,-0.0009941577803601266,0.11834510727857994,1.0
2024-01-26,1.033231233023157,0.3093335654098171,28,0.007344507488143269,0.00729455853523109,0.04994895291217877,1.0
2024-01-27,1.032917126379383,0.30413005448174163,29,0.0007996437306720506,0.0007907935467745551,0.008850183897495437,1.0
2024-01-28,1.0241536863800091,0.30216488709550104,29,-9.258893064620757e-05,-0.00011143075473034426,0.01884182408413669,1.0
2024-01-29,1.0146016725044817,0.3077388286831139,29,0.002465864434459318,0.00243256766586564,0.033296768593677833,1.0
2024-01-30,1.0037669917678247,0.29825774293392765,29,-0.0011008382419629577,-0.0011694454819434492,0.06860723998049151,1.0
2024-01-31,0.9943746698266556,0.3073905128867267,28,-0.0022151864230399777,-0.002439514202293472,0.22432777925349465,1.0
2024-02-01,1.0003794786236286,0.3235080850555952,28,0.0030534891174126724,0.0029596875290730075,0.09380158833966487,1.0
2024-02-02,1.0028034698006063,0.3182873902527371,28,-0.00039980131611136124,-0.00043373475423714476,0.03393343812578353,1.0
2024-02-03,0.9976804989704473,0.30562101788142393,28,-0.00044284595414575414,-0.00045199541079432793,0.009149456648573792,1.0
2024-02-04,0.9885314555174475,0.3026771185645757,28,-0.0006127764795839622,-0.0006313775570448306,0.01860107746086854,1.0
2024-02-05,0.9877324857190233,0.30229385912421897,28,-0.002469271900370018,-0.002561453320012103,0.09218141964208512,1.0
2024-02-06,0.948169198510127,0.2678525271242597,27,0.0010316466376971262,0.0009763432081268944,0.05530342957023189,1.0
2024-02-07,0.9458191286730109,0.2618750332996072,27,0.002521175856915061,0.0024299229012583225,0.09125295565673854,1.0
2024-02-08,0.9545950237852152,0.25051765770561957,27,0.0052833639293747405,0.005144830709174483,0.1385332202002582,1.0
2024-02-09,0.9650745404476668,0.24508329951763352,28,0.003346417692055978,0.003252238711134514,0.09417898092146426,1.0
2024-02-10,0.9627645711485144,0.23870919852443473,27,0.0013575115098952485,0.0013523609279524167,0.005150581942831802,1.0
2024-02-11,0.9576141385759889,0.2375906475049709,27,0.001326259115435092,0.001260582906418944,0.06567620901614807,1.0
2024-02-12,0.9078260062278727,0.21342516586378546,27,0.003036735589173701,0.0029875801174715838,0.049155471702117454,1.0
2024-02-13,0.9006325550988589,0.21208974187463808,27,-0.0018094593560285237,-0.0018673251112727408,0.057865755244217124,1.0
2024-02-14,0.9164450145854325,0.20055721528121392,27,0.003802320751016163,0.003733974611283985,0.06834613973217805,1.0
2024-02-15,0.9249783432406321,0.19949406796881167,27,0.0014158741922641247,0.0013673065253194932,0.04856766694463137,1.0
2024-02-16,0.9309597393040353,0.19773248201275304,27,0.00036550669593589066,0.0002533801021318058,0.11212659380408481,1.0
2024-02-17,0.929145590380786,0.19272780813182805,27,-0.0009577270303342878,-0.0009959267955868408,0.03819976525255306,1.0
2024-02-18,0.8909475811050275,0.16504870760109883,27,0.0008819014972657645,0.0008346955328738496,0.047205964391914886,1.0
2024-02-19,0.8792104142484388,0.15731377494783155,27,-0.0013465741872137923,-0.0014330987485352657,0.08652456132147343,1.0
2024-02-20,0.8671263899112811,0.16014919138576997,27,0.000623815834205251,0.0005298276273757346,0.09398820682951645,1.0
2024-02-21,0.8758819434979953,0.15708041830488023,27,0.0007960249093383125,0.0007089956992931306,0.08702921004518199,1.0
2024-02-22,0.8834122255920127,0.16193005096881463,27,-0.0004210957971064726,-0.0005640420710750048,0.1429462739685322,1.0
2024-02-23,0.8819684867040616,0.15844000455984195,28,-0.001067289764389766,-0.0011712107206276556,0.10392095623788963,1.0
2024-02-24,0.8863126923691875,0.14934085857502294,27,0.0016795917372924409,0.0016741204014771413,0.005471335815299593,1.0
2024-02-25,0.8808523593520281,0.14813045798531704,27,0.000335873637665193,0.00030694829933593893,0.028925338329254056,1.0
2024-02-26,0.852039367140176,0.16542029585653656,27,0.0066324016226223075,0.006568971192705636,0.0634304299166717,1.0
2024-02-27,0.8435698331129227,0.16344190680443446,27,0.004550055570580508,0.004358802106345715,0.1912534642347929,1.0
2024-02-28,0.8391948644656981,0.17832059296501107,27,0.010704811067016073,0.010604831747774143,0.09997931924192932,1.0
2024-02-29,0.8563592736469741,0.16852496652770887,28,-0.004331927360079091,-0.004371680628265386,0.03975326818629544,1.0
2024-03-01,0.8694480574499621,0.1722877291343636,27,0.003067757078867551,0.0028779302388594876,0.18982684000806335,1.0
2024-03-02,0.8790754247876631,0.18495748235707782,26,-0.0005952952749560093,-0.0006054885385802558,0.010193263624246506,1.0
2024-03-03,0.868934864553719,0.18947550243856875,26,0.0018142094736762987,0.0017590403509059429,0.05516912277035578,1.0
2024-03-04,0.8563081476784126,0.18225882567800794,26,0.008945371741868807,0.008855678211321162,0.08969353054764458,1.0
2024-03-05,0.841837453595532,0.16373816951126358,27,-0.006853090031531812,-0.007031711486675422,0.17862145514361,1.0
2024-03-06,0.8405991012116992,0.16765042505925434,28,0.0018902216681372893,0.0016162530801420297,0.2739685879952596,1.0
2024-03-07,0.8459899942363642,0.17937476155153073,27,0.0008155995395801557,0.0007120838367116837,0.10351570286847196,1.0
2024-03-08,0.863263946479166,0.17641174967212828,27,0.0014238622867704044,0.001301131017642738,0.12273126912766642,1.0
2024-03-09,0.8745494237835781,0.17542470941895527,27,0.00027649337207564796,0.0002727456342333642,0.0037477378422837663,1.0
2024-03-10,0.8708121651856039,0.17607308518427858,27,0.000574418524503275,0.0005061471591379887,0.06827136536528625,1.0
2024-03-11,0.8434736715268559,0.16152306994165846,26,0.004774168876138444,0.0047195369866014835,0.054631889536961145,1.0
2024-03-12,0.8445602011248661,0.16107077684670473,26,-0.00027144117246299026,-0.00040365507888098914,0.13221390641799885,1.0
2024-03-13,0.8522042095486247,0.14991179827240525,27,0.0023022595998382373,0.0021936271176996452,0.10863248213859227,1.0
2024-03-14,0.8574894716092583,0.15383004685885526,27,-0.0032541640470051822,-0.0033525367447985264,0.09837269779334437,1.0
2024-03-15,0.8676251281939064,0.17415410700121076,27,-0.0023511492558968153,-0.0025115344108338467,0.16038515493703154,1.0
2024-03-16,0.861287852353646,0.16973369571425923,28,-0.005955892960938337,-0.00597060008942343,0.014707128485093632,1.0
2024-03-17,0.846607498554889,0.165889184655648,28,0.004874431758068503,0.004839787425843839,0.03464433222466409,1.0
2024-03-18,0.835624034936242,0.15878396068076628,27,-0.0016304224310344706,-0.0016705846641086495,0.04016223307417896,1.0
2024-03-19,0.831109191167667,0.15517650940587835,27,-0.005075251472840029,-0.0051964383612512245,0.12118688841119568,1.0
2024-03-20,0.8434085370509439,0.1660926286816029,28,0.010386033827403093,0.010075059718359683,0.31097410904341016,1.0
2024-03-21,0.8840789145432427,0.15822169042518042,27,-0.0036143600315951298,-0.0037495688948276868,0.1352088632325569,1.0
2024-03-22,0.9084267944855182,0.15897982430442636,28,-0.0020861254299019247,-0.0021992420319762087,0.11311660207428394,1.0
2024-03-23,0.9361376399878054,0.17327270333523273,27,0.0005088201875965703,0.0005048219254362271,0.0039982621603432186,1.0
2024-03-24,0.9321499810066564,0.1740780789138458,27,0.004658465942064822,0.004628191414969569,0.030274527095252,1.0
2024-03-25,0.9148739841259836,0.17878844721498086,26,0.0032645346814832413,0.003216773608845826,0.04776107263741495,1.0
2024-03-26,0.9038213973257606,0.1889273480573575,27,0.00022120673667076838,0.00013216731758518654,0.08903941908558183,1.0
2024-03-27,0.8986134889949857,0.18701733662999886,26,0.0001540569872312808,-8.02269993329337e-06,0.16207968716457416,1.0
2024-03-28,0.8912695872315947,0.20610645106569325,27,0.004356185714525725,0.004190199605808479,0.1659861087172459,1.0
2024-03-29,0.9006808809381853,0.20588523143227022,26,-0.0013390911398975009,-0.0015963445110485706,0.2572533711510698,1.0
2024-03-30,0.8681395804985848,0.2286783222305399,27,-0.00033004074987090797,-0.0003329278866743717,0.0028871368034636934,1.0
2024-03-31,0.8653029917114495,0.228882264295337,27,0.003440816846613305,0.0034082115742386787,0.03260527237462615,1.0
2024-04-01,0.8607961830787024,0.22559107816111051,27,-0.002921794713766336,-0.003137345379032418,0.21555066526608171,1.0
2024-04-02,0.8850904568922302,0.20371760546438966,27,-0.006234741584388646,-0.00642244428772752,0.18770270333887337,1.0
2024-04-03,0.8894150269388496,0.20487807932213797,27,0.001298648479645253,0.0011112463758479799,0.1874021037972733,1.0
2024-04-04,0.9001046102544598,0.22321269915348046,26,0.0019694788582588197,0.0017910173576072203,0.1784615006515993,1.0
2024-04-05,0.9080004305606182,0.2101238009868277,27,0.0019330274953038647,0.001818974213429344,0.1140532818745207,1.0
2024-04-06,0.9063411519155687,0.213611109903695,27,0.001609984615679605,0.0015987860389999925,0.011198576679612483,1.0
2024-04-07,0.8951457884899299,0.21830490446256046,27,9.400812311252671e-05,6.650502140110809e-05,0.027503101711418617,1.0
2024-04-08,0.8939147016790215,0.21981059210800588,27,0.00403539523228796,0.003867172946483914,0.16822228580404605,1.0
2024-04-09,0.8990261153436405,0.1995582029999829,27,-0.0031403804522017313,-0.003291163202754744,0.15078275055301293,1.0
2024-04-10,0.8866113979606459,0.21303809396494822,27,0.0025322936442922026,0.002187038405528134,0.34525523876406833,1.0
2024-04-11,0.8953843130987356,0.24548538806447295,27,0.002881083881696065,0.0026837769032195475,0.19730697847651774,1.0
2024-04-12,0.9299674024612273,0.2394744011679293,27,-0.007417279179691498,-0.007606973895661537,0.18969471597003787,1.0
2024-04-13,0.9676478545958351,0.23269150748144057,27,-0.004811887519312086,-0.004841446795655421,0.029559276343334884,1.0
2024-04-14,0.9380885782525002,0.23049987168034727,27,0.0043096151943250015,0.004265920936926863,0.043694257398138765,1.0
2024-04-15,0.9326877581589506,0.22833932877999172,27,-0.0019437681726943597,-0.002012155804554424,0.06838763186006432,1.0
2024-04-16,0.9339719828369382,0.23394036666348994,27,0.001428928573640287,0.0012578775410950016,0.17105103254528553,1.0
2024-04-17,0.9233160069231945,0.26088216907424366,26,-0.00537850776271572,-0.005473791090366742,0.09528332765102242,1.0
2024-04-18,0.9272980044929944,0.25253617515498405,27,0.004713066381046499,0.004626229898542544,0.08683648250395497,1.0
2024-04-19,0.9144871534243759,0.2678957508416203,28,0.001167147007371268,0.0010706293212464275,0.09651768612484043,1.0
2024-04-20,0.9154867826827906,0.27869042359025065,28,0.0017642586361486412,0.0017597049589656215,0.004553677183019843,1.0
2024-04-21,0.9111633711083994,0.2810284383912783,28,0.0004610946876819239,0.0004067712742775321,0.054323413404391785,1.0
2024-04-22,0.9077699060556508,0.2820951196988633,28,0.002317950119119262,0.0022005568252294323,0.11739329388982946,1.0
2024-04-23,0.9285014385878194,0.27336824806440563,27,-0.0007944732229959719,-0.0009524602626901975,0.15798703969422556,1.0
2024-04-24,0.9358074430623131,0.2878052660879782,27,-0.0029311345482182366,-0.0030688587263086676,0.13772417809043075,1.0
2024-04-25,0.9385723094198413,0.3043052630174995,28,0.0016546062501134207,0.0016057778583737931,0.04882839173962766,1.0
2024-04-26,0.9452828830978768,0.3094519497979913,27,0.003161257329871666,0.003059178424539614,0.10207890533205187,1.0
2024-04-27,0.9716625044496784,0.3418814527327897,28,-0.00046707371187951766,-0.0004684663992279627,0.0013926873484450724,1.0
2024-04-28,0.9702902042992263,0.34173466101939404,28,-0.00032643360708995735,-0.0003708326920039984,0.04439908491404106,1.0
2024-04-29,0.9478241618443294,0.34748990866377044,28,-0.0014917616018494282,-0.0015813437182086762,0.08958211635924787,1.0
2024-04-30,0.9551884936048326,0.3441371507655617,27,-0.009908555813286247,-0.009999802804260655,0.09124699097440861,1.0
2024-05-01,0.9843337801303038,0.3401379239007334,28,-0.0021636202210765744,-0.0023857897146701054,0.22216949359353122,1.0
2024-05-02,1.0146865953669815,0.3274505986143867,27,-0.0021599934730651598,-0.002330098337684885,0.17010486461972524,1.0
2024-05-03,1.027557112105875,0.3674264873309299,27,0.007732498771807221,0.006704941659701346,1.027557112105875,0.0
2024-05-04,0.0,0.0,0,0.0,-0.0010296640175997897,1.0296640175997898,1.0
2024-05-05,1.0296640175997898,0.35071707412012726,28,0.0012305622645464476,0.0012208969215468711,0.009665342999576543,1.0
2024-05-06,1.02188041779963,0.35531225636836666,28,0.002098311007828903,0.0019474526607780513,0.15085834705085188,1.0
2024-05-07,1.0384882886633515,0.36239765581838024,27,-0.0015858738941250845,-0.0017628811274707974,0.1770072333457128,1.0
2024-05-08,1.0605589453995496,0.3299853039680566,27,-0.0007243057260752944,-0.0008317428746303281,0.10743714855503372,1.0
2024-05-09,1.048828046584538,0.340928967261113,27,0.006792069770610663,0.006622464314591846,0.16960545601881682,1.0
2024-05-10,1.0852035442954395,0.32808415636994426,27,-0.0022211381688631727,-0.002327211074115706,0.10607290525253331,1.0
2024-05-11,1.0761167509899157,0.3362831828537328,26,8.150140294964636e-05,7.50884852328201e-05,0.006412917716826274,1.0
2024-05-12,1.0697110580975393,0.33136161308741313,26,0.0012037883138873704,0.0011599277852195528,0.0438605286678175,1.0
2024-05-13,1.0632206771077624,0.33358413666301384,26,0.0017906062439754173,0.0016876832827459034,0.10292296122951385,1.0
2024-05-14,1.045333196772957,0.3488717172217499,27,-0.0001910960831945261,-0.0003538412207461371,0.16274513755161102,1.0
2024-05-15,1.012998081695955,0.37794215582829,27,0.00841788056737287,0.0083278364356738,0.09004413169906891,1.0
2024-05-16,1.0404462599779976,0.382200377420252,28,-0.00018639753173008036,-0.0003362792525888732,0.1498817208587928,1.0
2024-05-17,1.030371154282815,0.39509938954004264,27,0.0060563348440252785,0.00592057793961484,0.13575690441043886,1.0
2024-05-18,1.0459874819956547,0.396793414654456,27,-0.00020421412990518918,-0.0002213168237180412,0.017102693812852003,1.0
2024-05-19,1.028886554279544,0.3879588532710032,27,-0.00010245300517825151,-0.00015691786503129146,0.054464859853039935,1.0
2024-05-20,1.0104461945531298,0.37654794504167904,27,0.007800441809392375,0.007738810646721046,0.06163116267132878,1.0
2024-05-21,0.9985944148004231,0.3815850198657711,27,-0.00252029206288923,-0.0027165640224960375,0.1962719596068071,1.0
2024-05-22,1.0119804775694017,0.3417745337779678,27,-0.0037722937528659913,-0.0038977026604303665,0.12540890756437506,1.0
2024-05-23,1.00725919943985,0.36010371170591066,27,-0.0056771534048232096,-0.005841784499846592,0.16463109502338283,1.0
2024-05-24,1.0079668624076907,0.36665932478226093,28,0.0017720637972936703,0.0015713023282283827,0.20076146906528747,1.0
2024-05-25,0.9984960391608476,0.3739491948753908,27,0.0011727307334800097,0.0011702333596094942,0.0024973738705153896,1.0
2024-05-26,0.9960624837475376,0.37486587828398316,27,-0.0013459517854665778,-0.0014294355257503987,0.08348374028382086,1.0
2024-05-27,0.9981389292356927,0.3749768652970895,28,0.003741808320713977,0.0036758985262971655,0.06590979441681172,1.0
2024-05-28,0.993751073438096,0.37477847835527867,27,-0.0012629139065959475,-0.001409122134861744,0.14620822826579652,1.0
2024-05-29,0.9952142134147955,0.34338423455486733,27,-0.003543538510613866,-0.0036423467743198533,0.0988082637059873,1.0
2024-05-30,0.994631963155129,0.3623437174922902,28,0.0008376100179983816,0.0007166553029190138,0.12095471507936775,1.0
2024-05-31,1.0074623311473572,0.36902470904990103,29,0.0006938580574966772,0.0005442235339479806,0.1496345235486967,1.0
2024-06-01,1.0146905849817505,0.34842596037526496,27,0.0003165522083669714,0.00030931093605511323,0.007241272311858173,1.0
2024-06-02,1.0074558033385914,0.34698476671695555,27,0.00023153850577225843,0.00020335466440964828,0.028183841362610138,1.0
2024-06-03,0.9956020043950621,0.3428865100802495,28,0.00242668619480317,0.0023585885992445793,0.06809759555859095,1.0
2024-06-04,1.0008625420806716,0.33665670963226646,26,5.66468079580924e-05,-2.257016382441746e-05,0.07921697178250986,1.0
2024-06-05,1.016057236019971,0.34589169644117657,28,0.0039028317221117457,0.003653337643314241,0.24949407879750501,1.0
2024-06-06,1.008087466197085,0.3367131691555465,28,0.0013608939877268146,0.0012162896832856752,0.14460430444113945,1.0
2024-06-07,1.0105973492283897,0.3464493737412168,26,-0.009048547415262696,-0.009169831209556228,0.12128379429353095,1.0
2024-06-08,1.0381967652980453,0.3640136456689569,27,1.6303975356457556e-06,-2.479969162865776e-06,0.0041103666985115314,1.0
2024-06-09,1.0340908675458116,0.36508487951250584,27,0.001215333678498399,0.0011813228670147855,0.03401081148361344,1.0
2024-06-10,1.0041513772037187,0.3599571590621887,27,0.00176696311258338,0.0016761029708049246,0.09086014177845542,1.0
2024-06-11,1.0024093370603184,0.3643933974790795,27,-0.0028599830486852203,-0.00293654062828635,0.07655757960112984,1.0
2024-06-12,0.9906355690941644,0.3562535531956888,28,0.003365102817948272,0.0032078791491547557,0.15722366879351632,1.0
2024-06-13,0.987956541582069,0.3791199166118231,28,-0.00365490281202972,-0.003800872094654086,0.14596928262436604,1.0
2024-06-14,1.001261121828924,0.3537769100382685,28,0.0008882830260382982,0.0007891618897951329,0.09912113624316526,1.0
2024-06-15,0.9988861895393157,0.3684583336786155,28,0.00032005370207628393,0.00031671343269042623,0.003340269385857723,1.0
2024-06-16,0.9955905592588463,0.3698012104815075,28,0.0006019856716605827,0.0005861117524624532,0.015873919198129468,1.0
2024-06-17,0.9927246813703199,0.3700329697265548,28,0.0003885152735512992,0.0003553331473404655,0.033182126210833725,1.0
2024-06-18,0.9972026388219059,0.36554585867943523,27,-8.89296886555258e-05,-0.0001374807986066602,0.0485511099511344,1.0
2024-06-19,0.9983273771243879,0.3601895681804202,27,7.289247747854794e-05,7.053178836075995e-06,0.06583929864247194,1.0
2024-06-20,0.9945640331650105,0.36767162323760316,28,0.0035030595834333895,0.003263294430309363,0.23976515312402655,1.0
2024-06-21,1.000928963909738,0.36615709265195556,28,-0.002937773951695346,-0.0030617846133399423,0.12401066164459618,1.0
2024-06-22,0.9890563701148485,0.37594535795276474,29,0.00014836295445805892,0.0001396898162783201,0.008673138179738825,1.0
2024-06-23,0.9803942292488738,0.37490489799848586,28,-0.0018088380139052666,-0.001841579065411203,0.03274105150593646,1.0
2024-06-24,0.9801734211740513,0.3766861218278992,28,-0.003077817814101703,-0.0032690131078204213,0.19119529371871813,1.0
2024-06-25,0.9645090303293313,0.34888639598505444,28,0.0008419725823436434,0.0006731943995770116,0.16877818276663184,1.0
2024-06-26,0.9250549352293981,0.3198604705306167,28,-0.002916916894510857,-0.00304695763226552,0.13004073775466313,1.0
2024-06-27,0.9469999582807497,0.331229936979101,28,0.0032670397595706852,0.0031348664415878007,0.13217331798288465,1.0
2024-06-28,0.9595409161171493,0.3460971073460299,27,-0.0014686475804508844,-0.0016784824896434161,0.20983490919253175,1.0
2024-06-29,0.9271349846376041,0.32385672949326083,28,0.0009239121252347716,0.0008870480547262296,0.03686407050854202,1.0
2024-06-30,0.8902709141290623,0.3275534960134222,28,0.0031129964595189895,0.0030326899343731564,0.08030652514583297,1.0
2024-07-01,0.8775350860612288,0.3126670551123436,28,8.106076682498934e-05,-7.000807233778589e-05,0.15106883916277522,1.0
2024-07-02,0.8495278753584579,0.2991600466213229,27,-0.0004983235632052706,-0.000647942591443085,0.1496190282378145,1.0
2024-07-03,0.8450430653298556,0.30131006583930586,26,-0.0003380064817162696,-0.0005148711902674567,0.1768647085511871,1.0
2024-07-04,0.85336058872903,0.31037370653894125,27,-0.005353124365253002,-0.00549096527090484,0.13784090565183726,1.0
2024-07-05,0.8437097506257522,0.29981470806380484,29,0.002043508921255536,0.001954604860601775,0.08890406065376096,1.0
2024-07-06,0.8461660353283054,0.28669279458085506,28,0.0028788445638273878,0.0028737028178815347,0.0051417459458529945,1.0
2024-07-07,0.8411201005494348,0.2888182872584161,28,-0.004639959643018608,-0.004648332030865473,0.008372387846864924,1.0
2024-07-08,0.8385319045606427,0.2887024065131697,28,6.002559969225398e-05,1.731794214024942e-05,0.04270765755200456,1.0
2024-07-09,0.830248690949845,0.2790500716021153,27,0.002886885065373158,0.002791621351943374,0.09526371342978375,1.0
2024-07-10,0.8395477787203209,0.27648293016083425,28,-0.0001503363566756353,-0.0002691452978865602,0.11880894121092486,1.0
2024-07-11,0.8564946504787746,0.27090362679641444,28,-0.001514385848252813,-0.0015977946593764892,0.08340881112367603,1.0
2024-07-12,0.9224867906716829,0.33472723593716774,28,0.0013107168538901023,0.0011689887341062254,0.14172811978387678,1.0
2024-07-13,0.9139066999600696,0.3268680250938977,29,0.0022785779557626287,0.0022757097015377093,0.002868254224919195,1.0
2024-07-14,0.911040943750799,0.32469120313286703,29,0.0024733998033631766,0.002430704056246618,0.04269574711655831,1.0
2024-07-15,0.8866148720350836,0.3151785265579381,29,0.007020237714635128,0.006913132397301003,0.10710531733412597,1.0
2024-07-16,0.8891342779140878,0.3195956456924046,28,0.004386392533123366,0.004225106547388552,0.16128598573481376,1.0
2024-07-17,0.8937120685112812,0.34166489033620573,27,-0.0047397590946623705,-0.004860188592341941,0.12042949767957033,1.0
2024-07-18,0.9393751476377838,0.3702048454362739,27,-0.0011024066432521592,-0.001183253508481571,0.08084686522941184,1.0
2024-07-19,0.9541273333667585,0.37216611520914,29,0.00030841982263363297,0.00027717881943419286,0.031241003199440117,1.0
2024-07-20,0.9552672961346644,0.3798376219772439,28,0.0006683820746515856,0.0006672648285220522,0.0011172461295334577,1.0
2024-07-21,0.9541515181079923,0.3794200641974578,28,0.0030051930440107193,0.002978337962315388,0.02685508169533104,1.0
2024-07-22,0.9404728166918523,0.381854795527546,28,-0.005216882359248753,-0.005302480206711027,0.08559784746227334,1.0
2024-07-23,0.9499760598523296,0.37638583590343094,28,-0.005122859226537984,-0.005280121033305225,0.15726180676724086,1.0
2024-07-24,0.9580286818059207,0.39669037994159945,27,-0.007074474073520126,-0.0071605229138341055,0.08604884031398001,1.0
2024-07-25,0.9957182003835905,0.41225375175536394,28,-0.003176535415260996,-0.0032569162272734057,0.08038081201240951,1.0
2024-07-26,1.003692329855041,0.4200837565975369,28,0.005706473325372637,0.005665830269321723,0.04064305605091345,1.0
2024-07-27,1.006488708977993,0.42425407296257517,27,-6.215440231152059e-05,-6.449614653273416e-05,0.0023417442212135655,1.0
2024-07-28,1.0042470385157756,0.42214942921538595,27,0.0023272310441674435,0.002298039893660745,0.029191150506698176,1.0
2024-07-29,0.9975701698913988,0.4146238706032477,27,-0.0042135817554269485,-0.004308631713926135,0.09504995849918642,1.0
2024-07-30,0.9918843939300439,0.41794326401817694,27,-0.0013086974214835273,-0.0013682518829501735,0.05955446146664614,1.0
2024-07-31,0.9966922603842737,0.4147888448564595,27,-0.004819291641735952,-0.004928566790152877,0.10927514841692415,1.0
2024-08-01,1.0358907771963966,0.4348223736265876,29,-0.003918783835799495,-0.004006052877619655,0.08726904182016038,1.0
2024-08-02,1.0661823852535526,0.4385365393389476,27,-0.013348855274877695,-0.014415037660131247,1.0661823852535526,0.0
2024-08-03,0.0,0.0,0,0.0,0.0,0.0,0.0
2024-08-04,0.0,0.0,0,0.0,0.0,0.0,0.0
2024-08-05,0.0,0.0,0,0.0,0.0,0.0,0.0
2024-08-06,0.0,0.0,0,0.0,0.0,0.0,0.0
2024-08-07,0.0,0.0,0,0.0,0.0,0.0,0.0
2024-08-08,0.0,0.0,0,0.0,0.0,0.0,0.0
2024-08-09,0.0,0.0,0,0.0,0.0,0.0,0.0
2024-08-10,0.0,0.0,0,0.0,0.0,0.0,0.0
2024-08-11,0.0,0.0,0,0.0,0.0,0.0,0.0
2024-08-12,0.0,0.0,0,0.0,0.0,0.0,0.0
2024-08-13,0.0,0.0,0,0.0,0.0,0.0,0.0
2024-08-14,0.0,0.0,0,0.0,0.0,0.0,0.0
2024-08-15,0.0,0.0,0,0.0,0.0,0.0,0.0
2024-08-16,0.0,0.0,0,0.0,0.0,0.0,0.0
2024-08-17,0.0,0.0,0,0.0,0.0,0.0,0.0
2024-08-18,0.0,0.0,0,0.0,0.0,0.0,0.0
2024-08-19,0.0,0.0,0,0.0,0.0,0.0,0.0
2024-08-20,0.0,0.0,0,0.0,0.0,0.0,0.0
2024-08-21,0.0,0.0,0,0.0,0.0,0.0,0.0
2024-08-22,0.0,0.0,0,0.0,0.0,0.0,0.0
2024-08-23,0.0,0.0,0,0.0,0.0,0.0,0.0
2024-08-24,0.0,0.0,0,0.0,0.0,0.0,0.0
2024-08-25,0.0,0.0,0,0.0,0.0,0.0,0.0
2024-08-26,0.0,0.0,0,0.0,0.0,0.0,0.0
2024-08-27,0.0,0.0,0,0.0,0.0,0.0,0.0
2024-08-28,0.0,0.0,0,0.0,-0.0012195599200953541,1.2195599200953542,1.0
2024-08-29,1.219559920095354,0.06079280463058517,27,-0.002038732081319454,-0.002410815116830482,0.3720830355110283,1.0
2024-08-30,1.2211074726249045,0.18329210173747704,29,0.0004832513153424276,0.00028492916693984764,0.19832214840257997,1.0
2024-08-31,1.2260682232797298,0.11379669265007761,29,-0.0002819210164970998,-0.0002854499211412805,0.0035289046441807485,1.0
2024-09-01,1.2225505857148922,0.11445767910389446,29,-0.002974349427653205,-0.00298742721676972,0.013077789116515038,1.0
2024-09-02,1.2179038616848037,0.11553251525080296,29,0.0033311669056618415,0.003265397013586414,0.06576989207542767,1.0
2024-09-03,1.222120856646723,0.1307145938624883,29,-2.173509427727538e-05,-0.0001210974264581838,0.09936233218090842,1.0
2024-09-04,1.2353355428466943,0.12048539955270085,29,0.002069700723044662,0.001843171249642712,0.22652947340195015,1.0
2024-09-05,1.2442229915902012,0.15472313813373173,29,-0.004299515154754911,-0.004491558396211584,0.19204324145667254,1.0
2024-09-06,1.2599709814389832,0.21097622391194915,28,-0.00309059066468157,-0.0032415355113758707,0.15094484669430086,1.0
2024-09-07,1.2639939330678158,0.2125428881012198,29,0.0003527599152724159,0.00035122223568367434,0.00153767958874158,1.0
2024-09-08,1.2625509805690822,0.21203271320398903,29,0.001631249308289377,0.001618499070781687,0.0127502375076902,1.0
2024-09-09,1.2498230943623476,0.2071774936206291,29,0.005979829389969389,0.0058317618560146415,0.1480675339547477,1.0
2024-09-10,1.239183417148571,0.19882487476692895,28,0.0011457185012820024,0.0007978815330849205,0.347836968197082,1.0
2024-09-11,1.229508860238058,0.12485160976154883,29,-0.00281225329146719,-0.0030342909154702303,0.22203762400304028,1.0
2024-09-12,1.2555203835183557,0.08382445677394709,28,0.004227612485709341,0.004093725960644543,0.13388652506479815,1.0
2024-09-13,1.263604727234302,0.08256498738027468,28,0.008022408175023877,0.0078007819850015635,0.22162619002231387,1.0
2024-09-14,1.2715067033044807,0.06055084847037215,28,-0.0008393518519283383,-0.0008509553429749875,0.011603491046649244,1.0
2024-09-15,1.2599244605671918,0.051138437208765264,28,-0.0013819546889018565,-0.0015218184786512322,0.13986378974937586,1.0
2024-09-16,1.2451486137912753,0.03563661575013524,28,-0.0005040307054249249,-0.0007159806955999867,0.2119499901750619,1.0
2024-09-17,1.2256623540600968,0.08540026043267077,29,0.0010969441892460386,0.0008784152611219644,0.2185289281240742,1.0
2024-09-18,1.2022302610674753,0.0800233965513216,29,0.001243594987300763,0.0010258462273171841,0.21774875998357884,1.0
2024-09-19,1.2296026980225414,0.052729526139897946,29,0.0033808869243144328,0.00312097045791448,0.2599164663999527,1.0
2024-09-20,1.2237016072918756,0.11658009582859205,27,0.0014136326326788515,0.0010234708736693136,0.3901617590095379,1.0
2024-09-21,1.2093109408843432,0.21399255290092598,28,0.00026172884764752435,0.00025563535402030194,0.006093493627222419,1.0
2024-09-22,1.2032191885810701,0.21174845916475787,28,0.00017897334284353917,7.842891072561347e-05,0.1005444321179257,1.0
2024-09-23,1.1766306650025447,0.21708233877771796,28,0.0009212839893781484,0.000779611391918946,0.1416725974592023,1.0
2024-09-24,1.1793848192259053,0.23243521338623352,28,0.003565127465216569,0.0030469238374799847,0.5182036277365843,1.0
2024-09-25,1.1882898319093333,0.08346731406511956,28,-0.005561714790099777,-0.005914450817553446,0.35273602745366894,1.0
2024-09-26,1.2291146876009176,0.007804267895335615,28,0.00403918350539354,0.0038841712442920554,0.155012261101485,1.0
2024-09-27,1.2587550985420506,0.0009097021522891935,27,0.009689653579947735,0.008430898481405685,1.2587550985420504,0.0
2024-09-28,0.0,0.0,0,0.0,0.0,0.0,0.0
2024-09-29,0.0,0.0,0,0.0,-0.0012776369906007108,1.2776369906007108,1.0
2024-09-30,1.2776369906007106,-0.07326194443661392,28,-0.008060274491719664,-0.00817817579792509,0.11790130620542559,1.0
2024-10-01,1.2534348944975386,-0.05772570893530225,29,-0.003938886709079498,-0.005192321603577036,1.2534348944975382,0.0
2024-10-02,0.0,0.0,0,0.0,0.0,0.0,0.0
2024-10-03,0.0,0.0,0,0.0,0.0,0.0,0.0
2024-10-04,0.0,0.0,0,0.0,0.0,0.0,0.0
2024-10-05,0.0,0.0,0,0.0,0.0,0.0,0.0
2024-10-06,0.0,0.0,0,0.0,0.0,0.0,0.0
2024-10-07,0.0,0.0,0,0.0,0.0,0.0,0.0
2024-10-08,0.0,0.0,0,0.0,0.0,0.0,0.0
2024-10-09,0.0,0.0,0,0.0,0.0,0.0,0.0
2024-10-10,0.0,0.0,0,0.0,0.0,0.0,0.0
2024-10-11,0.0,0.0,0,0.0,0.0,0.0,0.0
2024-10-12,0.0,0.0,0,0.0,0.0,0.0,0.0
2024-10-13,0.0,0.0,0,0.0,0.0,0.0,0.0
2024-10-14,0.0,0.0,0,0.0,0.0,0.0,0.0
2024-10-15,0.0,0.0,0,0.0,0.0,0.0,0.0
2024-10-16,0.0,0.0,0,0.0,0.0,0.0,0.0
2024-10-17,0.0,0.0,0,0.0,-0.0010989523168863221,1.098952316886322,1.0
2024-10-18,1.0989523168863222,0.12680357998026603,29,0.003627132859403288,0.0033616378025702843,0.26549505683300384,1.0
2024-10-19,1.1168788754646037,0.045917130638297096,28,-8.068398499649909e-05,-9.38189800142137e-05,0.013134995017714604,1.0
2024-10-20,1.1037438804468893,0.053232576718937656,28,0.0010110362181081178,0.0009514230110256937,0.059613207082424145,1.0
2024-10-21,1.1050239585965713,0.054364407330641226,28,-0.005955438447683901,-0.0060720710812057705,0.11663263352186937,1.0
2024-10-22,1.1095534394434954,0.07137080628129552,28,9.312805874659119e-05,-0.00013072658421900174,0.22385464296559293,1.0
2024-10-23,1.0937589256066933,0.10119489790871725,29,-0.006716940815661139,-0.007006236889529246,0.2892960738681076,1.0
2024-10-24,1.0887541171168633,0.16025576380888717,29,0.0036251970449458397,0.0034355160824260495,0.18968096251979027,1.0
2024-10-25,1.089340234897135,0.11431956015903634,29,-0.002815512501747103,-0.0030468633634111184,0.23135086166401542,1.0
2024-10-26,1.0870659572478814,0.13180783995295461,29,0.0006345189673048202,0.00062855387939417,0.005965087910650183,1.0
2024-10-27,1.0811079780102955,0.13430877319058773,29,0.0005634602466896774,0.000553569799740126,0.009890446949551365,1.0
2024-10-28,1.0787176110130419,0.13094790389860386,29,0.003056351336219803,0.0028404557977374577,0.21589553848234536,1.0
2024-10-29,1.0889195108771466,0.08845535735444374,28,0.005133447966842722,0.005082976254315322,0.05047171252740089,1.0
2024-10-30,1.0830858457941919,0.08903058235693254,28,-0.0009784141941519768,-0.0011484220394230428,0.1700078452710661,1.0
2024-10-31,1.0940963405111874,0.07269765660704867,29,-0.003577727652197687,-0.003705063593158731,0.1273359409610439,1.0
2024-11-01,1.1055088984043628,0.07114475501991788,29,-0.0025256888033154215,-0.002578794733108072,0.05310592979265078,1.0
2024-11-02,1.1064386152923977,0.0717413564708025,29,-0.00023520004745176682,-0.0002624945925844002,0.027294545132633387,1.0
2024-11-03,1.079144070159764,0.07563847937212109,29,-0.0004912449617553294,-0.0005478526650438421,0.056607703288512654,1.0
2024-11-04,1.0645354028951357,0.078292041180344,29,-0.0006615290037238979,-0.0008112941976042354,0.1497651938803375,1.0
2024-11-05,1.0669977401516433,0.09967397796445424,29,0.0038656325837114805,0.0036855234698519395,0.180109113859541,1.0
2024-11-06,1.0562039698347037,0.07930993522167616,28,0.006216378712850072,0.005913217855265792,0.3031608575842799,1.0
2024-11-07,1.1249209514790293,0.16236783161350754,29,0.0037064007856710277,0.0025814798341919987,1.1249209514790293,0.0
2024-11-08,0.0,0.0,0,0.0,0.0,0.0,0.0
2024-11-09,0.0,0.0,0,0.0,0.0,0.0,0.0
2024-11-10,0.0,0.0,0,0.0,0.0,0.0,0.0
2024-11-11,0.0,0.0,0,0.0,0.0,0.0,0.0
2024-11-12,0.0,0.0,0,0.0,0.0,0.0,0.0
2024-11-13,0.0,0.0,0,0.0,0.0,0.0,0.0
2024-11-14,0.0,0.0,0,0.0,0.0,0.0,0.0
2024-11-15,0.0,0.0,0,0.0,0.0,0.0,0.0
2024-11-16,0.0,0.0,0,0.0,0.0,0.0,0.0
2024-11-17,0.0,0.0,0,0.0,0.0,0.0,0.0
2024-11-18,0.0,0.0,0,0.0,0.0,0.0,0.0
2024-11-19,0.0,0.0,0,0.0,0.0,0.0,0.0
2024-11-20,0.0,0.0,0,0.0,0.0,0.0,0.0
2024-11-21,0.0,0.0,0,0.0,0.0,0.0,0.0
2024-11-22,0.0,0.0,0,0.0,0.0,0.0,0.0
2024-11-23,0.0,0.0,0,0.0,0.0,0.0,0.0
2024-11-24,0.0,0.0,0,0.0,0.0,0.0,0.0
2024-11-25,0.0,0.0,0,0.0,0.0,0.0,0.0
2024-11-26,0.0,0.0,0,0.0,0.0,0.0,0.0
2024-11-27,0.0,0.0,0,0.0,0.0,0.0,0.0
2024-11-28,0.0,0.0,0,0.0,0.0,0.0,0.0
2024-11-29,0.0,0.0,0,0.0,0.0,0.0,0.0
2024-11-30,0.0,0.0,0,0.0,0.0,0.0,0.0
2024-12-01,0.0,0.0,0,0.0,-0.0010820684297377107,1.0820684297377108,1.0
2024-12-02,1.0820684297377108,0.24293268366622564,28,-0.002819590234490147,-0.0029606825564535673,0.14109232196341992,1.0
2024-12-03,1.0788576941158838,0.25838894358881953,28,0.0007162647958574816,0.000566001861271793,0.1502629345856885,1.0
2024-12-04,1.067558055643063,0.24978523285441726,29,0.005789136885589853,0.005709342759931002,0.07979412565885086,1.0
2024-12-05,1.089434753750997,0.25523964954380385,29,-0.0031956346280556255,-0.0033219900137445185,0.1263553856888929,1.0
2024-12-06,1.1019535671176595,0.2452569262833877,28,0.0050860029351557185,0.004921880035365368,0.16412289979035075,1.0
2024-12-07,1.0919384253659092,0.23147470624727923,29,7.160312874019415e-05,6.798691951990858e-05,0.003616209220285576,1.0
2024-12-08,1.088325883804073,0.2311452650687083,29,0.0013882312440994618,0.001305677236217101,0.08255400788236064,1.0
2024-12-09,1.0838774084099472,0.2263065623319464,29,-0.0018906191905486026,-0.0021036897045423795,0.213070513993777,1.0
2024-12-10,1.0771526497207717,0.2538883928190593,29,0.00048302128874011595,-0.0005941313609806554,1.0771526497207715,0.0
2024-12-11,0.0,0.0,0,0.0,-0.0011070355597493683,1.1070355597493684,1.0
2024-12-12,1.1070355597493684,0.25068897263615864,28,-0.005403389243556513,-0.005568746154627356,0.16535691107084313,1.0
2024-12-13,1.1086603948960487,0.23663575774768844,28,-0.0005937775298793446,-0.0007524207139997894,0.1586431841204447,1.0
2024-12-14,1.1154551346801207,0.2450849433878882,29,9.902760611524286e-06,-8.286801432323224e-07,0.010731440754756608,1.0
2024-12-15,1.1047245825453393,0.2427152570676909,29,0.003039477295277351,0.002937657835988384,0.10181945928896652,1.0
2024-12-16,1.0826911687414207,0.24158565369616114,29,0.0012208808659201862,0.0009403053186902821,0.2805755472299041,1.0
2024-12-17,1.0959399057783792,0.20366245121264748,28,0.002280097652995665,0.0020959774956901774,0.18412015730548761,1.0
2024-12-18,1.1068245576547802,0.17295422580370845,28,-0.004954401547173006,-0.0060612261048277865,1.1068245576547802,0.0
2024-12-19,0.0,0.0,0,0.0,0.0,0.0,0.0
2024-12-20,0.0,0.0,0,0.0,0.0,0.0,0.0
2024-12-21,0.0,0.0,0,0.0,0.0,0.0,0.0
2024-12-22,0.0,0.0,0,0.0,0.0,0.0,0.0
2024-12-23,0.0,0.0,0,0.0,0.0,0.0,0.0
2024-12-24,0.0,0.0,0,0.0,0.0,0.0,0.0
2024-12-25,0.0,0.0,0,0.0,0.0,0.0,0.0
2024-12-26,0.0,0.0,0,0.0,0.0,0.0,0.0
2024-12-27,0.0,0.0,0,0.0,0.0,0.0,0.0
2024-12-28,0.0,0.0,0,0.0,0.0,0.0,0.0
2024-12-29,0.0,0.0,0,0.0,0.0,0.0,0.0
2024-12-30,0.0,0.0,0,0.0,0.0,0.0,0.0
2024-12-31,0.0,0.0,0,0.0,0.0,0.0,0.0
2025-01-01,0.0,0.0,0,0.0,0.0,0.0,0.0
2025-01-02,0.0,0.0,0,0.0,0.0,0.0,0.0
2025-01-03,0.0,0.0,0,0.0,0.0,0.0,0.0
2025-01-04,0.0,0.0,0,0.0,0.0,0.0,0.0
2025-01-05,0.0,0.0,0,0.0,0.0,0.0,0.0
2025-01-06,0.0,0.0,0,0.0,0.0,0.0,0.0
2025-01-07,0.0,0.0,0,0.0,-0.0011322038131293007,1.1322038131293006,1.0
2025-01-08,1.1322038131293006,0.12326875289857944,28,-0.0015935573558382892,-0.001870142010116828,0.27658465427853873,1.0
2025-01-09,1.1371557219053277,0.1170560278892833,28,-0.0017936586583020022,-0.002162712770252374,0.3690541119503715,1.0
2025-01-10,1.1338840322523474,0.19193298726879146,27,0.003067647618469982,0.002946104996926434,0.12154262154354817,1.0
2025-01-11,1.1336676235243646,0.17597889939866834,28,-0.0001299947490950304,-0.00014184643018217807,0.011851681087147676,1.0
2025-01-12,1.121829991782424,0.17490115789707011,27,-0.0008310133168781882,-0.0008445368627484808,0.01352354587029263,1.0
2025-01-13,1.1215554678870188,0.16936592610199125,27,-0.0030625631172752654,-0.0031390916907804373,0.07652857350517193,1.0
2025-01-14,1.1344554514484413,0.15850032151762003,27,0.0029838001165123657,0.0029252880985734023,0.05851201793896359,1.0
2025-01-15,1.1284983128961419,0.15395398757249978,27,0.004436546313159434,0.004389370533191082,0.047175779968352094,1.0
2025-01-16,1.1471093519836524,0.15708823848038048,28,0.003234721134517101,0.0031536896549753863,0.0810314795417145,1.0
2025-01-17,1.1610771488270004,0.14264198999769995,27,0.004683035164406484,0.004637466938357604,0.04556822604888054,1.0
2025-01-18,1.1591868736505864,0.13791027996592342,27,0.0003567607884185753,0.00034840550249122916,0.00835528592734612,1.0
2025-01-19,1.1508316114473163,0.13845532304561312,27,-0.003929249444401514,-0.0039337474530776635,0.0044980086761494,1.0
2025-01-20,1.1465034406597283,0.13972004366103138,27,-0.0023425871511212203,-0.0024282164108134427,0.08562925969222228,1.0
2025-01-21,1.158891376763951,0.11856307698215354,28,0.007861550326377134,0.007756115803130284,0.10543452324684995,1.0
2025-01-22,1.151130609053026,0.09642826297961414,28,-0.0025154540110874273,-0.0026535230448500157,0.13806903376258842,1.0
2025-01-23,1.1505838541114537,0.12480134847490802,27,0.0001904289119373977,6.589076156483751e-05,0.12453815037256016,1.0
2025-01-24,1.1498590888430897,0.10128406493416985,29,-0.00036243902804585393,-0.0004955053582972512,0.1330663302513972,1.0
2025-01-25,1.1010556231745479,0.09096264518687834,28,-7.920258769807954e-05,-8.584682922863108e-05,0.006644241530551536,1.0
2025-01-26,1.0944160845308477,0.09003690636475112,28,-0.0005272498595588322,-0.0005709382832874108,0.04368842372857854,1.0
2025-01-27,1.0902342328859433,0.0842440428534662,29,0.0032784961684481882,0.003204031599086765,0.07446456936142315,1.0
2025-01-28,1.1016985176896048,0.09113246283346166,28,-0.000133403024096693,-0.00016239691963828082,0.028993895541587836,1.0
2025-01-29,1.098324179481061,0.0957174577565864,28,0.0025418936022085148,0.0024507175161917923,0.0911760860167225,1.0
2025-01-30,1.0917019065308593,0.07615695955664052,28,0.005871531860406432,0.0058421952235641565,0.029336636842275686,1.0
2025-01-31,1.1054498265326633,0.07210665273384963,28,-0.004188883461459491,-0.004269048633796143,0.08016517233665217,1.0
2025-02-01,1.1150093257675975,0.06565524071321405,27,-0.0017813021371934747,-0.0017821104723494958,0.0008083351560211681,1.0
2025-02-02,1.1142445754871186,0.06560044275139923,27,0.0019656950714904676,0.0019303610449759913,0.035334026514476216,1.0
2025-02-03,1.125445295465413,0.05433295242789517,27,-0.0008854437313682128,-0.0020108890268336257,1.125445295465413,0.0
2025-02-04,0.0,0.0,0,0.0,-0.0011428242487123486,1.1428242487123488,1.0
2025-02-05,1.1428242487123486,0.05480592147796909,28,-0.0007298869309980745,-0.0009434479163448513,0.21356098534677675,1.0
2025-02-06,1.1662025818752246,0.024643813254676517,28,0.0016082345970530154,0.0014805833724719304,0.12765122458108502,1.0
2025-02-07,1.1936128491425213,0.0011651121083057492,29,-0.0009452501501873339,-0.0021388629993298555,1.1936128491425215,0.0
2025-02-08,0.0,0.0,0,0.0,0.0,0.0,0.0
2025-02-09,0.0,0.0,0,0.0,-0.0011612122371404382,1.1612122371404383,1.0
2025-02-10,1.1612122371404383,-0.0030230424306013776,28,0.0030883314830752184,0.0030484326802311533,0.0398988028440653,1.0
2025-02-11,1.153288844224313,-0.0012649910105627382,27,-0.006178150747267733,-0.00626871843236292,0.09056768509518719,1.0
2025-02-12,1.1504584847198678,-0.00439543526708,27,0.0010829805974920223,0.0010400041822556817,0.04297641523634074,1.0
2025-02-13,1.1563562299731769,-0.007471357402173667,27,-0.0008110012552901164,-0.0008695360569023232,0.05853480161220678,1.0
2025-02-14,1.1740162930565292,-0.011882573656051207,27,-0.0038340233223565783,-0.005008039615413107,1.1740162930565292,0.0
2025-02-15,0.0,0.0,0,0.0,0.0,0.0,0.0
2025-02-16,0.0,0.0,0,0.0,-0.0010805496856922201,1.08054968569222,1.0
2025-02-17,1.08054968569222,-0.007972864146383318,28,0.0017849694161027117,0.0016942264423564152,0.09074297374629652,1.0
2025-02-18,1.0300957082869198,0.02101752418254353,28,0.0011412372468884463,0.0010741233791944425,0.0671138676940039,1.0
2025-02-19,1.0192551019233018,0.029535309828324495,28,0.002854839680289436,0.0027706563171938986,0.08418336309553733,1.0
2025-02-20,1.0348294459015106,0.02228947691906802,28,-0.0003521681509758869,-0.00045716985022091933,0.10500169924503247,1.0
2025-02-21,1.0544948363374989,0.006688918261541929,28,-0.0007810191902548774,-0.0018355140265923764,1.054494836337499,0.0
2025-02-22,0.0,0.0,0,0.0,-0.0010749601209359657,1.0749601209359656,1.0
2025-02-23,1.0749601209359656,0.010781579923691914,28,-0.0009698905374373884,-0.0010167154367698482,0.04682489933245984,1.0
2025-02-24,1.0777972391471233,0.013467330510223002,27,-0.0030459827204889394,-0.0031371358926361504,0.0911531721472109,1.0
2025-02-25,1.0723236703387362,0.0077797163200866715,28,-0.0020190781935554014,-0.002132768419765165,0.11369022620976363,1.0
2025-02-26,1.073927715310888,0.0038634256837912634,28,-0.002133128823462405,-0.0021936710185263405,0.060542195063935836,1.0
2025-02-27,1.0931836022705501,-0.0004849214651199002,28,0.0022493499640728674,0.0021499046707649867,0.09944529330788064,1.0
2025-02-28,1.1139570994168666,-0.007848814924307487,28,0.0007212289015761454,0.0007037963041268278,0.01743259744931762,1.0
2025-03-01,1.1123832164505656,-0.003613046271340861,28,0.0020569957916841022,0.002050703711218191,0.0062920804659111085,1.0
2025-03-02,1.106116496161805,-0.0029718274131262795,28,0.008843779613005346,0.008827596141574565,0.016183471430780864,1.0
2025-03-03,1.1093342684283265,-0.0015947375925848967,28,-0.004640593762954469,-0.004686018133446785,0.04542437049231604,1.0
2025-03-04,1.1090932479750046,-0.00966462384978542,28,-0.0048518886551854,-0.004908007404052834,0.05611874886743445,1.0
2025-03-05,1.1273177480449412,-0.029218551521898672,28,0.0019176412786993265,0.0007903235306543851,1.1273177480449414,0.0
2025-03-06,0.0,0.0,0,0.0,0.0,0.0,0.0
2025-03-07,0.0,0.0,0,0.0,0.0,0.0,0.0
2025-03-08,0.0,0.0,0,0.0,0.0,0.0,0.0
2025-03-09,0.0,0.0,0,0.0,0.0,0.0,0.0
2025-03-10,0.0,0.0,0,0.0,0.0,0.0,0.0
2025-03-11,0.0,0.0,0,0.0,0.0,0.0,0.0
2025-03-12,0.0,0.0,0,0.0,0.0,0.0,0.0
2025-03-13,0.0,0.0,0,0.0,0.0,0.0,0.0
2025-03-14,0.0,0.0,0,0.0,0.0,0.0,0.0
2025-03-15,0.0,0.0,0,0.0,0.0,0.0,0.0
2025-03-16,0.0,0.0,0,0.0,0.0,0.0,0.0
2025-03-17,0.0,0.0,0,0.0,0.0,0.0,0.0
2025-03-18,0.0,0.0,0,0.0,0.0,0.0,0.0
2025-03-19,0.0,0.0,0,0.0,0.0,0.0,0.0
2025-03-20,0.0,0.0,0,0.0,0.0,0.0,0.0
2025-03-21,0.0,0.0,0,0.0,0.0,0.0,0.0
2025-03-22,0.0,0.0,0,0.0,0.0,0.0,0.0
2025-03-23,0.0,0.0,0,0.0,0.0,0.0,0.0
2025-03-24,0.0,0.0,0,0.0,0.0,0.0,0.0
2025-03-25,0.0,0.0,0,0.0,0.0,0.0,0.0
2025-03-26,0.0,0.0,0,0.0,0.0,0.0,0.0
2025-03-27,0.0,0.0,0,0.0,-0.0012033290252462742,1.203329025246274,1.0
2025-03-28,1.203329025246274,-0.038090335600761055,27,0.0010341991489555258,-0.00016912987629074836,1.203329025246274,0.0
2025-03-29,0.0,0.0,0,0.0,-0.0012092697258722137,1.2092697258722136,1.0
2025-03-30,1.2092697258722136,-0.01068416531793459,27,0.0005467488296138285,0.00047432346858985487,0.0724253610239736,1.0
2025-03-31,1.204325779905559,-0.012574420964200528,27,0.005008310940253392,0.004852603177531568,0.155707762721824,1.0
2025-04-01,1.184162490972508,-0.01718114066722351,27,-0.0012423753018680015,-0.0014783201565501702,0.23594485468216858,1.0
2025-04-02,1.1854909195044636,0.009022015706617342,27,0.00426982800461158,0.004131213208834627,0.13861479577695385,1.0
2025-04-03,1.215685160326801,0.019095314878537453,27,-0.0010013483127210587,-0.0022170334730478598,1.215685160326801,0.0
2025-04-04,0.0,0.0,0,0.0,0.0,0.0,0.0
2025-04-05,0.0,0.0,0,0.0,0.0,0.0,0.0
2025-04-06,0.0,0.0,0,0.0,0.0,0.0,0.0
2025-04-07,0.0,0.0,0,0.0,0.0,0.0,0.0
2025-04-08,0.0,0.0,0,0.0,0.0,0.0,0.0
2025-04-09,0.0,0.0,0,0.0,0.0,0.0,0.0
2025-04-10,0.0,0.0,0,0.0,0.0,0.0,0.0
2025-04-11,0.0,0.0,0,0.0,0.0,0.0,0.0
2025-04-12,0.0,0.0,0,0.0,0.0,0.0,0.0
2025-04-13,0.0,0.0,0,0.0,0.0,0.0,0.0
2025-04-14,0.0,0.0,0,0.0,0.0,0.0,0.0
2025-04-15,0.0,0.0,0,0.0,0.0,0.0,0.0
2025-04-16,0.0,0.0,0,0.0,0.0,0.0,0.0
2025-04-17,0.0,0.0,0,0.0,0.0,0.0,0.0
2025-04-18,0.0,0.0,0,0.0,0.0,0.0,0.0
2025-04-19,0.0,0.0,0,0.0,0.0,0.0,0.0
2025-04-20,0.0,0.0,0,0.0,0.0,0.0,0.0
2025-04-21,0.0,0.0,0,0.0,0.0,0.0,0.0
2025-04-22,0.0,0.0,0,0.0,0.0,0.0,0.0
2025-04-23,0.0,0.0,0,0.0,0.0,0.0,0.0
2025-04-24,0.0,0.0,0,0.0,0.0,0.0,0.0
2025-04-25,0.0,0.0,0,0.0,0.0,0.0,0.0
2025-04-26,0.0,0.0,0,0.0,0.0,0.0,0.0
2025-04-27,0.0,0.0,0,0.0,0.0,0.0,0.0
2025-04-28,0.0,0.0,0,0.0,0.0,0.0,0.0
2025-04-29,0.0,0.0,0,0.0,0.0,0.0,0.0
2025-04-30,0.0,0.0,0,0.0,0.0,0.0,0.0
2025-05-01,0.0,0.0,0,0.0,0.0,0.0,0.0
2025-05-02,0.0,0.0,0,0.0,0.0,0.0,0.0
2025-05-03,0.0,0.0,0,0.0,0.0,0.0,0.0
2025-05-04,0.0,0.0,0,0.0,0.0,0.0,0.0
2025-05-05,0.0,0.0,0,0.0,0.0,0.0,0.0
2025-05-06,0.0,0.0,0,0.0,0.0,0.0,0.0
2025-05-07,0.0,0.0,0,0.0,0.0,0.0,0.0
2025-05-08,0.0,0.0,0,0.0,0.0,0.0,0.0
2025-05-09,0.0,0.0,0,0.0,0.0,0.0,0.0
2025-05-10,0.0,0.0,0,0.0,0.0,0.0,0.0
2025-05-11,0.0,0.0,0,0.0,0.0,0.0,0.0
2025-05-12,0.0,0.0,0,0.0,-0.001958646705974678,1.958646705974678,1.0
2025-05-13,1.9586467059746782,-0.21869317428751808,29,-0.003065251842180188,-0.005023898548154866,1.958646705974678,0.0
2025-05-14,0.0,0.0,0,0.0,0.0,0.0,0.0
2025-05-15,0.0,0.0,0,0.0,0.0,0.0,0.0
2025-05-16,0.0,0.0,0,0.0,0.0,0.0,0.0
2025-05-17,0.0,0.0,0,0.0,0.0,0.0,0.0
2025-05-18,0.0,0.0,0,0.0,0.0,0.0,0.0
2025-05-19,0.0,0.0,0,0.0,0.0,0.0,0.0
2025-05-20,0.0,0.0,0,0.0,0.0,0.0,0.0
2025-05-21,0.0,0.0,0,0.0,0.0,0.0,0.0
2025-05-22,0.0,0.0,0,0.0,0.0,0.0,0.0
2025-05-23,0.0,0.0,0,0.0,0.0,0.0,0.0
2025-05-24,0.0,0.0,0,0.0,0.0,0.0,0.0
2025-05-25,0.0,0.0,0,0.0,0.0,0.0,0.0
2025-05-26,0.0,0.0,0,0.0,0.0,0.0,0.0
2025-05-27,0.0,0.0,0,0.0,0.0,0.0,0.0
2025-05-28,0.0,0.0,0,0.0,0.0,0.0,0.0
2025-05-29,0.0,0.0,0,0.0,0.0,0.0,0.0
2025-05-30,0.0,0.0,0,0.0,0.0,0.0,0.0
2025-05-31,0.0,0.0,0,0.0,0.0,0.0,0.0
2025-06-01,0.0,0.0,0,0.0,0.0,0.0,0.0
2025-06-02,0.0,0.0,0,0.0,-0.0018397708757269783,1.8397708757269784,1.0
2025-06-03,1.8397708757269786,-0.02766314702840636,29,-0.0008510011696839386,-0.0012434060796802794,0.3924049099963408,1.0
2025-06-04,1.6473625648138153,-0.01895631182459545,29,0.0005253771036822694,0.00039517093604255887,0.13020616763971055,1.0
2025-06-05,1.664101599747065,-0.030762153150469707,30,-0.006948282408998277,-0.007121904168926436,0.17362175992815942,1.0
2025-06-06,1.6411155070324153,0.01212814317918151,28,-0.0004996103289615136,-0.0006753610866930863,0.17575075773157273,1.0
2025-06-07,1.6002952743228842,0.016703967932199748,29,0.0012310915626146059,0.0011837744352318047,0.04731712738280123,1.0
2025-06-08,1.5529781469400832,0.034243549650543714,29,0.00036516008418417087,9.945301612233545e-05,0.2657070680618354,1.0
2025-06-09,1.3496681271696196,0.06170502180296539,29,0.002774293631397553,0.002603929880746811,0.17036375065074194,1.0
2025-06-10,1.2586396020110615,0.10262287628313606,29,-0.0017692933368758839,-0.0018973461178684759,0.12805278099259193,1.0
2025-06-11,1.2340952403505168,0.09713465396624853,27,0.005999154170017049,0.005757998663989385,0.24115550602766375,1.0
2025-06-12,1.2572400014062775,0.06986715668982438,27,0.0028371386185217697,0.002742600894409224,0.09453772411254555,1.0
2025-06-13,1.2703875884027678,0.08326211343048391,28,0.0028351205935402014,0.0026227194089687928,0.2124011845714088,1.0
2025-06-14,1.2936117192331151,0.043701869388983544,27,-0.0006162952337862905,-0.0006303872132055497,0.014091979419259226,1.0
2025-06-15,1.2795197398138558,0.0416464741639036,27,-0.0007236893085402827,-0.0007878629760199522,0.06417366747966943,1.0
2025-06-16,1.2420972747332273,0.04816845341623911,28,-0.0037543141017244023,-0.003815842508449562,0.061528406725159746,1.0
2025-06-17,1.2548240423757346,0.07711395998393802,29,-0.0034751139923536152,-0.0035402198563104,0.06510586395678493,1.0
2025-06-18,1.2522077632840094,0.08782712912288718,28,-0.0022851193103986755,-0.0024073372353179616,0.1222179249192861,1.0
2025-06-19,1.2321709753148555,0.09107428981270288,28,0.0034296613989717307,0.0032759237231803715,0.15373767579135914,1.0
2025-06-20,1.2487684821158411,0.07019010676402374,29,0.0005173257708196892,0.00042043879281220226,0.09688697800748697,1.0
2025-06-21,1.2401469951562123,0.06507113898977954,28,-0.001087433785152392,-0.0011400572637911255,0.05262347863873368,1.0
2025-06-22,1.1875235165174785,0.07111092675309341,28,-0.0010475566661020436,-0.0010553481407404388,0.007791474638395238,1.0
2025-06-23,1.1839176479629736,0.07384261077168175,28,0.00459327191195059,0.0044483807213004595,0.14489119065013095,1.0
2025-06-24,1.1982574227678982,0.07069482116258903,28,0.0025312692124025973,0.002411293046471824,0.1199761659307732,1.0
2025-06-25,1.1951491813724298,0.08248664795966992,28,0.0014444686827727662,0.0013598716337352666,0.08459704903749962,1.0
2025-06-26,1.213697628951033,0.07728560476309038,29,-0.001641859960533669,-0.0016954984861412552,0.05363852560758624,1.0
2025-06-27,1.20942206334024,0.07328518739552765,29,2.4220092086953658e-05,-8.37684470585166e-05,0.10798853914547027,1.0
2025-06-28,1.1939898589650753,0.08713095915307398,28,0.0002324843202387017,0.00022559035183601113,0.0068939684026905566,1.0
2025-06-29,1.1870968233240144,0.08853261490054998,28,0.0005506202897240815,0.0005192345123659956,0.031385777358085884,1.0
2025-06-30,1.167745164016528,0.0784497070275718,28,0.0013793608981060236,0.0012310243702325593,0.14833652787346435,1.0
2025-07-01,1.1532556108122753,0.09688711625256878,28,0.0014322472164927814,0.0013629511711908526,0.06929604530192873,1.0
2025-07-02,1.1412513709185657,0.08952127757174784,29,0.002007084002585898,0.001871755849216817,0.1353281533690812,1.0
2025-07-03,1.1665647088806248,0.10629355311946301,29,-0.0026494485512803577,-0.002770878537382181,0.12142998610182333,1.0
2025-07-04,1.1634306911635337,0.10115450076775807,29,0.000739786860982495,0.0006851169062518968,0.05466995473059819,1.0
2025-07-05,1.151584877512814,0.09545304411774264,29,0.00020278148448633627,0.0001822793686931676,0.020502115793168657,1.0
2025-07-06,1.131083258351662,0.09729351291987665,29,0.001103953525837522,0.0010613561267204233,0.042597399117098714,1.0
2025-07-07,1.1028527585272447,0.09703166232283811,28,-0.0011082227762616867,-0.0011827864869807835,0.07456371071909684,1.0
2025-07-08,1.097856603079124,0.10377252408360789,28,-0.0025541408843528825,-0.002641242437157853,0.08710155280497085,1.0
2025-07-09,1.1068207773944065,0.09414127644816887,28,0.004667375038239451,0.004594167213780379,0.07320782445907185,1.0
2025-07-10,1.1230467254917853,0.09749271019850472,28,-0.0009397720006513775,-0.0011233221691311613,0.18355016847978375,1.0
2025-07-11,1.1311234503106529,0.09749096636659374,29,0.0019806274126405754,0.0019117117605125097,0.06891565212806564,1.0
2025-07-12,1.1107927696575324,0.10318862095888652,29,-8.753493651760814e-05,-0.00011051778659372689,0.022982850076118746,1.0
2025-07-13,1.0878196327059197,0.10812952706342369,29,0.001924447219673659,0.0018216932551442788,0.1027539645293802,1.0
2025-07-14,1.0635527097077535,0.10257544847482972,27,0.0007535003977556076,0.00061599747358018,0.13750292417542753,1.0
2025-07-15,1.0546884198825004,0.12968202101780874,29,-0.004455598924188976,-0.004555399226448541,0.09980030225956503,1.0
2025-07-16,1.0523712923274184,0.12132984427789914,28,0.002886479757884903,0.0026776233977896446,0.20885636009525824,1.0
2025-07-17,1.0485059462595208,0.1016244970853053,29,0.00011648952369636647,4.593866559027756e-06,0.11189565713733872,1.0
2025-07-18,1.0462738425911333,0.10641637505363098,29,-0.0014964948407344537,-0.0015489872763365352,0.05249243560208155,1.0
2025-07-19,1.0375138407723816,0.11414994136592568,28,-0.00010163069372398637,-0.00013170677014796872,0.030076076423982363,1.0
2025-07-20,1.0074542322746491,0.11906249584841264,28,9.226433374863956e-05,6.773517987675457e-05,0.024529153871884993,1.0
2025-07-21,1.0037791028821095,0.11902874314698306,28,0.003917640921514874,0.003819728916340047,0.09791200517482691,1.0
2025-07-22,1.0208173679793628,0.12075598891991696,28,0.0041738457495330665,0.004064085416714795,0.10976033281827181,1.0
2025-07-23,0.9984101366973538,0.128028961641589,29,-0.0027972849037781666,-0.002864822660002257,0.06753775622409046,1.0
2025-07-24,1.009994449048282,0.12429093031126891,28,-0.002575724742211301,-0.0026288740336037936,0.05314929139249264,1.0
2025-07-25,1.0184777026516678,0.13153695174901175,29,-0.0015094327084763793,-0.001636137619912012,0.12670491143563284,1.0
2025-07-26,1.0093121588904133,0.133625177926598,28,0.0002625087997356168,0.0002505133744935866,0.011995425242030216,1.0
2025-07-27,0.9973246744044506,0.1361424803825697,28,0.0010387319281121158,0.0009930088728175909,0.04572305529452499,1.0
2025-07-28,0.9735360814615662,0.12970200764047596,28,-0.005204856156824055,-0.005280906126466641,0.07604996964258619,1.0
2025-07-29,0.958046755231927,0.14399479928693454,28,-0.00012676182934592503,-0.00018070894918180799,0.053947119835882955,1.0
2025-07-30,0.9519476297221723,0.14295721349850207,28,-0.0035638884097804885,-0.003652760746434066,0.0888723366535775,1.0
2025-07-31,0.9719244243840369,0.14808182424558447,29,-0.0023499214206410476,-0.0024344238470089133,0.08450242636786569,1.0
2025-08-01,0.973700781214129,0.14723599692701772,29,0.006497126636929904,0.006420454909823527,0.07667172710637749,1.0
2025-08-02,1.0125015954003096,0.12978824344167098,29,-0.0006147639042094477,-0.0006299177400625023,0.01515383585305456,1.0
2025-08-03,0.9973731719973713,0.1351916081618902,29,0.001553025442521479,0.001514428556767739,0.03859688575374008,1.0
2025-08-04,0.9957597397819502,0.1319036203721785,28,0.00012408281093692988,3.906616502925176e-05,0.08501664590767813,1.0
2025-08-05,0.993467634116299,0.13472533795334907,28,-0.0008142845536967982,-0.0009382889112635141,0.12400435756671592,1.0
2025-08-06,0.9795900745277648,0.12352728195538192,29,0.0012854196625342665,0.0011958834128159253,0.08953624971834112,1.0
2025-08-07,0.9823378343166856,0.14512592003596192,27,0.0023721648576751626,0.0022725594311569426,0.09960542651821991,1.0
2025-08-08,0.9840540851292354,0.151506832608729,29,-0.0020016433415686857,-0.002137244983490287,0.13560164192160123,1.0
2025-08-09,0.9835998911847905,0.15947271798362272,28,-0.00020659556158953986,-0.00021003775088405098,0.003442189294511111,1.0
2025-08-10,0.9801775807163488,0.1591364124333402,28,0.0028540519844423057,0.0027685746988571425,0.08547728558516297,1.0
2025-08-11,0.9689050170866657,0.14524777740121875,29,-0.0033244359101049226,-0.0033951398308550433,0.07070392075012064,1.0
2025-08-12,0.9514328442448509,0.16002320175893514,28,0.0032057959366772483,0.003165427477660156,0.040368459017092365,1.0
2025-08-13,0.939399003110183,0.16731061981245332,29,0.003127277944116093,0.00306595312786406,0.06132481625203313,1.0
2025-08-14,0.9516739695641204,0.15602150418064603,28,-0.004838226049827042,-0.004875609316071341,0.03738326624429956,1.0
2025-08-15,0.956488270895528,0.16137101322565783,28,0.00021611465501376843,0.00013827693152304008,0.07783772349072836,1.0
2025-08-16,0.9524019294811353,0.174043415333115,28,3.712796336980962e-05,2.6704650602819313e-05,0.010423312766990302,1.0
2025-08-17,0.9419835303234547,0.1739327344801868,28,-0.0003219814390225448,-0.000350164495597364,0.028183056574819173,1.0
2025-08-18,0.9294617248122532,0.17751819930382287,28,-0.0012361921910015855,-0.0013548364687700771,0.11864427776849162,1.0
2025-08-19,0.9166792777850998,0.16377770853849366,28,-0.00269756098580997,-0.0027804032644828513,0.08284227867288114,1.0
2025-08-20,0.9142290132672481,0.17346276650907463,28,0.004828081524757245,0.004744068701651184,0.08401282310606116,1.0
2025-08-21,0.9425611540626185,0.15385421346312664,28,-0.0038013924600979916,-0.003906374802734981,0.10498234263698915,1.0
2025-08-22,0.9413791228970315,0.15894506150342985,28,0.006581448580648168,0.006395443861157371,0.18600471949079694,1.0
2025-08-23,0.9720712757012961,0.12187367979361259,28,-0.0012992710233826312,-0.0013126286517154036,0.013357628332772433,1.0
2025-08-24,0.9587136473685234,0.12878559194568145,28,-0.0022367443051753808,-0.00227045145566572,0.03370715049033922,1.0
2025-08-25,0.9512393567175512,0.1333764324830763,28,-0.006028167158683852,-0.00611028320380597,0.08211604512211783,1.0
2025-08-26,0.9604046115925229,0.14381175984794412,26,0.003471806832939502,0.0033873059931309136,0.08450083980858837,1.0
2025-08-27,0.9556114986868343,0.16337033623510405,28,0.00011824617416617814,-3.2132396360500285e-05,0.1503785705266784,1.0
2025-08-28,0.9454542925716738,0.17098855852750564,28,0.0017179220344787716,0.0015307905523386847,0.1871314821400869,1.0
2025-08-29,0.973071227490847,0.14865023261279295,27,-0.0027525819651943078,-0.0027974289837586607,0.04484701856435297,1.0
2025-08-30,0.9626730971999289,0.14953752290229821,27,0.000399169072857819,0.0003936007688246759,0.005568304033143141,1.0
2025-08-31,0.9571115398780291,0.1500996491602999,27,-0.0005161056651132146,-0.0005556946673846788,0.039589002271464176,1.0
2025-09-01,0.9470886308077586,0.14723286863905677,28,0.0020216324177623718,0.0019607036010783675,0.06092881668400442,1.0
2025-09-02,0.9378298466108964,0.14812099236740384,28,0.0005536012857868774,0.0004909624365045666,0.0626388492823108,1.0
2025-09-03,0.9502143493978631,0.15814612987957388,27,0.002167915752450834,0.002116838815933306,0.0510769365175281,1.0
2025-09-04,0.9651913525867275,0.16518189548297826,26,-0.0009412222959814523,-0.0009611559026191652,0.019933606637712913,1.0
2025-09-05,0.9737660627289043,0.16716685540588727,26,0.0038348651218624583,0.0037979323890158533,0.03693273284660488,1.0
2025-09-06,0.9845668771312102,0.1663172089361602,27,-0.00041241146815247377,-0.00042213892456114565,0.009727456408671876,1.0
2025-09-07,0.974841676531063,0.16623015997623608,27,-4.2509974212487275e-05,-6.344555677960815e-05,0.02093558256712088,1.0
2025-09-08,0.9741819271571064,0.1692363988236913,27,0.004342470518176986,0.004260940607408359,0.08152991076862669,1.0
2025-09-09,0.9466369003111004,0.17877115111601308,27,-0.0022467420865367443,-0.002273593617372396,0.026851530835651664,1.0
2025-09-10,0.9397579742131691,0.1788987104306312,28,0.00159612796192451,0.0015393608786985315,0.056767083225978454,1.0
2025-09-11,0.9457612882474479,0.1727364620799956,28,0.001674363232473802,0.0015842398733361689,0.09012335913763318,1.0
2025-09-12,0.9416338248520866,0.16366205063606917,26,0.0008673847359135758,0.0007633595143501808,0.10402522156339487,1.0
2025-09-13,0.9575189714968799,0.1797241451160303,27,-0.00012529179561796556,-0.00013294776907269224,0.007655973454726671,1.0
2025-09-14,0.9498672954816131,0.17824651971924632,27,-0.0009086857239259453,-0.000955307430164449,0.04662170623850356,1.0
2025-09-15,0.9422159543163316,0.17278873448002396,27,0.0017961866195879976,0.001689613026294506,0.10657359329349168,1.0
2025-09-16,0.9495948058263872,0.18340458516314273,27,0.005917831255425553,0.005890551748652645,0.027279506772907903,1.0
2025-09-17,0.9618202588340329,0.16745108047054685,26,-0.0008503486793805542,-0.0009029903036129326,0.05264162423237847,1.0
2025-09-18,0.9710595059242703,0.17213449575170542,26,-0.0016065150853821104,-0.0016332528478307986,0.026737762448688217,1.0
2025-09-19,0.9801493904653308,0.17787106563599278,27,-0.0009386898925186559,-0.0009770376550361619,0.038347762517506045,1.0
2025-09-20,0.9877871789230402,0.18656429042730466,27,4.6392533213834854e-05,4.071479666308729e-05,0.005677736550747566,1.0
2025-09-21,0.982113691870565,0.18647321770813877,27,-0.00063203474766,-0.0006573164065729443,0.025281658912944344,1.0
2025-09-22,0.9695663139567389,0.18178929779047565,27,0.0020394330681296194,0.001981564881397084,0.05786818673253535,1.0
2025-09-23,0.9691221635379809,0.1765802421272915,27,0.0007513433553614144,0.0007169874881955515,0.03435586716586285,1.0
2025-09-24,0.9606028523739543,0.16998286677158397,26,-0.0013134554862795805,-0.0013856464479772164,0.07219096169763593,1.0
2025-09-25,0.9545840301717575,0.15948339347943158,28,-0.00589330773873628,-0.00597776712862184,0.08445938988556008,1.0
2025-09-26,0.9741115308033258,0.17324768482985684,26,0.0027166477652766584,0.002598129409273106,0.11851835600355218,1.0
2025-09-27,0.9593217402785961,0.17863831685179052,28,-1.562571080346853e-05,-5.663577093201166e-05,0.04101006012854313,1.0
2025-09-28,0.9409346447551508,0.162424700037164,28,0.002038080483569009,0.0019421714415227293,0.09590904204627956,1.0
2025-09-29,0.921777561451667,0.15685928881426042,28,0.004115941888003253,0.004061976497765324,0.053965390237929144,1.0
2025-09-30,0.9070796352975158,0.14740774974754178,28,0.000648485285716233,0.0005628944188275541,0.0855908668886789,1.0
2025-10-01,0.8622297515785288,0.16965784320052735,27,0.0035723224635713998,0.0035208579005796973,0.05146456299170233,1.0
2025-10-02,0.8606451620612348,0.15738085665005166,27,0.0016530471482562197,0.0016193982869480439,0.03364886130817595,1.0
2025-10-03,0.8659600326033063,0.16446304124106664,27,0.0026037879780835445,0.0025833745950928776,0.02041338299066687,1.0
2025-10-04,0.8626350175189802,0.16342838139787694,27,0.00010373213320484798,0.00010059088494985498,0.0031412482549929895,1.0
2025-10-05,0.8597415047813489,0.163690295565658,27,-0.00017187358236986903,-0.00021792644831867237,0.04605286594880335,1.0
2025-10-06,0.8682295126446036,0.15758078512861778,27,0.0025000229837236804,0.0024327101174053036,0.0673128663183767,1.0
2025-10-07,0.8657954820483306,0.16116708195337653,27,-0.0035091602672129834,-0.0035627395392752023,0.05357927206221887,1.0
2025-10-08,0.8765746215496686,0.15373042957834424,25,0.0007492196047213177,0.000700699465521852,0.048520139199465726,1.0
2025-10-09,0.8817227526835116,0.1598055346132862,27,-0.0035504302916128582,-0.0036576453724366177,0.10721508082375948,1.0
2025-10-10,0.8777716688117204,0.16738033488383883,27,-0.00263058986221925,-0.0027513133688733924,0.12072350665414229,1.0
2025-10-11,0.9315641814028253,0.1455027582776226,27,-0.0019347553269426943,-0.001947175856697148,0.012420529754453754,1.0
2025-10-12,0.9192568623819887,0.14218953024820336,27,0.0028780194595965404,0.0027836794666999576,0.09433999289658283,1.0
2025-10-13,0.932762499218809,0.15159504369376742,27,0.001553998392535554,0.001363372485716408,0.19062590681914598,1.0
2025-10-14,0.9283532205134185,0.12811903659350066,28,0.0011517603161274531,0.0010925028540385137,0.05925746208893943,1.0
2025-10-15,0.9273263205077253,0.12176781125337607,28,0.001576427197047738,0.0014351824439805007,0.14124475306723733,1.0
2025-10-16,0.9251876413628697,0.12418766585223721,29,0.00407919620134769,0.003962399516410746,0.11679668493694355,1.0
2025-10-17,0.9481375008767708,0.1477558994791925,28,-0.006304634960260701,-0.007252772461137471,0.9481375008767708,0.0
2025-10-18,0.0,0.0,0,0.0,0.0,0.0,0.0
2025-10-19,0.0,0.0,0,0.0,0.0,0.0,0.0
2025-10-20,0.0,0.0,0,0.0,0.0,0.0,0.0
2025-10-21,0.0,0.0,0,0.0,0.0,0.0,0.0
2025-10-22,0.0,0.0,0,0.0,0.0,0.0,0.0
2025-10-23,0.0,0.0,0,0.0,0.0,0.0,0.0
2025-10-24,0.0,0.0,0,0.0,0.0,0.0,0.0
2025-10-25,0.0,0.0,0,0.0,0.0,0.0,0.0
2025-10-26,0.0,0.0,0,0.0,0.0,0.0,0.0
2025-10-27,0.0,0.0,0,0.0,-0.0009858791697969756,0.9858791697969758,1.0
2025-10-28,0.9858791697969758,0.2500597806862857,28,-0.0031357137496282805,-0.004121592919425256,0.9858791697969758,0.0
2025-10-29,0.0,0.0,0,0.0,0.0,0.0,0.0
2025-10-30,0.0,0.0,0,0.0,-0.0010128332044052175,1.0128332044052175,1.0
2025-10-31,1.0128332044052175,0.2569586481157869,29,-0.0012696207013852437,-0.0013342694234944113,0.06464872210916758,1.0
2025-11-01,1.0039416703453157,0.24852295898193977,28,0.0004493002532625301,0.00043730061780694016,0.011999635455589967,1.0
2025-11-02,0.991945462602857,0.2473245031018041,28,-0.0007465775354924295,-0.0007926909891436292,0.04611345365119973,1.0
2025-11-03,0.9992966175544347,0.25965675079235584,27,-0.0035933241234074624,-0.0036129037358239324,0.01957961241646983,1.0
2025-11-04,1.0038736082059068,0.26009356340840917,28,-0.007181508740538965,-0.007221365907018048,0.039857166479083064,1.0
2025-11-05,1.0137516572371015,0.27090926344676536,28,0.004171928511599527,0.004122154802946294,0.0497737086532324,1.0
2025-11-06,1.0188628554848869,0.27302033421579497,28,0.0005110982307551542,0.00044351229466124405,0.06758593609391014,1.0
2025-11-07,1.031601101362628,0.266966971425209,29,0.0036612421902339188,0.0036093013832623373,0.051940806971581585,1.0
2025-11-08,1.0286156219451277,0.2759844469831749,27,-0.0009707892808860975,-0.000978476290198337,0.007687009312239418,1.0
2025-11-09,1.0209341246344448,0.2746860564603418,27,0.002073807349056428,0.0020621705493489386,0.011636799707489445,1.0
2025-11-10,1.0148821994565527,0.2790951428189634,28,0.0072050705103899005,0.007078413770712448,0.12665673967745253,1.0
2025-11-11,1.0297870425086808,0.3045722821856238,28,0.0007448659375623339,0.000664922378699475,0.07994355886285893,1.0
2025-11-12,1.0399081867142976,0.3040370310563947,28,0.0028436979373548696,0.002744655683360193,0.09904225399467644,1.0
2025-11-13,1.0497534184309523,0.3099561486458209,28,-0.0009522225299109821,-0.0010614620674832247,0.10923953757224258,1.0
2025-11-14,1.0649754821617956,0.32595562744423323,29,-0.011677935023438397,-0.011796068507278368,0.11813348383997174,1.0
2025-11-15,1.0758322813071548,0.33888308170133974,28,0.001094340145737771,0.0010758946507535827,0.018445494984188446,1.0
2025-11-16,1.0573879827355301,0.34432220721554285,28,-0.0008300431700935297,-0.0009039193506243855,0.07387618053085587,1.0
2025-11-17,1.0659200906515418,0.36018658125513425,28,-0.005705749048778082,-0.005760604833972766,0.054855785194683516,1.0
2025-11-18,1.0721199837345405,0.365577517571487,28,0.0013253571888886075,0.0012410752784110925,0.08428191047751502,1.0
2025-11-19,1.0648921909782616,0.3455834043101565,28,0.0008390827274454355,0.0007721330827369651,0.06694964470847034,1.0
2025-11-20,1.0667607070691083,0.34162948687214095,28,-0.007341544734529427,-0.0074150844697514935,0.07353973522206682,1.0
2025-11-21,1.089964984238435,0.3548336230760374,27,-0.004618976476637601,-0.004725406345919991,0.10642986928238986,1.0
2025-11-22,1.087417131690922,0.35147967005542136,28,-0.00044715105934889365,-0.0004484560226983571,0.0013049633494634496,1.0
2025-11-23,1.0861477338248378,0.35165565108029734,28,0.0036458359952861565,0.0036347769281147584,0.011059067171398223,1.0
2025-11-24,1.0821464663486509,0.35284021192763015,27,0.005510957246084171,0.005396666245482799,0.11429100060137193,1.0
2025-11-25,1.0678459630295145,0.33525717428737634,27,-0.0011090679481983356,-0.0012303475015270399,0.12127955332870427,1.0
2025-11-26,1.0612197094716873,0.31725406324199357,28,0.004737072138967301,0.004622041841859694,0.11503029710760704,1.0
2025-11-27,1.0984372928526425,0.3405841657530354,28,3.769582714856748e-05,-6.176778438586765e-05,0.09946361153443513,1.0
2025-11-28,1.0838608192489623,0.3117796910950065,28,0.0030559636638162087,0.002997244181346549,0.05871948246965987,1.0
2025-11-29,1.0864474404884699,0.3175987522058978,28,-9.224340334819116e-05,-9.550852568918079e-05,0.0032651223409896415,1.0
2025-11-30,1.083200391265126,0.3172611163508926,28,-0.0009164909121843623,-0.0009299622343328092,0.013471322148446927,1.0
2025-12-01,1.0766364650199693,0.3127397820315247,28,-0.00549661201174337,-0.0055405504795326445,0.04393846778927477,1.0
2025-12-02,1.0720495352231927,0.31047220899388683,28,0.006509817299868695,0.00647210384937746,0.03771345049123562,1.0
2025-12-03,1.075563486928295,0.3093770649222871,28,0.0021051146306486994,0.0020780989398451227,0.027015690803576905,1.0
2025-12-04,1.0818323371051777,0.30909009504477963,28,-0.002789296991769994,-0.00282166394989255,0.032366958122555786,1.0
2025-12-05,1.0790861218695633,0.29883038307830656,28,-0.0034283609650087015,-0.0035323143327249877,0.10395336771628615,1.0
2025-12-06,1.0980624739325062,0.31504649158966097,29,-0.00011236351241757926,-0.00013335387190867534,0.02099035949109608,1.0
2025-12-07,1.07707211444141,0.30140374247781476,29,0.0012660933617273953,0.001238814859124313,0.027278502603082348,1.0
2025-12-08,1.0853592680337096,0.3123827771537753,29,-0.0005110045310270342,-0.0005592073763573854,0.04820284533035116,1.0
2025-12-09,1.0825039944869121,0.3186946061981657,29,0.004094984573013825,0.0039879918876074396,0.10699268540638576,1.0
2025-12-10,1.019089718126725,0.3152768257453144,27,0.0019012896267008436,0.0017840700228853792,0.11721960381546447,1.0
2025-12-11,1.0491135344207831,0.32370826425253874,28,0.005458124546043814,0.005311027545456895,0.14709700058691913,1.0
2025-12-12,1.038175942068754,0.3023815535522171,28,-0.0005307623278960241,-0.0009371710099282228,0.40640868203219876,1.0
2025-12-13,1.0256973773754134,0.24635561610505757,28,9.237703519057532e-06,-1.4842720737684522e-06,0.010721975592825984,1.0
2025-12-14,1.014976560502945,0.24426004235048718,28,0.0008493412443197367,0.000604360150013934,0.24498109430580284,1.0
2025-12-15,1.0452224503634682,0.35136373748136407,28,-0.003637796294572203,-0.0037320343575935767,0.0942380630213738,1.0
2025-12-16,1.0324960773391132,0.35033509395600054,27,0.0005939460510748621,0.0004822141453676858,0.1117319057071764,1.0
2025-12-17,1.0173157195026183,0.34492233099068303,27,-0.000283150021130923,-0.0004277751306155544,0.14462510948463145,1.0
2025-12-18,1.0339414940814733,0.3552425254568005,27,-0.00033452058923440556,-0.0005220500590225352,0.18752946978812954,1.0
2025-12-19,1.0303424520080056,0.33885940326075153,27,0.007008179060122323,0.0068843965905760205,0.12378246954630243,1.0
2025-12-20,1.05362015514328,0.36720305739886616,27,0.00025503033891587367,0.00018977409736615098,0.06525624154972268,1.0
2025-12-21,1.0033534645152862,0.32404532637615613,27,0.0009583471476376798,0.0009214826819426564,0.03686446569502344,1.0
2025-12-22,0.9974276820280124,0.31567425126959425,28,0.0033092927796022735,0.003079665806203044,0.22962697339922958,1.0
2025-12-23,0.9634363110676015,0.20304129741148613,28,0.0015656471467821857,0.0013572631452125488,0.20838400156963677,1.0
2025-12-24,1.0155071280190426,0.30315824864282587,27,-0.00048613845061417466,-0.0005791603351718025,0.09302188455762789,1.0
2025-12-25,1.0023733805843331,0.3023902833849391,28,0.0005214732271976084,0.00046367912767728047,0.05779409952032798,1.0
2025-12-26,1.0129432098317592,0.3055222434424597,27,0.002086551548810765,0.001970599407625822,0.11595214118494285,1.0
2025-12-27,1.014441244815393,0.3148529279716858,27,0.0005866069218081638,0.0005669666933052269,0.019640228502936848,1.0
2025-12-28,1.0012797531127904,0.3156569893236203,26,-1.693907466641603e-05,-5.5148556377479476e-05,0.03820948171106345,1.0
2025-12-29,0.985396994760753,0.31750945855979057,26,-0.0076746451023014615,-0.007797032201173585,0.12238709887212387,1.0
2025-12-30,0.9907647920938676,0.3173580700335361,26,0.0014837169302387909,0.0011696217799301932,0.3140951503085977,1.0
2025-12-31,1.0056988998588317,0.1671925533948348,28,9.821064985358441e-05,5.462415730179719e-05,0.04358649255178722,1.0
2026-01-01,1.0061806355104062,0.17314355915361992,28,0.00026495989948863044,0.00018760410950702429,0.07735578998160615,1.0
2026-01-02,1.0025948791820303,0.1739623769627153,27,-0.0015781217083506742,-0.0016429658258492134,0.06484411749853927,1.0
2026-01-03,0.9824652166589646,0.18965792261793163,26,-0.0006973267510763215,-0.0007333286421849197,0.036001891108598125,1.0
2026-01-04,0.9464633255503662,0.17397503122936636,26,0.000519557292002559,0.0005002013389851742,0.019355953017384814,1.0
2026-01-05,0.9407830276204139,0.1705949132315098,26,1.0110112911265214e-05,-0.00010364371467066202,0.11375382758192722,1.0
2026-01-06,0.9262242323333907,0.16867916163397262,25,0.0025503560671209084,0.0024687035530701353,0.08165251405077321,1.0
2026-01-07,0.9272821624337947,0.17443944584364238,26,0.00016794420433429206,2.6492970166013745e-05,0.14145123416827832,1.0
2026-01-08,0.9311128685098543,0.17196646792878212,27,0.00132175263730395,0.0012827295642675175,0.039023073036432585,1.0
2026-01-09,0.9330379171143937,0.1757245108943217,27,0.0031654577667286085,0.003100064077971841,0.06539368875676764,1.0
2026-01-10,0.9261405842313319,0.16284433698863948,27,0.00013760433015582718,0.00012617899566425277,0.011425334491574408,1.0
2026-01-11,0.9147253390076204,0.1647316688536663,27,0.0005880661588621529,0.0005572727921472953,0.03079336671485762,1.0
2026-01-12,0.9113986500406068,0.15876593585304788,27,0.0020041168259283854,0.0019714556100631493,0.032661215865236265,1.0
2026-01-13,0.9015504323645346,0.1645439387167577,27,-0.003995453821541471,-0.004043289977739516,0.047836156198045654,1.0
2026-01-14,0.8894945848397217,0.15920532592234546,27,-0.0021812931922653013,-0.00225619168973891,0.0748984974736085,1.0
2026-01-15,0.8976389355816626,0.16921319865643844,27,0.00154488901800411,0.0014995420305243775,0.045346987479732516,1.0
2026-01-16,0.9011086452690056,0.1652673903814757,27,-0.0017514627067187565,-0.0018138879024457558,0.06242519572699926,1.0
2026-01-17,0.8951790265791061,0.16474255697165233,26,0.00040419991807734147,0.000389807767070659,0.014392151006682487,1.0
2026-01-18,0.8807962959980977,0.1676215871191457,26,0.0034076419605001294,0.0033554303380656262,0.052211622434503224,1.0
2026-01-19,0.8778076416440559,0.1652483967338647,27,0.0016597356181394095,0.0015920515777725003,0.0676840403669091,1.0
2026-01-20,0.8622837181161431,0.16306633313617458,27,0.009265960817595517,0.009157354265655674,0.10860655193984399,1.0
2026-01-21,0.8797787819538081,0.15273168766252793,27,-0.0016761594643556407,-0.0017250556582276537,0.0488961938720129,1.0
2026-01-22,0.9077070270842331,0.1503987274557977,27,0.00708637045881202,0.007009200924343833,0.07716953446818711,1.0
2026-01-23,0.9510281569918186,0.17447587088790398,26,-0.0013443381727506927,-0.0013890487356891287,0.04471056293843606,1.0
2026-01-24,0.9795991792560216,0.18919381276931027,26,0.000437440157060065,0.0004282327202243157,0.009207436835749311,1.0
2026-01-25,0.9704450118312893,0.1829025535882735,26,0.004045043793479577,0.004023402581677845,0.02164121180173131,1.0
2026-01-26,0.9515692237506685,0.1826234170814199,26,-0.002613523825999639,-0.0026417350457907,0.028211219791061067,1.0
2026-01-27,0.9538480966698667,0.18697419890843114,27,0.00415767877156288,0.004045298076358722,0.11238069520415739,1.0
2026-01-28,0.9817768511111543,0.18678642288125774,28,0.010868797903856973,0.010772705284797932,0.09609261905904079,1.0
2026-01-29,1.0416037532532123,0.2274856459406052,28,0.0031842044934712824,0.00214260074021807,1.0416037532532123,0.0
2026-01-30,0.0,0.0,0,0.0,0.0,0.0,0.0
2026-01-31,0.0,0.0,0,0.0,0.0,0.0,0.0
2026-02-01,0.0,0.0,0,0.0,0.0,0.0,0.0
2026-02-02,0.0,0.0,0,0.0,0.0,0.0,0.0
2026-02-03,0.0,0.0,0,0.0,0.0,0.0,0.0
2026-02-04,0.0,0.0,0,0.0,0.0,0.0,0.0
2026-02-05,0.0,0.0,0,0.0,0.0,0.0,0.0
2026-02-06,0.0,0.0,0,0.0,0.0,0.0,0.0
2026-02-07,0.0,0.0,0,0.0,0.0,0.0,0.0
2026-02-08,0.0,0.0,0,0.0,0.0,0.0,0.0
2026-02-09,0.0,0.0,0,0.0,0.0,0.0,0.0
2026-02-10,0.0,0.0,0,0.0,0.0,0.0,0.0
2026-02-11,0.0,0.0,0,0.0,0.0,0.0,0.0
2026-02-12,0.0,0.0,0,0.0,0.0,0.0,0.0
2026-02-13,0.0,0.0,0,0.0,0.0,0.0,0.0
2026-02-14,0.0,0.0,0,0.0,0.0,0.0,0.0
2026-02-15,0.0,0.0,0,0.0,0.0,0.0,0.0
2026-02-16,0.0,0.0,0,0.0,0.0,0.0,0.0
2026-02-17,0.0,0.0,0,0.0,0.0,0.0,0.0
2026-02-18,0.0,0.0,0,0.0,0.0,0.0,0.0
2026-02-19,0.0,0.0,0,0.0,0.0,0.0,0.0
2026-02-20,0.0,0.0,0,0.0,0.0,0.0,0.0
2026-02-21,0.0,0.0,0,0.0,0.0,0.0,0.0
2026-02-22,0.0,0.0,0,0.0,0.0,0.0,0.0
2026-02-23,0.0,0.0,0,0.0,0.0,0.0,0.0
2026-02-24,0.0,0.0,0,0.0,0.0,0.0,0.0
2026-02-25,0.0,0.0,0,0.0,0.0,0.0,0.0
2026-02-26,0.0,0.0,0,0.0,-0.001174174395994907,1.1741743959949071,1.0
2026-02-27,1.174174395994907,0.26690433684882287,27,0.007255084862107953,0.007033705670229205,0.22137919187874794,1.0
2026-02-28,1.1790378150925105,0.29261707710556484,28,-0.0016912158724080141,-0.0016932184150673225,0.0020025426593085153,1.0
2026-03-01,1.1770854722250412,0.29346873269537854,28,0.004056751074533388,0.0040490680076231194,0.007683066910269053,1.0
2026-03-02,1.1814662248593077,0.29766966124060407,28,-0.00463434850648812,-0.004748862540009667,0.11451403352154713,1.0
2026-03-03,1.201076595038006,0.2774478903195603,29,-0.009997149362929288,-0.010052909287437897,0.05575992450860901,1.0
2026-03-04,1.2096442149940225,0.2832956736377997,28,-0.003704206809918264,-0.0038103947496113738,0.10618793969310994,1.0
2026-03-05,1.2099566460669329,0.2807660126518205,29,-0.0038927340948051066,-0.005102690740872039,1.2099566460669329,0.0
2026-03-06,0.0,0.0,0,0.0,0.0,0.0,0.0
2026-03-07,0.0,0.0,0,0.0,0.0,0.0,0.0
2026-03-08,0.0,0.0,0,0.0,0.0,0.0,0.0
2026-03-09,0.0,0.0,0,0.0,0.0,0.0,0.0
2026-03-10,0.0,0.0,0,0.0,0.0,0.0,0.0
2026-03-11,0.0,0.0,0,0.0,0.0,0.0,0.0
2026-03-12,0.0,0.0,0,0.0,0.0,0.0,0.0
2026-03-13,0.0,0.0,0,0.0,0.0,0.0,0.0
2026-03-14,0.0,0.0,0,0.0,0.0,0.0,0.0
2026-03-15,0.0,0.0,0,0.0,0.0,0.0,0.0
2026-03-16,0.0,0.0,0,0.0,0.0,0.0,0.0
2026-03-17,0.0,0.0,0,0.0,0.0,0.0,0.0
2026-03-18,0.0,0.0,0,0.0,0.0,0.0,0.0
2026-03-19,0.0,0.0,0,0.0,0.0,0.0,0.0
2026-03-20,0.0,0.0,0,0.0,0.0,0.0,0.0
2026-03-21,0.0,0.0,0,0.0,0.0,0.0,0.0
2026-03-22,0.0,0.0,0,0.0,0.0,0.0,0.0
2026-03-23,0.0,0.0,0,0.0,0.0,0.0,0.0
2026-03-24,0.0,0.0,0,0.0,0.0,0.0,0.0
2026-03-25,0.0,0.0,0,0.0,0.0,0.0,0.0
2026-03-26,0.0,0.0,0,0.0,0.0,0.0,0.0
2026-03-27,0.0,0.0,0,0.0,0.0,0.0,0.0
2026-03-28,0.0,0.0,0,0.0,0.0,0.0,0.0
2026-03-29,0.0,0.0,0,0.0,0.0,0.0,0.0
2026-03-30,0.0,0.0,0,0.0,-0.0012279420560592032,1.2279420560592031,1.0
2026-03-31,1.2279420560592034,0.2817682944717113,29,0.00812727506343329,0.006899333007374086,1.2279420560592031,0.0
2026-04-01,0.0,0.0,0,0.0,0.0,0.0,0.0
2026-04-02,0.0,0.0,0,0.0,0.0,0.0,0.0
2026-04-03,0.0,0.0,0,0.0,0.0,0.0,0.0
2026-04-04,0.0,0.0,0,0.0,0.0,0.0,0.0
2026-04-05,0.0,0.0,0,0.0,-0.001224074100573863,1.224074100573863,1.0
2026-04-06,1.224074100573863,0.22547858384404385,27,0.003358408029060144,0.003179455622133345,0.17895240692679892,1.0
2026-04-07,1.1988854036173842,0.2431446344849585,27,0.007945723062008171,0.006746837658390787,1.1988854036173844,0.0
2026-04-08,0.0,0.0,0,0.0,0.0,0.0,0.0
2026-04-09,0.0,0.0,0,0.0,-0.0012191425417218855,1.2191425417218855,1.0
2026-04-10,1.2191425417218855,0.28615895469109126,28,-0.002152594002300014,-0.0023523461107159116,0.19975210841589752,1.0
2026-04-11,1.1971696340166647,0.26217400727745727,28,-0.00014045900264654244,-0.00016284097430195545,0.022381971655413,1.0
2026-04-12,1.174812323217934,0.24111972655963027,28,-0.0018153267489071554,-0.0018599386785286105,0.04461192962145505,1.0
2026-04-13,1.1549712806679386,0.2260017046912046,28,0.0019336247390810382,0.0007786534584130996,1.1549712806679386,0.0
2026-04-14,0.0,0.0,0,0.0,0.0,0.0,0.0
2026-04-15,0.0,0.0,0,0.0,-0.0011690881302040845,1.1690881302040845,1.0
2026-04-16,1.1690881302040845,0.2155932496198911,28,-0.001255351469107541,-0.0013642372666968021,0.10888579758926112,1.0
2026-04-17,1.194686269966994,0.19773855785548522,27,5.03111763932953e-05,-6.629279415223022e-05,0.11660397054552551,1.0
2026-04-18,1.1782289364569345,0.16998582209511076,29,0.0017734276778301195,0.001767412690028787,0.006014987801332336,1.0
2026-04-19,1.172213948655602,0.16900277559221938,29,-0.0010211703428104207,-0.0010381835655775904,0.01701322276716979,1.0
2026-04-20,1.1566180289170562,0.1671579521765218,29,0.0008091842609036885,0.000746127357411098,0.06305690349259058,1.0
2026-04-21,1.169462353650971,0.18804418445860405,28,-0.003958746940452914,-0.004049364301619722,0.09061736116680735,1.0
2026-04-22,1.1852252022306398,0.19610019332032413,28,-0.0034712588120890406,-0.003505467271761431,0.03420845967239062,1.0
2026-04-23,1.1838654119222587,0.19358065488544107,28,-0.0007569057870858825,-0.000808391480000344,0.05148569291446161,1.0
2026-04-24,1.1866147346560247,0.18639413389325932,28,0.0008148091404127203,0.0007937774028168351,0.02103173759588518,1.0
2026-04-25,1.1833569892076257,0.18441627206552502,28,-0.0002314524337363011,-0.00024110958539123016,0.009657151654929044,1.0
2026-04-26,1.1736998375526968,0.17531879710918818,28,-0.002494379312282815,-0.0025194210387790446,0.02504172649622963,1.0
2026-04-27,1.163935089741987,0.1707554475448247,28,0.002970126295170918,0.002917869576784749,0.05225671838616912,1.0
2026-04-28,1.163555223630394,0.1730321895382717,28,-0.0025155828677585626,-0.002695998724753899,0.18041585699533633,1.0
2026-04-29,1.1592229732621306,0.2126587041244328,28,-0.0021833965851994837,-0.0023140880104647933,0.13069142526530972,1.0
2026-04-30,1.144556443019687,0.22889529360872515,27,0.0018427503689637,0.001688927176910067,0.1538231920536332,1.0
2026-05-01,1.191083849782802,0.2788634156171381,28,-0.0031105403340928573,-0.0033770784188473617,0.2665380847545043,1.0
2026-05-02,1.163626679647719,0.23153188614915093,27,-0.0005739251016109837,-0.0005847234271816337,0.010798325570649971,1.0
2026-05-03,1.1528283540770692,0.23107254180689388,27,0.00038104182964450423,0.00033030388855014,0.05073794109436427,1.0
2026-05-04,1.1457031058060323,0.23238420057748513,27,-0.007085525693199904,-0.007301787155325345,0.21626146212544123,1.0
2026-05-05,1.131839797850197,0.2610198352866713,28,0.004812200720221765,0.004698714470457797,0.11348624976396746,1.0
2026-05-06,1.118477651586732,0.28977501383416493,27,0.0043362124764284105,0.004293832304253842,0.042380172174568895,1.0
2026-05-07,1.124399303396552,0.28351758081379097,28,0.0009513002848774074,0.00083476673692185,0.1165335479555575,1.0
2026-05-08,1.1304282825493033,0.25656049759365523,28,0.0018075777652299802,0.0016734704750635359,0.13410729016644435,1.0
2026-05-09,1.1455665477975936,0.2775882787970166,28,-0.0005830933239886039,-0.0005936192576722211,0.010525933683617242,1.0
2026-05-10,1.1350421837805216,0.2748467650596371,28,-0.0032661718126290812,-0.0033689985133103758,0.10282670068129476,1.0
2026-05-11,1.1022305051556067,0.23790480058288066,27,0.004679715347035005,0.0044854604411424205,0.19425490589258426,1.0
2026-05-12,1.108316055476604,0.2945670229637474,28,-0.0001674638461510139,-0.00030561800997701386,0.13815416382599993,1.0
2026-05-13,1.0974381846522192,0.30307232947389096,28,0.0018199520407121555,0.0017269750524612185,0.09297698825093716,1.0
2026-05-14,1.103471991389433,0.3072703868839208,27,-0.004373106172324583,-0.00450962678492073,0.13652061259614648,1.0
2026-05-15,1.10024616896804,0.2740151749049976,27,-0.0049785712742185,-0.00512548289452798,0.14691162030948016,1.0
2026-05-16,1.1031266426792168,0.26612510103407483,27,0.0012202699583584887,0.0012154867649789404,0.004783193379548243,1.0
2026-05-17,1.0983562397456121,0.2647433549426997,27,0.0002422768898905679,0.0001707359223292845,0.0715409675612834,1.0
2026-05-18,1.087299839455931,0.2657721654123083,27,0.004026921614224915,0.0038763368962729506,0.15058471795196457,1.0
2026-05-19,1.0727732682577575,0.2565174625644148,27,-0.005894977606502163,-0.006024431379051641,0.1294537725494783,1.0
2026-05-20,1.0513681536235573,0.23175353250244865,27,0.0029479552580447222,0.00283277749296421,0.11517776508051197,1.0
2026-05-21,1.0687511635690916,0.21096927783627417,28,-0.00029680063790671525,-0.0004969313860071108,0.20013074810039547,1.0
2026-05-22,1.0724017622468074,0.2590801547263655,27,0.0018459935766663642,0.0018076810374069601,0.03831253925940396,1.0
2026-05-23,1.062356058596427,0.2567237475676019,27,-0.00156635198529691,-0.0015678185529371278,0.0014665676402179652,1.0
2026-05-24,1.0608908005904067,0.2574386186490969,27,0.003126592024054244,0.0030454296643933933,0.08116235966085047,1.0
2026-05-25,1.069215102331211,0.26584758534041175,26,7.858123620955071e-05,-5.0663195111340115e-05,0.12924443132089083,1.0
2026-05-26,1.0559426059184447,0.2515525637583996,28,0.0002281030764342898,0.00010609671075484657,0.1220063656794432,1.0
2026-05-27,1.0508777057030625,0.2440823821836181,27,-0.003429862753786866,-0.003745278813105088,0.31541605931822175,1.0
2026-05-28,1.0681943827145668,0.3075089344759562,27,0.0045611132118798525,0.004439672290325751,0.12144092155410183,1.0
2026-05-29,1.0626942746434702,0.3039350572197075,28,0.004160325941127771,0.0040124967324108056,0.14782920871696545,1.0
2026-05-30,1.0624810813206707,0.30364703969619844,29,-0.0005690485978516069,-0.000590760929817231,0.02171233196562402,1.0
2026-05-31,1.040786067975209,0.294885346575228,28,0.00010864599200828521,7.385214598954276e-05,0.034793846018742455,1.0
2026-06-01,1.0307649586287142,0.2901023499334024,28,-0.0008053327470962507,-0.0009057543806862239,0.10042163358997322,1.0
2026-06-02,1.025130112242221,0.2813657012431786,28,0.007031253843102039,0.006933787015336199,0.09746682776584062,1.0
2026-06-03,1.0323612531323523,0.2790290432412167,28,-0.00021752883757374802,-0.0003190153653081205,0.1014865277343725,1.0
2026-06-04,1.0580482059889407,0.2940448144107569,28,0.0017819540185165085,0.0017067718486854487,0.07518216983105988,1.0
2026-06-05,1.0767853120613342,0.30108192115311333,27,-0.007366622958628199,-0.00762511996783995,0.2584970092117514,1.0
2026-06-06,1.0603540718737523,0.28383007244844216,28,0.0002969081732823065,0.00022344735783742136,0.07346081544488516,1.0
2026-06-07,0.9868933213919723,0.245777146533934,28,-0.0032598072965660508,-0.0032737216889632058,0.013914392397154961,1.0
2026-06-08,0.9729805496919699,0.23640434070596603,28,-0.0013014421504384732,-0.0014374341896336543,0.13599203919518116,1.0
2026-06-09,0.9865363176099754,0.25094711134867775,27,-0.0022286034110005556,-0.002414343623081776,0.18574021208122052,1.0
2026-06-10,0.9596715468003464,0.2375984952970162,27,-0.008665738845649043,-0.008725282624088566,0.05954377843952334,1.0
2026-06-11,0.9866016158554193,0.2529121865174571,27,0.007082155652175668,0.007001520809378474,0.08063484279719452,1.0
2026-06-12,1.0246278238988793,0.2872583068983577,27,0.0003152440931794337,0.0002214672039440671,0.09377688923536658,1.0
2026-06-13,1.000556884091836,0.2777146671585005,27,-0.001395836992300592,-0.0014017677685020601,0.005930776201468063,1.0
2026-06-14,0.994626107890368,0.27388711462920734,27,0.0028731651317144722,0.002666710651202389,0.20645448051208318,1.0
2026-06-15,1.005280612518177,0.2943181314906972,27,0.000632034492852562,0.0005453285659511737,0.08670592690138829,1.0
2026-06-16,1.0091522521826142,0.29424064932218874,27,0.002507455199477872,0.0024329132200017773,0.07454197947609495,1.0
2026-06-17,1.0004006632987292,0.2847919662696683,27,-0.002847258531481685,-0.003016644884450469,0.169386352968784,1.0
2026-06-18,1.032664884982191,0.290048839008997,27,-0.0013960033051018655,-0.0014874294435316194,0.09142613842975392,1.0
2026-06-19,1.0442188504384802,0.28543050059346586,28,-0.003694371529563341,-0.0037595681840319833,0.06519665446864191,1.0
2026-06-20,1.0317581630386288,0.27634833624776944,27,-0.0011738413052882148,-0.0011773423314160628,0.003501026127847993,1.0
2026-06-21,1.0282710334835377,0.2740402456116363,27,0.0004629354332640951,0.0004537499562108205,0.009185477053274597,1.0
2026-06-22,1.024102188131099,0.27481114846854326,27,0.0011558890802121546,0.0010954410146250383,0.06044806558711632,1.0
2026-06-23,0.9962629976883219,0.2456020455812386,27,-0.004684732847332368,-0.004758529346824513,0.07379649949214478,1.0
2026-06-24,0.9932713341654731,0.23731066420376756,28,-6.693012296160334e-05,-0.00023247125186696589,0.16554112890536254,1.0
2026-06-25,0.9356906170131144,0.18323172889041855,28,0.002309152837281023,0.002232495195274935,0.07665764200608784,1.0
2026-06-26,0.9153229582628142,0.16550695696677856,29,-0.001221603046789147,-0.001336550787392244,0.11494774060309709,1.0
2026-06-27,0.9284282291875945,0.17432391718298684,29,0.00012261519771971098,0.00011731992474687206,0.00529527297283892,1.0
2026-06-28,0.9231678174241509,0.17369805187127993,29,0.0010677161053599745,0.0010529424037251764,0.014773701634798117,1.0
2026-06-29,0.908394115789353,0.16904859587067111,29,-0.0025509032190450002,-0.0027709274608491044,0.22002424180410435,1.0
2026-06-30,0.9017392199465126,0.02052909596666419,27,0.005623294245436326,0.005408819006104469,0.21447523933185664,1.0
2026-07-01,0.8666839751118594,0.14200942221448903,28,-0.0028483055114536257,-0.0031004889545745568,0.2521834431209311,1.0
2026-07-02,0.9517576724465421,-0.018319341962620167,27,-0.005412853607492259,-0.005708121520057682,0.29526791256542223,1.0
2026-07-03,0.8800971902813661,0.15671759547239394,29,-0.00016513475381893007,-0.00017864224873681507,0.013507494917884999,1.0
2026-07-04,0.8765687542576752,0.15132556881178572,29,-0.0009160505094563343,-0.000927199031794625,0.011148522338290631,1.0
2026-07-05,0.8654206169815412,0.14364590263230767,29,-0.0006618294695726865,-0.0007979911782697799,0.13616170869709343,1.0
2026-07-06,0.9004687964441928,0.1900213715824237,28,8.668978478637286e-05,-3.664368472639147e-05,0.12333346951276433,1.0
2026-07-07,0.929518925222503,0.22553643963623293,29,-0.002424261957892885,-0.0025727377832706253,0.14847582537774062,1.0
2026-07-08,0.9593456972126044,0.24681296333224473,28,0.0004425606728222951,0.0003302803792320356,0.1122802935902595,1.0
2026-07-09,0.9651343219506195,0.23235520923219688,28,0.0010349171776133986,0.0008256456343183004,0.2092715432950982,1.0
2026-07-10,0.8835405782872604,0.14047966115388133,28,-0.0012422320433064758,-0.0012978440198789722,0.05561197657249648,1.0
2026-07-11,0.8902614096059858,0.1369090499513411,29,0.0005368610426383591,0.00053373225122034,0.003128791418019176,1.0
2026-07-12,0.8871624082799542,0.1378836787204974,28,-0.0009998882451367882,-0.0010314463977609315,0.031558152624143354,1.0
2026-07-13,0.8798765869781502,0.13236976059866884,28,0.0004506549605065701,0.00033477564896302014,0.11587931154354995,1.0
2026-07-14,0.8794479581472647,0.15780811270756312,27,-0.0012496873672260466,-0.0013342133753523086,0.08452600812626201,1.0
2026-07-15,0.848312694733925,0.13160779739743056,28,0.0017869981513919818,0.0016331435988569927,0.15385455253498898,1.0
2026-07-16,0.8312256490040866,0.08901895144789683,28,0.0009338199951769622,0.0008036433393581871,0.13017665581877508,1.0
2026-07-17,0.8350640312871567,0.08249435866063005,29,-0.001518516264901758,-0.001626568580100469,0.10805231519871106,1.0
2026-07-18,0.8641136495717419,0.1288856175654089,28,-0.0014071735300129396,-0.0014237058932680135,0.01653236325507381,1.0
2026-07-19,0.847581286316668,0.12303773802441798,28,-4.288728263681198e-05,-0.00011184047652575669,0.0689531938889447,1.0
2026-07-20,0.8144962844817403,0.09409727463733622,28,-5.01627556910966e-05,-0.00028900629724900917,0.23884354155791257,1.0
2026-07-21,0.9274717988367216,-0.046909950705056644,27,-0.0034205556003213105,-0.00348813114903363,0.06757554871231929,1.0
2026-07-22,0.9280498441988007,-0.04815104031095546,29,-0.0022088932767044453,-0.002234601857976061,0.02570858127161557,1.0
2026-07-23,0.9315392181738601,-0.048595049100149224,29,0.00390461715895255,0.0037917641262476495,0.11285303270490038,1.0
2026-07-24,0.9012939931029154,-0.007244386738742836,27,0.002583229188634589,0.0023975572751023535,0.1856719135322356,1.0
2026-07-25,0.825175419523007,0.10045996650778531,28,-0.00033675965462980355,-0.0003415778005043058,0.004818145874502301,1.0
2026-07-26,0.8203590178355773,0.09949896148935837,28,-0.0006316684602797944,-0.0006581537634260547,0.026485303146260294,1.0
2026-07-27,0.8067684001296166,0.09834211947061113,28,0.0022997018892520985,0.002255634079315556,0.04406780993654236,1.0
2026-07-28,0.811835019368337,0.11052973034699226,27,-1.6107511026822977e-05,-0.00018910487390252987,0.17299736287570688,1.0
2026-07-29,0.8351694246243143,0.03403680523480624,27,-0.0049913085685402685,-0.005138652977665862,0.14734440912559366,1.0
2026-07-30,0.8942618971032364,0.01795664544348219,28,-0.0006489401824972742,-0.0008682866074555881,0.2193464249583139,1.0
2026-07-31,0.8911801220416407,0.11036346029072497,27,0.0017221944541807189,0.001587700357769374,0.13449409641134485,1.0
2026-08-01,0.9141772085210065,0.14808165876814677,27,0.00011057472914602907,0.00010679911177683313,0.0037756173691959405,1.0
2026-08-02,0.9104302223470934,0.14597675338052796,27,-0.00013048019569447499,-0.0001915045191742244,0.06102432347974942,1.0
2026-08-03,0.909353781061531,0.12671320063290284,29,-0.0005078986659329802,-0.0007109375847667792,0.20303891883379901,1.0
2026-08-04,0.9907081407665961,0.04351507855178041,28,0.0024609901273171136,0.0023648430239233817,0.09614710339373184,1.0
2026-08-05,0.9655219810066259,0.06385242564739704,28,-0.0066961034631728995,-0.006729773815425448,0.033670352252548816,1.0
2026-08-06,0.9819884328993996,0.05040525229791498,27,0.00047858692230434556,0.000380550411928668,0.09803651037567757,1.0
2026-08-07,1.0091059389442087,0.019429802997716933,29,-0.004018679034050393,-0.004065184322628144,0.046505288577751075,1.0
2026-08-08,1.0292131291725748,0.003657465586698022,28,-4.3264121527952785e-05,-4.986300998609886e-05,0.00659888845814608,1.0
2026-08-09,1.0226192017179485,0.00743645297533474,28,0.00020405474687362898,0.00017377426274806885,0.03028048412556012,1.0
2026-08-10,0.9965705266830297,0.011574533393196251,28,0.00034908810834438165,0.0002883123212445408,0.06077578709984087,1.0
2026-08-11,0.9723025134704896,0.02055565872647222,28,0.001959045126094379,0.0019006704901287801,0.058374635965598595,1.0
2026-08-12,0.9518301668439897,0.0394047609835845,28,-0.0011787082560707142,-0.0012662623445992278,0.08755408852851365,1.0
2026-08-13,0.939566173510048,0.05738249979328476,28,0.0016262739216489114,0.0015413959470273553,0.08487797462155611,1.0
2026-08-14,0.9730764717390802,0.027410036308828434,27,0.00036049931173938183,0.00026445551881401847,0.09604379292536334,1.0
2026-08-15,0.9718402929986076,0.030680956196601467,27,-6.49436435257611e-05,-6.789299489035236e-05,0.0029493513645912563,1.0
2026-08-16,0.9688909416340166,0.029614411017392483,27,0.0004015678995560029,0.00035040872463887193,0.05115917491713098,1.0
2026-08-17,0.9548477419900995,0.024574763682155415,27,-0.00375421560928321,-0.0038273432305141616,0.07312762123095176,1.0
2026-08-18,0.9392467335185736,0.023838161071483566,27,0.0016980763142574538,0.0016559016445655962,0.04217466969185753,1.0
2026-08-19,0.9457656445633608,0.02426737170244439,26,-0.013651889131056322,-0.013802109154716974,0.15022002366065174,1.0
2026-08-20,0.9882725384195052,0.013115897196870174,27,-0.006256333789337256,-0.0065006463964628084,0.24431260712555178,1.0
2026-08-21,0.9747360233524636,-0.003185001368808532,29,-0.006624681928248616,-0.006881068362267915,0.25638643401929895,1.0
2026-08-22,0.9996172652802713,-0.043438625692409,28,0.0016159963800128519,0.00158614099353421,0.029855386478641915,1.0
2026-08-23,0.9697618955027933,-0.050747665978450054,28,-0.0014202548628660819,-0.001451574222201767,0.031319359335685,1.0
2026-08-24,0.9622603317381506,-0.044837790752491224,28,-0.00018490185393025107,-0.0002154448242864413,0.030542970356190215,1.0
