symbol,direction,entry_ts,exit_ts,entry_price,exit_price,holding_calendar_days,holding_trading_days,signal_strength_entry,rank_at_entry,gross_return,net_return_10bps_side,net_return_15bps_side,cost_roundtrip_bps,mfe,mae,time_to_mfe_trading_days,time_to_mae_trading_days,max_intradrawdown_from_peak,exit_reason,profitable_net,regime_off_days_during_trade,cadence_label
AUDCAD,LONG,2020-09-09,2020-09-11,0.956796,0.95945,2,2,0.03503,8,0.002773,0.000773,-0.000227,20.0,0.010479,-0.010606,2,1,0.0,rotated_out_top8,True,0,daily
EURUSD,LONG,2020-09-09,2020-09-14,1.18032,1.18667,5,4,0.04088,6,0.00538,0.00338,0.00238,20.0,0.009633,-0.004304,2,1,-0.000127,rotated_out_top8,True,0,daily
AUDCHF,SHORT,2020-09-11,2020-09-14,0.661535,0.661513,3,2,-0.03803,8,3.3e-05,-0.001967,-0.002967,20.0,0.0,0.0,0,0,-0.000391,rotated_out_top8,False,0,daily
AUDUSD,LONG,2020-09-14,2020-09-15,0.72825,0.72947,1,1,0.03341,8,0.001675,-0.000325,-0.001325,20.0,0.002801,-0.002568,1,1,0.0,rotated_out_top8,False,0,daily
EURGBP,LONG,2020-09-09,2020-09-17,0.908106,0.913068,8,7,0.04034,7,0.005464,0.003464,0.002464,20.0,0.027435,-0.0062,2,1,-0.016243,rotated_out_top8,True,0,daily
EURUSD,LONG,2020-09-15,2020-09-29,1.18416,1.17413,14,12,0.03616,7,-0.00847,-0.01047,-0.01147,20.0,0.004923,-0.019398,1,10,-0.018604,rotated_out_top8,False,0,daily
AUDCAD,LONG,2020-09-14,2020-10-05,0.959564,0.953566,21,18,0.03802,7,-0.006251,-0.008251,-0.009251,20.0,0.016538,-0.026259,7,11,-0.02251,rotated_out_top8,False,0,daily
EURUSD,LONG,2020-10-05,2020-10-06,1.17887,1.17367,1,1,0.04245,7,-0.004411,-0.006411,-0.007411,20.0,0.000704,-0.006048,1,1,0.0,rotated_out_top8,False,0,daily
NZDCHF,SHORT,2020-09-09,2020-10-08,0.609148,0.60402,29,25,-0.07671,2,0.008419,0.006419,0.005419,20.0,0.004976,-0.008288,25,10,-0.017738,rotated_out_top8,True,0,daily
NZDUSD,LONG,2020-10-08,2020-10-12,0.65877,0.66472,4,3,0.03531,8,0.009032,0.007032,0.006032,20.0,0.012827,-0.006345,2,1,0.0,rotated_out_top8,True,0,daily
USDCHF,SHORT,2020-09-09,2020-10-14,0.91213,0.91335,35,30,-0.04496,5,-0.001338,-0.003338,-0.004338,20.0,0.00364,-0.017004,6,16,-0.02219,rotated_out_top8,False,0,daily
NZDCHF,SHORT,2020-10-14,2020-10-15,0.607862,0.603355,1,1,-0.03709,8,0.007414,0.005414,0.004414,20.0,0.0,0.0,0,0,0.0,rotated_out_top8,True,0,daily
EURUSD,LONG,2020-10-12,2020-10-28,1.18125,1.17478,16,14,0.0341,8,-0.005477,-0.007477,-0.008477,20.0,0.00574,-0.01054,9,4,-0.009007,rotated_out_top8,False,0,daily
AUDCAD,LONG,2020-10-06,2020-10-29,0.946914,0.936888,23,20,0.04601,7,-0.010588,-0.012588,-0.013588,20.0,0.014174,-0.028537,1,13,-0.025825,rotated_out_top8,False,0,daily
NZDCHF,SHORT,2020-10-28,2020-10-29,0.60539,0.606627,1,1,-0.03602,8,-0.002042,-0.004042,-0.005042,20.0,0.0,0.0,0,0,0.0,rotated_out_top8,False,0,daily
EURUSD,LONG,2020-10-29,2020-11-03,1.16779,1.17606,5,4,0.04174,6,0.007082,0.005082,0.004082,20.0,0.006876,-0.004881,1,4,-0.003314,rotated_out_top8,True,0,daily
NZDUSD,LONG,2020-10-29,2020-11-04,0.66277,0.66962,6,5,0.03377,8,0.010335,0.008335,0.007335,20.0,0.015224,-0.00593,5,4,-0.005009,rotated_out_top8,True,0,daily
GBPCHF,SHORT,2020-09-09,2020-11-24,1.18555,1.216664,76,65,-0.0508,4,-0.026244,-0.028244,-0.029244,20.0,0.017815,-0.019651,4,64,-0.044688,rotated_out_top8,False,16,daily
CADCHF,SHORT,2020-09-09,2020-11-24,0.693519,0.700882,76,65,-0.05778,3,-0.010617,-0.012617,-0.013617,20.0,0.006675,-0.007627,46,55,-0.025847,rotated_out_top8,False,16,daily
EURGBP,LONG,2020-09-29,2020-11-24,0.912711,0.890435,56,48,0.05073,4,-0.024407,-0.026407,-0.027407,20.0,0.005903,-0.034987,3,48,-0.026617,rotated_out_top8,False,16,daily
EURUSD,LONG,2020-11-04,2020-11-24,1.17311,1.18963,20,17,0.04155,8,0.014082,0.012082,0.011082,20.0,0.016068,-0.010988,5,1,-0.009496,rotated_out_top8,True,16,daily
AUDCAD,LONG,2020-11-03,2020-11-25,0.9426,0.957148,22,19,0.03882,7,0.015433,0.013433,0.012433,20.0,0.023043,-0.023588,19,1,-0.006196,rotated_out_top8,True,16,daily
EURGBP,SHORT,2020-11-25,2020-11-27,0.890477,0.898915,2,2,-0.03368,7,-0.009476,-0.011476,-0.012476,20.0,0.0,0.0,0,0,-0.001808,rotated_out_top8,False,0,daily
AUDCAD,LONG,2020-11-27,2020-11-29,0.958652,0.960218,2,1,0.03056,8,0.001634,-0.000366,-0.001366,20.0,0.005101,-0.005219,1,1,0.0,rotated_out_top8,False,0,daily
GBPUSD,LONG,2020-11-24,2020-12-03,1.33601,1.34489,9,8,0.03268,7,0.006647,0.004647,0.003647,20.0,0.0061,-0.005524,7,4,-0.005771,rotated_out_top8,True,0,daily
EURGBP,SHORT,2020-11-29,2020-12-04,0.898093,0.902136,5,5,-0.02931,8,-0.004502,-0.006502,-0.007502,20.0,0.0,0.0,0,0,-0.012251,rotated_out_top8,False,0,daily
AUDCAD,LONG,2020-12-04,2020-12-10,0.949117,0.958279,6,5,0.03065,8,0.009653,0.007653,0.006653,20.0,0.011917,-0.007664,5,3,-0.000292,rotated_out_top8,True,0,daily
GBPCHF,SHORT,2020-12-10,2020-12-13,1.177892,1.182363,3,2,-0.03071,7,-0.003795,-0.005795,-0.006795,20.0,0.0,0.0,0,0,0.0,rotated_out_top8,False,0,daily
NZDCHF,LONG,2020-12-03,2020-12-14,0.629448,0.627702,11,9,0.03303,7,-0.002773,-0.004773,-0.005773,20.0,0.010369,-0.013769,1,7,-0.009305,rotated_out_top8,False,0,daily
CADCHF,SHORT,2020-12-14,2020-12-15,0.694783,0.697252,1,1,-0.03057,7,-0.003553,-0.005553,-0.006553,20.0,0.0,0.0,0,0,0.0,rotated_out_top8,False,0,daily
AUDCAD,LONG,2020-12-13,2020-12-16,0.962366,0.964636,3,3,0.02618,8,0.002358,0.000358,-0.000642,20.0,0.006946,-0.010366,2,3,-0.003095,rotated_out_top8,True,0,daily
CADCHF,SHORT,2020-12-16,2020-12-17,0.694521,0.694863,1,1,-0.02676,8,-0.000493,-0.002493,-0.003493,20.0,0.0,0.0,0,0,0.0,rotated_out_top8,False,0,daily
NZDCHF,LONG,2020-12-15,2020-12-18,0.627115,0.630182,3,3,0.03172,7,0.004891,0.002891,0.001891,20.0,0.012725,-0.007401,3,2,0.0,rotated_out_top8,True,0,daily
GBPCHF,SHORT,2020-12-18,2020-12-21,1.192827,1.1903,3,2,-0.03155,8,0.002118,0.000118,-0.000882,20.0,0.002525,0.0,2,0,0.0,rotated_out_top8,True,0,daily
AUDCHF,LONG,2020-11-24,2020-12-24,0.670763,0.676171,30,26,0.04838,3,0.008063,0.006063,0.005063,20.0,0.010671,-0.024633,24,12,-0.018742,rotated_out_top8,True,0,daily
NZDCHF,LONG,2020-12-21,2020-12-27,0.627961,0.632525,6,4,0.03394,7,0.007268,0.005268,0.004268,20.0,0.010662,-0.014179,4,1,-0.003169,rotated_out_top8,True,0,daily
GBPUSD,LONG,2020-12-24,2020-12-27,1.35436,1.35669,3,1,0.03136,8,0.00172,-0.00028,-0.00128,20.0,0.00553,-0.003064,1,1,0.0,rotated_out_top8,False,0,daily
AUDCHF,LONG,2020-12-27,2020-12-29,0.676723,0.672527,2,2,0.03056,8,-0.006201,-0.008201,-0.009201,20.0,0.004464,-0.00891,2,2,-0.004357,rotated_out_top8,False,0,daily
EURUSD,LONG,2020-12-17,2020-12-30,1.22603,1.22957,13,10,0.03234,7,0.002887,0.000887,-0.000113,20.0,0.001175,-0.010693,10,4,-0.006403,rotated_out_top8,True,0,daily
NZDCHF,LONG,2020-12-30,2020-12-31,0.635563,0.635313,1,1,0.03424,7,-0.000394,-0.002394,-0.003394,20.0,0.004731,-0.009653,1,1,0.0,rotated_out_top8,False,0,daily
GBPUSD,LONG,2020-12-29,2021-01-08,1.34946,1.35561,10,8,0.03648,6,0.004557,0.002557,0.001557,20.0,0.015458,-0.002646,5,1,-0.0083,rotated_out_top8,True,0,daily
AUDCHF,LONG,2021-01-08,2021-01-12,0.687083,0.688722,4,3,0.02812,7,0.002385,0.000385,-0.000615,20.0,0.008272,-0.010584,1,3,-0.003136,rotated_out_top8,True,0,daily
GBPCHF,SHORT,2020-12-27,2021-01-26,1.206491,1.217713,30,25,-0.03056,7,-0.009301,-0.011301,-0.012301,20.0,0.004344,-0.002335,3,24,-0.018349,rotated_out_top8,False,9,daily
EURUSD,LONG,2020-12-31,2021-02-04,1.22161,1.19651,35,29,0.0312,8,-0.020547,-0.022547,-0.023547,20.0,0.010879,-0.017387,5,29,-0.024705,rotated_out_top8,False,16,daily
CADCHF,SHORT,2021-01-26,2021-02-04,0.698463,0.704849,9,8,-0.02516,8,-0.009144,-0.011144,-0.012144,20.0,0.001554,-0.002483,5,8,-0.014615,rotated_out_top8,False,7,daily
AUDCHF,LONG,2021-02-04,2021-02-11,0.686843,0.689705,7,6,0.03027,7,0.004167,0.002167,0.001167,20.0,0.012995,-0.007904,5,2,-0.007405,rotated_out_top8,True,5,daily
EURGBP,SHORT,2021-02-04,2021-02-12,0.875333,0.874622,8,7,-0.02876,8,0.000812,-0.001188,-0.002188,20.0,0.0,-0.000619,0,3,-0.003513,rotated_out_top8,False,5,daily
CADCHF,SHORT,2021-02-12,2021-02-18,0.702614,0.706519,6,5,-0.0393,7,-0.005558,-0.007558,-0.008558,20.0,0.0,0.0,0,0,-0.006923,rotated_out_top8,False,0,daily
EURGBP,SHORT,2021-02-18,2021-02-23,0.865816,0.86056,5,4,-0.02422,8,0.00607,0.00407,0.00307,20.0,0.0,0.0,0,0,-0.000505,rotated_out_top8,True,0,daily
EURUSD,LONG,2021-02-11,2021-03-18,1.21295,1.19171,35,30,0.02929,7,-0.017511,-0.019511,-0.020511,20.0,0.009316,-0.024263,13,23,-0.026267,rotated_out_top8,False,19,daily
NZDCHF,LONG,2021-02-23,2021-03-19,0.663783,0.665633,24,21,0.0239,8,0.002787,0.000787,-0.000213,20.0,0.021176,-0.017971,2,4,-0.026551,rotated_out_top8,True,19,daily
EURGBP,SHORT,2021-03-19,2021-03-22,0.858578,0.860974,3,2,-0.02578,8,-0.002791,-0.004791,-0.005791,20.0,0.0,0.0,0,0,-0.000585,rotated_out_top8,False,0,daily
NZDCHF,LONG,2021-03-22,2021-03-25,0.658404,0.654307,3,3,0.03476,7,-0.006222,-0.008222,-0.009222,20.0,0.015394,-0.020469,1,2,-0.009557,rotated_out_top8,False,0,daily
EURGBP,SHORT,2021-03-25,2021-03-26,0.85664,0.855166,1,1,-0.02957,8,0.00172,-0.00028,-0.00128,20.0,0.0,0.0,0,0,0.0,rotated_out_top8,False,0,daily
AUDCHF,LONG,2021-03-18,2021-03-30,0.718849,0.716476,12,10,0.04138,6,-0.003301,-0.005301,-0.006301,20.0,0.01589,-0.024078,1,5,-0.012417,rotated_out_top8,False,0,daily
NZDUSD,LONG,2020-11-24,2021-03-31,0.69753,0.69816,127,107,0.04509,4,0.000903,-0.001097,-0.002097,20.0,0.070004,-0.007455,79,1,-0.067954,rotated_out_top8,False,40,daily
EURGBP,SHORT,2021-03-30,2021-03-31,0.852871,0.850686,1,1,-0.03135,8,0.002563,0.000563,-0.000437,20.0,0.0,0.0,0,0,0.0,rotated_out_top8,True,0,daily
NZDCHF,LONG,2021-03-31,2021-04-01,0.658965,0.66108,1,1,0.03358,8,0.003209,0.001209,0.000209,20.0,0.008241,-0.006472,1,1,0.0,rotated_out_top8,True,0,daily
USDCHF,SHORT,2020-10-15,2021-04-02,0.91459,0.94096,169,143,-0.03493,8,-0.028833,-0.030833,-0.031833,20.0,0.036082,-0.028242,69,143,-0.072174,rotated_out_top8,False,56,daily
GBPUSD,LONG,2021-01-12,2021-04-02,1.36645,1.38222,80,69,0.02277,8,0.011541,0.009541,0.008541,20.0,0.042065,-0.011775,38,1,-0.033349,rotated_out_top8,True,40,daily
NZDCAD,SHORT,2021-04-02,2021-04-05,0.881726,0.884478,3,2,-0.02921,7,-0.003121,-0.005121,-0.006121,20.0,0.0,0.0,0,0,-0.001553,rotated_out_top8,False,0,daily
GBPCHF,LONG,2021-03-26,2021-04-09,1.295016,1.266972,14,12,0.03235,8,-0.021655,-0.023655,-0.024655,20.0,0.014102,-0.022129,9,12,-0.026024,rotated_out_top8,False,0,daily
NZDUSD,LONG,2021-04-09,2021-04-13,0.70316,0.70593,4,3,0.03242,7,0.003939,0.001939,0.000939,20.0,0.00475,-0.003285,1,1,-0.00074,rotated_out_top8,True,0,daily
EURGBP,SHORT,2021-04-01,2021-04-15,0.851359,0.868394,14,12,-0.03158,8,-0.020009,-0.022009,-0.023009,20.0,0.0,-0.018224,0,9,-0.02394,rotated_out_top8,False,0,daily
GBPCHF,LONG,2021-04-13,2021-04-16,1.266112,1.273095,3,3,0.02759,8,0.005515,0.003515,0.002515,20.0,0.008302,-0.005269,3,1,-0.000434,rotated_out_top8,True,0,daily
NZDCAD,SHORT,2021-04-15,2021-04-19,0.899887,0.900164,4,3,-0.03662,5,-0.000308,-0.002308,-0.003308,20.0,0.007704,0.0,3,0,0.0,rotated_out_top8,False,0,daily
AUDUSD,LONG,2020-09-17,2021-04-20,0.73127,0.77215,215,182,0.05393,4,0.055903,0.053903,0.052903,20.0,0.094876,-0.044074,137,40,-0.052621,rotated_out_top8,True,56,daily
GBPCHF,LONG,2021-04-20,2021-04-29,1.276685,1.267861,9,8,0.02784,8,-0.006911,-0.008911,-0.009911,20.0,0.006107,-0.013486,1,8,-0.007747,rotated_out_top8,False,0,daily
CADCHF,LONG,2021-04-05,2021-05-10,0.747658,0.744604,35,30,0.02385,8,-0.004084,-0.006084,-0.007084,20.0,0.009798,-0.032511,1,15,-0.028509,rotated_out_top8,False,1,daily
GBPCHF,LONG,2021-05-10,2021-05-16,1.27236,1.270992,6,5,0.02295,7,-0.001075,-0.003075,-0.004075,20.0,0.011469,-0.010355,3,1,-0.005917,rotated_out_top8,False,3,daily
AUDCHF,LONG,2021-03-31,2021-06-01,0.716692,0.695663,62,53,0.04497,4,-0.029341,-0.031341,-0.032341,20.0,0.008741,-0.039166,5,51,-0.034169,rotated_out_top8,False,17,daily
NZDCHF,LONG,2021-04-02,2021-06-01,0.660149,0.650471,60,51,0.03331,5,-0.014661,-0.016661,-0.017661,20.0,0.010986,-0.029972,23,43,-0.02862,rotated_out_top8,False,17,daily
CADCHF,LONG,2021-05-16,2021-06-01,0.744233,0.743198,16,14,0.02027,8,-0.001391,-0.003391,-0.004391,20.0,0.010551,-0.010008,3,10,-0.011887,rotated_out_top8,False,13,daily
NZDCAD,SHORT,2021-06-01,2021-06-03,0.875232,0.865191,2,2,-0.0316,7,0.011472,0.009472,0.008472,20.0,0.0,0.0,0,0,0.0,rotated_out_top8,True,0,daily
USDCHF,SHORT,2021-06-03,2021-06-08,0.90345,0.89687,5,4,-0.02816,8,0.007283,0.005283,0.004283,20.0,0.004627,0.0,3,0,-0.000221,rotated_out_top8,True,3,daily
AUDCAD,SHORT,2021-06-01,2021-06-10,0.936041,0.936975,9,8,-0.02951,8,-0.000998,-0.002998,-0.003998,20.0,0.000829,0.0,5,0,-0.010335,rotated_out_top8,False,3,daily
USDCHF,SHORT,2021-06-10,2021-06-11,0.89455,0.89773,1,1,-0.02972,8,-0.003555,-0.005555,-0.006555,20.0,0.0,0.0,0,0,0.0,rotated_out_top8,False,0,daily
NZDCAD,SHORT,2021-06-08,2021-06-16,0.870676,0.867946,8,7,-0.03205,8,0.003136,0.001136,0.000136,20.0,0.002979,0.0,5,0,-0.001618,rotated_out_top8,True,0,daily
AUDCAD,SHORT,2021-06-11,2021-06-16,0.936561,0.934809,5,4,-0.03339,8,0.001871,-0.000129,-0.001129,20.0,0.0,0.0,0,0,-0.000599,rotated_out_top8,False,0,daily
AUDUSD,LONG,2021-04-29,2021-06-18,0.77764,0.74788,50,43,0.02778,7,-0.03827,-0.04027,-0.04127,20.0,0.014621,-0.030528,10,43,-0.038771,rotated_out_top8,False,20,daily
NZDCHF,LONG,2021-06-16,2021-06-20,0.642347,0.640842,4,3,0.02439,8,-0.002343,-0.004343,-0.005343,20.0,0.015681,-0.015961,2,1,-0.006013,rotated_out_top8,False,0,daily
AUDCAD,SHORT,2021-06-18,2021-06-24,0.932345,0.93407,6,5,-0.02936,6,-0.001851,-0.003851,-0.004851,20.0,0.0,0.0,0,0,-0.002029,rotated_out_top8,False,3,daily
NZDCAD,SHORT,2021-06-20,2021-06-28,0.864893,0.869207,8,7,-0.02389,8,-0.004988,-0.006988,-0.007988,20.0,0.0,-0.00226,0,7,-0.007411,rotated_out_top8,False,3,daily
NZDCHF,LONG,2021-06-28,2021-06-29,0.648042,0.643511,1,1,0.01946,8,-0.006991,-0.008991,-0.009991,20.0,0.007475,-0.005361,1,1,0.0,rotated_out_top8,False,0,daily
GBPUSD,LONG,2021-06-01,2021-06-30,1.4155,1.38279,29,25,0.03656,5,-0.023108,-0.025108,-0.026108,20.0,0.006499,-0.026069,1,18,-0.026669,rotated_out_top8,False,6,daily
AUDCHF,LONG,2021-06-29,2021-07-01,0.691839,0.691143,2,2,0.01731,8,-0.001005,-0.003005,-0.004005,20.0,0.010204,-0.003206,1,2,0.0,rotated_out_top8,False,0,daily
NZDUSD,LONG,2021-04-19,2021-07-04,0.71882,0.70239,76,65,0.02789,8,-0.022857,-0.024857,-0.025857,20.0,0.017751,-0.037019,33,53,-0.050472,rotated_out_top8,False,24,daily
GBPUSD,LONG,2021-07-01,2021-07-07,1.37586,1.37991,6,5,0.03034,8,0.002944,0.000944,-5.6e-05,20.0,0.01011,-0.002028,5,2,-0.003583,rotated_out_top8,True,1,daily
USDCHF,SHORT,2021-06-16,2021-07-08,0.90863,0.91474,22,19,-0.03301,5,-0.006724,-0.008724,-0.009724,20.0,0.0,-0.016409,0,14,-0.018974,rotated_out_top8,False,4,daily
AUDUSD,LONG,2021-06-24,2021-07-08,0.7581,0.74322,14,12,0.02682,8,-0.019628,-0.021628,-0.022628,20.0,0.004604,-0.018085,2,8,-0.017029,rotated_out_top8,False,1,daily
AUDCAD,SHORT,2021-07-07,2021-07-11,0.933908,0.932196,4,3,-0.01905,8,0.001834,-0.000166,-0.001166,20.0,0.0,0.0,0,0,-0.000956,rotated_out_top8,False,1,daily
GBPUSD,LONG,2021-07-08,2021-07-11,1.37893,1.38981,3,2,0.02558,7,0.00789,0.00589,0.00489,20.0,0.008064,-0.003474,2,1,0.0,rotated_out_top8,True,1,daily
CADCHF,LONG,2021-07-04,2021-07-12,0.747551,0.734621,8,7,0.02193,8,-0.017296,-0.019296,-0.020296,20.0,0.00593,-0.029596,3,5,-0.02344,rotated_out_top8,False,1,daily
AUDCHF,LONG,2021-07-11,2021-07-12,0.684508,0.684146,1,1,0.02997,5,-0.000529,-0.002529,-0.003529,20.0,0.00087,-0.002069,1,1,0.0,rotated_out_top8,False,0,daily
AUDUSD,LONG,2021-07-11,2021-07-13,0.74889,0.7439,2,2,0.02471,7,-0.006663,-0.008663,-0.009663,20.0,0.000855,-0.005488,2,2,-0.001589,rotated_out_top8,False,0,daily
USDCHF,SHORT,2021-07-12,2021-07-13,0.915,0.91888,1,1,-0.02418,7,-0.00424,-0.00624,-0.00724,20.0,0.0,0.0,0,0,0.0,rotated_out_top8,False,0,daily
AUDCAD,SHORT,2021-07-13,2021-07-14,0.931422,0.936124,1,1,-0.01824,8,-0.005048,-0.007048,-0.008048,20.0,0.0,0.0,0,0,0.0,rotated_out_top8,False,0,daily
GBPUSD,LONG,2021-07-12,2021-07-15,1.38858,1.38276,3,3,0.02897,5,-0.004191,-0.006191,-0.007191,20.0,0.001714,-0.006215,1,2,-0.005819,rotated_out_top8,False,0,daily
USDCHF,SHORT,2021-07-14,2021-07-15,0.9147,0.91783,1,1,-0.02058,8,-0.003422,-0.005422,-0.006422,20.0,0.0,0.0,0,0,0.0,rotated_out_top8,False,0,daily
AUDCAD,SHORT,2021-07-15,2021-07-16,0.934537,0.932914,1,1,-0.02156,8,0.001736,-0.000264,-0.001264,20.0,0.0,0.0,0,0,0.0,rotated_out_top8,False,0,daily
NZDCHF,LONG,2021-07-15,2021-07-19,0.64338,0.636399,4,3,0.02492,6,-0.010851,-0.012851,-0.013851,20.0,0.00577,-0.013123,1,1,-0.002075,rotated_out_top8,False,0,daily
AUDCHF,LONG,2021-07-16,2021-07-19,0.680091,0.673982,3,2,0.01928,8,-0.008983,-0.010983,-0.011983,20.0,0.007087,-0.002988,1,1,-0.002259,rotated_out_top8,False,0,daily
GBPCHF,LONG,2021-07-08,2021-08-03,1.261362,1.257713,26,22,0.02766,6,-0.002893,-0.004893,-0.005893,20.0,0.014171,-0.013108,5,11,-0.011801,rotated_out_top8,False,1,daily
GBPUSD,LONG,2021-07-19,2021-08-03,1.36683,1.39166,15,13,0.02226,7,0.018166,0.016166,0.015166,20.0,0.023017,-0.007075,11,2,-0.005334,rotated_out_top8,True,0,daily
EURUSD,SHORT,2021-08-03,2021-08-05,1.18689,1.18327,2,2,-0.02314,8,0.00305,0.00105,5e-05,20.0,0.0,0.0,0,0,0.0,rotated_out_top8,True,0,daily
CADCHF,LONG,2021-07-13,2021-08-09,0.733883,0.732318,27,23,0.02971,3,-0.002133,-0.004133,-0.005133,20.0,0.00879,-0.025138,2,6,-0.018108,rotated_out_top8,False,0,daily
GBPCHF,LONG,2021-08-05,2021-08-09,1.262622,1.275041,4,3,0.02703,7,0.009836,0.007836,0.006836,20.0,0.01022,-0.005706,2,1,0.0,rotated_out_top8,True,0,daily
NZDCHF,SHORT,2021-08-09,2021-08-10,0.643727,0.646483,1,1,-0.02533,8,-0.00428,-0.00628,-0.00728,20.0,0.0,0.0,0,0,0.0,rotated_out_top8,False,0,daily
AUDUSD,SHORT,2021-08-09,2021-08-10,0.73292,0.7343,1,1,-0.02686,7,-0.001883,-0.003883,-0.004883,20.0,0.0,0.0,0,0,0.0,rotated_out_top8,False,0,daily
EURUSD,SHORT,2021-08-10,2021-08-11,1.17192,1.17414,1,1,-0.0288,8,-0.001894,-0.003894,-0.004894,20.0,0.0,0.0,0,0,0.0,rotated_out_top8,False,0,daily
NZDUSD,SHORT,2021-08-03,2021-08-12,0.7044,0.70032,9,8,-0.03229,5,0.005792,0.003792,0.002792,20.0,0.004642,0.0,5,0,-0.00707,rotated_out_top8,True,0,daily
USDCAD,SHORT,2020-11-24,2021-08-13,1.29932,1.25144,262,223,-0.04344,5,0.03685,0.03485,0.03385,20.0,0.070652,0.0,153,0,-0.054582,rotated_out_top8,True,65,daily
NZDUSD,SHORT,2021-08-13,2021-08-15,0.7038,0.70377,2,1,-0.0274,8,4.3e-05,-0.001957,-0.002957,20.0,0.0,0.0,0,0,0.0,rotated_out_top8,False,0,daily
EURUSD,SHORT,2021-08-12,2021-08-16,1.17352,1.17774,4,3,-0.02897,8,-0.003596,-0.005596,-0.006596,20.0,0.0,-0.004738,0,3,-0.005096,rotated_out_top8,False,0,daily
CADCHF,LONG,2021-08-10,2021-08-19,0.737255,0.716179,9,8,0.03824,4,-0.028588,-0.030588,-0.031588,20.0,0.003738,-0.024191,2,7,-0.017249,rotated_out_top8,False,0,daily
USDCAD,SHORT,2021-08-15,2021-08-24,1.25178,1.25963,9,8,-0.02636,8,-0.006271,-0.008271,-0.009271,20.0,0.0,-0.023622,0,6,-0.024988,rotated_out_top8,False,0,daily
NZDUSD,SHORT,2021-08-16,2021-08-24,0.70267,0.69363,8,7,-0.02622,7,0.012865,0.010865,0.009865,20.0,0.027296,0.0,6,0,-0.010545,rotated_out_top8,True,0,daily
EURUSD,SHORT,2021-08-24,2021-08-26,1.17523,1.17531,2,2,-0.02789,7,-6.8e-05,-0.002068,-0.003068,20.0,0.0,0.0,0,0,-0.001625,rotated_out_top8,False,0,daily
USDCAD,SHORT,2021-08-26,2021-08-27,1.26847,1.26109,1,1,-0.02997,8,0.005818,0.003818,0.002818,20.0,0.0,0.0,0,0,0.0,rotated_out_top8,True,0,daily
NZDUSD,SHORT,2021-08-27,2021-08-29,0.70116,0.70105,2,1,-0.03521,6,0.000157,-0.001843,-0.002843,20.0,0.0,0.0,0,0,0.0,rotated_out_top8,False,0,daily
USDCAD,SHORT,2021-08-29,2021-09-06,1.26117,1.25335,8,7,-0.03006,8,0.006201,0.004201,0.003201,20.0,0.006431,0.0,7,0,-0.001015,rotated_out_top8,True,0,daily
EURUSD,SHORT,2021-09-06,2021-09-07,1.18729,1.18427,1,1,-0.02453,8,0.002544,0.000544,-0.000456,20.0,0.0,0.0,0,0,0.0,rotated_out_top8,True,0,daily
GBPCHF,LONG,2021-08-11,2021-09-08,1.27784,1.268973,28,24,0.03066,7,-0.006939,-0.008939,-0.009939,20.0,0.004376,-0.027784,1,11,-0.02255,rotated_out_top8,False,0,daily
EURGBP,SHORT,2021-04-16,2021-09-09,0.865705,0.854391,146,125,-0.02782,8,0.013069,0.011069,0.010069,20.0,0.019827,-0.006273,98,8,-0.015058,rotated_out_top8,True,25,daily
AUDCHF,SHORT,2021-09-08,2021-09-09,0.678498,0.675193,1,1,-0.02386,8,0.004872,0.002872,0.001872,20.0,0.0,0.0,0,0,0.0,rotated_out_top8,True,0,daily
CADCHF,LONG,2021-08-24,2021-09-10,0.724935,0.723395,17,15,0.02485,8,-0.002124,-0.004124,-0.005124,20.0,0.01357,-0.011544,13,4,-0.008626,rotated_out_top8,False,0,daily
EURUSD,SHORT,2021-09-09,2021-09-12,1.18228,1.1811,3,2,-0.02467,8,0.000998,-0.001002,-0.002002,20.0,0.0,0.0,0,0,0.0,rotated_out_top8,False,0,daily
USDCHF,LONG,2021-09-09,2021-09-13,0.91651,0.92222,4,3,0.02806,6,0.00623,0.00423,0.00323,20.0,0.006285,-0.001702,1,2,0.0,rotated_out_top8,True,0,daily
EURGBP,SHORT,2021-09-13,2021-09-16,0.853446,0.852641,3,3,-0.02519,7,0.000943,-0.001057,-0.002057,20.0,0.0,0.0,0,0,-0.001534,rotated_out_top8,False,0,daily
USDCHF,LONG,2021-09-16,2021-09-17,0.92732,0.93223,1,1,0.02554,8,0.005295,0.003295,0.002295,20.0,0.000464,-0.008595,1,1,0.0,rotated_out_top8,True,0,daily
EURGBP,SHORT,2021-09-17,2021-09-19,0.854019,0.854364,2,1,-0.02538,8,-0.000404,-0.002404,-0.003404,20.0,0.0,0.0,0,0,0.0,rotated_out_top8,False,0,daily
NZDCAD,SHORT,2021-06-30,2021-09-24,0.866867,0.886706,86,74,-0.02213,7,-0.022886,-0.024886,-0.025886,20.0,0.0,-0.039419,0,64,-0.042003,rotated_out_top8,False,2,daily
NZDUSD,SHORT,2021-09-07,2021-09-24,0.70958,0.70107,17,15,-0.03822,4,0.011993,0.009993,0.008993,20.0,0.008498,-0.001917,11,5,-0.010485,rotated_out_top8,True,0,daily
AUDCHF,SHORT,2021-09-10,2021-09-24,0.674958,0.671001,14,12,-0.03165,6,0.005862,0.003862,0.002862,20.0,0.0,-0.001163,0,8,-0.010634,rotated_out_top8,True,0,daily
EURGBP,SHORT,2021-09-24,2021-09-26,0.857254,0.857618,2,1,-0.02531,7,-0.000426,-0.002426,-0.003426,20.0,0.0,0.0,0,0,0.0,rotated_out_top8,False,0,daily
NZDCAD,SHORT,2021-09-26,2021-09-27,0.887378,0.884604,1,1,-0.0232,8,0.003126,0.001126,0.000126,20.0,0.0,0.0,0,0,0.0,rotated_out_top8,True,0,daily
USDCAD,SHORT,2021-09-24,2021-09-28,1.26479,1.26763,4,3,-0.03649,4,-0.002245,-0.004245,-0.005245,20.0,0.0,0.0,0,0,-8.7e-05,rotated_out_top8,False,0,daily
CADCHF,LONG,2021-09-12,2021-09-29,0.724144,0.732558,17,15,0.02164,8,0.011619,0.009619,0.008619,20.0,0.020064,-0.008487,15,9,-0.014774,rotated_out_top8,True,0,daily
NZDCAD,SHORT,2021-09-28,2021-09-29,0.882093,0.876248,1,1,-0.02319,8,0.006626,0.004626,0.003626,20.0,0.0,0.0,0,0,0.0,rotated_out_top8,True,0,daily
AUDNZD,SHORT,2021-09-24,2021-09-30,1.035474,1.048252,6,5,-0.02524,8,-0.01234,-0.01434,-0.01534,20.0,0.0,0.0,0,0,-0.008921,rotated_out_top8,False,0,daily
AUDCHF,SHORT,2021-09-29,2021-10-10,0.670602,0.676743,11,9,-0.03024,4,-0.009156,-0.011156,-0.012156,20.0,0.0,-0.006157,0,9,-0.013024,rotated_out_top8,False,7,daily
EURGBP,SHORT,2021-09-27,2021-10-11,0.853646,0.850065,14,12,-0.02426,8,0.004194,0.002194,0.001194,20.0,0.003474,-0.002042,12,4,-0.012142,rotated_out_top8,True,7,daily
CADCHF,LONG,2021-09-30,2021-10-12,0.735175,0.745844,12,10,0.02666,7,0.014513,0.012513,0.011513,20.0,0.016579,-0.008947,8,2,-0.002028,rotated_out_top8,True,7,daily
NZDCAD,SHORT,2021-10-10,2021-10-12,0.863869,0.863668,2,2,-0.02603,8,0.000233,-0.001767,-0.002767,20.0,0.0,0.0,0,0,-0.002815,rotated_out_top8,False,0,daily
GBPCHF,LONG,2021-09-19,2021-10-13,1.279486,1.263055,24,21,0.02613,8,-0.012842,-0.014842,-0.015842,20.0,0.001765,-0.02739,1,10,-0.019597,rotated_out_top8,False,7,daily
EURGBP,SHORT,2021-10-12,2021-10-13,0.849288,0.848435,1,1,-0.02656,8,0.001004,-0.000996,-0.001996,20.0,0.0,0.0,0,0,0.0,rotated_out_top8,False,0,daily
USDCHF,LONG,2021-10-11,2021-10-14,0.92755,0.92433,3,3,0.02782,6,-0.003472,-0.005472,-0.006472,20.0,0.004021,-0.004625,2,3,-0.006975,rotated_out_top8,False,0,daily
GBPCHF,LONG,2021-10-14,2021-10-15,1.263347,1.268769,1,1,0.02427,8,0.004292,0.002292,0.001292,20.0,0.004876,-0.006068,1,1,0.0,rotated_out_top8,True,0,daily
BTCUSD,LONG,2020-09-09,2021-10-18,10222.06,61943.01,404,404,0.1,1,5.059738,5.057738,5.056738,20.0,5.33475,-0.024796,218,1,-3.296665,sign_flip,True,105,daily
AUDCHF,SHORT,2021-10-12,2021-10-20,0.682231,0.690521,8,7,-0.02675,7,-0.012151,-0.014151,-0.015151,20.0,0.0,-0.002414,0,5,-0.011309,rotated_out_top8,False,0,daily
GBPUSD,SHORT,2021-10-20,2021-10-21,1.38214,1.37907,1,1,-0.02315,8,0.002221,0.000221,-0.000779,20.0,0.0,0.0,0,0,0.0,rotated_out_top8,True,0,daily
BTCUSD,SHORT,2021-10-18,2021-10-22,61943.01,60604.98,4,4,-0.1,1,0.021601,0.019601,0.018601,20.0,0.0,-0.023717,0,3,-0.065678,sign_flip,True,0,daily
GBPCHF,LONG,2021-10-21,2021-10-22,1.266138,1.260288,1,1,0.02307,8,-0.00462,-0.00662,-0.00762,20.0,0.00574,-0.002335,1,1,0.0,rotated_out_top8,False,0,daily
EURUSD,SHORT,2021-10-22,2021-10-24,1.16439,1.16386,2,1,-0.02454,8,0.000455,-0.001545,-0.002545,20.0,0.0,0.0,0,0,0.0,rotated_out_top8,False,0,daily
BTCUSD,LONG,2021-10-22,2021-10-24,60604.98,60783.71,2,2,0.1,1,0.002949,0.000949,-5.1e-05,20.0,0.050638,-0.01723,1,2,0.0,sign_flip,True,0,daily
GBPCHF,LONG,2021-10-24,2021-10-25,1.261393,1.266035,1,1,0.02325,8,0.003681,0.001681,0.000681,20.0,0.000469,-0.002318,1,1,0.0,rotated_out_top8,True,0,daily
BTCUSD,SHORT,2021-10-24,2021-10-25,60783.71,63072.93,1,1,-0.04839,2,-0.037662,-0.039662,-0.040662,20.0,0.0,0.0,0,0,0.0,sign_flip,False,0,daily
EURUSD,SHORT,2021-10-25,2021-10-26,1.16083,1.15958,1,1,-0.02454,8,0.001077,-0.000923,-0.001923,20.0,0.0,0.0,0,0,0.0,rotated_out_top8,False,0,daily
GBPCHF,LONG,2021-10-26,2021-10-27,1.265967,1.260712,1,1,0.02329,8,-0.004151,-0.006151,-0.007151,20.0,0.007781,-0.001777,1,1,0.0,rotated_out_top8,False,0,daily
AUDCHF,SHORT,2021-10-27,2021-10-28,0.688542,0.686532,1,1,-0.03236,7,0.002921,0.000921,-7.9e-05,20.0,0.0,0.0,0,0,0.0,rotated_out_top8,True,0,daily
BTCUSD,LONG,2021-10-25,2021-10-29,63072.93,62263.23,4,4,0.1,1,-0.012838,-0.014838,-0.015838,20.0,0.009423,-0.087324,1,4,-0.07407,sign_flip,False,0,daily
GBPUSD,SHORT,2021-10-28,2021-10-29,1.3798,1.36917,1,1,-0.02562,8,0.007704,0.005704,0.004704,20.0,0.0,0.0,0,0,0.0,rotated_out_top8,True,0,daily
USDCHF,LONG,2021-10-15,2021-11-01,0.92311,0.90935,17,14,0.02727,8,-0.014906,-0.016906,-0.017906,20.0,0.004517,-0.014007,3,13,-0.012815,rotated_out_top8,False,0,daily
BTCUSD,SHORT,2021-10-29,2021-11-01,62263.23,60874.02,3,3,-0.1,1,0.022312,0.020312,0.019312,20.0,0.0,0.0,0,0,0.0,sign_flip,True,0,daily
CADCHF,LONG,2021-10-13,2021-11-03,0.742933,0.736243,21,18,0.03618,6,-0.009005,-0.011005,-0.012005,20.0,0.011885,-0.015238,7,18,-0.016447,rotated_out_top8,False,0,daily
NZDCHF,SHORT,2021-11-03,2021-11-04,0.653849,0.648665,1,1,-0.02942,7,0.007928,0.005928,0.004928,20.0,0.0,0.0,0,0,0.0,rotated_out_top8,True,0,daily
AUDCHF,SHORT,2021-10-29,2021-11-05,0.688385,0.675049,7,6,-0.02875,8,0.019372,0.017372,0.016372,20.0,0.007672,0.0,6,0,-0.000636,rotated_out_top8,True,0,daily
USDCAD,SHORT,2021-11-05,2021-11-07,1.24547,1.24505,2,1,-0.02812,7,0.000337,-0.001663,-0.002663,20.0,0.0,0.0,0,0,0.0,rotated_out_top8,False,0,daily
EURGBP,SHORT,2021-11-07,2021-11-08,0.857509,0.854333,1,1,-0.02499,8,0.003704,0.001704,0.000704,20.0,0.0,0.0,0,0,0.0,rotated_out_top8,True,0,daily
NZDUSD,SHORT,2021-09-29,2021-11-09,0.68707,0.71227,41,35,-0.02833,5,-0.036677,-0.038677,-0.039677,20.0,0.0,-0.042106,0,29,-0.047535,rotated_out_top8,False,7,daily
EURGBP,SHORT,2021-11-09,2021-11-10,0.855022,0.856356,1,1,-0.01893,8,-0.00156,-0.00356,-0.00456,20.0,0.0,0.0,0,0,0.0,rotated_out_top8,False,0,daily
CADCHF,LONG,2021-11-04,2021-11-11,0.732891,0.731818,7,6,0.03153,6,-0.001463,-0.003463,-0.004463,20.0,0.011864,-0.006019,6,6,-0.002115,rotated_out_top8,False,0,daily
EURUSD,SHORT,2021-11-01,2021-11-12,1.1599,1.1443,11,10,-0.02514,8,0.013449,0.011449,0.010449,20.0,0.009647,0.0,10,0,-0.003319,rotated_out_top8,True,0,daily
USDCAD,SHORT,2021-11-12,2021-11-14,1.25482,1.25451,2,1,-0.0212,7,0.000247,-0.001753,-0.002753,20.0,0.0,0.0,0,0,0.0,rotated_out_top8,False,0,daily
NZDCAD,SHORT,2021-10-13,2021-11-15,0.867068,0.881223,33,28,-0.03632,5,-0.016325,-0.018325,-0.019325,20.0,0.0,-0.020082,0,16,-0.027557,rotated_out_top8,False,0,daily
EURUSD,SHORT,2021-11-14,2021-11-15,1.14409,1.13665,1,1,-0.01962,8,0.006503,0.004503,0.003503,20.0,0.0,0.0,0,0,0.0,rotated_out_top8,True,0,daily
USDCAD,SHORT,2021-11-15,2021-11-16,1.2514,1.25651,1,1,-0.0231,6,-0.004083,-0.006083,-0.007083,20.0,0.0,0.0,0,0,0.0,rotated_out_top8,False,0,daily
NZDUSD,LONG,2021-11-15,2021-11-16,0.70419,0.69887,1,1,0.02155,8,-0.007555,-0.009555,-0.010555,20.0,0.00541,-0.001519,1,1,0.0,rotated_out_top8,False,0,daily
AUDNZD,SHORT,2021-11-11,2021-11-17,1.038624,1.037962,6,5,-0.01822,8,0.000638,-0.001362,-0.002362,20.0,0.0,-0.000721,0,3,-0.005754,rotated_out_top8,False,0,daily
NZDCAD,SHORT,2021-11-16,2021-11-18,0.878137,0.887309,2,2,-0.01786,7,-0.010444,-0.012444,-0.013444,20.0,0.0,0.0,0,0,-0.005486,rotated_out_top8,False,0,daily
AUDNZD,SHORT,2021-11-18,2021-11-19,1.033436,1.033778,1,1,-0.02213,7,-0.000331,-0.002331,-0.003331,20.0,0.0,0.0,0,0,0.0,rotated_out_top8,False,0,daily
NZDUSD,LONG,2021-11-19,2021-11-22,0.69957,0.69477,3,2,0.02238,8,-0.006861,-0.008861,-0.009861,20.0,0.00709,-0.001315,1,2,-0.000958,rotated_out_top8,False,0,daily
EURCHF,SHORT,2021-11-10,2021-11-24,1.054252,1.046338,14,12,-0.02646,7,0.007507,0.005507,0.004507,20.0,0.004888,0.0,10,0,-0.001876,rotated_out_top8,True,0,daily
EURUSD,SHORT,2021-11-16,2021-11-25,1.13176,1.12086,9,8,-0.02319,6,0.009631,0.007631,0.006631,20.0,0.00554,0.0,8,0,-0.004436,rotated_out_top8,True,0,daily
NZDCHF,SHORT,2021-11-24,2021-11-25,0.641987,0.639884,1,1,-0.0261,7,0.003276,0.001276,0.000276,20.0,0.0,0.0,0,0,0.0,rotated_out_top8,True,0,daily
BTCUSD,LONG,2021-11-01,2021-12-20,60874.02,46878.13,49,49,0.1,1,-0.229916,-0.231916,-0.232916,20.0,0.133221,-0.311066,10,34,-0.351688,sign_flip,False,24,daily
AUDNZD,SHORT,2021-11-22,2021-12-20,1.040114,1.059214,28,24,-0.01798,8,-0.018363,-0.020363,-0.021363,20.0,0.0,-0.014228,0,24,-0.019835,rotated_out_top8,False,20,daily
EURCHF,SHORT,2021-11-25,2021-12-20,1.048307,1.039392,25,21,-0.02355,7,0.008504,0.006504,0.005504,20.0,0.008773,0.0,9,0,-0.006056,rotated_out_top8,True,20,daily
GBPCHF,SHORT,2021-11-17,2021-12-23,1.252397,1.231746,36,31,-0.02905,5,0.016489,0.014489,0.013489,20.0,0.028553,0.0,16,0,-0.010328,rotated_out_top8,True,22,daily
GBPUSD,SHORT,2021-11-25,2021-12-23,1.33113,1.34053,28,24,-0.02253,8,-0.007062,-0.009062,-0.010062,20.0,0.006566,-0.001052,13,3,-0.010653,rotated_out_top8,False,22,daily
NZDCHF,SHORT,2021-12-23,2021-12-27,0.625884,0.624994,4,3,-0.04045,4,0.001421,-0.000579,-0.001579,20.0,0.0,0.0,0,0,-0.000824,rotated_out_top8,False,0,daily
USDCAD,LONG,2021-12-20,2021-12-28,1.29356,1.28145,8,7,0.03169,5,-0.009362,-0.011362,-0.012362,20.0,0.002126,-0.012245,1,7,-0.011457,rotated_out_top8,False,2,daily
GBPUSD,SHORT,2021-12-27,2021-12-28,1.3441,1.34327,1,1,-0.03107,8,0.000618,-0.001382,-0.002382,20.0,0.0,0.0,0,0,0.0,rotated_out_top8,False,0,daily
USDCHF,LONG,2021-12-28,2021-12-29,0.91711,0.91387,1,1,0.03282,8,-0.003533,-0.005533,-0.006533,20.0,0.002072,-0.001341,1,1,0.0,rotated_out_top8,False,0,daily
CADCHF,LONG,2021-12-28,2021-12-29,0.715681,0.71495,1,1,0.03866,4,-0.001023,-0.003023,-0.004023,20.0,0.004651,-0.002649,1,1,0.0,rotated_out_top8,False,0,daily
NZDCHF,SHORT,2021-12-29,2021-12-30,0.624904,0.624011,1,1,-0.03041,8,0.001429,-0.000571,-0.001571,20.0,0.0,0.0,0,0,0.0,rotated_out_top8,False,0,daily
USDCHF,LONG,2021-12-30,2021-12-31,0.91386,0.91172,1,1,0.02962,8,-0.002342,-0.004342,-0.005342,20.0,0.004618,-0.00104,1,1,0.0,rotated_out_top8,False,0,daily
BTCUSD,SHORT,2021-12-20,2022-01-01,46878.13,47706.75,12,12,-0.1,1,-0.017676,-0.019676,-0.020676,20.0,0.0,-0.075462,0,8,-0.083242,sign_flip,False,2,daily
AUDCAD,SHORT,2021-07-19,2022-01-03,0.935316,0.917433,168,144,-0.01826,8,0.01912,0.01712,0.01612,20.0,0.036858,0.0,120,0,-0.030834,rotated_out_top8,True,29,daily
BTCUSD,LONG,2022-01-01,2022-01-03,47706.75,46404.62,2,2,0.04839,3,-0.027294,-0.029294,-0.030294,20.0,0.004782,-0.033086,2,1,-0.009021,sign_flip,False,0,daily
USDCHF,LONG,2022-01-03,2022-01-09,0.91834,0.91884,6,5,0.02508,8,0.000544,-0.001456,-0.002456,20.0,0.005281,-0.007405,5,1,-0.003289,rotated_out_top8,False,0,daily
CADCHF,SHORT,2022-01-09,2022-01-10,0.726545,0.732081,1,1,-0.02532,8,-0.007619,-0.009619,-0.010619,20.0,0.0,0.0,0,0,0.0,rotated_out_top8,False,0,daily
USDCHF,LONG,2022-01-10,2022-01-11,0.92718,0.92348,1,1,0.0293,8,-0.003991,-0.005991,-0.006991,20.0,0.000313,-0.009319,1,1,0.0,rotated_out_top8,False,0,daily
CADCHF,SHORT,2022-01-11,2022-01-14,0.734284,0.728352,3,3,-0.03042,8,0.008079,0.006079,0.005079,20.0,0.0,0.0,0,0,0.0,rotated_out_top8,True,0,daily
NZDCHF,SHORT,2021-12-31,2022-01-19,0.623981,0.620642,19,16,-0.03445,7,0.005352,0.003352,0.002352,20.0,0.001876,0.0,8,0,-0.010128,rotated_out_top8,True,0,daily
USDCHF,LONG,2022-01-14,2022-01-19,0.9139,0.91559,5,4,0.03551,8,0.001849,-0.000151,-0.001151,20.0,0.004344,-0.004913,4,1,-0.000536,rotated_out_top8,False,0,daily
NZDCAD,LONG,2022-01-19,2022-01-20,0.847996,0.843586,1,1,0.03228,8,-0.005201,-0.007201,-0.008201,20.0,0.005904,-0.007049,1,1,0.0,rotated_out_top8,False,0,daily
CADCHF,SHORT,2022-01-19,2022-01-20,0.731892,0.733543,1,1,-0.04409,5,-0.002256,-0.004256,-0.005256,20.0,0.0,0.0,0,0,0.0,rotated_out_top8,False,0,daily
BTCUSD,SHORT,2022-01-03,2022-01-22,46404.62,35043.72,19,19,-0.1,1,0.244823,0.242823,0.241823,20.0,0.114281,0.0,19,0,-0.051291,sign_flip,True,0,daily
USDCHF,LONG,2022-01-20,2022-01-23,0.9169,0.91258,3,2,0.03103,8,-0.004712,-0.006712,-0.007712,20.0,0.001309,-0.00674,1,2,-0.005431,rotated_out_top8,False,0,daily
CADCHF,SHORT,2022-01-23,2022-01-25,0.72653,0.727521,2,2,-0.03668,8,-0.001364,-0.003364,-0.004364,20.0,0.0,0.0,0,0,0.0,rotated_out_top8,False,0,daily
USDCHF,LONG,2022-01-25,2022-01-26,0.91787,0.92395,1,1,0.03161,7,0.006624,0.004624,0.003624,20.0,0.002658,-0.004173,1,1,0.0,rotated_out_top8,True,0,daily
NZDCHF,SHORT,2022-01-20,2022-01-27,0.618807,0.612843,7,6,-0.03611,7,0.009638,0.007638,0.006638,20.0,0.008811,0.0,3,0,-0.005121,rotated_out_top8,True,0,daily
CADCHF,SHORT,2022-01-26,2022-01-27,0.730078,0.7304,1,1,-0.03023,8,-0.000442,-0.002442,-0.003442,20.0,0.0,0.0,0,0,0.0,rotated_out_top8,False,0,daily
GBPUSD,SHORT,2022-01-27,2022-01-28,1.33867,1.33969,1,1,-0.02707,8,-0.000762,-0.002762,-0.003762,20.0,0.0,0.0,0,0,0.0,rotated_out_top8,False,0,daily
NZDCHF,SHORT,2022-01-28,2022-01-31,0.609087,0.609649,3,2,-0.02722,8,-0.000923,-0.002923,-0.003923,20.0,0.0,0.0,0,0,-0.001334,rotated_out_top8,False,0,daily
GBPUSD,SHORT,2022-01-31,2022-02-01,1.34443,1.3524,1,1,-0.02418,8,-0.005928,-0.007928,-0.008928,20.0,0.0,0.0,0,0,0.0,rotated_out_top8,False,0,daily
USDCHF,LONG,2022-01-27,2022-02-02,0.93099,0.91901,6,5,0.03406,7,-0.012868,-0.014868,-0.015868,20.0,0.003512,-0.011418,4,5,-0.010849,rotated_out_top8,False,0,daily
EURCHF,SHORT,2022-02-01,2022-02-10,1.03824,1.0564,9,8,-0.02483,8,-0.017491,-0.019491,-0.020491,20.0,0.0,-0.019827,0,5,-0.020773,rotated_out_top8,False,5,daily
NZDCHF,SHORT,2022-02-02,2022-02-15,0.607493,0.614348,13,11,-0.03207,7,-0.011284,-0.013284,-0.014284,20.0,0.0,-0.010394,0,8,-0.015923,rotated_out_top8,False,5,daily
BTCUSD,LONG,2022-01-22,2022-02-16,35043.72,43886.21,25,25,0.1,1,0.252327,0.250327,0.249327,20.0,0.306989,-0.060434,20,3,-0.068266,rotated_out_top8,True,6,daily
EURCHF,SHORT,2022-02-15,2022-02-17,1.050851,1.045167,2,2,-0.03255,8,0.005408,0.003408,0.002408,20.0,0.0,0.0,0,0,0.0,rotated_out_top8,True,0,daily
NZDCHF,SHORT,2022-02-16,2022-02-17,0.615717,0.615166,1,1,-0.02917,8,0.000896,-0.001104,-0.002104,20.0,0.0,0.0,0,0,0.0,rotated_out_top8,False,0,daily
GBPUSD,SHORT,2022-02-17,2022-02-18,1.36141,1.35907,1,1,-0.02853,8,0.001719,-0.000281,-0.001281,20.0,0.0,0.0,0,0,0.0,rotated_out_top8,False,0,daily
BTCUSD,LONG,2022-02-17,2022-02-20,40516.64,38381.35,3,3,0.1,1,-0.052702,-0.054702,-0.055702,20.0,0.090726,-0.026598,1,2,-0.013585,rotated_out_top8,False,0,daily
NZDCHF,SHORT,2022-02-18,2022-02-20,0.616608,0.615896,2,1,-0.03225,8,0.001154,-0.000846,-0.001846,20.0,0.0,0.0,0,0,0.0,rotated_out_top8,False,0,daily
GBPUSD,SHORT,2022-02-20,2022-02-21,1.35909,1.35941,1,1,-0.02679,8,-0.000235,-0.002235,-0.003235,20.0,0.0,0.0,0,0,0.0,rotated_out_top8,False,0,daily
AUDCAD,SHORT,2022-02-20,2022-02-21,0.914731,0.916359,1,1,-0.03054,7,-0.00178,-0.00378,-0.00478,20.0,0.0,0.0,0,0,0.0,rotated_out_top8,False,0,daily
NZDCHF,SHORT,2022-02-21,2022-02-22,0.613072,0.621107,1,1,-0.03353,8,-0.013105,-0.015105,-0.016105,20.0,0.0,0.0,0,0,0.0,rotated_out_top8,False,0,daily
EURCHF,SHORT,2022-02-22,2022-02-23,1.043942,1.037211,1,1,-0.03577,8,0.006447,0.004447,0.003447,20.0,0.0,0.0,0,0,0.0,rotated_out_top8,True,0,daily
USDCHF,LONG,2022-02-10,2022-02-24,0.92579,0.92574,14,12,0.03368,7,-5.4e-05,-0.002054,-0.003054,20.0,0.004159,-0.011677,1,10,-0.010748,rotated_out_top8,False,0,daily
USDCAD,LONG,2021-12-29,2022-02-25,1.27823,1.26996,58,50,0.03308,7,-0.00647,-0.00847,-0.00947,20.0,0.007393,-0.026083,50,19,-0.022336,rotated_out_top8,False,5,daily
BTCUSD,SHORT,2022-02-21,2022-02-25,37033.3,39225.74,4,4,-0.1,1,-0.059202,-0.061202,-0.062202,20.0,0.0,-0.000561,0,3,-0.035234,sign_flip,False,0,daily
AUDUSD,SHORT,2021-08-19,2022-04-11,0.71455,0.7414,235,201,-0.03614,7,-0.037576,-0.039576,-0.040576,20.0,0.020866,-0.054566,141,197,-0.082905,rotated_out_top8,False,70,daily
AUDCHF,SHORT,2021-11-08,2022-04-11,0.677154,0.69057,154,132,-0.04091,3,-0.019811,-0.021811,-0.022811,20.0,0.047735,-0.030319,24,120,-0.092794,sign_flip,False,63,daily
NZDUSD,SHORT,2021-12-23,2022-04-11,0.68116,0.68166,109,93,-0.02966,8,-0.000734,-0.002734,-0.003734,20.0,0.036717,-0.019349,33,80,-0.063436,rotated_out_top8,False,41,daily
NZDCHF,SHORT,2022-02-23,2022-04-11,0.621051,0.634925,47,40,-0.04202,5,-0.02234,-0.02434,-0.02534,20.0,0.000309,-0.039359,4,28,-0.049687,rotated_out_top8,False,36,daily
AUDCAD,SHORT,2022-02-25,2022-04-11,0.918219,0.937055,45,38,-0.0319,7,-0.020514,-0.022514,-0.023514,20.0,0.001299,-0.019725,2,32,-0.033156,rotated_out_top8,False,36,daily
GBPCHF,SHORT,2022-04-11,2022-04-12,1.212949,1.212527,1,1,-0.01987,8,0.000348,-0.001652,-0.002652,20.0,0.0,0.0,0,0,0.0,rotated_out_top8,False,0,daily
CADCHF,LONG,2022-04-11,2022-04-12,0.736957,0.738148,1,1,0.0199,7,0.001616,-0.000384,-0.001384,20.0,0.011471,-0.001585,1,1,0.0,rotated_out_top8,False,0,daily
BTCUSD,LONG,2022-02-25,2022-04-16,39225.74,40361.12,50,50,0.1,1,0.028945,0.026945,0.025945,20.0,0.229109,-0.057317,32,3,-0.20265,rotated_out_top8,True,45,daily
USDCHF,LONG,2022-04-11,2022-04-17,0.93144,0.9424,6,5,0.02219,6,0.011767,0.009767,0.008767,20.0,0.013356,-0.003049,5,2,-0.000333,rotated_out_top8,True,3,daily
NZDUSD,SHORT,2022-04-12,2022-04-17,0.68548,0.67595,5,4,-0.0184,8,0.013903,0.011903,0.010903,20.0,0.010037,0.0,4,0,0.0,rotated_out_top8,True,3,daily
EURGBP,SHORT,2022-04-12,2022-04-18,0.832655,0.828742,6,5,-0.0206,6,0.004699,0.002699,0.001699,20.0,0.003877,0.0,5,0,0.0,rotated_out_top8,True,3,daily
AUDUSD,LONG,2022-04-17,2022-09-04,0.73958,0.67876,140,120,0.02532,6,-0.082236,-0.084236,-0.085236,20.0,0.008316,-0.096649,5,77,-0.096203,rotated_out_top8,False,118,daily
BTCUSD,LONG,2022-04-17,2022-09-04,39671.3,20006.7,140,140,0.1,1,-0.495688,-0.497688,-0.498688,20.0,0.082942,-0.556848,5,63,-0.567815,sign_flip,False,138,daily
NZDCAD,SHORT,2022-04-18,2022-09-04,0.84842,0.799404,139,119,-0.02022,8,0.057774,0.055774,0.054774,20.0,0.056063,0.0,114,0,-0.035465,rotated_out_top8,True,118,daily
AUDCHF,LONG,2022-04-11,2022-09-05,0.69057,0.666448,147,126,0.03736,3,-0.03493,-0.03693,-0.03793,20.0,0.040477,-0.065049,22,71,-0.077339,rotated_out_top8,False,121,daily
GBPCHF,SHORT,2022-04-17,2022-09-05,1.230435,1.131597,141,121,-0.02166,7,0.080328,0.078328,0.077328,20.0,0.081744,-0.000823,121,5,-0.024388,rotated_out_top8,True,118,daily
USDCAD,LONG,2022-09-05,2022-09-06,1.31293,1.31547,1,1,0.02134,8,0.001935,-6.5e-05,-0.001065,20.0,0.003336,-0.000373,1,1,0.0,rotated_out_top8,False,0,daily
EURCHF,SHORT,2022-02-24,2022-09-08,1.035903,0.969561,196,168,-0.03338,8,0.064043,0.062043,0.061043,20.0,0.070507,-0.006323,153,65,-0.04675,rotated_out_top8,True,158,daily
AUDCHF,LONG,2022-09-06,2022-09-08,0.662354,0.655175,2,2,0.02484,7,-0.010838,-0.012838,-0.013838,20.0,0.017116,-0.013045,1,2,-0.004462,rotated_out_top8,False,1,daily
EURUSD,SHORT,2021-12-20,2022-12-13,1.12769,1.06241,358,307,-0.04603,4,0.057888,0.055888,0.054888,20.0,0.14245,-0.015448,242,42,-0.08513,rotated_out_top8,True,246,daily
USDCHF,LONG,2022-09-04,2022-12-13,0.98329,0.92902,100,86,0.02682,6,-0.055192,-0.057192,-0.058192,20.0,0.031984,-0.052996,42,84,-0.080098,rotated_out_top8,False,82,daily
CADCHF,LONG,2022-09-04,2022-12-13,0.748227,0.685376,100,86,0.02782,4,-0.084,-0.086,-0.087,20.0,0.006398,-0.090997,3,84,-0.085483,rotated_out_top8,False,82,daily
NZDCAD,SHORT,2022-09-08,2022-12-13,0.793855,0.874535,96,82,-0.03165,6,-0.101631,-0.103631,-0.104631,20.0,0.028719,-0.096438,27,81,-0.135306,rotated_out_top8,False,81,daily
GBPUSD,SHORT,2022-04-11,2023-01-09,1.30223,1.21834,273,234,-0.0344,5,0.06442,0.06242,0.06142,20.0,0.167774,-0.001866,146,6,-0.129954,rotated_out_top8,True,224,daily
NZDUSD,SHORT,2022-09-05,2023-01-09,0.61032,0.63678,126,108,-0.0355,4,-0.043354,-0.045354,-0.046354,20.0,0.086397,-0.048991,36,87,-0.146366,rotated_out_top8,False,103,daily
AUDUSD,SHORT,2022-12-13,2023-02-12,0.68409,0.69114,61,52,-0.12278,1,-0.010306,-0.012306,-0.013306,20.0,0.020041,-0.036633,5,41,-0.06888,rotated_out_top8,False,47,daily
BTCUSD,SHORT,2022-09-04,2023-02-23,20006.7,23931.76,172,172,-0.1,1,-0.196187,-0.198187,-0.199187,20.0,0.186419,-0.220548,79,168,-0.452398,sign_flip,False,162,daily
NZDCHF,SHORT,2022-12-13,2023-02-23,0.599385,0.581602,72,62,-0.04645,7,0.029669,0.027669,0.026669,20.0,0.036762,0.0,59,0,-0.028314,rotated_out_top8,True,56,daily
USDCAD,LONG,2022-12-13,2023-02-23,1.35549,1.35427,72,62,0.06269,5,-0.0009,-0.0029,-0.0039,20.0,0.011037,-0.021645,4,45,-0.031162,rotated_out_top8,False,56,daily
AUDCAD,LONG,2023-02-12,2023-02-24,0.923073,0.915031,12,11,0.04314,8,-0.008712,-0.010712,-0.011712,20.0,0.019678,-0.010344,3,5,-0.010833,rotated_out_top8,False,9,daily
EURUSD,LONG,2023-02-23,2023-02-24,1.05971,1.05451,1,1,0.04291,7,-0.004907,-0.006907,-0.007907,20.0,0.00285,-0.001916,1,1,0.0,rotated_out_top8,False,0,daily
EURGBP,LONG,2023-02-24,2023-02-26,0.883196,0.883125,2,1,0.04087,8,-8.1e-05,-0.002081,-0.003081,20.0,0.007511,-0.009346,1,1,0.0,rotated_out_top8,False,0,daily
NZDCHF,SHORT,2023-02-24,2023-02-28,0.579801,0.582633,4,3,-0.04554,7,-0.004885,-0.006885,-0.007885,20.0,0.000222,0.0,2,0,0.0,rotated_out_top8,False,0,daily
USDCAD,LONG,2023-02-26,2023-03-01,1.35957,1.35891,3,3,0.0422,8,-0.000485,-0.002485,-0.003485,20.0,0.003817,-0.004604,3,2,-0.001603,rotated_out_top8,False,0,daily
NZDCHF,SHORT,2023-03-01,2023-03-02,0.587447,0.585733,1,1,-0.04297,8,0.002919,0.000919,-8.1e-05,20.0,0.0,0.0,0,0,0.0,rotated_out_top8,True,0,daily
USDCHF,SHORT,2023-02-23,2023-03-03,0.93367,0.93595,8,7,-0.06115,4,-0.002442,-0.004442,-0.005442,20.0,0.0,-0.006212,0,3,-0.0089,rotated_out_top8,False,0,daily
NZDCHF,SHORT,2023-03-03,2023-03-05,0.582236,0.581652,2,1,-0.04811,8,0.001002,-0.000998,-0.001998,20.0,0.0,0.0,0,0,0.0,rotated_out_top8,False,0,daily
USDCAD,LONG,2023-03-02,2023-03-06,1.35967,1.36153,4,3,0.04286,8,0.001368,-0.000632,-0.001632,20.0,0.003457,-0.003111,2,2,-7e-06,rotated_out_top8,False,0,daily
GBPCHF,SHORT,2022-09-08,2023-04-10,1.115865,1.12611,214,183,-0.02956,7,-0.009181,-0.011181,-0.012181,20.0,0.044773,-0.033305,15,45,-0.087728,rotated_out_top8,False,162,daily
AUDCAD,LONG,2023-02-28,2023-04-10,0.918186,0.897605,41,35,0.04512,7,-0.022414,-0.024414,-0.025414,20.0,0.011507,-0.028768,20,30,-0.023426,rotated_out_top8,False,25,daily
NZDCAD,LONG,2023-01-09,2023-04-11,0.852859,0.833776,92,79,0.0535,6,-0.022375,-0.024375,-0.025375,20.0,0.033572,-0.027398,9,50,-0.038792,rotated_out_top8,False,60,daily
USDCAD,LONG,2023-04-10,2023-04-11,1.35029,1.34632,1,1,0.03258,8,-0.00294,-0.00494,-0.00594,20.0,0.003696,-0.001392,1,1,0.0,rotated_out_top8,False,0,daily
GBPCHF,SHORT,2023-04-11,2023-04-13,1.122364,1.113409,2,2,-0.03511,8,0.007979,0.005979,0.004979,20.0,0.0,0.0,0,0,0.0,rotated_out_top8,True,0,daily
NZDCAD,LONG,2023-04-13,2023-04-19,0.84066,0.829814,6,5,0.03506,8,-0.012902,-0.014902,-0.015902,20.0,0.010035,-0.022274,1,4,-0.015318,rotated_out_top8,False,1,daily
NZDUSD,SHORT,2023-04-19,2023-04-25,0.61611,0.61457,6,5,-0.0474,6,0.0025,0.0005,-0.0005,20.0,0.002662,0.0,4,0,-0.005876,rotated_out_top8,True,0,daily
AUDNZD,SHORT,2023-04-25,2023-04-26,1.079714,1.07973,1,1,-0.02616,8,-1.5e-05,-0.002015,-0.003015,20.0,0.0,0.0,0,0,0.0,rotated_out_top8,False,0,daily
NZDCAD,LONG,2023-04-26,2023-04-27,0.83408,0.835623,1,1,0.03718,8,0.001849,-0.000151,-0.001151,20.0,0.006186,-0.004144,1,1,0.0,rotated_out_top8,False,0,daily
AUDUSD,SHORT,2023-04-10,2023-05-23,0.66475,0.66128,43,37,-0.06305,4,0.00522,0.00322,0.00222,20.0,0.004844,-0.014803,18,26,-0.02601,rotated_out_top8,True,19,daily
GBPUSD,LONG,2023-04-27,2023-05-25,1.24965,1.23161,28,24,0.027,8,-0.014436,-0.016436,-0.017436,20.0,0.014644,-0.011579,12,24,-0.020942,rotated_out_top8,False,18,daily
NZDUSD,LONG,2023-05-25,2023-05-26,0.60523,0.60452,1,1,0.03876,8,-0.001173,-0.003173,-0.004173,20.0,0.008476,-0.001487,1,1,0.0,rotated_out_top8,False,0,daily
EURUSD,LONG,2023-04-11,2023-05-29,1.09158,1.07064,48,41,0.03938,7,-0.019183,-0.021183,-0.022183,20.0,0.016398,-0.01965,14,40,-0.03178,rotated_out_top8,False,19,daily
NZDCAD,LONG,2023-05-23,2023-05-29,0.843514,0.822035,6,5,0.03287,8,-0.025464,-0.027464,-0.028464,20.0,0.012204,-0.027411,1,4,-0.024313,rotated_out_top8,False,0,daily
NZDCHF,SHORT,2023-03-06,2023-05-31,0.576714,0.547993,86,74,-0.04381,8,0.049802,0.047802,0.046802,20.0,0.049465,-0.005162,42,12,-0.036939,rotated_out_top8,True,44,daily
NZDUSD,LONG,2023-05-29,2023-06-01,0.6043,0.60635,3,3,0.03757,7,0.003392,0.001392,0.000392,20.0,0.004501,-0.009681,1,3,-0.003756,rotated_out_top8,True,0,daily
EURUSD,LONG,2023-05-31,2023-06-02,1.0693,1.07074,2,2,0.0459,6,0.001347,-0.000653,-0.001653,20.0,0.007005,-0.005433,2,1,0.0,rotated_out_top8,False,0,daily
NZDCHF,SHORT,2023-06-01,2023-06-05,0.549092,0.549891,4,3,-0.04584,6,-0.001454,-0.003454,-0.004454,20.0,0.0,0.0,0,0,-0.003351,rotated_out_top8,False,0,daily
EURUSD,LONG,2023-06-05,2023-06-09,1.07109,1.07482,4,4,0.03618,8,0.003482,0.001482,0.000482,20.0,0.007068,-0.004136,4,2,-0.001195,rotated_out_top8,True,0,daily
NZDCAD,LONG,2023-06-09,2023-06-12,0.81755,0.818754,3,2,0.05009,6,0.001472,-0.000528,-0.001528,20.0,0.00391,-0.009333,1,1,-0.000216,rotated_out_top8,False,0,daily
EURUSD,LONG,2023-06-12,2023-06-13,1.07618,1.0789,1,1,0.0408,8,0.002527,0.000527,-0.000473,20.0,0.002583,-0.002695,1,1,0.0,rotated_out_top8,True,0,daily
NZDCAD,LONG,2023-06-13,2023-06-14,0.819977,0.825783,1,1,0.055,5,0.00708,0.00508,0.00408,20.0,0.007809,-0.010744,1,1,0.0,rotated_out_top8,True,0,daily
NZDUSD,LONG,2023-06-02,2023-06-15,0.60582,0.62335,13,11,0.03671,8,0.028936,0.026936,0.025936,20.0,0.029266,-0.004754,11,5,-0.006173,rotated_out_top8,True,0,daily
EURUSD,LONG,2023-06-15,2023-06-16,1.09444,1.09414,1,1,0.04059,8,-0.000274,-0.002274,-0.003274,20.0,0.000704,-0.012874,1,1,0.0,rotated_out_top8,False,0,daily
AUDNZD,SHORT,2023-05-29,2023-06-21,1.080126,1.095533,23,20,-0.03611,8,-0.014264,-0.016264,-0.017264,20.0,0.0,-0.019531,0,18,-0.024607,rotated_out_top8,False,0,daily
EURUSD,LONG,2023-06-21,2023-06-23,1.09911,1.0893,2,2,0.04014,8,-0.008925,-0.010925,-0.011925,20.0,0.001892,-0.007815,2,1,-0.003275,rotated_out_top8,False,0,daily
AUDUSD,LONG,2023-06-23,2023-06-26,0.6676,0.66731,3,2,0.04742,7,-0.000434,-0.002434,-0.003434,20.0,0.013631,-0.002082,1,1,0.0,rotated_out_top8,False,0,daily
EURUSD,LONG,2023-06-26,2023-06-27,1.09095,1.09571,1,1,0.03763,8,0.004363,0.002363,0.001363,20.0,0.000935,-0.002072,1,1,0.0,rotated_out_top8,True,0,daily
NZDCHF,SHORT,2023-06-14,2023-07-03,0.55779,0.551405,19,16,-0.04104,7,0.011447,0.009447,0.008447,20.0,0.015402,0.0,14,0,-0.008508,rotated_out_top8,True,0,daily
EURUSD,LONG,2023-07-03,2023-07-04,1.09124,1.0882,1,1,0.04071,8,-0.002786,-0.004786,-0.005786,20.0,0.001814,-0.003895,1,1,0.0,rotated_out_top8,False,0,daily
AUDUSD,LONG,2023-06-27,2023-07-05,0.66815,0.66543,8,7,0.04022,8,-0.004071,-0.006071,-0.007071,20.0,0.005777,-0.013246,1,2,-0.012467,rotated_out_top8,False,0,daily
EURUSD,LONG,2023-07-05,2023-07-07,1.08547,1.09685,2,2,0.04111,8,0.010484,0.008484,0.007484,20.0,0.004855,-0.001971,1,2,0.0,rotated_out_top8,True,0,daily
NZDUSD,LONG,2023-06-16,2023-07-11,0.62368,0.61977,25,21,0.04593,7,-0.006269,-0.008269,-0.009269,20.0,0.001635,-0.030015,1,12,-0.027755,rotated_out_top8,False,0,daily
AUDUSD,LONG,2023-07-07,2023-07-14,0.66921,0.68373,7,6,0.04731,8,0.021697,0.019697,0.018697,20.0,0.030185,-0.010908,6,1,-0.002406,rotated_out_top8,True,0,daily
EURUSD,LONG,2023-07-11,2023-07-20,1.10132,1.11341,9,8,0.04063,7,0.010978,0.008978,0.007978,20.0,0.023808,-0.003323,7,1,-0.002942,rotated_out_top8,True,0,daily
USDCAD,SHORT,2023-07-14,2023-07-20,1.32161,1.31733,6,5,-0.03275,8,0.003238,0.001238,0.000238,20.0,0.001786,0.0,5,0,-0.000742,rotated_out_top8,True,0,daily
AUDNZD,SHORT,2023-07-20,2023-07-21,1.08795,1.091309,1,1,-0.03247,7,-0.003087,-0.005087,-0.006087,20.0,0.0,0.0,0,0,0.0,rotated_out_top8,False,0,daily
AUDCAD,SHORT,2023-07-21,2023-07-27,0.889908,0.887711,6,5,-0.03563,8,0.002469,0.000469,-0.000531,20.0,0.0,0.0,0,0,-0.009132,rotated_out_top8,True,0,daily
AUDUSD,SHORT,2023-07-20,2023-08-03,0.67776,0.65599,14,12,-0.03201,8,0.032121,0.030121,0.029121,20.0,0.021881,0.0,12,0,-0.010136,rotated_out_top8,True,5,daily
EURGBP,SHORT,2023-07-27,2023-08-03,0.858116,0.861228,7,6,-0.03006,8,-0.003627,-0.005627,-0.006627,20.0,0.0,0.0,0,0,-0.003975,rotated_out_top8,False,5,daily
USDCAD,SHORT,2023-08-03,2023-08-08,1.33502,1.34253,5,4,-0.02902,8,-0.005625,-0.007625,-0.008625,20.0,0.0,-0.000929,0,3,-0.002292,rotated_out_top8,False,1,daily
GBPUSD,LONG,2023-05-26,2023-08-09,1.23472,1.27191,75,64,0.04568,6,0.03012,0.02812,0.02712,20.0,0.064355,-0.002956,43,1,-0.033425,rotated_out_top8,True,6,daily
EURUSD,LONG,2023-08-03,2023-08-09,1.09506,1.09768,6,5,0.04036,7,0.002393,0.000393,-0.000607,20.0,0.008301,-0.003525,2,1,-0.004466,rotated_out_top8,True,1,daily
CADCHF,SHORT,2023-01-09,2023-08-22,0.687672,0.649566,225,193,-0.05788,4,0.055413,0.053413,0.052413,20.0,0.052271,-0.004807,192,18,-0.048003,rotated_out_top8,True,85,daily
AUDUSD,SHORT,2023-08-22,2023-08-25,0.64238,0.64021,3,3,-0.04152,7,0.003378,0.001378,0.000378,20.0,0.0,0.0,0,0,-0.008733,rotated_out_top8,True,0,daily
AUDCAD,SHORT,2023-08-09,2023-08-29,0.876812,0.877934,20,17,-0.0331,7,-0.001279,-0.003279,-0.004279,20.0,0.008963,0.0,10,0,-0.009889,rotated_out_top8,False,0,daily
CADCHF,SHORT,2023-08-25,2023-08-30,0.650123,0.648778,5,4,-0.0389,7,0.002069,6.9e-05,-0.000931,20.0,0.0,0.0,0,0,-0.001123,rotated_out_top8,True,0,daily
AUDCAD,SHORT,2023-08-30,2023-08-31,0.87678,0.876199,1,1,-0.04021,8,0.000663,-0.001337,-0.002337,20.0,0.0,0.0,0,0,0.0,rotated_out_top8,False,0,daily
CADCHF,SHORT,2023-08-31,2023-09-06,0.653814,0.653515,6,5,-0.03964,8,0.000457,-0.001543,-0.002543,20.0,0.002866,0.0,3,0,-0.002211,rotated_out_top8,False,0,daily
USDCHF,SHORT,2023-03-05,2023-09-08,0.93697,0.89294,187,161,-0.04401,7,0.046992,0.044992,0.043992,20.0,0.081411,-0.001974,117,4,-0.037301,rotated_out_top8,True,50,daily
CADCHF,SHORT,2023-09-08,2023-09-11,0.654658,0.656308,3,2,-0.0306,8,-0.00252,-0.00452,-0.00552,20.0,0.0,0.0,0,0,0.0,rotated_out_top8,False,0,daily
NZDCAD,SHORT,2023-08-08,2023-09-13,0.813117,0.80211,36,31,-0.03244,8,0.013537,0.011537,0.010537,20.0,0.012144,0.0,11,0,-0.007999,rotated_out_top8,True,0,daily
USDCHF,SHORT,2023-09-11,2023-09-15,0.8912,0.89768,4,4,-0.02684,8,-0.007271,-0.009271,-0.010271,20.0,0.0,-0.000247,0,4,-0.005566,rotated_out_top8,False,0,daily
NZDCAD,SHORT,2023-09-15,2023-09-20,0.79763,0.798225,5,4,-0.02832,8,-0.000746,-0.002746,-0.003746,20.0,0.0,0.0,0,0,-0.002549,rotated_out_top8,False,0,daily
USDCHF,SHORT,2023-09-20,2023-09-21,0.89939,0.90469,1,1,-0.02726,7,-0.005893,-0.007893,-0.008893,20.0,0.0,0.0,0,0,0.0,rotated_out_top8,False,0,daily
CADCHF,SHORT,2023-09-13,2023-10-11,0.659273,0.662741,28,24,-0.04071,5,-0.005261,-0.007261,-0.008261,20.0,0.0,-0.026037,0,14,-0.034586,rotated_out_top8,False,0,daily
EURUSD,SHORT,2023-10-11,2023-10-13,1.06232,1.05076,2,2,-0.02484,8,0.010882,0.008882,0.007882,20.0,0.0,0.0,0,0,0.0,rotated_out_top8,True,0,daily
EURCHF,SHORT,2023-10-13,2023-10-17,0.948143,0.951611,4,3,-0.02143,8,-0.003658,-0.005658,-0.006658,20.0,0.0,0.0,0,0,-0.002265,rotated_out_top8,False,0,daily
AUDNZD,SHORT,2023-10-17,2023-10-18,1.079509,1.081945,1,1,-0.02001,8,-0.002257,-0.004257,-0.005257,20.0,0.0,0.0,0,0,0.0,rotated_out_top8,False,0,daily
EURUSD,SHORT,2023-10-18,2023-10-20,1.05375,1.05934,2,2,-0.0229,8,-0.005305,-0.007305,-0.008305,20.0,0.0,0.0,0,0,-0.004593,rotated_out_top8,False,0,daily
NZDCAD,SHORT,2023-09-21,2023-10-30,0.799188,0.807382,39,33,-0.02271,8,-0.010254,-0.012254,-0.013254,20.0,0.0,-0.019884,0,18,-0.02751,rotated_out_top8,False,0,daily
AUDNZD,SHORT,2023-10-30,2023-10-31,1.09061,1.091301,1,1,-0.02486,7,-0.000633,-0.002633,-0.003633,20.0,0.0,0.0,0,0,0.0,rotated_out_top8,False,0,daily
EURCHF,SHORT,2023-10-31,2023-11-01,0.96254,0.958565,1,1,-0.02612,8,0.00413,0.00213,0.00113,20.0,0.0,0.0,0,0,0.0,rotated_out_top8,True,0,daily
USDCHF,SHORT,2023-11-01,2023-11-02,0.90552,0.90608,1,1,-0.03189,8,-0.000618,-0.002618,-0.003618,20.0,0.0,0.0,0,0,0.0,rotated_out_top8,False,0,daily
NZDCAD,SHORT,2023-11-02,2023-11-05,0.81028,0.818528,3,2,-0.03801,7,-0.010179,-0.012179,-0.013179,20.0,0.0,0.0,0,0,-0.010672,rotated_out_top8,False,0,daily
CADCHF,SHORT,2023-10-20,2023-11-06,0.650627,0.656479,17,14,-0.02903,8,-0.008995,-0.010995,-0.011995,20.0,0.0,-0.007497,0,14,-0.014582,rotated_out_top8,False,0,daily
EURCHF,SHORT,2023-11-05,2023-11-07,0.963915,0.962394,2,2,-0.02992,8,0.001578,-0.000422,-0.001422,20.0,0.0,0.0,0,0,0.0,rotated_out_top8,False,0,daily
CADCHF,SHORT,2023-11-07,2023-11-08,0.653691,0.651954,1,1,-0.02532,8,0.002657,0.000657,-0.000343,20.0,0.0,0.0,0,0,0.0,rotated_out_top8,True,0,daily
AUDCAD,SHORT,2023-09-06,2023-11-09,0.870217,0.878299,64,55,-0.04199,7,-0.009287,-0.011287,-0.012287,20.0,0.009656,-0.019962,34,52,-0.037644,rotated_out_top8,False,0,daily
EURCHF,SHORT,2023-11-08,2023-11-09,0.9627,0.963301,1,1,-0.02709,8,-0.000624,-0.002624,-0.003624,20.0,0.0,0.0,0,0,0.0,rotated_out_top8,False,0,daily
USDCHF,SHORT,2023-11-09,2023-11-10,0.9031,0.90191,1,1,-0.02972,8,0.001318,-0.000682,-0.001682,20.0,0.0,0.0,0,0,0.0,rotated_out_top8,False,0,daily
AUDCAD,SHORT,2023-11-10,2023-11-14,0.877469,0.8901,4,3,-0.0453,6,-0.014394,-0.016394,-0.017394,20.0,0.0,0.0,0,0,-0.003226,rotated_out_top8,False,0,daily
USDCHF,SHORT,2023-11-14,2023-11-15,0.88903,0.8871,1,1,-0.04879,5,0.002171,0.000171,-0.000829,20.0,0.0,0.0,0,0,0.0,rotated_out_top8,True,0,daily
CADCHF,SHORT,2023-11-09,2023-11-16,0.654041,0.646099,7,6,-0.04276,6,0.012143,0.010143,0.009143,20.0,0.00323,0.0,6,0,0.0,rotated_out_top8,True,0,daily
USDCHF,SHORT,2023-11-16,2023-11-20,0.88849,0.88441,4,3,-0.02939,8,0.004592,0.002592,0.001592,20.0,0.003016,0.0,3,0,-0.000203,rotated_out_top8,True,0,daily
CADCHF,SHORT,2023-11-20,2023-11-21,0.644351,0.644796,1,1,-0.0241,8,-0.00069,-0.00269,-0.00369,20.0,0.0,0.0,0,0,0.0,rotated_out_top8,False,0,daily
EURUSD,SHORT,2023-11-21,2023-11-22,1.09167,1.08872,1,1,-0.0269,8,0.002702,0.000702,-0.000298,20.0,0.0,0.0,0,0,0.0,rotated_out_top8,True,0,daily
CADCHF,SHORT,2023-11-22,2023-11-24,0.645702,0.646887,2,2,-0.03368,7,-0.001835,-0.003835,-0.004835,20.0,0.0,0.0,0,0,-5.4e-05,rotated_out_top8,False,0,daily
USDCHF,SHORT,2023-11-24,2023-11-27,0.88108,0.87997,3,2,-0.03578,8,0.00126,-0.00074,-0.00174,20.0,0.0,0.0,0,0,-0.000749,rotated_out_top8,False,0,daily
CADCHF,SHORT,2023-11-27,2023-11-28,0.646789,0.646554,1,1,-0.02636,8,0.000364,-0.001636,-0.002636,20.0,0.0,0.0,0,0,0.0,rotated_out_top8,False,0,daily
USDCHF,SHORT,2023-11-28,2023-11-29,0.87707,0.87333,1,1,-0.02317,8,0.004264,0.002264,0.001264,20.0,0.0,0.0,0,0,0.0,rotated_out_top8,True,0,daily
EURCHF,SHORT,2023-11-29,2023-12-04,0.958296,0.945548,5,4,-0.02393,8,0.013304,0.011304,0.010304,20.0,0.012192,0.0,4,0,0.0,rotated_out_top8,True,0,daily
AUDCAD,SHORT,2023-11-15,2023-12-05,0.890806,0.890747,20,17,-0.03863,7,6.6e-05,-0.001934,-0.002934,20.0,0.0,-0.006728,0,16,-0.014873,rotated_out_top8,False,0,daily
NZDCAD,SHORT,2023-11-06,2023-12-06,0.816068,0.834276,30,26,-0.03509,7,-0.022311,-0.024311,-0.025311,20.0,0.00299,-0.020263,6,24,-0.032302,rotated_out_top8,False,0,daily
EURCHF,SHORT,2023-12-06,2023-12-07,0.941588,0.944551,1,1,-0.03156,8,-0.003148,-0.005148,-0.006148,20.0,0.0,0.0,0,0,0.0,rotated_out_top8,False,0,daily
NZDCAD,SHORT,2023-12-07,2023-12-14,0.837365,0.832632,7,6,-0.04001,6,0.005653,0.003653,0.002653,20.0,0.006423,0.0,3,0,-0.006188,rotated_out_top8,True,0,daily
NZDUSD,SHORT,2023-08-09,2023-12-25,0.60602,0.62952,138,117,-0.03135,8,-0.038778,-0.040778,-0.041778,20.0,0.040791,-0.035428,70,117,-0.083215,rotated_out_top8,False,7,daily
USDCHF,SHORT,2023-12-05,2023-12-26,0.87501,0.85371,21,17,-0.03857,7,0.024343,0.022343,0.021343,20.0,0.020263,-0.003669,16,5,-0.006137,rotated_out_top8,True,7,daily
NZDUSD,SHORT,2023-12-26,2023-12-27,0.63282,0.63464,1,1,-0.03059,8,-0.002876,-0.004876,-0.005876,20.0,0.0,0.0,0,0,0.0,rotated_out_top8,False,0,daily
USDCHF,SHORT,2023-12-27,2023-12-29,0.84246,0.84148,2,2,-0.03711,7,0.001163,-0.000837,-0.001837,20.0,0.0,0.0,0,0,-0.001128,rotated_out_top8,False,0,daily
CADCHF,SHORT,2023-12-04,2024-01-01,0.644481,0.63561,28,22,-0.02269,8,0.013765,0.011765,0.010765,20.0,0.006703,-0.006885,22,12,-0.010729,rotated_out_top8,True,7,daily
AUDCAD,SHORT,2024-01-01,2024-01-02,0.900144,0.901212,1,1,-0.02355,8,-0.001187,-0.003187,-0.004187,20.0,0.0,0.0,0,0,0.0,rotated_out_top8,False,0,daily
NZDCHF,SHORT,2023-07-04,2024-01-03,0.555656,0.530763,183,155,-0.04562,7,0.044799,0.042799,0.041799,20.0,0.062517,0.0,95,0,-0.051218,rotated_out_top8,True,13,daily
AUDUSD,SHORT,2023-08-29,2024-01-03,0.64753,0.67337,127,107,-0.03652,7,-0.039905,-0.041905,-0.042905,20.0,0.02542,-0.053511,41,104,-0.086266,rotated_out_top8,False,7,daily
EURUSD,SHORT,2023-12-25,2024-01-04,1.10115,1.09457,10,8,-0.02291,8,0.005976,0.003976,0.002976,20.0,0.004223,-0.003923,8,4,-0.008736,rotated_out_top8,True,0,daily
NZDUSD,LONG,2024-01-03,2024-01-04,0.62503,0.62291,1,1,0.02254,8,-0.003392,-0.005392,-0.006392,20.0,0.003952,-0.005152,1,1,0.0,rotated_out_top8,False,0,daily
GBPUSD,LONG,2024-01-03,2024-01-05,1.26724,1.27187,2,2,0.02483,7,0.003654,0.001654,0.000654,20.0,0.004482,-0.004522,2,1,0.0,rotated_out_top8,True,0,daily
CADCHF,SHORT,2024-01-04,2024-01-05,0.636601,0.636487,1,1,-0.02597,7,0.000179,-0.001821,-0.002821,20.0,0.0,0.0,0,0,0.0,rotated_out_top8,False,0,daily
EURGBP,SHORT,2023-12-29,2024-01-07,0.866945,0.86034,9,6,-0.02671,6,0.007618,0.005618,0.004618,20.0,6.3e-05,0.0,5,0,-0.001236,rotated_out_top8,True,0,daily
AUDUSD,LONG,2024-01-05,2024-01-08,0.67156,0.67157,3,2,0.02977,5,1.5e-05,-0.001985,-0.002985,20.0,0.00472,-0.011272,1,1,-0.000298,rotated_out_top8,False,0,daily
GBPCHF,SHORT,2024-01-05,2024-01-09,1.081369,1.083358,4,3,-0.02468,6,-0.001839,-0.003839,-0.004839,20.0,0.0,0.0,0,0,0.0,rotated_out_top8,False,0,daily
CADCHF,SHORT,2024-01-08,2024-01-09,0.635189,0.636622,1,1,-0.0341,6,-0.002255,-0.004255,-0.005255,20.0,0.0,0.0,0,0,0.0,rotated_out_top8,False,0,daily
AUDCHF,SHORT,2022-12-13,2024-01-10,0.635533,0.569937,393,335,-0.05742,6,0.103214,0.101214,0.100214,20.0,0.111424,-0.026601,269,41,-0.055471,rotated_out_top8,True,113,daily
GBPUSD,LONG,2024-01-07,2024-01-10,1.27152,1.27436,3,3,0.02009,8,0.002234,0.000234,-0.000766,20.0,0.004042,-0.003335,2,2,-0.002391,rotated_out_top8,True,0,daily
USDCAD,SHORT,2024-01-09,2024-01-11,1.33888,1.33779,2,2,-0.02313,8,0.000814,-0.001186,-0.002186,20.0,0.0,0.0,0,0,0.0,rotated_out_top8,False,0,daily
NZDUSD,LONG,2024-01-10,2024-01-11,0.6227,0.62407,1,1,0.02188,7,0.0022,0.0002,-0.0008,20.0,0.004224,-0.001943,1,1,0.0,rotated_out_top8,True,0,daily
NZDCAD,SHORT,2024-01-11,2024-01-12,0.834875,0.836484,1,1,-0.0247,8,-0.001927,-0.003927,-0.004927,20.0,0.0,0.0,0,0,0.0,rotated_out_top8,False,0,daily
AUDUSD,LONG,2024-01-09,2024-01-14,0.66836,0.66865,5,4,0.0233,7,0.000434,-0.001566,-0.002566,20.0,0.007526,-0.005551,1,3,-0.002379,rotated_out_top8,False,0,daily
NZDCAD,SHORT,2024-01-14,2024-01-17,0.834924,0.825214,3,3,-0.02102,8,0.01163,0.00963,0.00863,20.0,0.0,0.0,0,0,0.0,rotated_out_top8,True,0,daily
NZDUSD,SHORT,2024-01-17,2024-01-18,0.61122,0.61183,1,1,-0.02638,8,-0.000998,-0.002998,-0.003998,20.0,0.0,0.0,0,0,0.0,rotated_out_top8,False,0,daily
AUDUSD,LONG,2024-01-18,2024-01-22,0.65805,0.65699,4,3,0.02618,8,-0.001611,-0.003611,-0.004611,20.0,0.00307,-0.008373,2,1,-0.000517,rotated_out_top8,False,0,daily
USDCAD,SHORT,2024-01-22,2024-01-23,1.34774,1.34561,1,1,-0.02248,8,0.00158,-0.00042,-0.00142,20.0,0.0,0.0,0,0,0.0,rotated_out_top8,False,0,daily
AUDUSD,LONG,2024-01-23,2024-01-24,0.65846,0.65749,1,1,0.02549,8,-0.001473,-0.003473,-0.004473,20.0,0.004131,-0.005088,1,1,0.0,rotated_out_top8,False,0,daily
USDCAD,SHORT,2024-01-24,2024-01-25,1.35247,1.34785,1,1,-0.02254,8,0.003416,0.001416,0.000416,20.0,0.0,0.0,0,0,0.0,rotated_out_top8,True,0,daily
NZDCAD,SHORT,2024-01-25,2024-01-31,0.823119,0.820815,6,5,-0.02325,8,0.002799,0.000799,-0.000201,20.0,0.004311,0.0,3,0,-0.003981,rotated_out_top8,True,0,daily
USDCAD,SHORT,2024-01-31,2024-02-08,1.34311,1.34596,8,7,-0.02225,8,-0.002122,-0.004122,-0.005122,20.0,0.0,-0.003306,0,6,-0.011846,rotated_out_top8,False,0,daily
EURCHF,SHORT,2023-12-14,2024-02-23,0.95308,0.953448,71,59,-0.03034,8,-0.000386,-0.002386,-0.003386,20.0,0.025488,0.0,14,0,-0.026875,rotated_out_top8,False,7,daily
NZDUSD,SHORT,2024-02-23,2024-02-26,0.61962,0.61628,3,2,-0.02676,8,0.00539,0.00339,0.00239,20.0,0.000581,0.0,2,0,0.0,rotated_out_top8,True,0,daily
USDCHF,SHORT,2024-01-02,2024-03-05,0.85004,0.88355,63,54,-0.03685,4,-0.039422,-0.041422,-0.042422,20.0,0.0,-0.040786,0,38,-0.04641,rotated_out_top8,False,0,daily
NZDCHF,SHORT,2024-01-04,2024-03-06,0.529598,0.540224,62,53,-0.03281,5,-0.020064,-0.022064,-0.023064,20.0,0.006547,-0.026007,27,45,-0.039346,rotated_out_top8,False,0,daily
NZDUSD,SHORT,2024-03-05,2024-03-06,0.6084,0.61245,1,1,-0.02714,6,-0.006657,-0.008657,-0.009657,20.0,0.0,0.0,0,0,0.0,rotated_out_top8,False,0,daily
EURUSD,SHORT,2024-03-06,2024-03-07,1.08979,1.09498,1,1,-0.02117,8,-0.004762,-0.006762,-0.007762,20.0,0.0,0.0,0,0,0.0,rotated_out_top8,False,0,daily
USDCHF,SHORT,2024-03-06,2024-03-15,0.88207,0.88351,9,8,-0.0232,7,-0.001633,-0.003633,-0.004633,20.0,0.004943,0.0,4,0,-0.007947,rotated_out_top8,False,0,daily
NZDCHF,SHORT,2024-03-07,2024-03-15,0.541715,0.537483,8,7,-0.02768,7,0.007812,0.005812,0.004812,20.0,0.0,0.0,0,0,-0.00364,rotated_out_top8,True,0,daily
GBPUSD,SHORT,2024-03-15,2024-03-17,1.27342,1.27307,2,1,-0.02013,8,0.000275,-0.001725,-0.002725,20.0,0.0,0.0,0,0,0.0,rotated_out_top8,False,0,daily
EURCHF,SHORT,2024-02-26,2024-03-19,0.954784,0.965107,22,19,-0.02281,8,-0.010812,-0.012812,-0.013812,20.0,0.0,-0.004759,0,18,-0.013222,rotated_out_top8,False,0,daily
NZDCHF,SHORT,2024-03-17,2024-03-19,0.537704,0.537324,2,2,-0.02442,7,0.000707,-0.001293,-0.002293,20.0,0.0,0.0,0,0,-0.00364,rotated_out_top8,False,0,daily
GBPCHF,SHORT,2024-01-10,2024-03-20,1.083843,1.13333,70,60,-0.02467,6,-0.045659,-0.047659,-0.048659,20.0,0.0,-0.036747,0,52,-0.04259,rotated_out_top8,False,0,daily
CADCHF,SHORT,2024-01-12,2024-03-21,0.635945,0.663678,69,59,-0.02844,8,-0.043608,-0.045608,-0.046608,20.0,0.0,-0.025085,0,29,-0.03371,rotated_out_top8,False,0,daily
NZDCAD,SHORT,2024-03-21,2024-03-22,0.817674,0.815309,1,1,-0.02334,8,0.002892,0.000892,-0.000108,20.0,0.0,0.0,0,0,0.0,rotated_out_top8,True,0,daily
NZDCHF,SHORT,2024-03-20,2024-03-27,0.539274,0.542578,7,6,-0.03611,5,-0.006127,-0.008127,-0.009127,20.0,0.002273,0.0,4,0,-0.009573,rotated_out_top8,False,0,daily
AUDCAD,SHORT,2024-03-22,2024-03-27,0.886348,0.886008,5,4,-0.02346,8,0.000384,-0.001616,-0.002616,20.0,0.0,0.0,0,0,-0.001969,rotated_out_top8,False,0,daily
USDCHF,LONG,2024-03-27,2024-03-28,0.90558,0.90114,1,1,0.02089,7,-0.004903,-0.006903,-0.007903,20.0,0.001667,-0.002584,1,1,0.0,rotated_out_top8,False,0,daily
GBPUSD,SHORT,2024-03-19,2024-03-29,1.27174,1.26151,10,9,-0.02874,5,0.008044,0.006044,0.005044,20.0,0.009271,0.0,5,0,-0.006306,rotated_out_top8,True,0,daily
NZDUSD,SHORT,2024-03-19,2024-03-29,0.60472,0.5972,10,9,-0.01988,8,0.012436,0.010436,0.009436,20.0,0.008781,0.0,5,0,-0.006995,rotated_out_top8,True,0,daily
NZDCAD,LONG,2024-03-29,2024-04-01,0.807456,0.807756,3,2,0.02223,8,0.000371,-0.001629,-0.002629,20.0,0.005198,-0.00121,1,1,0.0,rotated_out_top8,False,0,daily
EURCHF,SHORT,2024-03-29,2024-04-01,0.969967,0.971698,3,2,-0.02237,7,-0.001784,-0.003784,-0.004784,20.0,0.0,-0.00047,0,2,-0.003569,rotated_out_top8,False,0,daily
USDCAD,LONG,2024-04-01,2024-04-02,1.35739,1.35638,1,1,0.01866,8,-0.000744,-0.002744,-0.003744,20.0,0.000855,-0.004406,1,1,0.0,rotated_out_top8,False,0,daily
CADCHF,SHORT,2024-03-28,2024-04-03,0.665839,0.667695,6,5,-0.02445,6,-0.002787,-0.004787,-0.005787,20.0,0.0,-0.000579,0,5,-0.005171,rotated_out_top8,False,0,daily
USDCHF,LONG,2024-04-03,2024-04-04,0.90293,0.90154,1,1,0.01996,8,-0.001539,-0.003539,-0.004539,20.0,0.007254,-0.000354,1,1,0.0,rotated_out_top8,False,0,daily
AUDNZD,SHORT,2024-03-27,2024-04-05,1.088559,1.09443,9,8,-0.01795,8,-0.005394,-0.007394,-0.008394,20.0,0.0,0.0,0,0,-0.004209,rotated_out_top8,False,0,daily
USDCHF,LONG,2024-04-05,2024-04-08,0.90196,0.90511,3,2,0.01618,8,0.003492,0.001492,0.000492,20.0,0.00561,-0.00275,1,2,0.0,rotated_out_top8,True,0,daily
AUDCHF,SHORT,2024-01-11,2024-04-10,0.570005,0.594093,90,77,-0.03437,5,-0.04226,-0.04426,-0.04526,20.0,0.008939,-0.043216,21,77,-0.061523,sign_flip,False,0,daily
NZDCHF,SHORT,2024-04-08,2024-04-10,0.546035,0.545402,2,2,-0.02549,8,0.00116,-0.00084,-0.00184,20.0,0.0,0.0,0,0,-0.00279,rotated_out_top8,False,0,daily
CADCHF,SHORT,2024-04-04,2024-04-11,0.665662,0.664777,7,6,-0.03032,5,0.001331,-0.000669,-0.001669,20.0,0.000829,0.0,3,0,-0.004941,rotated_out_top8,False,0,daily
EURGBP,SHORT,2024-04-10,2024-04-12,0.856812,0.854759,2,2,-0.01958,8,0.002396,0.000396,-0.000604,20.0,0.0,0.0,0,0,0.0,rotated_out_top8,True,0,daily
NZDCAD,SHORT,2024-04-12,2024-04-16,0.8174,0.813921,4,3,-0.01977,7,0.004255,0.002255,0.001255,20.0,0.0,0.0,0,0,-0.000518,rotated_out_top8,True,0,daily
NZDCHF,LONG,2024-04-16,2024-04-17,0.537498,0.538383,1,1,0.01412,8,0.001646,-0.000354,-0.001354,20.0,0.004482,-0.007284,1,1,0.0,rotated_out_top8,False,0,daily
NZDCAD,SHORT,2024-04-17,2024-04-19,0.814175,0.809323,2,2,-0.01645,8,0.005959,0.003959,0.002959,20.0,0.0,0.0,0,0,0.0,rotated_out_top8,True,0,daily
AUDUSD,SHORT,2024-02-08,2024-04-23,0.64971,0.64875,75,64,-0.02758,7,0.001478,-0.000522,-0.001522,20.0,0.010943,-0.017793,63,26,-0.027166,rotated_out_top8,False,0,daily
NZDUSD,SHORT,2024-04-01,2024-04-24,0.59508,0.5935,23,20,-0.03389,5,0.002655,0.000655,-0.000345,20.0,0.008604,-0.013813,18,8,-0.018905,rotated_out_top8,True,0,daily
USDCHF,LONG,2024-04-11,2024-04-24,0.90984,0.91441,13,11,0.01732,7,0.005023,0.003023,0.002023,20.0,0.005825,-0.009628,4,8,-0.004539,rotated_out_top8,True,0,daily
CADCHF,LONG,2024-04-24,2024-04-25,0.667292,0.668185,1,1,0.0131,7,0.001338,-0.000662,-0.001662,20.0,0.004518,-0.005198,1,1,0.0,rotated_out_top8,False,0,daily
AUDCAD,LONG,2024-04-25,2024-04-28,0.890671,0.893221,3,2,0.01325,8,0.002863,0.000863,-0.000137,20.0,0.007863,-0.006198,1,1,0.0,rotated_out_top8,True,0,daily
NZDUSD,SHORT,2024-04-28,2024-04-29,0.59468,0.59689,1,1,-0.01552,8,-0.003716,-0.005716,-0.006716,20.0,0.0,0.0,0,0,0.0,rotated_out_top8,False,0,daily
USDCAD,SHORT,2024-04-23,2024-05-01,1.36609,1.37242,8,7,-0.01266,8,-0.004634,-0.006634,-0.007634,20.0,0.0,-6.6e-05,0,7,-0.008909,rotated_out_top8,False,0,daily
AUDUSD,LONG,2024-04-24,2024-05-01,0.64968,0.65289,7,6,0.01254,8,0.004941,0.002941,0.001941,20.0,0.013699,-0.004787,5,6,-0.013114,sign_flip,True,0,daily
AUDCAD,LONG,2024-04-29,2024-05-01,0.89644,0.896039,2,2,0.01577,7,-0.000447,-0.002447,-0.003447,20.0,0.009101,-0.014623,2,2,-0.005038,rotated_out_top8,False,0,daily
AUDUSD,SHORT,2024-05-01,2024-05-02,0.65289,0.65693,1,1,-0.01865,7,-0.006188,-0.008188,-0.009188,20.0,0.0,0.0,0,0,0.0,rotated_out_top8,False,0,daily
EURGBP,SHORT,2024-05-02,2024-05-05,0.855688,0.857867,3,2,-0.01677,8,-0.002547,-0.004547,-0.005547,20.0,0.0,0.0,0,0,-0.002484,rotated_out_top8,False,1,daily
NZDCHF,LONG,2024-04-19,2024-05-10,0.535819,0.545547,21,18,0.01825,8,0.018156,0.016156,0.015156,20.0,0.027508,-0.016011,13,1,-0.006005,rotated_out_top8,True,1,daily
NZDCAD,SHORT,2024-05-10,2024-05-12,0.822847,0.822818,2,1,-0.01422,8,3.5e-05,-0.001965,-0.002965,20.0,0.0,0.0,0,0,0.0,rotated_out_top8,False,0,daily
AUDUSD,SHORT,2024-05-05,2024-05-14,0.66081,0.66229,9,8,-0.0185,8,-0.00224,-0.00424,-0.00524,20.0,0.002209,0.0,4,0,-0.005902,rotated_out_top8,False,0,daily
USDCHF,LONG,2024-05-01,2024-05-16,0.91638,0.90601,15,13,0.01972,6,-0.011316,-0.013316,-0.014316,20.0,0.006526,-0.017351,1,13,-0.017187,rotated_out_top8,False,1,daily
NZDCHF,LONG,2024-05-12,2024-05-21,0.545332,0.555085,9,8,0.01285,8,0.017883,0.015883,0.014883,20.0,0.024858,-0.004916,8,2,-0.003379,rotated_out_top8,True,0,daily
USDCAD,SHORT,2024-05-14,2024-05-21,1.36529,1.36401,7,6,-0.01928,6,0.000938,-0.001062,-0.002062,20.0,0.002922,0.0,5,0,-0.001897,rotated_out_top8,False,0,daily
NZDCAD,SHORT,2024-05-21,2024-05-22,0.8309,0.83488,1,1,-0.01479,8,-0.00479,-0.00679,-0.00779,20.0,0.0,0.0,0,0,0.0,rotated_out_top8,False,0,daily
AUDUSD,SHORT,2024-05-21,2024-05-22,0.66653,0.66176,1,1,-0.03266,4,0.007156,0.005156,0.004156,20.0,0.0,0.0,0,0,0.0,rotated_out_top8,True,0,daily
GBPUSD,SHORT,2024-04-02,2024-05-23,1.2576,1.26928,51,44,-0.02487,7,-0.009288,-0.011288,-0.012288,20.0,0.015744,-0.009836,17,44,-0.029437,rotated_out_top8,False,1,daily
NZDUSD,SHORT,2024-05-01,2024-05-24,0.59278,0.61202,23,20,-0.03758,3,-0.032457,-0.034457,-0.035457,20.0,0.0,-0.033571,0,16,-0.034785,rotated_out_top8,False,1,daily
EURGBP,SHORT,2024-05-16,2024-05-24,0.857666,0.851497,8,7,-0.01559,7,0.007193,0.005193,0.004193,20.0,0.002663,0.0,6,0,-0.000856,rotated_out_top8,True,0,daily
USDCAD,SHORT,2024-05-22,2024-05-24,1.36897,1.36636,2,2,-0.01489,7,0.001907,-9.3e-05,-0.001093,20.0,0.0,0.0,0,0,-0.003068,rotated_out_top8,False,0,daily
AUDUSD,LONG,2024-05-24,2024-05-26,0.66278,0.66223,2,1,0.01801,8,-0.00083,-0.00283,-0.00383,20.0,0.001192,-0.005462,1,1,0.0,rotated_out_top8,False,0,daily
NZDCAD,LONG,2024-05-24,2024-05-27,0.83624,0.838164,3,2,0.01844,7,0.002301,0.000301,-0.000699,20.0,0.006287,-0.006707,1,1,0.0,rotated_out_top8,True,0,daily
GBPUSD,SHORT,2024-05-26,2024-05-27,1.27336,1.27714,1,1,-0.01838,7,-0.002969,-0.004969,-0.005969,20.0,0.0,0.0,0,0,0.0,rotated_out_top8,False,0,daily
USDCHF,SHORT,2024-05-24,2024-05-28,0.91464,0.91229,4,3,-0.02861,2,0.002569,0.000569,-0.000431,20.0,0.000175,0.0,2,0,0.0,rotated_out_top8,True,0,daily
AUDCHF,LONG,2024-04-10,2024-05-29,0.594093,0.603882,49,42,0.02168,6,0.016477,0.014477,0.013477,20.0,0.03037,-0.0351,37,9,-0.018302,rotated_out_top8,True,1,daily
GBPUSD,SHORT,2024-05-28,2024-05-30,1.27576,1.27283,2,2,-0.02188,6,0.002297,0.000297,-0.000703,20.0,0.0,0.0,0,0,0.0,rotated_out_top8,True,0,daily
EURUSD,SHORT,2024-03-15,2024-05-31,1.08866,1.0848,77,66,-0.02247,7,0.003546,0.001546,0.000546,20.0,0.02177,0.0,26,0,-0.024599,rotated_out_top8,True,1,daily
AUDCAD,LONG,2024-05-22,2024-06-04,0.90593,0.908763,13,11,0.01436,8,0.003128,0.001128,0.000128,20.0,0.010656,-0.007029,1,3,-0.001173,rotated_out_top8,True,0,daily
NZDUSD,SHORT,2024-05-27,2024-06-05,0.61504,0.61955,9,8,-0.01737,8,-0.007333,-0.009333,-0.010333,20.0,0.003268,-0.000715,4,8,-0.012877,rotated_out_top8,False,0,daily
EURCHF,SHORT,2024-05-30,2024-06-05,0.978409,0.970599,6,5,-0.01707,8,0.007982,0.005982,0.004982,20.0,0.0,0.0,0,0,-0.000392,rotated_out_top8,True,0,daily
AUDUSD,LONG,2024-06-05,2024-06-09,0.66547,0.65813,4,3,0.03322,4,-0.01103,-0.01303,-0.01403,20.0,0.004223,-0.011436,2,3,-0.013494,rotated_out_top8,False,0,daily
AUDCAD,LONG,2024-06-05,2024-06-10,0.910982,0.909029,5,4,0.02552,5,-0.002144,-0.004144,-0.005144,20.0,0.0095,-0.013385,3,3,-0.006612,rotated_out_top8,False,0,daily
NZDUSD,SHORT,2024-06-09,2024-06-10,0.61043,0.61276,1,1,-0.01719,8,-0.003817,-0.005817,-0.006817,20.0,0.0,0.0,0,0,0.0,rotated_out_top8,False,0,daily
NZDCHF,SHORT,2024-05-31,2024-06-12,0.554235,0.553061,12,10,-0.03037,5,0.002117,0.000117,-0.000883,20.0,0.011206,0.0,8,0,-0.008401,rotated_out_top8,True,0,daily
GBPUSD,LONG,2024-06-10,2024-06-13,1.27253,1.27533,3,3,0.0225,8,0.0022,0.0002,-0.0008,20.0,0.010569,-0.002986,3,1,0.0,rotated_out_top8,True,0,daily
AUDUSD,LONG,2024-06-10,2024-06-13,0.66066,0.66305,3,3,0.03091,4,0.003618,0.001618,0.000618,20.0,0.014682,-0.004677,3,1,0.0,rotated_out_top8,True,0,daily
AUDNZD,SHORT,2024-06-12,2024-06-13,1.077182,1.076747,1,1,-0.01482,8,0.000404,-0.001596,-0.002596,20.0,0.0,0.0,0,0,0.0,rotated_out_top8,False,0,daily
NZDCHF,SHORT,2024-06-13,2024-06-14,0.550485,0.546543,1,1,-0.01722,7,0.007161,0.005161,0.004161,20.0,0.0,0.0,0,0,0.0,rotated_out_top8,True,0,daily
AUDCHF,LONG,2024-06-14,2024-06-17,0.588722,0.587839,3,2,0.01652,8,-0.001499,-0.003499,-0.004499,20.0,0.009221,-0.004966,1,2,0.0,rotated_out_top8,False,0,daily
NZDCAD,SHORT,2024-06-17,2024-06-19,0.841127,0.841091,2,2,-0.01473,8,4.2e-05,-0.001958,-0.002958,20.0,0.0,0.0,0,0,-0.001063,rotated_out_top8,False,0,daily
GBPCHF,LONG,2024-06-13,2024-06-20,1.140081,1.128522,7,6,0.01486,8,-0.010139,-0.012139,-0.013139,20.0,0.007255,-0.019262,1,5,-0.014596,rotated_out_top8,False,0,daily
NZDUSD,SHORT,2024-06-13,2024-06-20,0.61579,0.61211,7,6,-0.02637,5,0.005976,0.003976,0.002976,20.0,0.003426,0.0,4,0,-0.000877,rotated_out_top8,True,0,daily
AUDCHF,LONG,2024-06-19,2024-06-20,0.590093,0.593715,1,1,0.01628,8,0.006137,0.004137,0.003137,20.0,0.00178,-0.003223,1,1,0.0,rotated_out_top8,True,0,daily
NZDCHF,SHORT,2024-06-20,2024-06-21,0.545665,0.547045,1,1,-0.01703,8,-0.002529,-0.004529,-0.005529,20.0,0.0,0.0,0,0,0.0,rotated_out_top8,False,0,daily
AUDCHF,LONG,2024-06-21,2024-06-24,0.593769,0.594228,3,2,0.02731,6,0.000774,-0.001226,-0.002226,20.0,0.005049,-0.005539,1,1,-0.000739,rotated_out_top8,False,0,daily
AUDUSD,LONG,2024-06-20,2024-06-25,0.66601,0.66439,5,4,0.0344,4,-0.002432,-0.004432,-0.005432,20.0,0.002763,-0.00518,1,4,-0.003889,rotated_out_top8,False,0,daily
AUDCAD,LONG,2024-06-20,2024-06-25,0.911355,0.90761,5,4,0.0187,7,-0.004109,-0.006109,-0.007109,20.0,0.005394,-0.00771,1,4,-0.002993,rotated_out_top8,False,0,daily
USDCAD,SHORT,2024-06-04,2024-06-26,1.36761,1.37039,22,19,-0.02153,6,-0.002033,-0.004033,-0.005033,20.0,0.0,-0.005616,0,6,-0.007122,rotated_out_top8,False,0,daily
CADCHF,SHORT,2024-05-23,2024-06-27,0.665912,0.655902,35,30,-0.02328,5,0.015032,0.013032,0.012032,20.0,0.029319,-0.003166,24,4,-0.016081,rotated_out_top8,True,0,daily
EURGBP,SHORT,2024-05-27,2024-06-27,0.8504,0.846854,31,27,-0.01884,7,0.00417,0.00217,0.00117,20.0,0.005798,-0.000611,18,6,-0.005119,rotated_out_top8,True,0,daily
NZDUSD,LONG,2024-06-25,2024-06-28,0.61166,0.60906,3,3,0.02075,6,-0.004251,-0.006251,-0.007251,20.0,0.002109,-0.007978,1,3,-0.006131,rotated_out_top8,False,0,daily
AUDUSD,LONG,2024-06-26,2024-06-28,0.66449,0.66693,2,2,0.02037,7,0.003672,0.001672,0.000672,20.0,0.006456,-0.001415,1,1,0.0,rotated_out_top8,True,0,daily
USDCAD,SHORT,2024-06-27,2024-06-28,1.36987,1.36779,1,1,-0.02443,6,0.001518,-0.000482,-0.001482,20.0,0.0,0.0,0,0,0.0,rotated_out_top8,False,0,daily
GBPCHF,LONG,2024-06-28,2024-07-01,1.136141,1.142069,3,2,0.02165,7,0.005218,0.003218,0.002218,20.0,0.004362,-0.00417,1,2,0.0,rotated_out_top8,True,0,daily
NZDCAD,LONG,2024-06-24,2024-07-02,0.835602,0.831606,8,7,0.01804,8,-0.004783,-0.006783,-0.007783,20.0,0.007066,-0.010271,1,5,-0.003193,rotated_out_top8,False,0,daily
EURGBP,SHORT,2024-06-28,2024-07-02,0.847267,0.847147,4,3,-0.01947,8,0.000142,-0.001858,-0.002858,20.0,0.0,-0.001088,0,2,-0.002097,rotated_out_top8,False,0,daily
AUDCHF,LONG,2024-07-01,2024-07-02,0.600971,0.60256,1,1,0.02245,6,0.002644,0.000644,-0.000356,20.0,0.006453,-0.006895,1,1,0.0,rotated_out_top8,True,0,daily
GBPCHF,LONG,2024-07-02,2024-07-03,1.146497,1.148241,1,1,0.02378,6,0.001521,-0.000479,-0.001479,20.0,0.001669,-0.006436,1,1,0.0,rotated_out_top8,False,0,daily
AUDUSD,LONG,2024-07-03,2024-07-04,0.6711,0.67241,1,1,0.02192,7,0.001952,-4.8e-05,-0.001048,20.0,0.003263,-0.006899,1,1,0.0,rotated_out_top8,False,0,daily
NZDCHF,LONG,2024-06-27,2024-07-05,0.54654,0.550366,8,7,0.02839,4,0.007002,0.005002,0.004002,20.0,0.01468,-0.005575,6,1,-0.002428,rotated_out_top8,True,0,daily
AUDNZD,SHORT,2024-06-25,2024-07-09,1.086208,1.100393,14,12,-0.01863,8,-0.01306,-0.01506,-0.01606,20.0,0.0,-0.009064,0,9,-0.012849,rotated_out_top8,False,0,daily
AUDUSD,LONG,2024-07-09,2024-07-10,0.67409,0.67511,1,1,0.02117,6,0.001513,-0.000487,-0.001487,20.0,0.00092,-0.002566,1,1,0.0,rotated_out_top8,False,0,daily
USDCAD,SHORT,2024-07-02,2024-07-12,1.36766,1.36338,10,9,-0.02249,7,0.003129,0.001129,0.000129,20.0,0.00283,0.0,3,0,-0.00193,rotated_out_top8,True,0,daily
NZDUSD,LONG,2024-07-02,2024-07-12,0.60805,0.61177,10,9,0.02153,8,0.006118,0.004118,0.003118,20.0,0.011841,-0.005559,6,1,-0.009522,rotated_out_top8,True,0,daily
EURUSD,SHORT,2024-07-12,2024-07-15,1.0906,1.08978,3,2,-0.02412,5,0.000752,-0.001248,-0.002248,20.0,0.001311,0.0,2,0,0.0,rotated_out_top8,False,0,daily
NZDCAD,LONG,2024-07-12,2024-07-15,0.834075,0.83087,3,2,0.0141,8,-0.003842,-0.005842,-0.006842,20.0,0.00154,-0.008626,1,1,-0.002835,rotated_out_top8,False,0,daily
CADCHF,SHORT,2024-06-28,2024-07-16,0.656928,0.653601,18,15,-0.03055,3,0.005064,0.003064,0.002064,20.0,0.000569,-0.003547,8,6,-0.006554,rotated_out_top8,True,0,daily
AUDNZD,SHORT,2024-07-10,2024-07-16,1.109192,1.109037,6,5,-0.01758,8,0.00014,-0.00186,-0.00286,20.0,0.0,0.0,0,0,-0.003838,rotated_out_top8,False,0,daily
NZDUSD,LONG,2024-07-15,2024-07-17,0.60749,0.6079,2,2,0.01631,7,0.000675,-0.001325,-0.002325,20.0,0.004329,-0.008576,1,2,-0.000889,rotated_out_top8,False,0,daily
EURUSD,SHORT,2024-07-16,2024-07-18,1.09018,1.08996,2,2,-0.01475,7,0.000202,-0.001798,-0.002798,20.0,0.0,0.0,0,0,-0.003467,rotated_out_top8,False,0,daily
AUDUSD,LONG,2024-07-16,2024-07-22,0.67313,0.66383,6,5,0.01982,5,-0.013816,-0.015816,-0.016816,20.0,0.00462,-0.008186,1,5,-0.006997,rotated_out_top8,False,0,daily
USDCHF,SHORT,2024-05-29,2024-07-23,0.91316,0.89144,55,47,-0.02109,6,0.023786,0.021786,0.020786,20.0,0.030433,0.0,19,0,-0.021398,rotated_out_top8,True,0,daily
CADCHF,SHORT,2024-07-18,2024-07-23,0.64762,0.646655,5,4,-0.0205,5,0.00149,-0.00051,-0.00151,20.0,0.0,0.0,0,0,-0.000459,rotated_out_top8,False,0,daily
NZDCAD,SHORT,2024-07-23,2024-07-25,0.820383,0.813655,2,2,-0.01584,8,0.008201,0.006201,0.005201,20.0,0.0,0.0,0,0,0.0,rotated_out_top8,True,0,daily
NZDUSD,SHORT,2024-07-23,2024-07-25,0.59511,0.58882,2,2,-0.01735,7,0.010569,0.008569,0.007569,20.0,0.0,0.0,0,0,0.0,rotated_out_top8,True,0,daily
USDCHF,SHORT,2024-07-25,2024-07-29,0.88064,0.88606,4,3,-0.02057,6,-0.006155,-0.008155,-0.009155,20.0,0.0,-0.00092,0,3,-0.004292,rotated_out_top8,False,0,daily
GBPCHF,LONG,2024-07-25,2024-07-30,1.132036,1.132113,5,4,0.01623,8,6.7e-05,-0.001933,-0.002933,20.0,0.009907,-0.004318,4,1,0.0,rotated_out_top8,False,0,daily
EURCHF,SHORT,2024-07-05,2024-08-01,0.970871,0.94154,27,23,-0.01857,8,0.030211,0.028211,0.027211,20.0,0.013321,-0.001457,23,9,-0.007421,rotated_out_top8,True,0,daily
EURGBP,SHORT,2024-07-04,2024-08-28,0.847537,0.843214,55,47,-0.01941,8,0.005101,0.003101,0.002101,20.0,0.007959,-0.010317,9,30,-0.026098,rotated_out_top8,True,22,daily
USDCAD,SHORT,2024-07-15,2024-08-28,1.36771,1.34765,44,38,-0.01901,6,0.014667,0.012667,0.011667,20.0,0.013855,-0.0133,38,18,-0.015544,sign_flip,True,22,daily
AUDCHF,LONG,2024-07-17,2024-08-28,0.593781,0.570922,42,36,0.01702,8,-0.038497,-0.040497,-0.041497,20.0,0.017391,-0.098579,1,17,-0.066455,sign_flip,False,22,daily
EURUSD,SHORT,2024-07-22,2024-08-28,1.08883,1.11241,37,32,-0.01786,5,-0.021656,-0.023656,-0.024656,20.0,0.004914,-0.027341,10,30,-0.037324,rotated_out_top8,False,22,daily
GBPCHF,LONG,2024-08-01,2024-08-28,1.111,1.110505,27,23,0.02673,2,-0.000446,-0.002446,-0.003446,20.0,0.017074,-0.035413,20,4,-0.02651,rotated_out_top8,False,22,daily
USDCAD,LONG,2024-08-28,2024-08-29,1.34765,1.34884,1,1,0.01696,8,0.000883,-0.001117,-0.002117,20.0,0.000801,-0.002671,1,1,0.0,rotated_out_top8,False,0,daily
EURUSD,SHORT,2024-08-29,2024-09-02,1.10796,1.1067,4,3,-0.02229,8,0.001137,-0.000863,-0.001863,20.0,0.002726,0.0,3,0,0.0,rotated_out_top8,False,0,daily
EURGBP,SHORT,2024-09-02,2024-09-04,0.842269,0.842993,2,2,-0.02306,8,-0.00086,-0.00286,-0.00386,20.0,0.0,0.0,0,0,-0.000369,rotated_out_top8,False,0,daily
EURUSD,SHORT,2024-09-04,2024-09-05,1.10798,1.11108,1,1,-0.01942,8,-0.002798,-0.004798,-0.005798,20.0,0.0,0.0,0,0,0.0,rotated_out_top8,False,0,daily
AUDCHF,SHORT,2024-08-28,2024-09-09,0.570922,0.565476,12,10,-0.07459,3,0.009539,0.007539,0.006539,20.0,0.013227,-0.00409,10,5,-0.012049,rotated_out_top8,True,0,daily
NZDCAD,SHORT,2024-07-29,2024-09-10,0.814116,0.8368,43,37,-0.0192,6,-0.027864,-0.029864,-0.030864,20.0,0.0,-0.032858,0,30,-0.037465,rotated_out_top8,False,22,daily
EURGBP,SHORT,2024-09-09,2024-09-10,0.844268,0.842566,1,1,-0.03194,8,0.002016,1.6e-05,-0.000984,20.0,0.0,0.0,0,0,0.0,rotated_out_top8,True,0,daily
AUDUSD,SHORT,2024-08-28,2024-09-13,0.67824,0.6704,16,14,-0.04894,6,0.011559,0.009559,0.008559,20.0,0.015997,-2.9e-05,10,2,-0.010704,rotated_out_top8,True,0,daily
AUDCHF,SHORT,2024-09-10,2024-09-15,0.563226,0.56934,5,4,-0.05469,5,-0.010855,-0.012855,-0.013855,20.0,0.0,-0.004217,0,3,-0.014746,rotated_out_top8,False,0,daily
EURGBP,SHORT,2024-09-15,2024-09-17,0.844098,0.844648,2,2,-0.03214,8,-0.000652,-0.002652,-0.003652,20.0,0.0,0.0,0,0,0.0,rotated_out_top8,False,0,daily
NZDUSD,SHORT,2024-07-30,2024-09-18,0.59018,0.62089,50,43,-0.01733,7,-0.052035,-0.054035,-0.055035,20.0,0.0,-0.058321,0,27,-0.060998,rotated_out_top8,False,22,daily
AUDCHF,SHORT,2024-09-17,2024-09-19,0.572117,0.577257,2,2,-0.04183,5,-0.008983,-0.010983,-0.011983,20.0,0.0,0.0,0,0,-0.00194,rotated_out_top8,False,0,daily
NZDUSD,SHORT,2024-09-19,2024-09-24,0.62355,0.63512,5,4,-0.03346,8,-0.018555,-0.020555,-0.021555,20.0,0.0,0.0,0,0,-0.005036,rotated_out_top8,False,0,daily
EURGBP,SHORT,2024-09-18,2024-09-25,0.84176,0.83594,7,6,-0.03559,7,0.006914,0.004914,0.003914,20.0,0.002822,0.0,4,0,-0.001285,rotated_out_top8,True,0,daily
GBPCHF,LONG,2024-09-05,2024-09-26,1.111745,1.134936,21,18,0.03321,8,0.02086,0.01886,0.01786,20.0,0.027653,-0.015133,18,6,-0.004329,rotated_out_top8,True,0,daily
AUDUSD,LONG,2024-09-24,2024-09-29,0.69054,0.69181,5,4,0.02589,8,0.001839,-0.000161,-0.001161,20.0,0.004533,-0.013222,4,1,-0.012599,rotated_out_top8,False,1,daily
NZDCHF,SHORT,2024-08-28,2024-10-17,0.52577,0.524754,50,43,-0.0769,2,0.001932,-6.8e-05,-0.001068,20.0,0.008536,-0.013115,10,29,-0.029972,rotated_out_top8,False,15,daily
AUDCHF,SHORT,2024-09-26,2024-10-17,0.583268,0.580153,21,18,-0.02763,8,0.00534,0.00334,0.00234,20.0,0.0081,0.0,15,0,-0.008757,rotated_out_top8,True,15,daily
NZDCAD,LONG,2024-09-29,2024-10-23,0.857632,0.83087,24,21,0.02882,8,-0.031204,-0.033204,-0.034204,20.0,0.006698,-0.037127,2,10,-0.030573,rotated_out_top8,False,14,daily
NZDUSD,LONG,2024-10-17,2024-10-23,0.60593,0.60047,6,5,0.03131,8,-0.009011,-0.011011,-0.012011,20.0,0.003961,-0.006436,4,5,-0.008747,rotated_out_top8,False,0,daily
EURGBP,SHORT,2024-10-23,2024-10-24,0.834673,0.834431,1,1,-0.02535,8,0.00029,-0.00171,-0.00271,20.0,0.0,0.0,0,0,0.0,rotated_out_top8,False,0,daily
EURCHF,SHORT,2024-10-24,2024-10-25,0.937209,0.935672,1,1,-0.02313,8,0.00164,-0.00036,-0.00136,20.0,0.0,0.0,0,0,0.0,rotated_out_top8,False,0,daily
EURGBP,SHORT,2024-10-25,2024-10-28,0.832887,0.833746,3,2,-0.03029,8,-0.001031,-0.003031,-0.004031,20.0,0.0,0.0,0,0,-0.000355,rotated_out_top8,False,0,daily
AUDUSD,LONG,2024-10-17,2024-10-30,0.6699,0.65723,13,11,0.04823,4,-0.018913,-0.020913,-0.021913,20.0,0.003553,-0.023018,4,11,-0.023197,rotated_out_top8,False,0,daily
EURGBP,SHORT,2024-10-30,2024-10-31,0.837914,0.843909,1,1,-0.02738,8,-0.007155,-0.009155,-0.010155,20.0,0.0,0.0,0,0,0.0,rotated_out_top8,False,0,daily
AUDUSD,LONG,2024-10-31,2024-11-03,0.65763,0.65902,3,2,0.0311,7,0.002114,0.000114,-0.000886,20.0,0.002205,-0.005641,2,1,-0.0026,rotated_out_top8,True,0,daily
NZDUSD,SHORT,2024-10-28,2024-11-06,0.59879,0.59374,9,8,-0.02856,8,0.008434,0.006434,0.005434,20.0,0.000935,0.0,4,0,-0.008901,rotated_out_top8,True,0,daily
AUDUSD,LONG,2024-11-06,2024-12-01,0.65665,0.65013,25,21,0.03568,7,-0.009929,-0.011929,-0.012929,20.0,0.018396,-0.020224,2,18,-0.033442,rotated_out_top8,False,20,daily
GBPUSD,LONG,2024-09-13,2024-12-02,1.3124,1.26581,80,68,0.03707,7,-0.0355,-0.0375,-0.0385,20.0,0.023613,-0.04856,12,61,-0.06815,rotated_out_top8,False,35,daily
AUDCAD,LONG,2024-09-25,2024-12-03,0.919332,0.912033,69,59,0.03718,6,-0.007939,-0.009939,-0.010939,20.0,0.022212,-0.022205,5,53,-0.030069,rotated_out_top8,False,35,daily
EURGBP,SHORT,2024-11-03,2024-12-04,0.839457,0.827685,31,27,-0.02756,7,0.014023,0.012023,0.011023,20.0,0.009881,0.0,7,0,-0.008763,rotated_out_top8,True,20,daily
USDCHF,SHORT,2024-09-10,2024-12-05,0.8466,0.87827,86,74,-0.0357,8,-0.037408,-0.039408,-0.040408,20.0,0.006095,-0.05026,17,65,-0.063513,rotated_out_top8,False,35,daily
EURCHF,SHORT,2024-12-03,2024-12-06,0.931496,0.928413,3,3,-0.03176,7,0.003309,0.001309,0.000309,20.0,0.0,0.0,0,0,-0.000819,rotated_out_top8,True,0,daily
EURUSD,SHORT,2024-12-02,2024-12-09,1.05003,1.0554,7,6,-0.03511,5,-0.005114,-0.007114,-0.008114,20.0,0.0,-0.005057,0,6,-0.008152,rotated_out_top8,False,0,daily
NZDUSD,SHORT,2024-12-04,2024-12-09,0.5856,0.58573,5,4,-0.03225,6,-0.000222,-0.002222,-0.003222,20.0,0.003057,0.0,4,0,-0.00444,rotated_out_top8,False,0,daily
USDCHF,SHORT,2024-12-09,2024-12-11,0.87857,0.88323,2,2,-0.04154,5,-0.005304,-0.007304,-0.008304,20.0,0.0,0.0,0,0,-0.004712,rotated_out_top8,False,1,daily
EURCHF,SHORT,2024-12-09,2024-12-11,0.927243,0.927815,2,2,-0.02923,8,-0.000618,-0.002618,-0.003618,20.0,0.0,0.0,0,0,-0.002485,rotated_out_top8,False,1,daily
AUDCAD,LONG,2024-12-06,2024-12-12,0.90452,0.905616,6,5,0.03439,8,0.001211,-0.000789,-0.001789,20.0,0.014047,-0.012365,3,1,-0.010517,rotated_out_top8,False,1,daily
EURUSD,SHORT,2024-12-11,2025-01-07,1.05048,1.03414,27,23,-0.04004,6,0.015555,0.013555,0.012555,20.0,0.018782,0.0,22,0,-0.010985,rotated_out_top8,True,17,daily
NZDUSD,SHORT,2024-12-11,2025-01-07,0.5792,0.56329,27,23,-0.04292,5,0.027469,0.025469,0.024469,20.0,0.032838,0.0,19,0,-0.007666,rotated_out_top8,True,17,daily
EURCHF,SHORT,2024-12-12,2025-01-07,0.934194,0.940561,26,22,-0.03464,8,-0.006815,-0.008815,-0.009815,20.0,0.001475,-0.004291,9,15,-0.009939,rotated_out_top8,False,17,daily
NZDCAD,LONG,2025-01-07,2025-01-08,0.809166,0.80565,1,1,0.02303,7,-0.004345,-0.006345,-0.007345,20.0,0.010812,-0.005656,1,1,0.0,rotated_out_top8,False,0,daily
USDCHF,SHORT,2025-01-07,2025-01-08,0.90951,0.91099,1,1,-0.02017,8,-0.001627,-0.003627,-0.004627,20.0,0.0,0.0,0,0,0.0,rotated_out_top8,False,0,daily
GBPUSD,LONG,2025-01-07,2025-01-08,1.24755,1.23575,1,1,0.03039,6,-0.009459,-0.011459,-0.012459,20.0,0.008016,-0.00024,1,1,0.0,rotated_out_top8,False,0,daily
EURCHF,SHORT,2025-01-08,2025-01-09,0.939495,0.939047,1,1,-0.01649,8,0.000477,-0.001523,-0.002523,20.0,0.0,0.0,0,0,0.0,rotated_out_top8,False,0,daily
EURUSD,SHORT,2025-01-09,2025-01-15,1.0296,1.02948,6,5,-0.03318,8,0.000117,-0.001883,-0.002883,20.0,0.004808,0.0,3,0,-0.006109,rotated_out_top8,False,0,daily
EURCHF,SHORT,2025-01-15,2025-01-16,0.938989,0.938574,1,1,-0.01836,8,0.000441,-0.001559,-0.002559,20.0,0.0,0.0,0,0,0.0,rotated_out_top8,False,0,daily
CADCHF,SHORT,2024-08-28,2025-02-05,0.624621,0.629719,161,138,-0.04994,5,-0.008162,-0.010162,-0.011162,20.0,0.005446,-0.020433,88,76,-0.031925,rotated_out_top8,False,54,daily
USDCHF,LONG,2025-02-05,2025-02-09,0.90143,0.91088,4,3,0.01971,8,0.010483,0.008483,0.007483,20.0,0.010139,-0.001453,3,1,0.0,rotated_out_top8,True,1,daily
GBPUSD,SHORT,2025-02-09,2025-02-10,1.2389,1.23591,1,1,-0.02145,8,0.002413,0.000413,-0.000587,20.0,0.0,0.0,0,0,0.0,rotated_out_top8,True,0,daily
USDCHF,LONG,2025-02-10,2025-02-16,0.91135,0.89985,6,5,0.02213,8,-0.012619,-0.014619,-0.015619,20.0,0.004565,-0.015559,3,5,-0.015131,rotated_out_top8,False,1,daily
EURUSD,SHORT,2025-01-16,2025-02-17,1.03011,1.04846,32,27,-0.01745,8,-0.017814,-0.019814,-0.020814,20.0,0.003087,-0.017649,15,27,-0.023726,rotated_out_top8,False,3,daily
USDCHF,LONG,2025-02-17,2025-02-18,0.90072,0.90359,1,1,0.01561,8,0.003186,0.001186,0.000186,20.0,0.001121,-0.001787,1,1,0.0,rotated_out_top8,True,0,daily
CADCHF,SHORT,2025-02-16,2025-02-19,0.634564,0.635213,3,3,-0.0244,6,-0.001023,-0.003023,-0.004023,20.0,0.0,0.0,0,0,-0.003526,rotated_out_top8,False,0,daily
NZDCAD,SHORT,2025-02-18,2025-02-20,0.809256,0.816947,2,2,-0.01639,8,-0.009505,-0.011505,-0.012505,20.0,0.0,0.0,0,0,-0.002985,rotated_out_top8,False,0,daily
CADCHF,SHORT,2025-02-20,2025-02-23,0.633659,0.632275,3,2,-0.01684,7,0.002184,0.000184,-0.000816,20.0,0.0,0.0,0,0,0.0,rotated_out_top8,True,1,daily
EURUSD,SHORT,2025-02-23,2025-02-27,1.04736,1.03935,4,4,-0.02286,7,0.007648,0.005648,0.004648,20.0,0.0,-8.6e-05,0,4,-0.005633,rotated_out_top8,True,0,daily
GBPCHF,LONG,2025-02-27,2025-03-02,1.133683,1.137433,3,2,0.01136,8,0.003308,0.001308,0.000308,20.0,0.007857,-0.006475,1,1,0.0,rotated_out_top8,True,0,daily
AUDCHF,SHORT,2024-12-01,2025-03-04,0.57346,0.557754,93,80,-0.03856,6,0.027389,0.025389,0.024389,20.0,0.025271,0.0,19,0,-0.029401,rotated_out_top8,True,22,daily
EURUSD,SHORT,2025-03-02,2025-03-27,1.04116,1.08006,25,22,-0.0153,8,-0.037362,-0.039362,-0.040362,20.0,0.0,-0.04617,0,15,-0.050588,rotated_out_top8,False,19,daily
AUDNZD,LONG,2025-03-04,2025-03-27,1.107428,1.098736,23,20,0.01113,8,-0.007849,-0.009849,-0.010849,20.0,0.015929,-0.027062,2,15,-0.012609,rotated_out_top8,False,19,daily
USDCHF,LONG,2025-02-19,2025-03-30,0.90455,0.88084,39,33,0.01857,8,-0.026212,-0.028212,-0.029212,20.0,0.000929,-0.032093,1,26,-0.031021,rotated_out_top8,False,21,daily
GBPUSD,LONG,2025-03-30,2025-03-31,1.29372,1.29188,1,1,0.02188,8,-0.001422,-0.003422,-0.004422,20.0,0.000232,-0.001615,1,1,0.0,rotated_out_top8,False,0,daily
NZDCAD,LONG,2025-03-31,2025-04-01,0.815651,0.816296,1,1,0.01579,8,0.000791,-0.001209,-0.002209,20.0,0.009804,-0.009942,1,1,0.0,rotated_out_top8,False,0,daily
EURUSD,LONG,2025-04-01,2025-04-02,1.07941,1.09037,1,1,0.02603,7,0.010154,0.008154,0.007154,20.0,0.00328,-0.001492,1,1,0.0,rotated_out_top8,True,0,daily
USDCAD,LONG,2024-12-05,2025-05-12,1.40186,1.39735,158,135,0.03093,8,-0.003217,-0.005217,-0.006217,20.0,0.055205,-0.019167,52,131,-0.06704,rotated_out_top8,False,75,daily
NZDCAD,LONG,2025-04-02,2025-05-12,0.813991,0.818889,40,34,0.01932,7,0.006017,0.004017,0.003017,20.0,0.027028,-0.051743,19,7,-0.035586,rotated_out_top8,True,33,daily
USDCHF,SHORT,2025-05-12,2025-06-02,0.84483,0.81591,21,18,-0.05413,6,0.034232,0.032232,0.031232,20.0,0.026171,0.0,12,0,-0.014547,rotated_out_top8,True,17,daily
EURUSD,LONG,2025-05-12,2025-06-02,1.10951,1.14528,21,18,0.04566,7,0.032239,0.030239,0.029239,20.0,0.029157,-0.00274,13,1,-0.014277,rotated_out_top8,True,17,daily
AUDCAD,SHORT,2025-06-02,2025-06-03,0.890903,0.886558,1,1,-0.07161,6,0.004877,0.002877,0.001877,20.0,0.0,0.0,0,0,0.0,rotated_out_top8,True,0,daily
GBPCHF,SHORT,2025-06-03,2025-06-04,1.11349,1.108621,1,1,-0.03447,8,0.004373,0.002373,0.001373,20.0,0.0,0.0,0,0,0.0,rotated_out_top8,True,0,daily
NZDCAD,SHORT,2025-06-02,2025-06-11,0.829083,0.824698,9,8,-0.04987,7,0.00529,0.00329,0.00229,20.0,0.004147,0.0,6,0,-0.006208,rotated_out_top8,True,0,daily
AUDCAD,SHORT,2025-06-04,2025-06-11,0.887808,0.889418,7,6,-0.03234,8,-0.001814,-0.003814,-0.004814,20.0,0.0,0.0,0,0,-0.005547,rotated_out_top8,False,0,daily
USDCHF,SHORT,2025-06-11,2025-06-12,0.81846,0.80762,1,1,-0.03185,8,0.013244,0.011244,0.010244,20.0,0.0,0.0,0,0,0.0,rotated_out_top8,True,0,daily
NZDUSD,SHORT,2025-01-08,2025-06-13,0.56039,0.60166,156,134,-0.04414,5,-0.073645,-0.075645,-0.076645,20.0,0.006692,-0.075537,4,132,-0.098289,rotated_out_top8,False,74,daily
AUDCAD,SHORT,2025-06-12,2025-06-13,0.887318,0.881429,1,1,-0.03042,8,0.006637,0.004637,0.003637,20.0,0.0,0.0,0,0,0.0,rotated_out_top8,True,0,daily
GBPUSD,LONG,2025-06-13,2025-06-17,1.3574,1.34287,4,3,0.02628,8,-0.010704,-0.012704,-0.013704,20.0,0.004295,-0.004295,1,1,-0.001879,rotated_out_top8,False,0,daily
NZDUSD,SHORT,2025-06-17,2025-06-18,0.60179,0.60272,1,1,-0.03017,8,-0.001545,-0.003545,-0.004545,20.0,0.0,0.0,0,0,0.0,rotated_out_top8,False,0,daily
CADCHF,SHORT,2025-03-27,2025-06-22,0.616223,0.595156,87,74,-0.01502,8,0.034188,0.032188,0.031188,20.0,0.043204,0.0,22,0,-0.031986,rotated_out_top8,True,51,daily
AUDCAD,SHORT,2025-06-18,2025-06-23,0.891062,0.889198,5,4,-0.03434,7,0.002091,9.1e-05,-0.000909,20.0,0.004265,0.0,4,0,-8.4e-05,rotated_out_top8,True,0,daily
GBPUSD,LONG,2025-06-22,2025-06-24,1.34342,1.36148,2,2,0.0308,8,0.013443,0.011443,0.010443,20.0,0.008962,-0.004779,2,2,0.0,rotated_out_top8,True,0,daily
AUDCAD,SHORT,2025-06-24,2025-06-25,0.891478,0.894098,1,1,-0.0334,7,-0.002939,-0.004939,-0.005939,20.0,0.0,0.0,0,0,0.0,rotated_out_top8,False,0,daily
AUDUSD,SHORT,2025-01-08,2025-06-26,0.62103,0.65462,169,145,-0.03085,7,-0.054088,-0.056088,-0.057088,20.0,0.032317,-0.045924,76,133,-0.092733,rotated_out_top8,False,74,daily
GBPUSD,LONG,2025-06-25,2025-06-27,1.36892,1.37198,2,2,0.03223,7,0.002235,0.000235,-0.000765,20.0,0.005917,-0.007247,2,1,0.0,rotated_out_top8,True,0,daily
AUDUSD,SHORT,2025-06-27,2025-06-30,0.65295,0.6576,3,2,-0.03777,7,-0.007122,-0.009122,-0.010122,20.0,0.0,0.0,0,0,-0.000306,rotated_out_top8,False,0,daily
AUDCAD,SHORT,2025-06-26,2025-07-16,0.89302,0.892864,20,17,-0.02961,8,0.000174,-0.001826,-0.002826,20.0,0.001037,-0.004379,9,15,-0.012719,rotated_out_top8,False,0,daily
GBPCHF,SHORT,2025-07-16,2025-07-17,1.07405,1.078343,1,1,-0.01822,8,-0.003997,-0.005997,-0.006997,20.0,0.0,0.0,0,0,0.0,rotated_out_top8,False,0,daily
AUDCAD,SHORT,2025-07-17,2025-07-18,0.892463,0.893002,1,1,-0.02106,8,-0.000604,-0.002604,-0.003604,20.0,0.0,0.0,0,0,0.0,rotated_out_top8,False,0,daily
GBPCHF,SHORT,2025-07-18,2025-07-24,1.074828,1.073713,6,5,-0.02169,8,0.001037,-0.000963,-0.001963,20.0,0.0,0.0,0,0,-0.002328,rotated_out_top8,False,0,daily
NZDUSD,LONG,2025-07-24,2025-07-25,0.60348,0.60163,1,1,0.0273,8,-0.003066,-0.005066,-0.006066,20.0,0.003894,-0.002104,1,1,0.0,rotated_out_top8,False,0,daily
USDCAD,SHORT,2025-07-25,2025-07-28,1.37015,1.37342,3,2,-0.02299,8,-0.002387,-0.004387,-0.005387,20.0,0.0,0.0,0,0,-5.1e-05,rotated_out_top8,False,0,daily
GBPUSD,LONG,2025-06-30,2025-08-07,1.37303,1.34505,38,33,0.03333,7,-0.020378,-0.022378,-0.023378,20.0,0.004224,-0.042942,2,29,-0.039169,rotated_out_top8,False,0,daily
AUDCAD,SHORT,2025-08-07,2025-08-10,0.895971,0.896146,3,2,-0.02647,8,-0.000195,-0.002195,-0.003195,20.0,0.0,0.0,0,0,-0.001019,rotated_out_top8,False,0,daily
GBPUSD,LONG,2025-08-10,2025-08-19,1.34426,1.34845,9,8,0.02763,8,0.003117,0.001117,0.000117,20.0,0.011307,-0.003273,5,2,-0.00575,rotated_out_top8,True,0,daily
USDCAD,SHORT,2025-08-19,2025-08-22,1.38661,1.38263,3,3,-0.02298,8,0.00287,0.00087,-0.00013,20.0,0.0,-0.000447,0,3,-0.002524,rotated_out_top8,True,0,daily
GBPUSD,LONG,2025-08-22,2025-08-25,1.35265,1.34542,3,2,0.02652,8,-0.005345,-0.007345,-0.008345,20.0,0.001272,-0.010113,1,1,-0.00136,rotated_out_top8,False,0,daily
EURGBP,LONG,2025-08-25,2025-08-26,0.86324,0.863502,1,1,0.02454,8,0.000304,-0.001696,-0.002696,20.0,0.009975,-0.006379,1,1,0.0,rotated_out_top8,False,0,daily
NZDUSD,LONG,2025-08-26,2025-08-27,0.58561,0.58599,1,1,0.02227,8,0.000649,-0.001351,-0.002351,20.0,0.001913,-0.004815,1,1,0.0,rotated_out_top8,False,0,daily
GBPCHF,SHORT,2025-07-28,2025-08-28,1.072995,1.082964,31,27,-0.02023,8,-0.009291,-0.011291,-0.012291,20.0,0.003276,-0.015025,6,18,-0.024017,rotated_out_top8,False,0,daily
NZDUSD,LONG,2025-08-28,2025-09-08,0.58821,0.5944,11,9,0.03474,8,0.010523,0.008523,0.007523,20.0,0.005916,-0.0085,8,7,-0.00918,rotated_out_top8,True,0,daily
GBPCHF,SHORT,2025-09-08,2025-09-18,1.074432,1.074216,10,9,-0.02497,8,0.000201,-0.001799,-0.002799,20.0,0.0,-0.001471,0,6,-0.00595,rotated_out_top8,False,0,daily
AUDUSD,LONG,2025-09-18,2025-09-21,0.66163,0.65882,3,2,0.02621,8,-0.004247,-0.006247,-0.007247,20.0,0.006499,-0.00464,1,2,-0.003446,rotated_out_top8,False,0,daily
GBPCHF,SHORT,2025-09-21,2025-10-02,1.071841,1.0717,11,10,-0.02436,8,0.000132,-0.001868,-0.002868,20.0,0.001441,0.0,7,0,-0.006746,rotated_out_top8,False,0,daily
AUDUSD,LONG,2025-10-02,2025-10-03,0.65987,0.66016,1,1,0.02331,8,0.000439,-0.001561,-0.002561,20.0,0.003849,-0.003349,1,1,0.0,rotated_out_top8,False,0,daily
GBPCHF,SHORT,2025-10-03,2025-10-06,1.071728,1.071871,3,2,-0.02417,8,-0.000134,-0.002134,-0.003134,20.0,0.0,0.0,0,0,0.0,rotated_out_top8,False,0,daily
AUDUSD,LONG,2025-10-06,2025-10-10,0.6616,0.64749,4,4,0.02656,8,-0.021327,-0.023327,-0.024327,20.0,0.001209,-0.011548,2,4,-0.008449,rotated_out_top8,False,0,daily
NZDCAD,SHORT,2025-10-10,2025-10-12,0.801105,0.801428,2,1,-0.02753,8,-0.000404,-0.002404,-0.003404,20.0,0.0,0.0,0,0,0.0,rotated_out_top8,False,0,daily
AUDUSD,LONG,2025-10-12,2025-10-15,0.64976,0.65073,3,3,0.03025,8,0.001493,-0.000507,-0.001507,20.0,0.005325,-0.00888,2,3,-0.003217,rotated_out_top8,False,0,daily
NZDCAD,SHORT,2025-10-15,2025-10-27,0.802627,0.807821,12,10,-0.02675,8,-0.006471,-0.008471,-0.009471,20.0,0.0,-0.002594,0,10,-0.00437,rotated_out_top8,False,8,daily
GBPUSD,LONG,2025-08-27,2025-10-30,1.35032,1.3158,64,55,0.02569,8,-0.025564,-0.027564,-0.028564,20.0,0.016507,-0.026934,19,55,-0.033903,rotated_out_top8,False,10,daily
GBPCHF,SHORT,2025-10-27,2025-11-02,1.060018,1.057137,6,5,-0.02375,8,0.002718,0.000718,-0.000282,20.0,0.000106,0.0,5,0,-0.004818,rotated_out_top8,True,2,daily
NZDUSD,SHORT,2025-11-02,2025-11-03,0.57209,0.57053,1,1,-0.02444,8,0.002727,0.000727,-0.000273,20.0,0.0,0.0,0,0,0.0,rotated_out_top8,True,0,daily
EURUSD,LONG,2025-06-11,2025-11-24,1.15096,1.15201,166,142,0.03706,7,0.000912,-0.001088,-0.002088,20.0,0.035509,-0.010313,85,45,-0.03352,rotated_out_top8,False,10,daily
NZDUSD,SHORT,2025-11-24,2025-12-01,0.5611,0.57244,7,6,-0.02383,8,-0.02021,-0.02221,-0.02321,20.0,0.0,-0.019836,0,6,-0.022135,rotated_out_top8,False,0,daily
EURUSD,LONG,2025-12-01,2025-12-05,1.16065,1.16427,4,4,0.02294,8,0.003119,0.001119,0.000119,20.0,0.006471,-0.001499,4,1,-0.001964,rotated_out_top8,True,0,daily
NZDUSD,SHORT,2025-12-05,2025-12-08,0.57758,0.57751,3,2,-0.02094,8,0.000121,-0.001879,-0.002879,20.0,0.0,0.0,0,0,0.0,rotated_out_top8,False,0,daily
EURUSD,LONG,2025-12-08,2025-12-09,1.16404,1.16278,1,1,0.019,8,-0.001082,-0.003082,-0.004082,20.0,0.00268,-0.002088,1,1,0.0,rotated_out_top8,False,0,daily
BTCUSD,LONG,2023-02-23,2025-12-12,23931.76,90280.73,1023,1023,0.1,1,2.772423,2.770423,2.769423,20.0,4.277619,-0.182996,957,16,-1.672806,sign_flip,True,260,daily
AUDCHF,SHORT,2025-03-27,2025-12-12,0.55547,0.529498,260,223,-0.04266,2,0.046757,0.044757,0.043757,20.0,0.074006,0.0,9,0,-0.071444,rotated_out_top8,True,61,daily
NZDUSD,SHORT,2025-12-09,2025-12-14,0.57782,0.58005,5,4,-0.01939,8,-0.003859,-0.005859,-0.006859,20.0,0.0,-0.001609,0,3,-0.006403,rotated_out_top8,False,0,daily
BTCUSD,SHORT,2025-12-12,2025-12-14,90280.73,88173.2,2,2,-0.03431,4,0.023344,0.021344,0.020344,20.0,0.0,0.0,0,0,0.0,sign_flip,True,0,daily
NZDCAD,SHORT,2025-10-30,2025-12-17,0.802993,0.795035,48,41,-0.03191,7,0.009911,0.007911,0.006911,20.0,0.014664,0.0,9,0,-0.022165,rotated_out_top8,True,0,daily
AUDUSD,LONG,2025-12-12,2025-12-18,0.66524,0.6613,6,5,0.02621,6,-0.005923,-0.007923,-0.008923,20.0,0.003623,-0.008072,1,5,-0.007862,rotated_out_top8,False,0,daily
AUDCHF,SHORT,2025-12-17,2025-12-18,0.524833,0.525105,1,1,-0.02262,6,-0.000518,-0.002518,-0.003518,20.0,0.0,0.0,0,0,0.0,rotated_out_top8,False,0,daily
USDCAD,SHORT,2025-12-14,2025-12-22,1.37679,1.37491,8,7,-0.02035,6,0.001365,-0.000635,-0.001635,20.0,0.0,-0.001547,0,7,-0.003341,rotated_out_top8,False,0,daily
BTCUSD,LONG,2025-12-14,2025-12-22,88173.2,88559.82,8,8,0.1,1,0.004385,0.002385,0.001385,20.0,0.026341,-0.042865,1,5,-0.030968,sign_flip,True,0,daily
BTCUSD,SHORT,2025-12-22,2025-12-23,88559.82,87437.03,1,1,-0.03413,4,0.012678,0.010678,0.009678,20.0,0.0,0.0,0,0,0.0,sign_flip,True,0,daily
GBPUSD,SHORT,2025-12-22,2025-12-26,1.34672,1.34992,4,4,-0.02046,8,-0.002376,-0.004376,-0.005376,20.0,0.0,-0.002005,0,4,-0.003371,rotated_out_top8,False,0,daily
USDCAD,SHORT,2025-12-26,2025-12-28,1.3672,1.36681,2,1,-0.01624,8,0.000285,-0.001715,-0.002715,20.0,0.0,0.0,0,0,0.0,rotated_out_top8,False,0,daily
BTCUSD,LONG,2025-12-23,2025-12-30,87437.03,88408.99,7,7,0.1,1,0.011116,0.009116,0.008116,20.0,0.032987,-0.012369,7,2,-0.008772,sign_flip,True,0,daily
GBPUSD,SHORT,2025-12-28,2025-12-30,1.34964,1.3466,2,2,-0.01636,8,0.002252,0.000252,-0.000748,20.0,0.0,0.0,0,0,-0.000889,rotated_out_top8,True,0,daily
AUDNZD,LONG,2025-12-30,2026-01-04,1.156468,1.161545,5,4,0.01501,8,0.004391,0.002391,0.001391,20.0,0.009598,-0.006158,2,1,0.0,rotated_out_top8,True,0,daily
USDCAD,SHORT,2026-01-04,2026-01-05,1.37467,1.37729,1,1,-0.01533,8,-0.001906,-0.003906,-0.004906,20.0,0.0,0.0,0,0,0.0,rotated_out_top8,False,0,daily
AUDNZD,LONG,2026-01-05,2026-01-07,1.160403,1.164417,2,2,0.01486,8,0.003459,0.001459,0.000459,20.0,0.0085,-0.008571,1,1,0.0,rotated_out_top8,True,0,daily
AUDCHF,SHORT,2026-01-07,2026-01-14,0.536162,0.534353,7,6,-0.02092,8,0.003374,0.001374,0.000374,20.0,0.0,0.0,0,0,-0.001387,rotated_out_top8,True,0,daily
NZDUSD,SHORT,2025-12-18,2026-01-19,0.5774,0.57916,32,27,-0.03468,5,-0.003048,-0.005048,-0.006048,20.0,0.007066,-0.009716,21,7,-0.015016,rotated_out_top8,False,0,daily
USDCAD,SHORT,2026-01-14,2026-01-20,1.38865,1.3833,6,5,-0.01584,8,0.003853,0.001853,0.000853,20.0,0.0,-0.000922,0,4,-0.002016,rotated_out_top8,True,0,daily
AUDCHF,SHORT,2026-01-19,2026-01-27,0.535275,0.533699,8,7,-0.01804,7,0.002945,0.000945,-5.5e-05,20.0,0.0,0.0,0,0,-0.01526,rotated_out_top8,True,0,daily
NZDCAD,SHORT,2025-12-18,2026-02-26,0.795478,0.817649,70,60,-0.02299,7,-0.027871,-0.029871,-0.030871,20.0,0.006663,-0.031897,13,45,-0.044024,rotated_out_top8,False,24,daily
NZDUSD,SHORT,2026-01-20,2026-02-27,0.58258,0.59958,38,33,-0.03071,4,-0.029181,-0.031181,-0.032181,20.0,0.0,-0.035514,0,19,-0.042724,rotated_out_top8,False,24,daily
USDCAD,SHORT,2026-02-27,2026-03-02,1.36411,1.36718,3,2,-0.01871,8,-0.002251,-0.004251,-0.005251,20.0,0.0,0.0,0,0,-0.001979,rotated_out_top8,False,0,daily
CADCHF,SHORT,2025-06-23,2026-03-30,0.59192,0.574291,280,240,-0.03451,6,0.029782,0.027782,0.026782,20.0,0.046173,0.0,216,0,-0.031518,rotated_out_top8,True,55,daily
USDCHF,SHORT,2025-06-13,2026-04-05,0.8111,0.80115,296,253,-0.04541,5,0.012267,0.010267,0.009267,20.0,0.052336,-0.005671,212,8,-0.045691,rotated_out_top8,True,59,daily
GBPCHF,SHORT,2025-11-03,2026-04-05,1.061406,1.056356,153,131,-0.02486,8,0.004758,0.002758,0.001758,20.0,0.025844,-0.009297,102,63,-0.030346,rotated_out_top8,True,49,daily
NZDUSD,SHORT,2026-04-05,2026-04-09,0.56851,0.58501,4,4,-0.06261,2,-0.029023,-0.031023,-0.032023,20.0,0.0,-0.017502,0,4,-0.024415,rotated_out_top8,False,2,daily
AUDCHF,LONG,2026-04-05,2026-04-10,0.551544,0.557593,5,5,0.0351,8,0.010967,0.008967,0.007967,20.0,0.027848,-0.011528,3,3,-0.004096,rotated_out_top8,True,2,daily
NZDCAD,SHORT,2026-03-30,2026-04-15,0.796114,0.811616,16,14,-0.03089,8,-0.019472,-0.021472,-0.022472,20.0,0.002529,-0.010836,6,11,-0.024657,rotated_out_top8,False,8,daily
CADCHF,SHORT,2026-04-15,2026-04-16,0.568963,0.571659,1,1,-0.02716,8,-0.004739,-0.006739,-0.007739,20.0,0.0,0.0,0,0,0.0,rotated_out_top8,False,0,daily
USDCHF,SHORT,2026-04-09,2026-04-17,0.79085,0.78162,8,7,-0.04465,6,0.011671,0.009671,0.008671,20.0,0.009812,0.0,6,0,-0.004514,rotated_out_top8,True,2,daily
GBPUSD,SHORT,2026-04-17,2026-04-20,1.3518,1.35303,3,2,-0.02602,8,-0.00091,-0.00291,-0.00391,20.0,0.001931,0.0,2,0,0.0,rotated_out_top8,False,0,daily
GBPCHF,SHORT,2026-04-20,2026-04-21,1.053361,1.054371,1,1,-0.02868,8,-0.000959,-0.002959,-0.003959,20.0,0.0,0.0,0,0,0.0,rotated_out_top8,False,0,daily
GBPUSD,SHORT,2026-04-21,2026-04-22,1.35084,1.34995,1,1,-0.03035,8,0.000659,-0.001341,-0.002341,20.0,0.0,0.0,0,0,0.0,rotated_out_top8,False,0,daily
GBPCHF,SHORT,2026-04-22,2026-04-23,1.059414,1.058658,1,1,-0.02919,8,0.000714,-0.001286,-0.002286,20.0,0.0,0.0,0,0,0.0,rotated_out_top8,False,0,daily
NZDCAD,SHORT,2026-04-16,2026-04-28,0.806208,0.805328,12,10,-0.04673,4,0.001091,-0.000909,-0.001909,20.0,0.003571,0.0,9,0,-0.004353,rotated_out_top8,False,0,daily
GBPUSD,SHORT,2026-04-23,2026-04-28,1.34655,1.35236,5,4,-0.03489,8,-0.004315,-0.006315,-0.007315,20.0,0.0,-0.003424,0,4,-0.005332,rotated_out_top8,False,0,daily
NZDUSD,SHORT,2026-04-10,2026-04-29,0.58361,0.58386,19,16,-0.03338,8,-0.000428,-0.002428,-0.003428,20.0,0.004249,-0.010401,2,11,-0.018574,rotated_out_top8,False,2,daily
AUDCHF,LONG,2026-04-28,2026-05-01,0.566993,0.562766,3,3,0.03218,8,-0.007455,-0.009455,-0.010455,20.0,0.006658,-0.021257,3,3,-0.007442,rotated_out_top8,False,0,daily
GBPCHF,SHORT,2026-04-29,2026-05-01,1.06627,1.061359,2,2,-0.03402,7,0.004606,0.002606,0.001606,20.0,0.0,0.0,0,0,0.0,rotated_out_top8,True,0,daily
GBPUSD,SHORT,2026-05-01,2026-05-04,1.35767,1.35308,3,2,-0.02578,8,0.003381,0.001381,0.000381,20.0,0.0,-0.000214,0,2,-0.000295,rotated_out_top8,True,0,daily
NZDUSD,SHORT,2026-05-01,2026-05-04,0.58959,0.58709,3,2,-0.04204,5,0.00424,0.00224,0.00124,20.0,0.0,-0.000153,0,2,-0.001408,rotated_out_top8,True,0,daily
NZDCAD,SHORT,2026-05-04,2026-05-05,0.799622,0.802751,1,1,-0.02571,7,-0.003912,-0.005912,-0.006912,20.0,0.0,0.0,0,0,0.0,rotated_out_top8,False,0,daily
CADCHF,SHORT,2026-05-05,2026-05-07,0.574386,0.571305,2,2,-0.0264,6,0.005363,0.003363,0.002363,20.0,0.0,0.0,0,0,0.0,rotated_out_top8,True,0,daily
GBPCHF,SHORT,2026-05-04,2026-05-08,1.060788,1.058363,4,4,-0.02293,8,0.002286,0.000286,-0.000714,20.0,0.0,0.0,0,0,0.0,rotated_out_top8,True,0,daily
CADCHF,SHORT,2026-05-08,2026-05-10,0.567713,0.568418,2,1,-0.02274,8,-0.001241,-0.003241,-0.004241,20.0,0.0,0.0,0,0,0.0,rotated_out_top8,False,0,daily
NZDUSD,SHORT,2026-05-10,2026-05-11,0.59488,0.59641,1,1,-0.03321,6,-0.002572,-0.004572,-0.005572,20.0,0.0,0.0,0,0,0.0,rotated_out_top8,False,0,daily
GBPCHF,SHORT,2026-05-11,2026-05-12,1.058591,1.05643,1,1,-0.02656,7,0.002042,4.2e-05,-0.000958,20.0,0.0,0.0,0,0,0.0,rotated_out_top8,True,0,daily
CADCHF,SHORT,2026-05-12,2026-05-13,0.569854,0.570341,1,1,-0.02506,7,-0.000856,-0.002856,-0.003856,20.0,0.0,0.0,0,0,0.0,rotated_out_top8,False,0,daily
EURCHF,SHORT,2026-05-13,2026-05-14,0.915703,0.914479,1,1,-0.02385,7,0.001336,-0.000664,-0.001664,20.0,0.0,0.0,0,0,0.0,rotated_out_top8,False,0,daily
GBPCHF,SHORT,2026-05-14,2026-05-15,1.050048,1.048338,1,1,-0.02364,8,0.001629,-0.000371,-0.001371,20.0,0.0,0.0,0,0,0.0,rotated_out_top8,False,0,daily
USDCHF,SHORT,2026-04-28,2026-05-18,0.78897,0.78446,20,17,-0.04121,5,0.005716,0.003716,0.002716,20.0,0.013866,0.0,11,0,-0.013828,rotated_out_top8,True,0,daily
EURCHF,SHORT,2026-05-15,2026-05-18,0.914635,0.914249,3,2,-0.02132,8,0.000422,-0.001578,-0.002578,20.0,0.0,0.0,0,0,0.0,rotated_out_top8,False,0,daily
AUDCHF,LONG,2026-05-18,2026-05-19,0.56245,0.560333,1,1,0.02346,7,-0.003764,-0.005764,-0.006764,20.0,0.006051,-0.007842,1,1,0.0,rotated_out_top8,False,0,daily
NZDUSD,SHORT,2026-05-18,2026-05-19,0.58727,0.58319,1,1,-0.01897,8,0.006947,0.004947,0.003947,20.0,0.0,0.0,0,0,0.0,rotated_out_top8,True,0,daily
USDCHF,SHORT,2026-05-19,2026-05-20,0.78879,0.78711,1,1,-0.02492,6,0.00213,0.00013,-0.00087,20.0,0.0,0.0,0,0,0.0,rotated_out_top8,True,0,daily
USDCAD,SHORT,2026-05-19,2026-05-20,1.37484,1.37478,1,1,-0.02201,7,4.4e-05,-0.001956,-0.002956,20.0,0.0,0.0,0,0,0.0,rotated_out_top8,False,0,daily
AUDCHF,LONG,2026-05-20,2026-05-21,0.562697,0.562166,1,1,0.01553,7,-0.000944,-0.002944,-0.003944,20.0,0.00793,-0.010476,1,1,0.0,rotated_out_top8,False,0,daily
NZDUSD,SHORT,2026-05-20,2026-05-21,0.58666,0.58769,1,1,-0.05212,2,-0.001756,-0.003756,-0.004756,20.0,0.0,0.0,0,0,0.0,rotated_out_top8,False,0,daily
USDCAD,SHORT,2026-05-21,2026-05-22,1.37759,1.38185,1,1,-0.01979,8,-0.003092,-0.005092,-0.006092,20.0,0.0,0.0,0,0,0.0,rotated_out_top8,False,0,daily
USDCHF,SHORT,2026-05-21,2026-05-25,0.78651,0.78322,4,3,-0.025,6,0.004183,0.002183,0.001183,20.0,0.002505,0.0,3,0,0.0,rotated_out_top8,True,0,daily
EURCHF,SHORT,2026-05-25,2026-05-26,0.911323,0.913608,1,1,-0.01978,8,-0.002507,-0.004507,-0.005507,20.0,0.0,0.0,0,0,0.0,rotated_out_top8,False,0,daily
NZDCHF,SHORT,2024-10-23,2026-05-27,0.520457,0.464089,581,498,-0.03645,7,0.108305,0.106305,0.105305,20.0,0.132896,-0.001393,334,17,-0.061078,rotated_out_top8,True,175,daily
NZDCAD,SHORT,2026-05-07,2026-05-27,0.811094,0.815522,20,17,-0.02626,7,-0.00546,-0.00746,-0.00846,20.0,0.008711,-0.00076,9,3,-0.010627,rotated_out_top8,False,0,daily
NZDUSD,SHORT,2026-05-22,2026-05-27,0.58491,0.58908,5,4,-0.01928,8,-0.007129,-0.009129,-0.010129,20.0,0.0,-0.001898,0,3,-0.003864,rotated_out_top8,False,0,daily
GBPCHF,SHORT,2026-05-27,2026-05-29,1.056908,1.05061,2,2,-0.01973,8,0.005958,0.003958,0.002958,20.0,0.0,0.0,0,0,0.0,rotated_out_top8,True,0,daily
CADCHF,SHORT,2026-05-29,2026-06-01,0.566001,0.568077,3,2,-0.02468,7,-0.003667,-0.005667,-0.006667,20.0,0.0,0.0,0,0,-0.00123,rotated_out_top8,False,0,daily
GBPCHF,SHORT,2026-06-01,2026-06-03,1.058264,1.062037,2,2,-0.01646,8,-0.003565,-0.005565,-0.006565,20.0,0.0,0.0,0,0,-0.002101,rotated_out_top8,False,0,daily
USDCAD,SHORT,2026-06-03,2026-06-04,1.38932,1.39067,1,1,-0.01746,8,-0.000972,-0.002972,-0.003972,20.0,0.0,0.0,0,0,0.0,rotated_out_top8,False,0,daily
AUDCAD,LONG,2026-02-26,2026-06-09,0.971255,0.980017,103,88,0.02225,8,0.009021,0.007021,0.006021,20.0,0.027676,-0.031372,84,10,-0.024186,rotated_out_top8,True,29,daily
USDCHF,SHORT,2026-05-27,2026-06-09,0.78782,0.7992,13,11,-0.02822,5,-0.014445,-0.016445,-0.017445,20.0,0.007451,-0.008708,4,11,-0.021947,rotated_out_top8,False,0,daily
AUDCHF,LONG,2026-05-26,2026-06-10,0.562968,0.559424,15,13,0.02565,7,-0.006296,-0.008296,-0.009296,20.0,0.011117,-0.016035,8,10,-0.008628,rotated_out_top8,False,0,daily
EURUSD,SHORT,2026-06-09,2026-06-10,1.15344,1.15348,1,1,-0.01448,7,-3.5e-05,-0.002035,-0.003035,20.0,0.0,0.0,0,0,0.0,rotated_out_top8,False,0,daily
NZDUSD,LONG,2026-06-10,2026-06-11,0.57927,0.58312,1,1,0.0137,8,0.006646,0.004646,0.003646,20.0,0.006784,-0.001347,1,1,0.0,rotated_out_top8,True,0,daily
USDCAD,SHORT,2026-06-09,2026-06-12,1.39528,1.39882,3,3,-0.01436,8,-0.002537,-0.004537,-0.005537,20.0,0.0,0.0,0,0,-0.001828,rotated_out_top8,False,0,daily
GBPCHF,SHORT,2026-06-04,2026-06-15,1.059181,1.065824,11,9,-0.01684,8,-0.006272,-0.008272,-0.009272,20.0,0.0,-0.004186,0,8,-0.009064,rotated_out_top8,False,0,daily
EURCHF,SHORT,2026-05-27,2026-06-16,0.915218,0.920807,20,17,-0.02401,7,-0.006107,-0.008107,-0.009107,20.0,0.003769,-0.003551,4,15,-0.013344,rotated_out_top8,False,0,daily
NZDCHF,SHORT,2026-06-12,2026-06-17,0.464874,0.461504,5,4,-0.01514,8,0.007249,0.005249,0.004249,20.0,0.0,0.0,0,0,0.0,rotated_out_top8,True,0,daily
GBPCHF,SHORT,2026-06-16,2026-06-17,1.064804,1.063205,1,1,-0.02165,8,0.001502,-0.000498,-0.001498,20.0,0.0,0.0,0,0,0.0,rotated_out_top8,False,0,daily
CADCHF,SHORT,2026-06-17,2026-06-18,0.566899,0.569197,1,1,-0.01732,8,-0.004053,-0.006053,-0.007053,20.0,0.0,0.0,0,0,0.0,rotated_out_top8,False,0,daily
GBPCHF,SHORT,2026-06-18,2026-06-22,1.062551,1.071305,4,3,-0.01718,7,-0.008238,-0.010238,-0.011238,20.0,0.0,-0.000481,0,3,-0.005353,rotated_out_top8,False,0,daily
USDCHF,SHORT,2026-06-10,2026-06-25,0.79992,0.81064,15,13,-0.02074,3,-0.013401,-0.015401,-0.016401,20.0,0.006301,-0.012064,5,13,-0.024277,rotated_out_top8,False,0,daily
USDCAD,SHORT,2026-06-22,2026-06-25,1.41583,1.42004,3,3,-0.01587,8,-0.002974,-0.004974,-0.005974,20.0,0.0,-0.003327,0,3,-0.005424,rotated_out_top8,False,0,daily
NZDUSD,LONG,2026-06-25,2026-06-26,0.56417,0.56379,1,1,0.01852,6,-0.000674,-0.002674,-0.003674,20.0,0.003368,-0.001507,1,1,0.0,rotated_out_top8,False,0,daily
EURCHF,SHORT,2026-06-17,2026-06-29,0.919818,0.922376,12,10,-0.01949,7,-0.002781,-0.004781,-0.005781,20.0,0.0,-0.00399,0,4,-0.006853,rotated_out_top8,False,0,daily
NZDCHF,LONG,2026-06-29,2026-06-30,0.456374,0.458843,1,1,0.01088,8,0.005411,0.003411,0.002411,20.0,0.004402,-0.0041,1,1,0.0,rotated_out_top8,True,0,daily
GBPUSD,SHORT,2026-06-26,2026-07-01,1.31968,1.32782,5,4,-0.01943,7,-0.006168,-0.008168,-0.009168,20.0,0.0,-0.001121,0,4,-0.004296,rotated_out_top8,False,0,daily
NZDUSD,LONG,2026-07-01,2026-07-02,0.56736,0.56914,1,1,0.01216,8,0.003137,0.001137,0.000137,20.0,0.002714,-0.002891,1,1,0.0,rotated_out_top8,True,0,daily
USDCHF,SHORT,2026-07-02,2026-07-06,0.80438,0.8051,4,3,-0.01471,8,-0.000895,-0.002895,-0.003895,20.0,0.00046,0.0,3,0,-0.000423,rotated_out_top8,False,0,daily
EURCHF,SHORT,2026-07-06,2026-07-07,0.921123,0.922284,1,1,-0.01582,8,-0.00126,-0.00326,-0.00426,20.0,0.0,0.0,0,0,0.0,rotated_out_top8,False,0,daily
EURUSD,SHORT,2026-06-25,2026-07-08,1.13612,1.14209,13,11,-0.01442,8,-0.005255,-0.007255,-0.008255,20.0,0.0,-0.006285,0,9,-0.007033,rotated_out_top8,False,0,daily
CADCHF,SHORT,2026-07-07,2026-07-09,0.569515,0.569298,2,2,-0.0214,8,0.000381,-0.001619,-0.002619,20.0,0.0,0.0,0,0,-0.001466,rotated_out_top8,False,0,daily
EURGBP,SHORT,2026-06-30,2026-07-10,0.861363,0.851826,10,9,-0.01471,7,0.011072,0.009072,0.008072,20.0,0.006596,0.0,9,0,-0.000294,rotated_out_top8,True,0,daily
NZDUSD,SHORT,2026-07-08,2026-07-14,0.57142,0.58117,6,5,-0.02125,8,-0.017063,-0.019063,-0.020063,20.0,0.0,-0.006755,0,3,-0.008628,rotated_out_top8,False,0,daily
CADCHF,SHORT,2026-07-10,2026-07-15,0.571177,0.573237,5,4,-0.02438,7,-0.003606,-0.005606,-0.006606,20.0,0.0,0.0,0,0,-0.008005,rotated_out_top8,False,0,daily
EURGBP,SHORT,2026-07-14,2026-07-19,0.852793,0.84992,5,4,-0.01921,8,0.003369,0.001369,0.000369,20.0,0.000167,0.0,3,0,-0.003554,rotated_out_top8,True,0,daily
CADCHF,SHORT,2026-07-19,2026-07-21,0.576656,0.576094,2,2,-0.02071,7,0.000976,-0.001024,-0.002024,20.0,0.0,0.0,0,0,0.0,rotated_out_top8,False,0,daily
EURGBP,SHORT,2026-07-21,2026-07-28,0.852262,0.856951,7,6,-0.01898,8,-0.005503,-0.007503,-0.008503,20.0,0.0,-0.000106,0,5,-0.003776,rotated_out_top8,False,0,daily
NZDUSD,SHORT,2026-07-15,2026-07-29,0.58465,0.5801,14,12,-0.03107,6,0.007782,0.005782,0.004782,20.0,0.008313,0.0,12,0,-0.004156,rotated_out_top8,True,0,daily
CADCHF,SHORT,2026-07-28,2026-07-30,0.580886,0.57508,2,2,-0.02224,8,0.009996,0.007996,0.006996,20.0,0.0,0.0,0,0,0.0,rotated_out_top8,True,0,daily
EURGBP,SHORT,2026-07-29,2026-07-30,0.857872,0.856062,1,1,-0.02089,7,0.002109,0.000109,-0.000891,20.0,0.0,0.0,0,0,0.0,rotated_out_top8,True,0,daily
NZDUSD,LONG,2026-07-30,2026-07-31,0.58738,0.58887,1,1,0.02502,7,0.002537,0.000537,-0.000463,20.0,0.001515,-0.013705,1,1,0.0,rotated_out_top8,True,0,daily
NZDCAD,LONG,2026-07-30,2026-08-03,0.822984,0.823858,4,3,0.02725,5,0.001062,-0.000938,-0.001938,20.0,0.006962,-0.015169,2,1,0.0,rotated_out_top8,False,0,daily
NZDCHF,LONG,2026-08-03,2026-08-04,0.475289,0.475293,1,1,0.02097,6,8e-06,-0.001992,-0.002992,20.0,0.008604,-0.00684,1,1,0.0,rotated_out_top8,False,0,daily
NZDUSD,LONG,2026-08-04,2026-08-06,0.58747,0.58668,2,2,0.01412,8,-0.001345,-0.003345,-0.004345,20.0,0.003575,-0.002655,1,2,0.0,rotated_out_top8,False,0,daily
NZDCHF,LONG,2026-08-06,2026-08-07,0.476601,0.476114,1,1,0.01253,8,-0.001023,-0.003023,-0.004023,20.0,0.006232,-0.00899,1,1,0.0,rotated_out_top8,False,0,daily
CADCHF,SHORT,2026-08-07,2026-08-10,0.579577,0.581186,3,2,-0.01278,8,-0.002776,-0.004776,-0.005776,20.0,0.0,0.0,0,0,0.0,rotated_out_top8,False,0,daily
NZDCHF,LONG,2026-08-10,2026-08-12,0.476691,0.476473,2,2,0.01239,8,-0.000456,-0.002456,-0.003456,20.0,0.003921,-0.005065,2,1,0.0,rotated_out_top8,False,0,daily
GBPUSD,SHORT,2026-08-12,2026-08-14,1.34968,1.35333,2,2,-0.01509,8,-0.002704,-0.004704,-0.005704,20.0,0.0,0.0,0,0,0.0,rotated_out_top8,False,0,daily
CADCHF,SHORT,2026-08-14,2026-08-19,0.586181,0.57765,5,4,-0.01458,8,0.014554,0.012554,0.011554,20.0,0.0,0.0,0,0,0.0,rotated_out_top8,True,0,daily
NZDUSD,SHORT,2026-08-19,2026-08-20,0.59346,0.59523,1,1,-0.02248,6,-0.002983,-0.004983,-0.005983,20.0,0.0,0.0,0,0,0.0,rotated_out_top8,False,0,daily
EURGBP,SHORT,2026-07-31,2026-08-21,0.85521,0.855783,21,18,-0.01915,8,-0.00067,-0.00267,-0.00367,20.0,0.0,-0.001112,0,8,-0.005031,rotated_out_top8,False,0,daily
BTCUSD,SHORT,2025-12-30,2026-08-24,88408.99,77043.24,237,238,-0.1,1,0.128559,0.126559,0.125559,20.0,0.319196,-0.075602,183,17,-0.223756,end_of_data,True,62,daily
AUDUSD,LONG,2026-01-27,2026-08-24,0.69963,0.71642,209,180,0.01578,8,0.023998,0.021998,0.020998,20.0,0.040136,-0.023355,86,54,-0.053185,end_of_data,True,53,daily
AUDNZD,LONG,2026-03-02,2026-08-24,1.194534,1.19935,175,151,0.02391,8,0.004032,0.002032,0.001032,20.0,0.041393,-0.023786,32,2,-0.029021,end_of_data,True,29,daily
AUDCAD,LONG,2026-06-11,2026-08-24,0.984628,0.988079,74,64,0.01699,7,0.003505,0.001505,0.000505,20.0,0.014751,-0.014181,6,42,-0.016036,end_of_data,True,0,daily
AUDCHF,LONG,2026-06-15,2026-08-24,0.561808,0.573365,70,61,0.02167,8,0.020572,0.018572,0.017572,20.0,0.031298,-0.018627,57,16,-0.017946,end_of_data,True,0,daily
EURUSD,SHORT,2026-07-09,2026-08-24,1.14329,1.16789,46,40,-0.02442,6,-0.021517,-0.023517,-0.024517,20.0,0.002913,-0.021289,15,40,-0.027832,end_of_data,False,0,daily
NZDCAD,LONG,2026-08-20,2026-08-24,0.82031,0.823845,4,4,0.02088,7,0.004309,0.002309,0.001309,20.0,0.006474,-0.005497,3,1,-0.000459,end_of_data,True,0,daily
NZDCHF,LONG,2026-08-21,2026-08-24,0.479027,0.478063,3,3,0.02618,7,-0.002013,-0.004013,-0.005013,20.0,0.002409,-0.00841,1,1,-0.002013,end_of_data,False,0,daily
